datetime;fast_tf;slow_tf;period;hma_value;fast_close;direction
2026-04-20 03:00:00;M1;5;21;4751,75560;4748,57000;DOWN
2026-04-20 03:02:00;M1;5;21;4749,02724;4750,90000;UP
2026-04-20 03:50:00;M1;5;21;4763,21455;4763,09000;DOWN
2026-04-20 03:57:00;M1;5;21;4767,05172;4768,63000;UP
2026-04-20 04:36:00;M1;5;21;4806,87776;4805,56000;DOWN
2026-04-20 04:56:00;M1;5;34;4811,13098;4809,84000;DOWN
2026-04-20 05:52:00;M1;5;21;4796,32625;4796,80000;UP
2026-04-20 05:56:00;M1;5;21;4795,26079;4793,69000;DOWN
2026-04-20 06:01:00;M1;5;21;4794,45284;4795,07000;UP
2026-04-20 06:10:00;M1;5;21;4793,69852;4792,10000;DOWN
2026-04-20 06:16:00;M1;5;21;4791,85965;4792,23000;UP
2026-04-20 06:25:00;M1;5;34;4795,55432;4795,61000;UP
2026-04-20 06:27:00;M1;5;34;4794,35985;4793,96000;DOWN
2026-04-20 06:31:00;M1;5;34;4793,33299;4795,79000;UP
2026-04-20 06:33:00;M1;5;21;4791,55051;4791,29000;DOWN
2026-04-20 06:38:00;M1;5;21;4791,76420;4792,50000;UP
2026-04-20 06:36:00;M1;5;34;4792,57023;4791,37000;DOWN
2026-04-20 06:41:00;M1;5;34;4791,97947;4794,66000;UP
2026-04-20 06:47:00;M1;5;21;4791,94127;4791,78000;DOWN
2026-04-20 06:51:00;M1;5;21;4791,83352;4794,21000;UP
2026-04-20 06:56:00;M1;5;21;4791,59198;4790,73000;DOWN
2026-04-20 07:01:00;M1;5;21;4791,58549;4791,81000;UP
2026-04-20 07:21:00;M1;5;21;4792,63137;4792,34000;DOWN
2026-04-20 07:26:00;M1;5;21;4793,00094;4793,55000;UP
2026-04-20 07:31:00;M1;5;55;4793,43036;4791,83000;DOWN
2026-04-20 07:47:00;M1;5;21;4791,21075;4792,29000;UP
2026-04-20 07:51:00;M1;5;55;4791,03848;4788,74000;DOWN
2026-04-20 08:00:00;M1;5;21;4789,97237;4790,92000;UP
2026-04-20 08:01:00;M1;5;55;4790,03487;4789,41000;DOWN
2026-04-20 08:16:00;M1;5;21;4787,35694;4787,59000;UP
2026-04-20 08:21:00;M1;5;55;4788,15112;4786,56000;DOWN
2026-04-20 08:27:00;M1;5;21;4786,63574;4786,74000;UP
2026-04-20 08:42:00;M1;5;55;4787,35256;4784,44000;DOWN
2026-04-20 08:54:00;M1;5;21;4787,51361;4790,61000;UP
2026-04-20 09:00:00;M1;5;21;4787,82592;4787,41000;DOWN
2026-04-20 09:01:00;M1;5;21;4788,48488;4788,59000;UP
2026-04-20 09:06:00;M1;5;89;4791,28879;4789,48000;DOWN
2026-04-20 09:11:00;M1;5;89;4790,95452;4791,06000;UP
2026-04-20 09:15:00;M1;5;21;4789,90904;4789,14000;DOWN
2026-04-20 09:16:00;M1;5;89;4790,61446;4788,19000;DOWN
2026-04-20 09:30:00;M1;5;21;4789,11944;4791,48000;UP
2026-04-20 09:31:00;M1;5;89;4789,57898;4788,40000;DOWN
2026-04-20 09:36:00;M1;5;21;4788,51614;4789,61000;UP
2026-04-20 09:41:00;M1;5;89;4788,99128;4788,70000;DOWN
2026-04-20 09:47:00;M1;5;55;4787,31064;4786,42000;DOWN
2026-04-20 09:55:00;M1;5;21;4788,20386;4788,92000;UP
2026-04-20 10:16:00;M1;5;21;4796,12814;4796,01000;DOWN
2026-04-20 10:21:00;M1;5;21;4798,40753;4804,30000;UP
2026-04-20 10:30:00;M1;5;34;4795,89245;4793,74000;DOWN
2026-04-20 10:33:00;M1;5;55;4793,22729;4792,35000;DOWN
2026-04-20 10:38:00;M1;5;55;4794,00483;4796,00000;UP
2026-04-20 10:50:00;M1;5;89;4791,26671;4790,94000;DOWN
2026-04-20 10:51:00;M1;5;89;4791,50334;4792,96000;UP
2026-04-20 10:56:00;M1;5;89;4791,65420;4788,65000;DOWN
2026-04-20 11:11:00;M1;5;21;4789,61001;4790,70000;UP
2026-04-20 11:16:00;M1;5;21;4788,23852;4787,03000;DOWN
2026-04-20 11:21:00;M1;5;21;4787,29813;4789,08000;UP
2026-04-20 11:29:00;M1;5;34;4791,74582;4792,07000;UP
2026-04-20 11:31:00;M1;5;89;4791,44469;4790,04000;DOWN
2026-04-20 11:41:00;M1;5;34;4789,78917;4791,16000;UP
2026-04-20 12:11:00;M1;5;21;4795,50211;4794,68000;DOWN
2026-04-20 12:18:00;M1;5;55;4793,31836;4793,15000;DOWN
2026-04-20 12:21:00;M1;5;55;4793,37151;4795,23000;UP
2026-04-20 12:27:00;M1;5;89;4793,30777;4792,69000;DOWN
2026-04-20 12:44:00;M1;5;21;4791,95956;4791,99000;UP
2026-04-20 12:46:00;M1;5;34;4792,67092;4793,53000;UP
2026-04-20 12:54:00;M1;5;89;4793,27364;4792,04000;DOWN
2026-04-20 12:58:00;M1;5;21;4791,10393;4793,23000;UP
2026-04-20 13:02:00;M1;5;89;4793,17964;4793,30000;UP
2026-04-20 13:03:00;M1;5;55;4792,00239;4790,84000;DOWN
2026-04-20 13:06:00;M1;5;21;4791,49597;4794,59000;UP
2026-04-20 13:33:00;M1;5;21;4797,96297;4797,48000;DOWN
2026-04-20 13:44:00;M1;5;55;4795,24174;4795,02000;DOWN
2026-04-20 13:48:00;M1;5;55;4795,55089;4795,82000;UP
2026-04-20 13:51:00;M1;5;89;4794,88125;4794,52000;DOWN
2026-04-20 13:56:00;M1;5;55;4795,97941;4796,54000;UP
2026-04-20 14:01:00;M1;5;89;4795,07798;4792,22000;DOWN
2026-04-20 14:26:00;M1;5;21;4789,44702;4789,86000;UP
2026-04-20 14:41:00;M1;5;34;4791,01485;4792,42000;UP
2026-04-20 15:06:00;M1;5;21;4804,77131;4803,45000;DOWN
2026-04-20 15:11:00;M1;5;21;4808,13745;4811,32000;UP
2026-04-20 15:16:00;M1;5;21;4811,36358;4810,99000;DOWN
2026-04-20 15:21:00;M1;5;21;4814,17249;4820,88000;UP
2026-04-20 15:27:00;M1;5;34;4807,42203;4803,97000;DOWN
2026-04-20 15:36:00;M1;5;55;4804,61494;4802,77000;DOWN
2026-04-20 15:42:00;M1;5;55;4805,41715;4806,12000;UP
2026-04-20 15:50:00;M1;5;55;4806,11337;4805,90000;DOWN
2026-04-20 15:52:00;M1;5;89;4802,95335;4801,84000;DOWN
2026-04-20 16:05:00;M1;5;89;4803,84993;4805,30000;UP
2026-04-20 16:06:00;M1;5;21;4805,42460;4808,59000;UP
2026-04-20 16:38:00;M1;5;21;4818,94693;4817,88000;DOWN
2026-04-20 16:43:00;M1;5;21;4821,28952;4821,99000;UP
2026-04-20 16:46:00;M1;5;21;4822,94784;4819,71000;DOWN
2026-04-20 16:51:00;M1;5;55;4818,79999;4818,01000;DOWN
2026-04-20 16:56:00;M1;5;34;4820,74354;4822,08000;UP
2026-04-20 17:01:00;M1;5;89;4814,82939;4813,51000;DOWN
2026-04-20 17:06:00;M1;5;89;4815,67300;4816,77000;UP
2026-04-20 17:11:00;M1;5;89;4816,43497;4808,70000;DOWN
2026-04-20 17:17:00;M1;5;89;4817,13511;4817,60000;UP
2026-04-20 17:21:00;M1;5;21;4819,28668;4820,80000;UP
2026-04-20 17:34:00;M1;5;89;4819,43266;4818,28000;DOWN
2026-04-20 18:18:00;M1;5;21;4799,09372;4799,63000;UP
2026-04-20 18:25:00;M1;5;34;4804,80877;4806,71000;UP
2026-04-20 18:45:00;M1;5;34;4800,20058;4798,23000;DOWN
2026-04-20 18:46:00;M1;5;21;4798,50873;4799,59000;UP
2026-04-20 18:51:00;M1;5;34;4797,93246;4797,79000;DOWN
2026-04-20 18:56:00;M1;5;21;4798,24552;4799,17000;UP
2026-04-20 19:04:00;M1;5;34;4795,97213;4794,82000;DOWN
2026-04-20 19:09:00;M1;5;21;4797,24150;4797,74000;UP
2026-04-20 19:20:00;M1;5;55;4798,65017;4799,07000;UP
2026-04-20 19:17:00;M1;5;21;4796,35445;4795,30000;DOWN
2026-04-20 19:21:00;M1;5;21;4796,09510;4798,98000;UP
2026-04-20 19:22:00;M1;5;55;4797,60449;4796,83000;DOWN
2026-04-20 19:26:00;M1;5;55;4796,77102;4799,67000;UP
2026-04-20 19:51:00;M1;5;89;4803,49467;4804,43000;UP
2026-04-20 20:16:00;M1;5;21;4808,91788;4808,36000;DOWN
2026-04-20 20:23:00;M1;5;21;4809,85828;4810,68000;UP
2026-04-20 20:28:00;M1;5;34;4806,92619;4806,76000;DOWN
2026-04-20 20:31:00;M1;5;34;4807,81783;4810,36000;UP
2026-04-20 20:37:00;M1;5;34;4808,64646;4808,49000;DOWN
2026-04-20 20:41:00;M1;5;34;4809,38178;4809,84000;UP
2026-04-20 20:46:00;M1;5;34;4809,98956;4808,61000;DOWN
2026-04-20 21:01:00;M1;5;21;4809,99717;4810,13000;UP
2026-04-20 21:11:00;M1;5;34;4812,14482;4811,97000;DOWN
2026-04-20 21:16:00;M1;5;34;4812,79114;4814,32000;UP
2026-04-20 21:21:00;M1;5;34;4813,39014;4813,05000;DOWN
2026-04-20 21:34:00;M1;5;21;4814,59495;4814,89000;UP
2026-04-20 21:36:00;M1;5;55;4812,76684;4811,23000;DOWN
2026-04-20 21:42:00;M1;5;34;4814,82158;4815,11000;UP
2026-04-20 21:46:00;M1;5;21;4815,40008;4815,42000;UP
2026-04-20 21:49:00;M1;5;34;4815,10269;4814,96000;DOWN
2026-04-20 21:51:00;M1;5;34;4815,39340;4816,36000;UP
2026-04-20 21:53:00;M1;5;21;4815,58671;4815,44000;DOWN
2026-04-20 22:00:00;M1;5;21;4815,60337;4817,86000;UP
2026-04-20 21:56:00;M1;5;55;4815,19802;4815,06000;DOWN
2026-04-20 22:01:00;M1;5;34;4815,99864;4818,63000;UP
2026-04-20 22:20:00;M1;5;55;4817,57430;4817,41000;DOWN
2026-04-20 22:21:00;M1;5;34;4818,58570;4818,92000;UP
2026-04-20 22:26:00;M1;5;55;4818,66358;4817,22000;DOWN
2026-04-20 22:35:00;M1;5;89;4813,76937;4812,61000;DOWN
2026-04-20 22:59:00;M1;5;21;4813,06633;4814,17000;UP
2026-04-20 23:02:00;M1;5;34;4815,56002;4815,93000;UP
2026-04-20 23:01:00;M1;5;89;4816,02771;4815,33000;DOWN
2026-04-20 23:07:00;M1;5;34;4815,20593;4814,98000;DOWN
2026-04-20 23:22:00;M1;5;34;4814,23271;4814,36000;UP
2026-04-20 23:26:00;M1;5;55;4816,83286;4817,02000;UP
2026-04-20 23:31:00;M1;5;89;4817,05090;4816,43000;DOWN
2026-04-20 23:36:00;M1;5;21;4814,28962;4814,10000;DOWN
2026-04-20 23:41:00;M1;5;21;4814,86688;4815,27000;UP
2026-04-20 23:50:00;M1;5;89;4817,48372;4818,61000;UP
2026-04-21 01:30:00;M1;5;34;4825,92630;4825,66000;DOWN
2026-04-21 01:34:00;M1;5;34;4827,43547;4827,80000;UP
2026-04-21 01:37:00;M1;5;34;4828,72964;4828,30000;DOWN
2026-04-21 01:42:00;M1;5;34;4829,90777;4830,12000;UP
2026-04-21 01:46:00;M1;5;34;4830,91404;4830,89000;DOWN
2026-04-21 01:55:00;M1;5;55;4827,09301;4826,53000;DOWN
2026-04-21 02:00:00;M1;5;55;4827,91828;4830,02000;UP
2026-04-21 02:04:00;M1;5;89;4826,36662;4826,32000;DOWN
2026-04-21 02:25:00;M1;5;21;4826,26124;4826,37000;UP
2026-04-21 02:26:00;M1;5;21;4825,57974;4825,18000;DOWN
2026-04-21 02:38:00;M1;5;21;4824,34002;4824,71000;UP
2026-04-21 02:41:00;M1;5;21;4823,90724;4823,82000;DOWN
2026-04-21 03:00:00;M1;5;21;4821,89287;4824,31000;UP
2026-04-21 03:04:00;M1;5;34;4823,83415;4824,38000;UP
2026-04-21 03:09:00;M1;5;55;4828,23565;4828,31000;UP
2026-04-21 03:11:00;M1;5;89;4828,61888;4828,20000;DOWN
2026-04-21 03:16:00;M1;5;55;4827,80231;4829,14000;UP
2026-04-21 03:21:00;M1;5;89;4828,85464;4826,76000;DOWN
2026-04-21 03:41:00;M1;5;21;4822,53406;4823,87000;UP
2026-04-21 03:48:00;M1;5;55;4824,95814;4825,79000;UP
2026-04-21 03:46:00;M1;5;21;4822,31298;4822,18000;DOWN
2026-04-21 03:51:00;M1;5;21;4822,33338;4825,29000;UP
2026-04-21 03:52:00;M1;5;55;4824,50867;4823,62000;DOWN
2026-04-21 03:56:00;M1;5;55;4824,14857;4825,72000;UP
2026-04-21 04:00:00;M1;5;34;4822,30246;4821,86000;DOWN
2026-04-21 04:01:00;M1;5;21;4821,91454;4822,22000;UP
2026-04-21 04:01:00;M1;5;55;4823,72867;4822,22000;DOWN
2026-04-21 04:06:00;M1;5;34;4821,85310;4817,30000;DOWN
2026-04-21 04:28:00;M1;5;21;4817,18666;4817,28000;UP
2026-04-21 04:33:00;M1;5;34;4818,20548;4818,21000;UP
2026-04-21 04:32:00;M1;5;21;4816,73440;4816,70000;DOWN
2026-04-21 04:36:00;M1;5;21;4815,87348;4818,22000;UP
2026-04-21 04:37:00;M1;5;34;4817,43855;4815,96000;DOWN
2026-04-21 04:41:00;M1;5;21;4814,86385;4811,96000;DOWN
2026-04-21 05:06:00;M1;5;21;4808,75394;4808,82000;UP
2026-04-21 05:13:00;M1;5;21;4807,51090;4807,11000;DOWN
2026-04-21 05:16:00;M1;5;21;4806,40347;4808,09000;UP
2026-04-21 05:21:00;M1;5;21;4805,44877;4804,59000;DOWN
2026-04-21 05:26:00;M1;5;21;4804,88809;4807,06000;UP
2026-04-21 05:31:00;M1;5;34;4805,58634;4803,57000;DOWN
2026-04-21 05:36:00;M1;5;21;4803,84699;4804,03000;UP
2026-04-21 05:45:00;M1;5;55;4806,71274;4806,76000;UP
2026-04-21 05:47:00;M1;5;55;4805,86647;4804,37000;DOWN
2026-04-21 05:53:00;M1;5;55;4805,12124;4805,47000;UP
2026-04-21 06:08:00;M1;5;55;4803,41851;4802,95000;DOWN
2026-04-21 06:31:00;M1;5;21;4798,29272;4799,35000;UP
2026-04-21 06:36:00;M1;5;34;4798,23693;4797,63000;DOWN
2026-04-21 06:46:00;M1;5;21;4794,46850;4794,65000;UP
2026-04-21 06:51:00;M1;5;34;4795,63201;4797,06000;UP
2026-04-21 07:10:00;M1;5;55;4794,13887;4793,96000;DOWN
2026-04-21 07:11:00;M1;5;34;4793,61884;4794,69000;UP
2026-04-21 07:19:00;M1;5;55;4793,11576;4793,01000;DOWN
2026-04-21 07:21:00;M1;5;21;4793,06836;4794,93000;UP
2026-04-21 07:27:00;M1;5;89;4794,16358;4794,66000;UP
2026-04-21 07:30:00;M1;5;55;4792,05074;4790,42000;DOWN
2026-04-21 07:35:00;M1;5;21;4792,19614;4792,41000;UP
2026-04-21 07:31:00;M1;5;89;4793,39799;4790,56000;DOWN
2026-04-21 07:36:00;M1;5;89;4792,67057;4792,84000;UP
2026-04-21 07:44:00;M1;5;89;4791,96782;4791,64000;DOWN
2026-04-21 07:46:00;M1;5;89;4791,27132;4792,67000;UP
2026-04-21 07:48:00;M1;5;55;4790,05578;4789,56000;DOWN
2026-04-21 07:51:00;M1;5;34;4790,16179;4790,23000;UP
2026-04-21 07:51:00;M1;5;89;4790,59374;4790,23000;DOWN
2026-04-21 07:56:00;M1;5;21;4789,78947;4789,97000;UP
2026-04-21 07:59:00;M1;5;55;4789,06247;4789,00000;DOWN
2026-04-21 08:04:00;M1;5;34;4789,39294;4790,85000;UP
2026-04-21 08:01:00;M1;5;89;4789,30856;4786,54000;DOWN
2026-04-21 08:06:00;M1;5;21;4789,11541;4790,76000;UP
2026-04-21 08:12:00;M1;5;89;4788,16821;4787,98000;DOWN
2026-04-21 08:16:00;M1;5;21;4788,72004;4789,52000;UP
2026-04-21 08:23:00;M1;5;89;4787,15233;4786,84000;DOWN
2026-04-21 08:26:00;M1;5;21;4788,23843;4788,77000;UP
2026-04-21 08:49:00;M1;5;21;4791,67886;4790,66000;DOWN
2026-04-21 08:51:00;M1;5;55;4787,43848;4786,59000;DOWN
2026-04-21 08:58:00;M1;5;89;4785,36119;4785,36000;DOWN
2026-04-21 09:10:00;M1;5;21;4788,33908;4788,39000;UP
2026-04-21 09:11:00;M1;5;34;4787,75905;4790,60000;UP
2026-04-21 09:13:00;M1;5;89;4784,47942;4784,32000;DOWN
2026-04-21 09:17:00;M1;5;89;4784,07932;4784,42000;UP
2026-04-21 09:16:00;M1;5;34;4786,90517;4782,71000;DOWN
2026-04-21 09:21:00;M1;5;89;4783,62584;4781,16000;DOWN
2026-04-21 09:31:00;M1;5;21;4780,09765;4780,89000;UP
2026-04-21 09:36:00;M1;5;21;4778,53645;4778,36000;DOWN
2026-04-21 09:41:00;M1;5;21;4777,58204;4778,13000;UP
2026-04-21 09:46:00;M1;5;55;4781,72493;4782,71000;UP
2026-04-21 09:47:00;M1;5;34;4780,13573;4779,86000;DOWN
2026-04-21 09:51:00;M1;5;89;4780,22997;4775,09000;DOWN
2026-04-21 09:56:00;M1;5;21;4775,76909;4778,91000;UP
2026-04-21 10:02:00;M1;5;34;4776,94359;4774,36000;DOWN
2026-04-21 10:06:00;M1;5;21;4775,29571;4779,14000;UP
2026-04-21 10:32:00;M1;5;21;4781,79214;4781,66000;DOWN
2026-04-21 10:36:00;M1;5;21;4782,52969;4784,13000;UP
2026-04-21 10:41:00;M1;5;21;4783,53658;4782,40000;DOWN
2026-04-21 10:46:00;M1;5;21;4785,06821;4788,47000;UP
2026-04-21 10:57:00;M1;5;21;4787,75031;4786,03000;DOWN
2026-04-21 11:07:00;M1;5;55;4780,35800;4778,93000;DOWN
2026-04-21 11:11:00;M1;5;89;4778,23513;4775,89000;DOWN
2026-04-21 11:20:00;M1;5;21;4784,79556;4785,84000;UP
2026-04-21 11:32:00;M1;5;34;4785,48573;4784,90000;DOWN
2026-04-21 11:36:00;M1;5;34;4786,06892;4786,38000;UP
2026-04-21 11:52:00;M1;5;34;4788,10256;4786,91000;DOWN
2026-04-21 12:00:00;M1;5;55;4785,51584;4785,33000;DOWN
2026-04-21 12:06:00;M1;5;55;4786,50034;4786,70000;UP
2026-04-21 12:11:00;M1;5;55;4786,78890;4785,67000;DOWN
2026-04-21 12:18:00;M1;5;55;4787,02296;4787,21000;UP
2026-04-21 12:21:00;M1;5;55;4787,17494;4785,15000;DOWN
2026-04-21 12:27:00;M1;5;89;4782,41026;4781,75000;DOWN
2026-04-21 12:31:00;M1;5;89;4782,61461;4783,74000;UP
2026-04-21 12:41:00;M1;5;21;4784,16345;4784,94000;UP
2026-04-21 12:46:00;M1;5;55;4786,91590;4785,70000;DOWN
2026-04-21 12:51:00;M1;5;21;4784,47641;4786,77000;UP
2026-04-21 12:59:00;M1;5;89;4783,72258;4783,65000;DOWN
2026-04-21 13:01:00;M1;5;21;4784,44427;4785,19000;UP
2026-04-21 13:07:00;M1;5;34;4784,99367;4785,42000;UP
2026-04-21 13:10:00;M1;5;21;4784,39891;4784,38000;DOWN
2026-04-21 13:11:00;M1;5;21;4784,18781;4784,85000;UP
2026-04-21 13:13:00;M1;5;89;4784,28850;4783,71000;DOWN
2026-04-21 13:16:00;M1;5;21;4783,94856;4782,65000;DOWN
2026-04-21 13:21:00;M1;5;21;4783,61124;4783,74000;UP
2026-04-21 13:26:00;M1;5;34;4783,58662;4783,55000;DOWN
2026-04-21 13:31:00;M1;5;21;4783,09605;4785,35000;UP
2026-04-21 14:03:00;M1;5;21;4787,69758;4786,92000;DOWN
2026-04-21 14:06:00;M1;5;21;4787,56511;4788,05000;UP
2026-04-21 14:08:00;M1;5;89;4785,56166;4785,43000;DOWN
2026-04-21 14:11:00;M1;5;21;4786,81791;4781,39000;DOWN
2026-04-21 14:30:00;M1;5;21;4783,68401;4786,98000;UP
2026-04-21 15:04:00;M1;5;21;4793,53226;4793,43000;DOWN
2026-04-21 15:09:00;M1;5;21;4795,11595;4795,62000;UP
2026-04-21 15:14:00;M1;5;34;4792,18030;4791,14000;DOWN
2026-04-21 15:18:00;M1;5;89;4788,16150;4786,97000;DOWN
2026-04-21 15:36:00;M1;5;21;4786,21667;4789,56000;UP
2026-04-21 15:41:00;M1;5;89;4788,08840;4781,17000;DOWN
2026-04-21 15:47:00;M1;5;21;4781,31103;4782,13000;UP
2026-04-21 15:57:00;M1;5;21;4777,64508;4777,26000;DOWN
2026-04-21 16:01:00;M1;5;21;4776,63754;4779,68000;UP
2026-04-21 16:06:00;M1;5;34;4780,62597;4771,90000;DOWN
2026-04-21 16:17:00;M1;5;21;4770,10550;4770,62000;UP
2026-04-21 16:27:00;M1;5;34;4771,53101;4771,85000;UP
2026-04-21 16:31:00;M1;5;55;4777,55440;4780,78000;UP
2026-04-21 16:39:00;M1;5;89;4781,11783;4784,42000;UP
2026-04-21 16:36:00;M1;5;55;4776,70713;4773,89000;DOWN
2026-04-21 16:41:00;M1;5;55;4776,34224;4787,82000;UP
2026-04-21 16:59:00;M1;5;89;4780,37869;4779,06000;DOWN
2026-04-21 17:01:00;M1;5;34;4777,26885;4779,07000;UP
2026-04-21 17:07:00;M1;5;89;4780,31980;4779,73000;DOWN
2026-04-21 17:11:00;M1;5;34;4778,79238;4779,81000;UP
2026-04-21 17:20:00;M1;5;55;4777,01747;4774,51000;DOWN
2026-04-21 18:07:00;M1;5;21;4732,08137;4737,20000;UP
2026-04-21 18:11:00;M1;5;34;4744,25347;4746,85000;UP
2026-04-21 18:19:00;M1;5;55;4752,65393;4755,48000;UP
2026-04-21 18:23:00;M1;5;55;4750,69468;4750,09000;DOWN
2026-04-21 18:42:00;M1;5;55;4743,76296;4743,99000;UP
2026-04-21 18:41:00;M1;5;21;4741,18913;4739,46000;DOWN
2026-04-21 18:46:00;M1;5;21;4742,85769;4746,48000;UP
2026-04-21 18:53:00;M1;5;55;4740,66599;4740,28000;DOWN
2026-04-21 18:56:00;M1;5;55;4739,15307;4741,11000;UP
2026-04-21 19:02:00;M1;5;21;4743,18334;4744,34000;UP
2026-04-21 19:09:00;M1;5;55;4736,25553;4735,15000;DOWN
2026-04-21 19:17:00;M1;5;55;4733,14217;4733,75000;UP
2026-04-21 19:21:00;M1;5;55;4731,60963;4730,85000;DOWN
2026-04-21 19:41:00;M1;5;21;4722,01597;4724,35000;UP
2026-04-21 19:47:00;M1;5;21;4719,86746;4719,71000;DOWN
2026-04-21 20:01:00;M1;5;21;4711,46906;4717,38000;UP
2026-04-21 20:06:00;M1;5;34;4714,50691;4710,25000;DOWN
2026-04-21 20:16:00;M1;5;21;4704,71433;4707,38000;UP
2026-04-21 20:21:00;M1;5;21;4702,42344;4702,06000;DOWN
2026-04-21 20:31:00;M1;5;21;4698,82493;4701,54000;UP
2026-04-21 20:41:00;M1;5;89;4707,75470;4710,28000;UP
2026-04-21 21:09:00;M1;5;21;4708,92063;4708,39000;DOWN
2026-04-21 21:16:00;M1;5;89;4699,30028;4699,02000;DOWN
2026-04-21 21:30:00;M1;5;55;4696,65799;4698,36000;UP
2026-04-21 21:31:00;M1;5;21;4700,52648;4701,07000;UP
2026-04-21 21:52:00;M1;5;34;4699,94454;4699,93000;DOWN
2026-04-21 21:56:00;M1;5;34;4700,62517;4705,46000;UP
2026-04-21 22:17:00;M1;5;21;4708,20755;4707,82000;DOWN
2026-04-21 22:21:00;M1;5;21;4709,73893;4709,82000;UP
2026-04-21 22:27:00;M1;5;21;4711,35140;4710,45000;DOWN
2026-04-21 22:31:00;M1;5;21;4712,52659;4713,06000;UP
2026-04-21 22:35:00;M1;5;34;4707,39767;4705,82000;DOWN
2026-04-21 22:38:00;M1;5;55;4701,65656;4700,57000;DOWN
2026-04-21 22:41:00;M1;5;89;4692,05559;4690,47000;DOWN
2026-04-21 23:09:00;M1;5;21;4678,01970;4679,65000;UP
2026-04-21 23:46:00;M1;5;21;4710,87949;4710,21000;DOWN
2026-04-21 23:52:00;M1;5;21;4715,22126;4718,00000;UP
2026-04-21 23:56:00;M1;5;21;4718,82717;4718,10000;DOWN
2026-04-22 01:01:00;M1;5;21;4722,25201;4724,03000;UP
2026-04-22 01:06:00;M1;5;21;4724,70671;4722,71000;DOWN
2026-04-22 01:21:00;M1;5;34;4720,95314;4718,44000;DOWN
2026-04-22 01:50:00;M1;5;55;4716,60427;4715,83000;DOWN
2026-04-22 01:54:00;M1;5;55;4717,91643;4718,78000;UP
2026-04-22 01:56:00;M1;5;21;4719,24491;4719,66000;UP
2026-04-22 01:57:00;M1;5;55;4719,22889;4717,87000;DOWN
2026-04-22 02:01:00;M1;5;55;4720,54792;4721,63000;UP
2026-04-22 02:09:00;M1;5;34;4725,11514;4725,14000;UP
2026-04-22 02:11:00;M1;5;34;4725,43412;4725,33000;DOWN
2026-04-22 02:16:00;M1;5;34;4726,11242;4727,45000;UP
2026-04-22 02:38:00;M1;5;55;4730,38410;4730,01000;DOWN
2026-04-22 02:45:00;M1;5;21;4733,44896;4734,68000;UP
2026-04-22 02:42:00;M1;5;34;4730,66980;4730,24000;DOWN
2026-04-22 02:46:00;M1;5;34;4731,82603;4735,85000;UP
2026-04-22 02:48:00;M1;5;21;4735,04636;4734,09000;DOWN
2026-04-22 02:51:00;M1;5;21;4736,78141;4738,71000;UP
2026-04-22 02:56:00;M1;5;21;4738,32925;4737,94000;DOWN
2026-04-22 03:01:00;M1;5;21;4740,08309;4742,80000;UP
2026-04-22 03:06:00;M1;5;21;4741,89198;4741,39000;DOWN
2026-04-22 03:11:00;M1;5;21;4743,46615;4745,89000;UP
2026-04-22 03:16:00;M1;5;21;4744,84017;4742,96000;DOWN
2026-04-22 03:23:00;M1;5;34;4743,56997;4742,95000;DOWN
2026-04-22 03:28:00;M1;5;55;4742,61455;4741,71000;DOWN
2026-04-22 03:31:00;M1;5;21;4746,55085;4746,85000;UP
2026-04-22 03:36:00;M1;5;55;4744,89831;4743,38000;DOWN
2026-04-22 03:52:00;M1;5;89;4742,73193;4742,17000;DOWN
2026-04-22 04:03:00;M1;5;21;4743,43252;4743,46000;UP
2026-04-22 04:06:00;M1;5;21;4742,26649;4739,30000;DOWN
2026-04-22 04:16:00;M1;5;21;4740,23736;4742,15000;UP
2026-04-22 04:21:00;M1;5;34;4744,44499;4744,47000;UP
2026-04-22 04:26:00;M1;5;89;4747,77986;4745,79000;DOWN
2026-04-22 04:31:00;M1;5;55;4748,46652;4749,54000;UP
2026-04-22 04:43:00;M1;5;89;4749,69713;4749,57000;DOWN
2026-04-22 04:46:00;M1;5;55;4749,71608;4749,95000;UP
2026-04-22 04:59:00;M1;5;21;4752,37034;4752,19000;DOWN
2026-04-22 05:01:00;M1;5;89;4752,84693;4752,53000;DOWN
2026-04-22 05:10:00;M1;5;21;4754,92445;4755,02000;UP
2026-04-22 05:11:00;M1;5;21;4755,83881;4755,61000;DOWN
2026-04-22 05:19:00;M1;5;21;4756,83080;4757,66000;UP
2026-04-22 05:16:00;M1;5;89;4755,25235;4753,93000;DOWN
2026-04-22 05:21:00;M1;5;89;4756,03799;4757,89000;UP
2026-04-22 05:22:00;M1;5;21;4757,53401;4757,05000;DOWN
2026-04-22 05:26:00;M1;5;89;4756,78859;4755,43000;DOWN
2026-04-22 05:31:00;M1;5;34;4756,74448;4756,75000;UP
2026-04-22 05:36:00;M1;5;89;4758,13768;4756,20000;DOWN
2026-04-22 05:55:00;M1;5;21;4755,49435;4756,75000;UP
2026-04-22 05:57:00;M1;5;21;4755,11517;4754,22000;DOWN
2026-04-22 06:03:00;M1;5;21;4755,34303;4755,57000;UP
2026-04-22 06:10:00;M1;5;55;4758,15532;4758,05000;DOWN
2026-04-22 06:12:00;M1;5;34;4758,26698;4758,25000;DOWN
2026-04-22 06:16:00;M1;5;34;4758,57286;4759,37000;UP
2026-04-22 06:21:00;M1;5;55;4759,62979;4758,79000;DOWN
2026-04-22 06:26:00;M1;5;34;4759,41033;4761,22000;UP
2026-04-22 06:34:00;M1;5;89;4762,42383;4761,15000;DOWN
2026-04-22 06:36:00;M1;5;55;4761,20288;4760,87000;DOWN
2026-04-22 07:31:00;M1;5;21;4756,26461;4756,55000;UP
2026-04-22 07:36:00;M1;5;21;4755,49740;4755,03000;DOWN
2026-04-22 07:42:00;M1;5;21;4755,03105;4755,44000;UP
2026-04-22 07:50:00;M1;5;34;4756,86369;4755,64000;DOWN
2026-04-22 07:52:00;M1;5;21;4754,87072;4754,56000;DOWN
2026-04-22 08:01:00;M1;5;21;4754,37988;4754,40000;UP
2026-04-22 08:09:00;M1;5;34;4755,12386;4755,69000;UP
2026-04-22 08:06:00;M1;5;21;4754,21134;4753,54000;DOWN
2026-04-22 08:11:00;M1;5;21;4754,38098;4754,47000;UP
2026-04-22 08:11:00;M1;5;34;4754,88792;4754,47000;DOWN
2026-04-22 08:16:00;M1;5;34;4755,44836;4761,79000;UP
2026-04-22 08:41:00;M1;5;21;4767,13615;4764,95000;DOWN
2026-04-22 08:46:00;M1;5;21;4768,68465;4770,30000;UP
2026-04-22 08:51:00;M1;5;21;4769,94339;4769,82000;DOWN
2026-04-22 09:00:00;M1;5;89;4764,49043;4763,13000;DOWN
2026-04-22 09:01:00;M1;5;55;4763,55788;4761,40000;DOWN
2026-04-22 09:28:00;M1;5;21;4764,11840;4764,54000;UP
2026-04-22 09:32:00;M1;5;89;4765,51593;4765,22000;DOWN
2026-04-22 09:44:00;M1;5;21;4763,97318;4763,69000;DOWN
2026-04-22 09:46:00;M1;5;21;4764,13938;4766,28000;UP
2026-04-22 09:53:00;M1;5;55;4766,56260;4766,49000;DOWN
2026-04-22 09:56:00;M1;5;34;4766,35191;4766,71000;UP
2026-04-22 10:11:00;M1;5;89;4766,94620;4765,72000;DOWN
2026-04-22 10:56:00;M1;5;21;4762,30853;4763,08000;UP
2026-04-22 11:01:00;M1;5;21;4761,13131;4760,10000;DOWN
2026-04-22 11:06:00;M1;5;21;4760,18953;4760,76000;UP
2026-04-22 11:14:00;M1;5;21;4759,22476;4757,93000;DOWN
2026-04-22 11:16:00;M1;5;21;4758,39521;4758,49000;UP
2026-04-22 11:22:00;M1;5;21;4757,30167;4756,05000;DOWN
2026-04-22 11:31:00;M1;5;21;4754,79235;4755,34000;UP
2026-04-22 11:36:00;M1;5;21;4753,62592;4752,39000;DOWN
2026-04-22 11:42:00;M1;5;21;4752,99728;4754,77000;UP
2026-04-22 11:50:00;M1;5;34;4754,52011;4754,44000;DOWN
2026-04-22 11:51:00;M1;5;34;4753,98870;4756,40000;UP
2026-04-22 11:56:00;M1;5;55;4757,24819;4757,91000;UP
2026-04-22 12:15:00;M1;5;89;4760,87381;4761,37000;UP
2026-04-22 12:19:00;M1;5;89;4760,56135;4760,13000;DOWN
2026-04-22 12:21:00;M1;5;89;4760,30227;4761,16000;UP
2026-04-22 12:26:00;M1;5;89;4760,02683;4758,41000;DOWN
2026-04-22 12:35:00;M1;5;34;4756,65347;4756,66000;UP
2026-04-22 12:40:00;M1;5;89;4759,45347;4759,67000;UP
2026-04-22 12:36:00;M1;5;34;4756,94141;4756,68000;DOWN
2026-04-22 12:41:00;M1;5;21;4759,49305;4761,55000;UP
2026-04-22 12:44:00;M1;5;89;4759,18726;4758,38000;DOWN
2026-04-22 12:46:00;M1;5;34;4757,51639;4756,55000;DOWN
2026-04-22 12:53:00;M1;5;55;4755,56537;4755,45000;DOWN
2026-04-22 12:57:00;M1;5;55;4755,45172;4755,88000;UP
2026-04-22 13:01:00;M1;5;55;4755,16625;4754,60000;DOWN
2026-04-22 13:16:00;M1;5;21;4750,71557;4752,08000;UP
2026-04-22 13:23:00;M1;5;55;4753,20752;4752,36000;DOWN
2026-04-22 13:26:00;M1;5;34;4752,58305;4753,03000;UP
2026-04-22 14:04:00;M1;5;21;4757,85272;4757,57000;DOWN
2026-04-22 14:17:00;M1;5;21;4759,11814;4759,88000;UP
2026-04-22 14:22:00;M1;5;21;4759,18152;4758,53000;DOWN
2026-04-22 14:31:00;M1;5;21;4758,92316;4759,49000;UP
2026-04-22 14:33:00;M1;5;34;4757,69558;4757,51000;DOWN
2026-04-22 14:40:00;M1;5;89;4754,01402;4752,62000;DOWN
2026-04-22 15:00:00;M1;5;21;4752,32855;4752,49000;UP
2026-04-22 15:02:00;M1;5;34;4754,72748;4755,32000;UP
2026-04-22 15:08:00;M1;5;89;4753,32739;4752,68000;DOWN
2026-04-22 15:11:00;M1;5;21;4751,19371;4750,25000;DOWN
2026-04-22 15:16:00;M1;5;21;4750,58151;4750,62000;UP
2026-04-22 15:25:00;M1;5;34;4752,39534;4755,00000;UP
2026-04-22 15:30:00;M1;5;89;4752,60149;4749,55000;DOWN
2026-04-22 15:32:00;M1;5;21;4750,51267;4752,05000;UP
2026-04-22 15:36:00;M1;5;89;4752,29452;4748,76000;DOWN
2026-04-22 16:09:00;M1;5;21;4744,22480;4744,88000;UP
2026-04-22 16:11:00;M1;5;21;4743,07032;4742,37000;DOWN
2026-04-22 16:19:00;M1;5;21;4742,15320;4743,43000;UP
2026-04-22 16:23:00;M1;5;55;4746,11638;4746,88000;UP
2026-04-22 16:28:00;M1;5;89;4747,99495;4749,24000;UP
2026-04-22 16:30:00;M1;5;55;4745,58659;4745,57000;DOWN
2026-04-22 16:33:00;M1;5;55;4745,11701;4745,32000;UP
2026-04-22 16:31:00;M1;5;89;4747,60906;4742,67000;DOWN
2026-04-22 16:36:00;M1;5;21;4744,20438;4748,50000;UP
2026-04-22 16:57:00;M1;5;21;4752,93969;4752,34000;DOWN
2026-04-22 17:04:00;M1;5;89;4747,34990;4745,42000;DOWN
2026-04-22 17:15:00;M1;5;55;4746,70812;4747,35000;UP
2026-04-22 17:20:00;M1;5;34;4749,00819;4749,37000;UP
2026-04-22 17:16:00;M1;5;89;4747,13415;4745,87000;DOWN
2026-04-22 17:21:00;M1;5;21;4749,48904;4749,66000;UP
2026-04-22 17:22:00;M1;5;34;4748,84338;4747,01000;DOWN
2026-04-22 17:26:00;M1;5;89;4746,70678;4746,45000;DOWN
2026-04-22 17:48:00;M1;5;21;4737,23284;4737,64000;UP
2026-04-22 17:51:00;M1;5;21;4735,65360;4734,20000;DOWN
2026-04-22 17:56:00;M1;5;21;4734,48025;4735,18000;UP
2026-04-22 18:07:00;M1;5;34;4737,28436;4737,88000;UP
2026-04-22 18:15:00;M1;5;34;4736,15272;4735,33000;DOWN
2026-04-22 18:17:00;M1;5;21;4732,72456;4729,89000;DOWN
2026-04-22 18:23:00;M1;5;21;4732,69710;4732,97000;UP
2026-04-22 18:29:00;M1;5;34;4733,27202;4735,15000;UP
2026-04-22 18:26:00;M1;5;21;4732,83812;4732,09000;DOWN
2026-04-22 18:32:00;M1;5;21;4732,82135;4733,07000;UP
2026-04-22 18:31:00;M1;5;34;4732,54663;4731,81000;DOWN
2026-04-22 18:36:00;M1;5;21;4732,14117;4729,48000;DOWN
2026-04-22 18:55:00;M1;5;21;4728,43362;4729,82000;UP
2026-04-22 18:56:00;M1;5;55;4730,77464;4730,79000;UP
2026-04-22 18:59:00;M1;5;34;4727,67327;4727,59000;DOWN
2026-04-22 19:02:00;M1;5;34;4727,13475;4728,05000;UP
2026-04-22 19:01:00;M1;5;55;4729,71807;4726,32000;DOWN
2026-04-22 19:06:00;M1;5;21;4727,16466;4731,63000;UP
2026-04-22 19:11:00;M1;5;89;4732,12545;4730,71000;DOWN
2026-04-22 19:19:00;M1;5;55;4727,48332;4724,80000;DOWN
2026-04-22 19:21:00;M1;5;21;4726,95014;4727,26000;UP
2026-04-22 19:26:00;M1;5;55;4726,13518;4725,84000;DOWN
2026-04-22 19:31:00;M1;5;21;4726,40919;4726,46000;UP
2026-04-22 19:36:00;M1;5;89;4728,73830;4728,84000;UP
2026-04-22 19:44:00;M1;5;89;4728,16862;4728,07000;DOWN
2026-04-22 19:46:00;M1;5;89;4727,64417;4728,25000;UP
2026-04-22 19:52:00;M1;5;21;4728,17733;4728,06000;DOWN
2026-04-22 19:59:00;M1;5;21;4728,45168;4728,62000;UP
2026-04-22 20:18:00;M1;5;21;4733,90124;4733,46000;DOWN
2026-04-22 20:21:00;M1;5;21;4734,93798;4736,07000;UP
2026-04-22 20:26:00;M1;5;21;4735,68523;4735,26000;DOWN
2026-04-22 20:33:00;M1;5;21;4736,45331;4736,65000;UP
2026-04-22 20:37:00;M1;5;21;4736,98106;4735,78000;DOWN
2026-04-22 20:41:00;M1;5;34;4734,88074;4734,50000;DOWN
2026-04-22 20:47:00;M1;5;34;4735,64505;4736,41000;UP
2026-04-22 20:56:00;M1;5;34;4736,96501;4736,01000;DOWN
2026-04-22 21:05:00;M1;5;21;4737,87032;4737,93000;UP
2026-04-22 21:06:00;M1;5;34;4737,93238;4737,52000;DOWN
2026-04-22 21:16:00;M1;5;55;4734,78046;4734,02000;DOWN
2026-04-22 21:33:00;M1;5;21;4734,03042;4734,51000;UP
2026-04-22 21:37:00;M1;5;34;4736,20948;4736,66000;UP
2026-04-22 21:36:00;M1;5;21;4733,73090;4732,61000;DOWN
2026-04-22 21:41:00;M1;5;21;4734,15403;4736,33000;UP
2026-04-22 21:42:00;M1;5;34;4736,17262;4736,06000;DOWN
2026-04-22 21:46:00;M1;5;34;4736,79371;4741,47000;UP
2026-04-22 22:10:00;M1;5;55;4739,28805;4738,92000;DOWN
2026-04-22 22:17:00;M1;5;34;4740,57280;4740,59000;UP
2026-04-22 22:25:00;M1;5;21;4742,94805;4743,74000;UP
2026-04-22 22:22:00;M1;5;34;4740,94280;4740,92000;DOWN
2026-04-22 22:26:00;M1;5;34;4741,48522;4743,21000;UP
2026-04-22 22:26:00;M1;5;21;4743,31172;4743,21000;DOWN
2026-04-22 22:35:00;M1;5;55;4741,42447;4739,38000;DOWN
2026-04-22 22:46:00;M1;5;89;4738,20175;4737,71000;DOWN
2026-04-22 22:55:00;M1;5;21;4741,05325;4741,43000;UP
2026-04-22 23:00:00;M1;5;89;4739,05581;4738,27000;DOWN
2026-04-22 23:05:00;M1;5;89;4739,41445;4739,58000;UP
2026-04-22 23:06:00;M1;5;89;4739,71275;4738,90000;DOWN
2026-04-22 23:21:00;M1;5;21;4736,94840;4736,95000;UP
2026-04-22 23:26:00;M1;5;21;4736,34160;4734,93000;DOWN
2026-04-22 23:31:00;M1;5;21;4736,18567;4738,13000;UP
2026-04-22 23:37:00;M1;5;34;4737,93318;4737,38000;DOWN
2026-04-22 23:45:00;M1;5;34;4737,59128;4737,93000;UP
2026-04-23 01:01:00;M1;5;55;4739,41644;4743,33000;UP
2026-04-23 01:06:00;M1;5;89;4740,52491;4738,90000;DOWN
2026-04-23 01:12:00;M1;5;34;4737,66937;4736,95000;DOWN
2026-04-23 01:17:00;M1;5;34;4737,61250;4738,27000;UP
2026-04-23 01:21:00;M1;5;34;4737,41005;4735,64000;DOWN
2026-04-23 01:51:00;M1;5;21;4730,67836;4731,75000;UP
2026-04-23 01:56:00;M1;5;21;4729,20235;4727,84000;DOWN
2026-04-23 02:10:00;M1;5;21;4726,13472;4727,26000;UP
2026-04-23 02:17:00;M1;5;34;4727,38014;4727,79000;UP
2026-04-23 02:25:00;M1;5;34;4726,51382;4725,81000;DOWN
2026-04-23 02:26:00;M1;5;34;4725,87352;4727,84000;UP
2026-04-23 02:39:00;M1;5;34;4724,88627;4724,83000;DOWN
2026-04-23 02:41:00;M1;5;34;4724,36844;4724,95000;UP
2026-04-23 02:43:00;M1;5;21;4724,72493;4724,11000;DOWN
2026-04-23 02:46:00;M1;5;21;4724,94923;4727,04000;UP
2026-04-23 02:52:00;M1;5;55;4725,82211;4725,72000;DOWN
2026-04-23 02:56:00;M1;5;55;4725,37262;4727,74000;UP
2026-04-23 03:00:00;M1;5;34;4724,00622;4723,97000;DOWN
2026-04-23 03:01:00;M1;5;55;4724,82655;4721,31000;DOWN
2026-04-23 03:19:00;M1;5;21;4717,88357;4722,68000;UP
2026-04-23 03:56:00;M1;5;21;4748,62237;4745,59000;DOWN
2026-04-23 04:10:00;M1;5;34;4742,65899;4741,94000;DOWN
2026-04-23 04:16:00;M1;5;55;4736,28040;4735,35000;DOWN
2026-04-23 04:21:00;M1;5;89;4731,47488;4730,95000;DOWN
2026-04-23 04:26:00;M1;5;89;4731,81297;4734,43000;UP
2026-04-23 04:31:00;M1;5;89;4732,00181;4730,36000;DOWN
2026-04-23 04:39:00;M1;5;89;4732,11893;4732,59000;UP
2026-04-23 04:41:00;M1;5;21;4732,45079;4734,93000;UP
2026-04-23 04:51:00;M1;5;89;4732,25533;4731,00000;DOWN
2026-04-23 04:56:00;M1;5;21;4726,75664;4726,85000;UP
2026-04-23 05:01:00;M1;5;21;4724,44578;4721,79000;DOWN
2026-04-23 05:21:00;M1;5;21;4711,81171;4715,45000;UP
2026-04-23 05:27:00;M1;5;34;4716,93392;4716,98000;UP
2026-04-23 05:31:00;M1;5;34;4714,49532;4712,92000;DOWN
2026-04-23 05:36:00;M1;5;34;4712,44645;4714,87000;UP
2026-04-23 05:41:00;M1;5;34;4710,12583;4709,44000;DOWN
2026-04-23 05:49:00;M1;5;21;4704,45891;4706,44000;UP
2026-04-23 05:52:00;M1;5;34;4705,73181;4706,91000;UP
2026-04-23 05:55:00;M1;5;21;4703,06312;4699,77000;DOWN
2026-04-23 05:56:00;M1;5;34;4703,41790;4700,16000;DOWN
2026-04-23 06:01:00;M1;5;21;4700,91027;4704,06000;UP
2026-04-23 06:10:00;M1;5;21;4700,52011;4700,45000;DOWN
2026-04-23 06:11:00;M1;5;21;4700,09807;4701,00000;UP
2026-04-23 06:22:00;M1;5;55;4703,60339;4703,76000;UP
2026-04-23 06:56:00;M1;5;21;4703,61404;4702,82000;DOWN
2026-04-23 07:08:00;M1;5;21;4704,16592;4705,46000;UP
2026-04-23 07:17:00;M1;5;21;4704,83468;4703,96000;DOWN
2026-04-23 07:21:00;M1;5;21;4704,94848;4706,22000;UP
2026-04-23 07:26:00;M1;5;21;4705,05925;4704,33000;DOWN
2026-04-23 07:33:00;M1;5;21;4705,20223;4706,08000;UP
2026-04-23 07:38:00;M1;5;34;4703,61498;4702,55000;DOWN
2026-04-23 07:59:00;M1;5;21;4703,27299;4704,34000;UP
2026-04-23 08:24:00;M1;5;21;4706,70546;4706,39000;DOWN
2026-04-23 08:30:00;M1;5;55;4702,25091;4697,02000;DOWN
2026-04-23 08:32:00;M1;5;55;4702,84218;4704,07000;UP
2026-04-23 08:36:00;M1;5;55;4703,27474;4703,07000;DOWN
2026-04-23 08:45:00;M1;5;34;4705,92759;4706,01000;UP
2026-04-23 08:46:00;M1;5;21;4706,17375;4708,30000;UP
2026-04-23 09:15:00;M1;5;34;4710,34265;4710,26000;DOWN
2026-04-23 09:17:00;M1;5;34;4711,05694;4711,31000;UP
2026-04-23 09:21:00;M1;5;34;4711,64539;4710,37000;DOWN
2026-04-23 09:26:00;M1;5;21;4713,87948;4714,19000;UP
2026-04-23 09:32:00;M1;5;34;4712,51908;4712,18000;DOWN
2026-04-23 09:36:00;M1;5;34;4712,95160;4713,09000;UP
2026-04-23 09:42:00;M1;5;21;4714,38207;4716,45000;UP
2026-04-23 09:54:00;M1;5;34;4714,75745;4714,38000;DOWN
2026-04-23 09:56:00;M1;5;21;4715,11260;4715,13000;UP
2026-04-23 09:59:00;M1;5;55;4713,33005;4712,83000;DOWN
2026-04-23 10:01:00;M1;5;34;4715,45333;4708,00000;DOWN
2026-04-23 10:21:00;M1;5;89;4708,98530;4707,28000;DOWN
2026-04-23 10:34:00;M1;5;21;4709,58007;4710,87000;UP
2026-04-23 10:39:00;M1;5;89;4709,80680;4709,36000;DOWN
2026-04-23 10:44:00;M1;5;34;4711,40262;4713,72000;UP
2026-04-23 11:11:00;M1;5;21;4718,93073;4718,63000;DOWN
2026-04-23 11:17:00;M1;5;21;4720,25854;4720,70000;UP
2026-04-23 11:23:00;M1;5;34;4717,30157;4717,17000;DOWN
2026-04-23 11:26:00;M1;5;34;4717,82060;4720,37000;UP
2026-04-23 11:30:00;M1;5;89;4715,28736;4714,63000;DOWN
2026-04-23 11:31:00;M1;5;34;4717,84712;4713,15000;DOWN
2026-04-23 11:56:00;M1;5;21;4706,11789;4706,15000;UP
2026-04-23 12:01:00;M1;5;21;4703,14283;4701,86000;DOWN
2026-04-23 12:11:00;M1;5;21;4697,20408;4699,52000;UP
2026-04-23 12:22:00;M1;5;34;4701,18000;4702,09000;UP
2026-04-23 12:54:00;M1;5;21;4697,89542;4697,23000;DOWN
2026-04-23 12:56:00;M1;5;21;4698,04285;4698,13000;UP
2026-04-23 13:02:00;M1;5;55;4699,34547;4700,22000;UP
2026-04-23 13:08:00;M1;5;55;4698,29642;4693,76000;DOWN
2026-04-23 13:26:00;M1;5;21;4689,47283;4690,85000;UP
2026-04-23 13:33:00;M1;5;55;4691,62927;4692,82000;UP
2026-04-23 13:31:00;M1;5;34;4689,92408;4687,44000;DOWN
2026-04-23 13:36:00;M1;5;21;4687,69972;4690,14000;UP
2026-04-23 13:36:00;M1;5;55;4690,57807;4690,14000;DOWN
2026-04-23 13:41:00;M1;5;55;4689,69021;4692,65000;UP
2026-04-23 13:57:00;M1;5;89;4694,64464;4695,25000;UP
2026-04-23 14:29:00;M1;5;21;4700,27375;4699,19000;DOWN
2026-04-23 14:39:00;M1;5;21;4701,92371;4702,41000;UP
2026-04-23 15:16:00;M1;5;21;4729,05549;4726,68000;DOWN
2026-04-23 15:30:00;M1;5;21;4736,19574;4737,30000;UP
2026-04-23 15:32:00;M1;5;21;4739,17790;4738,65000;DOWN
2026-04-23 15:45:00;M1;5;34;4736,94783;4732,40000;DOWN
2026-04-23 16:01:00;M1;5;55;4735,46577;4731,43000;DOWN
2026-04-23 16:31:00;M1;5;21;4728,13641;4728,93000;UP
2026-04-23 16:34:00;M1;5;89;4727,32488;4725,00000;DOWN
2026-04-23 16:38:00;M1;5;89;4728,47875;4730,10000;UP
2026-04-23 16:37:00;M1;5;21;4726,90280;4726,40000;DOWN
2026-04-23 16:41:00;M1;5;21;4726,77022;4733,08000;UP
2026-04-23 16:46:00;M1;5;34;4734,79701;4735,61000;UP
2026-04-23 16:55:00;M1;5;89;4732,11712;4730,65000;DOWN
2026-04-23 16:56:00;M1;5;21;4730,08419;4729,72000;DOWN
2026-04-23 17:16:00;M1;5;21;4725,81636;4726,26000;UP
2026-04-23 17:23:00;M1;5;34;4726,84552;4728,76000;UP
2026-04-23 17:38:00;M1;5;34;4726,60861;4726,48000;DOWN
2026-04-23 17:41:00;M1;5;21;4727,26318;4729,34000;UP
2026-04-23 17:52:00;M1;5;55;4732,79014;4732,99000;UP
2026-04-23 18:05:00;M1;5;55;4732,26297;4732,19000;DOWN
2026-04-23 18:07:00;M1;5;34;4729,78981;4728,96000;DOWN
2026-04-23 18:11:00;M1;5;34;4730,16303;4730,77000;UP
2026-04-23 18:16:00;M1;5;21;4733,64377;4734,79000;UP
2026-04-23 18:21:00;M1;5;89;4739,62690;4737,83000;DOWN
2026-04-23 18:30:00;M1;5;55;4732,23724;4731,68000;DOWN
2026-04-23 18:33:00;M1;5;34;4733,61918;4734,62000;UP
2026-04-23 18:36:00;M1;5;55;4732,60744;4731,98000;DOWN
2026-04-23 18:41:00;M1;5;55;4732,62974;4732,83000;UP
2026-04-23 18:46:00;M1;5;55;4732,43429;4721,17000;DOWN
2026-04-23 19:11:00;M1;5;21;4718,91325;4719,79000;UP
2026-04-23 19:22:00;M1;5;34;4722,63892;4722,77000;UP
2026-04-23 19:31:00;M1;5;55;4724,95708;4725,76000;UP
2026-04-23 19:43:00;M1;5;89;4730,75798;4733,39000;UP
2026-04-23 20:01:00;M1;5;89;4730,22738;4725,14000;DOWN
2026-04-23 20:26:00;M1;5;21;4714,98831;4715,52000;UP
2026-04-23 20:31:00;M1;5;21;4711,12892;4708,65000;DOWN
2026-04-23 20:53:00;M1;5;21;4688,69208;4699,49000;UP
2026-04-23 20:58:00;M1;5;55;4707,24597;4709,20000;UP
2026-04-23 21:01:00;M1;5;89;4714,66758;4715,10000;UP
2026-04-23 21:08:00;M1;5;89;4713,21209;4712,23000;DOWN
2026-04-23 21:11:00;M1;5;89;4711,98199;4713,82000;UP
2026-04-23 21:38:00;M1;5;21;4716,74831;4715,17000;DOWN
2026-04-23 21:48:00;M1;5;89;4707,96770;4707,65000;DOWN
2026-04-23 21:51:00;M1;5;34;4708,35106;4709,10000;UP
2026-04-23 21:56:00;M1;5;89;4707,01848;4705,83000;DOWN
2026-04-23 22:21:00;M1;5;21;4697,31012;4697,60000;UP
2026-04-23 22:27:00;M1;5;55;4699,59576;4698,04000;DOWN
2026-04-23 22:31:00;M1;5;55;4699,08265;4699,61000;UP
2026-04-23 22:34:00;M1;5;21;4694,69283;4694,25000;DOWN
2026-04-23 22:38:00;M1;5;21;4693,39560;4695,36000;UP
2026-04-23 22:36:00;M1;5;55;4698,52672;4692,73000;DOWN
2026-04-23 22:43:00;M1;5;21;4692,16115;4692,05000;DOWN
2026-04-23 22:46:00;M1;5;21;4691,69393;4695,26000;UP
2026-04-23 22:51:00;M1;5;55;4696,94051;4697,45000;UP
2026-04-23 22:58:00;M1;5;89;4696,76578;4696,05000;DOWN
2026-04-23 23:01:00;M1;5;34;4693,73137;4694,62000;UP
2026-04-23 23:13:00;M1;5;89;4694,67180;4691,29000;DOWN
2026-04-23 23:20:00;M1;5;34;4692,09533;4692,17000;UP
2026-04-23 23:21:00;M1;5;34;4691,53540;4690,20000;DOWN
2026-04-23 23:32:00;M1;5;34;4690,26288;4690,70000;UP
2026-04-23 23:36:00;M1;5;34;4689,71391;4689,18000;DOWN
2026-04-23 23:41:00;M1;5;21;4689,82419;4690,14000;UP
2026-04-23 23:50:00;M1;5;89;4689,92934;4689,85000;DOWN
2026-04-23 23:53:00;M1;5;89;4689,38934;4690,09000;UP
2026-04-23 23:51:00;M1;5;55;4688,80329;4688,44000;DOWN
2026-04-23 23:56:00;M1;5;21;4689,05334;4692,54000;UP
2026-04-24 01:19:00;M1;5;21;4693,88903;4693,87000;DOWN
2026-04-24 01:23:00;M1;5;21;4694,72608;4694,83000;UP
2026-04-24 01:26:00;M1;5;21;4695,07184;4694,62000;DOWN
2026-04-24 01:35:00;M1;5;21;4695,17160;4695,46000;UP
2026-04-24 01:39:00;M1;5;34;4692,67889;4691,92000;DOWN
2026-04-24 01:41:00;M1;5;34;4692,91793;4693,25000;UP
2026-04-24 01:49:00;M1;5;34;4693,07708;4692,26000;DOWN
2026-04-24 01:59:00;M1;5;21;4693,04508;4693,24000;UP
2026-04-24 02:09:00;M1;5;55;4690,38039;4690,33000;DOWN
2026-04-24 02:13:00;M1;5;21;4691,70995;4692,34000;UP
2026-04-24 02:16:00;M1;5;55;4690,30673;4689,58000;DOWN
2026-04-24 02:21:00;M1;5;21;4690,08495;4690,59000;UP
2026-04-24 02:26:00;M1;5;34;4691,49555;4692,97000;UP
2026-04-24 02:51:00;M1;5;21;4696,07995;4695,78000;DOWN
2026-04-24 03:00:00;M1;5;21;4696,88525;4698,82000;UP
2026-04-24 02:58:00;M1;5;55;4693,02182;4692,91000;DOWN
2026-04-24 03:01:00;M1;5;34;4694,88777;4697,64000;UP
2026-04-24 03:02:00;M1;5;21;4696,98573;4695,83000;DOWN
2026-04-24 03:14:00;M1;5;21;4697,26336;4698,05000;UP
2026-04-24 03:11:00;M1;5;34;4695,49632;4695,18000;DOWN
2026-04-24 03:16:00;M1;5;34;4695,89305;4698,08000;UP
2026-04-24 03:19:00;M1;5;21;4697,40356;4697,00000;DOWN
2026-04-24 03:21:00;M1;5;21;4697,88573;4698,84000;UP
2026-04-24 03:42:00;M1;5;21;4703,16813;4702,37000;DOWN
2026-04-24 03:47:00;M1;5;55;4698,72055;4698,38000;DOWN
2026-04-24 03:54:00;M1;5;34;4702,47507;4703,12000;UP
2026-04-24 03:59:00;M1;5;21;4704,38303;4704,49000;UP
2026-04-24 03:56:00;M1;5;34;4703,04565;4702,07000;DOWN
2026-04-24 04:01:00;M1;5;55;4700,79756;4700,57000;DOWN
2026-04-24 04:10:00;M1;5;21;4704,15276;4706,15000;UP
2026-04-24 04:20:00;M1;5;34;4704,98858;4702,98000;DOWN
2026-04-24 04:22:00;M1;5;55;4703,54277;4702,65000;DOWN
2026-04-24 04:29:00;M1;5;89;4698,98452;4698,42000;DOWN
2026-04-24 04:53:00;M1;5;21;4695,72311;4696,09000;UP
2026-04-24 04:59:00;M1;5;34;4699,28712;4699,47000;UP
2026-04-24 05:01:00;M1;5;34;4698,50015;4697,75000;DOWN
2026-04-24 05:06:00;M1;5;34;4697,73537;4698,09000;UP
2026-04-24 05:10:00;M1;5;21;4694,07930;4692,83000;DOWN
2026-04-24 05:11:00;M1;5;34;4696,87135;4692,15000;DOWN
2026-04-24 05:16:00;M1;5;21;4692,96786;4693,99000;UP
2026-04-24 05:21:00;M1;5;21;4691,63810;4690,22000;DOWN
2026-04-24 05:31:00;M1;5;21;4688,23059;4689,27000;UP
2026-04-24 05:36:00;M1;5;21;4686,47203;4685,35000;DOWN
2026-04-24 06:01:00;M1;5;21;4675,56782;4676,90000;UP
2026-04-24 06:06:00;M1;5;21;4673,27737;4671,19000;DOWN
2026-04-24 06:15:00;M1;5;21;4671,11949;4671,13000;UP
2026-04-24 06:18:00;M1;5;34;4673,39002;4673,97000;UP
2026-04-24 06:26:00;M1;5;55;4676,82773;4677,34000;UP
2026-04-24 06:31:00;M1;5;55;4675,33433;4674,75000;DOWN
2026-04-24 06:36:00;M1;5;55;4674,08815;4674,44000;UP
2026-04-24 06:55:00;M1;5;21;4673,10171;4672,57000;DOWN
2026-04-24 07:00:00;M1;5;55;4670,51680;4670,19000;DOWN
2026-04-24 07:01:00;M1;5;55;4669,73214;4670,38000;UP
2026-04-24 07:09:00;M1;5;21;4673,29300;4674,19000;UP
2026-04-24 07:11:00;M1;5;21;4672,79819;4670,76000;DOWN
2026-04-24 07:17:00;M1;5;34;4669,36316;4669,01000;DOWN
2026-04-24 07:22:00;M1;5;55;4666,84019;4662,80000;DOWN
2026-04-24 07:36:00;M1;5;21;4663,30734;4664,41000;UP
2026-04-24 07:46:00;M1;5;89;4668,06713;4671,42000;UP
2026-04-24 08:11:00;M1;5;21;4672,02938;4671,12000;DOWN
2026-04-24 08:19:00;M1;5;21;4673,46027;4674,76000;UP
2026-04-24 08:22:00;M1;5;21;4674,85640;4674,13000;DOWN
2026-04-24 08:26:00;M1;5;21;4676,06915;4677,37000;UP
2026-04-24 08:46:00;M1;5;21;4682,89164;4681,31000;DOWN
2026-04-24 08:54:00;M1;5;21;4684,08670;4684,31000;UP
2026-04-24 08:56:00;M1;5;21;4685,37127;4683,30000;DOWN
2026-04-24 09:06:00;M1;5;34;4684,15569;4683,12000;DOWN
2026-04-24 09:17:00;M1;5;55;4678,90592;4678,84000;DOWN
2026-04-24 09:43:00;M1;5;21;4674,41057;4674,42000;UP
2026-04-24 09:45:00;M1;5;89;4671,95014;4670,97000;DOWN
2026-04-24 09:46:00;M1;5;21;4672,54229;4669,30000;DOWN
2026-04-24 09:53:00;M1;5;21;4671,36620;4672,98000;UP
2026-04-24 09:59:00;M1;5;89;4672,36713;4671,90000;DOWN
2026-04-24 10:03:00;M1;5;34;4675,37652;4675,66000;UP
2026-04-24 10:10:00;M1;5;55;4678,54333;4678,65000;UP
2026-04-24 10:41:00;M1;5;21;4684,37543;4683,87000;DOWN
2026-04-24 10:46:00;M1;5;21;4686,40006;4689,53000;UP
2026-04-24 10:56:00;M1;5;21;4690,64492;4690,23000;DOWN
2026-04-24 11:08:00;M1;5;34;4687,95441;4687,74000;DOWN
2026-04-24 11:15:00;M1;5;34;4689,16966;4690,44000;UP
2026-04-24 11:19:00;M1;5;21;4692,95673;4693,22000;UP
2026-04-24 11:16:00;M1;5;34;4690,37812;4689,79000;DOWN
2026-04-24 11:21:00;M1;5;34;4691,49425;4694,35000;UP
2026-04-24 11:22:00;M1;5;21;4693,28222;4692,03000;DOWN
2026-04-24 11:28:00;M1;5;55;4687,61457;4687,11000;DOWN
2026-04-24 11:40:00;M1;5;55;4688,96800;4689,43000;UP
2026-04-24 11:45:00;M1;5;21;4690,36207;4690,47000;UP
2026-04-24 11:42:00;M1;5;55;4689,55819;4689,00000;DOWN
2026-04-24 11:47:00;M1;5;55;4690,17453;4690,77000;UP
2026-04-24 11:52:00;M1;5;55;4690,74637;4689,78000;DOWN
2026-04-24 11:58:00;M1;5;21;4689,93187;4689,98000;UP
2026-04-24 12:01:00;M1;5;55;4691,83635;4690,59000;DOWN
2026-04-24 12:06:00;M1;5;34;4692,76782;4693,81000;UP
2026-04-24 12:11:00;M1;5;55;4692,91731;4692,41000;DOWN
2026-04-24 12:16:00;M1;5;34;4693,12534;4694,91000;UP
2026-04-24 12:23:00;M1;5;89;4690,55845;4688,93000;DOWN
2026-04-24 12:42:00;M1;5;21;4686,42247;4688,38000;UP
2026-04-24 12:47:00;M1;5;21;4685,23910;4685,19000;DOWN
2026-04-24 12:56:00;M1;5;21;4682,83995;4683,18000;UP
2026-04-24 13:05:00;M1;5;21;4681,92410;4681,62000;DOWN
2026-04-24 13:06:00;M1;5;21;4681,34980;4683,99000;UP
2026-04-24 13:20:00;M1;5;34;4683,06086;4683,58000;UP
2026-04-24 13:22:00;M1;5;34;4682,48444;4682,01000;DOWN
2026-04-24 13:26:00;M1;5;21;4681,36370;4684,83000;UP
2026-04-24 13:31:00;M1;5;34;4681,10449;4678,10000;DOWN
2026-04-24 13:41:00;M1;5;21;4678,87727;4678,99000;UP
2026-04-24 13:47:00;M1;5;34;4678,69361;4677,96000;DOWN
2026-04-24 13:51:00;M1;5;21;4677,77914;4679,39000;UP
2026-04-24 14:00:00;M1;5;55;4681,07884;4681,50000;UP
2026-04-24 14:04:00;M1;5;89;4686,60454;4689,54000;UP
2026-04-24 14:36:00;M1;5;21;4709,89489;4708,15000;DOWN
2026-04-24 14:47:00;M1;5;34;4703,82515;4703,55000;DOWN
2026-04-24 14:51:00;M1;5;34;4706,15999;4706,57000;UP
2026-04-24 14:56:00;M1;5;34;4708,19101;4706,35000;DOWN
2026-04-24 15:17:00;M1;5;21;4710,75534;4711,40000;UP
2026-04-24 15:21:00;M1;5;55;4706,04574;4705,92000;DOWN
2026-04-24 15:26:00;M1;5;21;4709,51252;4709,72000;UP
2026-04-24 15:31:00;M1;5;55;4708,79223;4707,44000;DOWN
2026-04-24 15:42:00;M1;5;89;4702,62535;4701,86000;DOWN
2026-04-24 15:58:00;M1;5;21;4699,34461;4700,42000;UP
2026-04-24 16:11:00;M1;5;34;4702,28886;4703,57000;UP
2026-04-24 16:17:00;M1;5;34;4701,53454;4701,46000;DOWN
2026-04-24 16:24:00;M1;5;21;4697,00185;4696,21000;DOWN
2026-04-24 16:29:00;M1;5;21;4696,91646;4697,03000;UP
2026-04-24 16:31:00;M1;5;21;4696,29387;4692,52000;DOWN
2026-04-24 16:38:00;M1;5;21;4696,67339;4699,65000;UP
2026-04-24 16:54:00;M1;5;89;4706,37063;4706,14000;DOWN
2026-04-24 16:56:00;M1;5;89;4706,82637;4706,96000;UP
2026-04-24 17:25:00;M1;5;21;4727,73074;4725,99000;DOWN
2026-04-24 17:41:00;M1;5;34;4728,46889;4728,26000;DOWN
2026-04-24 17:46:00;M1;5;34;4730,62263;4730,66000;UP
2026-04-24 17:51:00;M1;5;34;4732,28446;4728,22000;DOWN
2026-04-24 18:05:00;M1;5;89;4722,09397;4721,90000;DOWN
2026-04-24 18:09:00;M1;5;89;4722,94655;4724,29000;UP
2026-04-24 18:11:00;M1;5;89;4723,69209;4723,06000;DOWN
2026-04-24 18:22:00;M1;5;21;4724,14584;4725,94000;UP
2026-04-24 18:26:00;M1;5;89;4725,40685;4718,78000;DOWN
2026-04-24 18:31:00;M1;5;21;4721,15214;4724,42000;UP
2026-04-24 18:36:00;M1;5;21;4719,80418;4718,29000;DOWN
2026-04-24 18:44:00;M1;5;21;4719,68723;4727,83000;UP
2026-04-24 18:47:00;M1;5;89;4726,94905;4726,78000;DOWN
2026-04-24 18:52:00;M1;5;34;4725,12649;4727,78000;UP
2026-04-24 18:56:00;M1;5;89;4727,92683;4727,91000;DOWN
2026-04-24 19:05:00;M1;5;34;4724,94236;4724,71000;DOWN
2026-04-24 19:06:00;M1;5;34;4724,67853;4724,83000;UP
2026-04-24 19:06:00;M1;5;21;4724,83870;4724,83000;DOWN
2026-04-24 19:11:00;M1;5;34;4724,22075;4722,45000;DOWN
2026-04-24 19:24:00;M1;5;21;4723,91510;4724,10000;UP
2026-04-24 19:29:00;M1;5;21;4723,68904;4723,28000;DOWN
2026-04-24 19:31:00;M1;5;21;4723,71710;4725,43000;UP
2026-04-24 19:40:00;M1;5;21;4723,74636;4723,60000;DOWN
2026-04-24 19:45:00;M1;5;21;4723,53244;4724,42000;UP
2026-04-24 19:41:00;M1;5;34;4723,21231;4723,06000;DOWN
2026-04-24 19:46:00;M1;5;34;4723,20527;4723,34000;UP
2026-04-24 19:47:00;M1;5;21;4723,16824;4722,46000;DOWN
2026-04-24 19:51:00;M1;5;21;4723,03933;4723,45000;UP
2026-04-24 19:58:00;M1;5;55;4726,11695;4726,82000;UP
2026-04-24 20:20:00;M1;5;21;4727,21354;4726,35000;DOWN
2026-04-24 20:21:00;M1;5;55;4726,33574;4724,67000;DOWN
2026-04-24 20:27:00;M1;5;34;4726,32843;4726,68000;UP
2026-04-24 20:31:00;M1;5;55;4726,31377;4719,84000;DOWN
2026-04-24 20:54:00;M1;5;21;4723,28018;4724,87000;UP
2026-04-24 20:57:00;M1;5;34;4724,55204;4723,83000;DOWN
2026-04-24 21:05:00;M1;5;21;4722,39561;4720,29000;DOWN
2026-04-24 21:09:00;M1;5;21;4722,08703;4722,56000;UP
2026-04-24 21:14:00;M1;5;34;4723,73587;4723,81000;UP
2026-04-24 21:16:00;M1;5;34;4723,37446;4721,32000;DOWN
2026-04-24 21:38:00;M1;5;21;4719,85538;4720,14000;UP
2026-04-24 21:42:00;M1;5;21;4719,26496;4718,98000;DOWN
2026-04-24 21:47:00;M1;5;21;4718,77110;4719,49000;UP
2026-04-24 21:52:00;M1;5;34;4719,37147;4720,48000;UP
2026-04-24 21:56:00;M1;5;55;4721,07940;4721,45000;UP
2026-04-24 22:02:00;M1;5;89;4724,52698;4725,30000;UP
2026-04-24 22:06:00;M1;5;89;4724,25549;4723,14000;DOWN
2026-04-24 22:20:00;M1;5;55;4720,59518;4720,51000;DOWN
2026-04-24 22:21:00;M1;5;34;4720,02777;4719,87000;DOWN
2026-04-24 22:31:00;M1;5;34;4719,67754;4720,28000;UP
2026-04-24 22:36:00;M1;5;55;4719,65867;4717,91000;DOWN
2026-04-24 22:47:00;M1;5;21;4718,16231;4718,19000;UP
2026-04-24 22:51:00;M1;5;21;4717,27004;4716,31000;DOWN
2026-04-24 22:58:00;M1;5;21;4716,50705;4716,81000;UP
2026-04-24 23:01:00;M1;5;21;4715,36006;4713,71000;DOWN
2026-04-24 23:23:00;M1;5;21;4707,94959;4708,08000;UP
2026-04-24 23:36:00;M1;5;34;4707,67389;4708,55000;UP
2026-04-24 23:41:00;M1;5;34;4706,71895;4706,45000;DOWN
2026-04-24 23:46:00;M1;5;34;4705,92147;4708,43000;UP
2026-04-24 23:57:00;M1;5;55;4707,74847;4707,81000;UP
2026-04-27 01:01:00;M1;5;55;4706,81977;4696,21000;DOWN
2026-04-27 01:29:00;M1;5;21;4686,12467;4686,90000;UP
2026-04-27 01:46:00;M1;5;34;4683,39829;4683,90000;UP
2026-04-27 02:06:00;M1;5;55;4682,51641;4683,95000;UP
2026-04-27 02:25:00;M1;5;21;4681,09536;4681,05000;DOWN
2026-04-27 02:26:00;M1;5;21;4680,79387;4681,47000;UP
2026-04-27 02:29:00;M1;5;55;4678,10666;4677,31000;DOWN
2026-04-27 02:31:00;M1;5;55;4677,12072;4679,08000;UP
2026-04-27 02:31:00;M1;5;21;4680,23971;4679,08000;DOWN
2026-04-27 02:36:00;M1;5;21;4679,33183;4679,71000;UP
2026-04-27 02:40:00;M1;5;55;4676,13040;4676,12000;DOWN
2026-04-27 02:42:00;M1;5;34;4676,20853;4676,68000;UP
2026-04-27 02:41:00;M1;5;21;4678,32659;4675,32000;DOWN
2026-04-27 02:46:00;M1;5;21;4677,80393;4679,40000;UP
2026-04-27 03:02:00;M1;5;89;4677,11106;4675,86000;DOWN
2026-04-27 03:10:00;M1;5;34;4676,28031;4677,49000;UP
2026-04-27 03:11:00;M1;5;21;4677,49228;4677,95000;UP
2026-04-27 03:34:00;M1;5;21;4678,57310;4678,15000;DOWN
2026-04-27 03:39:00;M1;5;21;4678,74118;4679,29000;UP
2026-04-27 03:41:00;M1;5;21;4679,00993;4678,74000;DOWN
2026-04-27 03:46:00;M1;5;21;4679,55396;4681,94000;UP
2026-04-27 04:13:00;M1;5;21;4696,36554;4695,25000;DOWN
2026-04-27 04:27:00;M1;5;34;4694,94299;4693,27000;DOWN
2026-04-27 04:31:00;M1;5;34;4696,57503;4700,18000;UP
2026-04-27 04:37:00;M1;5;34;4698,18366;4697,47000;DOWN
2026-04-27 04:41:00;M1;5;34;4699,57363;4700,19000;UP
2026-04-27 04:50:00;M1;5;21;4702,58840;4705,13000;UP
2026-04-27 04:46:00;M1;5;34;4700,92079;4699,42000;DOWN
2026-04-27 04:51:00;M1;5;34;4702,22930;4706,04000;UP
2026-04-27 04:55:00;M1;5;21;4702,62492;4702,15000;DOWN
2026-04-27 04:58:00;M1;5;21;4702,89106;4703,06000;UP
2026-04-27 04:56:00;M1;5;34;4703,43515;4701,99000;DOWN
2026-04-27 05:01:00;M1;5;34;4704,44372;4706,24000;UP
2026-04-27 05:03:00;M1;5;21;4703,28851;4702,35000;DOWN
2026-04-27 05:06:00;M1;5;55;4698,94041;4698,34000;DOWN
2026-04-27 05:16:00;M1;5;21;4703,00782;4704,27000;UP
2026-04-27 05:21:00;M1;5;34;4705,73279;4704,47000;DOWN
2026-04-27 05:28:00;M1;5;34;4706,00949;4706,48000;UP
2026-04-27 05:33:00;M1;5;34;4706,36969;4706,19000;DOWN
2026-04-27 05:36:00;M1;5;34;4707,12459;4707,87000;UP
2026-04-27 06:06:00;M1;5;21;4721,29328;4719,35000;DOWN
2026-04-27 06:13:00;M1;5;55;4716,75856;4716,60000;DOWN
2026-04-27 06:34:00;M1;5;21;4721,85488;4721,86000;UP
2026-04-27 06:36:00;M1;5;55;4721,61973;4721,61000;DOWN
2026-04-27 06:41:00;M1;5;21;4722,85684;4727,16000;UP
2026-04-27 06:48:00;M1;5;55;4723,75188;4723,44000;DOWN
2026-04-27 06:54:00;M1;5;21;4724,73957;4725,01000;UP
2026-04-27 06:56:00;M1;5;55;4725,82505;4725,62000;DOWN
2026-04-27 07:01:00;M1;5;21;4726,10363;4726,35000;UP
2026-04-27 07:06:00;M1;5;55;4727,71972;4726,78000;DOWN
2026-04-27 07:25:00;M1;5;89;4725,94916;4725,94000;DOWN
2026-04-27 07:30:00;M1;5;89;4727,03028;4728,20000;UP
2026-04-27 07:33:00;M1;5;21;4728,55739;4729,23000;UP
2026-04-27 07:32:00;M1;5;89;4728,03710;4727,13000;DOWN
2026-04-27 07:36:00;M1;5;21;4728,58335;4727,11000;DOWN
2026-04-27 08:26:00;M1;5;21;4718,38591;4718,50000;UP
2026-04-27 08:31:00;M1;5;21;4716,86336;4715,36000;DOWN
2026-04-27 08:46:00;M1;5;21;4711,52752;4712,86000;UP
2026-04-27 08:51:00;M1;5;21;4710,31418;4709,65000;DOWN
2026-04-27 08:56:00;M1;5;21;4709,32858;4712,28000;UP
2026-04-27 09:01:00;M1;5;34;4711,60075;4712,29000;UP
2026-04-27 09:06:00;M1;5;34;4710,59332;4710,32000;DOWN
2026-04-27 09:11:00;M1;5;34;4709,94263;4714,38000;UP
2026-04-27 09:24:00;M1;5;55;4714,64594;4714,70000;UP
2026-04-27 09:26:00;M1;5;55;4713,84816;4713,68000;DOWN
2026-04-27 09:31:00;M1;5;21;4711,62565;4711,70000;UP
2026-04-27 09:38:00;M1;5;55;4712,31889;4713,39000;UP
2026-04-27 09:36:00;M1;5;21;4711,94046;4711,85000;DOWN
2026-04-27 09:43:00;M1;5;21;4711,93895;4712,06000;UP
2026-04-27 09:41:00;M1;5;55;4711,59760;4711,10000;DOWN
2026-04-27 09:46:00;M1;5;55;4711,00229;4712,00000;UP
2026-04-27 09:46:00;M1;5;21;4712,14407;4712,00000;DOWN
2026-04-27 09:51:00;M1;5;21;4712,42689;4715,00000;UP
2026-04-27 10:00:00;M1;5;21;4712,62352;4712,17000;DOWN
2026-04-27 10:02:00;M1;5;21;4713,24426;4714,38000;UP
2026-04-27 10:18:00;M1;5;34;4713,19024;4712,82000;DOWN
2026-04-27 10:23:00;M1;5;21;4716,41535;4716,99000;UP
2026-04-27 10:27:00;M1;5;89;4716,66465;4714,59000;DOWN
2026-04-27 10:31:00;M1;5;34;4715,26477;4716,16000;UP
2026-04-27 10:36:00;M1;5;89;4715,96260;4713,80000;DOWN
2026-04-27 10:42:00;M1;5;34;4716,05341;4716,08000;UP
2026-04-27 10:48:00;M1;5;89;4715,29223;4714,69000;DOWN
2026-04-27 10:53:00;M1;5;55;4712,72634;4711,00000;DOWN
2026-04-27 10:56:00;M1;5;55;4712,92340;4713,19000;UP
2026-04-27 11:01:00;M1;5;55;4713,04722;4711,42000;DOWN
2026-04-27 11:11:00;M1;5;21;4712,53654;4712,78000;UP
2026-04-27 11:16:00;M1;5;55;4712,99168;4713,30000;UP
2026-04-27 11:19:00;M1;5;21;4711,62258;4710,55000;DOWN
2026-04-27 11:21:00;M1;5;21;4710,88383;4711,42000;UP
2026-04-27 11:21:00;M1;5;89;4712,70227;4711,42000;DOWN
2026-04-27 11:26:00;M1;5;21;4710,29493;4709,63000;DOWN
2026-04-27 11:43:00;M1;5;21;4708,82861;4710,51000;UP
2026-04-27 11:50:00;M1;5;55;4711,72615;4711,42000;DOWN
2026-04-27 11:52:00;M1;5;89;4710,77208;4709,02000;DOWN
2026-04-27 12:07:00;M1;5;21;4706,96454;4707,99000;UP
2026-04-27 12:11:00;M1;5;34;4706,99552;4703,21000;DOWN
2026-04-27 12:18:00;M1;5;21;4705,41567;4705,51000;UP
2026-04-27 12:24:00;M1;5;34;4705,71533;4705,87000;UP
2026-04-27 12:27:00;M1;5;34;4705,05094;4703,62000;DOWN
2026-04-27 12:32:00;M1;5;21;4703,45243;4703,80000;UP
2026-04-27 12:39:00;M1;5;34;4703,82208;4704,24000;UP
2026-04-27 12:36:00;M1;5;21;4702,88004;4701,38000;DOWN
2026-04-27 12:41:00;M1;5;21;4702,60980;4705,25000;UP
2026-04-27 12:45:00;M1;5;34;4703,36709;4702,29000;DOWN
2026-04-27 12:47:00;M1;5;21;4702,15095;4701,41000;DOWN
2026-04-27 12:53:00;M1;5;21;4701,56967;4702,25000;UP
2026-04-27 12:59:00;M1;5;55;4703,43035;4703,58000;UP
2026-04-27 13:04:00;M1;5;89;4705,08961;4705,20000;UP
2026-04-27 13:09:00;M1;5;89;4704,68173;4703,79000;DOWN
2026-04-27 13:14:00;M1;5;55;4702,09470;4701,90000;DOWN
2026-04-27 13:17:00;M1;5;21;4701,99674;4702,52000;UP
2026-04-27 13:21:00;M1;5;89;4703,51955;4703,82000;UP
2026-04-27 13:58:00;M1;5;21;4708,91833;4708,66000;DOWN
2026-04-27 14:02:00;M1;5;34;4706,49311;4706,37000;DOWN
2026-04-27 14:07:00;M1;5;34;4706,98979;4707,06000;UP
2026-04-27 14:15:00;M1;5;55;4703,89008;4703,04000;DOWN
2026-04-27 14:16:00;M1;5;89;4702,87912;4701,54000;DOWN
2026-04-27 14:23:00;M1;5;89;4702,85313;4704,07000;UP
2026-04-27 14:26:00;M1;5;55;4704,36511;4705,85000;UP
2026-04-27 14:31:00;M1;5;21;4705,44520;4705,72000;UP
2026-04-27 14:37:00;M1;5;89;4702,73624;4701,20000;DOWN
2026-04-27 14:43:00;M1;5;21;4703,76024;4704,06000;UP
2026-04-27 14:46:00;M1;5;55;4704,48321;4703,86000;DOWN
2026-04-27 14:53:00;M1;5;21;4702,51012;4702,60000;UP
2026-04-27 14:51:00;M1;5;89;4702,47822;4701,19000;DOWN
2026-04-27 14:59:00;M1;5;34;4704,58071;4704,81000;UP
2026-04-27 15:01:00;M1;5;55;4704,40866;4703,31000;DOWN
2026-04-27 15:07:00;M1;5;34;4704,12112;4704,16000;UP
2026-04-27 15:27:00;M1;5;55;4705,65389;4705,64000;DOWN
2026-04-27 15:31:00;M1;5;34;4706,05065;4706,67000;UP
2026-04-27 15:38:00;M1;5;89;4703,47484;4703,39000;DOWN
2026-04-27 15:50:00;M1;5;89;4703,54859;4704,41000;UP
2026-04-27 15:52:00;M1;5;89;4703,53932;4703,15000;DOWN
2026-04-27 16:15:00;M1;5;21;4697,56359;4699,09000;UP
2026-04-27 16:16:00;M1;5;34;4700,25626;4700,56000;UP
2026-04-27 16:21:00;M1;5;89;4702,07069;4701,16000;DOWN
2026-04-27 16:28:00;M1;5;34;4698,93934;4699,17000;UP
2026-04-27 16:31:00;M1;5;55;4700,47548;4701,86000;UP
2026-04-27 16:33:00;M1;5;34;4698,20766;4695,87000;DOWN
2026-04-27 16:36:00;M1;5;89;4701,03636;4692,76000;DOWN
2026-04-27 16:46:00;M1;5;21;4693,22675;4694,03000;UP
2026-04-27 16:52:00;M1;5;34;4693,85989;4695,33000;UP
2026-04-27 16:51:00;M1;5;21;4692,50076;4692,46000;DOWN
2026-04-27 16:56:00;M1;5;21;4692,35392;4693,55000;UP
2026-04-27 17:06:00;M1;5;55;4694,98473;4695,46000;UP
2026-04-27 17:08:00;M1;5;34;4692,07027;4690,87000;DOWN
2026-04-27 17:11:00;M1;5;21;4691,30062;4691,85000;UP
2026-04-27 17:11:00;M1;5;55;4694,20578;4691,85000;DOWN
2026-04-27 17:18:00;M1;5;55;4693,54511;4693,67000;UP
2026-04-27 17:25:00;M1;5;55;4692,93760;4692,84000;DOWN
2026-04-27 17:26:00;M1;5;34;4690,68581;4689,51000;DOWN
2026-04-27 17:35:00;M1;5;21;4690,54253;4690,57000;UP
2026-04-27 17:36:00;M1;5;55;4690,80502;4692,75000;UP
2026-04-27 17:42:00;M1;5;55;4690,28903;4690,16000;DOWN
2026-04-27 17:46:00;M1;5;55;4689,82939;4691,25000;UP
2026-04-27 17:50:00;M1;5;34;4689,36319;4688,31000;DOWN
2026-04-27 17:51:00;M1;5;55;4689,15692;4688,72000;DOWN
2026-04-27 18:16:00;M1;5;21;4673,49341;4676,41000;UP
2026-04-27 18:27:00;M1;5;34;4675,76611;4676,43000;UP
2026-04-27 18:33:00;M1;5;55;4678,07131;4677,20000;DOWN
2026-04-27 18:36:00;M1;5;55;4677,16045;4677,96000;UP
2026-04-27 18:45:00;M1;5;55;4676,37008;4675,76000;DOWN
2026-04-27 18:46:00;M1;5;55;4675,58457;4675,92000;UP
2026-04-27 18:53:00;M1;5;55;4674,73222;4674,02000;DOWN
2026-04-27 19:05:00;M1;5;34;4670,75740;4671,92000;UP
2026-04-27 19:07:00;M1;5;21;4672,12184;4673,78000;UP
2026-04-27 19:16:00;M1;5;89;4674,64961;4676,26000;UP
2026-04-27 19:42:00;M1;5;21;4675,76662;4675,15000;DOWN
2026-04-27 19:46:00;M1;5;21;4676,29409;4677,45000;UP
2026-04-27 19:51:00;M1;5;21;4676,66230;4675,60000;DOWN
2026-04-27 20:00:00;M1;5;21;4676,91514;4678,21000;UP
2026-04-27 20:04:00;M1;5;34;4674,45579;4674,06000;DOWN
2026-04-27 20:06:00;M1;5;34;4674,62124;4675,13000;UP
2026-04-27 20:11:00;M1;5;34;4674,71550;4673,04000;DOWN
2026-04-27 20:18:00;M1;5;55;4670,75356;4669,73000;DOWN
2026-04-27 20:23:00;M1;5;21;4674,10638;4676,14000;UP
2026-04-27 20:58:00;M1;5;21;4682,63149;4682,62000;DOWN
2026-04-27 21:04:00;M1;5;34;4680,60967;4680,35000;DOWN
2026-04-27 21:07:00;M1;5;34;4681,18351;4681,30000;UP
2026-04-27 21:12:00;M1;5;34;4681,69106;4681,47000;DOWN
2026-04-27 21:17:00;M1;5;34;4682,15227;4682,30000;UP
2026-04-27 21:23:00;M1;5;21;4683,69847;4684,05000;UP
2026-04-27 21:28:00;M1;5;21;4683,79846;4683,57000;DOWN
2026-04-27 21:33:00;M1;5;21;4683,89553;4683,95000;UP
2026-04-27 21:31:00;M1;5;34;4683,80852;4683,48000;DOWN
2026-04-27 21:36:00;M1;5;21;4683,97495;4683,00000;DOWN
2026-04-27 21:41:00;M1;5;21;4683,95421;4684,22000;UP
2026-04-27 21:45:00;M1;5;55;4682,01258;4681,98000;DOWN
2026-04-27 21:46:00;M1;5;55;4682,53376;4682,70000;UP
2026-04-27 21:46:00;M1;5;34;4684,74958;4682,70000;DOWN
2026-04-27 21:51:00;M1;5;21;4683,98032;4684,50000;UP
2026-04-27 21:55:00;M1;5;55;4683,02043;4682,51000;DOWN
2026-04-27 21:56:00;M1;5;21;4683,68938;4682,36000;DOWN
2026-04-27 22:16:00;M1;5;21;4680,78134;4681,07000;UP
2026-04-27 22:33:00;M1;5;89;4679,38512;4678,55000;DOWN
2026-04-27 22:44:00;M1;5;21;4679,53451;4679,95000;UP
2026-04-27 22:49:00;M1;5;34;4680,68131;4681,04000;UP
2026-04-27 22:46:00;M1;5;89;4680,12204;4678,67000;DOWN
2026-04-27 22:51:00;M1;5;21;4679,39501;4680,19000;UP
2026-04-27 22:51:00;M1;5;34;4680,30744;4680,19000;DOWN
2026-04-27 22:59:00;M1;5;34;4680,05553;4680,74000;UP
2026-04-27 22:56:00;M1;5;21;4679,54758;4679,10000;DOWN
2026-04-27 23:01:00;M1;5;21;4679,54015;4680,88000;UP
2026-04-27 23:02:00;M1;5;89;4680,66802;4680,19000;DOWN
2026-04-27 23:06:00;M1;5;21;4679,40188;4678,56000;DOWN
2026-04-27 23:11:00;M1;5;21;4679,22642;4679,28000;UP
2026-04-27 23:21:00;M1;5;34;4679,01448;4678,91000;DOWN
2026-04-27 23:26:00;M1;5;21;4679,08185;4679,83000;UP
2026-04-27 23:44:00;M1;5;55;4679,96613;4680,07000;UP
2026-04-27 23:41:00;M1;5;21;4679,22644;4679,15000;DOWN
2026-04-27 23:46:00;M1;5;21;4679,33921;4680,02000;UP
2026-04-27 23:47:00;M1;5;55;4679,79195;4679,73000;DOWN
2026-04-27 23:55:00;M1;5;55;4679,62568;4679,69000;UP
2026-04-27 23:51:00;M1;5;34;4678,96611;4678,86000;DOWN
2026-04-27 23:57:00;M1;5;21;4679,48520;4679,85000;UP
2026-04-27 23:56:00;M1;5;55;4679,49062;4678,86000;DOWN
2026-04-28 01:01:00;M1;5;55;4679,45504;4683,76000;UP
2026-04-28 01:26:00;M1;5;21;4687,96855;4687,92000;DOWN
2026-04-28 01:31:00;M1;5;21;4689,15448;4689,37000;UP
2026-04-28 01:36:00;M1;5;21;4690,02649;4687,12000;DOWN
2026-04-28 01:43:00;M1;5;34;4687,54661;4687,02000;DOWN
2026-04-28 02:13:00;M1;5;21;4689,18089;4689,26000;UP
2026-04-28 02:17:00;M1;5;34;4690,56444;4690,91000;UP
2026-04-28 02:21:00;M1;5;34;4690,92149;4690,41000;DOWN
2026-04-28 02:30:00;M1;5;34;4691,21327;4691,72000;UP
2026-04-28 02:33:00;M1;5;34;4691,49860;4691,49000;DOWN
2026-04-28 02:36:00;M1;5;34;4691,84677;4693,13000;UP
2026-04-28 02:42:00;M1;5;34;4692,28558;4692,12000;DOWN
2026-04-28 02:46:00;M1;5;21;4693,27778;4693,65000;UP
2026-04-28 02:58:00;M1;5;55;4693,19375;4692,62000;DOWN
2026-04-28 03:01:00;M1;5;21;4695,24165;4695,89000;UP
2026-04-28 03:20:00;M1;5;34;4696,67609;4696,32000;DOWN
2026-04-28 03:22:00;M1;5;34;4697,34454;4697,46000;UP
2026-04-28 03:21:00;M1;5;55;4696,49484;4695,81000;DOWN
2026-04-28 03:27:00;M1;5;89;4693,66845;4693,22000;DOWN
2026-04-28 03:32:00;M1;5;89;4694,21275;4694,79000;UP
2026-04-28 03:36:00;M1;5;89;4694,67593;4692,95000;DOWN
2026-04-28 04:11:00;M1;5;21;4689,75323;4690,36000;UP
2026-04-28 04:16:00;M1;5;21;4688,82581;4687,79000;DOWN
2026-04-28 04:21:00;M1;5;21;4688,21605;4690,06000;UP
2026-04-28 04:29:00;M1;5;21;4687,66160;4687,57000;DOWN
2026-04-28 04:37:00;M1;5;21;4686,38931;4688,81000;UP
2026-04-28 04:44:00;M1;5;34;4687,95002;4687,24000;DOWN
2026-04-28 04:46:00;M1;5;21;4685,75681;4686,23000;UP
2026-04-28 04:51:00;M1;5;34;4686,20669;4683,52000;DOWN
2026-04-28 05:11:00;M1;5;21;4675,16730;4676,36000;UP
2026-04-28 05:16:00;M1;5;34;4677,36898;4679,18000;UP
2026-04-28 05:24:00;M1;5;34;4676,18594;4675,31000;DOWN
2026-04-28 05:27:00;M1;5;34;4675,17590;4677,23000;UP
2026-04-28 05:30:00;M1;5;21;4672,63286;4672,49000;DOWN
2026-04-28 05:31:00;M1;5;21;4672,04647;4673,51000;UP
2026-04-28 05:31:00;M1;5;34;4674,19222;4673,51000;DOWN
2026-04-28 05:36:00;M1;5;34;4673,10690;4673,13000;UP
2026-04-28 05:39:00;M1;5;21;4671,34617;4671,08000;DOWN
2026-04-28 05:41:00;M1;5;21;4670,72519;4671,46000;UP
2026-04-28 05:41:00;M1;5;34;4671,98237;4671,46000;DOWN
2026-04-28 05:46:00;M1;5;21;4670,17585;4669,79000;DOWN
2026-04-28 05:51:00;M1;5;21;4669,72393;4670,48000;UP
2026-04-28 05:56:00;M1;5;34;4668,91313;4667,26000;DOWN
2026-04-28 06:02:00;M1;5;21;4668,78059;4670,01000;UP
2026-04-28 06:36:00;M1;5;21;4672,57257;4672,55000;DOWN
2026-04-28 06:42:00;M1;5;21;4672,88712;4673,15000;UP
2026-04-28 06:46:00;M1;5;21;4672,92679;4672,37000;DOWN
2026-04-28 06:54:00;M1;5;34;4670,18222;4669,66000;DOWN
2026-04-28 06:56:00;M1;5;34;4670,27895;4671,45000;UP
2026-04-28 07:01:00;M1;5;89;4670,48189;4666,97000;DOWN
2026-04-28 07:14:00;M1;5;21;4669,62793;4669,72000;UP
2026-04-28 07:20:00;M1;5;89;4668,52410;4667,65000;DOWN
2026-04-28 07:29:00;M1;5;89;4667,31075;4667,40000;UP
2026-04-28 07:31:00;M1;5;21;4667,15859;4668,00000;UP
2026-04-28 07:38:00;M1;5;34;4668,25099;4668,50000;UP
2026-04-28 07:41:00;M1;5;34;4668,04713;4667,80000;DOWN
2026-04-28 07:46:00;M1;5;34;4667,82293;4668,34000;UP
2026-04-28 08:00:00;M1;5;55;4666,23339;4665,11000;DOWN
2026-04-28 08:02:00;M1;5;55;4666,12366;4666,14000;UP
2026-04-28 08:03:00;M1;5;89;4664,37322;4662,44000;DOWN
2026-04-28 08:06:00;M1;5;55;4665,65002;4652,13000;DOWN
2026-04-28 08:21:00;M1;5;21;4657,37363;4658,05000;UP
2026-04-28 08:30:00;M1;5;21;4655,92061;4647,32000;DOWN
2026-04-28 08:56:00;M1;5;21;4629,09670;4633,72000;UP
2026-04-28 09:05:00;M1;5;34;4635,50417;4637,68000;UP
2026-04-28 09:01:00;M1;5;21;4626,71231;4625,91000;DOWN
2026-04-28 09:06:00;M1;5;21;4625,99257;4639,21000;UP
2026-04-28 09:14:00;M1;5;55;4640,44500;4640,57000;UP
2026-04-28 09:16:00;M1;5;55;4638,50422;4637,55000;DOWN
2026-04-28 09:22:00;M1;5;34;4628,51105;4626,53000;DOWN
2026-04-28 09:27:00;M1;5;21;4627,54401;4630,26000;UP
2026-04-28 09:31:00;M1;5;55;4632,67626;4632,70000;UP
2026-04-28 09:35:00;M1;5;21;4627,82691;4627,81000;DOWN
2026-04-28 09:38:00;M1;5;21;4628,31017;4628,82000;UP
2026-04-28 09:36:00;M1;5;55;4630,89805;4626,23000;DOWN
2026-04-28 09:41:00;M1;5;55;4629,18715;4629,49000;UP
2026-04-28 09:46:00;M1;5;55;4627,47653;4625,28000;DOWN
2026-04-28 09:55:00;M1;5;21;4627,43076;4627,79000;UP
2026-04-28 10:02:00;M1;5;89;4631,69450;4635,04000;UP
2026-04-28 10:21:00;M1;5;21;4631,92701;4630,49000;DOWN
2026-04-28 10:27:00;M1;5;34;4627,79252;4627,66000;DOWN
2026-04-28 10:32:00;M1;5;21;4631,39626;4634,43000;UP
2026-04-28 10:38:00;M1;5;34;4627,91926;4626,60000;DOWN
2026-04-28 10:42:00;M1;5;21;4630,09021;4630,89000;UP
2026-04-28 10:46:00;M1;5;34;4628,01414;4628,01000;DOWN
2026-04-28 10:55:00;M1;5;89;4622,52032;4621,91000;DOWN
2026-04-28 10:57:00;M1;5;21;4628,36710;4630,42000;UP
2026-04-28 11:02:00;M1;5;89;4621,14281;4620,06000;DOWN
2026-04-28 11:06:00;M1;5;55;4622,06203;4622,73000;UP
2026-04-28 11:11:00;M1;5;89;4619,65863;4617,29000;DOWN
2026-04-28 11:20:00;M1;5;21;4622,79036;4622,84000;UP
2026-04-28 11:21:00;M1;5;55;4621,32569;4620,89000;DOWN
2026-04-28 11:26:00;M1;5;21;4621,24165;4622,87000;UP
2026-04-28 11:51:00;M1;5;21;4626,46326;4626,08000;DOWN
2026-04-28 11:56:00;M1;5;21;4627,45492;4628,52000;UP
2026-04-28 12:04:00;M1;5;55;4623,11213;4622,68000;DOWN
2026-04-28 12:07:00;M1;5;34;4625,31797;4625,75000;UP
2026-04-28 12:13:00;M1;5;21;4627,68167;4627,89000;UP
2026-04-28 12:15:00;M1;5;55;4623,48280;4622,28000;DOWN
2026-04-28 12:16:00;M1;5;55;4623,49709;4624,30000;UP
2026-04-28 12:16:00;M1;5;21;4626,84941;4624,30000;DOWN
2026-04-28 12:22:00;M1;5;89;4616,92380;4615,58000;DOWN
2026-04-28 12:26:00;M1;5;89;4616,86231;4616,91000;UP
2026-04-28 12:31:00;M1;5;89;4616,66350;4614,25000;DOWN
2026-04-28 12:46:00;M1;5;21;4612,39655;4613,91000;UP
2026-04-28 12:55:00;M1;5;21;4610,46551;4610,06000;DOWN
2026-04-28 12:56:00;M1;5;21;4608,28126;4608,93000;UP
2026-04-28 13:01:00;M1;5;34;4611,98887;4612,05000;UP
2026-04-28 13:06:00;M1;5;34;4610,26339;4609,27000;DOWN
2026-04-28 13:11:00;M1;5;34;4608,97171;4611,11000;UP
2026-04-28 13:16:00;M1;5;55;4612,37837;4613,57000;UP
2026-04-28 13:18:00;M1;5;89;4611,63085;4611,63000;DOWN
2026-04-28 13:21:00;M1;5;89;4611,13175;4615,69000;UP
2026-04-28 13:48:00;M1;5;21;4612,54186;4611,67000;DOWN
2026-04-28 13:55:00;M1;5;89;4609,06369;4608,97000;DOWN
2026-04-28 13:57:00;M1;5;55;4608,20830;4607,61000;DOWN
2026-04-28 14:23:00;M1;5;21;4600,99683;4603,25000;UP
2026-04-28 14:30:00;M1;5;21;4599,14203;4595,77000;DOWN
2026-04-28 15:02:00;M1;5;21;4560,15965;4564,34000;UP
2026-04-28 15:06:00;M1;5;34;4569,09835;4570,65000;UP
2026-04-28 15:13:00;M1;5;55;4577,45869;4579,31000;UP
2026-04-28 15:20:00;M1;5;89;4584,69498;4591,67000;UP
2026-04-28 15:21:00;M1;5;89;4582,78639;4580,45000;DOWN
2026-04-28 15:33:00;M1;5;89;4579,59538;4579,94000;UP
2026-04-28 16:00:00;M1;5;21;4592,03181;4588,94000;DOWN
2026-04-28 16:08:00;M1;5;89;4575,13132;4572,78000;DOWN
2026-04-28 16:11:00;M1;5;89;4574,66747;4575,37000;UP
2026-04-28 16:36:00;M1;5;21;4578,46880;4580,61000;UP
2026-04-28 16:42:00;M1;5;34;4582,41645;4587,18000;UP
2026-04-28 16:54:00;M1;5;34;4582,53440;4581,14000;DOWN
2026-04-28 16:59:00;M1;5;21;4579,22392;4580,37000;UP
2026-04-28 17:02:00;M1;5;89;4570,17564;4569,66000;DOWN
2026-04-28 17:06:00;M1;5;89;4569,75029;4572,64000;UP
2026-04-28 17:13:00;M1;5;89;4569,24863;4568,46000;DOWN
2026-04-28 17:17:00;M1;5;21;4572,24095;4574,97000;UP
2026-04-28 17:23:00;M1;5;89;4568,18491;4566,74000;DOWN
2026-04-28 17:26:00;M1;5;21;4569,11306;4569,94000;UP
2026-04-28 17:31:00;M1;5;34;4571,38740;4574,50000;UP
2026-04-28 17:35:00;M1;5;89;4567,15017;4565,65000;DOWN
2026-04-28 17:36:00;M1;5;55;4572,80074;4564,96000;DOWN
2026-04-28 17:46:00;M1;5;21;4563,05831;4564,11000;UP
2026-04-28 17:51:00;M1;5;89;4564,82057;4558,27000;DOWN
2026-04-28 17:56:00;M1;5;21;4562,57293;4568,38000;UP
2026-04-28 18:21:00;M1;5;21;4571,18030;4568,73000;DOWN
2026-04-28 18:26:00;M1;5;21;4572,86819;4575,95000;UP
2026-04-28 18:31:00;M1;5;21;4574,02957;4572,78000;DOWN
2026-04-28 18:36:00;M1;5;21;4575,45118;4575,55000;UP
2026-04-28 19:02:00;M1;5;21;4583,58104;4583,33000;DOWN
2026-04-28 19:07:00;M1;5;21;4585,19924;4585,66000;UP
2026-04-28 19:11:00;M1;5;21;4586,50778;4583,78000;DOWN
2026-04-28 19:16:00;M1;5;34;4583,64010;4582,67000;DOWN
2026-04-28 19:25:00;M1;5;34;4584,51997;4584,56000;UP
2026-04-28 19:26:00;M1;5;34;4585,17597;4584,41000;DOWN
2026-04-28 19:37:00;M1;5;21;4585,35987;4585,59000;UP
2026-04-28 19:45:00;M1;5;34;4586,38271;4587,09000;UP
2026-04-28 19:41:00;M1;5;21;4585,08600;4584,05000;DOWN
2026-04-28 19:46:00;M1;5;21;4585,12858;4587,02000;UP
2026-04-28 19:47:00;M1;5;34;4586,85271;4585,81000;DOWN
2026-04-28 19:51:00;M1;5;34;4587,68508;4589,88000;UP
2026-04-28 20:05:00;M1;5;34;4589,57890;4589,15000;DOWN
2026-04-28 20:07:00;M1;5;34;4590,40627;4591,09000;UP
2026-04-28 20:06:00;M1;5;21;4590,39738;4589,51000;DOWN
2026-04-28 20:11:00;M1;5;21;4591,74862;4592,46000;UP
2026-04-28 20:17:00;M1;5;55;4589,38791;4588,64000;DOWN
2026-04-28 20:24:00;M1;5;21;4593,41220;4595,09000;UP
2026-04-28 20:26:00;M1;5;21;4594,20725;4593,17000;DOWN
2026-04-28 20:32:00;M1;5;21;4595,02899;4595,18000;UP
2026-04-28 20:49:00;M1;5;21;4598,29276;4598,20000;DOWN
2026-04-28 20:51:00;M1;5;34;4597,89729;4597,11000;DOWN
2026-04-28 20:56:00;M1;5;55;4597,43430;4595,49000;DOWN
2026-04-28 21:18:00;M1;5;21;4597,83537;4598,41000;UP
2026-04-28 21:22:00;M1;5;21;4597,90238;4597,56000;DOWN
2026-04-28 21:26:00;M1;5;21;4598,07839;4598,30000;UP
2026-04-28 21:33:00;M1;5;89;4596,45080;4596,32000;DOWN
2026-04-28 21:40:00;M1;5;89;4597,17947;4597,33000;UP
2026-04-28 21:41:00;M1;5;21;4597,55894;4597,72000;UP
2026-04-28 21:41:00;M1;5;89;4597,86327;4597,72000;DOWN
2026-04-28 21:54:00;M1;5;21;4597,51814;4595,19000;DOWN
2026-04-28 22:01:00;M1;5;21;4596,59109;4597,05000;UP
2026-04-28 22:14:00;M1;5;21;4595,90909;4595,66000;DOWN
2026-04-28 22:23:00;M1;5;21;4595,42993;4595,93000;UP
2026-04-28 22:26:00;M1;5;34;4596,55415;4596,99000;UP
2026-04-28 22:31:00;M1;5;34;4596,37977;4595,81000;DOWN
2026-04-28 22:36:00;M1;5;34;4596,36965;4597,19000;UP
2026-04-28 22:41:00;M1;5;55;4599,22527;4599,50000;UP
2026-04-28 22:46:00;M1;5;55;4599,09741;4598,99000;DOWN
2026-04-28 23:04:00;M1;5;34;4596,56433;4596,79000;UP
2026-04-28 23:06:00;M1;5;21;4597,09926;4597,18000;UP
2026-04-28 23:17:00;M1;5;34;4596,67231;4594,74000;DOWN
2026-04-28 23:31:00;M1;5;21;4594,66022;4595,22000;UP
2026-04-28 23:36:00;M1;5;21;4594,08799;4593,79000;DOWN
2026-04-28 23:41:00;M1;5;21;4593,62516;4594,20000;UP
2026-04-28 23:46:00;M1;5;21;4593,21426;4593,10000;DOWN
2026-04-28 23:51:00;M1;5;21;4593,13412;4594,24000;UP
2026-04-29 01:06:00;M1;5;55;4595,23951;4595,09000;DOWN
2026-04-29 01:11:00;M1;5;21;4595,29182;4596,80000;UP
2026-04-29 01:16:00;M1;5;55;4595,25992;4595,11000;DOWN
2026-04-29 01:21:00;M1;5;21;4596,31528;4597,01000;UP
2026-04-29 01:26:00;M1;5;21;4596,62033;4596,22000;DOWN
2026-04-29 01:34:00;M1;5;21;4596,89830;4596,98000;UP
2026-04-29 01:37:00;M1;5;55;4595,41305;4595,41000;DOWN
2026-04-29 01:53:00;M1;5;55;4595,13881;4595,14000;UP
2026-04-29 01:56:00;M1;5;55;4595,01625;4592,92000;DOWN
2026-04-29 02:17:00;M1;5;21;4592,10668;4592,62000;UP
2026-04-29 02:22:00;M1;5;21;4591,55412;4591,43000;DOWN
2026-04-29 02:27:00;M1;5;21;4591,24410;4592,27000;UP
2026-04-29 02:32:00;M1;5;21;4591,00467;4590,93000;DOWN
2026-04-29 02:42:00;M1;5;21;4589,95675;4590,09000;UP
2026-04-29 02:48:00;M1;5;34;4590,66092;4589,99000;DOWN
2026-04-29 02:51:00;M1;5;21;4589,34010;4590,86000;UP
2026-04-29 02:57:00;M1;5;89;4593,45265;4594,37000;UP
2026-04-29 03:19:00;M1;5;21;4602,02570;4600,78000;DOWN
2026-04-29 03:28:00;M1;5;34;4599,48349;4599,34000;DOWN
2026-04-29 03:32:00;M1;5;34;4600,52944;4601,22000;UP
2026-04-29 03:36:00;M1;5;34;4601,50005;4600,27000;DOWN
2026-04-29 03:41:00;M1;5;34;4602,47058;4604,64000;UP
2026-04-29 03:50:00;M1;5;55;4599,13017;4598,69000;DOWN
2026-04-29 03:57:00;M1;5;55;4600,12240;4601,63000;UP
2026-04-29 04:00:00;M1;5;89;4597,60251;4594,39000;DOWN
2026-04-29 04:01:00;M1;5;55;4600,07241;4591,78000;DOWN
2026-04-29 04:24:00;M1;5;21;4584,89574;4585,03000;UP
2026-04-29 04:29:00;M1;5;21;4582,15652;4580,33000;DOWN
2026-04-29 04:31:00;M1;5;21;4580,38737;4581,25000;UP
2026-04-29 04:37:00;M1;5;34;4587,13671;4587,81000;UP
2026-04-29 04:47:00;M1;5;34;4584,50135;4584,07000;DOWN
2026-04-29 04:57:00;M1;5;34;4582,25842;4583,14000;UP
2026-04-29 05:01:00;M1;5;89;4591,01073;4593,64000;UP
2026-04-29 05:31:00;M1;5;21;4600,59424;4598,98000;DOWN
2026-04-29 05:52:00;M1;5;34;4597,41781;4595,49000;DOWN
2026-04-29 05:58:00;M1;5;89;4592,97071;4592,81000;DOWN
2026-04-29 06:01:00;M1;5;89;4593,13802;4593,92000;UP
2026-04-29 06:06:00;M1;5;21;4598,07543;4599,10000;UP
2026-04-29 06:11:00;M1;5;34;4599,67326;4599,50000;DOWN
2026-04-29 06:16:00;M1;5;34;4600,34172;4602,75000;UP
2026-04-29 06:21:00;M1;5;34;4600,87643;4600,55000;DOWN
2026-04-29 06:26:00;M1;5;21;4599,18294;4598,81000;DOWN
2026-04-29 06:32:00;M1;5;55;4597,25935;4596,36000;DOWN
2026-04-29 06:41:00;M1;5;89;4595,01304;4594,43000;DOWN
2026-04-29 06:51:00;M1;5;89;4595,10126;4595,19000;UP
2026-04-29 06:57:00;M1;5;21;4595,19608;4596,16000;UP
2026-04-29 06:56:00;M1;5;89;4595,11781;4594,61000;DOWN
2026-04-29 07:01:00;M1;5;34;4597,23219;4598,41000;UP
2026-04-29 07:06:00;M1;5;55;4598,53200;4598,33000;DOWN
2026-04-29 07:11:00;M1;5;55;4598,69517;4600,02000;UP
2026-04-29 07:24:00;M1;5;55;4599,06017;4599,01000;DOWN
2026-04-29 07:28:00;M1;5;55;4599,28454;4601,17000;UP
2026-04-29 07:26:00;M1;5;34;4598,17612;4597,78000;DOWN
2026-04-29 07:31:00;M1;5;21;4600,08215;4603,66000;UP
2026-04-29 07:41:00;M1;5;21;4602,30090;4602,13000;DOWN
2026-04-29 07:49:00;M1;5;21;4603,20529;4603,90000;UP
2026-04-29 07:51:00;M1;5;21;4603,99014;4602,82000;DOWN
2026-04-29 07:57:00;M1;5;21;4604,68355;4604,85000;UP
2026-04-29 08:01:00;M1;5;21;4605,27680;4603,85000;DOWN
2026-04-29 08:08:00;M1;5;55;4602,58862;4601,96000;DOWN
2026-04-29 08:14:00;M1;5;89;4601,00731;4600,91000;DOWN
2026-04-29 08:44:00;M1;5;21;4598,47460;4599,02000;UP
2026-04-29 08:47:00;M1;5;34;4601,08965;4601,16000;UP
2026-04-29 08:51:00;M1;5;55;4601,95554;4602,15000;UP
2026-04-29 08:53:00;M1;5;34;4600,41612;4598,26000;DOWN
2026-04-29 08:56:00;M1;5;89;4601,87659;4593,95000;DOWN
2026-04-29 09:01:00;M1;5;21;4595,23040;4597,12000;UP
2026-04-29 09:07:00;M1;5;21;4594,28424;4592,94000;DOWN
2026-04-29 09:27:00;M1;5;21;4586,96565;4587,50000;UP
2026-04-29 09:32:00;M1;5;21;4584,99325;4584,35000;DOWN
2026-04-29 09:36:00;M1;5;21;4583,45268;4584,57000;UP
2026-04-29 09:42:00;M1;5;34;4585,79287;4585,88000;UP
2026-04-29 09:50:00;M1;5;34;4584,58908;4582,35000;DOWN
2026-04-29 09:54:00;M1;5;34;4583,51739;4583,52000;UP
2026-04-29 10:04:00;M1;5;55;4586,94135;4588,09000;UP
2026-04-29 10:06:00;M1;5;55;4585,85225;4583,72000;DOWN
2026-04-29 10:16:00;M1;5;34;4579,62580;4579,84000;UP
2026-04-29 10:21:00;M1;5;34;4578,50382;4578,47000;DOWN
2026-04-29 10:32:00;M1;5;21;4576,38670;4577,39000;UP
2026-04-29 10:36:00;M1;5;34;4575,38778;4573,51000;DOWN
2026-04-29 10:51:00;M1;5;21;4570,03775;4570,92000;UP
2026-04-29 11:00:00;M1;5;34;4570,69120;4572,28000;UP
2026-04-29 10:58:00;M1;5;21;4568,59785;4568,13000;DOWN
2026-04-29 11:01:00;M1;5;21;4567,49798;4573,04000;UP
2026-04-29 11:04:00;M1;5;34;4569,50780;4568,87000;DOWN
2026-04-29 11:10:00;M1;5;34;4568,36455;4568,55000;UP
2026-04-29 11:06:00;M1;5;55;4570,11895;4567,45000;DOWN
2026-04-29 11:11:00;M1;5;34;4567,18788;4565,78000;DOWN
2026-04-29 11:16:00;M1;5;21;4565,21194;4566,62000;UP
2026-04-29 11:33:00;M1;5;55;4564,95563;4564,50000;DOWN
2026-04-29 11:41:00;M1;5;21;4563,55414;4564,76000;UP
2026-04-29 12:25:00;M1;5;34;4570,14189;4569,50000;DOWN
2026-04-29 12:31:00;M1;5;55;4565,41721;4565,04000;DOWN
2026-04-29 12:36:00;M1;5;55;4565,57589;4567,49000;UP
2026-04-29 12:40:00;M1;5;89;4563,86274;4562,97000;DOWN
2026-04-29 12:41:00;M1;5;55;4565,44682;4561,68000;DOWN
2026-04-29 13:01:00;M1;5;21;4557,90435;4558,06000;UP
2026-04-29 13:09:00;M1;5;34;4563,10732;4565,30000;UP
2026-04-29 13:06:00;M1;5;55;4562,54075;4562,48000;DOWN
2026-04-29 13:11:00;M1;5;55;4562,28257;4564,87000;UP
2026-04-29 13:45:00;M1;5;34;4565,86807;4565,32000;DOWN
2026-04-29 13:46:00;M1;5;34;4566,36603;4566,91000;UP
2026-04-29 13:55:00;M1;5;55;4565,58904;4565,17000;DOWN
2026-04-29 13:58:00;M1;5;34;4567,21430;4567,30000;UP
2026-04-29 14:05:00;M1;5;34;4567,71061;4567,27000;DOWN
2026-04-29 14:07:00;M1;5;34;4568,16756;4569,26000;UP
2026-04-29 14:06:00;M1;5;55;4566,11854;4565,98000;DOWN
2026-04-29 14:12:00;M1;5;21;4569,46788;4569,58000;UP
2026-04-29 14:11:00;M1;5;34;4568,57861;4568,36000;DOWN
2026-04-29 14:16:00;M1;5;21;4568,81218;4568,27000;DOWN
2026-04-29 14:22:00;M1;5;55;4566,41666;4565,81000;DOWN
2026-04-29 14:26:00;M1;5;55;4566,43306;4567,06000;UP
2026-04-29 14:33:00;M1;5;21;4566,77683;4567,31000;UP
2026-04-29 14:31:00;M1;5;55;4566,47460;4563,68000;DOWN
2026-04-29 14:36:00;M1;5;55;4566,54685;4570,64000;UP
2026-04-29 14:39:00;M1;5;34;4568,37375;4567,04000;DOWN
2026-04-29 14:44:00;M1;5;21;4566,26936;4566,89000;UP
2026-04-29 14:41:00;M1;5;55;4566,64662;4565,53000;DOWN
2026-04-29 14:50:00;M1;5;89;4562,88916;4562,78000;DOWN
2026-04-29 15:01:00;M1;5;21;4562,93586;4563,90000;UP
2026-04-29 15:06:00;M1;5;34;4564,47004;4567,35000;UP
2026-04-29 15:09:00;M1;5;89;4562,92610;4562,78000;DOWN
2026-04-29 15:11:00;M1;5;21;4562,14318;4563,66000;UP
2026-04-29 15:11:00;M1;5;55;4565,60667;4563,66000;DOWN
2026-04-29 15:16:00;M1;5;34;4563,68451;4568,58000;UP
2026-04-29 15:24:00;M1;5;89;4562,84278;4562,20000;DOWN
2026-04-29 15:27:00;M1;5;21;4561,98780;4563,52000;UP
2026-04-29 15:31:00;M1;5;89;4562,53722;4555,45000;DOWN
2026-04-29 15:43:00;M1;5;21;4558,24517;4558,31000;UP
2026-04-29 15:47:00;M1;5;21;4557,11928;4556,91000;DOWN
2026-04-29 16:01:00;M1;5;21;4549,43667;4551,26000;UP
2026-04-29 16:09:00;M1;5;21;4547,01731;4546,47000;DOWN
2026-04-29 16:11:00;M1;5;21;4545,58504;4548,17000;UP
2026-04-29 16:16:00;M1;5;34;4548,27287;4548,22000;DOWN
2026-04-29 16:53:00;M1;5;21;4520,01105;4520,79000;UP
2026-04-29 16:56:00;M1;5;34;4523,89730;4529,38000;UP
2026-04-29 17:12:00;M1;5;55;4525,59930;4526,28000;UP
2026-04-29 17:21:00;M1;5;89;4533,97716;4534,43000;UP
2026-04-29 17:30:00;M1;5;89;4532,59008;4532,07000;DOWN
2026-04-29 17:31:00;M1;5;89;4531,45325;4535,69000;UP
2026-04-29 17:46:00;M1;5;21;4537,87012;4535,08000;DOWN
2026-04-29 17:55:00;M1;5;21;4539,63832;4539,67000;UP
2026-04-29 17:56:00;M1;5;21;4540,97472;4537,56000;DOWN
2026-04-29 18:01:00;M1;5;21;4542,28481;4545,55000;UP
2026-04-29 18:08:00;M1;5;21;4543,12176;4541,96000;DOWN
2026-04-29 18:24:00;M1;5;21;4543,40985;4544,08000;UP
2026-04-29 18:27:00;M1;5;21;4543,71357;4543,70000;DOWN
2026-04-29 18:31:00;M1;5;21;4544,16686;4544,38000;UP
2026-04-29 18:32:00;M1;5;34;4542,90211;4541,90000;DOWN
2026-04-29 18:36:00;M1;5;34;4544,43732;4550,81000;UP
2026-04-29 18:53:00;M1;5;34;4549,30989;4545,73000;DOWN
2026-04-29 19:00:00;M1;5;34;4550,35639;4551,34000;UP
2026-04-29 19:01:00;M1;5;21;4553,42982;4554,15000;UP
2026-04-29 19:16:00;M1;5;21;4560,19091;4558,38000;DOWN
2026-04-29 19:23:00;M1;5;21;4561,92718;4562,12000;UP
2026-04-29 19:21:00;M1;5;34;4559,05783;4558,21000;DOWN
2026-04-29 19:26:00;M1;5;34;4560,55652;4561,85000;UP
2026-04-29 19:26:00;M1;5;21;4563,08013;4561,85000;DOWN
2026-04-29 19:32:00;M1;5;55;4555,31570;4554,73000;DOWN
2026-04-29 19:56:00;M1;5;89;4544,74693;4544,54000;DOWN
2026-04-29 20:05:00;M1;5;89;4545,43288;4546,27000;UP
2026-04-29 20:06:00;M1;5;21;4546,08277;4548,19000;UP
2026-04-29 20:21:00;M1;5;34;4551,23042;4551,66000;UP
2026-04-29 20:29:00;M1;5;89;4548,87848;4547,16000;DOWN
2026-04-29 20:31:00;M1;5;21;4546,65455;4547,19000;UP
2026-04-29 20:36:00;M1;5;21;4546,47514;4544,99000;DOWN
2026-04-29 20:51:00;M1;5;21;4544,83311;4546,91000;UP
2026-04-29 20:56:00;M1;5;34;4544,56258;4543,58000;DOWN
2026-04-29 21:01:00;M1;5;21;4543,84383;4548,04000;UP
2026-04-29 21:06:00;M1;5;34;4542,91030;4537,49000;DOWN
2026-04-29 21:16:00;M1;5;21;4535,78850;4537,29000;UP
2026-04-29 21:28:00;M1;5;21;4531,67413;4530,86000;DOWN
2026-04-29 21:36:00;M1;5;21;4527,20441;4535,65000;UP
2026-04-29 21:41:00;M1;5;34;4529,43385;4524,44000;DOWN
2026-04-29 21:47:00;M1;5;21;4523,01406;4527,16000;UP
2026-04-29 21:51:00;M1;5;55;4532,47424;4533,35000;UP
2026-04-29 22:00:00;M1;5;89;4541,54495;4542,91000;UP
2026-04-29 22:02:00;M1;5;89;4540,62994;4540,12000;DOWN
2026-04-29 22:06:00;M1;5;89;4539,83567;4540,08000;UP
2026-04-29 22:26:00;M1;5;21;4543,95780;4543,34000;DOWN
2026-04-29 22:35:00;M1;5;89;4538,34976;4538,01000;DOWN
2026-04-29 22:36:00;M1;5;89;4538,19238;4539,84000;UP
2026-04-29 22:43:00;M1;5;34;4538,83136;4538,67000;DOWN
2026-04-29 22:49:00;M1;5;21;4546,43690;4548,03000;UP
2026-04-29 22:57:00;M1;5;21;4547,43780;4545,74000;DOWN
2026-04-29 23:06:00;M1;5;21;4548,62129;4549,35000;UP
2026-04-29 23:12:00;M1;5;34;4548,25037;4547,95000;DOWN
2026-04-29 23:32:00;M1;5;55;4543,44980;4542,87000;DOWN
2026-04-29 23:37:00;M1;5;55;4544,26492;4545,23000;UP
2026-04-29 23:42:00;M1;5;55;4544,95578;4544,39000;DOWN
2026-04-29 23:57:00;M1;5;21;4543,19429;4543,30000;UP
2026-04-30 01:04:00;M1;5;89;4540,65852;4539,56000;DOWN
2026-04-30 01:06:00;M1;5;21;4542,08267;4544,37000;UP
2026-04-30 01:11:00;M1;5;55;4546,58398;4546,14000;DOWN
2026-04-30 01:16:00;M1;5;55;4546,78270;4549,75000;UP
2026-04-30 01:39:00;M1;5;21;4548,56418;4548,50000;DOWN
2026-04-30 01:45:00;M1;5;21;4549,38292;4549,70000;UP
2026-04-30 01:43:00;M1;5;55;4548,36457;4548,13000;DOWN
2026-04-30 01:46:00;M1;5;55;4548,73297;4551,21000;UP
2026-04-30 01:54:00;M1;5;21;4551,03565;4550,61000;DOWN
2026-04-30 01:57:00;M1;5;21;4551,73616;4551,77000;UP
2026-04-30 02:02:00;M1;5;21;4552,42612;4552,02000;DOWN
2026-04-30 02:15:00;M1;5;21;4553,28024;4553,91000;UP
2026-04-30 02:11:00;M1;5;34;4551,56703;4551,36000;DOWN
2026-04-30 02:16:00;M1;5;34;4552,22624;4555,07000;UP
2026-04-30 02:18:00;M1;5;55;4551,18585;4550,46000;DOWN
2026-04-30 02:22:00;M1;5;55;4551,53303;4551,70000;UP
2026-04-30 02:21:00;M1;5;34;4552,69764;4551,44000;DOWN
2026-04-30 02:26:00;M1;5;55;4551,85557;4551,69000;DOWN
2026-04-30 02:33:00;M1;5;55;4552,17752;4552,46000;UP
2026-04-30 02:37:00;M1;5;21;4553,33518;4553,52000;UP
2026-04-30 02:42:00;M1;5;34;4553,99303;4553,81000;DOWN
2026-04-30 02:46:00;M1;5;34;4554,54567;4555,27000;UP
2026-04-30 03:14:00;M1;5;34;4558,88653;4558,08000;DOWN
2026-04-30 03:18:00;M1;5;21;4561,42339;4564,34000;UP
2026-04-30 03:21:00;M1;5;21;4562,15604;4560,56000;DOWN
2026-04-30 03:26:00;M1;5;21;4562,92493;4563,95000;UP
2026-04-30 03:28:00;M1;5;34;4561,22428;4560,56000;DOWN
2026-04-30 03:31:00;M1;5;34;4562,10344;4565,38000;UP
2026-04-30 03:32:00;M1;5;21;4563,79302;4563,74000;DOWN
2026-04-30 03:39:00;M1;5;21;4564,63417;4565,17000;UP
2026-04-30 03:37:00;M1;5;34;4563,05494;4562,63000;DOWN
2026-04-30 03:41:00;M1;5;34;4564,09379;4565,56000;UP
2026-04-30 03:41:00;M1;5;21;4565,58691;4565,56000;DOWN
2026-04-30 03:46:00;M1;5;21;4567,18456;4571,00000;UP
2026-04-30 04:00:00;M1;5;34;4568,54839;4568,11000;DOWN
2026-04-30 04:01:00;M1;5;34;4569,71374;4570,85000;UP
2026-04-30 04:05:00;M1;5;55;4566,80807;4566,09000;DOWN
2026-04-30 04:06:00;M1;5;34;4570,43842;4567,41000;DOWN
2026-04-30 04:15:00;M1;5;55;4568,63071;4569,01000;UP
2026-04-30 04:21:00;M1;5;55;4570,18954;4568,94000;DOWN
2026-04-30 04:27:00;M1;5;21;4572,53794;4575,03000;UP
2026-04-30 04:36:00;M1;5;55;4573,23920;4572,54000;DOWN
2026-04-30 04:41:00;M1;5;21;4576,08816;4578,36000;UP
2026-04-30 04:46:00;M1;5;55;4575,39744;4574,86000;DOWN
2026-04-30 04:51:00;M1;5;21;4578,68058;4578,78000;UP
2026-04-30 04:56:00;M1;5;21;4580,02469;4579,55000;DOWN
2026-04-30 05:03:00;M1;5;55;4578,59165;4577,21000;DOWN
2026-04-30 05:11:00;M1;5;89;4576,51095;4575,42000;DOWN
2026-04-30 05:16:00;M1;5;89;4577,33138;4579,21000;UP
2026-04-30 05:21:00;M1;5;89;4578,06648;4576,35000;DOWN
2026-04-30 05:56:00;M1;5;21;4562,59982;4564,79000;UP
2026-04-30 06:02:00;M1;5;34;4568,43608;4568,49000;UP
2026-04-30 06:07:00;M1;5;34;4567,12640;4565,11000;DOWN
2026-04-30 06:11:00;M1;5;34;4565,96315;4565,99000;UP
2026-04-30 06:20:00;M1;5;34;4564,96365;4564,46000;DOWN
2026-04-30 06:21:00;M1;5;34;4564,07847;4564,68000;UP
2026-04-30 06:29:00;M1;5;34;4563,23169;4563,22000;DOWN
2026-04-30 06:31:00;M1;5;21;4562,39166;4561,43000;DOWN
2026-04-30 06:44:00;M1;5;21;4561,36350;4561,54000;UP
2026-04-30 06:48:00;M1;5;34;4559,67431;4558,63000;DOWN
2026-04-30 07:10:00;M1;5;21;4555,31358;4556,45000;UP
2026-04-30 07:12:00;M1;5;34;4555,40877;4554,44000;DOWN
2026-04-30 07:16:00;M1;5;21;4553,04430;4555,09000;UP
2026-04-30 07:21:00;M1;5;34;4553,47202;4551,37000;DOWN
2026-04-30 07:43:00;M1;5;21;4543,73418;4544,18000;UP
2026-04-30 07:53:00;M1;5;55;4547,57501;4547,86000;UP
2026-04-30 07:57:00;M1;5;55;4546,32140;4544,38000;DOWN
2026-04-30 08:01:00;M1;5;34;4542,65660;4546,85000;UP
2026-04-30 08:14:00;M1;5;89;4553,09854;4553,21000;UP
2026-04-30 08:54:00;M1;5;21;4566,32543;4565,57000;DOWN
2026-04-30 09:11:00;M1;5;34;4564,83499;4563,26000;DOWN
2026-04-30 09:17:00;M1;5;34;4566,25148;4566,54000;UP
2026-04-30 09:24:00;M1;5;21;4569,34259;4570,96000;UP
2026-04-30 09:21:00;M1;5;34;4567,75804;4567,26000;DOWN
2026-04-30 09:28:00;M1;5;34;4569,14788;4569,85000;UP
2026-04-30 09:26:00;M1;5;21;4569,83795;4567,27000;DOWN
2026-04-30 09:31:00;M1;5;21;4571,10244;4574,54000;UP
2026-04-30 09:41:00;M1;5;34;4573,82616;4573,58000;DOWN
2026-04-30 09:46:00;M1;5;21;4575,90207;4576,75000;UP
2026-04-30 10:17:00;M1;5;34;4588,34422;4587,69000;DOWN
2026-04-30 10:30:00;M1;5;34;4591,78882;4591,90000;UP
2026-04-30 10:31:00;M1;5;34;4593,05688;4590,08000;DOWN
2026-04-30 10:36:00;M1;5;55;4589,78146;4588,31000;DOWN
2026-04-30 10:42:00;M1;5;21;4595,46576;4595,50000;UP
2026-04-30 10:46:00;M1;5;34;4596,70763;4596,17000;DOWN
2026-04-30 10:52:00;M1;5;21;4597,81525;4598,09000;UP
2026-04-30 10:57:00;M1;5;34;4599,67761;4598,89000;DOWN
2026-04-30 11:03:00;M1;5;21;4603,09732;4607,49000;UP
2026-04-30 11:18:00;M1;5;21;4617,27425;4615,80000;DOWN
2026-04-30 11:21:00;M1;5;34;4614,76969;4613,12000;DOWN
2026-04-30 11:27:00;M1;5;34;4616,95757;4618,88000;UP
2026-04-30 11:35:00;M1;5;55;4615,13625;4614,33000;DOWN
2026-04-30 11:38:00;M1;5;55;4617,18606;4619,82000;UP
2026-04-30 11:41:00;M1;5;55;4618,95582;4614,12000;DOWN
2026-04-30 12:09:00;M1;5;21;4619,61326;4619,96000;UP
2026-04-30 12:11:00;M1;5;89;4618,08875;4616,55000;DOWN
2026-04-30 12:24:00;M1;5;21;4619,06596;4619,25000;UP
2026-04-30 12:28:00;M1;5;34;4624,14931;4625,01000;UP
2026-04-30 12:26:00;M1;5;21;4619,76121;4618,97000;DOWN
2026-04-30 12:31:00;M1;5;21;4620,87760;4627,98000;UP
2026-04-30 12:33:00;M1;5;34;4624,21357;4624,17000;DOWN
2026-04-30 12:36:00;M1;5;89;4625,54960;4624,29000;DOWN
2026-04-30 12:49:00;M1;5;21;4623,39911;4623,58000;UP
2026-04-30 12:54:00;M1;5;34;4624,87628;4626,65000;UP
2026-04-30 12:51:00;M1;5;21;4624,22975;4622,63000;DOWN
2026-04-30 12:57:00;M1;5;21;4625,02835;4625,13000;UP
2026-04-30 12:56:00;M1;5;34;4625,21936;4624,79000;DOWN
2026-04-30 13:01:00;M1;5;34;4625,53587;4628,70000;UP
2026-04-30 13:03:00;M1;5;21;4625,65760;4625,51000;DOWN
2026-04-30 13:06:00;M1;5;21;4626,19690;4627,97000;UP
2026-04-30 13:09:00;M1;5;34;4625,92031;4625,86000;DOWN
2026-04-30 13:11:00;M1;5;34;4626,33479;4626,54000;UP
2026-04-30 13:11:00;M1;5;21;4626,65400;4626,54000;DOWN
2026-04-30 13:16:00;M1;5;21;4627,28277;4631,62000;UP
2026-04-30 13:22:00;M1;5;55;4631,80197;4631,67000;DOWN
2026-04-30 13:26:00;M1;5;55;4632,47234;4635,31000;UP
2026-04-30 13:34:00;M1;5;89;4637,15768;4635,84000;DOWN
2026-04-30 13:37:00;M1;5;21;4636,26693;4635,76000;DOWN
2026-04-30 13:41:00;M1;5;21;4638,03629;4638,54000;UP
2026-04-30 13:46:00;M1;5;89;4640,16456;4634,36000;DOWN
2026-04-30 13:51:00;M1;5;34;4637,09869;4637,61000;UP
2026-04-30 13:56:00;M1;5;55;4637,72896;4634,46000;DOWN
2026-04-30 14:02:00;M1;5;21;4641,75354;4642,07000;UP
2026-04-30 14:09:00;M1;5;89;4643,75901;4644,76000;UP
2026-04-30 14:06:00;M1;5;34;4640,83777;4640,30000;DOWN
2026-04-30 14:11:00;M1;5;21;4643,01252;4643,43000;UP
2026-04-30 14:11:00;M1;5;89;4644,52092;4643,43000;DOWN
2026-04-30 14:16:00;M1;5;34;4642,35985;4636,56000;DOWN
2026-04-30 14:47:00;M1;5;21;4633,02726;4634,28000;UP
2026-04-30 14:51:00;M1;5;21;4631,62279;4630,74000;DOWN
2026-04-30 15:00:00;M1;5;21;4630,44042;4631,88000;UP
2026-04-30 15:01:00;M1;5;34;4635,26995;4635,93000;UP
2026-04-30 15:07:00;M1;5;34;4634,40933;4633,20000;DOWN
2026-04-30 15:11:00;M1;5;34;4633,82081;4634,82000;UP
2026-04-30 15:16:00;M1;5;34;4633,23317;4628,80000;DOWN
2026-04-30 15:21:00;M1;5;21;4631,30647;4636,43000;UP
2026-04-30 15:26:00;M1;5;34;4632,08242;4631,78000;DOWN
2026-04-30 15:31:00;M1;5;21;4630,94237;4632,28000;UP
2026-04-30 15:36:00;M1;5;34;4630,67820;4629,89000;DOWN
2026-04-30 15:46:00;M1;5;21;4628,99114;4631,25000;UP
2026-04-30 15:54:00;M1;5;55;4633,86885;4635,15000;UP
2026-04-30 16:02:00;M1;5;89;4641,37851;4643,12000;UP
2026-04-30 16:06:00;M1;5;89;4641,20374;4638,16000;DOWN
2026-04-30 16:15:00;M1;5;89;4641,12455;4642,17000;UP
2026-04-30 16:16:00;M1;5;89;4641,08694;4636,10000;DOWN
2026-04-30 16:29:00;M1;5;55;4634,55593;4633,56000;DOWN
2026-04-30 17:02:00;M1;5;21;4617,36516;4620,55000;UP
2026-04-30 17:15:00;M1;5;34;4622,00289;4622,06000;UP
2026-04-30 17:16:00;M1;5;34;4620,63677;4617,16000;DOWN
2026-04-30 17:21:00;M1;5;34;4619,62966;4620,55000;UP
2026-04-30 17:28:00;M1;5;55;4623,16308;4623,18000;UP
2026-04-30 17:30:00;M1;5;34;4618,83143;4618,76000;DOWN
2026-04-30 17:31:00;M1;5;34;4617,93517;4619,87000;UP
2026-04-30 17:31:00;M1;5;55;4622,38574;4619,87000;DOWN
2026-04-30 17:36:00;M1;5;34;4616,75777;4612,73000;DOWN
2026-04-30 17:41:00;M1;5;21;4616,71990;4617,56000;UP
2026-04-30 17:46:00;M1;5;55;4619,61432;4622,30000;UP
2026-04-30 17:55:00;M1;5;55;4618,85752;4618,62000;DOWN
2026-04-30 17:56:00;M1;5;55;4618,17461;4619,83000;UP
2026-04-30 18:03:00;M1;5;55;4617,50300;4617,16000;DOWN
2026-04-30 18:07:00;M1;5;21;4618,73168;4621,20000;UP
2026-04-30 18:11:00;M1;5;89;4622,28380;4620,79000;DOWN
2026-04-30 18:19:00;M1;5;21;4619,50322;4619,58000;UP
2026-04-30 18:25:00;M1;5;89;4621,16122;4623,17000;UP
2026-04-30 18:21:00;M1;5;34;4617,16992;4616,99000;DOWN
2026-04-30 18:26:00;M1;5;21;4620,61541;4621,90000;UP
2026-04-30 18:37:00;M1;5;89;4619,86500;4618,43000;DOWN
2026-04-30 18:41:00;M1;5;55;4615,71831;4617,44000;UP
2026-04-30 18:46:00;M1;5;55;4615,56128;4614,82000;DOWN
2026-04-30 18:56:00;M1;5;55;4615,15759;4615,64000;UP
2026-04-30 19:05:00;M1;5;21;4615,54546;4616,74000;UP
2026-04-30 19:01:00;M1;5;55;4614,93010;4611,26000;DOWN
2026-04-30 19:06:00;M1;5;55;4614,68702;4615,44000;UP
2026-04-30 19:09:00;M1;5;21;4614,57651;4613,92000;DOWN
2026-04-30 19:11:00;M1;5;55;4614,38862;4612,66000;DOWN
2026-04-30 19:24:00;M1;5;21;4610,64630;4611,07000;UP
2026-04-30 19:26:00;M1;5;21;4609,41408;4609,30000;DOWN
2026-04-30 19:32:00;M1;5;21;4608,88920;4610,69000;UP
2026-04-30 19:36:00;M1;5;55;4611,75899;4609,76000;DOWN
2026-04-30 19:41:00;M1;5;34;4610,11734;4610,29000;UP
2026-04-30 19:49:00;M1;5;55;4610,81629;4613,31000;UP
2026-04-30 19:56:00;M1;5;89;4610,27251;4607,55000;DOWN
2026-04-30 20:01:00;M1;5;21;4610,89110;4612,63000;UP
2026-04-30 20:16:00;M1;5;21;4615,15363;4614,56000;DOWN
2026-04-30 20:21:00;M1;5;21;4616,59581;4619,25000;UP
2026-04-30 20:26:00;M1;5;21;4617,75402;4617,50000;DOWN
2026-04-30 20:36:00;M1;5;21;4619,13223;4620,23000;UP
2026-04-30 20:42:00;M1;5;34;4616,20476;4616,17000;DOWN
2026-04-30 20:46:00;M1;5;34;4616,83073;4619,22000;UP
2026-04-30 20:51:00;M1;5;34;4617,29808;4615,99000;DOWN
2026-04-30 21:00:00;M1;5;21;4618,57622;4621,87000;UP
2026-04-30 21:24:00;M1;5;21;4621,80702;4621,65000;DOWN
2026-04-30 21:27:00;M1;5;21;4622,27830;4622,96000;UP
2026-04-30 21:26:00;M1;5;34;4621,84919;4621,52000;DOWN
2026-04-30 21:31:00;M1;5;21;4622,46015;4619,87000;DOWN
2026-04-30 21:41:00;M1;5;55;4620,12487;4619,87000;DOWN
2026-04-30 21:48:00;M1;5;21;4622,31148;4622,53000;UP
2026-04-30 21:51:00;M1;5;34;4622,68005;4622,45000;DOWN
2026-04-30 21:56:00;M1;5;34;4622,90851;4624,06000;UP
2026-04-30 21:58:00;M1;5;21;4622,50543;4622,40000;DOWN
2026-04-30 22:01:00;M1;5;21;4622,82918;4624,68000;UP
2026-04-30 22:15:00;M1;5;34;4624,08029;4624,04000;DOWN
2026-04-30 22:16:00;M1;5;34;4624,29267;4624,36000;UP
2026-04-30 22:20:00;M1;5;89;4618,37453;4618,17000;DOWN
2026-04-30 22:21:00;M1;5;89;4618,85670;4619,69000;UP
2026-04-30 22:21:00;M1;5;34;4624,23896;4619,69000;DOWN
2026-04-30 22:26:00;M1;5;89;4619,26275;4617,72000;DOWN
2026-04-30 22:39:00;M1;5;21;4621,07746;4621,35000;UP
2026-04-30 22:43:00;M1;5;34;4622,30227;4622,47000;UP
2026-04-30 22:50:00;M1;5;89;4620,53399;4615,89000;DOWN
2026-04-30 23:01:00;M1;5;21;4618,16625;4619,14000;UP
2026-04-30 23:07:00;M1;5;21;4617,37191;4616,86000;DOWN
2026-04-30 23:11:00;M1;5;21;4616,71171;4617,26000;UP
2026-04-30 23:18:00;M1;5;34;4618,28863;4618,44000;UP
2026-04-30 23:21:00;M1;5;34;4617,73902;4617,70000;DOWN
2026-04-30 23:30:00;M1;5;21;4616,06721;4615,57000;DOWN
2026-04-30 23:32:00;M1;5;21;4616,07212;4617,12000;UP
2026-04-30 23:52:00;M1;5;55;4618,49992;4619,11000;UP
2026-04-30 23:57:00;M1;5;89;4620,48555;4620,39000;DOWN
2026-05-01 01:01:00;M1;5;89;4620,56586;4629,14000;UP
2026-05-01 01:25:00;M1;5;21;4629,84116;4629,69000;DOWN
2026-05-01 01:30:00;M1;5;21;4631,62079;4631,86000;UP
2026-05-01 01:31:00;M1;5;21;4632,65886;4631,30000;DOWN
2026-05-01 01:36:00;M1;5;34;4628,75922;4627,87000;DOWN
2026-05-01 01:41:00;M1;5;34;4629,96433;4631,01000;UP
2026-05-01 01:46:00;M1;5;34;4631,08001;4631,08000;DOWN
2026-05-01 02:09:00;M1;5;55;4629,35687;4629,27000;DOWN
2026-05-01 02:11:00;M1;5;55;4629,99385;4630,84000;UP
2026-05-01 02:16:00;M1;5;55;4630,56843;4630,24000;DOWN
2026-05-01 02:25:00;M1;5;21;4630,64406;4631,15000;UP
2026-05-01 02:28:00;M1;5;55;4631,58599;4631,52000;DOWN
2026-05-01 02:31:00;M1;5;55;4632,09486;4632,54000;UP
2026-05-01 02:36:00;M1;5;34;4633,09170;4633,32000;UP
2026-05-01 02:43:00;M1;5;55;4633,08352;4632,45000;DOWN
2026-05-01 02:46:00;M1;5;21;4631,62048;4632,42000;UP
2026-05-01 02:52:00;M1;5;89;4630,48038;4630,28000;DOWN
2026-05-01 03:20:00;M1;5;21;4627,16621;4627,43000;UP
2026-05-01 03:23:00;M1;5;21;4625,79092;4624,39000;DOWN
2026-05-01 03:32:00;M1;5;21;4623,31258;4623,56000;UP
2026-05-01 03:36:00;M1;5;21;4622,08192;4619,10000;DOWN
2026-05-01 03:41:00;M1;5;21;4620,98608;4621,59000;UP
2026-05-01 03:48:00;M1;5;34;4623,22907;4623,29000;UP
2026-05-01 03:51:00;M1;5;34;4622,46670;4621,95000;DOWN
2026-05-01 03:56:00;M1;5;34;4621,68320;4623,64000;UP
2026-05-01 03:59:00;M1;5;21;4619,88705;4619,71000;DOWN
2026-05-01 04:01:00;M1;5;34;4620,79278;4617,34000;DOWN
2026-05-01 04:14:00;M1;5;21;4618,05943;4618,41000;UP
2026-05-01 04:16:00;M1;5;21;4617,16289;4617,14000;DOWN
2026-05-01 04:26:00;M1;5;21;4615,49080;4615,62000;UP
2026-05-01 04:33:00;M1;5;55;4619,44003;4620,24000;UP
2026-05-01 05:02:00;M1;5;89;4622,31478;4623,02000;UP
2026-05-01 05:26:00;M1;5;21;4630,38118;4630,25000;DOWN
2026-05-01 05:45:00;M1;5;89;4622,80729;4622,30000;DOWN
2026-05-01 06:12:00;M1;5;21;4619,81807;4619,88000;UP
2026-05-01 06:20:00;M1;5;55;4623,15171;4623,73000;UP
2026-05-01 06:21:00;M1;5;34;4623,54496;4623,90000;UP
2026-05-01 06:51:00;M1;5;21;4627,12739;4626,69000;DOWN
2026-05-01 07:03:00;M1;5;55;4625,93861;4624,84000;DOWN
2026-05-01 07:06:00;M1;5;34;4625,11914;4625,68000;UP
2026-05-01 07:07:00;M1;5;89;4623,19743;4622,51000;DOWN
2026-05-01 07:11:00;M1;5;34;4624,98082;4621,78000;DOWN
2026-05-01 07:57:00;M1;5;21;4610,49746;4611,41000;UP
2026-05-01 08:01:00;M1;5;21;4608,84428;4608,69000;DOWN
2026-05-01 08:06:00;M1;5;21;4607,92508;4611,85000;UP
2026-05-01 08:21:00;M1;5;55;4614,53520;4615,03000;UP
2026-05-01 08:26:00;M1;5;55;4613,92035;4612,90000;DOWN
2026-05-01 08:31:00;M1;5;55;4613,39133;4615,23000;UP
2026-05-01 08:36:00;M1;5;55;4612,81351;4612,18000;DOWN
2026-05-01 08:41:00;M1;5;34;4609,61750;4611,00000;UP
2026-05-01 08:48:00;M1;5;21;4612,24861;4612,57000;UP
2026-05-01 08:51:00;M1;5;55;4610,83326;4610,78000;DOWN
2026-05-01 09:35:00;M1;5;21;4595,94361;4596,49000;UP
2026-05-01 09:38:00;M1;5;21;4593,79040;4592,38000;DOWN
2026-05-01 09:42:00;M1;5;21;4592,02557;4593,17000;UP
2026-05-01 09:48:00;M1;5;34;4594,93325;4595,67000;UP
2026-05-01 09:52:00;M1;5;34;4593,34832;4593,32000;DOWN
2026-05-01 09:56:00;M1;5;34;4592,07985;4593,57000;UP
2026-05-01 10:02:00;M1;5;55;4594,33300;4595,05000;UP
2026-05-01 10:06:00;M1;5;55;4593,31773;4592,58000;DOWN
2026-05-01 10:11:00;M1;5;55;4592,46415;4595,52000;UP
2026-05-01 10:17:00;M1;5;89;4597,01965;4597,79000;UP
2026-05-01 10:21:00;M1;5;89;4596,02587;4590,33000;DOWN
2026-05-01 10:28:00;M1;5;21;4592,04180;4592,08000;UP
2026-05-01 10:31:00;M1;5;55;4589,49596;4588,70000;DOWN
2026-05-01 11:01:00;M1;5;21;4580,75220;4580,95000;UP
2026-05-01 11:10:00;M1;5;21;4579,10437;4574,72000;DOWN
2026-05-01 11:32:00;M1;5;21;4568,60320;4570,28000;UP
2026-05-01 11:42:00;M1;5;34;4569,36575;4571,14000;UP
2026-05-01 11:49:00;M1;5;55;4570,82537;4571,17000;UP
2026-05-01 11:51:00;M1;5;55;4569,67258;4566,80000;DOWN
2026-05-01 11:56:00;M1;5;21;4566,15790;4568,61000;UP
2026-05-01 12:01:00;M1;5;55;4567,50354;4566,75000;DOWN
2026-05-01 12:06:00;M1;5;21;4565,59480;4567,03000;UP
2026-05-01 12:11:00;M1;5;55;4565,36510;4565,15000;DOWN
2026-05-01 12:16:00;M1;5;21;4565,30690;4565,42000;UP
2026-05-01 12:46:00;M1;5;21;4569,54332;4568,33000;DOWN
2026-05-01 12:54:00;M1;5;89;4562,26253;4560,99000;DOWN
2026-05-01 12:56:00;M1;5;55;4561,79596;4561,80000;UP
2026-05-01 13:08:00;M1;5;21;4565,75416;4567,59000;UP
2026-05-01 13:39:00;M1;5;21;4568,83392;4568,22000;DOWN
2026-05-01 13:44:00;M1;5;21;4569,66566;4570,34000;UP
2026-05-01 13:46:00;M1;5;21;4570,20880;4570,14000;DOWN
2026-05-01 13:51:00;M1;5;34;4568,47638;4568,40000;DOWN
2026-05-01 14:01:00;M1;5;55;4565,02222;4564,60000;DOWN
2026-05-01 14:06:00;M1;5;55;4565,25203;4566,33000;UP
2026-05-01 14:11:00;M1;5;55;4565,41731;4563,81000;DOWN
2026-05-01 14:17:00;M1;5;21;4567,87396;4569,49000;UP
2026-05-01 14:49:00;M1;5;21;4574,42821;4574,22000;DOWN
2026-05-01 14:53:00;M1;5;21;4575,74500;4576,06000;UP
2026-05-01 15:01:00;M1;5;21;4578,24373;4576,47000;DOWN
2026-05-01 15:06:00;M1;5;21;4578,97368;4579,21000;UP
2026-05-01 15:11:00;M1;5;34;4577,33034;4575,44000;DOWN
2026-05-01 15:16:00;M1;5;21;4582,01631;4584,26000;UP
2026-05-01 15:40:00;M1;5;21;4597,29868;4597,15000;DOWN
2026-05-01 15:41:00;M1;5;34;4593,12281;4592,97000;DOWN
2026-05-01 15:56:00;M1;5;55;4590,88121;4590,21000;DOWN
2026-05-01 16:01:00;M1;5;55;4592,21194;4594,33000;UP
2026-05-01 16:06:00;M1;5;55;4593,49840;4592,35000;DOWN
2026-05-01 16:11:00;M1;5;55;4594,60978;4595,44000;UP
2026-05-01 16:16:00;M1;5;55;4595,56917;4588,37000;DOWN
2026-05-01 16:32:00;M1;5;21;4592,96611;4595,41000;UP
2026-05-01 16:47:00;M1;5;55;4600,73014;4598,99000;DOWN
2026-05-01 16:51:00;M1;5;34;4601,62354;4607,38000;UP
2026-05-01 17:25:00;M1;5;21;4648,52027;4646,90000;DOWN
2026-05-01 17:35:00;M1;5;34;4642,18744;4639,14000;DOWN
2026-05-01 17:41:00;M1;5;55;4637,01278;4632,53000;DOWN
2026-05-01 18:01:00;M1;5;89;4632,39590;4630,00000;DOWN
2026-05-01 18:13:00;M1;5;21;4631,85144;4632,87000;UP
2026-05-01 18:21:00;M1;5;89;4638,48673;4637,84000;DOWN
2026-05-01 18:38:00;M1;5;34;4641,13589;4642,08000;UP
2026-05-01 18:41:00;M1;5;89;4643,88514;4643,64000;DOWN
2026-05-01 18:46:00;M1;5;89;4645,22854;4646,39000;UP
2026-05-01 18:51:00;M1;5;89;4646,56097;4642,26000;DOWN
2026-05-01 18:57:00;M1;5;21;4643,45952;4643,07000;DOWN
2026-05-01 19:07:00;M1;5;34;4642,13594;4640,60000;DOWN
2026-05-01 19:15:00;M1;5;21;4645,49807;4646,33000;UP
2026-05-01 19:23:00;M1;5;34;4643,88936;4641,98000;DOWN
2026-05-01 19:53:00;M1;5;21;4639,96410;4640,49000;UP
2026-05-01 19:59:00;M1;5;21;4639,49027;4638,80000;DOWN
2026-05-01 20:01:00;M1;5;21;4639,00969;4641,20000;UP
2026-05-01 20:06:00;M1;5;34;4641,46017;4639,47000;DOWN
2026-05-01 20:11:00;M1;5;21;4638,36502;4638,53000;UP
2026-05-01 20:17:00;M1;5;21;4638,28935;4637,59000;DOWN
2026-05-01 20:53:00;M1;5;21;4628,54718;4631,23000;UP
2026-05-01 21:02:00;M1;5;21;4626,35311;4624,89000;DOWN
2026-05-01 21:22:00;M1;5;21;4619,54579;4619,89000;UP
2026-05-01 21:29:00;M1;5;34;4621,37291;4623,47000;UP
2026-05-01 21:33:00;M1;5;34;4620,04894;4619,73000;DOWN
2026-05-01 21:36:00;M1;5;21;4617,28603;4617,66000;UP
2026-05-01 21:41:00;M1;5;34;4617,96004;4622,03000;UP
2026-05-01 21:47:00;M1;5;55;4621,79603;4622,27000;UP
2026-05-01 22:25:00;M1;5;89;4627,30196;4627,39000;UP
2026-05-01 22:28:00;M1;5;89;4626,54241;4625,77000;DOWN
2026-05-01 22:33:00;M1;5;55;4618,42782;4617,26000;DOWN
2026-05-01 23:09:00;M1;5;21;4609,94239;4610,19000;UP
2026-05-01 23:21:00;M1;5;34;4611,13511;4611,29000;UP
2026-05-01 23:28:00;M1;5;89;4614,12156;4614,68000;UP
2026-05-01 23:37:00;M1;5;89;4612,46670;4612,35000;DOWN
2026-05-01 23:42:00;M1;5;89;4611,76340;4612,05000;UP
2026-05-04 01:16:00;M1;5;21;4621,21720;4620,39000;DOWN
2026-05-04 01:21:00;M1;5;34;4616,69745;4616,47000;DOWN
2026-05-04 01:26:00;M1;5;34;4617,86173;4620,32000;UP
2026-05-04 01:34:00;M1;5;21;4623,22243;4623,51000;UP
2026-05-04 01:36:00;M1;5;21;4624,08049;4624,08000;DOWN
2026-05-04 01:41:00;M1;5;21;4625,31340;4627,84000;UP
2026-05-04 01:49:00;M1;5;21;4626,38508;4626,24000;DOWN
2026-05-04 01:51:00;M1;5;21;4626,40541;4627,03000;UP
2026-05-04 01:52:00;M1;5;34;4624,20166;4623,88000;DOWN
2026-05-04 01:58:00;M1;5;55;4618,68737;4618,57000;DOWN
2026-05-04 02:11:00;M1;5;89;4614,34490;4613,77000;DOWN
2026-05-04 02:16:00;M1;5;89;4614,51345;4615,31000;UP
2026-05-04 02:21:00;M1;5;89;4614,61850;4614,50000;DOWN
2026-05-04 02:26:00;M1;5;21;4616,29562;4616,59000;UP
2026-05-04 02:39:00;M1;5;89;4614,81020;4614,81000;DOWN
2026-05-04 02:41:00;M1;5;21;4614,05428;4614,33000;UP
2026-05-04 02:47:00;M1;5;89;4614,81928;4615,37000;UP
2026-05-04 02:56:00;M1;5;34;4615,59173;4616,73000;UP
2026-05-04 02:57:00;M1;5;89;4614,83700;4614,70000;DOWN
2026-05-04 03:01:00;M1;5;34;4614,50320;4606,40000;DOWN
2026-05-04 03:07:00;M1;5;21;4612,41146;4615,44000;UP
2026-05-04 03:11:00;M1;5;89;4614,63725;4613,89000;DOWN
2026-05-04 03:16:00;M1;5;21;4611,21172;4611,67000;UP
2026-05-04 03:21:00;M1;5;21;4609,85911;4604,71000;DOWN
2026-05-04 03:31:00;M1;5;21;4607,17595;4608,82000;UP
2026-05-04 03:37:00;M1;5;34;4607,77069;4607,34000;DOWN
2026-05-04 03:41:00;M1;5;34;4606,89334;4608,32000;UP
2026-05-04 03:54:00;M1;5;55;4609,35505;4609,51000;UP
2026-05-04 04:00:00;M1;5;89;4611,75498;4610,97000;DOWN
2026-05-04 04:02:00;M1;5;55;4608,07037;4605,74000;DOWN
2026-05-04 04:17:00;M1;5;21;4602,51072;4603,55000;UP
2026-05-04 04:21:00;M1;5;34;4601,73396;4599,39000;DOWN
2026-05-04 04:34:00;M1;5;21;4597,63911;4599,21000;UP
2026-05-04 04:36:00;M1;5;34;4598,48605;4598,97000;UP
2026-05-04 04:42:00;M1;5;55;4599,86932;4600,76000;UP
2026-05-04 04:51:00;M1;5;89;4603,76315;4606,03000;UP
2026-05-04 05:10:00;M1;5;21;4606,00181;4605,80000;DOWN
2026-05-04 05:13:00;M1;5;21;4608,19120;4609,91000;UP
2026-05-04 05:16:00;M1;5;34;4603,60434;4603,02000;DOWN
2026-05-04 05:21:00;M1;5;89;4602,23178;4600,97000;DOWN
2026-05-04 05:37:00;M1;5;55;4599,82231;4600,43000;UP
2026-05-04 05:42:00;M1;5;21;4601,03138;4601,29000;UP
2026-05-04 06:26:00;M1;5;21;4609,86055;4608,90000;DOWN
2026-05-04 06:35:00;M1;5;34;4607,33714;4606,59000;DOWN
2026-05-04 06:40:00;M1;5;89;4601,06027;4600,62000;DOWN
2026-05-04 06:45:00;M1;5;34;4607,59482;4608,69000;UP
2026-05-04 06:46:00;M1;5;21;4608,59859;4612,59000;UP
2026-05-04 07:03:00;M1;5;34;4610,23994;4609,40000;DOWN
2026-05-04 07:07:00;M1;5;21;4611,27250;4611,89000;UP
2026-05-04 07:11:00;M1;5;34;4611,35394;4610,69000;DOWN
2026-05-04 07:17:00;M1;5;21;4611,78558;4612,76000;UP
2026-05-04 07:22:00;M1;5;55;4609,80235;4608,57000;DOWN
2026-05-04 07:35:00;M1;5;21;4611,44421;4612,05000;UP
2026-05-04 07:39:00;M1;5;55;4610,82921;4610,21000;DOWN
2026-05-04 07:51:00;M1;5;21;4609,32261;4609,66000;UP
2026-05-04 07:55:00;M1;5;89;4607,06261;4605,56000;DOWN
2026-05-04 07:56:00;M1;5;21;4608,44623;4605,62000;DOWN
2026-05-04 08:11:00;M1;5;21;4605,55665;4606,02000;UP
2026-05-04 08:19:00;M1;5;34;4607,78010;4611,03000;UP
2026-05-04 08:16:00;M1;5;21;4605,45033;4601,70000;DOWN
2026-05-04 08:21:00;M1;5;21;4605,23819;4609,45000;UP
2026-05-04 08:24:00;M1;5;89;4607,93161;4604,70000;DOWN
2026-05-04 08:26:00;M1;5;21;4604,06535;4601,34000;DOWN
2026-05-04 08:44:00;M1;5;21;4598,42987;4598,90000;UP
2026-05-04 08:50:00;M1;5;21;4597,19782;4595,53000;DOWN
2026-05-04 08:51:00;M1;5;21;4596,38790;4597,18000;UP
2026-05-04 08:56:00;M1;5;34;4598,36418;4598,54000;UP
2026-05-04 09:01:00;M1;5;34;4597,37957;4595,50000;DOWN
2026-05-04 09:09:00;M1;5;21;4594,63432;4596,91000;UP
2026-05-04 09:11:00;M1;5;34;4595,79536;4595,45000;DOWN
2026-05-04 09:17:00;M1;5;21;4594,54959;4595,70000;UP
2026-05-04 09:22:00;M1;5;34;4594,48853;4593,23000;DOWN
2026-05-04 09:28:00;M1;5;34;4593,82835;4593,88000;UP
2026-05-04 09:31:00;M1;5;34;4592,99153;4592,10000;DOWN
2026-05-04 09:49:00;M1;5;21;4588,54565;4589,99000;UP
2026-05-04 09:58:00;M1;5;55;4590,43009;4590,76000;UP
2026-05-04 10:00:00;M1;5;34;4587,88648;4587,00000;DOWN
2026-05-04 10:01:00;M1;5;34;4587,28358;4590,04000;UP
2026-05-04 10:04:00;M1;5;55;4589,40382;4587,92000;DOWN
2026-05-04 10:07:00;M1;5;55;4588,55234;4589,54000;UP
2026-05-04 10:25:00;M1;5;55;4586,77370;4585,36000;DOWN
2026-05-04 10:26:00;M1;5;21;4587,45645;4587,73000;UP
2026-05-04 10:31:00;M1;5;55;4585,68571;4583,11000;DOWN
2026-05-04 10:38:00;M1;5;34;4585,42622;4586,23000;UP
2026-05-04 10:44:00;M1;5;21;4586,48298;4587,90000;UP
2026-05-04 10:41:00;M1;5;55;4584,69746;4584,55000;DOWN
2026-05-04 10:46:00;M1;5;34;4585,06934;4589,37000;UP
2026-05-04 10:50:00;M1;5;21;4586,37198;4585,53000;DOWN
2026-05-04 10:51:00;M1;5;21;4585,77963;4586,97000;UP
2026-05-04 10:51:00;M1;5;89;4588,03441;4586,97000;DOWN
2026-05-04 10:56:00;M1;5;21;4584,51832;4581,92000;DOWN
2026-05-04 11:14:00;M1;5;21;4579,12616;4580,10000;UP
2026-05-04 11:16:00;M1;5;21;4577,74326;4575,25000;DOWN
2026-05-04 11:21:00;M1;5;21;4576,60705;4577,29000;UP
2026-05-04 11:29:00;M1;5;21;4575,42594;4574,97000;DOWN
2026-05-04 11:31:00;M1;5;21;4574,59848;4576,28000;UP
2026-05-04 11:40:00;M1;5;89;4579,61312;4580,58000;UP
2026-05-04 11:36:00;M1;5;55;4576,92620;4575,90000;DOWN
2026-05-04 11:41:00;M1;5;34;4575,70741;4579,81000;UP
2026-05-04 11:43:00;M1;5;89;4578,79503;4578,40000;DOWN
2026-05-04 11:46:00;M1;5;89;4578,02919;4578,40000;UP
2026-05-04 11:58:00;M1;5;89;4576,64808;4576,20000;DOWN
2026-05-04 12:01:00;M1;5;89;4576,08116;4577,24000;UP
2026-05-04 12:24:00;M1;5;21;4580,86181;4580,66000;DOWN
2026-05-04 12:34:00;M1;5;21;4582,16291;4582,33000;UP
2026-05-04 12:41:00;M1;5;21;4583,17524;4582,67000;DOWN
2026-05-04 12:46:00;M1;5;34;4580,78538;4580,48000;DOWN
2026-05-04 13:00:00;M1;5;89;4574,40004;4574,06000;DOWN
2026-05-04 13:26:00;M1;5;21;4542,16014;4543,52000;UP
2026-05-04 13:33:00;M1;5;34;4553,63713;4555,54000;UP
2026-05-04 13:39:00;M1;5;55;4560,08713;4561,26000;UP
2026-05-04 13:41:00;M1;5;89;4562,18175;4562,35000;UP
2026-05-04 14:21:00;M1;5;21;4568,12432;4564,83000;DOWN
2026-05-04 14:34:00;M1;5;89;4556,84557;4556,78000;DOWN
2026-05-04 14:37:00;M1;5;34;4559,41241;4560,29000;UP
2026-05-04 14:39:00;M1;5;55;4554,59300;4553,65000;DOWN
2026-05-04 14:41:00;M1;5;55;4554,18378;4556,12000;UP
2026-05-04 14:43:00;M1;5;89;4556,05479;4554,69000;DOWN
2026-05-04 14:47:00;M1;5;89;4555,57248;4555,88000;UP
2026-05-04 14:51:00;M1;5;21;4558,55367;4558,59000;UP
2026-05-04 14:56:00;M1;5;34;4559,73007;4560,96000;UP
2026-05-04 15:01:00;M1;5;34;4559,88160;4559,80000;DOWN
2026-05-04 15:06:00;M1;5;34;4560,02687;4560,67000;UP
2026-05-04 15:27:00;M1;5;21;4565,95898;4565,61000;DOWN
2026-05-04 15:35:00;M1;5;34;4564,75244;4562,84000;DOWN
2026-05-04 15:38:00;M1;5;34;4565,70954;4568,34000;UP
2026-05-04 15:48:00;M1;5;21;4571,42169;4572,49000;UP
2026-05-04 15:46:00;M1;5;34;4567,53066;4567,05000;DOWN
2026-05-04 15:51:00;M1;5;34;4568,57404;4572,50000;UP
2026-05-04 15:54:00;M1;5;21;4572,30051;4571,97000;DOWN
2026-05-04 15:57:00;M1;5;21;4572,62997;4573,43000;UP
2026-05-04 16:00:00;M1;5;55;4564,93239;4563,50000;DOWN
2026-05-04 16:01:00;M1;5;21;4572,13216;4565,16000;DOWN
2026-05-04 16:08:00;M1;5;21;4571,77237;4572,54000;UP
2026-05-04 16:13:00;M1;5;55;4567,00803;4566,39000;DOWN
2026-05-04 16:32:00;M1;5;21;4565,68330;4567,11000;UP
2026-05-04 16:31:00;M1;5;89;4560,37061;4557,50000;DOWN
2026-05-04 16:36:00;M1;5;89;4560,83176;4568,43000;UP
2026-05-04 16:37:00;M1;5;55;4568,08715;4565,23000;DOWN
2026-05-04 16:41:00;M1;5;21;4564,88812;4567,29000;UP
2026-05-04 16:48:00;M1;5;89;4561,72396;4561,67000;DOWN
2026-05-04 16:51:00;M1;5;21;4563,63238;4563,82000;UP
2026-05-04 16:56:00;M1;5;89;4562,49143;4561,65000;DOWN
2026-05-04 17:01:00;M1;5;21;4562,47659;4563,08000;UP
2026-05-04 17:06:00;M1;5;89;4562,93674;4558,57000;DOWN
2026-05-04 17:12:00;M1;5;21;4560,17563;4561,60000;UP
2026-05-04 17:16:00;M1;5;55;4566,48383;4567,82000;UP
2026-05-04 17:46:00;M1;5;21;4575,46479;4572,79000;DOWN
2026-05-04 17:51:00;M1;5;55;4569,51872;4569,32000;DOWN
2026-05-04 17:57:00;M1;5;89;4567,47832;4566,09000;DOWN
2026-05-04 18:36:00;M1;5;21;4531,93065;4538,31000;UP
2026-05-04 18:49:00;M1;5;21;4525,04045;4522,97000;DOWN
2026-05-04 18:53:00;M1;5;21;4522,30833;4527,35000;UP
2026-05-04 19:06:00;M1;5;34;4522,33781;4523,01000;UP
2026-05-04 19:07:00;M1;5;21;4515,55284;4512,76000;DOWN
2026-05-04 19:12:00;M1;5;21;4512,89338;4514,68000;UP
2026-05-04 19:11:00;M1;5;34;4518,10170;4512,23000;DOWN
2026-05-04 19:18:00;M1;5;34;4514,77118;4519,51000;UP
2026-05-04 19:36:00;M1;5;55;4517,75314;4517,89000;UP
2026-05-04 19:41:00;M1;5;55;4515,09682;4514,03000;DOWN
2026-05-04 19:46:00;M1;5;55;4512,52760;4514,69000;UP
2026-05-04 19:47:00;M1;5;21;4510,19406;4509,36000;DOWN
2026-05-04 19:51:00;M1;5;21;4509,51198;4510,01000;UP
2026-05-04 19:51:00;M1;5;55;4510,04548;4510,01000;DOWN
2026-05-04 19:56:00;M1;5;55;4507,76055;4508,18000;UP
2026-05-04 19:56:00;M1;5;21;4509,00454;4508,18000;DOWN
2026-05-04 20:01:00;M1;5;21;4509,73632;4517,37000;UP
2026-05-04 20:28:00;M1;5;21;4522,59736;4522,32000;DOWN
2026-05-04 20:31:00;M1;5;21;4524,84468;4526,54000;UP
2026-05-04 20:36:00;M1;5;21;4526,52045;4522,81000;DOWN
2026-05-04 20:56:00;M1;5;34;4523,26393;4522,36000;DOWN
2026-05-04 21:24:00;M1;5;55;4514,90989;4514,08000;DOWN
2026-05-04 21:39:00;M1;5;21;4514,28418;4514,82000;UP
2026-05-04 21:43:00;M1;5;21;4512,86492;4510,75000;DOWN
2026-05-04 21:46:00;M1;5;21;4512,00775;4512,58000;UP
2026-05-04 21:51:00;M1;5;55;4515,35058;4515,52000;UP
2026-05-04 21:59:00;M1;5;34;4514,93039;4516,24000;UP
2026-05-04 21:56:00;M1;5;55;4515,32318;4513,37000;DOWN
2026-05-04 22:01:00;M1;5;55;4515,20193;4515,51000;UP
2026-05-04 22:04:00;M1;5;34;4513,99209;4511,49000;DOWN
2026-05-04 22:06:00;M1;5;34;4513,44124;4516,60000;UP
2026-05-04 22:41:00;M1;5;21;4523,43906;4522,57000;DOWN
2026-05-04 22:55:00;M1;5;55;4518,01327;4515,98000;DOWN
2026-05-04 23:20:00;M1;5;89;4512,29189;4512,26000;DOWN
2026-05-04 23:21:00;M1;5;89;4512,42737;4513,44000;UP
2026-05-04 23:26:00;M1;5;21;4513,68314;4514,68000;UP
2026-05-04 23:34:00;M1;5;34;4517,12728;4517,27000;UP
2026-05-04 23:38:00;M1;5;55;4516,65751;4516,51000;DOWN
2026-05-04 23:41:00;M1;5;34;4516,41873;4517,09000;UP
2026-05-05 01:06:00;M1;5;21;4521,00824;4520,87000;DOWN
2026-05-05 01:11:00;M1;5;21;4522,01329;4522,38000;UP
2026-05-05 01:16:00;M1;5;21;4522,54941;4522,23000;DOWN
2026-05-05 01:24:00;M1;5;34;4519,75680;4519,70000;DOWN
2026-05-05 01:26:00;M1;5;34;4520,12621;4520,69000;UP
2026-05-05 01:35:00;M1;5;34;4520,50773;4520,40000;DOWN
2026-05-05 01:40:00;M1;5;55;4519,54075;4519,07000;DOWN
2026-05-05 01:41:00;M1;5;55;4519,62087;4520,35000;UP
2026-05-05 01:46:00;M1;5;55;4519,65638;4517,41000;DOWN
2026-05-05 01:51:00;M1;5;89;4517,54336;4516,46000;DOWN
2026-05-05 02:04:00;M1;5;21;4518,12130;4518,21000;UP
2026-05-05 02:10:00;M1;5;34;4519,81118;4520,22000;UP
2026-05-05 02:11:00;M1;5;55;4519,50577;4518,44000;DOWN
2026-05-05 02:16:00;M1;5;34;4519,52839;4519,85000;UP
2026-05-05 02:31:00;M1;5;55;4520,14412;4519,92000;DOWN
2026-05-05 02:36:00;M1;5;55;4520,32577;4520,47000;UP
2026-05-05 02:37:00;M1;5;21;4520,32799;4519,95000;DOWN
2026-05-05 02:41:00;M1;5;89;4519,37525;4518,95000;DOWN
2026-05-05 02:46:00;M1;5;34;4519,92769;4520,26000;UP
2026-05-05 02:51:00;M1;5;89;4519,58771;4518,86000;DOWN
2026-05-05 02:56:00;M1;5;34;4519,76973;4520,16000;UP
2026-05-05 03:01:00;M1;5;21;4520,34770;4520,46000;UP
2026-05-05 03:20:00;M1;5;55;4521,16975;4520,91000;DOWN
2026-05-05 03:21:00;M1;5;89;4520,58127;4519,62000;DOWN
2026-05-05 03:40:00;M1;5;21;4521,60186;4521,79000;UP
2026-05-05 03:43:00;M1;5;34;4521,79200;4522,75000;UP
2026-05-05 03:41:00;M1;5;89;4521,04716;4520,16000;DOWN
2026-05-05 03:46:00;M1;5;21;4521,97443;4526,03000;UP
2026-05-05 04:25:00;M1;5;21;4537,13766;4535,60000;DOWN
2026-05-05 04:31:00;M1;5;34;4535,21710;4534,79000;DOWN
2026-05-05 04:36:00;M1;5;34;4536,43912;4539,47000;UP
2026-05-05 04:41:00;M1;5;34;4537,53337;4536,95000;DOWN
2026-05-05 04:48:00;M1;5;34;4538,64745;4539,82000;UP
2026-05-05 04:51:00;M1;5;34;4539,66001;4539,07000;DOWN
2026-05-05 04:59:00;M1;5;34;4540,68519;4540,92000;UP
2026-05-05 05:01:00;M1;5;21;4541,10971;4542,20000;UP
2026-05-05 05:02:00;M1;5;34;4541,52699;4540,79000;DOWN
2026-05-05 05:09:00;M1;5;55;4538,45027;4538,43000;DOWN
2026-05-05 05:11:00;M1;5;55;4539,31206;4539,84000;UP
2026-05-05 05:16:00;M1;5;55;4539,99650;4538,47000;DOWN
2026-05-05 05:26:00;M1;5;21;4539,41580;4539,65000;UP
2026-05-05 05:32:00;M1;5;34;4542,11469;4543,09000;UP
2026-05-05 05:31:00;M1;5;55;4541,79850;4541,58000;DOWN
2026-05-05 05:40:00;M1;5;55;4542,42453;4542,49000;UP
2026-05-05 05:36:00;M1;5;34;4542,22355;4541,81000;DOWN
2026-05-05 05:41:00;M1;5;34;4542,54178;4542,66000;UP
2026-05-05 05:41:00;M1;5;55;4543,10591;4542,66000;DOWN
2026-05-05 05:46:00;M1;5;55;4543,79774;4544,05000;UP
2026-05-05 05:50:00;M1;5;34;4542,95237;4542,30000;DOWN
2026-05-05 05:51:00;M1;5;34;4543,27681;4543,58000;UP
2026-05-05 05:51:00;M1;5;55;4544,41091;4543,58000;DOWN
2026-05-05 05:59:00;M1;5;89;4540,75768;4539,02000;DOWN
2026-05-05 06:05:00;M1;5;89;4541,40954;4541,61000;UP
2026-05-05 06:06:00;M1;5;89;4542,01414;4541,62000;DOWN
2026-05-05 07:01:00;M1;5;21;4534,99914;4535,51000;UP
2026-05-05 07:06:00;M1;5;21;4534,25118;4534,16000;DOWN
2026-05-05 07:11:00;M1;5;21;4533,54617;4533,77000;UP
2026-05-05 07:16:00;M1;5;21;4532,68945;4532,65000;DOWN
2026-05-05 07:21:00;M1;5;21;4531,76799;4531,84000;UP
2026-05-05 07:26:00;M1;5;21;4530,78435;4530,70000;DOWN
2026-05-05 07:31:00;M1;5;21;4530,23970;4531,53000;UP
2026-05-05 07:49:00;M1;5;55;4534,21383;4534,53000;UP
2026-05-05 07:55:00;M1;5;55;4533,64708;4531,88000;DOWN
2026-05-05 07:59:00;M1;5;55;4533,16057;4533,62000;UP
2026-05-05 08:00:00;M1;5;21;4531,54579;4531,49000;DOWN
2026-05-05 08:01:00;M1;5;21;4532,59110;4534,41000;UP
2026-05-05 08:07:00;M1;5;89;4538,99540;4542,00000;UP
2026-05-05 08:17:00;M1;5;89;4538,63919;4537,23000;DOWN
2026-05-05 08:24:00;M1;5;21;4539,02970;4539,31000;UP
2026-05-05 08:26:00;M1;5;21;4539,91949;4539,02000;DOWN
2026-05-05 08:31:00;M1;5;21;4541,41897;4541,82000;UP
2026-05-05 08:47:00;M1;5;21;4546,84242;4545,99000;DOWN
2026-05-05 09:00:00;M1;5;21;4548,40805;4549,75000;UP
2026-05-05 08:56:00;M1;5;34;4545,10574;4544,70000;DOWN
2026-05-05 09:01:00;M1;5;34;4546,06200;4547,30000;UP
2026-05-05 09:01:00;M1;5;21;4548,48645;4547,30000;DOWN
2026-05-05 09:06:00;M1;5;34;4546,75005;4543,13000;DOWN
2026-05-05 09:17:00;M1;5;89;4541,09955;4540,87000;DOWN
2026-05-05 09:32:00;M1;5;21;4540,64085;4540,93000;UP
2026-05-05 09:36:00;M1;5;34;4544,66415;4545,70000;UP
2026-05-05 10:16:00;M1;5;21;4553,43797;4553,04000;DOWN
2026-05-05 10:27:00;M1;5;55;4550,67851;4549,41000;DOWN
2026-05-05 10:34:00;M1;5;34;4552,00674;4552,36000;UP
2026-05-05 10:36:00;M1;5;21;4554,82693;4556,56000;UP
2026-05-05 10:44:00;M1;5;55;4552,36330;4551,27000;DOWN
2026-05-05 10:46:00;M1;5;89;4549,08122;4546,90000;DOWN
2026-05-05 11:04:00;M1;5;21;4549,05363;4550,01000;UP
2026-05-05 11:07:00;M1;5;21;4548,08956;4547,87000;DOWN
2026-05-05 11:11:00;M1;5;21;4547,79398;4548,05000;UP
2026-05-05 11:16:00;M1;5;89;4551,06107;4550,36000;DOWN
2026-05-05 11:22:00;M1;5;34;4550,92244;4552,53000;UP
2026-05-05 11:29:00;M1;5;89;4551,63477;4551,22000;DOWN
2026-05-05 11:32:00;M1;5;55;4552,67261;4552,99000;UP
2026-05-05 11:37:00;M1;5;89;4552,19275;4551,11000;DOWN
2026-05-05 11:41:00;M1;5;21;4550,52228;4550,78000;UP
2026-05-05 11:50:00;M1;5;55;4552,83065;4553,83000;UP
2026-05-05 11:46:00;M1;5;34;4550,55723;4549,12000;DOWN
2026-05-05 11:51:00;M1;5;21;4551,89848;4553,15000;UP
2026-05-05 12:11:00;M1;5;21;4557,09799;4556,83000;DOWN
2026-05-05 12:17:00;M1;5;89;4554,86908;4554,39000;DOWN
2026-05-05 12:22:00;M1;5;34;4555,71583;4555,88000;UP
2026-05-05 12:26:00;M1;5;89;4555,56444;4554,80000;DOWN
2026-05-05 12:42:00;M1;5;21;4555,90498;4556,22000;UP
2026-05-05 12:46:00;M1;5;34;4556,26715;4556,88000;UP
2026-05-05 12:48:00;M1;5;55;4555,67829;4554,15000;DOWN
2026-05-05 12:51:00;M1;5;89;4556,67513;4553,86000;DOWN
2026-05-05 12:58:00;M1;5;21;4554,70538;4554,89000;UP
2026-05-05 13:01:00;M1;5;34;4556,34552;4556,39000;UP
2026-05-05 13:02:00;M1;5;55;4556,10944;4555,84000;DOWN
2026-05-05 13:06:00;M1;5;34;4556,18350;4555,37000;DOWN
2026-05-05 13:15:00;M1;5;21;4554,21410;4554,36000;UP
2026-05-05 13:17:00;M1;5;21;4553,82368;4553,82000;DOWN
2026-05-05 13:34:00;M1;5;21;4551,94659;4553,41000;UP
2026-05-05 13:37:00;M1;5;34;4553,04341;4553,13000;UP
2026-05-05 13:39:00;M1;5;21;4551,40038;4550,85000;DOWN
2026-05-05 13:41:00;M1;5;34;4552,18227;4547,94000;DOWN
2026-05-05 14:05:00;M1;5;21;4543,47695;4545,21000;UP
2026-05-05 14:06:00;M1;5;34;4546,05024;4546,16000;UP
2026-05-05 14:15:00;M1;5;89;4553,54470;4553,57000;UP
2026-05-05 14:16:00;M1;5;89;4553,14251;4552,77000;DOWN
2026-05-05 14:21:00;M1;5;89;4552,85202;4553,03000;UP
2026-05-05 14:51:00;M1;5;21;4561,15801;4560,30000;DOWN
2026-05-05 15:03:00;M1;5;34;4557,54248;4554,54000;DOWN
2026-05-05 15:06:00;M1;5;34;4558,74911;4563,03000;UP
2026-05-05 15:14:00;M1;5;21;4563,99108;4564,99000;UP
2026-05-05 15:16:00;M1;5;21;4564,16302;4563,78000;DOWN
2026-05-05 15:21:00;M1;5;21;4565,38065;4567,77000;UP
2026-05-05 15:31:00;M1;5;21;4568,95275;4567,73000;DOWN
2026-05-05 15:36:00;M1;5;34;4568,50142;4567,33000;DOWN
2026-05-05 15:48:00;M1;5;55;4564,34642;4564,29000;DOWN
2026-05-05 16:00:00;M1;5;55;4566,28857;4566,96000;UP
2026-05-05 16:02:00;M1;5;21;4569,40295;4570,66000;UP
2026-05-05 16:01:00;M1;5;55;4567,27967;4567,17000;DOWN
2026-05-05 16:06:00;M1;5;55;4568,41523;4575,92000;UP
2026-05-05 16:28:00;M1;5;21;4577,43380;4577,01000;DOWN
2026-05-05 16:31:00;M1;5;21;4579,01033;4580,03000;UP
2026-05-05 16:35:00;M1;5;55;4575,43892;4574,74000;DOWN
2026-05-05 16:36:00;M1;5;21;4579,85057;4572,90000;DOWN
2026-05-05 16:51:00;M1;5;21;4579,81542;4580,09000;UP
2026-05-05 16:56:00;M1;5;55;4579,78005;4577,84000;DOWN
2026-05-05 17:08:00;M1;5;21;4580,37737;4582,40000;UP
2026-05-05 17:13:00;M1;5;89;4576,27908;4575,29000;DOWN
2026-05-05 17:24:00;M1;5;21;4578,18265;4579,11000;UP
2026-05-05 17:26:00;M1;5;55;4582,51654;4582,32000;DOWN
2026-05-05 17:32:00;M1;5;55;4582,84542;4583,91000;UP
2026-05-05 17:35:00;M1;5;34;4580,90987;4580,39000;DOWN
2026-05-05 17:39:00;M1;5;34;4581,11169;4581,22000;UP
2026-05-05 17:37:00;M1;5;89;4580,24909;4578,96000;DOWN
2026-05-05 17:41:00;M1;5;21;4580,68657;4582,69000;UP
2026-05-05 17:46:00;M1;5;89;4581,70825;4580,41000;DOWN
2026-05-05 17:56:00;M1;5;21;4580,94832;4581,83000;UP
2026-05-05 18:04:00;M1;5;89;4583,50599;4583,65000;UP
2026-05-05 18:01:00;M1;5;34;4581,71907;4579,21000;DOWN
2026-05-05 18:06:00;M1;5;21;4581,95582;4582,79000;UP
2026-05-05 18:06:00;M1;5;89;4584,02383;4582,79000;DOWN
2026-05-05 18:11:00;M1;5;34;4582,00403;4581,03000;DOWN
2026-05-05 19:17:00;M1;5;21;4565,04867;4565,06000;UP
2026-05-05 19:24:00;M1;5;21;4563,34957;4561,66000;DOWN
2026-05-05 19:41:00;M1;5;21;4556,17603;4557,63000;UP
2026-05-05 19:50:00;M1;5;34;4558,26159;4559,19000;UP
2026-05-05 20:01:00;M1;5;55;4560,97211;4562,00000;UP
2026-05-05 20:06:00;M1;5;55;4559,67758;4556,97000;DOWN
2026-05-05 20:11:00;M1;5;21;4555,18773;4555,67000;UP
2026-05-05 20:17:00;M1;5;55;4557,41125;4557,54000;UP
2026-05-05 20:31:00;M1;5;21;4557,90353;4556,87000;DOWN
2026-05-05 20:36:00;M1;5;21;4558,71421;4562,71000;UP
2026-05-05 20:46:00;M1;5;21;4560,12938;4559,89000;DOWN
2026-05-05 20:51:00;M1;5;21;4560,50332;4560,67000;UP
2026-05-05 20:56:00;M1;5;21;4560,76069;4559,13000;DOWN
2026-05-05 21:02:00;M1;5;21;4560,83128;4561,02000;UP
2026-05-05 21:09:00;M1;5;21;4560,84759;4560,79000;DOWN
2026-05-05 21:12:00;M1;5;21;4561,27786;4561,34000;UP
2026-05-05 21:23:00;M1;5;21;4562,11014;4561,42000;DOWN
2026-05-05 21:26:00;M1;5;21;4562,38160;4562,61000;UP
2026-05-05 21:32:00;M1;5;34;4561,31721;4560,16000;DOWN
2026-05-05 21:45:00;M1;5;21;4561,60350;4563,11000;UP
2026-05-05 21:53:00;M1;5;34;4561,77053;4560,75000;DOWN
2026-05-05 22:08:00;M1;5;55;4558,90168;4558,36000;DOWN
2026-05-05 22:17:00;M1;5;89;4555,52620;4555,47000;DOWN
2026-05-05 22:21:00;M1;5;89;4555,38730;4557,75000;UP
2026-05-05 22:36:00;M1;5;21;4556,29682;4556,69000;UP
2026-05-05 22:44:00;M1;5;21;4555,78044;4555,66000;DOWN
2026-05-05 22:47:00;M1;5;21;4555,71208;4555,89000;UP
2026-05-05 22:55:00;M1;5;89;4554,71558;4554,13000;DOWN
2026-05-05 23:00:00;M1;5;21;4555,30949;4555,49000;UP
2026-05-05 23:05:00;M1;5;34;4555,73529;4556,12000;UP
2026-05-05 23:03:00;M1;5;89;4554,54441;4554,42000;DOWN
2026-05-05 23:07:00;M1;5;21;4554,73825;4554,75000;UP
2026-05-05 23:06:00;M1;5;34;4555,30790;4554,68000;DOWN
2026-05-05 23:11:00;M1;5;34;4555,01272;4556,14000;UP
2026-05-05 23:16:00;M1;5;55;4556,44541;4556,43000;DOWN
2026-05-05 23:23:00;M1;5;55;4556,19834;4556,30000;UP
2026-05-05 23:38:00;M1;5;55;4555,87409;4555,85000;DOWN
2026-05-05 23:41:00;M1;5;55;4555,75544;4556,22000;UP
2026-05-05 23:42:00;M1;5;34;4555,50464;4555,09000;DOWN
2026-05-05 23:49:00;M1;5;34;4555,57683;4555,97000;UP
2026-05-05 23:46:00;M1;5;55;4555,63359;4555,00000;DOWN
2026-05-05 23:51:00;M1;5;55;4555,48104;4556,25000;UP
2026-05-05 23:54:00;M1;5;34;4555,55030;4554,87000;DOWN
2026-05-05 23:56:00;M1;5;21;4556,32244;4556,51000;UP
2026-05-06 01:02:00;M1;5;89;4554,42955;4552,33000;DOWN
2026-05-06 01:34:00;M1;5;21;4548,57127;4549,17000;UP
2026-05-06 01:40:00;M1;5;34;4550,42109;4550,50000;UP
2026-05-06 01:42:00;M1;5;34;4549,71206;4549,32000;DOWN
2026-05-06 01:52:00;M1;5;34;4548,94429;4555,00000;UP
2026-05-06 01:51:00;M1;5;21;4547,85053;4547,39000;DOWN
2026-05-06 01:56:00;M1;5;21;4551,20822;4570,48000;UP
2026-05-06 02:26:00;M1;5;21;4587,07770;4583,74000;DOWN
2026-05-06 02:46:00;M1;5;34;4586,60625;4586,46000;DOWN
2026-05-06 02:51:00;M1;5;34;4589,72271;4592,18000;UP
2026-05-06 03:03:00;M1;5;34;4595,41277;4595,32000;DOWN
2026-05-06 03:20:00;M1;5;21;4597,73171;4598,86000;UP
2026-05-06 03:16:00;M1;5;55;4590,21568;4589,84000;DOWN
2026-05-06 03:23:00;M1;5;34;4601,79382;4602,26000;UP
2026-05-06 03:21:00;M1;5;21;4598,65164;4598,31000;DOWN
2026-05-06 03:26:00;M1;5;21;4599,99865;4602,78000;UP
2026-05-06 03:26:00;M1;5;34;4602,97456;4602,78000;DOWN
2026-05-06 03:32:00;M1;5;34;4604,44709;4605,98000;UP
2026-05-06 03:51:00;M1;5;34;4610,96603;4610,76000;DOWN
2026-05-06 03:56:00;M1;5;21;4613,93382;4615,87000;UP
2026-05-06 04:05:00;M1;5;34;4614,58046;4614,06000;DOWN
2026-05-06 04:06:00;M1;5;55;4614,96735;4612,87000;DOWN
2026-05-06 04:24:00;M1;5;21;4619,87280;4623,54000;UP
2026-05-06 04:34:00;M1;5;55;4623,09219;4622,59000;DOWN
2026-05-06 04:38:00;M1;5;34;4624,23055;4624,37000;UP
2026-05-06 04:41:00;M1;5;34;4625,59109;4622,92000;DOWN
2026-05-06 04:47:00;M1;5;21;4626,85430;4627,56000;UP
2026-05-06 04:51:00;M1;5;55;4629,03097;4627,07000;DOWN
2026-05-06 05:08:00;M1;5;21;4630,27350;4630,92000;UP
2026-05-06 05:11:00;M1;5;55;4633,85893;4631,58000;DOWN
2026-05-06 05:17:00;M1;5;34;4633,09362;4634,95000;UP
2026-05-06 05:16:00;M1;5;21;4632,86540;4632,65000;DOWN
2026-05-06 05:21:00;M1;5;55;4636,23304;4633,96000;DOWN
2026-05-06 05:26:00;M1;5;89;4633,74197;4632,22000;DOWN
2026-05-06 05:45:00;M1;5;21;4634,79367;4635,66000;UP
2026-05-06 05:46:00;M1;5;34;4636,62210;4636,96000;UP
2026-05-06 05:48:00;M1;5;21;4635,14322;4635,12000;DOWN
2026-05-06 05:51:00;M1;5;21;4635,89643;4636,24000;UP
2026-05-06 05:51:00;M1;5;34;4637,18115;4636,24000;DOWN
2026-05-06 05:56:00;M1;5;34;4637,97667;4639,77000;UP
2026-05-06 06:05:00;M1;5;55;4641,75414;4642,77000;UP
2026-05-06 06:01:00;M1;5;34;4638,91671;4638,77000;DOWN
2026-05-06 06:06:00;M1;5;34;4640,08852;4644,15000;UP
2026-05-06 06:11:00;M1;5;89;4645,30398;4643,70000;DOWN
2026-05-06 06:16:00;M1;5;89;4646,60810;4647,13000;UP
2026-05-06 06:21:00;M1;5;89;4647,88473;4647,22000;DOWN
2026-05-06 06:26:00;M1;5;34;4645,99372;4645,68000;DOWN
2026-05-06 06:39:00;M1;5;21;4650,03735;4651,35000;UP
2026-05-06 06:41:00;M1;5;55;4649,68813;4647,80000;DOWN
2026-05-06 07:07:00;M1;5;21;4646,98698;4647,00000;UP
2026-05-06 07:11:00;M1;5;21;4646,59341;4646,25000;DOWN
2026-05-06 07:16:00;M1;5;21;4646,34011;4648,39000;UP
2026-05-06 07:22:00;M1;5;21;4646,22527;4646,05000;DOWN
2026-05-06 07:27:00;M1;5;21;4646,82377;4651,45000;UP
2026-05-06 07:31:00;M1;5;55;4652,77099;4651,54000;DOWN
2026-05-06 07:37:00;M1;5;34;4649,94207;4650,38000;UP
2026-05-06 07:41:00;M1;5;34;4649,96960;4648,42000;DOWN
2026-05-06 07:48:00;M1;5;21;4649,58598;4651,64000;UP
2026-05-06 07:52:00;M1;5;34;4650,11405;4649,72000;DOWN
2026-05-06 07:56:00;M1;5;21;4650,22020;4650,65000;UP
2026-05-06 08:09:00;M1;5;55;4653,90357;4655,54000;UP
2026-05-06 08:06:00;M1;5;21;4651,50265;4651,13000;DOWN
2026-05-06 08:11:00;M1;5;21;4652,54873;4654,33000;UP
2026-05-06 08:15:00;M1;5;55;4654,15175;4652,16000;DOWN
2026-05-06 08:16:00;M1;5;34;4652,15628;4650,02000;DOWN
2026-05-06 08:24:00;M1;5;21;4653,86809;4653,92000;UP
2026-05-06 08:26:00;M1;5;34;4653,15996;4652,66000;DOWN
2026-05-06 08:46:00;M1;5;21;4650,52343;4650,66000;UP
2026-05-06 08:52:00;M1;5;34;4651,82549;4652,12000;UP
2026-05-06 08:58:00;M1;5;89;4659,98462;4662,75000;UP
2026-05-06 09:04:00;M1;5;89;4660,05078;4658,50000;DOWN
2026-05-06 09:07:00;M1;5;89;4660,24406;4660,57000;UP
2026-05-06 09:14:00;M1;5;89;4660,50522;4660,37000;DOWN
2026-05-06 09:19:00;M1;5;21;4659,23710;4658,30000;DOWN
2026-05-06 09:23:00;M1;5;21;4660,95934;4663,63000;UP
2026-05-06 09:34:00;M1;5;21;4664,50295;4664,04000;DOWN
2026-05-06 09:38:00;M1;5;21;4666,01823;4667,40000;UP
2026-05-06 09:36:00;M1;5;89;4662,53426;4662,49000;DOWN
2026-05-06 09:41:00;M1;5;89;4663,02029;4664,07000;UP
2026-05-06 09:42:00;M1;5;34;4663,17268;4662,11000;DOWN
2026-05-06 09:46:00;M1;5;34;4664,31256;4665,84000;UP
2026-05-06 09:51:00;M1;5;89;4663,97707;4663,06000;DOWN
2026-05-06 09:59:00;M1;5;21;4668,02974;4669,21000;UP
2026-05-06 10:02:00;M1;5;34;4667,51678;4666,38000;DOWN
2026-05-06 10:11:00;M1;5;89;4665,99409;4664,80000;DOWN
2026-05-06 10:26:00;M1;5;21;4665,18075;4665,66000;UP
2026-05-06 10:31:00;M1;5;89;4667,33082;4664,22000;DOWN
2026-05-06 10:37:00;M1;5;21;4665,11968;4665,35000;UP
2026-05-06 10:41:00;M1;5;34;4667,94068;4668,33000;UP
2026-05-06 11:08:00;M1;5;21;4676,88089;4675,30000;DOWN
2026-05-06 11:11:00;M1;5;21;4678,94465;4681,48000;UP
2026-05-06 11:16:00;M1;5;21;4680,43429;4679,85000;DOWN
2026-05-06 11:29:00;M1;5;55;4677,27108;4677,01000;DOWN
2026-05-06 11:35:00;M1;5;89;4675,79865;4672,42000;DOWN
2026-05-06 11:42:00;M1;5;89;4677,20676;4677,69000;UP
2026-05-06 11:48:00;M1;5;21;4679,81162;4680,18000;UP
2026-05-06 12:06:00;M1;5;21;4691,65813;4690,92000;DOWN
2026-05-06 12:11:00;M1;5;21;4694,39774;4696,37000;UP
2026-05-06 12:16:00;M1;5;21;4697,10866;4695,94000;DOWN
2026-05-06 12:22:00;M1;5;34;4694,87410;4692,80000;DOWN
2026-05-06 12:28:00;M1;5;21;4701,21714;4702,35000;UP
2026-05-06 12:31:00;M1;5;34;4698,58980;4696,80000;DOWN
2026-05-06 12:36:00;M1;5;34;4700,51976;4703,03000;UP
2026-05-06 12:42:00;M1;5;55;4698,09713;4697,48000;DOWN
2026-05-06 12:48:00;M1;5;55;4699,60939;4699,97000;UP
2026-05-06 12:51:00;M1;5;55;4700,97211;4698,96000;DOWN
2026-05-06 13:00:00;M1;5;55;4702,22552;4704,18000;UP
2026-05-06 13:02:00;M1;5;55;4703,32371;4701,80000;DOWN
2026-05-06 13:08:00;M1;5;89;4699,03186;4697,57000;DOWN
2026-05-06 13:24:00;M1;5;21;4700,48581;4701,26000;UP
2026-05-06 13:30:00;M1;5;34;4704,82598;4711,57000;UP
2026-05-06 13:26:00;M1;5;89;4702,84604;4701,89000;DOWN
2026-05-06 13:31:00;M1;5;89;4703,83126;4706,84000;UP
2026-05-06 13:31:00;M1;5;55;4707,12935;4706,84000;DOWN
2026-05-06 13:36:00;M1;5;55;4707,96913;4708,97000;UP
2026-05-06 13:51:00;M1;5;55;4711,37284;4710,68000;DOWN
2026-05-06 13:56:00;M1;5;21;4714,55279;4716,96000;UP
2026-05-06 14:02:00;M1;5;55;4713,96657;4713,21000;DOWN
2026-05-06 14:09:00;M1;5;21;4719,01828;4720,15000;UP
2026-05-06 14:12:00;M1;5;89;4713,88192;4710,29000;DOWN
2026-05-06 14:37:00;M1;5;21;4713,81047;4714,12000;UP
2026-05-06 14:41:00;M1;5;21;4711,23354;4707,55000;DOWN
2026-05-06 15:21:00;M1;5;21;4675,87270;4677,26000;UP
2026-05-06 15:27:00;M1;5;34;4684,96617;4686,00000;UP
2026-05-06 15:33:00;M1;5;34;4681,99061;4681,63000;DOWN
2026-05-06 15:36:00;M1;5;34;4679,55480;4683,24000;UP
2026-05-06 16:01:00;M1;5;55;4683,19596;4691,47000;UP
2026-05-06 16:06:00;M1;5;55;4681,23982;4680,06000;DOWN
2026-05-06 16:11:00;M1;5;21;4678,64580;4678,78000;UP
2026-05-06 16:33:00;M1;5;89;4691,11830;4694,31000;UP
2026-05-06 16:46:00;M1;5;21;4693,54760;4692,91000;DOWN
2026-05-06 16:51:00;M1;5;21;4697,03876;4698,77000;UP
2026-05-06 17:06:00;M1;5;21;4706,30703;4701,31000;DOWN
2026-05-06 17:12:00;M1;5;21;4709,11041;4709,36000;UP
2026-05-06 17:22:00;M1;5;21;4713,65927;4710,61000;DOWN
2026-05-06 17:27:00;M1;5;34;4708,95365;4708,18000;DOWN
2026-05-06 17:51:00;M1;5;55;4704,76348;4703,52000;DOWN
2026-05-06 18:12:00;M1;5;89;4697,45435;4697,06000;DOWN
2026-05-06 18:20:00;M1;5;21;4701,65864;4702,93000;UP
2026-05-06 18:25:00;M1;5;89;4698,36243;4697,62000;DOWN
2026-05-06 18:36:00;M1;5;21;4694,76835;4695,01000;UP
2026-05-06 18:41:00;M1;5;21;4693,16898;4691,92000;DOWN
2026-05-06 18:46:00;M1;5;21;4691,92157;4694,29000;UP
2026-05-06 18:59:00;M1;5;21;4689,85141;4687,91000;DOWN
2026-05-06 19:17:00;M1;5;21;4683,47259;4684,54000;UP
2026-05-06 19:25:00;M1;5;34;4684,73417;4686,08000;UP
2026-05-06 19:40:00;M1;5;55;4690,09816;4690,42000;UP
2026-05-06 19:44:00;M1;5;55;4688,89672;4688,69000;DOWN
2026-05-06 19:46:00;M1;5;55;4687,84938;4688,35000;UP
2026-05-06 19:51:00;M1;5;55;4686,84306;4685,79000;DOWN
2026-05-06 20:00:00;M1;5;34;4682,47543;4680,72000;DOWN
2026-05-06 20:04:00;M1;5;21;4685,52780;4685,80000;UP
2026-05-06 20:12:00;M1;5;21;4685,60929;4685,12000;DOWN
2026-05-06 20:19:00;M1;5;55;4682,73376;4681,43000;DOWN
2026-05-06 20:23:00;M1;5;34;4682,48017;4683,03000;UP
2026-05-06 20:26:00;M1;5;55;4681,41227;4681,12000;DOWN
2026-05-06 20:34:00;M1;5;34;4682,25165;4682,63000;UP
2026-05-06 20:36:00;M1;5;55;4680,28874;4680,23000;DOWN
2026-05-06 20:45:00;M1;5;21;4681,10382;4681,21000;UP
2026-05-06 20:47:00;M1;5;34;4681,26770;4681,31000;UP
2026-05-06 20:52:00;M1;5;34;4680,91800;4680,80000;DOWN
2026-05-06 20:56:00;M1;5;34;4680,74859;4683,81000;UP
2026-05-06 21:02:00;M1;5;89;4683,62858;4682,59000;DOWN
2026-05-06 21:06:00;M1;5;89;4683,01819;4683,95000;UP
2026-05-06 21:38:00;M1;5;21;4688,59143;4688,29000;DOWN
2026-05-06 21:41:00;M1;5;34;4685,85817;4685,40000;DOWN
2026-05-06 21:46:00;M1;5;34;4686,44875;4686,88000;UP
2026-05-06 21:51:00;M1;5;34;4686,91273;4685,69000;DOWN
2026-05-06 22:00:00;M1;5;34;4687,24434;4687,40000;UP
2026-05-06 22:03:00;M1;5;21;4688,80630;4691,78000;UP
2026-05-06 22:01:00;M1;5;34;4687,76661;4687,63000;DOWN
2026-05-06 22:06:00;M1;5;34;4688,59106;4691,95000;UP
2026-05-06 22:30:00;M1;5;21;4696,17290;4695,86000;DOWN
2026-05-06 22:31:00;M1;5;21;4697,76463;4697,85000;UP
2026-05-06 22:36:00;M1;5;21;4698,98910;4697,36000;DOWN
2026-05-06 22:41:00;M1;5;34;4697,11540;4696,07000;DOWN
2026-05-06 22:59:00;M1;5;55;4695,35338;4692,44000;DOWN
2026-05-06 23:09:00;M1;5;55;4696,51261;4696,60000;UP
2026-05-06 23:11:00;M1;5;21;4697,03708;4697,82000;UP
2026-05-06 23:16:00;M1;5;34;4699,05231;4697,68000;DOWN
2026-05-06 23:21:00;M1;5;55;4698,06458;4697,04000;DOWN
2026-05-06 23:31:00;M1;5;89;4692,25386;4691,18000;DOWN
2026-05-06 23:54:00;M1;5;21;4690,20867;4690,97000;UP
2026-05-07 01:01:00;M1;5;34;4691,98447;4693,69000;UP
2026-05-07 01:10:00;M1;5;55;4695,77081;4696,22000;UP
2026-05-07 01:06:00;M1;5;89;4693,74177;4691,46000;DOWN
2026-05-07 01:11:00;M1;5;34;4691,52368;4696,78000;UP
2026-05-07 01:28:00;M1;5;89;4695,00408;4693,62000;DOWN
2026-05-07 01:31:00;M1;5;21;4696,48009;4696,66000;UP
2026-05-07 01:36:00;M1;5;21;4697,50137;4697,28000;DOWN
2026-05-07 01:43:00;M1;5;21;4698,41157;4699,27000;UP
2026-05-07 01:48:00;M1;5;89;4696,55277;4696,52000;DOWN
2026-05-07 01:52:00;M1;5;55;4696,22813;4695,83000;DOWN
2026-05-07 02:03:00;M1;5;34;4696,90841;4696,95000;UP
2026-05-07 02:06:00;M1;5;21;4698,05971;4698,13000;UP
2026-05-07 02:10:00;M1;5;55;4696,42119;4696,40000;DOWN
2026-05-07 02:11:00;M1;5;89;4697,70983;4694,98000;DOWN
2026-05-07 02:18:00;M1;5;55;4696,47542;4696,56000;UP
2026-05-07 02:21:00;M1;5;55;4696,44331;4693,53000;DOWN
2026-05-07 02:37:00;M1;5;21;4693,93327;4694,23000;UP
2026-05-07 02:45:00;M1;5;34;4695,68538;4698,85000;UP
2026-05-07 02:43:00;M1;5;21;4693,35520;4693,12000;DOWN
2026-05-07 02:46:00;M1;5;21;4693,34367;4698,73000;UP
2026-05-07 02:48:00;M1;5;89;4697,54459;4697,54000;DOWN
2026-05-07 02:58:00;M1;5;89;4697,41016;4698,45000;UP
2026-05-07 03:02:00;M1;5;89;4697,33660;4696,01000;DOWN
2026-05-07 03:10:00;M1;5;21;4695,13583;4697,23000;UP
2026-05-07 03:11:00;M1;5;89;4697,25737;4699,55000;UP
2026-05-07 03:17:00;M1;5;89;4697,28403;4695,42000;DOWN
2026-05-07 03:21:00;M1;5;21;4697,44225;4698,63000;UP
2026-05-07 03:26:00;M1;5;89;4697,34838;4694,24000;DOWN
2026-05-07 04:01:00;M1;5;21;4688,53456;4689,39000;UP
2026-05-07 04:06:00;M1;5;89;4695,29397;4696,79000;UP
2026-05-07 04:31:00;M1;5;21;4706,24210;4705,68000;DOWN
2026-05-07 04:38:00;M1;5;21;4708,99667;4709,35000;UP
2026-05-07 04:46:00;M1;5;21;4714,64124;4714,33000;DOWN
2026-05-07 04:51:00;M1;5;21;4717,25377;4719,21000;UP
2026-05-07 04:56:00;M1;5;21;4718,90968;4713,94000;DOWN
2026-05-07 05:07:00;M1;5;34;4715,45274;4713,51000;DOWN
2026-05-07 05:14:00;M1;5;89;4704,36723;4704,08000;DOWN
2026-05-07 05:16:00;M1;5;89;4705,11295;4707,42000;UP
2026-05-07 05:21:00;M1;5;89;4705,71427;4705,06000;DOWN
2026-05-07 05:41:00;M1;5;21;4702,86448;4703,17000;UP
2026-05-07 05:56:00;M1;5;34;4708,02746;4708,65000;UP
2026-05-07 06:01:00;M1;5;89;4707,80489;4707,10000;DOWN
2026-05-07 06:06:00;M1;5;34;4707,10524;4709,08000;UP
2026-05-07 06:11:00;M1;5;89;4708,42135;4707,69000;DOWN
2026-05-07 06:18:00;M1;5;21;4706,30646;4706,42000;UP
2026-05-07 06:23:00;M1;5;34;4706,01486;4705,34000;DOWN
2026-05-07 06:27:00;M1;5;34;4705,65892;4706,22000;UP
2026-05-07 06:31:00;M1;5;34;4705,31488;4703,22000;DOWN
2026-05-07 07:22:00;M1;5;21;4697,04128;4698,04000;UP
2026-05-07 07:33:00;M1;5;21;4695,11456;4694,46000;DOWN
2026-05-07 07:36:00;M1;5;21;4694,36606;4694,88000;UP
2026-05-07 07:49:00;M1;5;34;4695,44292;4695,42000;DOWN
2026-05-07 07:51:00;M1;5;34;4694,89558;4695,45000;UP
2026-05-07 08:00:00;M1;5;55;4697,22875;4697,45000;UP
2026-05-07 08:20:00;M1;5;55;4695,67266;4695,08000;DOWN
2026-05-07 08:21:00;M1;5;55;4695,35400;4696,04000;UP
2026-05-07 08:30:00;M1;5;21;4697,45439;4699,96000;UP
2026-05-07 08:26:00;M1;5;55;4695,04685;4694,91000;DOWN
2026-05-07 08:31:00;M1;5;34;4695,62202;4701,43000;UP
2026-05-07 08:57:00;M1;5;21;4703,96564;4702,08000;DOWN
2026-05-07 09:02:00;M1;5;21;4704,70225;4706,76000;UP
2026-05-07 09:06:00;M1;5;21;4705,70421;4705,57000;DOWN
2026-05-07 09:11:00;M1;5;21;4706,82720;4708,53000;UP
2026-05-07 09:51:00;M1;5;21;4739,79031;4739,00000;DOWN
2026-05-07 10:03:00;M1;5;34;4735,93155;4734,19000;DOWN
2026-05-07 10:07:00;M1;5;34;4738,90186;4744,36000;UP
2026-05-07 10:18:00;M1;5;34;4744,90815;4744,23000;DOWN
2026-05-07 10:27:00;M1;5;55;4738,53779;4738,06000;DOWN
2026-05-07 10:33:00;M1;5;55;4740,85187;4740,97000;UP
2026-05-07 10:36:00;M1;5;55;4742,91067;4740,60000;DOWN
2026-05-07 10:57:00;M1;5;21;4742,86222;4743,35000;UP
2026-05-07 11:01:00;M1;5;34;4749,91646;4750,26000;UP
2026-05-07 11:07:00;M1;5;55;4751,44012;4749,36000;DOWN
2026-05-07 11:14:00;M1;5;21;4744,66146;4742,60000;DOWN
2026-05-07 11:16:00;M1;5;89;4741,40938;4740,26000;DOWN
2026-05-07 11:53:00;M1;5;21;4735,84856;4736,29000;UP
2026-05-07 11:57:00;M1;5;21;4734,17798;4732,13000;DOWN
2026-05-07 12:07:00;M1;5;21;4730,67754;4730,76000;UP
2026-05-07 12:12:00;M1;5;34;4734,02804;4733,62000;DOWN
2026-05-07 12:16:00;M1;5;34;4733,08484;4734,81000;UP
2026-05-07 12:43:00;M1;5;55;4738,38545;4738,77000;UP
2026-05-07 12:47:00;M1;5;55;4737,77169;4737,54000;DOWN
2026-05-07 12:56:00;M1;5;34;4732,80710;4730,37000;DOWN
2026-05-07 13:07:00;M1;5;34;4732,27176;4732,52000;UP
2026-05-07 13:11:00;M1;5;21;4733,02270;4734,03000;UP
2026-05-07 13:19:00;M1;5;55;4733,42886;4731,34000;DOWN
2026-05-07 13:22:00;M1;5;21;4732,23918;4733,12000;UP
2026-05-07 13:27:00;M1;5;55;4732,36537;4731,90000;DOWN
2026-05-07 13:37:00;M1;5;21;4731,71982;4733,04000;UP
2026-05-07 13:59:00;M1;5;21;4735,81680;4735,72000;DOWN
2026-05-07 14:02:00;M1;5;21;4736,31155;4736,73000;UP
2026-05-07 14:05:00;M1;5;34;4734,48740;4734,11000;DOWN
2026-05-07 14:10:00;M1;5;55;4732,79362;4732,74000;DOWN
2026-05-07 14:24:00;M1;5;21;4734,24977;4734,33000;UP
2026-05-07 14:28:00;M1;5;55;4732,84215;4731,40000;DOWN
2026-05-07 14:31:00;M1;5;21;4733,14735;4734,13000;UP
2026-05-07 14:43:00;M1;5;89;4735,91987;4736,42000;UP
2026-05-07 14:50:00;M1;5;89;4735,63552;4734,35000;DOWN
2026-05-07 14:51:00;M1;5;34;4734,87513;4737,24000;UP
2026-05-07 15:22:00;M1;5;89;4736,33853;4736,08000;DOWN
2026-05-07 15:30:00;M1;5;21;4742,71568;4744,26000;UP
2026-05-07 15:54:00;M1;5;21;4748,62956;4747,85000;DOWN
2026-05-07 15:59:00;M1;5;21;4749,86560;4750,06000;UP
2026-05-07 16:00:00;M1;5;55;4743,81142;4742,46000;DOWN
2026-05-07 16:04:00;M1;5;89;4740,31103;4738,88000;DOWN
2026-05-07 16:06:00;M1;5;89;4740,82611;4741,01000;UP
2026-05-07 16:11:00;M1;5;89;4741,16367;4735,83000;DOWN
2026-05-07 16:22:00;M1;5;21;4743,02927;4743,26000;UP
2026-05-07 16:30:00;M1;5;34;4745,56081;4747,36000;UP
2026-05-07 16:45:00;M1;5;89;4743,49099;4742,80000;DOWN
2026-05-07 16:46:00;M1;5;21;4747,17509;4747,72000;UP
2026-05-07 16:51:00;M1;5;89;4744,50878;4738,98000;DOWN
2026-05-07 16:58:00;M1;5;21;4747,39396;4748,29000;UP
2026-05-07 17:02:00;M1;5;89;4745,45739;4743,81000;DOWN
2026-05-07 17:09:00;M1;5;34;4747,18918;4747,63000;UP
2026-05-07 17:12:00;M1;5;21;4748,19334;4751,69000;UP
2026-05-07 17:11:00;M1;5;34;4747,38450;4747,13000;DOWN
2026-05-07 17:16:00;M1;5;34;4747,83951;4750,88000;UP
2026-05-07 17:35:00;M1;5;89;4748,73176;4748,43000;DOWN
2026-05-07 17:36:00;M1;5;34;4752,03046;4752,33000;UP
2026-05-07 17:42:00;M1;5;21;4754,44475;4755,06000;UP
2026-05-07 17:41:00;M1;5;55;4752,00946;4751,86000;DOWN
2026-05-07 17:46:00;M1;5;34;4753,53135;4757,07000;UP
2026-05-07 18:02:00;M1;5;21;4759,95998;4759,12000;DOWN
2026-05-07 18:06:00;M1;5;34;4758,32393;4757,11000;DOWN
2026-05-07 18:11:00;M1;5;34;4759,11942;4760,23000;UP
2026-05-07 18:15:00;M1;5;89;4754,71492;4754,23000;DOWN
2026-05-07 18:17:00;M1;5;89;4755,37906;4755,76000;UP
2026-05-07 18:16:00;M1;5;34;4759,51782;4754,24000;DOWN
2026-05-07 18:21:00;M1;5;89;4755,86438;4751,79000;DOWN
2026-05-07 19:22:00;M1;5;21;4712,33852;4713,96000;UP
2026-05-07 19:26:00;M1;5;34;4719,25204;4721,60000;UP
2026-05-07 19:31:00;M1;5;34;4716,29979;4715,92000;DOWN
2026-05-07 19:36:00;M1;5;34;4713,65191;4718,03000;UP
2026-05-07 19:43:00;M1;5;34;4711,28815;4711,10000;DOWN
2026-05-07 19:46:00;M1;5;34;4709,31403;4712,55000;UP
2026-05-07 20:03:00;M1;5;55;4715,10031;4717,55000;UP
2026-05-07 20:13:00;M1;5;21;4712,77944;4712,77000;DOWN
2026-05-07 20:16:00;M1;5;21;4712,50381;4715,24000;UP
2026-05-07 20:18:00;M1;5;55;4709,87231;4708,99000;DOWN
2026-05-07 20:21:00;M1;5;34;4706,32562;4707,30000;UP
2026-05-07 20:21:00;M1;5;21;4712,45479;4707,30000;DOWN
2026-05-07 20:26:00;M1;5;55;4706,79059;4697,06000;DOWN
2026-05-07 20:40:00;M1;5;34;4704,11895;4704,97000;UP
2026-05-07 20:41:00;M1;5;21;4703,53550;4703,72000;UP
2026-05-07 20:44:00;M1;5;55;4701,70687;4699,65000;DOWN
2026-05-07 20:47:00;M1;5;34;4701,94620;4701,97000;UP
2026-05-07 20:46:00;M1;5;21;4701,21916;4698,50000;DOWN
2026-05-07 20:51:00;M1;5;21;4699,72788;4700,37000;UP
2026-05-07 20:51:00;M1;5;34;4701,11022;4700,37000;DOWN
2026-05-07 20:56:00;M1;5;34;4700,92618;4706,89000;UP
2026-05-07 21:03:00;M1;5;89;4708,37004;4707,67000;DOWN
2026-05-07 21:06:00;M1;5;89;4706,81408;4710,81000;UP
2026-05-07 21:38:00;M1;5;21;4710,90981;4710,73000;DOWN
2026-05-07 21:42:00;M1;5;21;4711,62517;4714,43000;UP
2026-05-07 21:44:00;M1;5;34;4706,24642;4706,12000;DOWN
2026-05-07 21:46:00;M1;5;34;4706,60525;4709,03000;UP
2026-05-07 21:50:00;M1;5;89;4699,11792;4697,37000;DOWN
2026-05-07 21:51:00;M1;5;55;4700,26570;4703,05000;UP
2026-05-07 21:51:00;M1;5;34;4706,67165;4703,05000;DOWN
2026-05-07 21:57:00;M1;5;21;4708,53987;4708,60000;UP
2026-05-07 22:02:00;M1;5;34;4706,94616;4706,23000;DOWN
2026-05-07 22:07:00;M1;5;21;4707,55703;4710,53000;UP
2026-05-07 22:17:00;M1;5;34;4707,68235;4704,89000;DOWN
2026-05-07 22:23:00;M1;5;55;4702,26408;4701,65000;DOWN
2026-05-07 22:27:00;M1;5;21;4704,72037;4706,03000;UP
2026-05-07 22:34:00;M1;5;34;4706,35202;4707,80000;UP
2026-05-07 22:47:00;M1;5;34;4706,78786;4706,60000;DOWN
2026-05-07 22:51:00;M1;5;21;4707,32085;4710,10000;UP
2026-05-07 22:58:00;M1;5;55;4705,07696;4704,34000;DOWN
2026-05-07 23:01:00;M1;5;21;4707,82345;4708,72000;UP
2026-05-07 23:16:00;M1;5;21;4711,23581;4711,11000;DOWN
2026-05-07 23:23:00;M1;5;21;4712,06870;4713,35000;UP
2026-05-07 23:26:00;M1;5;21;4712,74179;4712,71000;DOWN
2026-05-07 23:31:00;M1;5;21;4713,34005;4714,53000;UP
2026-05-07 23:39:00;M1;5;89;4700,91974;4698,53000;DOWN
2026-05-07 23:41:00;M1;5;89;4701,29252;4703,15000;UP
2026-05-07 23:47:00;M1;5;89;4701,56492;4701,50000;DOWN
2026-05-08 01:11:00;M1;5;21;4691,58545;4695,48000;UP
2026-05-08 01:21:00;M1;5;34;4695,73828;4697,30000;UP
2026-05-08 01:29:00;M1;5;34;4694,28214;4693,81000;DOWN
2026-05-08 01:32:00;M1;5;34;4692,73176;4693,40000;UP
2026-05-08 01:36:00;M1;5;34;4691,20715;4688,05000;DOWN
2026-05-08 01:42:00;M1;5;21;4687,35204;4686,98000;DOWN
2026-05-08 01:51:00;M1;5;21;4685,70893;4687,14000;UP
2026-05-08 01:58:00;M1;5;34;4684,98973;4684,76000;DOWN
2026-05-08 02:01:00;M1;5;21;4684,77179;4687,78000;UP
2026-05-08 02:09:00;M1;5;55;4688,88135;4691,29000;UP
2026-05-08 02:11:00;M1;5;89;4692,49311;4693,35000;UP
2026-05-08 03:02:00;M1;5;21;4703,75165;4703,56000;DOWN
2026-05-08 03:06:00;M1;5;21;4705,30758;4707,95000;UP
2026-05-08 03:13:00;M1;5;34;4701,63874;4701,49000;DOWN
2026-05-08 03:23:00;M1;5;34;4703,57602;4704,00000;UP
2026-05-08 03:26:00;M1;5;34;4703,96240;4703,51000;DOWN
2026-05-08 03:35:00;M1;5;21;4703,67305;4703,99000;UP
2026-05-08 03:40:00;M1;5;34;4704,60050;4705,92000;UP
2026-05-08 03:36:00;M1;5;21;4703,38537;4703,38000;DOWN
2026-05-08 03:41:00;M1;5;21;4703,37102;4707,23000;UP
2026-05-08 03:44:00;M1;5;34;4705,01415;4704,98000;DOWN
2026-05-08 03:46:00;M1;5;21;4703,08851;4700,46000;DOWN
2026-05-08 03:51:00;M1;5;55;4700,59550;4699,13000;DOWN
2026-05-08 04:00:00;M1;5;21;4701,70300;4708,46000;UP
2026-05-08 04:24:00;M1;5;21;4712,62821;4712,24000;DOWN
2026-05-08 04:27:00;M1;5;21;4714,22340;4714,73000;UP
2026-05-08 04:35:00;M1;5;34;4712,01522;4710,40000;DOWN
2026-05-08 04:36:00;M1;5;55;4710,77977;4709,25000;DOWN
2026-05-08 04:45:00;M1;5;34;4713,03743;4714,08000;UP
2026-05-08 04:48:00;M1;5;21;4715,89048;4718,01000;UP
2026-05-08 05:15:00;M1;5;34;4723,23881;4722,84000;DOWN
2026-05-08 05:16:00;M1;5;55;4720,83081;4719,68000;DOWN
2026-05-08 05:21:00;M1;5;55;4722,08575;4722,88000;UP
2026-05-08 05:26:00;M1;5;55;4723,16471;4721,56000;DOWN
2026-05-08 05:35:00;M1;5;89;4716,36453;4715,85000;DOWN
2026-05-08 06:03:00;M1;5;21;4713,98727;4714,96000;UP
2026-05-08 06:11:00;M1;5;34;4719,23939;4719,52000;UP
2026-05-08 06:18:00;M1;5;89;4721,34758;4719,93000;DOWN
2026-05-08 06:22:00;M1;5;34;4718,41600;4718,64000;UP
2026-05-08 06:26:00;M1;5;34;4718,15256;4717,78000;DOWN
2026-05-08 06:31:00;M1;5;34;4718,59898;4722,25000;UP
2026-05-08 06:40:00;M1;5;89;4723,22368;4723,15000;DOWN
2026-05-08 06:41:00;M1;5;55;4723,58099;4724,36000;UP
2026-05-08 06:46:00;M1;5;89;4724,30991;4723,84000;DOWN
2026-05-08 07:02:00;M1;5;34;4721,52533;4721,98000;UP
2026-05-08 07:06:00;M1;5;34;4721,55523;4716,64000;DOWN
2026-05-08 07:26:00;M1;5;21;4717,05819;4717,21000;UP
2026-05-08 07:32:00;M1;5;21;4716,09919;4715,52000;DOWN
2026-05-08 07:37:00;M1;5;21;4715,16271;4715,30000;UP
2026-05-08 07:41:00;M1;5;21;4714,10800;4711,09000;DOWN
2026-05-08 07:49:00;M1;5;21;4713,22548;4713,69000;UP
2026-05-08 07:54:00;M1;5;34;4715,75104;4715,98000;UP
2026-05-08 07:51:00;M1;5;21;4712,83408;4712,83000;DOWN
2026-05-08 07:56:00;M1;5;21;4712,32171;4714,78000;UP
2026-05-08 07:56:00;M1;5;34;4714,83257;4714,78000;DOWN
2026-05-08 08:03:00;M1;5;21;4711,98873;4711,56000;DOWN
2026-05-08 08:06:00;M1;5;21;4711,93498;4712,46000;UP
2026-05-08 08:14:00;M1;5;34;4712,82830;4712,28000;DOWN
2026-05-08 08:16:00;M1;5;21;4711,96267;4712,13000;UP
2026-05-08 08:21:00;M1;5;55;4715,09363;4714,59000;DOWN
2026-05-08 08:27:00;M1;5;55;4714,78029;4715,40000;UP
2026-05-08 09:00:00;M1;5;89;4720,28309;4717,14000;DOWN
2026-05-08 09:03:00;M1;5;34;4722,62554;4725,29000;UP
2026-05-08 09:08:00;M1;5;34;4724,16687;4722,85000;DOWN
2026-05-08 09:12:00;M1;5;34;4725,29408;4725,72000;UP
2026-05-08 09:16:00;M1;5;34;4726,34168;4723,74000;DOWN
2026-05-08 09:24:00;M1;5;34;4727,31882;4727,63000;UP
2026-05-08 09:28:00;M1;5;21;4730,25700;4733,94000;UP
2026-05-08 09:26:00;M1;5;34;4728,52428;4728,31000;DOWN
2026-05-08 09:32:00;M1;5;34;4729,48097;4730,08000;UP
2026-05-08 09:31:00;M1;5;21;4730,35383;4728,80000;DOWN
2026-05-08 09:36:00;M1;5;34;4730,24262;4727,85000;DOWN
2026-05-08 09:41:00;M1;5;21;4729,98850;4730,43000;UP
2026-05-08 09:45:00;M1;5;55;4725,97799;4724,10000;DOWN
2026-05-08 09:47:00;M1;5;89;4724,22212;4722,84000;DOWN
2026-05-08 09:51:00;M1;5;89;4724,57294;4725,57000;UP
2026-05-08 10:00:00;M1;5;89;4724,88811;4723,71000;DOWN
2026-05-08 10:36:00;M1;5;21;4708,49885;4709,40000;UP
2026-05-08 10:49:00;M1;5;34;4712,07964;4712,52000;UP
2026-05-08 10:51:00;M1;5;34;4710,48617;4708,98000;DOWN
2026-05-08 10:58:00;M1;5;34;4709,01520;4709,35000;UP
2026-05-08 11:15:00;M1;5;55;4713,48463;4713,66000;UP
2026-05-08 11:21:00;M1;5;89;4717,31457;4720,23000;UP
2026-05-08 11:29:00;M1;5;89;4716,98328;4716,88000;DOWN
2026-05-08 11:31:00;M1;5;89;4716,74248;4719,06000;UP
2026-05-08 11:42:00;M1;5;21;4718,35099;4717,76000;DOWN
2026-05-08 11:59:00;M1;5;89;4716,24338;4715,74000;DOWN
2026-05-08 12:02:00;M1;5;34;4716,13340;4717,33000;UP
2026-05-08 12:09:00;M1;5;34;4716,87289;4716,02000;DOWN
2026-05-08 12:14:00;M1;5;34;4717,55127;4718,50000;UP
2026-05-08 12:16:00;M1;5;21;4719,31619;4719,73000;UP
2026-05-08 12:29:00;M1;5;34;4719,54042;4718,06000;DOWN
2026-05-08 12:31:00;M1;5;89;4715,53792;4714,78000;DOWN
2026-05-08 13:00:00;M1;5;21;4712,43942;4713,37000;UP
2026-05-08 13:03:00;M1;5;89;4713,92736;4714,16000;UP
2026-05-08 13:08:00;M1;5;34;4714,28591;4714,35000;UP
2026-05-08 13:06:00;M1;5;89;4713,59846;4712,22000;DOWN
2026-05-08 13:12:00;M1;5;55;4714,71569;4714,89000;UP
2026-05-08 13:50:00;M1;5;34;4719,03511;4718,56000;DOWN
2026-05-08 13:52:00;M1;5;34;4719,90291;4721,45000;UP
2026-05-08 13:51:00;M1;5;55;4718,54083;4718,41000;DOWN
2026-05-08 13:58:00;M1;5;55;4719,02280;4719,25000;UP
2026-05-08 13:56:00;M1;5;34;4720,57647;4717,97000;DOWN
2026-05-08 14:04:00;M1;5;21;4724,84312;4726,27000;UP
2026-05-08 14:10:00;M1;5;34;4722,36815;4721,36000;DOWN
2026-05-08 14:15:00;M1;5;34;4723,19267;4723,67000;UP
2026-05-08 14:11:00;M1;5;55;4720,71987;4720,62000;DOWN
2026-05-08 14:16:00;M1;5;55;4721,23392;4724,27000;UP
2026-05-08 14:17:00;M1;5;34;4723,91488;4722,16000;DOWN
2026-05-08 14:22:00;M1;5;55;4721,74335;4721,60000;DOWN
2026-05-08 14:27:00;M1;5;21;4724,53975;4725,06000;UP
2026-05-08 14:34:00;M1;5;55;4722,69498;4722,33000;DOWN
2026-05-08 14:37:00;M1;5;21;4724,01633;4724,17000;UP
2026-05-08 14:45:00;M1;5;89;4720,27575;4719,26000;DOWN
2026-05-08 15:25:00;M1;5;21;4708,13003;4709,63000;UP
2026-05-08 15:32:00;M1;5;34;4711,58503;4714,66000;UP
2026-05-08 16:02:00;M1;5;21;4725,43289;4725,28000;DOWN
2026-05-08 16:08:00;M1;5;89;4719,58550;4719,16000;DOWN
2026-05-08 16:14:00;M1;5;34;4720,14589;4720,36000;UP
2026-05-08 16:11:00;M1;5;55;4719,15471;4718,25000;DOWN
2026-05-08 16:16:00;M1;5;55;4719,50108;4722,29000;UP
2026-05-08 16:29:00;M1;5;21;4726,96329;4727,21000;UP
2026-05-08 16:53:00;M1;5;21;4738,55297;4738,13000;DOWN
2026-05-08 16:56:00;M1;5;21;4741,64535;4743,31000;UP
2026-05-08 17:05:00;M1;5;34;4739,38861;4736,59000;DOWN
2026-05-08 17:09:00;M1;5;89;4728,22942;4726,60000;DOWN
2026-05-08 17:13:00;M1;5;89;4729,09960;4732,16000;UP
2026-05-08 17:18:00;M1;5;89;4729,79469;4728,24000;DOWN
2026-05-08 17:41:00;M1;5;21;4722,66564;4723,08000;UP
2026-05-08 17:48:00;M1;5;21;4720,06616;4716,44000;DOWN
2026-05-08 17:54:00;M1;5;21;4717,87960;4718,14000;UP
2026-05-08 17:59:00;M1;5;21;4716,00357;4715,91000;DOWN
2026-05-08 18:01:00;M1;5;21;4714,26424;4717,14000;UP
2026-05-08 18:13:00;M1;5;21;4711,60642;4711,50000;DOWN
2026-05-08 18:21:00;M1;5;21;4708,03999;4709,71000;UP
2026-05-08 18:27:00;M1;5;34;4710,47415;4710,98000;UP
2026-05-08 18:31:00;M1;5;34;4708,85234;4708,33000;DOWN
2026-05-08 18:36:00;M1;5;34;4707,76927;4714,25000;UP
2026-05-08 18:44:00;M1;5;34;4706,74288;4705,87000;DOWN
2026-05-08 18:47:00;M1;5;21;4706,26050;4708,73000;UP
2026-05-08 18:55:00;M1;5;34;4705,25022;4704,73000;DOWN
2026-05-08 18:56:00;M1;5;21;4706,20154;4706,49000;UP
2026-05-08 19:05:00;M1;5;55;4709,91584;4711,36000;UP
2026-05-08 19:04:00;M1;5;21;4706,12101;4706,12000;DOWN
2026-05-08 19:06:00;M1;5;21;4706,21321;4710,73000;UP
2026-05-08 19:08:00;M1;5;55;4708,51310;4707,64000;DOWN
2026-05-08 19:11:00;M1;5;55;4707,34571;4711,36000;UP
2026-05-08 19:26:00;M1;5;89;4715,11860;4715,70000;UP
2026-05-08 19:44:00;M1;5;89;4713,58116;4713,39000;DOWN
2026-05-08 19:46:00;M1;5;89;4713,14252;4714,73000;UP
2026-05-08 19:51:00;M1;5;89;4712,71212;4712,55000;DOWN
2026-05-08 19:57:00;M1;5;34;4712,67647;4713,30000;UP
2026-05-08 20:15:00;M1;5;21;4715,51001;4716,90000;UP
2026-05-08 20:11:00;M1;5;34;4714,35811;4714,11000;DOWN
2026-05-08 20:16:00;M1;5;34;4715,06686;4716,73000;UP
2026-05-08 20:41:00;M1;5;21;4720,22209;4719,97000;DOWN
2026-05-08 20:47:00;M1;5;34;4719,81978;4719,79000;DOWN
2026-05-08 20:54:00;M1;5;21;4721,61423;4721,96000;UP
2026-05-08 20:57:00;M1;5;34;4720,90323;4720,68000;DOWN
2026-05-08 21:01:00;M1;5;21;4723,03112;4725,25000;UP
2026-05-08 21:19:00;M1;5;21;4726,25374;4725,54000;DOWN
2026-05-08 21:25:00;M1;5;34;4725,62327;4724,00000;DOWN
2026-05-08 21:40:00;M1;5;55;4724,85435;4724,74000;DOWN
2026-05-08 21:43:00;M1;5;55;4725,53371;4726,00000;UP
2026-05-08 21:46:00;M1;5;55;4726,06792;4724,03000;DOWN
2026-05-08 22:06:00;M1;5;21;4723,74577;4725,29000;UP
2026-05-08 22:30:00;M1;5;21;4723,21465;4723,14000;DOWN
2026-05-08 22:31:00;M1;5;89;4723,23635;4722,04000;DOWN
2026-05-08 22:39:00;M1;5;21;4723,23118;4723,49000;UP
2026-05-08 22:48:00;M1;5;89;4724,32288;4724,14000;DOWN
2026-05-08 22:51:00;M1;5;34;4724,07694;4725,05000;UP
2026-05-08 22:53:00;M1;5;21;4724,02073;4723,87000;DOWN
2026-05-08 22:56:00;M1;5;89;4724,94061;4723,34000;DOWN
2026-05-08 23:32:00;M1;5;21;4717,49683;4718,39000;UP
2026-05-08 23:49:00;M1;5;21;4715,22656;4714,86000;DOWN
2026-05-08 23:51:00;M1;5;21;4714,59061;4714,73000;UP
2026-05-11 01:01:00;M1;5;21;4710,77164;4699,10000;DOWN
2026-05-11 01:25:00;M1;5;21;4689,68762;4690,49000;UP
2026-05-11 01:36:00;M1;5;34;4690,63399;4691,49000;UP
2026-05-11 01:56:00;M1;5;55;4691,99823;4693,57000;UP
2026-05-11 02:13:00;M1;5;21;4690,69541;4690,11000;DOWN
2026-05-11 02:16:00;M1;5;21;4691,73922;4692,80000;UP
2026-05-11 02:27:00;M1;5;89;4696,09872;4696,31000;UP
2026-05-11 02:43:00;M1;5;21;4696,54788;4695,98000;DOWN
2026-05-11 02:48:00;M1;5;21;4697,32929;4697,47000;UP
2026-05-11 02:51:00;M1;5;21;4697,68045;4697,20000;DOWN
2026-05-11 03:00:00;M1;5;89;4691,24777;4683,23000;DOWN
2026-05-11 03:02:00;M1;5;55;4686,49035;4687,57000;UP
2026-05-11 03:09:00;M1;5;55;4686,45201;4685,95000;DOWN
2026-05-11 03:23:00;M1;5;21;4685,22152;4685,31000;UP
2026-05-11 03:30:00;M1;5;89;4685,66822;4687,90000;UP
2026-05-11 03:26:00;M1;5;55;4684,82712;4684,72000;DOWN
2026-05-11 03:31:00;M1;5;34;4687,32551;4690,43000;UP
2026-05-11 03:52:00;M1;5;89;4682,10769;4675,97000;DOWN
2026-05-11 03:59:00;M1;5;89;4681,58706;4683,35000;UP
2026-05-11 04:04:00;M1;5;21;4685,45134;4691,33000;UP
2026-05-11 04:01:00;M1;5;89;4681,20536;4678,36000;DOWN
2026-05-11 04:06:00;M1;5;89;4680,93332;4696,34000;UP
2026-05-11 04:10:00;M1;5;21;4686,61532;4684,89000;DOWN
2026-05-11 04:11:00;M1;5;21;4688,05238;4689,77000;UP
2026-05-11 04:31:00;M1;5;21;4697,18367;4694,36000;DOWN
2026-05-11 04:40:00;M1;5;34;4692,92357;4691,80000;DOWN
2026-05-11 04:42:00;M1;5;34;4694,22122;4694,36000;UP
2026-05-11 04:50:00;M1;5;55;4690,27554;4688,98000;DOWN
2026-05-11 04:55:00;M1;5;89;4684,10086;4682,97000;DOWN
2026-05-11 04:58:00;M1;5;89;4684,47600;4685,47000;UP
2026-05-11 05:02:00;M1;5;55;4690,99406;4692,26000;UP
2026-05-11 05:06:00;M1;5;89;4684,94015;4680,23000;DOWN
2026-05-11 05:11:00;M1;5;89;4685,02592;4686,09000;UP
2026-05-11 05:17:00;M1;5;89;4685,01557;4684,87000;DOWN
2026-05-11 05:21:00;M1;5;21;4684,75537;4685,08000;UP
2026-05-11 05:30:00;M1;5;34;4689,68892;4691,97000;UP
2026-05-11 05:44:00;M1;5;55;4689,99987;4688,46000;DOWN
2026-05-11 05:46:00;M1;5;34;4688,77321;4692,53000;UP
2026-05-11 05:49:00;M1;5;89;4685,48483;4685,35000;DOWN
2026-05-11 05:51:00;M1;5;55;4689,75473;4682,77000;DOWN
2026-05-11 06:08:00;M1;5;21;4684,88052;4685,60000;UP
2026-05-11 06:12:00;M1;5;55;4687,63259;4688,89000;UP
2026-05-11 06:16:00;M1;5;89;4685,18420;4684,41000;DOWN
2026-05-11 06:22:00;M1;5;21;4685,20187;4685,21000;UP
2026-05-11 06:35:00;M1;5;55;4686,45038;4686,16000;DOWN
2026-05-11 06:37:00;M1;5;89;4685,31156;4683,91000;DOWN
2026-05-11 06:44:00;M1;5;21;4686,67940;4687,71000;UP
2026-05-11 06:48:00;M1;5;89;4685,39937;4684,92000;DOWN
2026-05-11 07:15:00;M1;5;21;4678,00001;4678,54000;UP
2026-05-11 07:17:00;M1;5;21;4676,37156;4675,39000;DOWN
2026-05-11 07:26:00;M1;5;21;4673,25280;4674,30000;UP
2026-05-11 07:31:00;M1;5;21;4671,93809;4668,67000;DOWN
2026-05-11 07:36:00;M1;5;21;4670,87691;4671,91000;UP
2026-05-11 07:43:00;M1;5;34;4673,15824;4673,24000;UP
2026-05-11 07:50:00;M1;5;55;4675,34715;4675,90000;UP
2026-05-11 07:52:00;M1;5;55;4674,51919;4674,25000;DOWN
2026-05-11 07:57:00;M1;5;55;4673,74006;4674,23000;UP
2026-05-11 08:07:00;M1;5;55;4672,53655;4672,00000;DOWN
2026-05-11 08:12:00;M1;5;21;4672,13195;4673,09000;UP
2026-05-11 08:16:00;M1;5;21;4672,54278;4672,28000;DOWN
2026-05-11 08:21:00;M1;5;21;4673,03083;4673,48000;UP
2026-05-11 08:27:00;M1;5;89;4674,03761;4673,26000;DOWN
2026-05-11 08:31:00;M1;5;21;4673,67228;4674,02000;UP
2026-05-11 08:38:00;M1;5;21;4674,05006;4673,92000;DOWN
2026-05-11 08:41:00;M1;5;89;4672,69173;4672,44000;DOWN
2026-05-11 09:06:00;M1;5;21;4658,08144;4658,94000;UP
2026-05-11 09:12:00;M1;5;55;4663,36264;4666,28000;UP
2026-05-11 10:05:00;M1;5;21;4678,03260;4676,69000;DOWN
2026-05-11 10:15:00;M1;5;34;4673,56142;4673,52000;DOWN
2026-05-11 10:24:00;M1;5;34;4675,97755;4676,17000;UP
2026-05-11 10:29:00;M1;5;34;4676,87090;4675,79000;DOWN
2026-05-11 10:44:00;M1;5;55;4672,23105;4671,95000;DOWN
2026-05-11 10:50:00;M1;5;89;4667,31691;4666,99000;DOWN
2026-05-11 10:51:00;M1;5;89;4667,50782;4667,65000;UP
2026-05-11 10:57:00;M1;5;89;4667,63705;4667,06000;DOWN
2026-05-11 11:05:00;M1;5;21;4669,59646;4669,68000;UP
2026-05-11 11:08:00;M1;5;89;4667,73109;4666,51000;DOWN
2026-05-11 11:11:00;M1;5;21;4667,29073;4672,16000;UP
2026-05-11 11:20:00;M1;5;55;4672,94737;4672,80000;DOWN
2026-05-11 11:21:00;M1;5;55;4673,12798;4676,66000;UP
2026-05-11 11:29:00;M1;5;55;4673,26464;4671,77000;DOWN
2026-05-11 11:32:00;M1;5;55;4673,35216;4673,44000;UP
2026-05-11 11:35:00;M1;5;34;4671,29913;4670,52000;DOWN
2026-05-11 11:36:00;M1;5;21;4671,16108;4671,43000;UP
2026-05-11 11:36:00;M1;5;55;4673,34529;4671,43000;DOWN
2026-05-11 11:41:00;M1;5;34;4670,80737;4669,23000;DOWN
2026-05-11 11:46:00;M1;5;34;4670,52281;4671,31000;UP
2026-05-11 11:53:00;M1;5;89;4669,34966;4667,41000;DOWN
2026-05-11 12:06:00;M1;5;34;4669,20477;4669,25000;UP
2026-05-11 12:11:00;M1;5;34;4668,90218;4667,31000;DOWN
2026-05-11 12:36:00;M1;5;21;4659,04775;4659,40000;UP
2026-05-11 12:43:00;M1;5;34;4661,79246;4661,94000;UP
2026-05-11 12:51:00;M1;5;34;4660,05831;4659,22000;DOWN
2026-05-11 12:58:00;M1;5;21;4657,13146;4656,31000;DOWN
2026-05-11 13:01:00;M1;5;21;4656,77069;4660,61000;UP
2026-05-11 13:10:00;M1;5;55;4661,08983;4662,28000;UP
2026-05-11 13:06:00;M1;5;34;4657,85588;4657,82000;DOWN
2026-05-11 13:11:00;M1;5;34;4657,51951;4662,33000;UP
2026-05-11 13:23:00;M1;5;89;4663,47382;4664,03000;UP
2026-05-11 13:38:00;M1;5;89;4662,48685;4662,30000;DOWN
2026-05-11 13:44:00;M1;5;89;4662,23735;4663,40000;UP
2026-05-11 13:50:00;M1;5;21;4664,57266;4665,35000;UP
2026-05-11 13:56:00;M1;5;21;4665,40619;4664,90000;DOWN
2026-05-11 14:01:00;M1;5;21;4666,24597;4666,69000;UP
2026-05-11 14:11:00;M1;5;21;4668,11145;4667,93000;DOWN
2026-05-11 14:18:00;M1;5;21;4669,02423;4669,24000;UP
2026-05-11 14:23:00;M1;5;21;4669,69495;4668,30000;DOWN
2026-05-11 14:28:00;M1;5;21;4670,53367;4670,86000;UP
2026-05-11 14:26:00;M1;5;34;4668,55613;4668,18000;DOWN
2026-05-11 14:31:00;M1;5;34;4669,50466;4671,78000;UP
2026-05-11 14:36:00;M1;5;21;4672,48810;4671,95000;DOWN
2026-05-11 14:41:00;M1;5;21;4673,60521;4676,96000;UP
2026-05-11 14:50:00;M1;5;34;4672,65776;4672,04000;DOWN
2026-05-11 14:59:00;M1;5;34;4674,26836;4674,48000;UP
2026-05-11 15:05:00;M1;5;55;4670,58369;4669,35000;DOWN
2026-05-11 15:07:00;M1;5;55;4671,28357;4671,41000;UP
2026-05-11 15:11:00;M1;5;55;4671,79333;4668,61000;DOWN
2026-05-11 15:18:00;M1;5;21;4672,95737;4673,05000;UP
2026-05-11 15:47:00;M1;5;21;4692,73765;4689,58000;DOWN
2026-05-11 15:56:00;M1;5;21;4697,50060;4698,78000;UP
2026-05-11 16:39:00;M1;5;21;4737,07568;4735,18000;DOWN
2026-05-11 16:41:00;M1;5;21;4741,56623;4742,13000;UP
2026-05-11 16:50:00;M1;5;34;4736,42790;4735,10000;DOWN
2026-05-11 16:53:00;M1;5;34;4740,19853;4740,79000;UP
2026-05-11 16:56:00;M1;5;34;4743,22795;4742,89000;DOWN
2026-05-11 17:01:00;M1;5;55;4734,03068;4732,33000;DOWN
2026-05-11 17:27:00;M1;5;89;4728,00956;4726,00000;DOWN
2026-05-11 17:41:00;M1;5;21;4726,87359;4731,43000;UP
2026-05-11 17:56:00;M1;5;21;4726,24560;4725,78000;DOWN
2026-05-11 18:01:00;M1;5;21;4725,93381;4726,55000;UP
2026-05-11 18:12:00;M1;5;34;4729,99786;4730,43000;UP
2026-05-11 18:35:00;M1;5;21;4731,49508;4730,16000;DOWN
2026-05-11 18:40:00;M1;5;34;4730,00386;4727,86000;DOWN
2026-05-11 18:42:00;M1;5;34;4730,02629;4731,08000;UP
2026-05-11 18:46:00;M1;5;34;4729,96709;4727,18000;DOWN
2026-05-11 18:54:00;M1;5;21;4731,81454;4731,84000;UP
2026-05-11 18:56:00;M1;5;21;4731,85377;4731,13000;DOWN
2026-05-11 19:07:00;M1;5;21;4731,67818;4732,41000;UP
2026-05-11 19:08:00;M1;5;34;4730,83379;4730,69000;DOWN
2026-05-11 19:11:00;M1;5;21;4730,98366;4729,02000;DOWN
2026-05-11 19:51:00;M1;5;21;4716,24869;4716,25000;UP
2026-05-11 20:01:00;M1;5;34;4718,37480;4718,63000;UP
2026-05-11 20:12:00;M1;5;34;4716,33171;4716,03000;DOWN
2026-05-11 20:16:00;M1;5;34;4715,58122;4718,54000;UP
2026-05-11 20:22:00;M1;5;55;4719,47470;4719,95000;UP
2026-05-11 20:29:00;M1;5;55;4718,68093;4718,09000;DOWN
2026-05-11 20:31:00;M1;5;55;4718,08445;4721,73000;UP
2026-05-11 20:54:00;M1;5;21;4722,12148;4722,12000;DOWN
2026-05-11 20:59:00;M1;5;21;4723,01673;4723,67000;UP
2026-05-11 21:01:00;M1;5;21;4723,83378;4723,80000;DOWN
2026-05-11 21:06:00;M1;5;21;4724,70796;4725,03000;UP
2026-05-11 21:11:00;M1;5;89;4725,32043;4722,74000;DOWN
2026-05-11 21:21:00;M1;5;34;4722,99211;4722,87000;DOWN
2026-05-11 21:28:00;M1;5;21;4725,70870;4726,32000;UP
2026-05-11 21:40:00;M1;5;21;4726,49010;4726,33000;DOWN
2026-05-11 21:43:00;M1;5;21;4726,92347;4727,27000;UP
2026-05-11 21:45:00;M1;5;34;4726,02391;4725,86000;DOWN
2026-05-11 21:47:00;M1;5;34;4726,63240;4726,90000;UP
2026-05-11 21:46:00;M1;5;21;4727,20829;4726,41000;DOWN
2026-05-11 21:52:00;M1;5;34;4727,11310;4726,95000;DOWN
2026-05-11 21:56:00;M1;5;21;4727,29061;4728,92000;UP
2026-05-11 22:01:00;M1;5;34;4727,43110;4725,57000;DOWN
2026-05-11 22:06:00;M1;5;21;4726,79410;4727,55000;UP
2026-05-11 22:13:00;M1;5;55;4724,77266;4724,53000;DOWN
2026-05-11 22:32:00;M1;5;21;4724,70242;4724,85000;UP
2026-05-11 22:36:00;M1;5;34;4726,29204;4726,87000;UP
2026-05-11 23:11:00;M1;5;21;4734,84515;4731,71000;DOWN
2026-05-11 23:26:00;M1;5;34;4734,31964;4734,01000;DOWN
2026-05-11 23:32:00;M1;5;21;4737,94861;4738,28000;UP
2026-05-11 23:36:00;M1;5;21;4738,44356;4737,81000;DOWN
2026-05-11 23:50:00;M1;5;55;4735,46417;4733,96000;DOWN
2026-05-12 01:01:00;M1;5;21;4738,08992;4740,95000;UP
2026-05-12 01:12:00;M1;5;34;4739,97942;4739,91000;DOWN
2026-05-12 01:16:00;M1;5;55;4739,01380;4738,30000;DOWN
2026-05-12 01:23:00;M1;5;55;4739,59394;4739,63000;UP
2026-05-12 01:27:00;M1;5;21;4739,99226;4741,77000;UP
2026-05-12 01:26:00;M1;5;55;4740,15273;4739,57000;DOWN
2026-05-12 01:32:00;M1;5;55;4740,71378;4741,17000;UP
2026-05-12 01:31:00;M1;5;34;4741,05321;4739,50000;DOWN
2026-05-12 01:36:00;M1;5;21;4740,96571;4742,23000;UP
2026-05-12 02:11:00;M1;5;55;4748,12360;4746,14000;DOWN
2026-05-12 02:16:00;M1;5;34;4751,21154;4752,86000;UP
2026-05-12 02:23:00;M1;5;34;4752,24921;4752,14000;DOWN
2026-05-12 02:26:00;M1;5;34;4753,17890;4753,36000;UP
2026-05-12 02:31:00;M1;5;21;4755,83084;4756,79000;UP
2026-05-12 02:36:00;M1;5;34;4755,08333;4753,88000;DOWN
2026-05-12 02:45:00;M1;5;34;4756,00544;4756,09000;UP
2026-05-12 02:46:00;M1;5;21;4757,22430;4757,94000;UP
2026-05-12 03:01:00;M1;5;34;4761,92466;4761,82000;DOWN
2026-05-12 03:09:00;M1;5;21;4765,60584;4768,34000;UP
2026-05-12 03:11:00;M1;5;21;4767,43689;4765,86000;DOWN
2026-05-12 03:17:00;M1;5;21;4769,28629;4772,93000;UP
2026-05-12 03:23:00;M1;5;89;4760,15752;4756,38000;DOWN
2026-05-12 03:26:00;M1;5;89;4761,31386;4765,57000;UP
2026-05-12 03:32:00;M1;5;89;4762,31186;4762,22000;DOWN
2026-05-12 04:01:00;M1;5;21;4753,79763;4755,03000;UP
2026-05-12 04:06:00;M1;5;21;4750,96341;4747,84000;DOWN
2026-05-12 04:17:00;M1;5;21;4746,69077;4747,72000;UP
2026-05-12 04:22:00;M1;5;21;4745,11069;4743,95000;DOWN
2026-05-12 04:48:00;M1;5;21;4728,57018;4730,16000;UP
2026-05-12 05:00:00;M1;5;34;4730,06243;4730,69000;UP
2026-05-12 05:30:00;M1;5;21;4724,71470;4723,67000;DOWN
2026-05-12 05:31:00;M1;5;21;4725,16605;4725,42000;UP
2026-05-12 05:36:00;M1;5;55;4726,27451;4728,08000;UP
2026-05-12 05:41:00;M1;5;21;4726,19079;4725,39000;DOWN
2026-05-12 05:46:00;M1;5;21;4726,84028;4732,02000;UP
2026-05-12 06:01:00;M1;5;21;4729,22388;4729,11000;DOWN
2026-05-12 06:13:00;M1;5;21;4729,74388;4730,40000;UP
2026-05-12 06:19:00;M1;5;34;4726,11515;4726,04000;DOWN
2026-05-12 06:36:00;M1;5;21;4725,89652;4725,90000;UP
2026-05-12 06:41:00;M1;5;89;4726,11366;4726,31000;UP
2026-05-12 06:44:00;M1;5;34;4725,65770;4724,09000;DOWN
2026-05-12 06:46:00;M1;5;89;4725,01248;4719,45000;DOWN
2026-05-12 06:51:00;M1;5;55;4719,98481;4721,29000;UP
2026-05-12 06:56:00;M1;5;55;4719,79580;4719,18000;DOWN
2026-05-12 07:01:00;M1;5;21;4720,50236;4721,56000;UP
2026-05-12 07:07:00;M1;5;34;4722,29904;4722,39000;UP
2026-05-12 07:12:00;M1;5;34;4721,72804;4721,48000;DOWN
2026-05-12 07:16:00;M1;5;34;4721,51058;4729,88000;UP
2026-05-12 07:48:00;M1;5;55;4720,32068;4718,95000;DOWN
2026-05-12 07:52:00;M1;5;89;4716,66049;4716,09000;DOWN
2026-05-12 08:01:00;M1;5;89;4715,91813;4715,96000;UP
2026-05-12 08:07:00;M1;5;89;4715,47987;4715,12000;DOWN
2026-05-12 08:16:00;M1;5;21;4713,58363;4715,31000;UP
2026-05-12 08:22:00;M1;5;34;4715,51584;4715,02000;DOWN
2026-05-12 08:27:00;M1;5;34;4714,71417;4715,44000;UP
2026-05-12 08:26:00;M1;5;89;4713,57072;4713,16000;DOWN
2026-05-12 08:31:00;M1;5;89;4713,15418;4720,15000;UP
2026-05-12 08:34:00;M1;5;55;4715,23440;4715,02000;DOWN
2026-05-12 08:38:00;M1;5;55;4714,77799;4716,35000;UP
2026-05-12 08:36:00;M1;5;34;4713,63091;4713,56000;DOWN
2026-05-12 08:41:00;M1;5;34;4713,27398;4716,09000;UP
2026-05-12 08:45:00;M1;5;55;4714,40299;4713,96000;DOWN
2026-05-12 08:46:00;M1;5;55;4714,04245;4714,31000;UP
2026-05-12 09:00:00;M1;5;89;4711,60263;4708,28000;DOWN
2026-05-12 09:33:00;M1;5;21;4700,46917;4701,25000;UP
2026-05-12 09:37:00;M1;5;34;4702,56279;4701,03000;DOWN
2026-05-12 09:43:00;M1;5;34;4701,41664;4702,13000;UP
2026-05-12 09:46:00;M1;5;55;4702,70948;4704,03000;UP
2026-05-12 09:49:00;M1;5;34;4700,22953;4697,09000;DOWN
2026-05-12 09:51:00;M1;5;21;4696,52388;4696,74000;UP
2026-05-12 09:51:00;M1;5;55;4701,58236;4696,74000;DOWN
2026-05-12 09:56:00;M1;5;34;4698,01100;4695,36000;DOWN
2026-05-12 10:01:00;M1;5;21;4694,88687;4696,01000;UP
2026-05-12 10:06:00;M1;5;21;4693,98819;4692,17000;DOWN
2026-05-12 10:11:00;M1;5;21;4693,43465;4697,58000;UP
2026-05-12 10:17:00;M1;5;55;4696,09137;4695,98000;DOWN
2026-05-12 10:21:00;M1;5;55;4695,26944;4698,52000;UP
2026-05-12 10:30:00;M1;5;89;4697,76914;4696,41000;DOWN
2026-05-12 10:33:00;M1;5;89;4697,09603;4698,29000;UP
2026-05-12 10:58:00;M1;5;21;4700,15710;4700,12000;DOWN
2026-05-12 11:01:00;M1;5;21;4701,19222;4705,27000;UP
2026-05-12 11:07:00;M1;5;21;4702,14488;4701,77000;DOWN
2026-05-12 11:16:00;M1;5;34;4699,41116;4698,20000;DOWN
2026-05-12 11:21:00;M1;5;21;4702,52444;4703,57000;UP
2026-05-12 11:35:00;M1;5;34;4701,20096;4700,45000;DOWN
2026-05-12 11:45:00;M1;5;21;4701,97844;4705,91000;UP
2026-05-12 11:56:00;M1;5;34;4702,63942;4702,43000;DOWN
2026-05-12 12:08:00;M1;5;55;4699,48680;4698,85000;DOWN
2026-05-12 12:11:00;M1;5;55;4699,80222;4700,56000;UP
2026-05-12 12:16:00;M1;5;55;4700,02433;4698,33000;DOWN
2026-05-12 12:23:00;M1;5;21;4700,37476;4700,55000;UP
2026-05-12 12:30:00;M1;5;34;4701,32144;4703,45000;UP
2026-05-12 12:26:00;M1;5;55;4700,35748;4699,09000;DOWN
2026-05-12 12:31:00;M1;5;21;4700,03336;4702,44000;UP
2026-05-12 12:35:00;M1;5;34;4701,14376;4700,45000;DOWN
2026-05-12 12:39:00;M1;5;34;4701,09296;4701,87000;UP
2026-05-12 12:36:00;M1;5;55;4700,66790;4698,80000;DOWN
2026-05-12 12:41:00;M1;5;21;4699,68475;4700,16000;UP
2026-05-12 12:44:00;M1;5;89;4695,29783;4695,29000;DOWN
2026-05-12 12:49:00;M1;5;34;4700,45828;4700,65000;UP
2026-05-12 12:46:00;M1;5;55;4700,66610;4695,81000;DOWN
2026-05-12 12:51:00;M1;5;21;4698,92693;4699,71000;UP
2026-05-12 12:51:00;M1;5;34;4700,03128;4699,71000;DOWN
2026-05-12 13:00:00;M1;5;34;4699,64913;4701,42000;UP
2026-05-12 12:56:00;M1;5;21;4698,66850;4698,42000;DOWN
2026-05-12 13:01:00;M1;5;21;4699,07514;4703,05000;UP
2026-05-12 13:16:00;M1;5;55;4701,12700;4700,26000;DOWN
2026-05-12 13:21:00;M1;5;21;4702,87082;4703,13000;UP
2026-05-12 13:30:00;M1;5;89;4697,78057;4695,53000;DOWN
2026-05-12 13:52:00;M1;5;21;4692,78957;4692,80000;UP
2026-05-12 14:05:00;M1;5;21;4690,34226;4688,50000;DOWN
2026-05-12 14:06:00;M1;5;21;4689,61377;4690,34000;UP
2026-05-12 14:13:00;M1;5;34;4692,63301;4690,16000;DOWN
2026-05-12 14:16:00;M1;5;34;4692,21163;4694,46000;UP
2026-05-12 14:23:00;M1;5;89;4695,57920;4694,70000;DOWN
2026-05-12 14:27:00;M1;5;55;4694,14596;4696,08000;UP
2026-05-12 15:01:00;M1;5;21;4707,30142;4705,82000;DOWN
2026-05-12 15:06:00;M1;5;34;4702,17402;4700,84000;DOWN
2026-05-12 15:13:00;M1;5;34;4703,33807;4705,12000;UP
2026-05-12 15:17:00;M1;5;34;4704,32794;4702,49000;DOWN
2026-05-12 15:21:00;M1;5;34;4704,74323;4704,83000;UP
2026-05-12 15:24:00;M1;5;89;4698,54791;4696,88000;DOWN
2026-05-12 15:26:00;M1;5;34;4704,75065;4697,41000;DOWN
2026-05-12 15:39:00;M1;5;21;4700,63115;4701,63000;UP
2026-05-12 15:42:00;M1;5;34;4703,37580;4705,13000;UP
2026-05-12 15:56:00;M1;5;55;4702,30071;4701,77000;DOWN
2026-05-12 16:01:00;M1;5;21;4702,63042;4705,79000;UP
2026-05-12 16:04:00;M1;5;89;4700,01950;4696,18000;DOWN
2026-05-12 16:06:00;M1;5;55;4703,01136;4696,72000;DOWN
2026-05-12 16:22:00;M1;5;21;4694,52648;4694,91000;UP
2026-05-12 16:27:00;M1;5;21;4692,19463;4691,33000;DOWN
2026-05-12 16:31:00;M1;5;21;4690,02794;4691,83000;UP
2026-05-12 16:37:00;M1;5;34;4693,50862;4694,04000;UP
2026-05-12 16:36:00;M1;5;21;4689,17092;4687,01000;DOWN
2026-05-12 16:41:00;M1;5;21;4689,40714;4696,89000;UP
2026-05-12 16:41:00;M1;5;89;4697,97152;4696,89000;DOWN
2026-05-12 16:48:00;M1;5;34;4692,63122;4690,12000;DOWN
2026-05-12 16:53:00;M1;5;34;4692,19324;4693,24000;UP
2026-05-12 16:51:00;M1;5;21;4690,26941;4689,39000;DOWN
2026-05-12 16:56:00;M1;5;34;4691,01715;4687,76000;DOWN
2026-05-12 17:04:00;M1;5;21;4688,51232;4690,53000;UP
2026-05-12 17:06:00;M1;5;34;4688,87200;4688,41000;DOWN
2026-05-12 17:11:00;M1;5;21;4688,60153;4688,87000;UP
2026-05-12 17:16:00;M1;5;55;4691,75000;4688,11000;DOWN
2026-05-12 17:21:00;M1;5;21;4688,59393;4689,82000;UP
2026-05-12 17:26:00;M1;5;34;4686,73592;4684,98000;DOWN
2026-05-12 17:38:00;M1;5;21;4685,64499;4686,24000;UP
2026-05-12 17:45:00;M1;5;34;4685,28802;4682,77000;DOWN
2026-05-12 18:31:00;M1;5;21;4654,49699;4655,86000;UP
2026-05-12 18:44:00;M1;5;55;4665,26727;4665,59000;UP
2026-05-12 19:01:00;M1;5;89;4668,96826;4670,20000;UP
2026-05-12 19:21:00;M1;5;21;4670,53257;4670,42000;DOWN
2026-05-12 19:51:00;M1;5;21;4671,11775;4671,76000;UP
2026-05-12 20:33:00;M1;5;34;4677,87844;4676,89000;DOWN
2026-05-12 20:39:00;M1;5;34;4678,81881;4678,91000;UP
2026-05-12 20:41:00;M1;5;34;4679,63957;4677,59000;DOWN
2026-05-12 21:01:00;M1;5;21;4681,08307;4683,10000;UP
2026-05-12 21:07:00;M1;5;55;4677,97404;4677,53000;DOWN
2026-05-12 21:14:00;M1;5;21;4680,66201;4681,28000;UP
2026-05-12 21:20:00;M1;5;34;4682,32862;4683,05000;UP
2026-05-12 21:24:00;M1;5;34;4682,63835;4682,52000;DOWN
2026-05-12 21:26:00;M1;5;34;4683,07693;4685,89000;UP
2026-05-12 22:03:00;M1;5;21;4696,84281;4696,72000;DOWN
2026-05-12 22:07:00;M1;5;21;4698,63295;4699,68000;UP
2026-05-12 22:14:00;M1;5;21;4700,20601;4699,86000;DOWN
2026-05-12 22:18:00;M1;5;21;4701,71284;4702,09000;UP
2026-05-12 22:21:00;M1;5;21;4703,08394;4701,55000;DOWN
2026-05-12 22:30:00;M1;5;21;4704,27328;4704,81000;UP
2026-05-12 22:40:00;M1;5;21;4707,38566;4707,25000;DOWN
2026-05-12 22:41:00;M1;5;21;4708,93605;4709,37000;UP
2026-05-12 22:46:00;M1;5;21;4710,35509;4709,84000;DOWN
2026-05-12 22:54:00;M1;5;21;4711,78109;4712,56000;UP
2026-05-12 22:52:00;M1;5;34;4710,22671;4710,07000;DOWN
2026-05-12 22:56:00;M1;5;34;4711,92397;4713,55000;UP
2026-05-12 23:05:00;M1;5;34;4713,47667;4712,84000;DOWN
2026-05-12 23:19:00;M1;5;55;4714,10356;4713,73000;DOWN
2026-05-12 23:41:00;M1;5;89;4712,46357;4712,19000;DOWN
2026-05-12 23:46:00;M1;5;89;4713,68582;4713,92000;UP
2026-05-12 23:52:00;M1;5;89;4714,82102;4713,63000;DOWN
2026-05-13 01:01:00;M1;5;21;4715,77697;4715,85000;UP
2026-05-13 01:08:00;M1;5;89;4717,97200;4715,32000;DOWN
2026-05-13 01:19:00;M1;5;21;4716,26707;4716,84000;UP
2026-05-13 01:22:00;M1;5;34;4718,02930;4717,44000;DOWN
2026-05-13 01:29:00;M1;5;21;4716,60196;4717,08000;UP
2026-05-13 01:32:00;M1;5;34;4717,95648;4718,91000;UP
2026-05-13 01:36:00;M1;5;34;4718,07888;4716,87000;DOWN
2026-05-13 01:46:00;M1;5;21;4717,84247;4717,86000;UP
2026-05-13 01:52:00;M1;5;34;4718,40150;4718,49000;UP
2026-05-13 01:51:00;M1;5;21;4718,24631;4718,14000;DOWN
2026-05-13 01:56:00;M1;5;21;4718,48183;4718,83000;UP
2026-05-13 01:57:00;M1;5;34;4718,54065;4717,98000;DOWN
2026-05-13 02:04:00;M1;5;34;4718,79336;4720,35000;UP
2026-05-13 02:01:00;M1;5;21;4718,93293;4717,72000;DOWN
2026-05-13 02:06:00;M1;5;21;4719,41020;4719,74000;UP
2026-05-13 02:11:00;M1;5;55;4722,14218;4721,25000;DOWN
2026-05-13 02:23:00;M1;5;21;4719,73641;4720,23000;UP
2026-05-13 02:26:00;M1;5;55;4722,00289;4720,06000;DOWN
2026-05-13 02:31:00;M1;5;21;4720,22154;4721,00000;UP
2026-05-13 02:36:00;M1;5;34;4720,31168;4717,40000;DOWN
2026-05-13 02:44:00;M1;5;21;4720,59309;4721,12000;UP
2026-05-13 02:46:00;M1;5;55;4721,92458;4720,44000;DOWN
2026-05-13 03:03:00;M1;5;21;4719,30141;4722,94000;UP
2026-05-13 03:09:00;M1;5;55;4721,54253;4721,08000;DOWN
2026-05-13 03:11:00;M1;5;55;4721,54831;4723,03000;UP
2026-05-13 03:14:00;M1;5;34;4720,43946;4720,23000;DOWN
2026-05-13 03:16:00;M1;5;34;4720,81052;4722,60000;UP
2026-05-13 03:28:00;M1;5;55;4722,16578;4721,51000;DOWN
2026-05-13 03:31:00;M1;5;34;4722,03293;4722,52000;UP
2026-05-13 03:40:00;M1;5;21;4723,07498;4724,44000;UP
2026-05-13 03:36:00;M1;5;55;4722,51891;4716,92000;DOWN
2026-05-13 03:41:00;M1;5;34;4722,34816;4722,60000;UP
2026-05-13 03:41:00;M1;5;21;4723,01203;4722,60000;DOWN
2026-05-13 03:46:00;M1;5;34;4722,10718;4718,14000;DOWN
2026-05-13 04:11:00;M1;5;21;4713,74606;4715,33000;UP
2026-05-13 04:16:00;M1;5;21;4711,42510;4708,10000;DOWN
2026-05-13 04:36:00;M1;5;21;4703,77612;4705,71000;UP
2026-05-13 04:42:00;M1;5;34;4707,48573;4710,02000;UP
2026-05-13 04:56:00;M1;5;34;4704,65180;4704,07000;DOWN
2026-05-13 05:01:00;M1;5;21;4703,59192;4703,86000;UP
2026-05-13 05:07:00;M1;5;34;4702,90930;4700,56000;DOWN
2026-05-13 05:12:00;M1;5;21;4702,43241;4703,03000;UP
2026-05-13 05:17:00;M1;5;34;4701,19614;4700,77000;DOWN
2026-05-13 05:22:00;M1;5;21;4701,66829;4702,27000;UP
2026-05-13 05:26:00;M1;5;55;4703,37479;4703,94000;UP
2026-05-13 05:28:00;M1;5;34;4700,12272;4699,48000;DOWN
2026-05-13 05:31:00;M1;5;55;4702,24228;4697,17000;DOWN
2026-05-13 05:42:00;M1;5;21;4697,07434;4697,26000;UP
2026-05-13 05:46:00;M1;5;21;4695,79537;4693,34000;DOWN
2026-05-13 05:58:00;M1;5;21;4692,59348;4692,73000;UP
2026-05-13 06:01:00;M1;5;21;4691,35826;4690,85000;DOWN
2026-05-13 06:06:00;M1;5;21;4690,07726;4692,63000;UP
2026-05-13 06:13:00;M1;5;55;4692,53626;4693,35000;UP
2026-05-13 06:17:00;M1;5;55;4691,62781;4691,61000;DOWN
2026-05-13 06:21:00;M1;5;55;4690,90358;4695,58000;UP
2026-05-13 06:26:00;M1;5;89;4696,89086;4697,50000;UP
2026-05-13 06:50:00;M1;5;21;4701,03930;4700,66000;DOWN
2026-05-13 06:56:00;M1;5;34;4696,85915;4695,79000;DOWN
2026-05-13 07:01:00;M1;5;34;4697,39825;4697,46000;UP
2026-05-13 07:06:00;M1;5;34;4697,75458;4697,28000;DOWN
2026-05-13 07:14:00;M1;5;34;4698,09536;4698,32000;UP
2026-05-13 07:18:00;M1;5;21;4700,37961;4701,15000;UP
2026-05-13 07:16:00;M1;5;34;4698,67289;4698,10000;DOWN
2026-05-13 07:21:00;M1;5;34;4699,34116;4702,49000;UP
2026-05-13 07:34:00;M1;5;34;4700,60064;4700,31000;DOWN
2026-05-13 07:39:00;M1;5;21;4700,49690;4701,75000;UP
2026-05-13 07:41:00;M1;5;34;4701,31932;4697,90000;DOWN
2026-05-13 07:49:00;M1;5;21;4700,74853;4701,36000;UP
2026-05-13 07:51:00;M1;5;21;4701,01916;4699,73000;DOWN
2026-05-13 08:02:00;M1;5;21;4701,70696;4701,86000;UP
2026-05-13 08:18:00;M1;5;34;4703,04267;4702,00000;DOWN
2026-05-13 08:22:00;M1;5;34;4703,19716;4703,60000;UP
2026-05-13 08:24:00;M1;5;55;4701,43165;4699,37000;DOWN
2026-05-13 08:26:00;M1;5;34;4703,02387;4699,17000;DOWN
2026-05-13 08:40:00;M1;5;21;4701,61516;4701,73000;UP
2026-05-13 08:41:00;M1;5;21;4700,72477;4700,03000;DOWN
2026-05-13 08:51:00;M1;5;21;4699,05907;4700,04000;UP
2026-05-13 08:56:00;M1;5;34;4700,75960;4701,20000;UP
2026-05-13 09:21:00;M1;5;21;4709,11610;4708,96000;DOWN
2026-05-13 09:43:00;M1;5;21;4713,20770;4713,25000;UP
2026-05-13 09:46:00;M1;5;55;4708,25972;4707,84000;DOWN
2026-05-13 09:52:00;M1;5;89;4704,34295;4703,58000;DOWN
2026-05-13 10:15:00;M1;5;21;4703,22612;4706,06000;UP
2026-05-13 10:20:00;M1;5;34;4706,99332;4707,60000;UP
2026-05-13 10:16:00;M1;5;89;4705,49869;4704,84000;DOWN
2026-05-13 10:21:00;M1;5;89;4705,58793;4707,13000;UP
2026-05-13 10:22:00;M1;5;34;4706,34891;4704,87000;DOWN
2026-05-13 10:26:00;M1;5;34;4705,94689;4707,42000;UP
2026-05-13 10:31:00;M1;5;89;4705,86419;4705,48000;DOWN
2026-05-13 10:36:00;M1;5;34;4705,28328;4706,48000;UP
2026-05-13 10:41:00;M1;5;89;4706,13515;4704,65000;DOWN
2026-05-13 10:46:00;M1;5;21;4703,45652;4703,20000;DOWN
2026-05-13 11:02:00;M1;5;21;4703,32871;4703,94000;UP
2026-05-13 11:06:00;M1;5;34;4702,43477;4699,37000;DOWN
2026-05-13 11:36:00;M1;5;21;4697,62212;4698,12000;UP
2026-05-13 11:41:00;M1;5;34;4698,39971;4696,69000;DOWN
2026-05-13 11:47:00;M1;5;21;4696,40477;4698,39000;UP
2026-05-13 11:54:00;M1;5;55;4699,54489;4700,70000;UP
2026-05-13 12:01:00;M1;5;55;4698,81371;4698,55000;DOWN
2026-05-13 12:06:00;M1;5;55;4698,55178;4699,40000;UP
2026-05-13 12:11:00;M1;5;55;4698,21817;4697,00000;DOWN
2026-05-13 12:35:00;M1;5;21;4691,18012;4692,68000;UP
2026-05-13 12:41:00;M1;5;34;4691,18322;4692,12000;UP
2026-05-13 12:50:00;M1;5;89;4697,34480;4697,45000;UP
2026-05-13 13:17:00;M1;5;21;4701,81298;4701,66000;DOWN
2026-05-13 13:21:00;M1;5;21;4703,50949;4704,24000;UP
2026-05-13 13:26:00;M1;5;21;4704,25395;4700,58000;DOWN
2026-05-13 13:31:00;M1;5;34;4699,25045;4698,67000;DOWN
2026-05-13 13:38:00;M1;5;89;4696,02673;4695,62000;DOWN
2026-05-13 13:41:00;M1;5;55;4696,29478;4696,97000;UP
2026-05-13 13:46:00;M1;5;89;4695,90338;4694,92000;DOWN
2026-05-13 13:55:00;M1;5;89;4695,76773;4695,92000;UP
2026-05-13 13:56:00;M1;5;89;4695,59082;4695,52000;DOWN
2026-05-13 14:08:00;M1;5;21;4694,05963;4694,80000;UP
2026-05-13 14:14:00;M1;5;34;4697,54925;4699,03000;UP
2026-05-13 14:18:00;M1;5;34;4697,22075;4697,09000;DOWN
2026-05-13 14:21:00;M1;5;34;4697,02856;4698,89000;UP
2026-05-13 14:55:00;M1;5;55;4699,19237;4698,94000;DOWN
2026-05-13 15:05:00;M1;5;55;4699,81360;4700,07000;UP
2026-05-13 15:01:00;M1;5;89;4696,59470;4696,57000;DOWN
2026-05-13 15:06:00;M1;5;89;4696,85238;4699,83000;UP
2026-05-13 15:06:00;M1;5;55;4699,95977;4699,83000;DOWN
2026-05-13 15:13:00;M1;5;89;4697,01526;4696,00000;DOWN
2026-05-13 15:47:00;M1;5;21;4680,47353;4680,93000;UP
2026-05-13 15:58:00;M1;5;34;4684,13811;4684,75000;UP
2026-05-13 16:02:00;M1;5;55;4688,75716;4689,62000;UP
2026-05-13 16:08:00;M1;5;55;4687,77935;4687,03000;DOWN
2026-05-13 16:11:00;M1;5;55;4687,03497;4687,24000;UP
2026-05-13 16:18:00;M1;5;89;4690,07753;4691,60000;UP
2026-05-13 16:29:00;M1;5;89;4689,45421;4688,68000;DOWN
2026-05-13 16:31:00;M1;5;55;4685,70436;4685,44000;DOWN
2026-05-13 16:54:00;M1;5;21;4681,48062;4682,72000;UP
2026-05-13 16:56:00;M1;5;55;4680,81620;4678,56000;DOWN
2026-05-13 17:07:00;M1;5;21;4676,94879;4680,55000;UP
2026-05-13 17:17:00;M1;5;55;4677,38716;4677,12000;DOWN
2026-05-13 17:21:00;M1;5;21;4675,50289;4677,50000;UP
2026-05-13 17:45:00;M1;5;89;4680,04712;4679,91000;DOWN
2026-05-13 17:47:00;M1;5;21;4683,89948;4683,91000;UP
2026-05-13 17:46:00;M1;5;34;4680,14950;4678,91000;DOWN
2026-05-13 17:53:00;M1;5;34;4680,55843;4681,35000;UP
2026-05-13 17:51:00;M1;5;21;4684,27244;4679,64000;DOWN
2026-05-13 17:58:00;M1;5;34;4680,77812;4680,46000;DOWN
2026-05-13 18:02:00;M1;5;21;4684,11287;4685,34000;UP
2026-05-13 18:18:00;M1;5;21;4686,16035;4685,94000;DOWN
2026-05-13 18:22:00;M1;5;21;4686,77187;4688,30000;UP
2026-05-13 18:51:00;M1;5;21;4698,49606;4696,16000;DOWN
2026-05-13 18:58:00;M1;5;34;4695,53457;4695,33000;DOWN
2026-05-13 19:01:00;M1;5;34;4696,70692;4697,46000;UP
2026-05-13 19:09:00;M1;5;21;4700,76859;4700,88000;UP
2026-05-13 19:11:00;M1;5;21;4701,70904;4700,46000;DOWN
2026-05-13 19:19:00;M1;5;34;4700,48147;4699,54000;DOWN
2026-05-13 19:23:00;M1;5;21;4703,23064;4703,38000;UP
2026-05-13 19:26:00;M1;5;21;4704,32944;4704,23000;DOWN
2026-05-13 19:31:00;M1;5;34;4704,51600;4704,31000;DOWN
2026-05-13 19:40:00;M1;5;55;4700,83026;4700,81000;DOWN
2026-05-13 20:06:00;M1;5;21;4699,26330;4699,53000;UP
2026-05-13 20:16:00;M1;5;89;4697,77714;4697,39000;DOWN
2026-05-13 20:21:00;M1;5;21;4697,60739;4700,72000;UP
2026-05-13 20:26:00;M1;5;89;4698,93261;4697,68000;DOWN
2026-05-13 20:31:00;M1;5;21;4696,43685;4696,80000;UP
2026-05-13 20:36:00;M1;5;21;4695,15308;4692,14000;DOWN
2026-05-13 20:46:00;M1;5;21;4692,49065;4694,29000;UP
2026-05-13 20:53:00;M1;5;21;4691,15531;4690,69000;DOWN
2026-05-13 21:01:00;M1;5;21;4687,92790;4688,10000;UP
2026-05-13 21:07:00;M1;5;34;4690,09934;4690,22000;UP
2026-05-13 21:35:00;M1;5;21;4688,88459;4688,25000;DOWN
2026-05-13 21:39:00;M1;5;21;4689,41410;4690,07000;UP
2026-05-13 21:36:00;M1;5;34;4687,94692;4687,75000;DOWN
2026-05-13 21:41:00;M1;5;34;4687,64341;4690,90000;UP
2026-05-13 21:42:00;M1;5;21;4689,39296;4689,13000;DOWN
2026-05-13 21:46:00;M1;5;34;4686,87492;4682,28000;DOWN
2026-05-13 21:54:00;M1;5;34;4686,21466;4686,95000;UP
2026-05-13 21:56:00;M1;5;21;4686,14434;4686,66000;UP
2026-05-13 21:58:00;M1;5;34;4685,60835;4685,09000;DOWN
2026-05-13 22:01:00;M1;5;34;4685,05246;4685,37000;UP
2026-05-13 22:02:00;M1;5;21;4685,15208;4684,34000;DOWN
2026-05-13 22:07:00;M1;5;21;4684,59671;4685,38000;UP
2026-05-13 22:06:00;M1;5;34;4684,71567;4684,51000;DOWN
2026-05-13 22:11:00;M1;5;34;4684,70703;4685,94000;UP
2026-05-13 22:34:00;M1;5;34;4685,26320;4685,17000;DOWN
2026-05-13 22:36:00;M1;5;21;4686,52108;4687,35000;UP
2026-05-13 22:50:00;M1;5;21;4687,67032;4687,30000;DOWN
2026-05-13 22:52:00;M1;5;34;4685,98376;4685,51000;DOWN
2026-05-13 22:58:00;M1;5;21;4688,03224;4688,66000;UP
2026-05-13 23:01:00;M1;5;21;4687,95455;4687,08000;DOWN
2026-05-13 23:06:00;M1;5;21;4688,02350;4688,04000;UP
2026-05-13 23:33:00;M1;5;34;4689,72353;4689,23000;DOWN
2026-05-13 23:36:00;M1;5;34;4690,17457;4690,54000;UP
2026-05-13 23:41:00;M1;5;34;4690,53179;4690,45000;DOWN
2026-05-13 23:54:00;M1;5;55;4688,15924;4688,03000;DOWN
2026-05-13 23:56:00;M1;5;55;4688,41758;4688,64000;UP
2026-05-14 01:01:00;M1;5;21;4690,55676;4691,21000;UP
2026-05-14 01:09:00;M1;5;34;4690,91001;4689,95000;DOWN
2026-05-14 01:11:00;M1;5;21;4690,48537;4690,99000;UP
2026-05-14 01:46:00;M1;5;21;4698,42357;4698,17000;DOWN
2026-05-14 01:52:00;M1;5;21;4699,46727;4700,09000;UP
2026-05-14 01:56:00;M1;5;21;4700,38398;4699,74000;DOWN
2026-05-14 02:12:00;M1;5;21;4701,96978;4702,04000;UP
2026-05-14 02:17:00;M1;5;34;4701,05015;4700,53000;DOWN
2026-05-14 02:25:00;M1;5;55;4699,29326;4699,11000;DOWN
2026-05-14 02:34:00;M1;5;89;4695,39469;4695,30000;DOWN
2026-05-14 02:36:00;M1;5;89;4695,86331;4696,69000;UP
2026-05-14 02:42:00;M1;5;89;4696,25614;4696,16000;DOWN
2026-05-14 02:57:00;M1;5;21;4695,21920;4695,99000;UP
2026-05-14 03:01:00;M1;5;89;4697,22981;4696,38000;DOWN
2026-05-14 03:06:00;M1;5;21;4693,78853;4695,19000;UP
2026-05-14 03:12:00;M1;5;34;4696,74002;4697,29000;UP
2026-05-14 03:32:00;M1;5;89;4698,66953;4698,09000;DOWN
2026-05-14 03:44:00;M1;5;21;4699,17246;4700,18000;UP
2026-05-14 03:51:00;M1;5;21;4700,76464;4700,46000;DOWN
2026-05-14 03:56:00;M1;5;21;4701,85956;4702,38000;UP
2026-05-14 04:03:00;M1;5;89;4700,47432;4696,62000;DOWN
2026-05-14 04:26:00;M1;5;21;4692,30678;4692,32000;UP
2026-05-14 04:31:00;M1;5;21;4691,21503;4690,86000;DOWN
2026-05-14 04:36:00;M1;5;21;4690,05119;4692,96000;UP
2026-05-14 04:41:00;M1;5;21;4688,87885;4686,62000;DOWN
2026-05-14 04:46:00;M1;5;21;4688,48398;4689,98000;UP
2026-05-14 04:51:00;M1;5;34;4691,16770;4690,11000;DOWN
2026-05-14 04:59:00;M1;5;21;4687,61432;4688,73000;UP
2026-05-14 05:02:00;M1;5;34;4689,64004;4691,79000;UP
2026-05-14 05:06:00;M1;5;55;4692,27394;4692,03000;DOWN
2026-05-14 05:12:00;M1;5;34;4688,66630;4688,12000;DOWN
2026-05-14 05:17:00;M1;5;21;4688,93866;4690,36000;UP
2026-05-14 05:22:00;M1;5;55;4690,72710;4690,88000;UP
2026-05-14 05:32:00;M1;5;89;4694,15377;4695,97000;UP
2026-05-14 05:40:00;M1;5;89;4693,91833;4692,68000;DOWN
2026-05-14 05:41:00;M1;5;21;4693,43567;4691,57000;DOWN
2026-05-14 05:47:00;M1;5;55;4689,90062;4686,75000;DOWN
2026-05-14 06:02:00;M1;5;21;4689,06816;4689,57000;UP
2026-05-14 06:06:00;M1;5;55;4688,10433;4684,88000;DOWN
2026-05-14 06:16:00;M1;5;21;4684,72288;4685,61000;UP
2026-05-14 06:23:00;M1;5;34;4686,39877;4687,16000;UP
2026-05-14 06:21:00;M1;5;21;4683,82875;4682,07000;DOWN
2026-05-14 06:26:00;M1;5;21;4683,98216;4691,72000;UP
2026-05-14 06:31:00;M1;5;89;4688,85580;4687,65000;DOWN
2026-05-14 06:38:00;M1;5;21;4684,01755;4680,76000;DOWN
2026-05-14 07:05:00;M1;5;21;4675,72140;4676,68000;UP
2026-05-14 07:07:00;M1;5;34;4677,16503;4678,38000;UP
2026-05-14 07:12:00;M1;5;55;4679,43285;4679,78000;UP
2026-05-14 07:46:00;M1;5;21;4704,72172;4704,41000;DOWN
2026-05-14 08:03:00;M1;5;34;4700,84490;4700,26000;DOWN
2026-05-14 08:10:00;M1;5;34;4702,87506;4703,17000;UP
2026-05-14 08:11:00;M1;5;34;4704,49653;4701,97000;DOWN
2026-05-14 08:23:00;M1;5;55;4697,38094;4697,06000;DOWN
2026-05-14 08:30:00;M1;5;55;4698,24399;4700,61000;UP
2026-05-14 08:31:00;M1;5;55;4699,02940;4698,26000;DOWN
2026-05-14 08:39:00;M1;5;21;4699,08846;4699,92000;UP
2026-05-14 08:41:00;M1;5;55;4700,43468;4698,41000;DOWN
2026-05-14 08:46:00;M1;5;21;4697,42232;4700,35000;UP
2026-05-14 08:55:00;M1;5;21;4697,15075;4696,26000;DOWN
2026-05-14 08:56:00;M1;5;21;4696,09060;4696,15000;UP
2026-05-14 08:58:00;M1;5;89;4694,62174;4693,97000;DOWN
2026-05-14 09:01:00;M1;5;21;4694,96832;4689,97000;DOWN
2026-05-14 09:06:00;M1;5;21;4693,65388;4693,91000;UP
2026-05-14 09:11:00;M1;5;21;4692,08512;4688,36000;DOWN
2026-05-14 09:21:00;M1;5;21;4689,40733;4690,86000;UP
2026-05-14 09:26:00;M1;5;34;4692,50865;4692,72000;UP
2026-05-14 09:44:00;M1;5;55;4697,55303;4699,01000;UP
2026-05-14 09:49:00;M1;5;89;4695,89886;4695,46000;DOWN
2026-05-14 09:51:00;M1;5;55;4696,71812;4697,76000;UP
2026-05-14 10:06:00;M1;5;21;4698,82166;4697,71000;DOWN
2026-05-14 10:12:00;M1;5;89;4697,63000;4696,73000;DOWN
2026-05-14 10:16:00;M1;5;55;4696,43749;4698,85000;UP
2026-05-14 10:25:00;M1;5;21;4700,02501;4700,34000;UP
2026-05-14 10:21:00;M1;5;89;4698,28680;4697,19000;DOWN
2026-05-14 10:26:00;M1;5;89;4698,68181;4702,18000;UP
2026-05-14 10:50:00;M1;5;89;4701,11278;4697,69000;DOWN
2026-05-14 10:53:00;M1;5;55;4701,14796;4701,31000;UP
2026-05-14 10:56:00;M1;5;55;4701,59890;4698,28000;DOWN
2026-05-14 11:16:00;M1;5;21;4699,94281;4701,07000;UP
2026-05-14 11:25:00;M1;5;34;4702,89656;4703,33000;UP
2026-05-14 11:23:00;M1;5;21;4698,94597;4698,27000;DOWN
2026-05-14 11:26:00;M1;5;21;4698,59612;4702,88000;UP
2026-05-14 11:34:00;M1;5;34;4702,57871;4702,48000;DOWN
2026-05-14 11:36:00;M1;5;34;4702,49618;4706,15000;UP
2026-05-14 11:39:00;M1;5;89;4702,07890;4701,93000;DOWN
2026-05-14 11:41:00;M1;5;34;4702,10486;4700,67000;DOWN
2026-05-14 12:08:00;M1;5;21;4694,82428;4695,61000;UP
2026-05-14 12:16:00;M1;5;34;4695,22407;4696,34000;UP
2026-05-14 12:23:00;M1;5;34;4694,72132;4694,00000;DOWN
2026-05-14 12:26:00;M1;5;21;4692,47452;4693,73000;UP
2026-05-14 12:34:00;M1;5;34;4693,56527;4694,74000;UP
2026-05-14 12:31:00;M1;5;21;4692,18212;4690,15000;DOWN
2026-05-14 12:39:00;M1;5;21;4691,94792;4692,45000;UP
2026-05-14 12:36:00;M1;5;34;4693,01281;4690,64000;DOWN
2026-05-14 12:41:00;M1;5;34;4692,63237;4695,21000;UP
2026-05-14 12:46:00;M1;5;89;4698,90482;4699,40000;UP
2026-05-14 13:09:00;M1;5;89;4698,49761;4698,45000;DOWN
2026-05-14 13:11:00;M1;5;89;4698,43481;4703,97000;UP
2026-05-14 13:12:00;M1;5;21;4698,76925;4698,40000;DOWN
2026-05-14 13:16:00;M1;5;89;4698,35154;4696,04000;DOWN
2026-05-14 13:22:00;M1;5;34;4696,36530;4696,41000;UP
2026-05-14 13:23:00;M1;5;55;4695,45674;4694,95000;DOWN
2026-05-14 13:26:00;M1;5;55;4695,45756;4697,18000;UP
2026-05-14 13:27:00;M1;5;34;4696,64032;4696,46000;DOWN
2026-05-14 13:33:00;M1;5;34;4696,85898;4696,99000;UP
2026-05-14 13:38:00;M1;5;55;4695,41549;4695,41000;DOWN
2026-05-14 13:54:00;M1;5;21;4695,26447;4696,71000;UP
2026-05-14 13:56:00;M1;5;89;4696,69543;4695,96000;DOWN
2026-05-14 14:01:00;M1;5;21;4694,92574;4697,96000;UP
2026-05-14 14:06:00;M1;5;89;4696,24386;4693,32000;DOWN
2026-05-14 14:11:00;M1;5;21;4695,41524;4697,75000;UP
2026-05-14 14:17:00;M1;5;89;4695,89060;4695,17000;DOWN
2026-05-14 14:21:00;M1;5;21;4695,43868;4695,53000;UP
2026-05-14 14:26:00;M1;5;55;4695,31332;4689,97000;DOWN
2026-05-14 14:38:00;M1;5;21;4694,29023;4694,30000;UP
2026-05-14 14:59:00;M1;5;89;4695,00975;4694,36000;DOWN
2026-05-14 15:01:00;M1;5;34;4695,96431;4696,13000;UP
2026-05-14 15:07:00;M1;5;21;4697,34485;4698,64000;UP
2026-05-14 15:06:00;M1;5;34;4696,24536;4695,90000;DOWN
2026-05-14 15:11:00;M1;5;34;4696,82426;4699,07000;UP
2026-05-14 15:18:00;M1;5;21;4699,43678;4699,30000;DOWN
2026-05-14 15:21:00;M1;5;21;4701,00686;4706,92000;UP
2026-05-14 15:30:00;M1;5;21;4702,36436;4701,50000;DOWN
2026-05-14 15:33:00;M1;5;21;4703,66407;4707,63000;UP
2026-05-14 15:38:00;M1;5;21;4704,93546;4703,79000;DOWN
2026-05-14 15:41:00;M1;5;21;4705,13850;4707,06000;UP
2026-05-14 15:44:00;M1;5;55;4699,82560;4698,05000;DOWN
2026-05-14 15:50:00;M1;5;34;4703,18832;4703,68000;UP
2026-05-14 15:46:00;M1;5;21;4705,20575;4698,77000;DOWN
2026-05-14 15:51:00;M1;5;34;4703,72405;4702,39000;DOWN
2026-05-14 15:58:00;M1;5;34;4704,24268;4704,53000;UP
2026-05-14 16:02:00;M1;5;89;4699,23993;4698,01000;DOWN
2026-05-14 16:08:00;M1;5;55;4702,23767;4702,49000;UP
2026-05-14 16:12:00;M1;5;21;4703,11595;4703,29000;UP
2026-05-14 16:15:00;M1;5;55;4702,56011;4702,25000;DOWN
2026-05-14 16:18:00;M1;5;89;4700,01745;4694,10000;DOWN
2026-05-14 16:46:00;M1;5;21;4683,70712;4684,10000;UP
2026-05-14 16:59:00;M1;5;21;4679,97956;4679,51000;DOWN
2026-05-14 17:01:00;M1;5;21;4679,09745;4686,17000;UP
2026-05-14 17:06:00;M1;5;34;4683,82505;4683,51000;DOWN
2026-05-14 17:11:00;M1;5;34;4682,72041;4687,61000;UP
2026-05-14 17:18:00;M1;5;89;4693,15683;4693,52000;UP
2026-05-14 17:25:00;M1;5;89;4692,72321;4689,20000;DOWN
2026-05-14 17:33:00;M1;5;55;4687,64627;4687,64000;DOWN
2026-05-14 17:40:00;M1;5;21;4690,02324;4690,69000;UP
2026-05-14 17:42:00;M1;5;21;4690,51467;4690,20000;DOWN
2026-05-14 17:46:00;M1;5;55;4686,39183;4685,31000;DOWN
2026-05-14 17:51:00;M1;5;21;4690,11464;4690,20000;UP
2026-05-14 17:54:00;M1;5;34;4685,27775;4685,27000;DOWN
2026-05-14 17:56:00;M1;5;34;4685,18495;4686,57000;UP
2026-05-14 17:57:00;M1;5;55;4685,17101;4684,62000;DOWN
2026-05-14 18:01:00;M1;5;34;4684,73182;4681,27000;DOWN
2026-05-14 18:09:00;M1;5;55;4683,54130;4683,61000;UP
2026-05-14 18:11:00;M1;5;21;4682,97554;4684,60000;UP
2026-05-14 18:18:00;M1;5;89;4687,54780;4688,26000;UP
2026-05-14 18:21:00;M1;5;89;4686,97266;4685,66000;DOWN
2026-05-14 18:26:00;M1;5;89;4686,43342;4688,38000;UP
2026-05-14 18:31:00;M1;5;89;4685,97095;4685,78000;DOWN
2026-05-14 18:36:00;M1;5;89;4685,55585;4688,06000;UP
2026-05-14 18:40:00;M1;5;34;4684,64252;4684,59000;DOWN
2026-05-14 18:41:00;M1;5;89;4685,13313;4683,15000;DOWN
2026-05-14 18:49:00;M1;5;55;4682,25686;4683,41000;UP
2026-05-14 18:53:00;M1;5;34;4684,12934;4684,45000;UP
2026-05-14 18:56:00;M1;5;21;4685,02925;4685,76000;UP
2026-05-14 19:02:00;M1;5;89;4683,46355;4681,64000;DOWN
2026-05-14 19:18:00;M1;5;21;4680,33973;4680,98000;UP
2026-05-14 19:22:00;M1;5;21;4679,10816;4677,93000;DOWN
2026-05-14 19:32:00;M1;5;21;4676,78964;4677,25000;UP
2026-05-14 19:36:00;M1;5;21;4675,34696;4671,92000;DOWN
2026-05-14 19:41:00;M1;5;21;4674,19332;4675,28000;UP
2026-05-14 19:47:00;M1;5;34;4676,05783;4676,29000;UP
2026-05-14 19:53:00;M1;5;55;4676,91193;4678,40000;UP
2026-05-14 19:56:00;M1;5;89;4677,15231;4676,40000;DOWN
2026-05-14 20:01:00;M1;5;55;4676,22536;4679,53000;UP
2026-05-14 20:29:00;M1;5;21;4679,60319;4677,36000;DOWN
2026-05-14 20:32:00;M1;5;34;4676,93319;4676,84000;DOWN
2026-05-14 20:36:00;M1;5;34;4677,27438;4679,37000;UP
2026-05-14 20:42:00;M1;5;21;4680,24256;4681,31000;UP
2026-05-14 20:47:00;M1;5;21;4680,48124;4680,23000;DOWN
2026-05-14 20:54:00;M1;5;34;4678,63493;4678,02000;DOWN
2026-05-14 21:00:00;M1;5;55;4676,57258;4675,62000;DOWN
2026-05-14 21:01:00;M1;5;89;4675,33958;4671,96000;DOWN
2026-05-14 21:17:00;M1;5;21;4674,69361;4674,83000;UP
2026-05-14 21:23:00;M1;5;55;4675,35794;4674,55000;DOWN
2026-05-14 21:26:00;M1;5;55;4675,10175;4675,41000;UP
2026-05-14 21:27:00;M1;5;89;4674,06630;4673,80000;DOWN
2026-05-14 21:31:00;M1;5;21;4672,84956;4673,59000;UP
2026-05-14 21:31:00;M1;5;55;4674,84283;4673,59000;DOWN
2026-05-14 21:36:00;M1;5;89;4673,49566;4672,06000;DOWN
2026-05-14 21:51:00;M1;5;21;4669,23199;4669,40000;UP
2026-05-14 21:58:00;M1;5;34;4670,63895;4671,04000;UP
2026-05-14 21:57:00;M1;5;21;4668,83068;4668,81000;DOWN
2026-05-14 22:01:00;M1;5;21;4668,44172;4670,34000;UP
2026-05-14 22:03:00;M1;5;34;4669,86766;4669,08000;DOWN
2026-05-14 22:06:00;M1;5;21;4668,08745;4667,30000;DOWN
2026-05-14 22:11:00;M1;5;21;4667,64664;4668,41000;UP
2026-05-14 22:16:00;M1;5;34;4667,87884;4667,84000;DOWN
2026-05-14 22:21:00;M1;5;34;4667,32595;4667,72000;UP
2026-05-14 22:29:00;M1;5;34;4666,63976;4663,29000;DOWN
2026-05-14 22:53:00;M1;5;21;4658,53730;4658,57000;UP
2026-05-14 22:56:00;M1;5;21;4656,69265;4654,44000;DOWN
2026-05-14 23:01:00;M1;5;21;4654,53911;4656,19000;UP
2026-05-14 23:06:00;M1;5;21;4652,51198;4650,16000;DOWN
2026-05-14 23:11:00;M1;5;21;4650,54380;4651,62000;UP
2026-05-14 23:16:00;M1;5;21;4648,83727;4648,70000;DOWN
2026-05-14 23:21:00;M1;5;21;4647,44623;4649,04000;UP
2026-05-14 23:32:00;M1;5;34;4647,90781;4648,43000;UP
2026-05-14 23:38:00;M1;5;34;4646,58348;4645,65000;DOWN
2026-05-14 23:41:00;M1;5;34;4645,63499;4650,98000;UP
2026-05-15 01:02:00;M1;5;89;4651,15861;4651,18000;UP
2026-05-15 01:37:00;M1;5;21;4660,20480;4659,38000;DOWN
2026-05-15 01:41:00;M1;5;21;4661,49520;4661,95000;UP
2026-05-15 01:46:00;M1;5;21;4662,49992;4661,41000;DOWN
2026-05-15 02:06:00;M1;5;34;4662,40999;4661,85000;DOWN
2026-05-15 02:22:00;M1;5;55;4656,99275;4656,97000;DOWN
2026-05-15 02:26:00;M1;5;21;4661,69311;4662,38000;UP
2026-05-15 02:34:00;M1;5;89;4651,40734;4651,09000;DOWN
2026-05-15 02:37:00;M1;5;89;4651,55829;4651,60000;UP
2026-05-15 02:44:00;M1;5;21;4657,12931;4657,31000;UP
2026-05-15 02:47:00;M1;5;21;4655,75426;4653,38000;DOWN
2026-05-15 02:52:00;M1;5;21;4654,47385;4654,69000;UP
2026-05-15 02:55:00;M1;5;89;4651,89570;4649,11000;DOWN
2026-05-15 02:59:00;M1;5;89;4651,92792;4652,07000;UP
2026-05-15 02:56:00;M1;5;21;4653,28188;4650,17000;DOWN
2026-05-15 03:03:00;M1;5;21;4651,91203;4653,61000;UP
2026-05-15 03:01:00;M1;5;89;4651,89908;4646,22000;DOWN
2026-05-15 03:06:00;M1;5;21;4650,71792;4648,76000;DOWN
2026-05-15 03:14:00;M1;5;21;4649,75790;4650,53000;UP
2026-05-15 03:16:00;M1;5;89;4651,72888;4649,66000;DOWN
2026-05-15 03:22:00;M1;5;21;4648,66924;4646,92000;DOWN
2026-05-15 03:47:00;M1;5;21;4625,20154;4626,40000;UP
2026-05-15 03:51:00;M1;5;21;4621,17612;4620,44000;DOWN
2026-05-15 03:57:00;M1;5;21;4618,91739;4622,39000;UP
2026-05-15 04:04:00;M1;5;34;4624,80148;4622,76000;DOWN
2026-05-15 04:07:00;M1;5;21;4614,77218;4612,12000;DOWN
2026-05-15 04:13:00;M1;5;21;4612,63036;4613,51000;UP
2026-05-15 04:16:00;M1;5;34;4616,28427;4619,31000;UP
2026-05-15 04:28:00;M1;5;34;4612,05575;4611,03000;DOWN
2026-05-15 04:31:00;M1;5;21;4611,13095;4613,01000;UP
2026-05-15 04:36:00;M1;5;55;4617,26745;4617,44000;UP
2026-05-15 04:51:00;M1;5;55;4612,10275;4610,71000;DOWN
2026-05-15 04:56:00;M1;5;21;4613,37497;4613,83000;UP
2026-05-15 05:01:00;M1;5;21;4613,29912;4611,78000;DOWN
2026-05-15 05:06:00;M1;5;21;4613,65699;4615,21000;UP
2026-05-15 05:14:00;M1;5;21;4613,80002;4613,09000;DOWN
2026-05-15 05:18:00;M1;5;21;4613,82688;4614,27000;UP
2026-05-15 05:26:00;M1;5;89;4614,00428;4614,17000;UP
2026-05-15 05:28:00;M1;5;21;4613,31273;4612,68000;DOWN
2026-05-15 05:35:00;M1;5;21;4612,87861;4614,34000;UP
2026-05-15 05:31:00;M1;5;89;4612,70774;4610,99000;DOWN
2026-05-15 05:36:00;M1;5;34;4610,36509;4615,15000;UP
2026-05-15 05:40:00;M1;5;21;4612,56585;4612,20000;DOWN
2026-05-15 05:42:00;M1;5;21;4612,95499;4613,58000;UP
2026-05-15 05:46:00;M1;5;21;4613,38894;4612,75000;DOWN
2026-05-15 05:51:00;M1;5;21;4614,43867;4620,09000;UP
2026-05-15 06:02:00;M1;5;21;4616,63819;4615,29000;DOWN
2026-05-15 06:06:00;M1;5;21;4617,57090;4621,38000;UP
2026-05-15 06:11:00;M1;5;21;4618,19763;4618,10000;DOWN
2026-05-15 06:17:00;M1;5;34;4615,92660;4615,11000;DOWN
2026-05-15 06:34:00;M1;5;55;4609,98100;4608,98000;DOWN
2026-05-15 06:38:00;M1;5;21;4614,67387;4614,95000;UP
2026-05-15 06:44:00;M1;5;34;4614,95134;4613,39000;DOWN
2026-05-15 06:46:00;M1;5;21;4613,21829;4613,51000;UP
2026-05-15 06:54:00;M1;5;34;4614,59575;4612,90000;DOWN
2026-05-15 06:57:00;M1;5;21;4612,83457;4614,89000;UP
2026-05-15 07:01:00;M1;5;34;4614,40456;4613,86000;DOWN
2026-05-15 07:06:00;M1;5;34;4614,65474;4617,93000;UP
2026-05-15 07:20:00;M1;5;55;4613,25722;4611,45000;DOWN
2026-05-15 07:32:00;M1;5;34;4614,51323;4614,64000;UP
2026-05-15 07:36:00;M1;5;21;4614,08850;4614,40000;UP
2026-05-15 07:37:00;M1;5;55;4613,84850;4613,74000;DOWN
2026-05-15 07:43:00;M1;5;89;4606,05106;4605,11000;DOWN
2026-05-15 07:50:00;M1;5;21;4611,33268;4611,88000;UP
2026-05-15 07:55:00;M1;5;89;4606,17630;4605,69000;DOWN
2026-05-15 07:56:00;M1;5;89;4606,14241;4606,34000;UP
2026-05-15 08:01:00;M1;5;89;4605,98503;4601,38000;DOWN
2026-05-15 08:28:00;M1;5;21;4587,38792;4588,16000;UP
2026-05-15 08:31:00;M1;5;21;4582,69413;4578,30000;DOWN
2026-05-15 08:41:00;M1;5;21;4572,52300;4573,22000;UP
2026-05-15 08:46:00;M1;5;21;4567,49719;4564,21000;DOWN
2026-05-15 08:51:00;M1;5;21;4563,87340;4570,16000;UP
2026-05-15 08:59:00;M1;5;21;4560,41508;4558,81000;DOWN
2026-05-15 09:01:00;M1;5;21;4557,86536;4562,98000;UP
2026-05-15 09:15:00;M1;5;55;4572,65256;4573,74000;UP
2026-05-15 09:30:00;M1;5;89;4578,53479;4579,82000;UP
2026-05-15 09:34:00;M1;5;89;4576,99246;4575,07000;DOWN
2026-05-15 09:41:00;M1;5;21;4571,19280;4570,69000;DOWN
2026-05-15 09:49:00;M1;5;21;4572,29942;4573,01000;UP
2026-05-15 09:52:00;M1;5;89;4571,49830;4571,24000;DOWN
2026-05-15 10:01:00;M1;5;89;4569,00248;4569,44000;UP
2026-05-15 10:07:00;M1;5;21;4572,25657;4572,75000;UP
2026-05-15 10:26:00;M1;5;21;4580,99651;4579,57000;DOWN
2026-05-15 10:36:00;M1;5;34;4578,44527;4577,45000;DOWN
2026-05-15 10:53:00;M1;5;55;4569,09723;4568,72000;DOWN
2026-05-15 10:56:00;M1;5;55;4569,81899;4570,53000;UP
2026-05-15 11:02:00;M1;5;89;4563,84469;4561,48000;DOWN
2026-05-15 11:06:00;M1;5;89;4563,33975;4564,73000;UP
2026-05-15 11:15:00;M1;5;89;4562,80143;4562,42000;DOWN
2026-05-15 11:28:00;M1;5;21;4559,20071;4559,54000;UP
2026-05-15 11:31:00;M1;5;21;4556,59399;4551,87000;DOWN
2026-05-15 11:36:00;M1;5;21;4554,77437;4555,45000;UP
2026-05-15 11:42:00;M1;5;34;4560,73081;4561,88000;UP
2026-05-15 11:46:00;M1;5;34;4559,15467;4558,62000;DOWN
2026-05-15 11:51:00;M1;5;34;4557,77890;4559,69000;UP
2026-05-15 11:55:00;M1;5;89;4557,47543;4555,47000;DOWN
2026-05-15 11:56:00;M1;5;34;4556,43973;4556,27000;DOWN
2026-05-15 12:04:00;M1;5;21;4554,79641;4557,96000;UP
2026-05-15 12:06:00;M1;5;89;4556,06484;4554,43000;DOWN
2026-05-15 12:24:00;M1;5;21;4550,76104;4551,73000;UP
2026-05-15 12:27:00;M1;5;89;4553,66008;4553,94000;UP
2026-05-15 12:31:00;M1;5;55;4553,20199;4553,76000;UP
2026-05-15 12:35:00;M1;5;89;4553,06166;4552,39000;DOWN
2026-05-15 12:36:00;M1;5;55;4551,85156;4548,53000;DOWN
2026-05-15 12:41:00;M1;5;21;4547,58647;4548,11000;UP
2026-05-15 12:46:00;M1;5;34;4546,05621;4542,48000;DOWN
2026-05-15 12:56:00;M1;5;21;4542,14791;4546,75000;UP
2026-05-15 13:05:00;M1;5;89;4547,92638;4550,31000;UP
2026-05-15 13:27:00;M1;5;21;4553,58812;4553,54000;DOWN
2026-05-15 13:33:00;M1;5;21;4555,09982;4556,73000;UP
2026-05-15 13:36:00;M1;5;21;4556,03905;4553,48000;DOWN
2026-05-15 13:45:00;M1;5;21;4556,72925;4558,30000;UP
2026-05-15 14:04:00;M1;5;21;4563,05545;4561,92000;DOWN
2026-05-15 14:10:00;M1;5;21;4564,37801;4567,95000;UP
2026-05-15 14:16:00;M1;5;21;4566,62885;4563,90000;DOWN
2026-05-15 14:21:00;M1;5;34;4564,75130;4563,52000;DOWN
2026-05-15 14:36:00;M1;5;55;4559,14554;4556,58000;DOWN
2026-05-15 14:55:00;M1;5;89;4551,96147;4549,97000;DOWN
2026-05-15 14:57:00;M1;5;89;4552,18219;4553,23000;UP
2026-05-15 15:01:00;M1;5;89;4552,30869;4548,47000;DOWN
2026-05-15 15:08:00;M1;5;21;4551,62243;4551,87000;UP
2026-05-15 15:12:00;M1;5;89;4552,37212;4549,95000;DOWN
2026-05-15 15:16:00;M1;5;21;4548,04773;4550,02000;UP
2026-05-15 15:30:00;M1;5;89;4552,27867;4548,47000;DOWN
2026-05-15 15:33:00;M1;5;34;4551,31850;4552,43000;UP
2026-05-15 15:37:00;M1;5;89;4552,20139;4550,13000;DOWN
2026-05-15 15:46:00;M1;5;21;4547,80852;4549,65000;UP
2026-05-15 15:51:00;M1;5;55;4553,58537;4555,25000;UP
2026-05-15 15:57:00;M1;5;89;4551,74116;4551,54000;DOWN
2026-05-15 16:05:00;M1;5;21;4547,84813;4548,30000;UP
2026-05-15 16:07:00;M1;5;34;4545,82886;4544,17000;DOWN
2026-05-15 16:14:00;M1;5;21;4545,01049;4546,63000;UP
2026-05-15 16:18:00;M1;5;55;4548,56083;4552,96000;UP
2026-05-15 16:27:00;M1;5;89;4550,05105;4549,64000;DOWN
2026-05-15 16:31:00;M1;5;55;4546,74541;4545,79000;DOWN
2026-05-15 16:52:00;M1;5;21;4532,58111;4532,98000;UP
2026-05-15 16:56:00;M1;5;55;4539,01173;4541,36000;UP
2026-05-15 16:58:00;M1;5;34;4535,15578;4533,55000;DOWN
2026-05-15 17:02:00;M1;5;21;4529,20729;4529,49000;UP
2026-05-15 17:01:00;M1;5;55;4537,43650;4526,83000;DOWN
2026-05-15 17:10:00;M1;5;55;4536,05188;4537,94000;UP
2026-05-15 17:12:00;M1;5;89;4541,66609;4545,87000;UP
2026-05-15 17:41:00;M1;5;21;4557,58161;4551,76000;DOWN
2026-05-15 17:51:00;M1;5;34;4550,07893;4546,52000;DOWN
2026-05-15 17:56:00;M1;5;21;4562,52037;4563,40000;UP
2026-05-15 18:02:00;M1;5;34;4554,67770;4553,35000;DOWN
2026-05-15 18:09:00;M1;5;34;4556,76727;4558,70000;UP
2026-05-15 18:11:00;M1;5;34;4558,31835;4556,18000;DOWN
2026-05-15 18:18:00;M1;5;55;4549,61292;4549,40000;DOWN
2026-05-15 18:22:00;M1;5;55;4550,33800;4550,48000;UP
2026-05-15 18:25:00;M1;5;89;4545,66902;4544,67000;DOWN
2026-05-15 18:27:00;M1;5;89;4545,93847;4546,43000;UP
2026-05-15 18:26:00;M1;5;55;4550,84868;4545,62000;DOWN
2026-05-15 18:34:00;M1;5;89;4546,09459;4543,68000;DOWN
2026-05-15 18:50:00;M1;5;21;4542,39349;4542,96000;UP
2026-05-15 18:52:00;M1;5;21;4539,92908;4538,95000;DOWN
2026-05-15 18:59:00;M1;5;21;4538,01978;4539,64000;UP
2026-05-15 19:03:00;M1;5;21;4536,34015;4535,35000;DOWN
2026-05-15 19:15:00;M1;5;21;4532,81283;4532,90000;UP
2026-05-15 19:21:00;M1;5;34;4535,68867;4536,96000;UP
2026-05-15 19:30:00;M1;5;89;4542,16512;4542,31000;UP
2026-05-15 19:31:00;M1;5;55;4542,13812;4542,57000;UP
2026-05-15 19:33:00;M1;5;89;4541,79942;4540,50000;DOWN
2026-05-15 19:36:00;M1;5;89;4541,56237;4544,41000;UP
2026-05-15 19:54:00;M1;5;21;4543,14871;4542,68000;DOWN
2026-05-15 20:00:00;M1;5;21;4544,66491;4546,09000;UP
2026-05-15 20:29:00;M1;5;21;4558,36799;4557,70000;DOWN
2026-05-15 20:31:00;M1;5;21;4560,53002;4560,90000;UP
2026-05-15 20:36:00;M1;5;21;4562,61963;4562,32000;DOWN
2026-05-15 20:48:00;M1;5;34;4560,68079;4559,97000;DOWN
2026-05-15 21:08:00;M1;5;55;4557,03922;4556,17000;DOWN
2026-05-15 21:11:00;M1;5;55;4558,22443;4558,55000;UP
2026-05-15 21:17:00;M1;5;55;4559,17567;4558,78000;DOWN
2026-05-15 21:31:00;M1;5;89;4554,54330;4553,03000;DOWN
2026-05-15 21:39:00;M1;5;21;4557,62200;4557,99000;UP
2026-05-15 21:41:00;M1;5;21;4557,14581;4556,92000;DOWN
2026-05-15 21:46:00;M1;5;21;4557,04336;4558,96000;UP
2026-05-15 21:52:00;M1;5;34;4560,72582;4562,43000;UP
2026-05-15 21:57:00;M1;5;34;4560,35817;4559,73000;DOWN
2026-05-15 22:01:00;M1;5;21;4557,76227;4558,33000;UP
2026-05-15 22:03:00;M1;5;89;4557,67143;4556,25000;DOWN
2026-05-15 22:06:00;M1;5;21;4557,02110;4554,32000;DOWN
2026-05-15 22:30:00;M1;5;21;4551,66274;4551,93000;UP
2026-05-15 22:34:00;M1;5;21;4550,51303;4550,44000;DOWN
2026-05-15 22:36:00;M1;5;21;4550,00953;4551,76000;UP
2026-05-15 22:50:00;M1;5;34;4551,53588;4551,11000;DOWN
2026-05-15 22:51:00;M1;5;34;4551,05648;4551,86000;UP
2026-05-15 22:52:00;M1;5;21;4549,97693;4549,61000;DOWN
2026-05-15 22:56:00;M1;5;34;4550,32725;4547,15000;DOWN
2026-05-15 23:26:00;M1;5;21;4536,34898;4537,62000;UP
2026-05-15 23:57:00;M1;5;55;4538,87789;4539,44000;UP
2026-05-18 01:05:00;M1;5;89;4546,79942;4552,57000;UP
2026-05-18 01:01:00;M1;5;55;4538,18568;4530,52000;DOWN
2026-05-18 01:06:00;M1;5;21;4540,20820;4550,71000;UP
2026-05-18 01:19:00;M1;5;89;4545,04663;4545,04000;DOWN
2026-05-18 01:24:00;M1;5;89;4544,60002;4545,23000;UP
2026-05-18 01:21:00;M1;5;34;4540,19020;4539,80000;DOWN
2026-05-18 01:30:00;M1;5;21;4546,51160;4547,98000;UP
2026-05-18 01:26:00;M1;5;89;4544,15176;4541,71000;DOWN
2026-05-18 01:31:00;M1;5;89;4543,75229;4547,85000;UP
2026-05-18 01:32:00;M1;5;21;4546,65483;4546,06000;DOWN
2026-05-18 01:36:00;M1;5;21;4547,42461;4547,78000;UP
2026-05-18 01:50:00;M1;5;21;4549,57104;4549,26000;DOWN
2026-05-18 01:52:00;M1;5;21;4550,10613;4550,40000;UP
2026-05-18 01:56:00;M1;5;34;4547,66376;4545,20000;DOWN
2026-05-18 02:05:00;M1;5;89;4542,96391;4542,17000;DOWN
2026-05-18 02:10:00;M1;5;89;4542,84156;4545,27000;UP
2026-05-18 02:06:00;M1;5;55;4542,56091;4541,72000;DOWN
2026-05-18 02:11:00;M1;5;55;4542,88584;4543,97000;UP
2026-05-18 02:12:00;M1;5;89;4542,67583;4540,46000;DOWN
2026-05-18 02:20:00;M1;5;89;4542,43877;4543,24000;UP
2026-05-18 02:16:00;M1;5;55;4543,05222;4541,03000;DOWN
2026-05-18 02:21:00;M1;5;55;4543,14318;4543,40000;UP
2026-05-18 02:23:00;M1;5;89;4542,16531;4541,24000;DOWN
2026-05-18 02:26:00;M1;5;55;4543,09200;4539,52000;DOWN
2026-05-18 02:36:00;M1;5;21;4538,90227;4539,72000;UP
2026-05-18 02:41:00;M1;5;21;4537,90967;4536,28000;DOWN
2026-05-18 02:48:00;M1;5;21;4537,19215;4539,16000;UP
2026-05-18 02:52:00;M1;5;34;4540,62745;4540,77000;UP
2026-05-18 02:56:00;M1;5;89;4539,65522;4538,30000;DOWN
2026-05-18 03:02:00;M1;5;21;4536,04021;4539,35000;UP
2026-05-18 03:06:00;M1;5;89;4538,66290;4530,52000;DOWN
2026-05-18 03:20:00;M1;5;21;4528,68643;4533,22000;UP
2026-05-18 03:21:00;M1;5;34;4529,76267;4526,54000;DOWN
2026-05-18 03:31:00;M1;5;21;4515,97507;4516,83000;UP
2026-05-18 03:36:00;M1;5;21;4508,57482;4501,19000;DOWN
2026-05-18 03:49:00;M1;5;21;4492,85691;4494,27000;UP
2026-05-18 03:56:00;M1;5;34;4497,77818;4503,40000;UP
2026-05-18 04:01:00;M1;5;55;4508,21490;4498,55000;DOWN
2026-05-18 04:06:00;M1;5;34;4493,16436;4503,13000;UP
2026-05-18 04:11:00;M1;5;55;4502,70790;4504,25000;UP
2026-05-18 04:16:00;M1;5;55;4500,33006;4497,90000;DOWN
2026-05-18 04:21:00;M1;5;55;4498,36513;4499,17000;UP
2026-05-18 04:32:00;M1;5;89;4507,99083;4509,30000;UP
2026-05-18 04:37:00;M1;5;89;4506,59628;4502,29000;DOWN
2026-05-18 04:41:00;M1;5;21;4505,48752;4507,67000;UP
2026-05-18 05:07:00;M1;5;21;4529,76743;4527,20000;DOWN
2026-05-18 05:12:00;M1;5;21;4533,59332;4534,09000;UP
2026-05-18 05:17:00;M1;5;21;4536,81001;4532,97000;DOWN
2026-05-18 05:30:00;M1;5;34;4530,92689;4530,35000;DOWN
2026-05-18 05:31:00;M1;5;34;4533,89701;4535,92000;UP
2026-05-18 05:36:00;M1;5;34;4536,60678;4534,99000;DOWN
2026-05-18 05:41:00;M1;5;34;4538,90671;4538,92000;UP
2026-05-18 05:46:00;M1;5;21;4540,83643;4542,04000;UP
2026-05-18 05:47:00;M1;5;34;4540,45788;4539,74000;DOWN
2026-05-18 05:51:00;M1;5;21;4539,76221;4533,56000;DOWN
2026-05-18 06:05:00;M1;5;55;4529,71517;4528,89000;DOWN
2026-05-18 06:08:00;M1;5;55;4531,63694;4533,91000;UP
2026-05-18 06:12:00;M1;5;55;4533,22480;4530,73000;DOWN
2026-05-18 06:22:00;M1;5;21;4532,17294;4533,12000;UP
2026-05-18 06:27:00;M1;5;55;4536,89628;4537,13000;UP
2026-05-18 06:26:00;M1;5;21;4532,03995;4531,28000;DOWN
2026-05-18 06:31:00;M1;5;55;4537,68132;4530,20000;DOWN
2026-05-18 06:36:00;M1;5;21;4531,51671;4535,08000;UP
2026-05-18 06:42:00;M1;5;34;4536,67508;4537,40000;UP
2026-05-18 06:52:00;M1;5;55;4541,08212;4539,60000;DOWN
2026-05-18 06:57:00;M1;5;55;4541,88481;4542,74000;UP
2026-05-18 07:14:00;M1;5;21;4545,02612;4544,36000;DOWN
2026-05-18 07:16:00;M1;5;55;4545,03620;4544,98000;DOWN
2026-05-18 07:21:00;M1;5;34;4543,09761;4542,90000;DOWN
2026-05-18 07:27:00;M1;5;89;4536,40119;4535,04000;DOWN
2026-05-18 07:31:00;M1;5;89;4537,59391;4540,10000;UP
2026-05-18 07:39:00;M1;5;21;4542,56870;4542,76000;UP
2026-05-18 07:42:00;M1;5;34;4543,16030;4539,95000;DOWN
2026-05-18 07:46:00;M1;5;89;4540,68138;4540,42000;DOWN
2026-05-18 07:51:00;M1;5;21;4541,24941;4541,70000;UP
2026-05-18 07:56:00;M1;5;89;4542,33946;4537,62000;DOWN
2026-05-18 08:17:00;M1;5;21;4539,33698;4539,73000;UP
2026-05-18 08:21:00;M1;5;89;4544,86986;4543,96000;DOWN
2026-05-18 08:26:00;M1;5;55;4544,70360;4548,95000;UP
2026-05-18 08:31:00;M1;5;89;4545,77991;4543,49000;DOWN
2026-05-18 08:37:00;M1;5;21;4544,07823;4544,43000;UP
2026-05-18 08:41:00;M1;5;55;4545,11996;4539,24000;DOWN
2026-05-18 09:06:00;M1;5;21;4537,27998;4539,97000;UP
2026-05-18 09:11:00;M1;5;34;4538,83764;4534,51000;DOWN
2026-05-18 09:16:00;M1;5;21;4535,24981;4539,74000;UP
2026-05-18 09:23:00;M1;5;55;4540,64163;4542,95000;UP
2026-05-18 09:21:00;M1;5;34;4538,01279;4537,31000;DOWN
2026-05-18 09:26:00;M1;5;34;4537,86693;4537,92000;UP
2026-05-18 09:26:00;M1;5;89;4545,43367;4537,92000;DOWN
2026-05-18 09:31:00;M1;5;21;4536,41494;4538,45000;UP
2026-05-18 09:38:00;M1;5;55;4539,76345;4539,27000;DOWN
2026-05-18 09:44:00;M1;5;55;4539,62005;4540,69000;UP
2026-05-18 09:42:00;M1;5;34;4537,71350;4535,60000;DOWN
2026-05-18 09:46:00;M1;5;21;4539,03359;4543,58000;UP
2026-05-18 09:51:00;M1;5;89;4544,77996;4543,56000;DOWN
2026-05-18 09:56:00;M1;5;89;4544,82148;4547,12000;UP
2026-05-18 10:04:00;M1;5;89;4544,87626;4543,96000;DOWN
2026-05-18 10:08:00;M1;5;21;4545,15149;4546,55000;UP
2026-05-18 10:11:00;M1;5;89;4545,04170;4544,05000;DOWN
2026-05-18 10:16:00;M1;5;89;4545,07956;4545,53000;UP
2026-05-18 10:20:00;M1;5;55;4541,57940;4538,89000;DOWN
2026-05-18 10:25:00;M1;5;34;4543,28208;4545,23000;UP
2026-05-18 10:21:00;M1;5;89;4545,03970;4540,41000;DOWN
2026-05-18 10:26:00;M1;5;21;4545,85523;4547,13000;UP
2026-05-18 10:42:00;M1;5;21;4550,00186;4549,98000;DOWN
2026-05-18 10:49:00;M1;5;89;4545,92435;4543,90000;DOWN
2026-05-18 10:56:00;M1;5;55;4545,96967;4546,96000;UP
2026-05-18 11:01:00;M1;5;89;4546,39091;4545,89000;DOWN
2026-05-18 11:08:00;M1;5;89;4546,49207;4546,69000;UP
2026-05-18 11:11:00;M1;5;89;4546,57301;4544,15000;DOWN
2026-05-18 11:20:00;M1;5;21;4546,70391;4548,59000;UP
2026-05-18 11:21:00;M1;5;55;4547,63586;4547,39000;DOWN
2026-05-18 11:26:00;M1;5;34;4548,49100;4550,66000;UP
2026-05-18 11:30:00;M1;5;89;4546,84879;4546,76000;DOWN
2026-05-18 11:32:00;M1;5;89;4547,04476;4549,57000;UP
2026-05-18 11:31:00;M1;5;55;4548,38958;4546,67000;DOWN
2026-05-18 11:36:00;M1;5;21;4548,14901;4548,29000;UP
2026-05-18 11:44:00;M1;5;55;4549,26164;4548,07000;DOWN
2026-05-18 11:46:00;M1;5;21;4549,80668;4550,89000;UP
2026-05-18 11:59:00;M1;5;55;4550,75221;4549,98000;DOWN
2026-05-18 12:02:00;M1;5;89;4548,91268;4546,56000;DOWN
2026-05-18 12:21:00;M1;5;21;4547,87639;4548,37000;UP
2026-05-18 12:26:00;M1;5;21;4546,91529;4546,75000;DOWN
2026-05-18 12:37:00;M1;5;21;4544,98587;4545,34000;UP
2026-05-18 12:41:00;M1;5;21;4544,09098;4541,86000;DOWN
2026-05-18 12:54:00;M1;5;21;4542,56952;4543,13000;UP
2026-05-18 13:01:00;M1;5;34;4543,63020;4543,79000;UP
2026-05-18 13:04:00;M1;5;21;4541,52215;4540,46000;DOWN
2026-05-18 13:07:00;M1;5;21;4540,68088;4541,58000;UP
2026-05-18 13:06:00;M1;5;34;4542,64917;4540,35000;DOWN
2026-05-18 13:11:00;M1;5;21;4539,78728;4539,13000;DOWN
2026-05-18 13:16:00;M1;5;21;4539,31481;4540,50000;UP
2026-05-18 13:22:00;M1;5;34;4540,18798;4538,42000;DOWN
2026-05-18 13:26:00;M1;5;21;4538,67735;4540,42000;UP
2026-05-18 13:31:00;M1;5;34;4538,77955;4538,56000;DOWN
2026-05-18 13:36:00;M1;5;21;4537,05712;4537,80000;UP
2026-05-18 13:42:00;M1;5;55;4540,83245;4541,02000;UP
2026-05-18 13:46:00;M1;5;89;4544,75157;4546,73000;UP
2026-05-18 13:51:00;M1;5;89;4544,32405;4541,40000;DOWN
2026-05-18 13:57:00;M1;5;21;4539,10122;4539,13000;UP
2026-05-18 14:04:00;M1;5;55;4538,98556;4538,25000;DOWN
2026-05-18 14:06:00;M1;5;21;4538,58141;4538,86000;UP
2026-05-18 14:09:00;M1;5;34;4537,45315;4532,56000;DOWN
2026-05-18 14:14:00;M1;5;34;4537,20113;4539,48000;UP
2026-05-18 14:11:00;M1;5;55;4537,99333;4535,00000;DOWN
2026-05-18 14:18:00;M1;5;21;4538,01427;4539,42000;UP
2026-05-18 14:22:00;M1;5;55;4537,17541;4533,18000;DOWN
2026-05-18 14:30:00;M1;5;21;4537,37063;4538,01000;UP
2026-05-18 14:33:00;M1;5;89;4540,64588;4543,04000;UP
2026-05-18 14:57:00;M1;5;21;4553,46382;4553,21000;DOWN
2026-05-18 15:02:00;M1;5;34;4548,69199;4548,57000;DOWN
2026-05-18 15:06:00;M1;5;34;4550,21559;4553,09000;UP
2026-05-18 15:16:00;M1;5;34;4552,58431;4548,93000;DOWN
2026-05-18 15:26:00;M1;5;34;4554,07534;4554,64000;UP
2026-05-18 15:34:00;M1;5;21;4555,35236;4562,10000;UP
2026-05-18 15:31:00;M1;5;34;4555,16615;4554,60000;DOWN
2026-05-18 15:36:00;M1;5;34;4556,52024;4562,13000;UP
2026-05-18 15:52:00;M1;5;21;4564,54705;4564,41000;DOWN
2026-05-18 15:59:00;M1;5;21;4567,20761;4571,41000;UP
2026-05-18 16:04:00;M1;5;34;4566,36342;4565,22000;DOWN
2026-05-18 16:07:00;M1;5;34;4567,37982;4568,31000;UP
2026-05-18 16:11:00;M1;5;34;4568,26849;4564,94000;DOWN
2026-05-18 16:24:00;M1;5;21;4571,42686;4572,86000;UP
2026-05-18 16:29:00;M1;5;21;4572,03764;4571,91000;DOWN
2026-05-18 16:31:00;M1;5;21;4573,25794;4573,84000;UP
2026-05-18 16:36:00;M1;5;34;4574,01858;4572,85000;DOWN
2026-05-18 16:42:00;M1;5;55;4572,24397;4565,84000;DOWN
2026-05-18 16:50:00;M1;5;21;4574,49564;4576,58000;UP
2026-05-18 16:59:00;M1;5;55;4575,89656;4575,68000;DOWN
2026-05-18 17:03:00;M1;5;89;4568,03069;4566,28000;DOWN
2026-05-18 17:52:00;M1;5;21;4544,86172;4548,10000;UP
2026-05-18 18:02:00;M1;5;21;4539,26677;4535,35000;DOWN
2026-05-18 18:08:00;M1;5;21;4536,65750;4543,81000;UP
2026-05-18 18:16:00;M1;5;34;4539,66433;4541,07000;UP
2026-05-18 18:25:00;M1;5;34;4537,21246;4537,08000;DOWN
2026-05-18 18:26:00;M1;5;34;4535,04097;4538,54000;UP
2026-05-18 18:40:00;M1;5;55;4543,95516;4544,02000;UP
2026-05-18 18:43:00;M1;5;55;4541,92277;4540,69000;DOWN
2026-05-18 18:46:00;M1;5;55;4540,11297;4540,66000;UP
2026-05-18 19:16:00;M1;5;89;4548,52593;4550,07000;UP
2026-05-18 19:22:00;M1;5;89;4547,63856;4546,20000;DOWN
2026-05-18 19:26:00;M1;5;34;4539,79799;4539,70000;DOWN
2026-05-18 19:31:00;M1;5;34;4540,45899;4540,76000;UP
2026-05-18 19:45:00;M1;5;21;4543,95413;4544,60000;UP
2026-05-18 20:17:00;M1;5;21;4554,80190;4553,54000;DOWN
2026-05-18 20:27:00;M1;5;34;4553,68097;4552,28000;DOWN
2026-05-18 20:38:00;M1;5;55;4547,95070;4547,85000;DOWN
2026-05-18 20:43:00;M1;5;55;4548,77960;4549,29000;UP
2026-05-18 20:46:00;M1;5;55;4549,39492;4547,22000;DOWN
2026-05-18 21:11:00;M1;5;21;4545,43553;4545,46000;UP
2026-05-18 21:16:00;M1;5;89;4543,42958;4541,80000;DOWN
2026-05-18 21:28:00;M1;5;21;4541,95770;4542,08000;UP
2026-05-18 21:33:00;M1;5;21;4541,21012;4540,78000;DOWN
2026-05-18 21:36:00;M1;5;21;4540,45223;4541,70000;UP
2026-05-18 21:46:00;M1;5;34;4541,77678;4542,58000;UP
2026-05-18 21:51:00;M1;5;34;4540,93464;4540,39000;DOWN
2026-05-18 21:56:00;M1;5;34;4539,96250;4540,88000;UP
2026-05-18 21:58:00;M1;5;21;4538,67562;4535,20000;DOWN
2026-05-18 22:01:00;M1;5;21;4539,68959;4551,98000;UP
2026-05-18 22:24:00;M1;5;21;4550,52105;4550,14000;DOWN
2026-05-18 22:31:00;M1;5;21;4553,78664;4555,15000;UP
2026-05-18 22:46:00;M1;5;21;4559,68475;4559,42000;DOWN
2026-05-18 22:54:00;M1;5;21;4561,30752;4562,47000;UP
2026-05-18 22:56:00;M1;5;21;4562,19491;4560,01000;DOWN
2026-05-18 23:02:00;M1;5;34;4559,05097;4558,35000;DOWN
2026-05-18 23:15:00;M1;5;21;4563,31832;4563,62000;UP
2026-05-18 23:21:00;M1;5;34;4564,03842;4562,97000;DOWN
2026-05-18 23:51:00;M1;5;55;4564,37289;4563,82000;DOWN
2026-05-18 23:57:00;M1;5;21;4565,38879;4566,11000;UP
2026-05-19 01:01:00;M1;5;34;4567,60789;4569,58000;UP
2026-05-19 01:25:00;M1;5;21;4572,02296;4571,48000;DOWN
2026-05-19 01:26:00;M1;5;34;4571,97707;4571,97000;DOWN
2026-05-19 01:33:00;M1;5;34;4572,79023;4573,73000;UP
2026-05-19 01:32:00;M1;5;55;4572,35708;4571,91000;DOWN
2026-05-19 01:39:00;M1;5;21;4575,34112;4575,88000;UP
2026-05-19 01:36:00;M1;5;34;4573,63673;4573,53000;DOWN
2026-05-19 01:41:00;M1;5;34;4574,52729;4576,68000;UP
2026-05-19 01:42:00;M1;5;21;4576,38593;4575,97000;DOWN
2026-05-19 01:47:00;M1;5;55;4575,11552;4574,97000;DOWN
2026-05-19 02:00:00;M1;5;34;4576,61098;4576,82000;UP
2026-05-19 02:01:00;M1;5;21;4577,66819;4577,89000;UP
2026-05-19 02:32:00;M1;5;55;4583,46143;4583,41000;DOWN
2026-05-19 02:36:00;M1;5;55;4584,52739;4585,69000;UP
2026-05-19 02:41:00;M1;5;55;4585,51266;4585,39000;DOWN
2026-05-19 02:50:00;M1;5;89;4582,93762;4582,49000;DOWN
2026-05-19 03:00:00;M1;5;21;4587,04544;4587,25000;UP
2026-05-19 03:01:00;M1;5;34;4587,35398;4588,70000;UP
2026-05-19 03:03:00;M1;5;89;4585,35662;4584,23000;DOWN
2026-05-19 03:06:00;M1;5;55;4587,99094;4583,74000;DOWN
2026-05-19 03:21:00;M1;5;21;4580,40450;4584,43000;UP
2026-05-19 03:26:00;M1;5;21;4578,46216;4573,69000;DOWN
2026-05-19 03:47:00;M1;5;21;4570,91830;4571,56000;UP
2026-05-19 03:51:00;M1;5;21;4569,16795;4568,80000;DOWN
2026-05-19 04:02:00;M1;5;21;4565,23086;4566,03000;UP
2026-05-19 04:08:00;M1;5;34;4568,47653;4568,74000;UP
2026-05-19 04:06:00;M1;5;21;4563,58165;4563,55000;DOWN
2026-05-19 04:11:00;M1;5;21;4562,53682;4564,55000;UP
2026-05-19 04:11:00;M1;5;34;4566,72754;4564,55000;DOWN
2026-05-19 04:19:00;M1;5;21;4561,33692;4559,45000;DOWN
2026-05-19 04:27:00;M1;5;21;4558,18427;4558,61000;UP
2026-05-19 04:34:00;M1;5;34;4559,56403;4561,48000;UP
2026-05-19 04:31:00;M1;5;21;4557,23626;4555,86000;DOWN
2026-05-19 04:36:00;M1;5;21;4557,62754;4564,19000;UP
2026-05-19 04:53:00;M1;5;55;4563,66312;4562,90000;DOWN
2026-05-19 04:57:00;M1;5;55;4562,98082;4564,05000;UP
2026-05-19 04:56:00;M1;5;21;4564,03171;4562,86000;DOWN
2026-05-19 05:01:00;M1;5;55;4562,29123;4560,02000;DOWN
2026-05-19 05:21:00;M1;5;34;4558,05441;4558,35000;UP
2026-05-19 05:26:00;M1;5;21;4558,09478;4559,19000;UP
2026-05-19 05:30:00;M1;5;55;4557,48946;4555,64000;DOWN
2026-05-19 05:31:00;M1;5;34;4557,28438;4557,88000;UP
2026-05-19 05:33:00;M1;5;21;4556,86710;4555,75000;DOWN
2026-05-19 05:37:00;M1;5;21;4555,52259;4556,10000;UP
2026-05-19 05:36:00;M1;5;55;4555,81734;4553,75000;DOWN
2026-05-19 05:42:00;M1;5;34;4556,25809;4557,74000;UP
2026-05-19 05:48:00;M1;5;55;4554,38744;4551,20000;DOWN
2026-05-19 05:51:00;M1;5;21;4552,36877;4553,84000;UP
2026-05-19 05:56:00;M1;5;55;4552,75645;4548,76000;DOWN
2026-05-19 06:05:00;M1;5;21;4549,47200;4550,19000;UP
2026-05-19 06:06:00;M1;5;34;4550,58224;4552,64000;UP
2026-05-19 06:10:00;M1;5;21;4548,15627;4547,38000;DOWN
2026-05-19 06:11:00;M1;5;21;4547,45894;4548,74000;UP
2026-05-19 06:11:00;M1;5;55;4550,10226;4548,74000;DOWN
2026-05-19 06:16:00;M1;5;34;4548,69691;4550,55000;UP
2026-05-19 06:23:00;M1;5;55;4548,74344;4547,35000;DOWN
2026-05-19 06:26:00;M1;5;34;4547,52942;4548,25000;UP
2026-05-19 06:38:00;M1;5;89;4551,22870;4553,89000;UP
2026-05-19 06:43:00;M1;5;89;4550,38186;4549,11000;DOWN
2026-05-19 06:48:00;M1;5;34;4546,92502;4548,36000;UP
2026-05-19 06:52:00;M1;5;21;4548,69665;4548,89000;UP
2026-05-19 06:56:00;M1;5;89;4548,03292;4545,08000;DOWN
2026-05-19 07:02:00;M1;5;55;4545,23452;4545,24000;UP
2026-05-19 07:06:00;M1;5;55;4544,63079;4543,61000;DOWN
2026-05-19 07:21:00;M1;5;21;4541,62241;4541,91000;UP
2026-05-19 07:26:00;M1;5;55;4541,81073;4539,14000;DOWN
2026-05-19 07:32:00;M1;5;21;4539,38261;4539,58000;UP
2026-05-19 07:36:00;M1;5;34;4540,58340;4541,70000;UP
2026-05-19 07:44:00;M1;5;89;4540,83351;4539,70000;DOWN
2026-05-19 07:46:00;M1;5;34;4539,27568;4541,35000;UP
2026-05-19 08:16:00;M1;5;21;4542,87584;4542,83000;DOWN
2026-05-19 08:23:00;M1;5;89;4537,10415;4533,50000;DOWN
2026-05-19 08:27:00;M1;5;55;4538,26115;4538,40000;UP
2026-05-19 08:32:00;M1;5;89;4536,37680;4535,51000;DOWN
2026-05-19 08:37:00;M1;5;21;4540,03167;4540,56000;UP
2026-05-19 08:45:00;M1;5;55;4537,39932;4536,98000;DOWN
2026-05-19 08:46:00;M1;5;21;4538,12639;4540,50000;UP
2026-05-19 08:49:00;M1;5;89;4535,29640;4533,54000;DOWN
2026-05-19 08:51:00;M1;5;89;4534,95442;4535,51000;UP
2026-05-19 08:51:00;M1;5;55;4536,67599;4535,51000;DOWN
2026-05-19 08:56:00;M1;5;21;4537,08449;4541,38000;UP
2026-05-19 09:01:00;M1;5;34;4538,05892;4536,88000;DOWN
2026-05-19 09:06:00;M1;5;21;4537,24695;4537,40000;UP
2026-05-19 09:36:00;M1;5;21;4548,68557;4547,46000;DOWN
2026-05-19 09:42:00;M1;5;21;4550,72755;4550,93000;UP
2026-05-19 09:47:00;M1;5;34;4546,63807;4545,64000;DOWN
2026-05-19 09:55:00;M1;5;34;4547,52568;4548,32000;UP
2026-05-19 09:56:00;M1;5;34;4548,26019;4547,45000;DOWN
2026-05-19 10:07:00;M1;5;21;4551,08098;4551,93000;UP
2026-05-19 10:11:00;M1;5;34;4550,29282;4548,88000;DOWN
2026-05-19 10:20:00;M1;5;55;4546,65881;4545,50000;DOWN
2026-05-19 10:29:00;M1;5;55;4547,78643;4548,19000;UP
2026-05-19 10:31:00;M1;5;55;4548,17484;4547,17000;DOWN
2026-05-19 10:42:00;M1;5;89;4542,64919;4542,46000;DOWN
2026-05-19 10:46:00;M1;5;21;4545,70126;4551,15000;UP
2026-05-19 11:09:00;M1;5;89;4545,12458;4544,31000;DOWN
2026-05-19 11:14:00;M1;5;89;4545,59455;4546,35000;UP
2026-05-19 11:19:00;M1;5;89;4545,99094;4544,25000;DOWN
2026-05-19 11:36:00;M1;5;21;4543,22430;4544,24000;UP
2026-05-19 11:45:00;M1;5;34;4544,60846;4545,17000;UP
2026-05-19 11:46:00;M1;5;89;4546,43052;4546,93000;UP
2026-05-19 11:51:00;M1;5;89;4546,39770;4545,34000;DOWN
2026-05-19 11:56:00;M1;5;21;4541,38724;4544,07000;UP
2026-05-19 12:01:00;M1;5;34;4542,95531;4541,21000;DOWN
2026-05-19 12:20:00;M1;5;21;4540,39870;4541,34000;UP
2026-05-19 12:23:00;M1;5;55;4543,56556;4544,65000;UP
2026-05-19 12:26:00;M1;5;89;4545,53699;4545,04000;DOWN
2026-05-19 12:35:00;M1;5;21;4540,69281;4541,42000;UP
2026-05-19 12:31:00;M1;5;34;4540,14633;4539,45000;DOWN
2026-05-19 12:36:00;M1;5;34;4539,89591;4540,86000;UP
2026-05-19 12:37:00;M1;5;21;4540,36215;4538,94000;DOWN
2026-05-19 12:43:00;M1;5;21;4539,94093;4540,00000;UP
2026-05-19 12:41:00;M1;5;34;4539,65480;4538,32000;DOWN
2026-05-19 12:47:00;M1;5;34;4539,47267;4540,43000;UP
2026-05-19 12:46:00;M1;5;21;4539,73230;4539,28000;DOWN
2026-05-19 12:51:00;M1;5;21;4539,97221;4540,68000;UP
2026-05-19 12:57:00;M1;5;89;4543,84492;4544,24000;UP
2026-05-19 13:01:00;M1;5;89;4543,49523;4540,34000;DOWN
2026-05-19 13:06:00;M1;5;21;4539,90834;4541,82000;UP
2026-05-19 13:11:00;M1;5;55;4539,41104;4539,41000;DOWN
2026-05-19 13:17:00;M1;5;21;4539,69322;4539,70000;UP
2026-05-19 13:16:00;M1;5;34;4539,24318;4538,90000;DOWN
2026-05-19 13:21:00;M1;5;34;4539,24470;4540,65000;UP
2026-05-19 13:26:00;M1;5;21;4539,89082;4539,38000;DOWN
2026-05-19 13:32:00;M1;5;21;4540,05996;4541,11000;UP
2026-05-19 13:36:00;M1;5;89;4541,30590;4541,47000;UP
2026-05-19 13:38:00;M1;5;55;4538,67922;4535,96000;DOWN
2026-05-19 13:41:00;M1;5;89;4540,90813;4535,73000;DOWN
2026-05-19 13:55:00;M1;5;21;4536,19395;4536,74000;UP
2026-05-19 13:56:00;M1;5;34;4537,30363;4538,15000;UP
2026-05-19 14:10:00;M1;5;89;4539,08854;4537,91000;DOWN
2026-05-19 14:11:00;M1;5;21;4538,55806;4541,47000;UP
2026-05-19 14:12:00;M1;5;55;4537,31935;4537,28000;DOWN
2026-05-19 14:16:00;M1;5;34;4538,38748;4538,86000;UP
2026-05-19 14:17:00;M1;5;89;4538,66115;4538,31000;DOWN
2026-05-19 14:21:00;M1;5;21;4539,48443;4541,11000;UP
2026-05-19 14:26:00;M1;5;89;4538,40022;4536,95000;DOWN
2026-05-19 14:34:00;M1;5;34;4538,93198;4539,28000;UP
2026-05-19 14:37:00;M1;5;89;4538,15854;4536,98000;DOWN
2026-05-19 14:43:00;M1;5;21;4540,53123;4541,95000;UP
2026-05-19 14:46:00;M1;5;89;4537,98922;4537,35000;DOWN
2026-05-19 14:51:00;M1;5;55;4538,21812;4538,83000;UP
2026-05-19 14:56:00;M1;5;89;4537,64723;4532,25000;DOWN
2026-05-19 15:07:00;M1;5;21;4536,62221;4537,93000;UP
2026-05-19 15:18:00;M1;5;89;4537,10561;4536,99000;DOWN
2026-05-19 15:21:00;M1;5;21;4538,71628;4540,85000;UP
2026-05-19 15:40:00;M1;5;21;4542,08765;4541,08000;DOWN
2026-05-19 15:41:00;M1;5;21;4542,42758;4546,00000;UP
2026-05-19 15:44:00;M1;5;89;4537,74082;4537,36000;DOWN
2026-05-19 15:50:00;M1;5;55;4539,67701;4539,83000;UP
2026-05-19 15:46:00;M1;5;21;4542,42754;4536,17000;DOWN
2026-05-19 15:54:00;M1;5;34;4540,88504;4541,14000;UP
2026-05-19 15:51:00;M1;5;55;4539,88635;4539,00000;DOWN
2026-05-19 15:56:00;M1;5;55;4539,97142;4541,06000;UP
2026-05-19 15:59:00;M1;5;89;4538,09586;4537,19000;DOWN
2026-05-19 16:01:00;M1;5;55;4539,58109;4535,06000;DOWN
2026-05-19 16:49:00;M1;5;21;4479,34549;4481,25000;UP
2026-05-19 16:52:00;M1;5;34;4493,21193;4495,69000;UP
2026-05-19 16:58:00;M1;5;55;4506,25061;4508,13000;UP
2026-05-19 17:01:00;M1;5;55;4503,47854;4500,57000;DOWN
2026-05-19 17:06:00;M1;5;55;4501,22816;4505,24000;UP
2026-05-19 17:13:00;M1;5;55;4499,08835;4496,81000;DOWN
2026-05-19 17:17:00;M1;5;55;4497,07766;4498,27000;UP
2026-05-19 17:20:00;M1;5;21;4490,88976;4490,50000;DOWN
2026-05-19 17:21:00;M1;5;55;4494,89827;4485,61000;DOWN
2026-05-19 17:30:00;M1;5;21;4492,70910;4497,05000;UP
2026-05-19 17:32:00;M1;5;55;4490,38968;4490,10000;DOWN
2026-05-19 17:36:00;M1;5;21;4492,33863;4496,51000;UP
2026-05-19 17:45:00;M1;5;21;4491,87089;4491,72000;DOWN
2026-05-19 17:46:00;M1;5;21;4490,99897;4494,14000;UP
2026-05-19 17:53:00;M1;5;21;4489,65025;4487,66000;DOWN
2026-05-19 17:56:00;M1;5;21;4489,12741;4489,44000;UP
2026-05-19 18:07:00;M1;5;89;4492,08332;4491,04000;DOWN
2026-05-19 18:11:00;M1;5;89;4490,84592;4496,38000;UP
2026-05-19 18:23:00;M1;5;21;4496,23462;4494,52000;DOWN
2026-05-19 18:27:00;M1;5;21;4497,42033;4499,50000;UP
2026-05-19 18:43:00;M1;5;21;4502,24527;4500,89000;DOWN
2026-05-19 18:49:00;M1;5;21;4503,61746;4504,07000;UP
2026-05-19 18:51:00;M1;5;21;4504,52166;4503,05000;DOWN
2026-05-19 18:56:00;M1;5;21;4505,62589;4506,69000;UP
2026-05-19 19:05:00;M1;5;34;4503,26278;4502,48000;DOWN
2026-05-19 19:24:00;M1;5;21;4504,50058;4505,57000;UP
2026-05-19 19:36:00;M1;5;34;4506,80525;4506,79000;DOWN
2026-05-19 19:41:00;M1;5;34;4507,38426;4508,72000;UP
2026-05-19 19:42:00;M1;5;21;4506,77368;4506,73000;DOWN
2026-05-19 19:46:00;M1;5;34;4507,81195;4505,34000;DOWN
2026-05-19 19:57:00;M1;5;21;4507,51478;4508,12000;UP
2026-05-19 20:01:00;M1;5;34;4508,31614;4507,57000;DOWN
2026-05-19 20:08:00;M1;5;21;4508,08715;4508,55000;UP
2026-05-19 20:06:00;M1;5;55;4506,65926;4505,86000;DOWN
2026-05-19 20:12:00;M1;5;55;4507,44620;4508,30000;UP
2026-05-19 20:11:00;M1;5;34;4508,71633;4507,27000;DOWN
2026-05-19 20:16:00;M1;5;21;4508,83631;4509,49000;UP
2026-05-19 20:18:00;M1;5;55;4508,15084;4507,82000;DOWN
2026-05-19 20:21:00;M1;5;34;4508,92794;4507,35000;DOWN
2026-05-19 20:31:00;M1;5;21;4507,46827;4507,53000;UP
2026-05-19 20:36:00;M1;5;21;4507,01498;4505,54000;DOWN
2026-05-19 20:52:00;M1;5;89;4500,52593;4500,27000;DOWN
2026-05-19 21:05:00;M1;5;21;4501,44281;4501,54000;UP
2026-05-19 21:06:00;M1;5;89;4501,68810;4499,91000;DOWN
2026-05-19 21:11:00;M1;5;21;4500,36530;4503,03000;UP
2026-05-19 21:16:00;M1;5;89;4502,23674;4500,79000;DOWN
2026-05-19 21:26:00;M1;5;21;4498,42805;4499,99000;UP
2026-05-19 21:31:00;M1;5;21;4497,64051;4495,68000;DOWN
2026-05-19 21:37:00;M1;5;21;4497,30021;4498,35000;UP
2026-05-19 21:53:00;M1;5;34;4497,27607;4495,15000;DOWN
2026-05-19 22:05:00;M1;5;21;4495,18991;4495,50000;UP
2026-05-19 22:08:00;M1;5;34;4495,08613;4495,76000;UP
2026-05-19 22:17:00;M1;5;34;4494,16360;4493,32000;DOWN
2026-05-19 22:32:00;M1;5;21;4489,34465;4489,41000;UP
2026-05-19 22:36:00;M1;5;21;4487,77709;4487,17000;DOWN
2026-05-19 22:41:00;M1;5;21;4486,74754;4487,32000;UP
2026-05-19 22:51:00;M1;5;21;4484,96592;4484,82000;DOWN
2026-05-19 23:01:00;M1;5;21;4482,77256;4483,92000;UP
2026-05-19 23:08:00;M1;5;34;4483,76402;4485,37000;UP
2026-05-19 23:11:00;M1;5;55;4485,33422;4486,87000;UP
2026-05-19 23:17:00;M1;5;55;4484,54171;4484,44000;DOWN
2026-05-19 23:21:00;M1;5;55;4483,90022;4486,21000;UP
2026-05-19 23:32:00;M1;5;21;4483,90433;4483,61000;DOWN
2026-05-19 23:36:00;M1;5;21;4484,01537;4484,43000;UP
2026-05-19 23:41:00;M1;5;21;4483,96010;4482,89000;DOWN
2026-05-19 23:48:00;M1;5;21;4483,80315;4483,90000;UP
2026-05-19 23:51:00;M1;5;21;4483,54114;4482,83000;DOWN
2026-05-19 23:56:00;M1;5;21;4483,11225;4483,81000;UP
2026-05-20 01:03:00;M1;5;89;4484,16322;4484,46000;UP
2026-05-20 01:01:00;M1;5;21;4482,87413;4482,72000;DOWN
2026-05-20 01:06:00;M1;5;21;4482,82267;4484,39000;UP
2026-05-20 01:14:00;M1;5;89;4482,91989;4482,82000;DOWN
2026-05-20 01:16:00;M1;5;55;4479,71134;4479,51000;DOWN
2026-05-20 01:21:00;M1;5;55;4479,50625;4479,51000;UP
2026-05-20 01:28:00;M1;5;55;4479,27509;4479,06000;DOWN
2026-05-20 01:33:00;M1;5;21;4481,07299;4481,21000;UP
2026-05-20 01:38:00;M1;5;34;4480,98738;4480,45000;DOWN
2026-05-20 01:41:00;M1;5;21;4480,87984;4483,44000;UP
2026-05-20 01:47:00;M1;5;34;4480,82414;4480,75000;DOWN
2026-05-20 01:51:00;M1;5;21;4480,98497;4481,05000;UP
2026-05-20 02:00:00;M1;5;34;4480,93157;4480,42000;DOWN
2026-05-20 02:02:00;M1;5;21;4481,82058;4482,76000;UP
2026-05-20 02:16:00;M1;5;21;4484,34050;4484,23000;DOWN
2026-05-20 02:21:00;M1;5;21;4485,40217;4487,77000;UP
2026-05-20 02:29:00;M1;5;21;4486,28141;4486,26000;DOWN
2026-05-20 02:31:00;M1;5;21;4487,66619;4488,16000;UP
2026-05-20 02:46:00;M1;5;21;4492,48589;4491,56000;DOWN
2026-05-20 03:00:00;M1;5;55;4486,45763;4483,28000;DOWN
2026-05-20 03:02:00;M1;5;55;4487,15076;4489,77000;UP
2026-05-20 03:08:00;M1;5;89;4481,83817;4480,99000;DOWN
2026-05-20 03:12:00;M1;5;55;4488,00824;4490,32000;UP
2026-05-20 03:16:00;M1;5;55;4488,21556;4484,44000;DOWN
2026-05-20 03:23:00;M1;5;21;4488,49944;4488,82000;UP
2026-05-20 03:51:00;M1;5;21;4503,15024;4502,45000;DOWN
2026-05-20 03:57:00;M1;5;34;4500,65805;4500,41000;DOWN
2026-05-20 04:01:00;M1;5;55;4498,17892;4496,72000;DOWN
2026-05-20 04:10:00;M1;5;55;4498,96921;4499,18000;UP
2026-05-20 04:06:00;M1;5;89;4491,36861;4489,86000;DOWN
2026-05-20 04:11:00;M1;5;89;4492,16683;4496,25000;UP
2026-05-20 04:11:00;M1;5;55;4499,45103;4496,25000;DOWN
2026-05-20 04:21:00;M1;5;89;4493,36828;4492,87000;DOWN
2026-05-20 04:49:00;M1;5;21;4470,56459;4472,40000;UP
2026-05-20 04:54:00;M1;5;34;4480,91588;4481,66000;UP
2026-05-20 05:22:00;M1;5;55;4482,29988;4483,60000;UP
2026-05-20 05:26:00;M1;5;55;4481,51299;4480,66000;DOWN
2026-05-20 05:31:00;M1;5;34;4473,69371;4470,02000;DOWN
2026-05-20 06:02:00;M1;5;21;4463,64826;4465,04000;UP
2026-05-20 06:06:00;M1;5;21;4461,03887;4456,25000;DOWN
2026-05-20 06:11:00;M1;5;21;4458,52505;4460,38000;UP
2026-05-20 06:16:00;M1;5;34;4461,58685;4462,15000;UP
2026-05-20 06:26:00;M1;5;55;4461,21188;4463,70000;UP
2026-05-20 06:30:00;M1;5;34;4459,11732;4458,15000;DOWN
2026-05-20 06:31:00;M1;5;34;4458,08035;4460,27000;UP
2026-05-20 06:32:00;M1;5;55;4460,00334;4459,12000;DOWN
2026-05-20 06:36:00;M1;5;55;4459,08063;4464,15000;UP
2026-05-20 06:58:00;M1;5;89;4464,34059;4465,02000;UP
2026-05-20 07:19:00;M1;5;21;4466,02014;4465,83000;DOWN
2026-05-20 07:32:00;M1;5;34;4463,33692;4463,15000;DOWN
2026-05-20 07:37:00;M1;5;34;4463,86596;4464,38000;UP
2026-05-20 07:41:00;M1;5;34;4464,22043;4463,30000;DOWN
2026-05-20 07:47:00;M1;5;89;4458,22617;4457,86000;DOWN
2026-05-20 07:51:00;M1;5;55;4458,59607;4462,57000;UP
2026-05-20 08:00:00;M1;5;21;4463,05006;4465,57000;UP
2026-05-20 08:25:00;M1;5;21;4467,99181;4467,84000;DOWN
2026-05-20 08:26:00;M1;5;21;4469,13400;4469,46000;UP
2026-05-20 08:42:00;M1;5;21;4474,34516;4473,85000;DOWN
2026-05-20 08:47:00;M1;5;55;4467,74793;4466,91000;DOWN
2026-05-20 08:55:00;M1;5;34;4471,94079;4472,13000;UP
2026-05-20 08:56:00;M1;5;21;4473,89068;4474,24000;UP
2026-05-20 09:02:00;M1;5;34;4472,80137;4472,12000;DOWN
2026-05-20 09:08:00;M1;5;21;4473,32859;4473,60000;UP
2026-05-20 09:06:00;M1;5;55;4470,39508;4470,12000;DOWN
2026-05-20 09:14:00;M1;5;55;4470,85259;4471,61000;UP
2026-05-20 09:11:00;M1;5;34;4473,36646;4470,69000;DOWN
2026-05-20 09:16:00;M1;5;21;4473,09809;4474,72000;UP
2026-05-20 09:24:00;M1;5;55;4471,86292;4468,59000;DOWN
2026-05-20 09:27:00;M1;5;21;4472,42350;4472,75000;UP
2026-05-20 09:35:00;M1;5;89;4465,07704;4463,57000;DOWN
2026-05-20 09:38:00;M1;5;89;4465,55523;4467,25000;UP
2026-05-20 09:41:00;M1;5;89;4465,97305;4463,90000;DOWN
2026-05-20 09:49:00;M1;5;21;4469,25775;4473,93000;UP
2026-05-20 09:55:00;M1;5;55;4472,77110;4472,17000;DOWN
2026-05-20 09:56:00;M1;5;55;4473,00719;4474,85000;UP
2026-05-20 10:22:00;M1;5;21;4479,90424;4478,69000;DOWN
2026-05-20 10:28:00;M1;5;21;4481,51828;4481,98000;UP
2026-05-20 10:33:00;M1;5;34;4478,60286;4478,18000;DOWN
2026-05-20 10:39:00;M1;5;34;4479,41270;4480,29000;UP
2026-05-20 10:36:00;M1;5;55;4478,18529;4476,62000;DOWN
2026-05-20 10:41:00;M1;5;21;4483,19984;4483,41000;UP
2026-05-20 10:46:00;M1;5;55;4479,23665;4478,11000;DOWN
2026-05-20 11:05:00;M1;5;21;4481,22387;4481,88000;UP
2026-05-20 11:06:00;M1;5;34;4482,13444;4483,14000;UP
2026-05-20 11:08:00;M1;5;55;4480,70380;4478,77000;DOWN
2026-05-20 11:12:00;M1;5;21;4480,66553;4482,15000;UP
2026-05-20 11:11:00;M1;5;34;4482,35600;4479,58000;DOWN
2026-05-20 11:16:00;M1;5;55;4481,45313;4480,86000;DOWN
2026-05-20 11:22:00;M1;5;21;4481,23620;4481,75000;UP
2026-05-20 11:28:00;M1;5;34;4483,24640;4482,99000;DOWN
2026-05-20 11:31:00;M1;5;34;4483,59335;4486,53000;UP
2026-05-20 11:35:00;M1;5;55;4483,01796;4481,28000;DOWN
2026-05-20 11:38:00;M1;5;21;4483,64439;4483,88000;UP
2026-05-20 11:36:00;M1;5;89;4481,30409;4480,93000;DOWN
2026-05-20 11:41:00;M1;5;55;4483,93522;4479,64000;DOWN
2026-05-20 11:46:00;M1;5;89;4482,25716;4482,35000;UP
2026-05-20 11:51:00;M1;5;21;4484,08189;4485,36000;UP
2026-05-20 11:57:00;M1;5;55;4485,03656;4484,36000;DOWN
2026-05-20 12:02:00;M1;5;21;4484,99325;4485,56000;UP
2026-05-20 12:06:00;M1;5;89;4484,08893;4482,62000;DOWN
2026-05-20 12:33:00;M1;5;21;4480,55867;4481,35000;UP
2026-05-20 12:36:00;M1;5;34;4482,31356;4482,43000;UP
2026-05-20 12:42:00;M1;5;55;4484,24183;4484,26000;UP
2026-05-20 12:46:00;M1;5;55;4484,10523;4483,98000;DOWN
2026-05-20 12:51:00;M1;5;34;4482,36722;4484,78000;UP
2026-05-20 12:59:00;M1;5;89;4485,74917;4484,95000;DOWN
2026-05-20 13:01:00;M1;5;89;4485,97355;4486,40000;UP
2026-05-20 13:29:00;M1;5;21;4490,21283;4488,92000;DOWN
2026-05-20 13:31:00;M1;5;21;4491,15348;4491,42000;UP
2026-05-20 13:50:00;M1;5;34;4491,74886;4490,83000;DOWN
2026-05-20 13:53:00;M1;5;34;4492,87181;4493,13000;UP
2026-05-20 13:56:00;M1;5;34;4493,85771;4493,16000;DOWN
2026-05-20 14:01:00;M1;5;34;4494,66797;4495,80000;UP
2026-05-20 14:07:00;M1;5;34;4495,35586;4494,59000;DOWN
2026-05-20 14:16:00;M1;5;21;4495,77686;4496,06000;UP
2026-05-20 14:19:00;M1;5;89;4492,37700;4491,90000;DOWN
2026-05-20 14:24:00;M1;5;55;4494,09973;4495,80000;UP
2026-05-20 14:21:00;M1;5;34;4496,30378;4491,94000;DOWN
2026-05-20 14:26:00;M1;5;21;4495,90882;4498,80000;UP
2026-05-20 14:38:00;M1;5;55;4496,27694;4496,22000;DOWN
2026-05-20 14:41:00;M1;5;55;4496,93375;4497,28000;UP
2026-05-20 14:42:00;M1;5;89;4494,86389;4494,44000;DOWN
2026-05-20 14:47:00;M1;5;89;4495,30309;4496,25000;UP
2026-05-20 14:46:00;M1;5;55;4497,43508;4494,81000;DOWN
2026-05-20 14:54:00;M1;5;21;4497,24667;4498,07000;UP
2026-05-20 14:51:00;M1;5;89;4495,75056;4492,08000;DOWN
2026-05-20 14:56:00;M1;5;89;4496,21551;4498,28000;UP
2026-05-20 14:56:00;M1;5;55;4498,38715;4498,28000;DOWN
2026-05-20 15:01:00;M1;5;21;4497,71227;4499,74000;UP
2026-05-20 15:04:00;M1;5;89;4496,65346;4496,49000;DOWN
2026-05-20 15:06:00;M1;5;89;4497,07349;4497,84000;UP
2026-05-20 15:06:00;M1;5;55;4499,08201;4497,84000;DOWN
2026-05-20 15:11:00;M1;5;89;4497,46201;4496,51000;DOWN
2026-05-20 15:25:00;M1;5;21;4497,01783;4498,04000;UP
2026-05-20 15:29:00;M1;5;34;4498,14785;4499,39000;UP
2026-05-20 15:26:00;M1;5;21;4497,03482;4496,70000;DOWN
2026-05-20 15:31:00;M1;5;21;4497,86118;4501,00000;UP
2026-05-20 15:52:00;M1;5;89;4500,81983;4500,48000;DOWN
2026-05-20 16:13:00;M1;5;21;4500,98296;4502,34000;UP
2026-05-20 16:18:00;M1;5;89;4502,48583;4501,14000;DOWN
2026-05-20 16:46:00;M1;5;21;4489,36173;4490,59000;UP
2026-05-20 16:53:00;M1;5;21;4487,45569;4487,24000;DOWN
2026-05-20 17:15:00;M1;5;21;4478,58670;4483,18000;UP
2026-05-20 17:16:00;M1;5;34;4483,18203;4497,52000;UP
2026-05-20 18:01:00;M1;5;21;4534,51013;4532,46000;DOWN
2026-05-20 18:15:00;M1;5;21;4538,39647;4544,70000;UP
2026-05-20 18:12:00;M1;5;34;4524,97424;4523,80000;DOWN
2026-05-20 18:16:00;M1;5;34;4529,18829;4551,72000;UP
2026-05-20 18:21:00;M1;5;21;4541,02510;4540,52000;DOWN
2026-05-20 18:26:00;M1;5;34;4536,38062;4530,72000;DOWN
2026-05-20 18:53:00;M1;5;55;4534,36745;4533,02000;DOWN
2026-05-20 19:20:00;M1;5;89;4529,28901;4528,13000;DOWN
2026-05-20 19:36:00;M1;5;21;4527,37298;4527,64000;UP
2026-05-20 19:46:00;M1;5;34;4532,59635;4534,07000;UP
2026-05-20 19:52:00;M1;5;34;4531,90444;4531,82000;DOWN
2026-05-20 19:56:00;M1;5;34;4531,53875;4533,48000;UP
2026-05-20 20:16:00;M1;5;21;4533,93313;4533,53000;DOWN
2026-05-20 20:21:00;M1;5;21;4534,85036;4536,14000;UP
2026-05-20 20:29:00;M1;5;34;4532,50629;4532,40000;DOWN
2026-05-20 20:31:00;M1;5;34;4532,66013;4532,67000;UP
2026-05-20 20:36:00;M1;5;21;4534,90937;4535,33000;UP
2026-05-20 20:44:00;M1;5;34;4533,27661;4533,12000;DOWN
2026-05-20 20:46:00;M1;5;34;4533,59138;4534,29000;UP
2026-05-20 20:51:00;M1;5;34;4533,80683;4533,39000;DOWN
2026-05-20 21:07:00;M1;5;21;4532,72242;4533,19000;UP
2026-05-20 21:15:00;M1;5;34;4533,63767;4534,94000;UP
2026-05-20 21:17:00;M1;5;55;4535,01091;4535,28000;UP
2026-05-20 21:24:00;M1;5;55;4534,84076;4533,65000;DOWN
2026-05-20 21:27:00;M1;5;21;4533,50684;4534,21000;UP
2026-05-20 21:38:00;M1;5;89;4542,25863;4542,26000;UP
2026-05-20 21:41:00;M1;5;89;4542,19060;4540,85000;DOWN
2026-05-20 21:46:00;M1;5;21;4538,63989;4539,72000;UP
2026-05-20 21:53:00;M1;5;89;4542,19280;4542,56000;UP
2026-05-20 21:51:00;M1;5;21;4539,89499;4539,39000;DOWN
2026-05-20 21:56:00;M1;5;21;4541,08865;4544,52000;UP
2026-05-20 22:08:00;M1;5;21;4543,26858;4543,23000;DOWN
2026-05-20 22:11:00;M1;5;21;4544,14889;4544,77000;UP
2026-05-20 22:16:00;M1;5;21;4545,03695;4544,97000;DOWN
2026-05-20 22:30:00;M1;5;21;4546,12507;4546,70000;UP
2026-05-20 22:26:00;M1;5;34;4544,36444;4544,36000;DOWN
2026-05-20 22:31:00;M1;5;34;4545,20105;4546,47000;UP
2026-05-20 22:31:00;M1;5;21;4546,54228;4546,47000;DOWN
2026-05-20 22:36:00;M1;5;21;4547,11801;4547,77000;UP
2026-05-20 22:43:00;M1;5;34;4546,83855;4546,39000;DOWN
2026-05-20 22:51:00;M1;5;21;4548,15590;4548,30000;UP
2026-05-20 22:59:00;M1;5;89;4545,92623;4545,71000;DOWN
2026-05-20 23:01:00;M1;5;55;4546,83119;4547,50000;UP
2026-05-20 23:10:00;M1;5;21;4547,99085;4550,14000;UP
2026-05-20 23:06:00;M1;5;89;4546,70270;4546,06000;DOWN
2026-05-20 23:15:00;M1;5;55;4547,95091;4548,19000;UP
2026-05-20 23:11:00;M1;5;34;4548,98941;4546,90000;DOWN
2026-05-20 23:16:00;M1;5;89;4547,40455;4545,72000;DOWN
2026-05-20 23:53:00;M1;5;21;4543,64727;4543,78000;UP
2026-05-21 01:05:00;M1;5;34;4545,01013;4546,51000;UP
2026-05-21 01:06:00;M1;5;34;4544,34765;4544,33000;DOWN
2026-05-21 01:28:00;M1;5;21;4538,55953;4538,61000;UP
2026-05-21 01:31:00;M1;5;34;4540,01228;4541,21000;UP
2026-05-21 01:46:00;M1;5;55;4542,78440;4543,80000;UP
2026-05-21 01:51:00;M1;5;55;4542,37128;4537,71000;DOWN
2026-05-21 01:56:00;M1;5;21;4539,98524;4541,18000;UP
2026-05-21 02:04:00;M1;5;55;4541,62410;4542,09000;UP
2026-05-21 02:08:00;M1;5;55;4541,23686;4539,60000;DOWN
2026-05-21 02:12:00;M1;5;34;4539,21563;4540,29000;UP
2026-05-21 02:17:00;M1;5;21;4540,38298;4540,51000;UP
2026-05-21 02:19:00;M1;5;34;4539,12944;4539,03000;DOWN
2026-05-21 02:21:00;M1;5;55;4540,03826;4538,43000;DOWN
2026-05-21 02:31:00;M1;5;21;4538,87362;4538,98000;UP
2026-05-21 02:38:00;M1;5;89;4543,56342;4543,78000;UP
2026-05-21 02:41:00;M1;5;89;4543,31819;4543,20000;DOWN
2026-05-21 02:46:00;M1;5;89;4543,13960;4545,83000;UP
2026-05-21 03:03:00;M1;5;89;4542,92136;4541,81000;DOWN
2026-05-21 03:10:00;M1;5;21;4544,97116;4545,06000;UP
2026-05-21 03:11:00;M1;5;21;4545,47303;4544,28000;DOWN
2026-05-21 03:16:00;M1;5;21;4545,94128;4549,05000;UP
2026-05-21 03:18:00;M1;5;89;4542,93474;4542,38000;DOWN
2026-05-21 03:23:00;M1;5;55;4541,78509;4540,51000;DOWN
2026-05-21 03:28:00;M1;5;55;4542,10019;4544,20000;UP
2026-05-21 03:31:00;M1;5;89;4542,89847;4540,62000;DOWN
2026-05-21 03:36:00;M1;5;55;4542,67385;4543,23000;UP
2026-05-21 03:41:00;M1;5;89;4542,85152;4542,20000;DOWN
2026-05-21 03:46:00;M1;5;21;4544,04079;4544,24000;UP
2026-05-21 03:52:00;M1;5;34;4545,17642;4547,09000;UP
2026-05-21 03:51:00;M1;5;21;4544,29413;4543,86000;DOWN
2026-05-21 03:56:00;M1;5;21;4544,61459;4546,36000;UP
2026-05-21 04:00:00;M1;5;89;4542,98020;4540,01000;DOWN
2026-05-21 04:02:00;M1;5;34;4545,44680;4547,45000;UP
2026-05-21 04:01:00;M1;5;21;4544,74566;4542,55000;DOWN
2026-05-21 04:08:00;M1;5;21;4545,34471;4547,83000;UP
2026-05-21 04:06:00;M1;5;89;4543,21542;4543,17000;DOWN
2026-05-21 04:11:00;M1;5;34;4546,70798;4559,51000;UP
2026-05-21 04:37:00;M1;5;21;4564,81375;4564,11000;DOWN
2026-05-21 04:41:00;M1;5;21;4567,47940;4569,45000;UP
2026-05-21 04:46:00;M1;5;21;4569,43870;4565,95000;DOWN
2026-05-21 04:53:00;M1;5;34;4564,27134;4561,75000;DOWN
2026-05-21 05:02:00;M1;5;55;4560,84275;4559,39000;DOWN
2026-05-21 05:11:00;M1;5;89;4555,64493;4555,30000;DOWN
2026-05-21 05:51:00;M1;5;21;4532,94056;4536,39000;UP
2026-05-21 06:06:00;M1;5;34;4535,71468;4536,80000;UP
2026-05-21 06:35:00;M1;5;21;4533,01475;4532,42000;DOWN
2026-05-21 06:41:00;M1;5;21;4533,51201;4534,04000;UP
2026-05-21 06:47:00;M1;5;21;4533,34153;4533,15000;DOWN
2026-05-21 06:54:00;M1;5;34;4528,61731;4528,04000;DOWN
2026-05-21 06:57:00;M1;5;34;4528,23244;4528,44000;UP
2026-05-21 07:02:00;M1;5;21;4530,48330;4532,82000;UP
2026-05-21 07:25:00;M1;5;89;4537,88842;4538,04000;UP
2026-05-21 07:36:00;M1;5;89;4535,95911;4534,10000;DOWN
2026-05-21 07:43:00;M1;5;21;4537,10269;4537,18000;UP
2026-05-21 07:46:00;M1;5;21;4537,78400;4535,86000;DOWN
2026-05-21 08:01:00;M1;5;21;4538,59707;4539,37000;UP
2026-05-21 08:08:00;M1;5;89;4533,03136;4531,11000;DOWN
2026-05-21 08:12:00;M1;5;55;4531,23810;4531,15000;DOWN
2026-05-21 08:37:00;M1;5;21;4525,45472;4526,41000;UP
2026-05-21 08:46:00;M1;5;21;4522,82334;4522,81000;DOWN
2026-05-21 08:51:00;M1;5;21;4522,52332;4526,83000;UP
2026-05-21 08:56:00;M1;5;55;4527,56966;4526,97000;DOWN
2026-05-21 09:01:00;M1;5;55;4527,46017;4532,48000;UP
2026-05-21 09:27:00;M1;5;21;4531,79230;4531,67000;DOWN
2026-05-21 09:31:00;M1;5;21;4532,55583;4533,19000;UP
2026-05-21 09:40:00;M1;5;89;4525,93901;4524,77000;DOWN
2026-05-21 09:41:00;M1;5;89;4525,90892;4526,01000;UP
2026-05-21 09:46:00;M1;5;89;4525,79672;4525,07000;DOWN
2026-05-21 10:12:00;M1;5;21;4520,95279;4521,42000;UP
2026-05-21 10:18:00;M1;5;21;4519,77224;4519,65000;DOWN
2026-05-21 10:21:00;M1;5;21;4518,68873;4522,26000;UP
2026-05-21 10:27:00;M1;5;21;4517,18275;4516,65000;DOWN
2026-05-21 10:33:00;M1;5;21;4515,96269;4515,99000;UP
2026-05-21 10:46:00;M1;5;34;4516,12750;4517,21000;UP
2026-05-21 10:51:00;M1;5;55;4518,56580;4522,52000;UP
2026-05-21 11:26:00;M1;5;21;4531,34154;4529,38000;DOWN
2026-05-21 12:05:00;M1;5;21;4534,03667;4534,36000;UP
2026-05-21 12:04:00;M1;5;34;4532,82227;4532,28000;DOWN
2026-05-21 12:06:00;M1;5;34;4533,77234;4535,04000;UP
2026-05-21 12:07:00;M1;5;21;4533,93725;4532,04000;DOWN
2026-05-21 12:11:00;M1;5;21;4534,35745;4536,74000;UP
2026-05-21 12:25:00;M1;5;34;4537,03404;4536,71000;DOWN
2026-05-21 12:27:00;M1;5;34;4537,88118;4538,15000;UP
2026-05-21 12:26:00;M1;5;21;4537,64184;4535,81000;DOWN
2026-05-21 12:31:00;M1;5;34;4538,40440;4537,63000;DOWN
2026-05-21 12:38:00;M1;5;55;4534,44892;4534,44000;DOWN
2026-05-21 13:03:00;M1;5;21;4532,81567;4533,12000;UP
2026-05-21 13:07:00;M1;5;21;4532,40403;4531,59000;DOWN
2026-05-21 13:11:00;M1;5;21;4532,11822;4532,42000;UP
2026-05-21 13:12:00;M1;5;89;4530,89824;4530,75000;DOWN
2026-05-21 13:16:00;M1;5;89;4531,31201;4532,98000;UP
2026-05-21 13:25:00;M1;5;89;4531,74388;4524,00000;DOWN
2026-05-21 13:51:00;M1;5;21;4514,53730;4516,66000;UP
2026-05-21 13:58:00;M1;5;21;4512,29618;4512,26000;DOWN
2026-05-21 14:01:00;M1;5;21;4510,77688;4513,43000;UP
2026-05-21 14:22:00;M1;5;55;4519,66780;4520,27000;UP
2026-05-21 14:26:00;M1;5;55;4518,43107;4514,01000;DOWN
2026-05-21 14:34:00;M1;5;34;4511,14128;4510,73000;DOWN
2026-05-21 14:38:00;M1;5;34;4510,30652;4510,96000;UP
2026-05-21 14:41:00;M1;5;21;4512,17288;4512,20000;UP
2026-05-21 14:46:00;M1;5;55;4513,41006;4514,55000;UP
2026-05-21 14:55:00;M1;5;55;4512,38029;4511,36000;DOWN
2026-05-21 14:56:00;M1;5;21;4512,15744;4512,98000;UP
2026-05-21 15:15:00;M1;5;34;4511,15771;4510,44000;DOWN
2026-05-21 15:17:00;M1;5;34;4511,59729;4512,95000;UP
2026-05-21 15:20:00;M1;5;55;4509,63172;4508,66000;DOWN
2026-05-21 15:21:00;M1;5;34;4511,54633;4508,57000;DOWN
2026-05-21 15:33:00;M1;5;21;4511,74814;4513,17000;UP
2026-05-21 15:36:00;M1;5;89;4513,82749;4513,61000;DOWN
2026-05-21 15:44:00;M1;5;89;4513,15233;4514,98000;UP
2026-05-21 15:47:00;M1;5;89;4512,47533;4510,95000;DOWN
2026-05-21 15:55:00;M1;5;55;4507,84468;4505,02000;DOWN
2026-05-21 16:02:00;M1;5;21;4508,96108;4511,04000;UP
2026-05-21 16:07:00;M1;5;89;4509,64860;4508,78000;DOWN
2026-05-21 16:17:00;M1;5;21;4505,18698;4505,30000;UP
2026-05-21 16:21:00;M1;5;21;4502,94183;4501,90000;DOWN
2026-05-21 16:41:00;M1;5;21;4494,65812;4498,18000;UP
2026-05-21 16:48:00;M1;5;89;4502,15012;4502,93000;UP
2026-05-21 16:46:00;M1;5;55;4500,33511;4497,55000;DOWN
2026-05-21 16:51:00;M1;5;34;4497,73797;4508,44000;UP
2026-05-21 17:06:00;M1;5;21;4504,48025;4503,92000;DOWN
2026-05-21 17:14:00;M1;5;21;4506,31242;4508,16000;UP
2026-05-21 17:20:00;M1;5;89;4500,26824;4499,34000;DOWN
2026-05-21 17:25:00;M1;5;34;4502,23896;4503,20000;UP
2026-05-21 17:30:00;M1;5;21;4507,75181;4509,36000;UP
2026-05-21 17:26:00;M1;5;34;4502,69737;4502,28000;DOWN
2026-05-21 17:31:00;M1;5;34;4503,32073;4507,70000;UP
2026-05-21 17:31:00;M1;5;21;4507,93465;4507,70000;DOWN
2026-05-21 17:36:00;M1;5;21;4508,16026;4508,45000;UP
2026-05-21 17:41:00;M1;5;34;4504,89487;4504,12000;DOWN
2026-05-21 17:46:00;M1;5;34;4505,49061;4506,34000;UP
2026-05-21 17:54:00;M1;5;21;4506,95836;4509,06000;UP
2026-05-21 17:53:00;M1;5;34;4506,15382;4504,95000;DOWN
2026-05-21 17:56:00;M1;5;34;4506,82976;4508,60000;UP
2026-05-21 18:00:00;M1;5;21;4507,12550;4507,04000;DOWN
2026-05-21 18:01:00;M1;5;21;4507,12478;4507,72000;UP
2026-05-21 18:05:00;M1;5;55;4502,97611;4502,39000;DOWN
2026-05-21 18:10:00;M1;5;55;4503,19517;4503,94000;UP
2026-05-21 18:07:00;M1;5;89;4500,18013;4499,18000;DOWN
2026-05-21 18:13:00;M1;5;21;4506,56939;4513,81000;UP
2026-05-21 18:11:00;M1;5;55;4503,53962;4503,20000;DOWN
2026-05-21 18:16:00;M1;5;55;4503,94217;4509,12000;UP
2026-05-21 18:23:00;M1;5;55;4504,29515;4503,64000;DOWN
2026-05-21 18:30:00;M1;5;55;4504,56268;4504,91000;UP
2026-05-21 18:32:00;M1;5;21;4505,93619;4506,52000;UP
2026-05-21 18:44:00;M1;5;34;4507,02980;4506,96000;DOWN
2026-05-21 18:46:00;M1;5;34;4507,33984;4508,24000;UP
2026-05-21 19:16:00;M1;5;21;4516,68411;4516,19000;DOWN
2026-05-21 19:38:00;M1;5;34;4517,32694;4516,70000;DOWN
2026-05-21 19:45:00;M1;5;34;4518,13128;4520,13000;UP
2026-05-21 19:48:00;M1;5;34;4518,82446;4517,70000;DOWN
2026-05-21 20:01:00;M1;5;21;4519,26310;4519,71000;UP
2026-05-21 20:03:00;M1;5;55;4517,78264;4517,09000;DOWN
2026-05-21 20:10:00;M1;5;34;4520,41718;4528,10000;UP
2026-05-21 20:06:00;M1;5;21;4518,92919;4515,65000;DOWN
2026-05-21 20:11:00;M1;5;21;4519,59128;4527,29000;UP
2026-05-21 20:46:00;M1;5;21;4547,00960;4546,19000;DOWN
2026-05-21 20:51:00;M1;5;21;4551,65171;4556,18000;UP
2026-05-21 20:57:00;M1;5;21;4555,32254;4554,51000;DOWN
2026-05-21 21:04:00;M1;5;34;4548,75605;4544,36000;DOWN
2026-05-21 21:16:00;M1;5;55;4547,21264;4545,29000;DOWN
2026-05-21 21:21:00;M1;5;55;4548,92849;4549,52000;UP
2026-05-21 21:26:00;M1;5;55;4550,46177;4548,19000;DOWN
2026-05-21 21:43:00;M1;5;89;4544,55659;4544,23000;DOWN
2026-05-21 22:03:00;M1;5;21;4536,41173;4536,76000;UP
2026-05-21 22:06:00;M1;5;21;4534,20729;4530,93000;DOWN
2026-05-21 22:11:00;M1;5;21;4533,02166;4535,30000;UP
2026-05-21 22:18:00;M1;5;34;4540,75829;4540,98000;UP
2026-05-21 22:24:00;M1;5;34;4539,54438;4539,53000;DOWN
2026-05-21 22:26:00;M1;5;34;4538,57200;4539,57000;UP
2026-05-21 22:54:00;M1;5;34;4536,68669;4536,38000;DOWN
2026-05-21 22:56:00;M1;5;21;4540,30670;4542,77000;UP
2026-05-21 23:06:00;M1;5;55;4542,99262;4544,08000;UP
2026-05-21 23:08:00;M1;5;21;4541,36602;4541,26000;DOWN
2026-05-21 23:11:00;M1;5;21;4541,90279;4542,23000;UP
2026-05-21 23:11:00;M1;5;55;4542,48434;4542,23000;DOWN
2026-05-21 23:16:00;M1;5;21;4542,25934;4541,88000;DOWN
2026-05-21 23:23:00;M1;5;55;4541,70619;4541,90000;UP
2026-05-21 23:26:00;M1;5;55;4541,41412;4541,07000;DOWN
2026-05-21 23:32:00;M1;5;55;4541,15768;4541,43000;UP
2026-05-21 23:31:00;M1;5;34;4540,83995;4540,49000;DOWN
2026-05-21 23:36:00;M1;5;34;4541,16648;4541,42000;UP
2026-05-21 23:43:00;M1;5;55;4540,79975;4540,50000;DOWN
2026-05-21 23:46:00;M1;5;55;4540,67105;4540,81000;UP
2026-05-21 23:54:00;M1;5;21;4541,43443;4541,66000;UP
2026-05-21 23:51:00;M1;5;55;4540,61262;4540,27000;DOWN
2026-05-21 23:56:00;M1;5;55;4540,64113;4542,02000;UP
2026-05-22 01:09:00;M1;5;55;4540,96242;4540,45000;DOWN
2026-05-22 01:11:00;M1;5;21;4542,11777;4542,91000;UP
2026-05-22 01:16:00;M1;5;34;4542,50469;4542,40000;DOWN
2026-05-22 01:21:00;M1;5;21;4542,25677;4542,27000;UP
2026-05-22 01:25:00;M1;5;55;4541,44272;4540,56000;DOWN
2026-05-22 01:26:00;M1;5;21;4542,19283;4540,16000;DOWN
2026-05-22 01:40:00;M1;5;55;4541,56297;4541,59000;UP
2026-05-22 01:42:00;M1;5;21;4541,55023;4543,00000;UP
2026-05-22 01:41:00;M1;5;55;4541,58385;4540,88000;DOWN
2026-05-22 01:46:00;M1;5;55;4541,61824;4542,73000;UP
2026-05-22 01:50:00;M1;5;34;4541,92893;4541,83000;DOWN
2026-05-22 01:51:00;M1;5;34;4541,84552;4542,23000;UP
2026-05-22 01:52:00;M1;5;55;4541,63652;4541,53000;DOWN
2026-05-22 01:57:00;M1;5;21;4541,54973;4541,80000;UP
2026-05-22 01:56:00;M1;5;34;4541,87972;4540,74000;DOWN
2026-05-22 02:01:00;M1;5;34;4542,00587;4543,65000;UP
2026-05-22 02:15:00;M1;5;89;4544,12985;4544,17000;UP
2026-05-22 02:16:00;M1;5;89;4544,03215;4543,67000;DOWN
2026-05-22 02:51:00;M1;5;21;4536,01888;4536,15000;UP
2026-05-22 02:56:00;M1;5;21;4534,79036;4533,83000;DOWN
2026-05-22 03:06:00;M1;5;21;4532,62976;4533,86000;UP
2026-05-22 03:14:00;M1;5;21;4531,74772;4531,32000;DOWN
2026-05-22 03:16:00;M1;5;21;4531,04431;4531,37000;UP
2026-05-22 03:21:00;M1;5;34;4532,93083;4536,67000;UP
2026-05-22 03:26:00;M1;5;55;4535,47121;4533,75000;DOWN
2026-05-22 03:31:00;M1;5;55;4535,00678;4536,30000;UP
2026-05-22 03:45:00;M1;5;89;4537,42226;4535,70000;DOWN
2026-05-22 03:50:00;M1;5;55;4534,47152;4533,39000;DOWN
2026-05-22 03:51:00;M1;5;34;4533,17301;4529,86000;DOWN
2026-05-22 04:00:00;M1;5;34;4532,68697;4533,50000;UP
2026-05-22 04:02:00;M1;5;34;4532,08674;4528,84000;DOWN
2026-05-22 04:15:00;M1;5;21;4530,03682;4530,54000;UP
2026-05-22 04:18:00;M1;5;55;4530,88357;4531,91000;UP
2026-05-22 04:16:00;M1;5;34;4530,03156;4529,55000;DOWN
2026-05-22 04:21:00;M1;5;34;4529,59702;4531,47000;UP
2026-05-22 04:23:00;M1;5;55;4530,23743;4529,73000;DOWN
2026-05-22 04:26:00;M1;5;21;4527,67381;4531,32000;UP
2026-05-22 04:29:00;M1;5;34;4529,21675;4529,01000;DOWN
2026-05-22 04:31:00;M1;5;55;4529,08332;4528,57000;DOWN
2026-05-22 04:36:00;M1;5;21;4525,85030;4526,34000;UP
2026-05-22 04:45:00;M1;5;34;4527,07748;4527,16000;UP
2026-05-22 04:41:00;M1;5;21;4525,03442;4524,22000;DOWN
2026-05-22 04:46:00;M1;5;21;4524,72298;4528,73000;UP
2026-05-22 04:51:00;M1;5;89;4529,83551;4531,03000;UP
2026-05-22 04:55:00;M1;5;55;4526,68977;4525,90000;DOWN
2026-05-22 04:56:00;M1;5;55;4526,23449;4526,79000;UP
2026-05-22 04:56:00;M1;5;89;4529,26529;4526,79000;DOWN
2026-05-22 05:05:00;M1;5;55;4525,84382;4524,40000;DOWN
2026-05-22 05:08:00;M1;5;21;4525,09042;4525,84000;UP
2026-05-22 05:13:00;M1;5;89;4527,71864;4528,45000;UP
2026-05-22 05:16:00;M1;5;89;4527,23568;4525,63000;DOWN
2026-05-22 05:22:00;M1;5;21;4525,20819;4525,78000;UP
2026-05-22 05:30:00;M1;5;55;4524,23316;4521,99000;DOWN
2026-05-22 05:41:00;M1;5;21;4522,68358;4523,02000;UP
2026-05-22 05:48:00;M1;5;89;4524,15953;4524,16000;UP
2026-05-22 05:53:00;M1;5;89;4523,66847;4523,09000;DOWN
2026-05-22 05:59:00;M1;5;21;4521,96551;4523,16000;UP
2026-05-22 05:56:00;M1;5;55;4521,62986;4520,42000;DOWN
2026-05-22 06:01:00;M1;5;55;4521,42161;4522,91000;UP
2026-05-22 06:02:00;M1;5;89;4522,80151;4522,21000;DOWN
2026-05-22 06:07:00;M1;5;89;4522,41765;4522,77000;UP
2026-05-22 06:06:00;M1;5;34;4522,07306;4521,61000;DOWN
2026-05-22 06:11:00;M1;5;21;4522,14583;4523,69000;UP
2026-05-22 06:13:00;M1;5;89;4522,03967;4521,79000;DOWN
2026-05-22 06:16:00;M1;5;89;4521,67950;4522,29000;UP
2026-05-22 06:18:00;M1;5;55;4520,91521;4520,62000;DOWN
2026-05-22 06:21:00;M1;5;34;4521,45524;4521,68000;UP
2026-05-22 06:22:00;M1;5;89;4521,31951;4520,73000;DOWN
2026-05-22 06:29:00;M1;5;21;4521,46655;4521,77000;UP
2026-05-22 06:26:00;M1;5;34;4521,20649;4520,63000;DOWN
2026-05-22 06:31:00;M1;5;34;4521,14466;4523,09000;UP
2026-05-22 07:09:00;M1;5;21;4528,76874;4528,45000;DOWN
2026-05-22 07:12:00;M1;5;21;4529,59071;4529,62000;UP
2026-05-22 07:16:00;M1;5;21;4530,07731;4529,45000;DOWN
2026-05-22 07:28:00;M1;5;21;4530,68119;4531,63000;UP
2026-05-22 07:26:00;M1;5;34;4528,62487;4528,40000;DOWN
2026-05-22 07:31:00;M1;5;34;4529,30461;4531,35000;UP
2026-05-22 07:32:00;M1;5;21;4530,94677;4530,42000;DOWN
2026-05-22 07:40:00;M1;5;55;4526,33005;4525,82000;DOWN
2026-05-22 07:41:00;M1;5;55;4526,83391;4527,31000;UP
2026-05-22 07:52:00;M1;5;21;4529,67353;4529,71000;UP
2026-05-22 07:57:00;M1;5;55;4528,08241;4527,63000;DOWN
2026-05-22 08:16:00;M1;5;89;4524,59743;4524,24000;DOWN
2026-05-22 08:21:00;M1;5;21;4526,04155;4528,32000;UP
2026-05-22 08:30:00;M1;5;55;4528,58504;4530,17000;UP
2026-05-22 08:26:00;M1;5;34;4527,85077;4527,62000;DOWN
2026-05-22 08:31:00;M1;5;34;4527,59184;4529,54000;UP
2026-05-22 08:32:00;M1;5;55;4528,60172;4528,32000;DOWN
2026-05-22 08:36:00;M1;5;55;4528,78404;4531,09000;UP
2026-05-22 08:55:00;M1;5;89;4526,54009;4522,98000;DOWN
2026-05-22 09:21:00;M1;5;21;4520,49589;4520,93000;UP
2026-05-22 09:34:00;M1;5;55;4525,03626;4525,77000;UP
2026-05-22 09:37:00;M1;5;89;4525,62996;4524,89000;DOWN
2026-05-22 09:44:00;M1;5;55;4524,38548;4526,57000;UP
2026-05-22 09:54:00;M1;5;89;4525,50599;4525,07000;DOWN
2026-05-22 09:56:00;M1;5;89;4525,51870;4526,06000;UP
2026-05-22 10:00:00;M1;5;21;4524,98151;4524,72000;DOWN
2026-05-22 10:04:00;M1;5;21;4525,82572;4526,11000;UP
2026-05-22 10:01:00;M1;5;89;4525,54209;4524,29000;DOWN
2026-05-22 10:06:00;M1;5;34;4523,56163;4524,34000;UP
2026-05-22 10:06:00;M1;5;21;4526,35427;4524,34000;DOWN
2026-05-22 10:12:00;M1;5;89;4525,51101;4524,29000;DOWN
2026-05-22 10:17:00;M1;5;34;4523,88852;4525,13000;UP
2026-05-22 10:23:00;M1;5;21;4526,04272;4526,42000;UP
2026-05-22 10:28:00;M1;5;89;4525,35116;4525,07000;DOWN
2026-05-22 10:31:00;M1;5;55;4523,91543;4522,73000;DOWN
2026-05-22 10:52:00;M1;5;21;4520,51887;4520,83000;UP
2026-05-22 10:58:00;M1;5;55;4522,10623;4522,06000;DOWN
2026-05-22 11:01:00;M1;5;34;4521,95949;4523,51000;UP
2026-05-22 11:27:00;M1;5;21;4525,74162;4525,26000;DOWN
2026-05-22 11:33:00;M1;5;89;4523,34704;4523,23000;DOWN
2026-05-22 11:38:00;M1;5;55;4523,42300;4523,44000;UP
2026-05-22 11:41:00;M1;5;89;4523,28691;4522,15000;DOWN
2026-05-22 11:47:00;M1;5;89;4523,22104;4523,32000;UP
2026-05-22 11:52:00;M1;5;21;4524,21731;4524,80000;UP
2026-05-22 11:56:00;M1;5;89;4523,05919;4522,47000;DOWN
2026-05-22 12:02:00;M1;5;21;4523,21873;4523,71000;UP
2026-05-22 12:06:00;M1;5;89;4522,87078;4521,98000;DOWN
2026-05-22 12:11:00;M1;5;21;4521,83829;4521,84000;UP
2026-05-22 12:16:00;M1;5;21;4520,83341;4516,79000;DOWN
2026-05-22 12:26:00;M1;5;21;4519,08908;4519,33000;UP
2026-05-22 12:31:00;M1;5;21;4518,51704;4514,76000;DOWN
2026-05-22 12:36:00;M1;5;21;4518,67852;4520,24000;UP
2026-05-22 13:16:00;M1;5;21;4534,39415;4533,14000;DOWN
2026-05-22 13:22:00;M1;5;34;4530,07899;4528,63000;DOWN
2026-05-22 13:29:00;M1;5;89;4524,82100;4524,74000;DOWN
2026-05-22 13:56:00;M1;5;21;4514,55672;4514,56000;UP
2026-05-22 14:26:00;M1;5;34;4513,44551;4514,92000;UP
2026-05-22 14:36:00;M1;5;55;4517,42108;4517,49000;UP
2026-05-22 14:42:00;M1;5;89;4519,36661;4519,56000;UP
2026-05-22 15:02:00;M1;5;21;4521,15205;4521,06000;DOWN
2026-05-22 15:06:00;M1;5;21;4522,04971;4522,05000;UP
2026-05-22 15:11:00;M1;5;21;4523,55321;4521,24000;DOWN
2026-05-22 15:16:00;M1;5;21;4525,80175;4527,00000;UP
2026-05-22 15:21:00;M1;5;21;4527,65843;4527,02000;DOWN
2026-05-22 15:27:00;M1;5;34;4523,08736;4522,55000;DOWN
2026-05-22 15:32:00;M1;5;89;4519,90017;4518,08000;DOWN
2026-05-22 15:50:00;M1;5;55;4519,73518;4520,17000;UP
2026-05-22 15:54:00;M1;5;89;4519,98226;4519,86000;DOWN
2026-05-22 15:57:00;M1;5;21;4521,33905;4521,57000;UP
2026-05-22 16:02:00;M1;5;34;4523,88359;4521,13000;DOWN
2026-05-22 16:06:00;M1;5;21;4522,45693;4523,45000;UP
2026-05-22 16:24:00;M1;5;55;4523,67850;4523,49000;DOWN
2026-05-22 16:31:00;M1;5;55;4524,60592;4525,01000;UP
2026-05-22 16:33:00;M1;5;89;4521,42850;4520,10000;DOWN
2026-05-22 16:36:00;M1;5;55;4524,78651;4520,25000;DOWN
2026-05-22 17:11:00;M1;5;21;4508,54723;4509,17000;UP
2026-05-22 17:16:00;M1;5;21;4504,78548;4494,46000;DOWN
2026-05-22 17:26:00;M1;5;21;4497,56650;4498,89000;UP
2026-05-22 17:35:00;M1;5;34;4503,02132;4503,32000;UP
2026-05-22 17:38:00;M1;5;34;4500,71316;4499,87000;DOWN
2026-05-22 17:41:00;M1;5;34;4499,06852;4505,18000;UP
2026-05-22 17:46:00;M1;5;55;4506,23698;4506,44000;UP
2026-05-22 17:51:00;M1;5;55;4504,93266;4502,70000;DOWN
2026-05-22 18:02:00;M1;5;55;4502,65804;4502,92000;UP
2026-05-22 18:06:00;M1;5;89;4508,68348;4507,78000;DOWN
2026-05-22 18:11:00;M1;5;89;4508,08936;4510,81000;UP
2026-05-22 18:41:00;M1;5;21;4520,52584;4518,39000;DOWN
2026-05-22 19:06:00;M1;5;34;4519,57027;4517,80000;DOWN
2026-05-22 19:25:00;M1;5;21;4520,47338;4523,61000;UP
2026-05-22 19:33:00;M1;5;34;4523,16188;4522,62000;DOWN
2026-05-22 19:37:00;M1;5;21;4521,46504;4521,25000;DOWN
2026-05-22 19:42:00;M1;5;55;4518,32109;4516,01000;DOWN
2026-05-22 20:00:00;M1;5;21;4517,09442;4517,98000;UP
2026-05-22 20:07:00;M1;5;34;4519,49681;4519,61000;UP
2026-05-22 20:12:00;M1;5;55;4520,53086;4519,89000;DOWN
2026-05-22 20:16:00;M1;5;34;4518,84685;4519,08000;UP
2026-05-22 20:19:00;M1;5;21;4516,50029;4514,82000;DOWN
2026-05-22 20:25:00;M1;5;21;4516,20890;4518,17000;UP
2026-05-22 20:21:00;M1;5;34;4518,37992;4515,97000;DOWN
2026-05-22 20:26:00;M1;5;34;4518,38136;4519,06000;UP
2026-05-22 20:34:00;M1;5;55;4520,96489;4520,03000;DOWN
2026-05-22 20:38:00;M1;5;55;4521,18232;4522,78000;UP
2026-05-22 20:46:00;M1;5;55;4521,63819;4521,42000;DOWN
2026-05-22 20:54:00;M1;5;34;4519,99285;4519,74000;DOWN
2026-05-22 20:57:00;M1;5;34;4520,17946;4520,65000;UP
2026-05-22 21:00:00;M1;5;89;4518,23183;4518,14000;DOWN
2026-05-22 21:01:00;M1;5;34;4520,09173;4516,99000;DOWN
2026-05-22 21:22:00;M1;5;21;4516,43315;4517,32000;UP
2026-05-22 21:29:00;M1;5;21;4515,47175;4515,35000;DOWN
2026-05-22 21:31:00;M1;5;21;4514,92972;4515,00000;UP
2026-05-22 21:39:00;M1;5;34;4517,11677;4518,22000;UP
2026-05-22 21:41:00;M1;5;34;4516,80604;4515,86000;DOWN
2026-05-22 21:54:00;M1;5;21;4514,42078;4515,39000;UP
2026-05-22 21:57:00;M1;5;21;4514,35634;4513,64000;DOWN
2026-05-22 22:26:00;M1;5;21;4507,73265;4508,51000;UP
2026-05-22 22:31:00;M1;5;21;4506,87108;4504,75000;DOWN
2026-05-22 22:36:00;M1;5;21;4506,41550;4509,46000;UP
2026-05-22 22:48:00;M1;5;34;4507,29540;4507,29000;DOWN
2026-05-22 22:51:00;M1;5;34;4506,86885;4507,66000;UP
2026-05-22 22:56:00;M1;5;55;4508,52285;4508,54000;UP
2026-05-22 23:01:00;M1;5;55;4507,94708;4506,68000;DOWN
2026-05-22 23:09:00;M1;5;21;4506,55205;4507,05000;UP
2026-05-22 23:11:00;M1;5;55;4506,94573;4507,05000;UP
2026-05-22 23:12:00;M1;5;21;4506,66203;4506,46000;DOWN
2026-05-22 23:16:00;M1;5;21;4506,93850;4506,99000;UP
2026-05-22 23:32:00;M1;5;34;4506,40208;4506,22000;DOWN
2026-05-22 23:36:00;M1;5;34;4506,61857;4506,69000;UP
2026-05-22 23:41:00;M1;5;55;4505,65146;4505,58000;DOWN
2026-05-22 23:48:00;M1;5;21;4507,52885;4507,66000;UP
2026-05-22 23:51:00;M1;5;55;4505,25087;4505,20000;DOWN
2026-05-22 23:56:00;M1;5;21;4507,00524;4507,77000;UP
2026-05-25 01:01:00;M1;5;89;4508,15982;4547,64000;UP
2026-05-25 01:26:00;M1;5;21;4553,96434;4552,79000;DOWN
2026-05-25 01:33:00;M1;5;21;4559,88926;4560,71000;UP
2026-05-25 01:36:00;M1;5;21;4564,62903;4559,09000;DOWN
2026-05-25 01:56:00;M1;5;34;4565,33409;4562,34000;DOWN
2026-05-25 02:10:00;M1;5;21;4573,46996;4574,77000;UP
2026-05-25 02:11:00;M1;5;34;4575,66235;4573,30000;DOWN
2026-05-25 02:41:00;M1;5;55;4580,26024;4579,18000;DOWN
2026-05-25 03:01:00;M1;5;89;4568,74220;4567,58000;DOWN
2026-05-25 03:06:00;M1;5;89;4570,92586;4571,48000;UP
2026-05-25 03:12:00;M1;5;89;4572,96900;4571,88000;DOWN
2026-05-25 03:16:00;M1;5;21;4573,16469;4573,25000;UP
2026-05-25 03:21:00;M1;5;21;4572,44897;4570,18000;DOWN
2026-05-25 03:29:00;M1;5;21;4571,87149;4572,28000;UP
2026-05-25 03:43:00;M1;5;21;4572,00735;4571,19000;DOWN
2026-05-25 03:47:00;M1;5;21;4572,69715;4573,71000;UP
2026-05-25 03:52:00;M1;5;34;4575,11136;4572,11000;DOWN
2026-05-25 04:21:00;M1;5;21;4566,91946;4567,74000;UP
2026-05-25 04:42:00;M1;5;34;4568,28332;4566,56000;DOWN
2026-05-25 04:54:00;M1;5;21;4566,23365;4566,50000;UP
2026-05-25 04:56:00;M1;5;21;4565,55727;4563,04000;DOWN
2026-05-25 05:06:00;M1;5;21;4564,40530;4565,21000;UP
2026-05-25 05:13:00;M1;5;34;4564,21724;4563,29000;DOWN
2026-05-25 05:23:00;M1;5;21;4562,23271;4562,57000;UP
2026-05-25 05:29:00;M1;5;34;4562,68626;4562,87000;UP
2026-05-25 05:26:00;M1;5;21;4561,72858;4561,56000;DOWN
2026-05-25 05:31:00;M1;5;21;4561,64053;4562,44000;UP
2026-05-25 05:36:00;M1;5;55;4564,25815;4562,60000;DOWN
2026-05-25 05:41:00;M1;5;55;4563,84490;4566,38000;UP
2026-05-25 05:49:00;M1;5;55;4563,47537;4563,27000;DOWN
2026-05-25 05:51:00;M1;5;21;4563,77875;4563,91000;UP
2026-05-25 05:54:00;M1;5;34;4562,52042;4562,02000;DOWN
2026-05-25 05:57:00;M1;5;34;4562,35415;4562,55000;UP
2026-05-25 05:56:00;M1;5;55;4562,72853;4561,07000;DOWN
2026-05-25 06:01:00;M1;5;55;4562,38664;4562,91000;UP
2026-05-25 06:02:00;M1;5;34;4562,20569;4561,79000;DOWN
2026-05-25 06:07:00;M1;5;34;4562,10375;4562,77000;UP
2026-05-25 06:06:00;M1;5;55;4562,08460;4561,57000;DOWN
2026-05-25 06:11:00;M1;5;21;4563,15932;4563,51000;UP
2026-05-25 06:16:00;M1;5;21;4563,00837;4562,30000;DOWN
2026-05-25 06:21:00;M1;5;21;4562,65124;4563,74000;UP
2026-05-25 06:24:00;M1;5;34;4562,04027;4561,44000;DOWN
2026-05-25 06:26:00;M1;5;55;4561,12347;4560,88000;DOWN
2026-05-25 06:33:00;M1;5;21;4561,54794;4561,78000;UP
2026-05-25 06:40:00;M1;5;34;4561,62799;4560,87000;DOWN
2026-05-25 06:41:00;M1;5;21;4560,89090;4561,12000;UP
2026-05-25 06:43:00;M1;5;55;4560,48366;4560,16000;DOWN
2026-05-25 06:46:00;M1;5;21;4560,32248;4557,30000;DOWN
2026-05-25 06:54:00;M1;5;21;4559,79433;4559,81000;UP
2026-05-25 06:56:00;M1;5;34;4560,18385;4560,82000;UP
2026-05-25 07:00:00;M1;5;55;4559,69107;4559,64000;DOWN
2026-05-25 07:01:00;M1;5;55;4559,51458;4561,05000;UP
2026-05-25 07:21:00;M1;5;89;4562,18343;4563,16000;UP
2026-05-25 07:33:00;M1;5;89;4561,45889;4561,41000;DOWN
2026-05-25 07:36:00;M1;5;34;4560,90919;4561,24000;UP
2026-05-25 07:47:00;M1;5;21;4562,99371;4563,65000;UP
2026-05-25 08:00:00;M1;5;21;4563,87392;4562,98000;DOWN
2026-05-25 08:01:00;M1;5;21;4564,42077;4564,89000;UP
2026-05-25 08:09:00;M1;5;21;4564,82116;4564,46000;DOWN
2026-05-25 08:12:00;M1;5;34;4563,79441;4563,37000;DOWN
2026-05-25 08:20:00;M1;5;55;4561,98064;4560,42000;DOWN
2026-05-25 08:21:00;M1;5;89;4560,34617;4558,79000;DOWN
2026-05-25 08:36:00;M1;5;21;4559,22572;4560,67000;UP
2026-05-25 08:41:00;M1;5;89;4559,63996;4557,25000;DOWN
2026-05-25 08:57:00;M1;5;21;4554,27985;4554,75000;UP
2026-05-25 09:04:00;M1;5;21;4553,14704;4553,09000;DOWN
2026-05-25 09:06:00;M1;5;21;4552,19881;4553,28000;UP
2026-05-25 09:18:00;M1;5;34;4553,71984;4554,70000;UP
2026-05-25 09:24:00;M1;5;55;4556,25178;4556,41000;UP
2026-05-25 09:21:00;M1;5;34;4553,14944;4552,92000;DOWN
2026-05-25 09:26:00;M1;5;34;4552,70388;4557,03000;UP
2026-05-25 09:27:00;M1;5;55;4555,72203;4555,49000;DOWN
2026-05-25 09:31:00;M1;5;55;4555,25080;4555,94000;UP
2026-05-25 09:31:00;M1;5;89;4556,09168;4555,94000;DOWN
2026-05-25 09:36:00;M1;5;89;4555,82002;4556,03000;UP
2026-05-25 10:13:00;M1;5;21;4561,71258;4561,49000;DOWN
2026-05-25 10:18:00;M1;5;89;4555,82684;4553,83000;DOWN
2026-05-25 10:26:00;M1;5;55;4555,87021;4556,85000;UP
2026-05-25 10:33:00;M1;5;21;4559,50717;4559,94000;UP
2026-05-25 10:31:00;M1;5;89;4555,93397;4555,78000;DOWN
2026-05-25 10:36:00;M1;5;55;4556,10879;4558,44000;UP
2026-05-25 10:36:00;M1;5;34;4558,80264;4558,44000;DOWN
2026-05-25 10:41:00;M1;5;21;4558,70375;4559,61000;UP
2026-05-25 11:05:00;M1;5;34;4561,45814;4560,28000;DOWN
2026-05-25 11:18:00;M1;5;55;4560,13167;4560,06000;DOWN
2026-05-25 11:22:00;M1;5;89;4557,58979;4557,23000;DOWN
2026-05-25 11:51:00;M1;5;21;4554,90107;4555,56000;UP
2026-05-25 12:02:00;M1;5;34;4556,90333;4557,59000;UP
2026-05-25 12:06:00;M1;5;89;4557,18449;4556,33000;DOWN
2026-05-25 12:11:00;M1;5;34;4555,86052;4556,67000;UP
2026-05-25 12:27:00;M1;5;55;4557,25598;4557,28000;UP
2026-05-25 13:06:00;M1;5;21;4569,89875;4569,39000;DOWN
2026-05-25 13:11:00;M1;5;21;4571,36142;4572,10000;UP
2026-05-25 13:16:00;M1;5;21;4572,68710;4572,44000;DOWN
2026-05-25 13:29:00;M1;5;34;4571,08168;4570,84000;DOWN
2026-05-25 13:33:00;M1;5;34;4572,27829;4572,78000;UP
2026-05-25 13:36:00;M1;5;34;4573,21885;4572,07000;DOWN
2026-05-25 13:42:00;M1;5;55;4568,97163;4568,55000;DOWN
2026-05-25 13:46:00;M1;5;55;4569,82420;4570,54000;UP
2026-05-25 13:51:00;M1;5;55;4570,57811;4569,66000;DOWN
2026-05-25 14:07:00;M1;5;89;4567,87936;4567,83000;DOWN
2026-05-25 14:13:00;M1;5;21;4569,89016;4570,82000;UP
2026-05-25 14:23:00;M1;5;55;4573,42637;4571,97000;DOWN
2026-05-25 14:29:00;M1;5;21;4571,05094;4571,66000;UP
2026-05-25 14:26:00;M1;5;89;4569,78764;4569,72000;DOWN
2026-05-25 14:31:00;M1;5;89;4570,27855;4572,41000;UP
2026-05-25 14:31:00;M1;5;34;4573,13448;4572,41000;DOWN
2026-05-25 14:36:00;M1;5;34;4573,28220;4573,72000;UP
2026-05-25 14:41:00;M1;5;55;4575,04353;4574,72000;DOWN
2026-05-25 14:46:00;M1;5;55;4575,30276;4575,47000;UP
2026-05-25 14:49:00;M1;5;89;4571,88534;4571,20000;DOWN
2026-05-25 14:51:00;M1;5;55;4575,42388;4571,93000;DOWN
2026-05-25 15:26:00;M1;5;21;4557,48732;4557,51000;UP
2026-05-25 15:31:00;M1;5;34;4562,28482;4562,89000;UP
2026-05-25 15:36:00;M1;5;55;4567,26483;4567,61000;UP
2026-05-25 15:44:00;M1;5;55;4566,53850;4566,47000;DOWN
2026-05-25 15:46:00;M1;5;55;4565,99704;4567,86000;UP
2026-05-25 16:00:00;M1;5;55;4565,35558;4564,62000;DOWN
2026-05-25 16:05:00;M1;5;55;4565,09371;4565,96000;UP
2026-05-25 16:01:00;M1;5;21;4564,70686;4563,26000;DOWN
2026-05-25 16:06:00;M1;5;21;4566,19478;4567,19000;UP
2026-05-25 16:11:00;M1;5;89;4569,42383;4565,75000;DOWN
2026-05-25 16:16:00;M1;5;34;4562,74659;4562,47000;DOWN
2026-05-25 16:21:00;M1;5;34;4562,92274;4563,73000;UP
2026-05-25 16:26:00;M1;5;34;4563,02976;4561,58000;DOWN
2026-05-25 16:35:00;M1;5;21;4564,94800;4565,45000;UP
2026-05-25 16:38:00;M1;5;34;4563,45839;4563,16000;DOWN
2026-05-25 16:41:00;M1;5;21;4564,14526;4564,18000;UP
2026-05-25 16:46:00;M1;5;55;4562,43359;4561,91000;DOWN
2026-05-25 16:52:00;M1;5;21;4563,26837;4563,40000;UP
2026-05-25 16:57:00;M1;5;34;4563,80983;4563,69000;DOWN
2026-05-25 17:01:00;M1;5;21;4563,09199;4564,16000;UP
2026-05-25 17:30:00;M1;5;34;4566,45726;4566,03000;DOWN
2026-05-25 17:34:00;M1;5;34;4566,98494;4567,84000;UP
2026-05-25 17:37:00;M1;5;34;4567,44149;4567,04000;DOWN
2026-05-25 17:41:00;M1;5;34;4567,78708;4568,15000;UP
2026-05-25 17:46:00;M1;5;34;4568,09027;4567,61000;DOWN
2026-05-25 17:54:00;M1;5;55;4566,28822;4565,84000;DOWN
2026-05-25 18:00:00;M1;5;34;4568,29555;4568,48000;UP
2026-05-25 17:57:00;M1;5;89;4565,60343;4565,33000;DOWN
2026-05-25 18:01:00;M1;5;21;4568,15181;4568,86000;UP
2026-05-25 18:02:00;M1;5;34;4568,36793;4568,14000;DOWN
2026-05-25 18:10:00;M1;5;34;4568,37487;4570,54000;UP
2026-05-25 18:07:00;M1;5;55;4566,86364;4566,45000;DOWN
2026-05-25 18:11:00;M1;5;21;4567,78388;4572,24000;UP
2026-05-25 18:16:00;M1;5;34;4568,78623;4568,29000;DOWN
2026-05-25 18:21:00;M1;5;34;4569,24961;4571,67000;UP
2026-05-25 18:32:00;M1;5;21;4570,91931;4570,91000;DOWN
2026-05-25 18:37:00;M1;5;55;4569,36926;4567,26000;DOWN
2026-05-25 18:47:00;M1;5;55;4570,10675;4570,40000;UP
2026-05-25 18:52:00;M1;5;21;4571,47770;4571,95000;UP
2026-05-25 19:00:00;M1;5;55;4570,74210;4569,81000;DOWN
2026-05-25 19:16:00;M1;5;21;4570,34581;4570,37000;UP
2026-05-25 19:19:00;M1;5;89;4569,08344;4568,80000;DOWN
2026-05-25 19:22:00;M1;5;89;4569,25943;4570,18000;UP
2026-05-25 19:21:00;M1;5;21;4570,03559;4568,96000;DOWN
2026-05-25 19:26:00;M1;5;21;4569,66498;4569,91000;UP
2026-05-25 19:28:00;M1;5;89;4569,39978;4568,86000;DOWN
2026-05-25 19:34:00;M1;5;89;4569,53413;4570,12000;UP
2026-05-25 19:31:00;M1;5;21;4569,45349;4569,39000;DOWN
2026-05-25 19:36:00;M1;5;21;4569,47073;4570,07000;UP
2026-05-25 19:42:00;M1;5;55;4571,27772;4570,44000;DOWN
2026-05-25 19:46:00;M1;5;34;4570,65186;4572,52000;UP
2026-05-25 19:53:00;M1;5;55;4571,47740;4571,30000;DOWN
2026-05-25 19:56:00;M1;5;55;4571,64727;4572,72000;UP
2026-05-25 20:14:00;M1;5;21;4574,31370;4574,09000;DOWN
2026-05-25 20:23:00;M1;5;89;4572,14556;4572,10000;DOWN
2026-05-25 21:02:00;M1;5;21;4565,34801;4565,89000;UP
2026-05-25 21:06:00;M1;5;55;4570,42378;4571,35000;UP
2026-05-25 21:11:00;M1;5;55;4570,09269;4569,28000;DOWN
2026-05-25 21:16:00;M1;5;55;4569,82683;4569,96000;UP
2026-05-25 21:22:00;M1;5;55;4569,58114;4569,54000;DOWN
2026-05-25 21:26:00;M1;5;55;4569,42976;4569,59000;UP
2026-05-26 01:01:00;M1;5;89;4571,08817;4571,33000;UP
2026-05-26 01:28:00;M1;5;21;4573,91764;4573,12000;DOWN
2026-05-26 01:33:00;M1;5;89;4571,50904;4571,37000;DOWN
2026-05-26 01:38:00;M1;5;34;4571,80610;4572,75000;UP
2026-05-26 01:47:00;M1;5;21;4574,65431;4575,17000;UP
2026-05-26 01:51:00;M1;5;21;4574,97635;4574,45000;DOWN
2026-05-26 01:56:00;M1;5;21;4575,22977;4576,21000;UP
2026-05-26 02:02:00;M1;5;34;4574,64192;4574,54000;DOWN
2026-05-26 02:08:00;M1;5;21;4575,50963;4575,80000;UP
2026-05-26 02:25:00;M1;5;89;4573,37107;4573,05000;DOWN
2026-05-26 02:54:00;M1;5;21;4561,46304;4562,80000;UP
2026-05-26 03:00:00;M1;5;21;4559,29567;4555,49000;DOWN
2026-05-26 03:12:00;M1;5;21;4551,23332;4551,98000;UP
2026-05-26 03:18:00;M1;5;21;4548,74753;4543,04000;DOWN
2026-05-26 03:21:00;M1;5;21;4546,50058;4546,88000;UP
2026-05-26 03:30:00;M1;5;34;4550,59111;4551,98000;UP
2026-05-26 03:40:00;M1;5;34;4546,84945;4545,00000;DOWN
2026-05-26 03:41:00;M1;5;34;4545,43793;4546,50000;UP
2026-05-26 03:50:00;M1;5;34;4544,17838;4543,82000;DOWN
2026-05-26 03:55:00;M1;5;34;4542,92394;4545,13000;UP
2026-05-26 03:51:00;M1;5;21;4543,07264;4542,27000;DOWN
2026-05-26 03:56:00;M1;5;21;4543,25101;4546,67000;UP
2026-05-26 04:01:00;M1;5;55;4547,21856;4546,03000;DOWN
2026-05-26 04:06:00;M1;5;21;4543,26635;4545,79000;UP
2026-05-26 04:21:00;M1;5;21;4544,40897;4543,46000;DOWN
2026-05-26 04:26:00;M1;5;21;4544,35503;4544,67000;UP
2026-05-26 04:30:00;M1;5;55;4541,51843;4540,75000;DOWN
2026-05-26 04:31:00;M1;5;34;4540,79094;4542,78000;UP
2026-05-26 04:31:00;M1;5;21;4543,60697;4542,78000;DOWN
2026-05-26 04:36:00;M1;5;55;4539,35939;4534,97000;DOWN
2026-05-26 04:53:00;M1;5;21;4534,34893;4535,20000;UP
2026-05-26 04:56:00;M1;5;34;4535,10705;4535,19000;UP
2026-05-26 05:14:00;M1;5;89;4538,38157;4538,47000;UP
2026-05-26 05:20:00;M1;5;89;4537,30157;4537,16000;DOWN
2026-05-26 05:21:00;M1;5;89;4536,32322;4537,39000;UP
2026-05-26 05:30:00;M1;5;89;4535,41531;4535,09000;DOWN
2026-05-26 05:35:00;M1;5;21;4536,08027;4536,66000;UP
2026-05-26 05:45:00;M1;5;89;4532,95799;4532,53000;DOWN
2026-05-26 05:47:00;M1;5;89;4532,18612;4533,37000;UP
2026-05-26 05:55:00;M1;5;34;4533,21373;4534,00000;UP
2026-05-26 05:51:00;M1;5;89;4531,42733;4531,22000;DOWN
2026-05-26 06:00:00;M1;5;21;4534,12561;4534,21000;UP
2026-05-26 05:58:00;M1;5;34;4532,95644;4532,90000;DOWN
2026-05-26 06:01:00;M1;5;34;4532,78943;4535,71000;UP
2026-05-26 06:41:00;M1;5;21;4542,30963;4542,27000;DOWN
2026-05-26 07:03:00;M1;5;34;4541,78215;4541,60000;DOWN
2026-05-26 07:11:00;M1;5;55;4538,24071;4537,91000;DOWN
2026-05-26 07:17:00;M1;5;55;4538,58788;4539,03000;UP
2026-05-26 07:21:00;M1;5;55;4538,76592;4537,84000;DOWN
2026-05-26 07:31:00;M1;5;89;4531,87586;4530,99000;DOWN
2026-05-26 07:51:00;M1;5;21;4526,83902;4527,92000;UP
2026-05-26 07:57:00;M1;5;21;4525,27188;4524,74000;DOWN
2026-05-26 08:01:00;M1;5;21;4524,39255;4524,58000;UP
2026-05-26 08:08:00;M1;5;34;4528,45342;4529,82000;UP
2026-05-26 08:14:00;M1;5;89;4529,77023;4529,35000;DOWN
2026-05-26 08:16:00;M1;5;89;4529,53970;4530,19000;UP
2026-05-26 08:21:00;M1;5;89;4529,35127;4529,33000;DOWN
2026-05-26 08:28:00;M1;5;55;4530,46373;4530,55000;UP
2026-05-26 08:41:00;M1;5;89;4529,07408;4528,94000;DOWN
2026-05-26 08:48:00;M1;5;55;4528,95320;4529,42000;UP
2026-05-26 08:47:00;M1;5;34;4527,13493;4527,11000;DOWN
2026-05-26 08:51:00;M1;5;89;4528,88412;4525,55000;DOWN
2026-05-26 08:58:00;M1;5;34;4527,24017;4528,59000;UP
2026-05-26 09:02:00;M1;5;21;4529,69699;4530,72000;UP
2026-05-26 09:28:00;M1;5;34;4529,92447;4529,52000;DOWN
2026-05-26 09:35:00;M1;5;21;4531,17012;4531,48000;UP
2026-05-26 09:38:00;M1;5;21;4531,46527;4531,21000;DOWN
2026-05-26 09:41:00;M1;5;21;4531,96023;4533,37000;UP
2026-05-26 09:46:00;M1;5;34;4531,21753;4531,15000;DOWN
2026-05-26 09:54:00;M1;5;34;4531,39613;4531,51000;UP
2026-05-26 09:56:00;M1;5;21;4532,03824;4533,05000;UP
2026-05-26 09:58:00;M1;5;34;4531,51680;4531,26000;DOWN
2026-05-26 10:01:00;M1;5;34;4531,61500;4531,62000;UP
2026-05-26 10:01:00;M1;5;21;4531,87106;4531,62000;DOWN
2026-05-26 10:06:00;M1;5;21;4531,34551;4532,60000;UP
2026-05-26 10:09:00;M1;5;89;4528,25360;4527,63000;DOWN
2026-05-26 10:11:00;M1;5;89;4528,16252;4529,16000;UP
2026-05-26 10:11:00;M1;5;21;4530,66133;4529,16000;DOWN
2026-05-26 10:16:00;M1;5;89;4528,03048;4524,86000;DOWN
2026-05-26 10:24:00;M1;5;21;4529,17364;4530,09000;UP
2026-05-26 10:27:00;M1;5;34;4530,24976;4531,09000;UP
2026-05-26 10:30:00;M1;5;89;4527,80415;4527,63000;DOWN
2026-05-26 10:31:00;M1;5;21;4528,22139;4528,56000;UP
2026-05-26 10:31:00;M1;5;34;4529,79386;4528,56000;DOWN
2026-05-26 10:36:00;M1;5;89;4527,47080;4524,74000;DOWN
2026-05-26 10:44:00;M1;5;21;4526,36688;4526,63000;UP
2026-05-26 10:46:00;M1;5;34;4528,08920;4529,84000;UP
2026-05-26 11:10:00;M1;5;21;4532,36421;4532,09000;DOWN
2026-05-26 11:14:00;M1;5;89;4527,98464;4527,52000;DOWN
2026-05-26 11:17:00;M1;5;89;4528,20043;4529,17000;UP
2026-05-26 11:24:00;M1;5;89;4528,36483;4527,14000;DOWN
2026-05-26 11:42:00;M1;5;21;4525,07367;4525,74000;UP
2026-05-26 11:49:00;M1;5;21;4523,43216;4522,24000;DOWN
2026-05-26 11:51:00;M1;5;21;4522,30823;4524,75000;UP
2026-05-26 12:06:00;M1;5;34;4523,97345;4524,25000;UP
2026-05-26 12:11:00;M1;5;34;4523,25214;4523,16000;DOWN
2026-05-26 12:17:00;M1;5;21;4521,35674;4523,46000;UP
2026-05-26 12:22:00;M1;5;55;4524,24900;4524,05000;DOWN
2026-05-26 12:26:00;M1;5;21;4521,90380;4524,68000;UP
2026-05-26 12:31:00;M1;5;89;4524,76319;4519,71000;DOWN
2026-05-26 12:49:00;M1;5;21;4518,25090;4518,95000;UP
2026-05-26 12:53:00;M1;5;34;4518,15448;4517,25000;DOWN
2026-05-26 12:56:00;M1;5;21;4517,44812;4519,15000;UP
2026-05-26 13:02:00;M1;5;89;4521,85149;4521,47000;DOWN
2026-05-26 13:07:00;M1;5;89;4521,49103;4523,47000;UP
2026-05-26 13:41:00;M1;5;21;4535,48444;4533,99000;DOWN
2026-05-26 13:49:00;M1;5;21;4537,20166;4537,38000;UP
2026-05-26 13:51:00;M1;5;21;4538,28494;4537,89000;DOWN
2026-05-26 14:01:00;M1;5;34;4535,18841;4533,64000;DOWN
2026-05-26 14:18:00;M1;5;55;4531,53483;4530,89000;DOWN
2026-05-26 14:22:00;M1;5;89;4527,41334;4526,57000;DOWN
2026-05-26 14:51:00;M1;5;21;4512,38339;4513,99000;UP
2026-05-26 14:58:00;M1;5;21;4509,11879;4505,01000;DOWN
2026-05-26 15:01:00;M1;5;21;4506,47427;4509,38000;UP
2026-05-26 15:15:00;M1;5;34;4511,64622;4514,50000;UP
2026-05-26 15:20:00;M1;5;34;4509,70444;4509,01000;DOWN
2026-05-26 15:21:00;M1;5;34;4508,05615;4512,29000;UP
2026-05-26 15:28:00;M1;5;34;4506,48600;4505,45000;DOWN
2026-05-26 15:31:00;M1;5;21;4505,22897;4505,72000;UP
2026-05-26 15:38:00;M1;5;34;4503,96950;4503,27000;DOWN
2026-05-26 15:41:00;M1;5;21;4505,50520;4505,71000;UP
2026-05-26 15:48:00;M1;5;89;4516,42110;4516,76000;UP
2026-05-26 16:11:00;M1;5;21;4521,05526;4518,55000;DOWN
2026-05-26 16:21:00;M1;5;21;4523,99249;4525,11000;UP
2026-05-26 16:28:00;M1;5;21;4525,10926;4523,34000;DOWN
2026-05-26 16:32:00;M1;5;21;4525,75476;4526,27000;UP
2026-05-26 16:36:00;M1;5;21;4526,10708;4524,51000;DOWN
2026-05-26 16:41:00;M1;5;21;4526,50145;4528,42000;UP
2026-05-26 16:50:00;M1;5;34;4524,24215;4519,91000;DOWN
2026-05-26 16:53:00;M1;5;89;4516,29214;4514,64000;DOWN
2026-05-26 16:56:00;M1;5;89;4516,30496;4516,36000;UP
2026-05-26 17:05:00;M1;5;55;4517,79423;4518,97000;UP
2026-05-26 17:01:00;M1;5;89;4516,25967;4515,18000;DOWN
2026-05-26 17:06:00;M1;5;89;4516,13945;4518,57000;UP
2026-05-26 17:08:00;M1;5;55;4518,19000;4517,37000;DOWN
2026-05-26 17:11:00;M1;5;89;4515,90677;4512,58000;DOWN
2026-05-26 17:22:00;M1;5;21;4514,47344;4515,95000;UP
2026-05-26 17:30:00;M1;5;55;4518,27631;4519,08000;UP
2026-05-26 17:31:00;M1;5;34;4518,44932;4519,25000;UP
2026-05-26 17:33:00;M1;5;55;4518,31466;4518,06000;DOWN
2026-05-26 17:36:00;M1;5;55;4518,49950;4520,96000;UP
2026-05-26 17:50:00;M1;5;55;4519,06870;4517,98000;DOWN
2026-05-26 17:55:00;M1;5;89;4515,03771;4513,69000;DOWN
2026-05-26 17:58:00;M1;5;89;4515,14199;4515,60000;UP
2026-05-26 18:01:00;M1;5;89;4515,19163;4512,45000;DOWN
2026-05-26 18:39:00;M1;5;21;4505,23874;4507,48000;UP
2026-05-26 18:43:00;M1;5;34;4507,84530;4508,03000;UP
2026-05-26 18:49:00;M1;5;34;4507,03045;4506,80000;DOWN
2026-05-26 18:51:00;M1;5;34;4506,45285;4509,02000;UP
2026-05-26 19:06:00;M1;5;34;4504,62895;4503,95000;DOWN
2026-05-26 19:19:00;M1;5;21;4503,78553;4505,05000;UP
2026-05-26 19:24:00;M1;5;55;4505,36746;4506,18000;UP
2026-05-26 19:21:00;M1;5;21;4503,71148;4503,32000;DOWN
2026-05-26 19:26:00;M1;5;21;4504,07427;4507,54000;UP
2026-05-26 19:31:00;M1;5;89;4508,08739;4508,73000;UP
2026-05-26 19:42:00;M1;5;89;4507,21569;4506,97000;DOWN
2026-05-26 19:46:00;M1;5;89;4506,77084;4506,82000;UP
2026-05-26 19:48:00;M1;5;55;4503,57626;4503,55000;DOWN
2026-05-26 19:51:00;M1;5;34;4504,40535;4505,56000;UP
2026-05-26 19:51:00;M1;5;89;4506,33881;4505,56000;DOWN
2026-05-26 20:02:00;M1;5;21;4505,90462;4506,83000;UP
2026-05-26 20:07:00;M1;5;89;4505,09755;4504,58000;DOWN
2026-05-26 20:15:00;M1;5;34;4504,35515;4504,40000;UP
2026-05-26 20:20:00;M1;5;21;4504,71357;4504,90000;UP
2026-05-26 20:16:00;M1;5;34;4504,29311;4503,63000;DOWN
2026-05-26 20:21:00;M1;5;34;4504,37014;4504,89000;UP
2026-05-26 20:29:00;M1;5;89;4503,58514;4501,44000;DOWN
2026-05-26 20:47:00;M1;5;21;4500,21972;4500,69000;UP
2026-05-26 20:51:00;M1;5;55;4500,79866;4500,88000;UP
2026-05-26 20:54:00;M1;5;21;4499,08632;4496,34000;DOWN
2026-05-26 20:56:00;M1;5;55;4500,13295;4493,81000;DOWN
2026-05-26 21:11:00;M1;5;21;4489,91235;4490,07000;UP
2026-05-26 21:16:00;M1;5;21;4488,18013;4487,42000;DOWN
2026-05-26 21:21:00;M1;5;21;4487,31136;4490,97000;UP
2026-05-26 21:26:00;M1;5;55;4493,79567;4494,88000;UP
2026-05-26 21:31:00;M1;5;89;4495,14332;4495,82000;UP
2026-05-26 22:06:00;M1;5;21;4499,47911;4499,03000;DOWN
2026-05-26 22:15:00;M1;5;21;4500,44937;4500,79000;UP
2026-05-26 22:26:00;M1;5;21;4502,96350;4502,54000;DOWN
2026-05-26 22:35:00;M1;5;21;4503,66466;4504,13000;UP
2026-05-26 22:36:00;M1;5;21;4504,22819;4503,99000;DOWN
2026-05-26 22:42:00;M1;5;21;4504,77264;4505,27000;UP
2026-05-26 22:46:00;M1;5;21;4505,53821;4505,29000;DOWN
2026-05-26 22:52:00;M1;5;21;4506,22914;4506,33000;UP
2026-05-26 23:04:00;M1;5;21;4507,90098;4507,51000;DOWN
2026-05-26 23:07:00;M1;5;21;4508,45049;4508,81000;UP
2026-05-26 23:09:00;M1;5;34;4507,43992;4507,14000;DOWN
2026-05-26 23:15:00;M1;5;34;4508,17016;4508,99000;UP
2026-05-26 23:11:00;M1;5;21;4508,88846;4507,51000;DOWN
2026-05-26 23:16:00;M1;5;21;4509,25094;4509,53000;UP
2026-05-26 23:19:00;M1;5;34;4508,81774;4508,47000;DOWN
2026-05-26 23:21:00;M1;5;21;4509,56039;4507,72000;DOWN
2026-05-26 23:37:00;M1;5;55;4507,32093;4507,07000;DOWN
2026-05-26 23:41:00;M1;5;21;4509,00247;4509,11000;UP
2026-05-26 23:48:00;M1;5;55;4508,51703;4506,59000;DOWN
2026-05-27 01:06:00;M1;5;21;4506,36257;4507,07000;UP
2026-05-27 01:13:00;M1;5;89;4503,83970;4503,81000;DOWN
2026-05-27 01:17:00;M1;5;21;4505,25344;4506,00000;UP
2026-05-27 01:23:00;M1;5;34;4507,15338;4506,25000;DOWN
2026-05-27 01:27:00;M1;5;89;4504,98776;4504,21000;DOWN
2026-05-27 01:31:00;M1;5;21;4503,97229;4504,50000;UP
2026-05-27 01:36:00;M1;5;21;4503,13160;4499,51000;DOWN
2026-05-27 01:41:00;M1;5;21;4502,22937;4502,33000;UP
2026-05-27 01:46:00;M1;5;21;4501,56956;4500,09000;DOWN
2026-05-27 01:51:00;M1;5;21;4501,70815;4503,82000;UP
2026-05-27 02:20:00;M1;5;89;4507,37300;4506,27000;DOWN
2026-05-27 02:21:00;M1;5;34;4506,48577;4505,79000;DOWN
2026-05-27 02:28:00;M1;5;21;4510,07646;4511,05000;UP
2026-05-27 02:55:00;M1;5;21;4519,99727;4519,84000;DOWN
2026-05-27 03:00:00;M1;5;21;4521,65777;4522,28000;UP
2026-05-27 03:03:00;M1;5;21;4522,83164;4520,45000;DOWN
2026-05-27 03:07:00;M1;5;34;4520,22431;4520,22000;DOWN
2026-05-27 03:13:00;M1;5;34;4521,50953;4521,58000;UP
2026-05-27 03:16:00;M1;5;34;4522,56032;4520,95000;DOWN
2026-05-27 03:25:00;M1;5;89;4515,50231;4515,44000;DOWN
2026-05-27 03:30:00;M1;5;55;4519,08687;4519,57000;UP
2026-05-27 03:31:00;M1;5;55;4519,81835;4518,83000;DOWN
2026-05-27 03:36:00;M1;5;55;4520,42856;4520,51000;UP
2026-05-27 03:45:00;M1;5;21;4520,20231;4521,04000;UP
2026-05-27 03:41:00;M1;5;55;4520,95757;4518,24000;DOWN
2026-05-27 03:47:00;M1;5;55;4521,42801;4521,53000;UP
2026-05-27 03:50:00;M1;5;89;4518,16369;4516,86000;DOWN
2026-05-27 03:51:00;M1;5;55;4521,78834;4517,18000;DOWN
2026-05-27 03:57:00;M1;5;21;4517,91582;4517,99000;UP
2026-05-27 04:01:00;M1;5;21;4516,99044;4515,74000;DOWN
2026-05-27 04:07:00;M1;5;21;4516,28466;4517,20000;UP
2026-05-27 04:13:00;M1;5;34;4519,68821;4520,65000;UP
2026-05-27 04:16:00;M1;5;89;4519,93425;4518,72000;DOWN
2026-05-27 04:21:00;M1;5;21;4516,33057;4517,55000;UP
2026-05-27 04:26:00;M1;5;89;4520,37339;4517,64000;DOWN
2026-05-27 05:21:00;M1;5;21;4501,53524;4501,77000;UP
2026-05-27 05:26:00;M1;5;34;4504,05285;4504,18000;UP
2026-05-27 05:37:00;M1;5;34;4502,25574;4501,24000;DOWN
2026-05-27 05:41:00;M1;5;21;4500,19714;4500,66000;UP
2026-05-27 05:47:00;M1;5;34;4500,46641;4500,60000;UP
2026-05-27 05:53:00;M1;5;55;4504,09967;4504,88000;UP
2026-05-27 06:13:00;M1;5;89;4509,30855;4509,86000;UP
2026-05-27 06:25:00;M1;5;89;4508,43264;4507,58000;DOWN
2026-05-27 06:35:00;M1;5;34;4505,05106;4503,84000;DOWN
2026-05-27 06:37:00;M1;5;55;4502,34672;4502,19000;DOWN
2026-05-27 06:41:00;M1;5;55;4502,31274;4504,62000;UP
2026-05-27 06:55:00;M1;5;55;4502,17650;4500,05000;DOWN
2026-05-27 07:06:00;M1;5;21;4500,98390;4501,51000;UP
2026-05-27 07:18:00;M1;5;55;4501,08975;4500,97000;DOWN
2026-05-27 07:21:00;M1;5;34;4502,39321;4503,25000;UP
2026-05-27 07:26:00;M1;5;89;4502,03906;4501,57000;DOWN
2026-05-27 07:32:00;M1;5;21;4499,56137;4499,81000;UP
2026-05-27 07:39:00;M1;5;89;4501,21214;4502,92000;UP
2026-05-27 07:38:00;M1;5;55;4500,78882;4500,58000;DOWN
2026-05-27 07:41:00;M1;5;34;4501,04470;4505,10000;UP
2026-05-27 08:01:00;M1;5;21;4510,81370;4509,70000;DOWN
2026-05-27 08:15:00;M1;5;34;4508,34861;4506,36000;DOWN
2026-05-27 08:19:00;M1;5;55;4505,95430;4505,47000;DOWN
2026-05-27 08:26:00;M1;5;55;4506,64707;4506,98000;UP
2026-05-27 08:32:00;M1;5;89;4503,24468;4498,82000;DOWN
2026-05-27 08:51:00;M1;5;21;4498,02118;4501,20000;UP
2026-05-27 09:00:00;M1;5;21;4496,33810;4495,05000;DOWN
2026-05-27 09:01:00;M1;5;21;4494,95750;4496,75000;UP
2026-05-27 09:18:00;M1;5;21;4492,13479;4488,01000;DOWN
2026-05-27 09:41:00;M1;5;21;4483,80756;4484,56000;UP
2026-05-27 10:05:00;M1;5;55;4488,21414;4488,25000;UP
2026-05-27 10:08:00;M1;5;55;4487,01622;4483,56000;DOWN
2026-05-27 10:11:00;M1;5;21;4482,89730;4483,72000;UP
2026-05-27 10:20:00;M1;5;55;4484,59944;4484,67000;UP
2026-05-27 10:21:00;M1;5;55;4483,59135;4483,09000;DOWN
2026-05-27 10:26:00;M1;5;55;4482,74666;4486,77000;UP
2026-05-27 10:31:00;M1;5;89;4488,08303;4488,39000;UP
2026-05-27 10:35:00;M1;5;21;4483,71015;4483,39000;DOWN
2026-05-27 10:36:00;M1;5;89;4487,36089;4481,39000;DOWN
2026-05-27 10:42:00;M1;5;21;4483,63924;4483,99000;UP
2026-05-27 10:49:00;M1;5;55;4480,30074;4479,68000;DOWN
2026-05-27 10:53:00;M1;5;55;4479,70924;4480,15000;UP
2026-05-27 10:57:00;M1;5;21;4481,47593;4482,02000;UP
2026-05-27 11:01:00;M1;5;89;4483,61398;4487,04000;UP
2026-05-27 11:31:00;M1;5;21;4488,24479;4487,52000;DOWN
2026-05-27 11:36:00;M1;5;21;4489,70984;4490,53000;UP
2026-05-27 11:56:00;M1;5;21;4497,07579;4495,85000;DOWN
2026-05-27 12:02:00;M1;5;34;4493,67368;4491,33000;DOWN
2026-05-27 12:25:00;M1;5;55;4490,42572;4490,22000;DOWN
2026-05-27 12:28:00;M1;5;55;4491,01022;4491,18000;UP
2026-05-27 12:31:00;M1;5;55;4491,49783;4487,27000;DOWN
2026-05-27 12:50:00;M1;5;21;4490,06406;4490,88000;UP
2026-05-27 12:55:00;M1;5;55;4492,71617;4492,84000;UP
2026-05-27 12:56:00;M1;5;55;4492,90018;4492,81000;DOWN
2026-05-27 13:03:00;M1;5;89;4486,65180;4485,25000;DOWN
2026-05-27 13:06:00;M1;5;21;4488,49985;4488,78000;UP
2026-05-27 13:11:00;M1;5;89;4487,05474;4486,10000;DOWN
2026-05-27 14:03:00;M1;5;21;4448,47909;4451,90000;UP
2026-05-27 14:17:00;M1;5;34;4449,30753;4449,75000;UP
2026-05-27 14:21:00;M1;5;34;4446,48495;4443,52000;DOWN
2026-05-27 14:30:00;M1;5;21;4438,95419;4434,40000;DOWN
2026-05-27 14:33:00;M1;5;21;4437,54132;4437,83000;UP
2026-05-27 14:36:00;M1;5;34;4438,15041;4440,97000;UP
2026-05-27 14:55:00;M1;5;34;4432,73435;4432,64000;DOWN
2026-05-27 14:56:00;M1;5;34;4430,99319;4432,53000;UP
2026-05-27 15:01:00;M1;5;21;4432,16495;4434,31000;UP
2026-05-27 15:08:00;M1;5;55;4433,52296;4432,79000;DOWN
2026-05-27 15:11:00;M1;5;55;4431,13611;4432,82000;UP
2026-05-27 15:15:00;M1;5;21;4429,79496;4429,52000;DOWN
2026-05-27 15:18:00;M1;5;21;4430,82692;4443,89000;UP
2026-05-27 15:16:00;M1;5;55;4429,36349;4428,37000;DOWN
2026-05-27 15:21:00;M1;5;55;4428,36824;4456,67000;UP
2026-05-27 15:42:00;M1;5;21;4448,35325;4446,56000;DOWN
2026-05-27 16:00:00;M1;5;89;4436,18249;4430,47000;DOWN
2026-05-27 16:01:00;M1;5;55;4431,85996;4433,33000;UP
2026-05-27 16:06:00;M1;5;89;4433,93859;4421,70000;DOWN
2026-05-27 16:31:00;M1;5;21;4411,25902;4415,42000;UP
2026-05-27 16:36:00;M1;5;89;4422,67299;4415,89000;DOWN
2026-05-27 16:41:00;M1;5;34;4419,40275;4420,07000;UP
2026-05-27 17:25:00;M1;5;21;4443,17581;4442,03000;DOWN
2026-05-27 17:49:00;M1;5;34;4442,08050;4438,30000;DOWN
2026-05-27 18:00:00;M1;5;55;4433,10170;4431,34000;DOWN
2026-05-27 18:01:00;M1;5;55;4433,93941;4435,40000;UP
2026-05-27 18:08:00;M1;5;55;4434,53968;4431,65000;DOWN
2026-05-27 18:24:00;M1;5;21;4432,28214;4433,50000;UP
2026-05-27 18:30:00;M1;5;55;4436,18519;4438,65000;UP
2026-05-27 18:31:00;M1;5;34;4439,08567;4439,36000;UP
2026-05-27 18:43:00;M1;5;55;4437,85653;4436,60000;DOWN
2026-05-27 18:48:00;M1;5;21;4433,46604;4432,57000;DOWN
2026-05-27 18:53:00;M1;5;21;4433,78696;4434,45000;UP
2026-05-27 18:56:00;M1;5;34;4435,36825;4435,87000;UP
2026-05-27 19:01:00;M1;5;55;4438,51025;4439,74000;UP
2026-05-27 19:06:00;M1;5;55;4438,44912;4437,02000;DOWN
2026-05-27 19:11:00;M1;5;55;4438,40798;4439,91000;UP
2026-05-27 19:46:00;M1;5;21;4450,24556;4449,96000;DOWN
2026-05-27 19:51:00;M1;5;21;4451,96780;4452,42000;UP
2026-05-27 19:56:00;M1;5;21;4453,21015;4449,55000;DOWN
2026-05-27 20:01:00;M1;5;34;4449,54556;4447,92000;DOWN
2026-05-27 20:06:00;M1;5;34;4450,34000;4450,45000;UP
2026-05-27 20:08:00;M1;5;55;4446,29653;4444,91000;DOWN
2026-05-27 20:11:00;M1;5;89;4442,14265;4441,85000;DOWN
2026-05-27 20:16:00;M1;5;89;4442,99479;4446,26000;UP
2026-05-27 20:29:00;M1;5;21;4448,64170;4449,80000;UP
2026-05-27 20:31:00;M1;5;34;4451,38456;4452,27000;UP
2026-05-27 20:39:00;M1;5;34;4451,70525;4451,00000;DOWN
2026-05-27 20:47:00;M1;5;55;4450,89125;4450,43000;DOWN
2026-05-27 20:52:00;M1;5;34;4452,29474;4453,55000;UP
2026-05-27 20:59:00;M1;5;55;4451,99340;4450,33000;DOWN
2026-05-27 21:01:00;M1;5;21;4451,44229;4451,68000;UP
2026-05-27 21:06:00;M1;5;89;4449,22392;4448,93000;DOWN
2026-05-27 21:14:00;M1;5;89;4449,68168;4450,08000;UP
2026-05-27 21:16:00;M1;5;21;4451,16970;4451,55000;UP
2026-05-27 21:32:00;M1;5;55;4454,05761;4453,63000;DOWN
2026-05-27 21:40:00;M1;5;21;4453,56382;4453,59000;UP
2026-05-27 21:36:00;M1;5;89;4452,29126;4452,29000;DOWN
2026-05-27 21:41:00;M1;5;89;4452,82700;4453,91000;UP
2026-05-27 21:42:00;M1;5;34;4453,53257;4453,43000;DOWN
2026-05-27 21:46:00;M1;5;89;4453,35077;4453,15000;DOWN
2026-05-27 21:59:00;M1;5;21;4454,31046;4454,33000;UP
2026-05-27 22:01:00;M1;5;89;4454,72485;4453,38000;DOWN
2026-05-27 22:23:00;M1;5;21;4452,49548;4453,41000;UP
2026-05-27 22:26:00;M1;5;21;4452,07890;4451,41000;DOWN
2026-05-27 22:33:00;M1;5;21;4451,86378;4452,00000;UP
2026-05-27 22:37:00;M1;5;34;4453,22758;4452,55000;DOWN
2026-05-27 22:42:00;M1;5;34;4453,24217;4454,01000;UP
2026-05-27 22:46:00;M1;5;34;4453,16720;4452,51000;DOWN
2026-05-27 23:01:00;M1;5;21;4452,02101;4453,14000;UP
2026-05-27 23:06:00;M1;5;34;4452,36636;4452,12000;DOWN
2026-05-27 23:11:00;M1;5;34;4452,43613;4452,60000;UP
2026-05-27 23:22:00;M1;5;89;4456,50229;4455,84000;DOWN
2026-05-27 23:28:00;M1;5;21;4455,12195;4454,67000;DOWN
2026-05-27 23:34:00;M1;5;55;4454,47380;4454,42000;DOWN
2026-05-27 23:55:00;M1;5;21;4455,11433;4455,92000;UP
2026-05-28 01:01:00;M1;5;89;4456,68207;4463,25000;UP
2026-05-28 01:21:00;M1;5;21;4458,22816;4457,88000;DOWN
2026-05-28 01:26:00;M1;5;21;4459,19463;4460,59000;UP
2026-05-28 01:30:00;M1;5;89;4457,45014;4456,99000;DOWN
2026-05-28 01:35:00;M1;5;34;4458,48830;4460,85000;UP
2026-05-28 01:31:00;M1;5;55;4457,13888;4457,13000;DOWN
2026-05-28 01:36:00;M1;5;21;4460,30472;4460,65000;UP
2026-05-28 01:41:00;M1;5;34;4459,35706;4458,38000;DOWN
2026-05-28 01:46:00;M1;5;89;4458,37463;4457,13000;DOWN
2026-05-28 02:36:00;M1;5;21;4450,68965;4451,39000;UP
2026-05-28 02:45:00;M1;5;21;4450,09927;4448,22000;DOWN
2026-05-28 02:56:00;M1;5;21;4447,54200;4449,27000;UP
2026-05-28 03:01:00;M1;5;34;4449,01822;4449,48000;UP
2026-05-28 03:07:00;M1;5;34;4448,27008;4448,03000;DOWN
2026-05-28 03:11:00;M1;5;21;4446,33957;4446,90000;UP
2026-05-28 03:18:00;M1;5;55;4450,84313;4453,03000;UP
2026-05-28 03:16:00;M1;5;34;4447,07635;4446,37000;DOWN
2026-05-28 03:21:00;M1;5;21;4446,51778;4453,32000;UP
2026-05-28 03:22:00;M1;5;55;4450,14009;4449,15000;DOWN
2026-05-28 03:30:00;M1;5;34;4446,18900;4444,20000;DOWN
2026-05-28 03:32:00;M1;5;21;4446,48859;4449,53000;UP
2026-05-28 03:37:00;M1;5;89;4452,38916;4452,48000;UP
2026-05-28 03:41:00;M1;5;89;4452,04420;4450,37000;DOWN
2026-05-28 03:46:00;M1;5;89;4451,77336;4454,63000;UP
2026-05-28 03:55:00;M1;5;89;4451,54050;4451,41000;DOWN
2026-05-28 03:57:00;M1;5;89;4451,41388;4454,81000;UP
2026-05-28 03:56:00;M1;5;21;4451,78927;4451,04000;DOWN
2026-05-28 04:01:00;M1;5;89;4451,22532;4451,10000;DOWN
2026-05-28 04:46:00;M1;5;21;4418,29721;4418,82000;UP
2026-05-28 04:53:00;M1;5;21;4414,02964;4408,26000;DOWN
2026-05-28 04:58:00;M1;5;21;4410,18832;4410,89000;UP
2026-05-28 05:02:00;M1;5;21;4406,47147;4404,53000;DOWN
2026-05-28 05:06:00;M1;5;21;4403,60638;4406,33000;UP
2026-05-28 05:12:00;M1;5;21;4401,13782;4400,95000;DOWN
2026-05-28 05:16:00;M1;5;21;4399,35798;4405,12000;UP
2026-05-28 05:21:00;M1;5;34;4402,82555;4404,96000;UP
2026-05-28 05:40:00;M1;5;55;4407,01472;4407,41000;UP
2026-05-28 05:42:00;M1;5;55;4404,85622;4403,27000;DOWN
2026-05-28 05:46:00;M1;5;34;4395,97684;4396,11000;UP
2026-05-28 05:55:00;M1;5;34;4394,84182;4393,00000;DOWN
2026-05-28 05:56:00;M1;5;21;4397,53516;4398,46000;UP
2026-05-28 06:01:00;M1;5;55;4395,92929;4391,65000;DOWN
2026-05-28 06:06:00;M1;5;21;4395,02551;4396,25000;UP
2026-05-28 06:15:00;M1;5;55;4391,98815;4388,79000;DOWN
2026-05-28 06:16:00;M1;5;34;4389,94458;4390,08000;UP
2026-05-28 06:21:00;M1;5;55;4388,15655;4385,67000;DOWN
2026-05-28 06:29:00;M1;5;21;4387,41367;4387,65000;UP
2026-05-28 06:31:00;M1;5;55;4384,63228;4383,25000;DOWN
2026-05-28 06:51:00;M1;5;21;4373,75051;4374,46000;UP
2026-05-28 06:58:00;M1;5;34;4375,42934;4375,58000;UP
2026-05-28 06:56:00;M1;5;21;4371,96201;4369,57000;DOWN
2026-05-28 07:01:00;M1;5;21;4370,74939;4371,83000;UP
2026-05-28 07:01:00;M1;5;55;4373,48688;4371,83000;DOWN
2026-05-28 07:06:00;M1;5;34;4372,62274;4378,11000;UP
2026-05-28 07:14:00;M1;5;89;4377,60416;4376,38000;DOWN
2026-05-28 07:19:00;M1;5;55;4369,90442;4369,19000;DOWN
2026-05-28 07:21:00;M1;5;21;4370,62394;4370,72000;UP
2026-05-28 07:27:00;M1;5;34;4368,64084;4367,93000;DOWN
2026-05-28 07:31:00;M1;5;21;4369,42572;4370,03000;UP
2026-05-28 07:49:00;M1;5;21;4369,50796;4369,42000;DOWN
2026-05-28 07:51:00;M1;5;21;4369,47497;4371,26000;UP
2026-05-28 08:02:00;M1;5;21;4369,66886;4368,25000;DOWN
2026-05-28 08:06:00;M1;5;21;4369,97346;4373,73000;UP
2026-05-28 08:56:00;M1;5;21;4392,43306;4390,31000;DOWN
2026-05-28 09:05:00;M1;5;34;4386,68374;4385,47000;DOWN
2026-05-28 09:11:00;M1;5;55;4378,28194;4376,06000;DOWN
2026-05-28 09:18:00;M1;5;55;4379,20577;4379,86000;UP
2026-05-28 09:29:00;M1;5;55;4380,59881;4380,34000;DOWN
2026-05-28 09:32:00;M1;5;21;4382,60295;4382,87000;UP
2026-05-28 09:42:00;M1;5;55;4382,32768;4382,03000;DOWN
2026-05-28 09:46:00;M1;5;21;4379,99740;4381,09000;UP
2026-05-28 09:51:00;M1;5;55;4383,35746;4381,54000;DOWN
2026-05-28 10:00:00;M1;5;34;4384,57555;4388,71000;UP
2026-05-28 10:31:00;M1;5;21;4393,29182;4391,51000;DOWN
2026-05-28 10:36:00;M1;5;55;4389,88020;4389,51000;DOWN
2026-05-28 11:00:00;M1;5;21;4390,85515;4390,95000;UP
2026-05-28 11:02:00;M1;5;55;4390,67873;4389,54000;DOWN
2026-05-28 11:06:00;M1;5;21;4389,22730;4390,27000;UP
2026-05-28 11:18:00;M1;5;34;4391,63671;4391,60000;DOWN
2026-05-28 11:21:00;M1;5;34;4392,02189;4392,55000;UP
2026-05-28 11:25:00;M1;5;55;4391,64859;4390,63000;DOWN
2026-05-28 11:26:00;M1;5;34;4392,19634;4391,29000;DOWN
2026-05-28 11:34:00;M1;5;21;4391,33809;4391,98000;UP
2026-05-28 11:32:00;M1;5;89;4388,52584;4387,59000;DOWN
2026-05-28 11:36:00;M1;5;34;4392,30615;4393,71000;UP
2026-05-28 11:45:00;M1;5;89;4389,77423;4388,23000;DOWN
2026-05-28 11:49:00;M1;5;89;4390,30281;4390,82000;UP
2026-05-28 11:53:00;M1;5;89;4390,73738;4389,27000;DOWN
2026-05-28 12:01:00;M1;5;21;4390,07747;4390,47000;UP
2026-05-28 12:08:00;M1;5;21;4389,51302;4389,01000;DOWN
2026-05-28 12:14:00;M1;5;21;4389,13018;4389,32000;UP
2026-05-28 12:20:00;M1;5;34;4390,31006;4391,60000;UP
2026-05-28 12:16:00;M1;5;21;4388,98220;4388,91000;DOWN
2026-05-28 12:21:00;M1;5;21;4389,52497;4398,58000;UP
2026-05-28 12:35:00;M1;5;89;4392,59013;4392,34000;DOWN
2026-05-28 12:36:00;M1;5;89;4392,86601;4393,54000;UP
2026-05-28 12:39:00;M1;5;55;4392,41402;4392,40000;DOWN
2026-05-28 12:41:00;M1;5;55;4392,51378;4392,63000;UP
2026-05-28 12:41:00;M1;5;89;4393,12618;4392,63000;DOWN
2026-05-28 12:50:00;M1;5;21;4393,23323;4395,02000;UP
2026-05-28 12:46:00;M1;5;55;4392,63346;4390,50000;DOWN
2026-05-28 12:51:00;M1;5;55;4392,81290;4393,68000;UP
2026-05-28 12:52:00;M1;5;89;4393,67631;4392,97000;DOWN
2026-05-28 12:56:00;M1;5;21;4394,09992;4394,88000;UP
2026-05-28 13:01:00;M1;5;89;4394,21163;4392,02000;DOWN
2026-05-28 13:07:00;M1;5;21;4395,36718;4395,81000;UP
2026-05-28 13:20:00;M1;5;21;4397,62651;4396,46000;DOWN
2026-05-28 13:21:00;M1;5;89;4395,71226;4395,19000;DOWN
2026-05-28 13:28:00;M1;5;21;4399,16824;4401,07000;UP
2026-05-28 13:33:00;M1;5;21;4399,82557;4399,52000;DOWN
2026-05-28 13:40:00;M1;5;89;4396,91799;4396,43000;DOWN
2026-05-28 14:04:00;M1;5;21;4386,94829;4388,52000;UP
2026-05-28 14:16:00;M1;5;34;4388,97012;4389,84000;UP
2026-05-28 14:23:00;M1;5;34;4388,15441;4387,05000;DOWN
2026-05-28 14:34:00;M1;5;34;4386,37064;4386,59000;UP
2026-05-28 14:31:00;M1;5;21;4383,66159;4383,58000;DOWN
2026-05-28 14:36:00;M1;5;21;4384,36825;4386,48000;UP
2026-05-28 14:41:00;M1;5;55;4389,29588;4388,25000;DOWN
2026-05-28 14:47:00;M1;5;34;4384,39545;4384,30000;DOWN
2026-05-28 14:55:00;M1;5;34;4383,76853;4384,45000;UP
2026-05-28 14:56:00;M1;5;21;4384,95284;4386,03000;UP
2026-05-28 15:01:00;M1;5;89;4390,79024;4390,89000;UP
2026-05-28 15:10:00;M1;5;89;4390,48271;4388,77000;DOWN
2026-05-28 15:12:00;M1;5;89;4390,26153;4392,07000;UP
2026-05-28 15:17:00;M1;5;89;4390,05649;4389,90000;DOWN
2026-05-28 15:30:00;M1;5;21;4388,21198;4392,88000;UP
2026-05-28 16:11:00;M1;5;21;4429,11018;4425,95000;DOWN
2026-05-28 16:31:00;M1;5;34;4430,11528;4424,92000;DOWN
2026-05-28 16:51:00;M1;5;21;4430,99100;4432,22000;UP
2026-05-28 16:56:00;M1;5;21;4430,26787;4427,42000;DOWN
2026-05-28 17:01:00;M1;5;55;4429,26008;4426,65000;DOWN
2026-05-28 17:07:00;M1;5;21;4429,96128;4430,49000;UP
2026-05-28 17:11:00;M1;5;34;4439,50305;4435,15000;DOWN
2026-05-28 17:16:00;M1;5;34;4442,60416;4459,41000;UP
2026-05-28 17:34:00;M1;5;21;4460,03059;4456,50000;DOWN
2026-05-28 17:40:00;M1;5;21;4463,82348;4465,70000;UP
2026-05-28 17:41:00;M1;5;21;4467,55004;4465,73000;DOWN
2026-05-28 17:46:00;M1;5;21;4470,86505;4472,16000;UP
2026-05-28 17:51:00;M1;5;21;4473,78583;4470,07000;DOWN
2026-05-28 17:57:00;M1;5;55;4464,70443;4462,73000;DOWN
2026-05-28 18:01:00;M1;5;34;4471,93557;4474,84000;UP
2026-05-28 18:06:00;M1;5;21;4477,92497;4478,92000;UP
2026-05-28 18:08:00;M1;5;34;4474,75831;4474,23000;DOWN
2026-05-28 18:12:00;M1;5;55;4472,65293;4472,00000;DOWN
2026-05-28 18:25:00;M1;5;55;4476,98358;4477,30000;UP
2026-05-28 18:26:00;M1;5;21;4479,14494;4479,34000;UP
2026-05-28 18:28:00;M1;5;55;4479,00026;4478,10000;DOWN
2026-05-28 18:35:00;M1;5;55;4481,01540;4483,16000;UP
2026-05-28 18:31:00;M1;5;21;4479,91163;4479,54000;DOWN
2026-05-28 18:36:00;M1;5;21;4480,56099;4484,18000;UP
2026-05-28 18:37:00;M1;5;55;4482,92150;4480,64000;DOWN
2026-05-28 18:41:00;M1;5;34;4484,85456;4477,82000;DOWN
2026-05-28 18:47:00;M1;5;21;4481,51739;4482,21000;UP
2026-05-28 18:51:00;M1;5;21;4481,86587;4481,10000;DOWN
2026-05-28 18:56:00;M1;5;89;4480,79752;4480,77000;DOWN
2026-05-28 19:05:00;M1;5;21;4482,93656;4485,75000;UP
2026-05-28 19:06:00;M1;5;89;4484,97541;4481,93000;DOWN
2026-05-28 19:11:00;M1;5;21;4483,79067;4484,90000;UP
2026-05-28 19:16:00;M1;5;34;4487,87034;4490,56000;UP
2026-05-28 19:36:00;M1;5;55;4499,23889;4497,80000;DOWN
2026-05-28 19:41:00;M1;5;21;4502,13318;4503,85000;UP
2026-05-28 19:53:00;M1;5;21;4507,39312;4507,08000;DOWN
2026-05-28 19:59:00;M1;5;21;4510,01319;4510,96000;UP
2026-05-28 20:05:00;M1;5;89;4507,46181;4506,80000;DOWN
2026-05-28 20:09:00;M1;5;34;4509,48145;4509,89000;UP
2026-05-28 20:11:00;M1;5;89;4511,30583;4507,93000;DOWN
2026-05-28 20:45:00;M1;5;21;4506,89854;4508,00000;UP
2026-05-28 21:02:00;M1;5;34;4511,60244;4514,90000;UP
2026-05-28 21:08:00;M1;5;34;4511,61664;4511,11000;DOWN
2026-05-28 21:16:00;M1;5;21;4509,79828;4512,09000;UP
2026-05-28 21:21:00;M1;5;34;4511,06348;4509,34000;DOWN
2026-05-28 21:53:00;M1;5;21;4502,52018;4503,02000;UP
2026-05-28 21:59:00;M1;5;21;4501,28078;4500,89000;DOWN
2026-05-28 22:01:00;M1;5;21;4500,39691;4502,18000;UP
2026-05-28 22:09:00;M1;5;21;4499,54035;4498,96000;DOWN
2026-05-28 22:11:00;M1;5;21;4498,80902;4501,11000;UP
2026-05-28 22:17:00;M1;5;34;4501,29274;4501,53000;UP
2026-05-28 22:29:00;M1;5;34;4500,03506;4499,74000;DOWN
2026-05-28 22:31:00;M1;5;34;4499,58117;4501,35000;UP
2026-05-28 22:44:00;M1;5;21;4499,44569;4499,23000;DOWN
2026-05-28 22:46:00;M1;5;21;4499,37760;4499,48000;UP
2026-05-28 22:51:00;M1;5;34;4498,37572;4497,71000;DOWN
2026-05-28 22:57:00;M1;5;21;4498,94078;4499,49000;UP
2026-05-28 23:01:00;M1;5;34;4497,75535;4496,84000;DOWN
2026-05-28 23:11:00;M1;5;21;4497,01871;4497,72000;UP
2026-05-28 23:17:00;M1;5;55;4498,49834;4499,97000;UP
2026-05-28 23:22:00;M1;5;55;4497,87094;4497,58000;DOWN
2026-05-28 23:27:00;M1;5;55;4497,37260;4497,55000;UP
2026-05-28 23:39:00;M1;5;55;4496,71257;4496,39000;DOWN
2026-05-28 23:42:00;M1;5;55;4496,40740;4496,48000;UP
2026-05-28 23:46:00;M1;5;55;4496,12703;4495,58000;DOWN
2026-05-28 23:55:00;M1;5;34;4496,17953;4496,22000;UP
2026-05-28 23:56:00;M1;5;34;4495,97513;4495,79000;DOWN
2026-05-29 01:01:00;M1;5;21;4496,29622;4498,03000;UP
2026-05-29 01:08:00;M1;5;55;4495,19773;4493,94000;DOWN
2026-05-29 01:16:00;M1;5;21;4494,75232;4494,79000;UP
2026-05-29 01:21:00;M1;5;55;4494,38781;4494,05000;DOWN
2026-05-29 01:27:00;M1;5;21;4493,92676;4495,26000;UP
2026-05-29 01:34:00;M1;5;34;4494,30400;4493,98000;DOWN
2026-05-29 01:37:00;M1;5;34;4494,10389;4494,32000;UP
2026-05-29 01:51:00;M1;5;55;4493,32668;4493,09000;DOWN
2026-05-29 01:57:00;M1;5;55;4493,14017;4493,42000;UP
2026-05-29 02:01:00;M1;5;21;4493,49225;4493,59000;UP
2026-05-29 02:06:00;M1;5;89;4494,82817;4494,62000;DOWN
2026-05-29 02:11:00;M1;5;89;4494,46391;4494,50000;UP
2026-05-29 02:25:00;M1;5;89;4493,88063;4493,88000;DOWN
2026-05-29 02:27:00;M1;5;55;4492,85120;4492,72000;DOWN
2026-05-29 02:32:00;M1;5;34;4493,53852;4493,92000;UP
2026-05-29 02:38:00;M1;5;21;4493,77321;4493,78000;UP
2026-05-29 02:36:00;M1;5;89;4493,10286;4492,88000;DOWN
2026-05-29 02:41:00;M1;5;21;4493,16917;4490,81000;DOWN
2026-05-29 02:51:00;M1;5;21;4491,88882;4493,25000;UP
2026-05-29 03:34:00;M1;5;34;4495,62935;4495,36000;DOWN
2026-05-29 03:38:00;M1;5;55;4494,18320;4493,98000;DOWN
2026-05-29 03:42:00;M1;5;34;4496,32335;4496,38000;UP
2026-05-29 03:47:00;M1;5;55;4494,81733;4493,95000;DOWN
2026-05-29 03:52:00;M1;5;55;4495,00197;4495,23000;UP
2026-05-29 04:00:00;M1;5;21;4497,15697;4500,11000;UP
2026-05-29 03:56:00;M1;5;55;4495,16850;4494,81000;DOWN
2026-05-29 04:01:00;M1;5;55;4495,45017;4498,02000;UP
2026-05-29 04:29:00;M1;5;34;4506,54705;4505,43000;DOWN
2026-05-29 04:47:00;M1;5;55;4505,74952;4502,64000;DOWN
2026-05-29 04:55:00;M1;5;55;4506,35213;4507,01000;UP
2026-05-29 04:56:00;M1;5;55;4506,90283;4505,01000;DOWN
2026-05-29 05:01:00;M1;5;21;4508,20726;4509,37000;UP
2026-05-29 05:07:00;M1;5;55;4508,08557;4505,76000;DOWN
2026-05-29 05:12:00;M1;5;21;4507,05874;4507,27000;UP
2026-05-29 05:20:00;M1;5;89;4503,83813;4503,41000;DOWN
2026-05-29 05:22:00;M1;5;89;4504,35716;4505,42000;UP
2026-05-29 05:26:00;M1;5;89;4504,81173;4503,26000;DOWN
2026-05-29 05:38:00;M1;5;21;4504,73597;4505,75000;UP
2026-05-29 05:41:00;M1;5;89;4505,96278;4505,90000;DOWN
2026-05-29 05:46:00;M1;5;34;4506,44974;4507,61000;UP
2026-05-29 05:50:00;M1;5;21;4504,55084;4502,97000;DOWN
2026-05-29 05:51:00;M1;5;89;4506,58763;4502,42000;DOWN
2026-05-29 05:56:00;M1;5;21;4503,91621;4504,71000;UP
2026-05-29 06:01:00;M1;5;21;4503,31625;4500,93000;DOWN
2026-05-29 06:21:00;M1;5;21;4498,10904;4499,12000;UP
2026-05-29 06:26:00;M1;5;21;4496,98442;4496,37000;DOWN
2026-05-29 06:31:00;M1;5;21;4496,13330;4497,72000;UP
2026-05-29 06:38:00;M1;5;21;4495,42842;4494,93000;DOWN
2026-05-29 06:41:00;M1;5;21;4495,10979;4498,22000;UP
2026-05-29 06:55:00;M1;5;55;4500,22260;4500,94000;UP
2026-05-29 07:01:00;M1;5;89;4504,15607;4504,41000;UP
2026-05-29 07:06:00;M1;5;89;4503,96995;4502,36000;DOWN
2026-05-29 07:15:00;M1;5;89;4503,81475;4504,51000;UP
2026-05-29 07:17:00;M1;5;89;4503,71136;4502,90000;DOWN
2026-05-29 07:21:00;M1;5;89;4503,72417;4506,21000;UP
2026-05-29 07:38:00;M1;5;21;4509,09504;4508,54000;DOWN
2026-05-29 07:43:00;M1;5;21;4510,37216;4510,57000;UP
2026-05-29 07:46:00;M1;5;21;4511,26765;4509,39000;DOWN
2026-05-29 07:56:00;M1;5;21;4512,57698;4512,71000;UP
2026-05-29 08:04:00;M1;5;34;4510,48747;4509,74000;DOWN
2026-05-29 08:30:00;M1;5;21;4512,36496;4512,50000;UP
2026-05-29 08:35:00;M1;5;89;4507,47275;4506,41000;DOWN
2026-05-29 08:52:00;M1;5;21;4507,85756;4510,93000;UP
2026-05-29 09:13:00;M1;5;55;4513,21868;4511,08000;DOWN
2026-05-29 09:22:00;M1;5;21;4515,37743;4517,70000;UP
2026-05-29 09:35:00;M1;5;21;4517,51189;4516,07000;DOWN
2026-05-29 09:37:00;M1;5;55;4515,83460;4515,08000;DOWN
2026-05-29 09:44:00;M1;5;34;4516,14579;4516,58000;UP
2026-05-29 09:41:00;M1;5;89;4513,13548;4511,74000;DOWN
2026-05-29 09:46:00;M1;5;21;4518,29318;4518,31000;UP
2026-05-29 10:04:00;M1;5;34;4519,46232;4519,14000;DOWN
2026-05-29 10:07:00;M1;5;34;4520,22797;4520,39000;UP
2026-05-29 10:06:00;M1;5;55;4518,93858;4518,20000;DOWN
2026-05-29 10:11:00;M1;5;55;4519,38357;4519,80000;UP
2026-05-29 10:14:00;M1;5;89;4516,95739;4516,30000;DOWN
2026-05-29 10:16:00;M1;5;55;4519,69601;4515,50000;DOWN
2026-05-29 10:32:00;M1;5;21;4517,04590;4517,08000;UP
2026-05-29 11:02:00;M1;5;89;4521,10504;4520,38000;DOWN
2026-05-29 11:28:00;M1;5;21;4517,35987;4517,90000;UP
2026-05-29 11:33:00;M1;5;21;4516,08303;4515,85000;DOWN
2026-05-29 11:36:00;M1;5;21;4515,04947;4515,31000;UP
2026-05-29 11:45:00;M1;5;21;4514,24302;4514,08000;DOWN
2026-05-29 11:46:00;M1;5;21;4513,26412;4513,58000;UP
2026-05-29 11:51:00;M1;5;21;4512,61415;4512,40000;DOWN
2026-05-29 11:56:00;M1;5;21;4512,36594;4513,69000;UP
2026-05-29 12:03:00;M1;5;55;4517,86897;4518,75000;UP
2026-05-29 12:01:00;M1;5;34;4514,72033;4514,68000;DOWN
2026-05-29 12:06:00;M1;5;34;4514,83015;4520,20000;UP
2026-05-29 12:26:00;M1;5;21;4524,76370;4523,87000;DOWN
2026-05-29 12:34:00;M1;5;21;4526,90724;4528,56000;UP
2026-05-29 12:36:00;M1;5;21;4528,81766;4527,47000;DOWN
2026-05-29 12:43:00;M1;5;21;4530,77555;4531,25000;UP
2026-05-29 12:52:00;M1;5;21;4534,62545;4533,84000;DOWN
2026-05-29 12:56:00;M1;5;34;4530,47550;4530,43000;DOWN
2026-05-29 13:04:00;M1;5;55;4526,50168;4525,96000;DOWN
2026-05-29 13:06:00;M1;5;55;4527,26113;4528,31000;UP
2026-05-29 13:11:00;M1;5;89;4526,74690;4526,70000;DOWN
2026-05-29 13:16:00;M1;5;55;4528,49004;4529,07000;UP
2026-05-29 13:21:00;M1;5;89;4527,49412;4526,44000;DOWN
2026-05-29 13:27:00;M1;5;21;4529,73481;4530,73000;UP
2026-05-29 13:32:00;M1;5;34;4533,11263;4533,62000;UP
2026-05-29 13:54:00;M1;5;34;4536,69617;4536,68000;DOWN
2026-05-29 13:59:00;M1;5;21;4538,12630;4538,53000;UP
2026-05-29 13:57:00;M1;5;55;4535,74373;4535,55000;DOWN
2026-05-29 14:01:00;M1;5;55;4536,69133;4538,82000;UP
2026-05-29 14:02:00;M1;5;34;4537,81355;4536,61000;DOWN
2026-05-29 14:09:00;M1;5;89;4533,14496;4532,44000;DOWN
2026-05-29 14:41:00;M1;5;21;4528,94221;4529,81000;UP
2026-05-29 14:46:00;M1;5;34;4532,61433;4533,12000;UP
2026-05-29 14:52:00;M1;5;34;4532,04145;4528,70000;DOWN
2026-05-29 14:56:00;M1;5;34;4531,92583;4535,16000;UP
2026-05-29 15:01:00;M1;5;89;4535,87913;4530,40000;DOWN
2026-05-29 15:10:00;M1;5;21;4530,37916;4530,48000;UP
2026-05-29 15:11:00;M1;5;34;4530,87136;4531,37000;UP
2026-05-29 15:12:00;M1;5;21;4530,41151;4527,04000;DOWN
2026-05-29 15:16:00;M1;5;21;4530,35491;4530,94000;UP
2026-05-29 15:19:00;M1;5;34;4530,41359;4530,15000;DOWN
2026-05-29 15:21:00;M1;5;21;4529,64236;4520,69000;DOWN
2026-05-29 15:48:00;M1;5;21;4517,57765;4517,76000;UP
2026-05-29 15:59:00;M1;5;34;4519,23477;4522,94000;UP
2026-05-29 16:04:00;M1;5;55;4523,46265;4524,08000;UP
2026-05-29 16:01:00;M1;5;34;4518,59963;4518,45000;DOWN
2026-05-29 16:06:00;M1;5;34;4518,41653;4521,67000;UP
2026-05-29 16:06:00;M1;5;55;4522,60969;4521,67000;DOWN
2026-05-29 16:11:00;M1;5;55;4521,92251;4524,09000;UP
2026-05-29 16:21:00;M1;5;89;4528,13427;4528,29000;UP
2026-05-29 16:27:00;M1;5;89;4527,70467;4526,70000;DOWN
2026-05-29 16:31:00;M1;5;89;4527,31794;4530,59000;UP
2026-05-29 16:35:00;M1;5;21;4524,43833;4523,03000;DOWN
2026-05-29 16:37:00;M1;5;21;4526,38340;4527,84000;UP
2026-05-29 16:36:00;M1;5;89;4527,04661;4524,20000;DOWN
2026-05-29 16:41:00;M1;5;89;4526,89080;4534,97000;UP
2026-05-29 17:14:00;M1;5;21;4545,40058;4543,87000;DOWN
2026-05-29 17:19:00;M1;5;34;4540,05761;4537,87000;DOWN
2026-05-29 17:24:00;M1;5;55;4532,18131;4531,11000;DOWN
2026-05-29 17:26:00;M1;5;89;4530,87337;4529,63000;DOWN
2026-05-29 17:34:00;M1;5;55;4534,18306;4536,03000;UP
2026-05-29 17:37:00;M1;5;89;4531,61744;4530,98000;DOWN
2026-05-29 17:44:00;M1;5;21;4538,51605;4540,28000;UP
2026-05-29 17:47:00;M1;5;21;4537,76992;4537,40000;DOWN
2026-05-29 17:51:00;M1;5;21;4539,22364;4547,60000;UP
2026-05-29 18:21:00;M1;5;21;4586,52330;4583,85000;DOWN
2026-05-29 18:34:00;M1;5;34;4579,56720;4578,22000;DOWN
2026-05-29 18:41:00;M1;5;55;4573,76085;4565,29000;DOWN
2026-05-29 19:07:00;M1;5;89;4566,41063;4565,88000;DOWN
2026-05-29 19:16:00;M1;5;21;4565,06600;4566,36000;UP
2026-05-29 19:25:00;M1;5;21;4563,20216;4560,55000;DOWN
2026-05-29 19:28:00;M1;5;21;4561,92421;4562,06000;UP
2026-05-29 19:37:00;M1;5;34;4571,13372;4571,66000;UP
2026-05-29 19:44:00;M1;5;34;4569,82559;4569,51000;DOWN
2026-05-29 19:49:00;M1;5;21;4564,82136;4564,78000;DOWN
2026-05-29 19:57:00;M1;5;21;4565,79838;4566,04000;UP
2026-05-29 20:04:00;M1;5;34;4566,07280;4564,38000;DOWN
2026-05-29 20:07:00;M1;5;21;4566,25764;4567,90000;UP
2026-05-29 20:12:00;M1;5;34;4565,15071;4564,81000;DOWN
2026-05-29 20:16:00;M1;5;34;4564,80656;4565,68000;UP
2026-05-29 20:21:00;M1;5;34;4564,54114;4562,69000;DOWN
2026-05-29 20:27:00;M1;5;34;4564,17490;4564,29000;UP
2026-05-29 20:31:00;M1;5;34;4563,71707;4560,33000;DOWN
2026-05-29 21:02:00;M1;5;21;4553,83206;4556,46000;UP
2026-05-29 21:26:00;M1;5;55;4558,02196;4559,91000;UP
2026-05-29 21:45:00;M1;5;55;4556,83995;4552,05000;DOWN
2026-05-29 21:55:00;M1;5;34;4555,42532;4556,25000;UP
2026-05-29 21:57:00;M1;5;55;4555,23410;4554,91000;DOWN
2026-05-29 22:05:00;M1;5;34;4554,80111;4555,02000;UP
2026-05-29 22:06:00;M1;5;21;4555,55073;4556,15000;UP
2026-05-29 22:25:00;M1;5;34;4555,61233;4555,10000;DOWN
2026-05-29 22:27:00;M1;5;21;4555,87286;4556,19000;UP
2026-05-29 22:34:00;M1;5;55;4553,51487;4553,48000;DOWN
2026-05-29 22:41:00;M1;5;55;4553,22116;4553,40000;UP
2026-05-29 22:46:00;M1;5;55;4552,91803;4551,19000;DOWN
2026-05-29 23:07:00;M1;5;21;4545,93936;4546,04000;UP
2026-05-29 23:14:00;M1;5;34;4548,22032;4548,73000;UP
2026-05-29 23:16:00;M1;5;34;4547,33472;4547,25000;DOWN
2026-05-29 23:29:00;M1;5;21;4543,19466;4542,72000;DOWN
2026-05-29 23:33:00;M1;5;21;4542,58620;4542,72000;UP
2026-05-29 23:42:00;M1;5;34;4542,71771;4543,01000;UP
2026-05-29 23:41:00;M1;5;21;4541,85587;4541,64000;DOWN
2026-05-29 23:46:00;M1;5;21;4541,62532;4543,00000;UP
2026-05-29 23:49:00;M1;5;34;4541,93854;4541,89000;DOWN
2026-05-29 23:52:00;M1;5;34;4541,16123;4541,31000;UP
2026-05-29 23:51:00;M1;5;21;4541,16427;4540,96000;DOWN
2026-05-29 23:56:00;M1;5;21;4540,62158;4541,01000;UP
2026-06-01 01:01:00;M1;5;34;4538,75342;4521,68000;DOWN
2026-06-01 01:13:00;M1;5;21;4531,96383;4533,86000;UP
2026-06-01 01:18:00;M1;5;34;4533,45904;4535,50000;UP
2026-06-01 01:23:00;M1;5;34;4532,35246;4532,28000;DOWN
2026-06-01 01:26:00;M1;5;34;4531,56694;4532,85000;UP
2026-06-01 01:31:00;M1;5;55;4533,48991;4534,99000;UP
2026-06-01 01:39:00;M1;5;55;4532,59263;4531,82000;DOWN
2026-06-01 01:41:00;M1;5;55;4531,86614;4531,98000;UP
2026-06-01 02:22:00;M1;5;21;4541,33812;4541,28000;DOWN
2026-06-01 02:26:00;M1;5;21;4542,78497;4543,48000;UP
2026-06-01 02:33:00;M1;5;21;4543,47873;4542,47000;DOWN
2026-06-01 02:45:00;M1;5;34;4540,64265;4538,93000;DOWN
2026-06-01 02:54:00;M1;5;21;4543,69405;4544,23000;UP
2026-06-01 02:58:00;M1;5;34;4542,51125;4541,01000;DOWN
2026-06-01 03:04:00;M1;5;21;4543,31681;4544,93000;UP
2026-06-01 03:06:00;M1;5;34;4543,45407;4542,24000;DOWN
2026-06-01 03:17:00;M1;5;55;4539,14915;4538,96000;DOWN
2026-06-01 03:22:00;M1;5;55;4539,66718;4540,06000;UP
2026-06-01 03:27:00;M1;5;21;4541,31725;4541,92000;UP
2026-06-01 03:32:00;M1;5;55;4540,55693;4540,05000;DOWN
2026-06-01 03:46:00;M1;5;21;4538,55969;4538,85000;UP
2026-06-01 03:53:00;M1;5;55;4540,93762;4539,49000;DOWN
2026-06-01 03:59:00;M1;5;34;4540,06457;4540,58000;UP
2026-06-01 03:57:00;M1;5;21;4538,26249;4537,32000;DOWN
2026-06-01 04:01:00;M1;5;89;4535,51060;4535,44000;DOWN
2026-06-01 04:20:00;M1;5;21;4533,57615;4533,79000;UP
2026-06-01 04:21:00;M1;5;34;4534,98214;4535,77000;UP
2026-06-01 04:24:00;M1;5;21;4532,32657;4532,15000;DOWN
2026-06-01 04:26:00;M1;5;21;4531,06210;4531,85000;UP
2026-06-01 04:26:00;M1;5;89;4535,07013;4531,85000;DOWN
2026-06-01 04:31:00;M1;5;21;4530,20913;4529,14000;DOWN
2026-06-01 04:36:00;M1;5;21;4529,41134;4531,94000;UP
2026-06-01 04:41:00;M1;5;34;4531,06931;4530,06000;DOWN
2026-06-01 04:49:00;M1;5;21;4528,72502;4528,56000;DOWN
2026-06-01 04:52:00;M1;5;21;4528,51532;4529,85000;UP
2026-06-01 04:56:00;M1;5;34;4528,87522;4524,87000;DOWN
2026-06-01 05:02:00;M1;5;21;4527,17854;4527,31000;UP
2026-06-01 05:06:00;M1;5;34;4527,18642;4529,59000;UP
2026-06-01 05:13:00;M1;5;89;4532,28733;4532,73000;UP
2026-06-01 05:11:00;M1;5;55;4530,01134;4529,80000;DOWN
2026-06-01 05:16:00;M1;5;55;4529,40584;4533,94000;UP
2026-06-01 05:19:00;M1;5;89;4531,93643;4531,92000;DOWN
2026-06-01 05:30:00;M1;5;55;4528,53192;4524,99000;DOWN
2026-06-01 05:35:00;M1;5;21;4529,07073;4529,71000;UP
2026-06-01 05:40:00;M1;5;55;4527,76160;4525,33000;DOWN
2026-06-01 06:03:00;M1;5;21;4523,49272;4525,12000;UP
2026-06-01 06:06:00;M1;5;55;4523,74634;4519,62000;DOWN
2026-06-01 06:19:00;M1;5;21;4519,09960;4519,31000;UP
2026-06-01 06:27:00;M1;5;34;4519,89666;4520,14000;UP
2026-06-01 06:38:00;M1;5;55;4519,41469;4517,05000;DOWN
2026-06-01 06:55:00;M1;5;21;4513,41891;4513,66000;UP
2026-06-01 06:58:00;M1;5;34;4513,96693;4515,60000;UP
2026-06-01 06:56:00;M1;5;21;4512,83405;4512,82000;DOWN
2026-06-01 07:01:00;M1;5;21;4512,77823;4518,85000;UP
2026-06-01 07:05:00;M1;5;55;4515,22142;4515,10000;DOWN
2026-06-01 07:06:00;M1;5;55;4514,51046;4515,99000;UP
2026-06-01 07:06:00;M1;5;89;4517,71405;4515,99000;DOWN
2026-06-01 07:11:00;M1;5;55;4513,87947;4512,59000;DOWN
2026-06-01 07:16:00;M1;5;21;4513,03749;4515,98000;UP
2026-06-01 07:34:00;M1;5;89;4514,59982;4514,17000;DOWN
2026-06-01 07:39:00;M1;5;21;4515,04074;4515,18000;UP
2026-06-01 07:45:00;M1;5;89;4513,64584;4513,40000;DOWN
2026-06-01 07:48:00;M1;5;55;4511,55302;4510,88000;DOWN
2026-06-01 07:55:00;M1;5;21;4514,17083;4515,01000;UP
2026-06-01 07:56:00;M1;5;21;4513,86576;4513,62000;DOWN
2026-06-01 08:01:00;M1;5;21;4513,87344;4513,93000;UP
2026-06-01 08:32:00;M1;5;34;4516,97632;4516,14000;DOWN
2026-06-01 08:39:00;M1;5;21;4519,81421;4520,12000;UP
2026-06-01 08:41:00;M1;5;34;4518,01581;4517,87000;DOWN
2026-06-01 08:49:00;M1;5;21;4520,94217;4524,20000;UP
2026-06-01 08:52:00;M1;5;21;4521,91566;4521,72000;DOWN
2026-06-01 08:58:00;M1;5;34;4520,24780;4520,06000;DOWN
2026-06-01 09:01:00;M1;5;55;4516,79936;4516,30000;DOWN
2026-06-01 09:06:00;M1;5;55;4517,22794;4517,54000;UP
2026-06-01 09:11:00;M1;5;55;4517,46929;4513,44000;DOWN
2026-06-01 09:16:00;M1;5;89;4512,72762;4512,03000;DOWN
2026-06-01 09:29:00;M1;5;21;4513,51647;4513,86000;UP
2026-06-01 09:31:00;M1;5;89;4512,41191;4511,87000;DOWN
2026-06-01 09:56:00;M1;5;21;4502,23038;4502,34000;UP
2026-06-01 10:03:00;M1;5;34;4506,03124;4507,13000;UP
2026-06-01 10:31:00;M1;5;55;4506,03498;4506,85000;UP
2026-06-01 10:36:00;M1;5;89;4507,08601;4505,85000;DOWN
2026-06-01 10:41:00;M1;5;34;4501,32286;4500,59000;DOWN
2026-06-01 10:57:00;M1;5;21;4498,87596;4501,38000;UP
2026-06-01 11:03:00;M1;5;55;4500,06078;4497,54000;DOWN
2026-06-01 11:06:00;M1;5;21;4496,43708;4498,17000;UP
2026-06-01 11:11:00;M1;5;34;4496,64264;4496,07000;DOWN
2026-06-01 11:17:00;M1;5;21;4494,29534;4495,00000;UP
2026-06-01 11:21:00;M1;5;34;4495,03966;4495,72000;UP
2026-06-01 11:23:00;M1;5;21;4493,30810;4492,25000;DOWN
2026-06-01 11:26:00;M1;5;21;4492,82692;4493,77000;UP
2026-06-01 11:26:00;M1;5;34;4494,32326;4493,77000;DOWN
2026-06-01 11:33:00;M1;5;34;4493,75504;4494,48000;UP
2026-06-01 11:31:00;M1;5;55;4494,44520;4493,62000;DOWN
2026-06-01 11:36:00;M1;5;55;4493,79694;4495,09000;UP
2026-06-01 11:43:00;M1;5;89;4497,61241;4500,15000;UP
2026-06-01 11:41:00;M1;5;55;4493,36991;4493,13000;DOWN
2026-06-01 11:46:00;M1;5;21;4494,70039;4499,89000;UP
2026-06-01 11:57:00;M1;5;21;4496,72580;4496,60000;DOWN
2026-06-01 12:01:00;M1;5;21;4497,72834;4498,05000;UP
2026-06-01 12:06:00;M1;5;21;4498,62156;4498,55000;DOWN
2026-06-01 12:11:00;M1;5;21;4499,40683;4499,68000;UP
2026-06-01 12:16:00;M1;5;21;4500,64848;4499,73000;DOWN
2026-06-01 12:21:00;M1;5;21;4501,42982;4504,61000;UP
2026-06-01 12:27:00;M1;5;34;4498,30360;4497,86000;DOWN
2026-06-01 12:31:00;M1;5;89;4494,06704;4493,99000;DOWN
2026-06-01 12:36:00;M1;5;55;4494,56260;4496,58000;UP
2026-06-01 12:44:00;M1;5;34;4498,17028;4498,27000;UP
2026-06-01 12:50:00;M1;5;55;4494,71248;4494,54000;DOWN
2026-06-01 12:54:00;M1;5;21;4497,05938;4497,75000;UP
2026-06-01 13:00:00;M1;5;34;4497,83362;4498,18000;UP
2026-06-01 12:56:00;M1;5;21;4496,52587;4495,88000;DOWN
2026-06-01 13:01:00;M1;5;21;4496,23015;4497,82000;UP
2026-06-01 13:02:00;M1;5;34;4497,74287;4497,62000;DOWN
2026-06-01 13:06:00;M1;5;34;4497,77524;4498,69000;UP
2026-06-01 13:21:00;M1;5;55;4496,62254;4496,33000;DOWN
2026-06-01 13:26:00;M1;5;21;4499,72364;4501,45000;UP
2026-06-01 13:55:00;M1;5;21;4506,26206;4505,99000;DOWN
2026-06-01 13:58:00;M1;5;34;4504,06418;4503,51000;DOWN
2026-06-01 14:03:00;M1;5;55;4501,91609;4501,15000;DOWN
2026-06-01 14:09:00;M1;5;34;4505,12087;4505,66000;UP
2026-06-01 14:11:00;M1;5;34;4505,50245;4504,07000;DOWN
2026-06-01 14:19:00;M1;5;21;4506,94432;4509,78000;UP
2026-06-01 14:32:00;M1;5;34;4508,27779;4507,66000;DOWN
2026-06-01 14:39:00;M1;5;21;4509,06654;4510,13000;UP
2026-06-01 14:42:00;M1;5;55;4507,00467;4506,68000;DOWN
2026-06-01 14:46:00;M1;5;55;4507,65114;4507,68000;UP
2026-06-01 14:51:00;M1;5;55;4508,20330;4507,63000;DOWN
2026-06-01 15:06:00;M1;5;21;4508,14635;4508,98000;UP
2026-06-01 15:11:00;M1;5;34;4508,98910;4509,33000;UP
2026-06-01 15:13:00;M1;5;89;4504,70604;4504,66000;DOWN
2026-06-01 15:16:00;M1;5;55;4509,26489;4504,86000;DOWN
2026-06-01 15:26:00;M1;5;21;4504,24684;4506,94000;UP
2026-06-01 15:31:00;M1;5;89;4505,70405;4498,98000;DOWN
2026-06-01 15:39:00;M1;5;21;4502,66906;4503,25000;UP
2026-06-01 15:44:00;M1;5;34;4505,11811;4507,42000;UP
2026-06-01 15:41:00;M1;5;21;4502,66067;4501,45000;DOWN
2026-06-01 15:46:00;M1;5;21;4503,03581;4506,75000;UP
2026-06-01 15:47:00;M1;5;89;4506,15264;4506,06000;DOWN
2026-06-01 15:51:00;M1;5;55;4507,44032;4507,81000;UP
2026-06-01 15:55:00;M1;5;34;4504,67166;4503,76000;DOWN
2026-06-01 15:56:00;M1;5;89;4506,45157;4502,54000;DOWN
2026-06-01 16:37:00;M1;5;21;4470,22961;4471,93000;UP
2026-06-01 16:53:00;M1;5;21;4457,85560;4455,70000;DOWN
2026-06-01 17:01:00;M1;5;21;4450,22795;4451,21000;UP
2026-06-01 17:08:00;M1;5;34;4457,03361;4457,84000;UP
2026-06-01 17:26:00;M1;5;21;4450,16074;4449,97000;DOWN
2026-06-01 17:31:00;M1;5;21;4450,91985;4454,52000;UP
2026-06-01 17:50:00;M1;5;21;4454,15206;4454,00000;DOWN
2026-06-01 17:54:00;M1;5;21;4454,82985;4456,00000;UP
2026-06-01 17:57:00;M1;5;21;4455,46185;4454,98000;DOWN
2026-06-01 18:01:00;M1;5;21;4456,19731;4458,72000;UP
2026-06-01 18:06:00;M1;5;89;4459,89975;4461,00000;UP
2026-06-01 18:44:00;M1;5;21;4473,16697;4472,33000;DOWN
2026-06-01 19:00:00;M1;5;21;4476,04872;4477,04000;UP
2026-06-01 19:01:00;M1;5;21;4476,38287;4474,38000;DOWN
2026-06-01 19:06:00;M1;5;34;4473,56580;4471,53000;DOWN
2026-06-01 19:32:00;M1;5;21;4469,24392;4469,94000;UP
2026-06-01 19:36:00;M1;5;21;4468,63072;4467,93000;DOWN
2026-06-01 19:41:00;M1;5;21;4468,12490;4468,90000;UP
2026-06-01 19:44:00;M1;5;55;4468,06806;4468,01000;DOWN
2026-06-01 19:50:00;M1;5;34;4472,14918;4472,46000;UP
2026-06-01 20:07:00;M1;5;55;4473,03388;4472,87000;DOWN
2026-06-01 20:11:00;M1;5;34;4474,49472;4474,80000;UP
2026-06-01 20:16:00;M1;5;55;4474,74439;4474,47000;DOWN
2026-06-01 20:21:00;M1;5;34;4475,19119;4476,23000;UP
2026-06-01 20:29:00;M1;5;21;4478,27492;4482,72000;UP
2026-06-01 20:28:00;M1;5;55;4476,14607;4475,81000;DOWN
2026-06-01 20:31:00;M1;5;34;4476,88404;4484,07000;UP
2026-06-01 20:57:00;M1;5;21;4489,87867;4489,21000;DOWN
2026-06-01 21:02:00;M1;5;34;4487,36657;4487,32000;DOWN
2026-06-01 21:09:00;M1;5;34;4488,69600;4489,74000;UP
2026-06-01 21:11:00;M1;5;34;4489,76142;4488,20000;DOWN
2026-06-01 21:16:00;M1;5;55;4487,34980;4487,03000;DOWN
2026-06-01 21:21:00;M1;5;55;4488,33389;4489,81000;UP
2026-06-01 21:26:00;M1;5;55;4489,17958;4488,33000;DOWN
2026-06-01 21:49:00;M1;5;21;4488,38711;4488,49000;UP
2026-06-01 21:51:00;M1;5;21;4487,97642;4487,68000;DOWN
2026-06-01 21:56:00;M1;5;21;4487,56252;4488,16000;UP
2026-06-01 22:00:00;M1;5;89;4486,28595;4485,43000;DOWN
2026-06-01 22:01:00;M1;5;89;4487,02045;4487,40000;UP
2026-06-01 22:06:00;M1;5;89;4487,67200;4487,57000;DOWN
2026-06-01 22:12:00;M1;5;21;4486,37742;4486,62000;UP
2026-06-01 22:16:00;M1;5;21;4486,03104;4484,86000;DOWN
2026-06-01 22:21:00;M1;5;21;4485,75518;4485,80000;UP
2026-06-01 22:27:00;M1;5;21;4485,45650;4485,35000;DOWN
2026-06-01 22:38:00;M1;5;21;4484,57718;4485,24000;UP
2026-06-01 22:42:00;M1;5;21;4484,08667;4483,97000;DOWN
2026-06-01 22:48:00;M1;5;21;4483,65297;4483,68000;UP
2026-06-01 22:51:00;M1;5;21;4482,93222;4482,29000;DOWN
2026-06-01 23:01:00;M1;5;21;4481,67851;4482,27000;UP
2026-06-01 23:34:00;M1;5;55;4484,46698;4484,57000;UP
2026-06-01 23:36:00;M1;5;55;4484,13551;4483,10000;DOWN
2026-06-01 23:45:00;M1;5;34;4481,94401;4481,21000;DOWN
2026-06-01 23:49:00;M1;5;21;4483,32842;4483,88000;UP
2026-06-01 23:51:00;M1;5;55;4483,29699;4482,89000;DOWN
2026-06-01 23:57:00;M1;5;21;4483,59058;4483,95000;UP
2026-06-02 01:01:00;M1;5;21;4483,63878;4483,50000;DOWN
2026-06-02 01:07:00;M1;5;55;4482,72355;4482,53000;DOWN
2026-06-02 01:12:00;M1;5;21;4483,59425;4483,67000;UP
2026-06-02 01:20:00;M1;5;55;4482,52537;4482,46000;DOWN
2026-06-02 01:25:00;M1;5;34;4483,13753;4483,24000;UP
2026-06-02 01:27:00;M1;5;55;4482,36219;4482,30000;DOWN
2026-06-02 01:32:00;M1;5;21;4482,94391;4483,03000;UP
2026-06-02 01:36:00;M1;5;55;4482,14866;4481,34000;DOWN
2026-06-02 01:41:00;M1;5;21;4482,26021;4483,07000;UP
2026-06-02 01:56:00;M1;5;89;4484,91170;4485,58000;UP
2026-06-02 02:01:00;M1;5;89;4484,73386;4483,74000;DOWN
2026-06-02 02:06:00;M1;5;89;4484,59795;4486,10000;UP
2026-06-02 02:21:00;M1;5;21;4486,29819;4486,19000;DOWN
2026-06-02 02:26:00;M1;5;21;4486,96955;4487,83000;UP
2026-06-02 02:35:00;M1;5;89;4484,55216;4482,22000;DOWN
2026-06-02 02:40:00;M1;5;55;4484,57190;4484,95000;UP
2026-06-02 02:41:00;M1;5;34;4485,95953;4486,30000;UP
2026-06-02 02:44:00;M1;5;89;4484,58224;4483,40000;DOWN
2026-06-02 02:46:00;M1;5;34;4485,74266;4483,22000;DOWN
2026-06-02 02:55:00;M1;5;21;4485,03693;4485,19000;UP
2026-06-02 02:56:00;M1;5;89;4484,44659;4484,01000;DOWN
2026-06-02 03:04:00;M1;5;21;4484,14472;4484,50000;UP
2026-06-02 03:06:00;M1;5;89;4484,29038;4479,12000;DOWN
2026-06-02 03:15:00;M1;5;21;4482,37244;4484,78000;UP
2026-06-02 03:17:00;M1;5;89;4484,05160;4483,48000;DOWN
2026-06-02 03:21:00;M1;5;34;4484,00694;4488,70000;UP
2026-06-02 03:43:00;M1;5;55;4486,06020;4485,96000;DOWN
2026-06-02 03:46:00;M1;5;34;4486,71560;4487,11000;UP
2026-06-02 03:48:00;M1;5;89;4485,01274;4484,90000;DOWN
2026-06-02 03:51:00;M1;5;55;4486,36290;4483,53000;DOWN
2026-06-02 04:07:00;M1;5;21;4483,88220;4484,23000;UP
2026-06-02 04:12:00;M1;5;34;4484,61701;4487,87000;UP
2026-06-02 04:11:00;M1;5;21;4483,35417;4480,78000;DOWN
2026-06-02 04:16:00;M1;5;21;4483,19164;4484,54000;UP
2026-06-02 04:16:00;M1;5;89;4484,90613;4484,54000;DOWN
2026-06-02 04:21:00;M1;5;34;4484,59413;4486,81000;UP
2026-06-02 04:38:00;M1;5;89;4484,92174;4481,94000;DOWN
2026-06-02 05:00:00;M1;5;21;4478,79503;4480,81000;UP
2026-06-02 05:03:00;M1;5;21;4476,61442;4475,11000;DOWN
2026-06-02 05:10:00;M1;5;21;4474,81768;4475,87000;UP
2026-06-02 05:13:00;M1;5;34;4477,19756;4477,86000;UP
2026-06-02 05:20:00;M1;5;89;4482,17866;4482,97000;UP
2026-06-02 05:32:00;M1;5;89;4481,36728;4481,06000;DOWN
2026-06-02 05:36:00;M1;5;89;4481,16543;4481,18000;UP
2026-06-02 05:39:00;M1;5;55;4478,90453;4478,85000;DOWN
2026-06-02 05:41:00;M1;5;34;4477,53394;4477,60000;UP
2026-06-02 05:41:00;M1;5;89;4480,93834;4477,60000;DOWN
2026-06-02 05:46:00;M1;5;34;4477,18905;4476,84000;DOWN
2026-06-02 05:52:00;M1;5;21;4479,01992;4479,11000;UP
2026-06-02 06:21:00;M1;5;21;4487,79053;4486,43000;DOWN
2026-06-02 06:26:00;M1;5;21;4489,99714;4492,09000;UP
2026-06-02 06:41:00;M1;5;21;4495,97045;4495,73000;DOWN
2026-06-02 06:48:00;M1;5;21;4497,55185;4497,69000;UP
2026-06-02 06:51:00;M1;5;21;4498,80895;4497,26000;DOWN
2026-06-02 07:06:00;M1;5;21;4502,09308;4502,89000;UP
2026-06-02 07:24:00;M1;5;21;4506,23173;4505,69000;DOWN
2026-06-02 07:26:00;M1;5;34;4505,94912;4505,91000;DOWN
2026-06-02 07:34:00;M1;5;34;4507,18846;4507,64000;UP
2026-06-02 07:37:00;M1;5;34;4508,34478;4508,32000;DOWN
2026-06-02 07:41:00;M1;5;21;4509,94290;4510,76000;UP
2026-06-02 07:52:00;M1;5;21;4512,41972;4512,29000;DOWN
2026-06-02 07:57:00;M1;5;21;4513,99321;4514,73000;UP
2026-06-02 08:07:00;M1;5;21;4516,69601;4516,56000;DOWN
2026-06-02 08:14:00;M1;5;21;4517,98436;4518,58000;UP
2026-06-02 08:13:00;M1;5;34;4517,16878;4517,09000;DOWN
2026-06-02 08:17:00;M1;5;34;4518,36481;4518,97000;UP
2026-06-02 08:16:00;M1;5;21;4519,15582;4518,27000;DOWN
2026-06-02 08:21:00;M1;5;34;4519,43237;4519,28000;DOWN
2026-06-02 08:30:00;M1;5;21;4521,00370;4524,53000;UP
2026-06-02 08:26:00;M1;5;55;4518,78444;4518,07000;DOWN
2026-06-02 08:31:00;M1;5;55;4520,17928;4525,38000;UP
2026-06-02 08:43:00;M1;5;34;4523,89296;4523,50000;DOWN
2026-06-02 08:46:00;M1;5;55;4524,11364;4523,70000;DOWN
2026-06-02 08:55:00;M1;5;89;4517,12827;4516,75000;DOWN
2026-06-02 09:00:00;M1;5;89;4518,47102;4519,87000;UP
2026-06-02 09:02:00;M1;5;89;4519,72471;4519,62000;DOWN
2026-06-02 09:06:00;M1;5;21;4523,15360;4524,58000;UP
2026-06-02 09:11:00;M1;5;89;4521,95559;4521,16000;DOWN
2026-06-02 09:16:00;M1;5;21;4521,59073;4523,35000;UP
2026-06-02 09:21:00;M1;5;34;4524,95774;4527,74000;UP
2026-06-02 09:46:00;M1;5;21;4533,18784;4532,49000;DOWN
2026-06-02 09:53:00;M1;5;55;4533,11834;4532,68000;DOWN
2026-06-02 10:00:00;M1;5;21;4536,19958;4537,13000;UP
2026-06-02 10:02:00;M1;5;55;4534,90236;4533,99000;DOWN
2026-06-02 10:10:00;M1;5;21;4538,50691;4539,24000;UP
2026-06-02 10:06:00;M1;5;89;4534,62825;4534,27000;DOWN
2026-06-02 10:11:00;M1;5;89;4535,75735;4539,92000;UP
2026-06-02 10:13:00;M1;5;21;4539,53318;4538,75000;DOWN
2026-06-02 10:20:00;M1;5;34;4537,89786;4537,89000;DOWN
2026-06-02 10:21:00;M1;5;89;4537,89659;4537,62000;DOWN
2026-06-02 10:56:00;M1;5;21;4533,08489;4533,75000;UP
2026-06-02 11:06:00;M1;5;34;4536,51213;4537,27000;UP
2026-06-02 11:11:00;M1;5;34;4536,17137;4535,46000;DOWN
2026-06-02 11:17:00;M1;5;21;4532,84433;4532,24000;DOWN
2026-06-02 11:21:00;M1;5;21;4533,06540;4533,43000;UP
2026-06-02 11:27:00;M1;5;21;4532,98641;4532,48000;DOWN
2026-06-02 11:33:00;M1;5;21;4532,81726;4532,86000;UP
2026-06-02 11:36:00;M1;5;21;4532,40761;4532,12000;DOWN
2026-06-02 12:05:00;M1;5;21;4527,86379;4528,51000;UP
2026-06-02 12:06:00;M1;5;34;4528,96354;4529,69000;UP
2026-06-02 12:13:00;M1;5;55;4532,99257;4533,43000;UP
2026-06-02 12:21:00;M1;5;55;4532,08152;4530,63000;DOWN
2026-06-02 12:26:00;M1;5;21;4529,24392;4529,44000;UP
2026-06-02 12:31:00;M1;5;34;4528,47372;4522,55000;DOWN
2026-06-02 12:48:00;M1;5;21;4526,54836;4526,73000;UP
2026-06-02 12:51:00;M1;5;55;4528,56317;4529,96000;UP
2026-06-02 13:21:00;M1;5;55;4527,15366;4525,77000;DOWN
2026-06-02 13:29:00;M1;5;21;4528,27129;4528,36000;UP
2026-06-02 13:31:00;M1;5;21;4528,25586;4527,82000;DOWN
2026-06-02 13:38:00;M1;5;55;4526,66638;4525,46000;DOWN
2026-06-02 13:44:00;M1;5;21;4527,93410;4528,75000;UP
2026-06-02 13:47:00;M1;5;89;4530,90422;4531,30000;UP
2026-06-02 13:52:00;M1;5;89;4530,57689;4529,53000;DOWN
2026-06-02 13:56:00;M1;5;89;4530,33417;4532,08000;UP
2026-06-02 14:05:00;M1;5;21;4530,50989;4530,30000;DOWN
2026-06-02 14:09:00;M1;5;89;4529,98023;4529,84000;DOWN
2026-06-02 14:11:00;M1;5;89;4529,82515;4530,27000;UP
2026-06-02 14:15:00;M1;5;55;4527,99366;4526,59000;DOWN
2026-06-02 14:16:00;M1;5;55;4528,19698;4529,21000;UP
2026-06-02 14:16:00;M1;5;89;4529,66386;4529,21000;DOWN
2026-06-02 14:21:00;M1;5;55;4528,33974;4528,24000;DOWN
2026-06-02 14:30:00;M1;5;21;4530,21969;4530,64000;UP
2026-06-02 14:32:00;M1;5;89;4529,22527;4529,05000;DOWN
2026-06-02 14:36:00;M1;5;55;4528,63804;4527,62000;DOWN
2026-06-02 14:48:00;M1;5;21;4528,40768;4529,08000;UP
2026-06-02 14:55:00;M1;5;34;4529,31739;4530,10000;UP
2026-06-02 14:54:00;M1;5;89;4528,58807;4528,52000;DOWN
2026-06-02 14:56:00;M1;5;55;4528,74428;4530,20000;UP
2026-06-02 14:57:00;M1;5;34;4529,10497;4528,16000;DOWN
2026-06-02 15:03:00;M1;5;21;4527,67453;4528,40000;UP
2026-06-02 15:01:00;M1;5;89;4528,31666;4526,80000;DOWN
2026-06-02 15:06:00;M1;5;21;4527,48424;4526,25000;DOWN
2026-06-02 15:13:00;M1;5;21;4527,18161;4527,34000;UP
2026-06-02 15:20:00;M1;5;34;4527,85740;4527,87000;UP
2026-06-02 15:16:00;M1;5;21;4526,88626;4525,27000;DOWN
2026-06-02 15:21:00;M1;5;21;4527,08552;4531,41000;UP
2026-06-02 15:30:00;M1;5;89;4527,80093;4523,06000;DOWN
2026-06-02 15:34:00;M1;5;21;4527,82081;4527,92000;UP
2026-06-02 15:37:00;M1;5;89;4527,68976;4523,74000;DOWN
2026-06-02 16:04:00;M1;5;21;4519,61681;4520,17000;UP
2026-06-02 16:06:00;M1;5;34;4521,23540;4521,43000;UP
2026-06-02 16:08:00;M1;5;21;4517,79629;4515,36000;DOWN
2026-06-02 16:11:00;M1;5;21;4516,00984;4516,61000;UP
2026-06-02 16:11:00;M1;5;34;4519,79171;4516,61000;DOWN
2026-06-02 16:18:00;M1;5;21;4514,24659;4513,93000;DOWN
2026-06-02 16:24:00;M1;5;21;4512,63932;4513,08000;UP
2026-06-02 16:29:00;M1;5;21;4511,14109;4510,58000;DOWN
2026-06-02 16:35:00;M1;5;21;4509,63176;4510,71000;UP
2026-06-02 16:40:00;M1;5;34;4512,09270;4513,79000;UP
2026-06-02 16:36:00;M1;5;21;4508,59199;4508,50000;DOWN
2026-06-02 16:41:00;M1;5;21;4507,71421;4512,36000;UP
2026-06-02 16:43:00;M1;5;34;4510,60978;4510,51000;DOWN
2026-06-02 16:49:00;M1;5;34;4509,29249;4509,75000;UP
2026-06-02 16:54:00;M1;5;34;4507,91745;4504,73000;DOWN
2026-06-02 17:02:00;M1;5;21;4503,71135;4504,72000;UP
2026-06-02 17:10:00;M1;5;34;4503,62611;4504,01000;UP
2026-06-02 17:07:00;M1;5;21;4502,49514;4502,25000;DOWN
2026-06-02 17:11:00;M1;5;21;4501,71288;4506,47000;UP
2026-06-02 17:15:00;M1;5;34;4502,50620;4502,25000;DOWN
2026-06-02 17:16:00;M1;5;21;4500,41564;4499,63000;DOWN
2026-06-02 17:31:00;M1;5;21;4495,30111;4497,64000;UP
2026-06-02 17:46:00;M1;5;89;4504,62516;4505,78000;UP
2026-06-02 17:51:00;M1;5;89;4503,66242;4503,00000;DOWN
2026-06-02 17:56:00;M1;5;89;4502,79860;4505,03000;UP
2026-06-02 18:12:00;M1;5;21;4503,84695;4502,96000;DOWN
2026-06-02 18:20:00;M1;5;21;4504,74396;4505,14000;UP
2026-06-02 18:21:00;M1;5;21;4505,24106;4505,05000;DOWN
2026-06-02 18:33:00;M1;5;21;4505,83154;4506,49000;UP
2026-06-02 18:40:00;M1;5;34;4502,83415;4501,93000;DOWN
2026-06-02 18:47:00;M1;5;21;4505,53941;4505,91000;UP
2026-06-02 18:52:00;M1;5;34;4504,45035;4503,29000;DOWN
2026-06-02 19:06:00;M1;5;55;4499,58977;4498,42000;DOWN
2026-06-02 19:11:00;M1;5;55;4499,75382;4500,45000;UP
2026-06-02 19:16:00;M1;5;89;4496,36334;4495,87000;DOWN
2026-06-02 19:42:00;M1;5;21;4489,52587;4489,68000;UP
2026-06-02 19:58:00;M1;5;34;4490,51577;4491,07000;UP
2026-06-02 20:01:00;M1;5;89;4491,40197;4490,43000;DOWN
2026-06-02 20:09:00;M1;5;34;4488,47957;4487,01000;DOWN
2026-06-02 20:11:00;M1;5;34;4487,60397;4488,33000;UP
2026-06-02 20:29:00;M1;5;55;4489,15840;4491,22000;UP
2026-06-02 20:34:00;M1;5;89;4488,49344;4488,47000;DOWN
2026-06-02 20:36:00;M1;5;34;4485,13115;4483,63000;DOWN
2026-06-02 20:42:00;M1;5;34;4484,72428;4484,76000;UP
2026-06-02 20:47:00;M1;5;21;4485,78768;4485,79000;UP
2026-06-02 20:52:00;M1;5;34;4484,01083;4483,66000;DOWN
2026-06-02 20:59:00;M1;5;21;4484,50062;4484,55000;UP
2026-06-02 21:15:00;M1;5;89;4484,68065;4484,10000;DOWN
2026-06-02 21:16:00;M1;5;21;4484,38358;4484,60000;UP
2026-06-02 21:40:00;M1;5;34;4484,69385;4484,16000;DOWN
2026-06-02 21:41:00;M1;5;89;4482,64618;4481,64000;DOWN
2026-06-02 21:49:00;M1;5;21;4485,80856;4486,54000;UP
2026-06-02 22:14:00;M1;5;21;4487,30822;4487,18000;DOWN
2026-06-02 22:21:00;M1;5;34;4486,70277;4485,90000;DOWN
2026-06-02 22:26:00;M1;5;21;4487,69575;4488,09000;UP
2026-06-02 22:33:00;M1;5;34;4487,11599;4486,23000;DOWN
2026-06-02 22:37:00;M1;5;55;4484,57380;4484,35000;DOWN
2026-06-02 22:44:00;M1;5;34;4487,10358;4487,30000;UP
2026-06-02 22:47:00;M1;5;21;4487,07241;4487,45000;UP
2026-06-02 22:46:00;M1;5;34;4487,10203;4486,55000;DOWN
2026-06-02 22:55:00;M1;5;34;4487,05203;4487,41000;UP
2026-06-02 22:51:00;M1;5;21;4486,81525;4486,73000;DOWN
2026-06-02 22:56:00;M1;5;21;4486,79257;4487,32000;UP
2026-06-02 23:01:00;M1;5;34;4487,18224;4486,30000;DOWN
2026-06-02 23:06:00;M1;5;21;4487,02204;4487,35000;UP
2026-06-02 23:34:00;M1;5;21;4489,68314;4489,59000;DOWN
2026-06-02 23:41:00;M1;5;34;4489,26285;4489,18000;DOWN
2026-06-02 23:48:00;M1;5;34;4489,41445;4489,59000;UP
2026-06-02 23:50:00;M1;5;55;4488,51430;4488,38000;DOWN
2026-06-02 23:51:00;M1;5;34;4489,44844;4488,33000;DOWN
2026-06-03 01:01:00;M1;5;21;4489,37475;4491,05000;UP
2026-06-03 01:15:00;M1;5;55;4489,33465;4489,09000;DOWN
2026-06-03 01:20:00;M1;5;21;4489,75577;4490,66000;UP
2026-06-03 01:23:00;M1;5;55;4489,61073;4488,60000;DOWN
2026-06-03 01:29:00;M1;5;21;4489,65337;4490,22000;UP
2026-06-03 01:33:00;M1;5;55;4489,83463;4489,25000;DOWN
2026-06-03 01:45:00;M1;5;89;4487,44412;4486,33000;DOWN
2026-06-03 01:50:00;M1;5;21;4489,14304;4489,44000;UP
2026-06-03 01:53:00;M1;5;89;4487,78397;4486,83000;DOWN
2026-06-03 02:01:00;M1;5;21;4487,18723;4487,49000;UP
2026-06-03 02:06:00;M1;5;21;4486,01601;4482,76000;DOWN
2026-06-03 02:38:00;M1;5;21;4467,02629;4467,10000;UP
2026-06-03 02:44:00;M1;5;34;4472,22955;4474,88000;UP
2026-06-03 02:48:00;M1;5;34;4470,59219;4469,61000;DOWN
2026-06-03 02:51:00;M1;5;34;4469,42850;4474,28000;UP
2026-06-03 03:00:00;M1;5;55;4474,78139;4478,63000;UP
2026-06-03 03:17:00;M1;5;89;4477,76296;4478,65000;UP
2026-06-03 03:51:00;M1;5;21;4491,80954;4491,23000;DOWN
2026-06-03 04:00:00;M1;5;34;4485,55456;4481,31000;DOWN
2026-06-03 04:01:00;M1;5;89;4478,42815;4474,90000;DOWN
2026-06-03 04:31:00;M1;5;21;4469,22461;4470,83000;UP
2026-06-03 04:39:00;M1;5;21;4466,42557;4466,31000;DOWN
2026-06-03 04:41:00;M1;5;21;4464,77270;4469,75000;UP
2026-06-03 04:46:00;M1;5;34;4473,21337;4474,89000;UP
2026-06-03 04:53:00;M1;5;55;4474,60448;4474,07000;DOWN
2026-06-03 04:56:00;M1;5;55;4474,36185;4474,76000;UP
2026-06-03 04:57:00;M1;5;89;4473,30237;4473,17000;DOWN
2026-06-03 05:01:00;M1;5;89;4472,95265;4473,18000;UP
2026-06-03 05:01:00;M1;5;55;4474,15117;4473,18000;DOWN
2026-06-03 05:06:00;M1;5;55;4474,07902;4474,84000;UP
2026-06-03 05:21:00;M1;5;21;4477,08788;4476,41000;DOWN
2026-06-03 05:26:00;M1;5;21;4478,46749;4479,64000;UP
2026-06-03 05:31:00;M1;5;21;4479,47703;4477,24000;DOWN
2026-06-03 05:37:00;M1;5;21;4480,40372;4482,04000;UP
2026-06-03 05:44:00;M1;5;21;4480,97291;4479,03000;DOWN
2026-06-03 05:46:00;M1;5;89;4473,60858;4473,07000;DOWN
2026-06-03 05:53:00;M1;5;34;4477,55458;4477,98000;UP
2026-06-03 05:58:00;M1;5;21;4480,68979;4481,13000;UP
2026-06-03 06:21:00;M1;5;21;4485,52076;4485,45000;DOWN
2026-06-03 06:26:00;M1;5;34;4484,79861;4483,77000;DOWN
2026-06-03 06:47:00;M1;5;55;4483,36700;4483,10000;DOWN
2026-06-03 06:51:00;M1;5;55;4483,90845;4485,17000;UP
2026-06-03 06:56:00;M1;5;55;4484,37816;4484,22000;DOWN
2026-06-03 07:01:00;M1;5;21;4484,97726;4485,61000;UP
2026-06-03 07:08:00;M1;5;55;4485,25680;4485,05000;DOWN
2026-06-03 07:11:00;M1;5;21;4485,37037;4485,76000;UP
2026-06-03 07:19:00;M1;5;89;4481,47057;4481,28000;DOWN
2026-06-03 08:02:00;M1;5;21;4468,75761;4469,02000;UP
2026-06-03 08:07:00;M1;5;21;4467,73886;4467,69000;DOWN
2026-06-03 08:11:00;M1;5;21;4467,49933;4471,46000;UP
2026-06-03 08:24:00;M1;5;34;4469,55669;4468,57000;DOWN
2026-06-03 08:26:00;M1;5;34;4468,65049;4468,79000;UP
2026-06-03 08:27:00;M1;5;21;4467,86559;4467,47000;DOWN
2026-06-03 08:31:00;M1;5;34;4467,60573;4460,08000;DOWN
2026-06-03 08:37:00;M1;5;21;4466,81961;4468,83000;UP
2026-06-03 08:41:00;M1;5;34;4465,50743;4463,49000;DOWN
2026-06-03 08:46:00;M1;5;21;4465,04344;4465,24000;UP
2026-06-03 08:53:00;M1;5;34;4463,80846;4462,83000;DOWN
2026-06-03 09:02:00;M1;5;21;4461,85914;4465,88000;UP
2026-06-03 09:07:00;M1;5;55;4464,62427;4463,71000;DOWN
2026-06-03 09:11:00;M1;5;55;4463,71141;4464,49000;UP
2026-06-03 09:23:00;M1;5;55;4462,31399;4461,28000;DOWN
2026-06-03 09:28:00;M1;5;34;4461,46933;4462,07000;UP
2026-06-03 09:31:00;M1;5;21;4462,28482;4462,96000;UP
2026-06-03 09:33:00;M1;5;55;4461,03523;4459,74000;DOWN
2026-06-03 09:36:00;M1;5;34;4460,77103;4462,28000;UP
2026-06-03 09:40:00;M1;5;21;4461,94757;4461,47000;DOWN
2026-06-03 09:42:00;M1;5;21;4461,59905;4462,89000;UP
2026-06-03 09:45:00;M1;5;55;4459,92677;4456,51000;DOWN
2026-06-03 09:46:00;M1;5;21;4461,06344;4455,88000;DOWN
2026-06-03 09:55:00;M1;5;34;4459,61342;4459,74000;UP
2026-06-03 09:56:00;M1;5;21;4459,87415;4461,17000;UP
2026-06-03 10:02:00;M1;5;89;4462,88082;4464,29000;UP
2026-06-03 10:19:00;M1;5;21;4464,12103;4463,51000;DOWN
2026-06-03 10:26:00;M1;5;89;4460,65034;4459,04000;DOWN
2026-06-03 10:34:00;M1;5;55;4459,18738;4461,48000;UP
2026-06-03 10:36:00;M1;5;89;4459,81752;4459,76000;DOWN
2026-06-03 10:43:00;M1;5;55;4458,97565;4459,87000;UP
2026-06-03 10:46:00;M1;5;89;4458,91439;4455,89000;DOWN
2026-06-03 10:51:00;M1;5;21;4459,72655;4460,57000;UP
2026-06-03 10:56:00;M1;5;89;4457,97122;4456,91000;DOWN
2026-06-03 11:04:00;M1;5;21;4457,04311;4457,62000;UP
2026-06-03 11:06:00;M1;5;89;4457,02116;4455,54000;DOWN
2026-06-03 11:11:00;M1;5;21;4455,08901;4456,04000;UP
2026-06-03 11:16:00;M1;5;89;4456,08724;4454,24000;DOWN
2026-06-03 11:22:00;M1;5;21;4453,44636;4453,49000;UP
2026-06-03 11:28:00;M1;5;34;4455,21019;4456,47000;UP
2026-06-03 11:33:00;M1;5;55;4455,61218;4455,46000;DOWN
2026-06-03 11:36:00;M1;5;55;4455,28527;4455,80000;UP
2026-06-03 11:45:00;M1;5;55;4455,02382;4454,95000;DOWN
2026-06-03 11:46:00;M1;5;55;4454,76104;4456,01000;UP
2026-06-03 11:50:00;M1;5;21;4454,03358;4453,81000;DOWN
2026-06-03 11:51:00;M1;5;89;4453,26649;4443,49000;DOWN
2026-06-03 12:03:00;M1;5;21;4450,07479;4451,33000;UP
2026-06-03 12:06:00;M1;5;55;4452,15582;4454,16000;UP
2026-06-03 12:14:00;M1;5;89;4451,37882;4451,33000;DOWN
2026-06-03 12:19:00;M1;5;21;4449,84650;4450,14000;UP
2026-06-03 12:22:00;M1;5;89;4450,53740;4449,64000;DOWN
2026-06-03 12:26:00;M1;5;21;4447,78986;4448,60000;UP
2026-06-03 12:31:00;M1;5;34;4447,38603;4441,81000;DOWN
2026-06-03 12:37:00;M1;5;21;4444,69478;4445,41000;UP
2026-06-03 12:42:00;M1;5;34;4445,54249;4445,42000;DOWN
2026-06-03 12:46:00;M1;5;34;4444,96472;4445,58000;UP
2026-06-03 12:52:00;M1;5;55;4445,65423;4445,42000;DOWN
2026-06-03 12:56:00;M1;5;21;4443,13934;4443,64000;UP
2026-06-03 13:02:00;M1;5;34;4443,50608;4446,25000;UP
2026-06-03 13:01:00;M1;5;21;4443,07138;4442,37000;DOWN
2026-06-03 13:06:00;M1;5;21;4444,98548;4456,03000;UP
2026-06-03 13:26:00;M1;5;21;4458,52073;4454,18000;DOWN
2026-06-03 13:31:00;M1;5;21;4460,54378;4460,79000;UP
2026-06-03 13:36:00;M1;5;21;4461,96349;4458,80000;DOWN
2026-06-03 13:42:00;M1;5;34;4456,15052;4455,98000;DOWN
2026-06-03 13:50:00;M1;5;34;4457,11427;4458,48000;UP
2026-06-03 13:51:00;M1;5;34;4458,07116;4457,97000;DOWN
2026-06-03 13:56:00;M1;5;34;4458,96099;4460,66000;UP
2026-06-03 14:02:00;M1;5;21;4461,31310;4463,43000;UP
2026-06-03 14:01:00;M1;5;34;4460,06047;4459,48000;DOWN
2026-06-03 14:06:00;M1;5;34;4461,21908;4463,83000;UP
2026-06-03 14:11:00;M1;5;34;4462,26153;4461,40000;DOWN
2026-06-03 14:20:00;M1;5;21;4462,35555;4465,17000;UP
2026-06-03 14:21:00;M1;5;34;4463,73191;4463,45000;DOWN
2026-06-03 14:27:00;M1;5;21;4463,20609;4464,22000;UP
2026-06-03 14:33:00;M1;5;34;4464,76978;4464,06000;DOWN
2026-06-03 14:36:00;M1;5;21;4464,66162;4463,67000;DOWN
2026-06-03 14:43:00;M1;5;55;4462,14874;4459,77000;DOWN
2026-06-03 14:51:00;M1;5;21;4464,02507;4464,21000;UP
2026-06-03 14:56:00;M1;5;55;4464,17343;4462,30000;DOWN
2026-06-03 15:04:00;M1;5;21;4463,55059;4463,66000;UP
2026-06-03 15:08:00;M1;5;89;4458,03538;4457,40000;DOWN
2026-06-03 15:11:00;M1;5;89;4458,52166;4459,96000;UP
2026-06-03 15:20:00;M1;5;21;4460,79769;4460,98000;UP
2026-06-03 15:16:00;M1;5;89;4458,91811;4456,40000;DOWN
2026-06-03 15:21:00;M1;5;89;4459,26241;4460,57000;UP
2026-06-03 15:23:00;M1;5;21;4459,53551;4457,91000;DOWN
2026-06-03 15:26:00;M1;5;89;4459,49557;4454,56000;DOWN
2026-06-03 15:32:00;M1;5;21;4456,11889;4456,46000;UP
2026-06-03 15:36:00;M1;5;21;4454,04011;4452,72000;DOWN
2026-06-03 15:41:00;M1;5;21;4452,97799;4457,03000;UP
2026-06-03 15:50:00;M1;5;55;4461,26484;4464,87000;UP
2026-06-03 15:55:00;M1;5;89;4459,77676;4458,48000;DOWN
2026-06-03 15:57:00;M1;5;55;4460,51743;4460,89000;UP
2026-06-03 16:16:00;M1;5;89;4460,96094;4459,54000;DOWN
2026-06-03 16:51:00;M1;5;21;4440,86394;4443,00000;UP
2026-06-03 16:59:00;M1;5;34;4445,83296;4446,21000;UP
2026-06-03 17:01:00;M1;5;34;4444,49596;4444,16000;DOWN
2026-06-03 17:06:00;M1;5;34;4443,80093;4449,38000;UP
2026-06-03 17:11:00;M1;5;89;4453,94504;4454,49000;UP
2026-06-03 17:17:00;M1;5;89;4453,27480;4452,87000;DOWN
2026-06-03 17:32:00;M1;5;21;4448,65525;4448,63000;DOWN
2026-06-03 17:37:00;M1;5;21;4450,28707;4452,33000;UP
2026-06-03 17:41:00;M1;5;89;4450,97124;4450,95000;DOWN
2026-06-03 17:47:00;M1;5;21;4451,98371;4452,57000;UP
2026-06-03 18:05:00;M1;5;34;4450,53932;4450,31000;DOWN
2026-06-03 18:06:00;M1;5;89;4450,04063;4449,35000;DOWN
2026-06-03 18:11:00;M1;5;89;4449,83140;4449,99000;UP
2026-06-03 18:12:00;M1;5;55;4447,53656;4446,51000;DOWN
2026-06-03 18:16:00;M1;5;55;4447,54149;4449,46000;UP
2026-06-03 18:16:00;M1;5;89;4449,56038;4449,46000;DOWN
2026-06-03 18:21:00;M1;5;55;4447,35553;4445,09000;DOWN
2026-06-03 18:43:00;M1;5;21;4441,65915;4442,03000;UP
2026-06-03 18:46:00;M1;5;21;4439,89683;4438,30000;DOWN
2026-06-03 18:51:00;M1;5;21;4438,75438;4441,74000;UP
2026-06-03 19:04:00;M1;5;34;4442,32623;4442,74000;UP
2026-06-03 19:07:00;M1;5;34;4441,41683;4438,28000;DOWN
2026-06-03 19:11:00;M1;5;21;4438,32470;4439,57000;UP
2026-06-03 19:16:00;M1;5;34;4439,48316;4440,71000;UP
2026-06-03 19:18:00;M1;5;21;4438,14618;4436,99000;DOWN
2026-06-03 19:21:00;M1;5;21;4437,70595;4437,91000;UP
2026-06-03 19:21:00;M1;5;34;4438,43570;4437,91000;DOWN
2026-06-03 19:29:00;M1;5;34;4437,50092;4437,56000;UP
2026-06-03 19:26:00;M1;5;21;4437,32143;4436,96000;DOWN
2026-06-03 19:31:00;M1;5;21;4437,27009;4439,38000;UP
2026-06-03 19:39:00;M1;5;34;4436,33898;4436,20000;DOWN
2026-06-03 19:44:00;M1;5;21;4436,97932;4438,93000;UP
2026-06-03 19:47:00;M1;5;89;4439,37323;4439,85000;UP
2026-06-03 19:49:00;M1;5;55;4438,12119;4437,94000;DOWN
2026-06-03 19:51:00;M1;5;55;4437,54731;4438,24000;UP
2026-06-03 19:51:00;M1;5;89;4438,88398;4438,24000;DOWN
2026-06-03 19:56:00;M1;5;89;4438,48809;4439,18000;UP
2026-06-03 20:17:00;M1;5;21;4442,60660;4441,92000;DOWN
2026-06-03 20:30:00;M1;5;89;4437,96100;4435,67000;DOWN
2026-06-03 20:33:00;M1;5;55;4437,85951;4439,90000;UP
2026-06-03 20:43:00;M1;5;34;4440,86245;4441,21000;UP
2026-06-03 20:49:00;M1;5;55;4438,20587;4438,18000;DOWN
2026-06-03 20:51:00;M1;5;55;4438,22899;4438,92000;UP
2026-06-03 21:01:00;M1;5;21;4438,88446;4439,53000;UP
2026-06-03 21:08:00;M1;5;89;4436,93692;4436,81000;DOWN
2026-06-03 21:11:00;M1;5;21;4437,77113;4438,02000;UP
2026-06-03 21:16:00;M1;5;89;4436,54324;4436,02000;DOWN
2026-06-03 21:21:00;M1;5;21;4437,20622;4437,80000;UP
2026-06-03 21:26:00;M1;5;34;4438,62068;4439,80000;UP
2026-06-03 21:35:00;M1;5;55;4438,00994;4437,20000;DOWN
2026-06-03 21:36:00;M1;5;21;4437,83706;4438,57000;UP
2026-06-03 22:22:00;M1;5;21;4448,90898;4448,69000;DOWN
2026-06-03 22:39:00;M1;5;34;4447,94861;4447,78000;DOWN
2026-06-03 22:46:00;M1;5;55;4445,70800;4445,27000;DOWN
2026-06-03 22:53:00;M1;5;55;4446,21969;4446,45000;UP
2026-06-03 22:56:00;M1;5;55;4446,60350;4444,61000;DOWN
2026-06-03 23:02:00;M1;5;89;4442,80095;4442,35000;DOWN
2026-06-03 23:26:00;M1;5;21;4438,93973;4439,87000;UP
2026-06-03 23:32:00;M1;5;21;4437,35967;4435,27000;DOWN
2026-06-03 23:45:00;M1;5;21;4434,25291;4434,35000;UP
2026-06-03 23:49:00;M1;5;21;4432,76092;4431,48000;DOWN
2026-06-03 23:53:00;M1;5;21;4431,77039;4432,05000;UP
2026-06-04 01:01:00;M1;5;34;4433,41876;4438,10000;UP
2026-06-04 01:06:00;M1;5;55;4438,42471;4432,65000;DOWN
2026-06-04 01:15:00;M1;5;34;4431,71030;4428,94000;DOWN
2026-06-04 01:23:00;M1;5;21;4429,68975;4430,42000;UP
2026-06-04 01:27:00;M1;5;55;4434,21034;4434,47000;UP
2026-06-04 01:34:00;M1;5;89;4437,69912;4439,78000;UP
2026-06-04 01:38:00;M1;5;89;4437,33837;4436,44000;DOWN
2026-06-04 01:41:00;M1;5;89;4437,02898;4437,47000;UP
2026-06-04 02:12:00;M1;5;21;4446,51875;4446,24000;DOWN
2026-06-04 02:23:00;M1;5;21;4449,90278;4450,47000;UP
2026-06-04 02:26:00;M1;5;21;4451,24740;4449,79000;DOWN
2026-06-04 02:38:00;M1;5;34;4449,05827;4449,03000;DOWN
2026-06-04 02:45:00;M1;5;21;4454,03837;4459,72000;UP
2026-06-04 02:56:00;M1;5;21;4458,14756;4457,97000;DOWN
2026-06-04 03:01:00;M1;5;21;4459,49521;4461,86000;UP
2026-06-04 03:06:00;M1;5;34;4459,11665;4457,98000;DOWN
2026-06-04 03:15:00;M1;5;55;4452,96369;4451,50000;DOWN
2026-06-04 03:17:00;M1;5;55;4454,31585;4455,50000;UP
2026-06-04 03:21:00;M1;5;55;4455,36023;4451,87000;DOWN
2026-06-04 03:31:00;M1;5;89;4448,88853;4448,79000;DOWN
2026-06-04 03:49:00;M1;5;21;4449,73005;4449,90000;UP
2026-06-04 03:55:00;M1;5;89;4450,72161;4448,14000;DOWN
2026-06-04 03:56:00;M1;5;21;4448,07137;4448,17000;UP
2026-06-04 04:02:00;M1;5;34;4452,96061;4454,60000;UP
2026-06-04 04:09:00;M1;5;55;4456,93656;4459,52000;UP
2026-06-04 04:36:00;M1;5;21;4467,79414;4466,38000;DOWN
2026-06-04 04:41:00;M1;5;55;4462,47002;4461,85000;DOWN
2026-06-04 04:46:00;M1;5;34;4463,62473;4463,67000;UP
2026-06-04 04:52:00;M1;5;89;4460,85094;4457,53000;DOWN
2026-06-04 04:56:00;M1;5;34;4465,46568;4466,67000;UP
2026-06-04 05:04:00;M1;5;89;4462,52725;4462,31000;DOWN
2026-06-04 05:21:00;M1;5;21;4462,49357;4462,72000;UP
2026-06-04 05:27:00;M1;5;21;4461,57680;4461,43000;DOWN
2026-06-04 05:40:00;M1;5;21;4460,05615;4461,28000;UP
2026-06-04 05:45:00;M1;5;34;4463,71360;4466,34000;UP
2026-06-04 06:11:00;M1;5;21;4473,10763;4473,04000;DOWN
2026-06-04 06:20:00;M1;5;89;4469,39581;4469,19000;DOWN
2026-06-04 06:57:00;M1;5;21;4463,28816;4463,37000;UP
2026-06-04 07:12:00;M1;5;34;4466,25064;4468,39000;UP
2026-06-04 07:17:00;M1;5;89;4471,29525;4470,78000;DOWN
2026-06-04 07:21:00;M1;5;89;4471,44049;4473,55000;UP
2026-06-04 07:49:00;M1;5;21;4480,37195;4479,62000;DOWN
2026-06-04 08:03:00;M1;5;34;4478,52426;4477,38000;DOWN
2026-06-04 08:07:00;M1;5;89;4476,12124;4476,01000;DOWN
2026-06-04 08:13:00;M1;5;55;4476,92506;4477,83000;UP
2026-06-04 08:16:00;M1;5;89;4476,97411;4476,60000;DOWN
2026-06-04 08:41:00;M1;5;21;4473,29609;4473,98000;UP
2026-06-04 08:46:00;M1;5;21;4471,87852;4470,93000;DOWN
2026-06-04 08:52:00;M1;5;21;4470,56088;4470,82000;UP
2026-06-04 08:56:00;M1;5;21;4469,44367;4468,08000;DOWN
2026-06-04 09:01:00;M1;5;21;4468,99004;4472,70000;UP
2026-06-04 09:10:00;M1;5;55;4476,59453;4476,61000;UP
2026-06-04 09:11:00;M1;5;55;4476,42388;4475,08000;DOWN
2026-06-04 09:16:00;M1;5;34;4472,03481;4470,47000;DOWN
2026-06-04 09:28:00;M1;5;21;4470,42701;4471,35000;UP
2026-06-04 09:35:00;M1;5;55;4474,91423;4476,42000;UP
2026-06-04 09:32:00;M1;5;34;4470,65315;4470,08000;DOWN
2026-06-04 09:36:00;M1;5;21;4471,48496;4473,62000;UP
2026-06-04 09:36:00;M1;5;55;4474,52650;4473,62000;DOWN
2026-06-04 09:42:00;M1;5;34;4470,44775;4469,96000;DOWN
2026-06-04 10:04:00;M1;5;21;4468,83882;4470,15000;UP
2026-06-04 10:06:00;M1;5;34;4468,51285;4467,51000;DOWN
2026-06-04 10:18:00;M1;5;21;4466,66983;4468,21000;UP
2026-06-04 10:21:00;M1;5;34;4467,18649;4465,58000;DOWN
2026-06-04 10:30:00;M1;5;21;4465,46951;4466,68000;UP
2026-06-04 10:31:00;M1;5;34;4466,09633;4466,40000;UP
2026-06-04 10:33:00;M1;5;21;4464,85363;4463,60000;DOWN
2026-06-04 10:37:00;M1;5;21;4464,18945;4465,01000;UP
2026-06-04 10:36:00;M1;5;34;4465,46255;4464,09000;DOWN
2026-06-04 10:41:00;M1;5;21;4463,37450;4462,47000;DOWN
2026-06-04 10:52:00;M1;5;21;4461,66570;4461,83000;UP
2026-06-04 10:57:00;M1;5;21;4461,01089;4460,52000;DOWN
2026-06-04 11:01:00;M1;5;21;4460,98895;4463,20000;UP
2026-06-04 11:11:00;M1;5;55;4462,77975;4462,27000;DOWN
2026-06-04 11:16:00;M1;5;21;4461,82010;4464,25000;UP
2026-06-04 11:21:00;M1;5;55;4461,92901;4459,54000;DOWN
2026-06-04 11:29:00;M1;5;21;4461,74955;4463,35000;UP
2026-06-04 11:31:00;M1;5;89;4465,26217;4461,13000;DOWN
2026-06-04 11:36:00;M1;5;21;4462,18751;4463,99000;UP
2026-06-04 11:38:00;M1;5;34;4460,94084;4460,82000;DOWN
2026-06-04 11:41:00;M1;5;34;4460,96940;4461,73000;UP
2026-06-04 11:41:00;M1;5;21;4462,36644;4461,73000;DOWN
2026-06-04 11:46:00;M1;5;21;4462,15628;4462,33000;UP
2026-06-04 11:49:00;M1;5;55;4460,44382;4460,04000;DOWN
2026-06-04 11:51:00;M1;5;34;4460,97066;4462,16000;UP
2026-06-04 11:52:00;M1;5;21;4462,05030;4461,69000;DOWN
2026-06-04 11:56:00;M1;5;21;4462,11289;4465,59000;UP
2026-06-04 12:00:00;M1;5;89;4462,96085;4462,78000;DOWN
2026-06-04 12:01:00;M1;5;89;4462,66485;4463,51000;UP
2026-06-04 12:12:00;M1;5;21;4464,58435;4462,98000;DOWN
2026-06-04 12:19:00;M1;5;21;4465,24800;4466,05000;UP
2026-06-04 12:22:00;M1;5;34;4463,96305;4463,78000;DOWN
2026-06-04 12:28:00;M1;5;21;4466,02123;4466,15000;UP
2026-06-04 12:31:00;M1;5;34;4464,75547;4462,78000;DOWN
2026-06-04 12:37:00;M1;5;21;4466,77519;4468,14000;UP
2026-06-04 12:43:00;M1;5;21;4467,23314;4466,22000;DOWN
2026-06-04 12:46:00;M1;5;21;4467,96816;4468,30000;UP
2026-06-04 12:58:00;M1;5;21;4470,33141;4470,17000;DOWN
2026-06-04 13:01:00;M1;5;21;4471,17429;4471,23000;UP
2026-06-04 13:06:00;M1;5;34;4470,04657;4469,75000;DOWN
2026-06-04 13:13:00;M1;5;34;4470,64374;4471,38000;UP
2026-06-04 13:16:00;M1;5;34;4471,00129;4469,25000;DOWN
2026-06-04 13:21:00;M1;5;55;4468,29894;4467,47000;DOWN
2026-06-04 13:32:00;M1;5;55;4468,95174;4468,96000;UP
2026-06-04 13:36:00;M1;5;21;4469,40117;4470,11000;UP
2026-06-04 13:38:00;M1;5;55;4469,22245;4468,87000;DOWN
2026-06-04 13:41:00;M1;5;34;4470,70014;4470,87000;UP
2026-06-04 13:50:00;M1;5;34;4470,81664;4470,22000;DOWN
2026-06-04 13:54:00;M1;5;34;4470,98141;4471,05000;UP
2026-06-04 13:52:00;M1;5;55;4470,21733;4469,42000;DOWN
2026-06-04 13:56:00;M1;5;21;4470,29621;4470,54000;UP
2026-06-04 13:56:00;M1;5;34;4471,28428;4470,54000;DOWN
2026-06-04 14:01:00;M1;5;34;4471,56826;4472,25000;UP
2026-06-04 14:02:00;M1;5;55;4471,07767;4469,42000;DOWN
2026-06-04 14:06:00;M1;5;21;4472,18950;4473,39000;UP
2026-06-04 14:36:00;M1;5;21;4483,92062;4483,24000;DOWN
2026-06-04 14:41:00;M1;5;21;4486,78541;4490,63000;UP
2026-06-04 15:04:00;M1;5;21;4503,64176;4497,28000;DOWN
2026-06-04 15:10:00;M1;5;34;4497,95052;4497,05000;DOWN
2026-06-04 15:16:00;M1;5;55;4493,76305;4492,12000;DOWN
2026-06-04 15:21:00;M1;5;55;4495,35237;4497,29000;UP
2026-06-04 15:39:00;M1;5;55;4499,45513;4498,92000;DOWN
2026-06-04 15:44:00;M1;5;21;4500,98135;4502,12000;UP
2026-06-04 15:50:00;M1;5;34;4505,66220;4507,33000;UP
2026-06-04 15:46:00;M1;5;55;4502,12816;4499,25000;DOWN
2026-06-04 15:51:00;M1;5;21;4502,20956;4509,78000;UP
2026-06-04 15:57:00;M1;5;55;4504,98709;4504,71000;DOWN
2026-06-04 16:01:00;M1;5;21;4504,70249;4509,94000;UP
2026-06-04 16:06:00;M1;5;55;4507,47842;4506,75000;DOWN
2026-06-04 16:15:00;M1;5;21;4506,14552;4506,43000;UP
2026-06-04 16:20:00;M1;5;34;4507,94053;4508,41000;UP
2026-06-04 16:16:00;M1;5;21;4506,75942;4505,54000;DOWN
2026-06-04 16:22:00;M1;5;21;4507,09616;4507,33000;UP
2026-06-04 16:21:00;M1;5;34;4507,93924;4506,44000;DOWN
2026-06-04 16:26:00;M1;5;89;4504,27015;4502,74000;DOWN
2026-06-04 16:35:00;M1;5;21;4507,22634;4509,55000;UP
2026-06-04 16:40:00;M1;5;89;4506,46786;4505,67000;DOWN
2026-06-04 16:43:00;M1;5;21;4508,53302;4509,28000;UP
2026-06-04 16:48:00;M1;5;89;4508,73513;4508,40000;DOWN
2026-06-04 16:51:00;M1;5;21;4509,17032;4511,28000;UP
2026-06-04 16:56:00;M1;5;89;4510,40327;4501,95000;DOWN
2026-06-04 17:27:00;M1;5;21;4486,80808;4486,97000;UP
2026-06-04 17:31:00;M1;5;21;4483,91766;4483,42000;DOWN
2026-06-04 17:37:00;M1;5;21;4481,25816;4481,84000;UP
2026-06-04 17:42:00;M1;5;21;4478,48535;4476,63000;DOWN
2026-06-04 18:01:00;M1;5;21;4464,74842;4466,94000;UP
2026-06-04 18:09:00;M1;5;34;4469,12193;4470,27000;UP
2026-06-04 18:34:00;M1;5;55;4471,37750;4471,88000;UP
2026-06-04 19:05:00;M1;5;21;4475,81470;4475,47000;DOWN
2026-06-04 19:07:00;M1;5;21;4477,40627;4478,75000;UP
2026-06-04 19:26:00;M1;5;21;4483,21658;4483,09000;DOWN
2026-06-04 19:44:00;M1;5;34;4481,42235;4481,37000;DOWN
2026-06-04 19:46:00;M1;5;34;4482,27660;4483,19000;UP
2026-06-04 19:51:00;M1;5;34;4482,95597;4481,89000;DOWN
2026-06-04 20:13:00;M1;5;55;4477,18098;4476,86000;DOWN
2026-06-04 20:26:00;M1;5;21;4477,44759;4478,37000;UP
2026-06-04 20:33:00;M1;5;34;4480,71084;4480,77000;UP
2026-06-04 20:38:00;M1;5;55;4478,88172;4478,57000;DOWN
2026-06-04 20:50:00;M1;5;34;4478,86135;4479,15000;UP
2026-06-04 20:51:00;M1;5;55;4479,28543;4479,70000;UP
2026-06-04 20:54:00;M1;5;34;4478,41305;4478,36000;DOWN
2026-06-04 20:57:00;M1;5;34;4478,02961;4478,58000;UP
2026-06-04 20:56:00;M1;5;55;4479,36830;4477,98000;DOWN
2026-06-04 21:04:00;M1;5;34;4477,67948;4477,26000;DOWN
2026-06-04 21:08:00;M1;5;21;4477,16079;4477,64000;UP
2026-06-04 21:16:00;M1;5;21;4477,75027;4477,74000;DOWN
2026-06-04 21:21:00;M1;5;21;4478,17505;4479,60000;UP
2026-06-04 21:28:00;M1;5;55;4479,11330;4477,52000;DOWN
2026-06-04 21:34:00;M1;5;89;4474,36634;4473,72000;DOWN
2026-06-04 21:47:00;M1;5;21;4475,78167;4475,95000;UP
2026-06-04 21:51:00;M1;5;55;4477,42282;4478,89000;UP
2026-06-04 22:10:00;M1;5;55;4477,01555;4476,41000;DOWN
2026-06-04 22:11:00;M1;5;21;4477,41008;4477,81000;UP
2026-06-04 22:22:00;M1;5;21;4478,46566;4478,36000;DOWN
2026-06-04 22:26:00;M1;5;21;4479,09341;4479,14000;UP
2026-06-04 22:31:00;M1;5;21;4479,54067;4478,54000;DOWN
2026-06-04 22:45:00;M1;5;55;4477,69078;4477,48000;DOWN
2026-06-04 22:49:00;M1;5;55;4477,78456;4478,44000;UP
2026-06-04 22:51:00;M1;5;55;4477,86003;4477,38000;DOWN
2026-06-04 22:57:00;M1;5;21;4479,34091;4479,39000;UP
2026-06-04 23:07:00;M1;5;34;4479,48652;4479,09000;DOWN
2026-06-04 23:11:00;M1;5;55;4478,37982;4478,34000;DOWN
2026-06-04 23:16:00;M1;5;55;4478,45924;4479,08000;UP
2026-06-04 23:22:00;M1;5;89;4477,57869;4477,45000;DOWN
2026-06-04 23:29:00;M1;5;89;4477,65609;4477,68000;UP
2026-06-04 23:31:00;M1;5;89;4477,69823;4476,30000;DOWN
2026-06-04 23:52:00;M1;5;21;4475,43316;4475,51000;UP
2026-06-04 23:56:00;M1;5;21;4475,01391;4474,81000;DOWN
2026-06-05 01:02:00;M1;5;21;4474,56924;4474,69000;UP
2026-06-05 01:06:00;M1;5;34;4475,61894;4475,95000;UP
2026-06-05 01:12:00;M1;5;34;4475,24629;4474,91000;DOWN
2026-06-05 01:16:00;M1;5;34;4475,07207;4475,20000;UP
2026-06-05 01:37:00;M1;5;21;4477,61145;4477,61000;DOWN
2026-06-05 01:41:00;M1;5;21;4477,89074;4478,28000;UP
2026-06-05 01:43:00;M1;5;89;4477,00845;4476,00000;DOWN
2026-06-05 01:46:00;M1;5;21;4477,63174;4475,77000;DOWN
2026-06-05 02:10:00;M1;5;21;4472,08699;4472,09000;UP
2026-06-05 02:14:00;M1;5;21;4470,95091;4470,91000;DOWN
2026-06-05 02:16:00;M1;5;21;4469,97321;4470,81000;UP
2026-06-05 02:25:00;M1;5;34;4471,76516;4472,72000;UP
2026-06-05 02:21:00;M1;5;21;4469,35130;4468,66000;DOWN
2026-06-05 02:26:00;M1;5;21;4468,79480;4471,29000;UP
2026-06-05 02:27:00;M1;5;34;4471,19171;4469,19000;DOWN
2026-06-05 02:31:00;M1;5;21;4468,01195;4465,31000;DOWN
2026-06-05 02:50:00;M1;5;21;4464,54653;4465,29000;UP
2026-06-05 02:52:00;M1;5;21;4463,62606;4463,26000;DOWN
2026-06-05 02:56:00;M1;5;21;4462,65923;4463,55000;UP
2026-06-05 03:05:00;M1;5;34;4463,50004;4463,60000;UP
2026-06-05 03:01:00;M1;5;21;4461,78720;4460,69000;DOWN
2026-06-05 03:06:00;M1;5;21;4460,95360;4461,99000;UP
2026-06-05 03:06:00;M1;5;34;4462,54073;4461,99000;DOWN
2026-06-05 03:12:00;M1;5;21;4459,58892;4455,01000;DOWN
2026-06-05 03:28:00;M1;5;21;4454,67586;4456,52000;UP
2026-06-05 03:31:00;M1;5;55;4459,65495;4459,28000;DOWN
2026-06-05 03:36:00;M1;5;55;4458,78659;4464,95000;UP
2026-06-05 03:49:00;M1;5;89;4462,39569;4461,61000;DOWN
2026-06-05 03:51:00;M1;5;89;4461,85745;4462,53000;UP
2026-06-05 03:59:00;M1;5;89;4461,35300;4459,60000;DOWN
2026-06-05 04:03:00;M1;5;21;4461,70642;4463,05000;UP
2026-06-05 04:10:00;M1;5;21;4463,09793;4463,06000;DOWN
2026-06-05 04:14:00;M1;5;89;4460,30744;4459,92000;DOWN
2026-06-05 04:16:00;M1;5;89;4460,00410;4462,75000;UP
2026-06-05 04:21:00;M1;5;89;4459,62130;4458,79000;DOWN
2026-06-05 04:29:00;M1;5;55;4457,22805;4458,56000;UP
2026-06-05 04:31:00;M1;5;55;4456,96350;4456,92000;DOWN
2026-06-05 04:54:00;M1;5;21;4449,61519;4450,52000;UP
2026-06-05 04:57:00;M1;5;21;4447,46048;4446,65000;DOWN
2026-06-05 05:03:00;M1;5;21;4446,05579;4450,14000;UP
2026-06-05 05:12:00;M1;5;34;4448,92439;4449,84000;UP
2026-06-05 05:17:00;M1;5;55;4449,71913;4449,77000;UP
2026-06-05 05:19:00;M1;5;34;4447,83330;4447,50000;DOWN
2026-06-05 05:21:00;M1;5;34;4447,17385;4450,04000;UP
2026-06-05 05:30:00;M1;5;89;4449,91810;4444,86000;DOWN
2026-06-05 05:32:00;M1;5;21;4446,75661;4446,98000;UP
2026-06-05 05:36:00;M1;5;34;4445,61033;4444,02000;DOWN
2026-06-05 05:45:00;M1;5;21;4446,25649;4446,51000;UP
2026-06-05 05:50:00;M1;5;55;4446,32906;4448,91000;UP
2026-06-05 05:46:00;M1;5;21;4445,67100;4445,48000;DOWN
2026-06-05 05:51:00;M1;5;21;4444,95016;4448,14000;UP
2026-06-05 05:54:00;M1;5;89;4446,66316;4443,09000;DOWN
2026-06-05 05:56:00;M1;5;21;4443,90737;4441,27000;DOWN
2026-06-05 06:11:00;M1;5;21;4439,86560;4440,03000;UP
2026-06-05 06:16:00;M1;5;89;4442,87128;4443,40000;UP
2026-06-05 06:18:00;M1;5;55;4440,83104;4438,38000;DOWN
2026-06-05 06:21:00;M1;5;89;4442,08983;4437,15000;DOWN
2026-06-05 06:26:00;M1;5;21;4436,95738;4437,13000;UP
2026-06-05 06:39:00;M1;5;89;4439,86067;4440,62000;UP
2026-06-05 07:08:00;M1;5;21;4440,73998;4440,27000;DOWN
2026-06-05 07:14:00;M1;5;21;4441,32556;4441,61000;UP
2026-06-05 07:18:00;M1;5;21;4441,49216;4440,53000;DOWN
2026-06-05 07:25:00;M1;5;21;4441,37983;4442,04000;UP
2026-06-05 07:30:00;M1;5;34;4439,13112;4437,66000;DOWN
2026-06-05 07:34:00;M1;5;34;4439,25044;4439,43000;UP
2026-06-05 07:39:00;M1;5;21;4440,55425;4441,61000;UP
2026-06-05 07:42:00;M1;5;21;4440,47642;4440,40000;DOWN
2026-06-05 07:47:00;M1;5;21;4440,47794;4441,23000;UP
2026-06-05 07:46:00;M1;5;34;4439,95214;4439,63000;DOWN
2026-06-05 07:51:00;M1;5;34;4440,37761;4442,29000;UP
2026-06-05 08:15:00;M1;5;21;4445,73059;4445,69000;DOWN
2026-06-05 08:21:00;M1;5;34;4445,10307;4444,23000;DOWN
2026-06-05 08:31:00;M1;5;55;4442,47028;4442,24000;DOWN
2026-06-05 08:36:00;M1;5;21;4446,95533;4447,63000;UP
2026-06-05 08:45:00;M1;5;55;4443,39974;4443,10000;DOWN
2026-06-05 08:48:00;M1;5;21;4446,20736;4446,25000;UP
2026-06-05 08:54:00;M1;5;55;4444,18863;4443,55000;DOWN
2026-06-05 09:02:00;M1;5;89;4438,98094;4437,52000;DOWN
2026-06-05 09:06:00;M1;5;89;4439,12620;4440,42000;UP
2026-06-05 09:11:00;M1;5;89;4439,19434;4438,90000;DOWN
2026-06-05 09:22:00;M1;5;21;4438,45339;4438,78000;UP
2026-06-05 09:28:00;M1;5;55;4442,98441;4441,17000;DOWN
2026-06-05 09:31:00;M1;5;34;4441,16731;4443,91000;UP
2026-06-05 10:02:00;M1;5;21;4452,18720;4451,91000;DOWN
2026-06-05 10:06:00;M1;5;21;4454,42308;4455,75000;UP
2026-06-05 10:21:00;M1;5;21;4461,03571;4460,41000;DOWN
2026-06-05 10:26:00;M1;5;21;4463,48095;4463,78000;UP
2026-06-05 10:31:00;M1;5;21;4465,71002;4465,29000;DOWN
2026-06-05 10:39:00;M1;5;34;4462,00008;4461,96000;DOWN
2026-06-05 10:42:00;M1;5;34;4463,73839;4465,32000;UP
2026-06-05 10:46:00;M1;5;34;4465,08615;4463,09000;DOWN
2026-06-05 10:59:00;M1;5;55;4460,87463;4460,84000;DOWN
2026-06-05 11:01:00;M1;5;55;4461,89484;4462,58000;UP
2026-06-05 11:06:00;M1;5;55;4462,79624;4461,84000;DOWN
2026-06-05 11:19:00;M1;5;21;4462,91273;4462,97000;UP
2026-06-05 11:22:00;M1;5;55;4465,11411;4465,13000;UP
2026-06-05 11:26:00;M1;5;55;4465,88695;4464,74000;DOWN
2026-06-05 11:40:00;M1;5;89;4461,30061;4461,16000;DOWN
2026-06-05 11:42:00;M1;5;89;4461,99736;4462,70000;UP
2026-06-05 11:48:00;M1;5;21;4463,28277;4464,02000;UP
2026-06-05 11:50:00;M1;5;89;4462,66561;4462,62000;DOWN
2026-06-05 11:54:00;M1;5;89;4463,30835;4463,75000;UP
2026-06-05 11:51:00;M1;5;21;4463,36622;4463,24000;DOWN
2026-06-05 11:56:00;M1;5;89;4463,90873;4462,84000;DOWN
2026-06-05 12:13:00;M1;5;21;4462,75717;4468,44000;UP
2026-06-05 12:16:00;M1;5;55;4467,80440;4467,40000;DOWN
2026-06-05 12:21:00;M1;5;55;4467,81481;4468,00000;UP
2026-06-05 12:26:00;M1;5;89;4466,90900;4466,38000;DOWN
2026-06-05 12:41:00;M1;5;21;4464,86548;4465,31000;UP
2026-06-05 12:46:00;M1;5;55;4467,24954;4468,92000;UP
2026-06-05 12:50:00;M1;5;34;4464,68029;4464,54000;DOWN
2026-06-05 12:54:00;M1;5;21;4465,33766;4465,50000;UP
2026-06-05 12:51:00;M1;5;89;4468,82826;4465,14000;DOWN
2026-06-05 12:56:00;M1;5;34;4464,96759;4462,89000;DOWN
2026-06-05 13:14:00;M1;5;21;4465,00074;4465,16000;UP
2026-06-05 13:16:00;M1;5;34;4465,26815;4465,36000;UP
2026-06-05 13:17:00;M1;5;21;4465,03217;4464,70000;DOWN
2026-06-05 13:21:00;M1;5;21;4465,34717;4467,11000;UP
2026-06-05 13:26:00;M1;5;55;4466,59190;4465,51000;DOWN
2026-06-05 13:31:00;M1;5;21;4465,55092;4466,04000;UP
2026-06-05 13:36:00;M1;5;34;4465,56085;4462,59000;DOWN
2026-06-05 13:45:00;M1;5;21;4464,87712;4466,74000;UP
2026-06-05 13:47:00;M1;5;55;4466,13871;4465,27000;DOWN
2026-06-05 13:51:00;M1;5;34;4465,35644;4467,23000;UP
2026-06-05 14:01:00;M1;5;55;4466,06154;4465,36000;DOWN
2026-06-05 14:08:00;M1;5;21;4465,68107;4466,22000;UP
2026-06-05 14:11:00;M1;5;55;4465,99812;4465,85000;DOWN
2026-06-05 14:26:00;M1;5;21;4463,56368;4463,65000;UP
2026-06-05 14:33:00;M1;5;55;4465,20116;4464,83000;DOWN
2026-06-05 14:37:00;M1;5;55;4465,03817;4466,18000;UP
2026-06-05 14:39:00;M1;5;34;4464,15737;4463,43000;DOWN
2026-06-05 14:41:00;M1;5;21;4463,58742;4464,87000;UP
2026-06-05 14:41:00;M1;5;55;4464,92076;4464,87000;DOWN
2026-06-05 14:46:00;M1;5;55;4464,90600;4465,01000;UP
2026-06-05 14:51:00;M1;5;89;4467,80950;4474,84000;UP
2026-06-05 15:01:00;M1;5;89;4467,86060;4467,64000;DOWN
2026-06-05 15:10:00;M1;5;21;4468,08572;4469,70000;UP
2026-06-05 15:12:00;M1;5;89;4467,96840;4467,07000;DOWN
2026-06-05 15:18:00;M1;5;21;4469,56528;4471,02000;UP
2026-06-05 15:25:00;M1;5;89;4468,25070;4466,03000;DOWN
2026-06-05 16:08:00;M1;5;21;4416,64403;4416,95000;UP
2026-06-05 16:30:00;M1;5;21;4400,54492;4399,49000;DOWN
2026-06-05 16:31:00;M1;5;21;4398,28652;4404,58000;UP
2026-06-05 16:37:00;M1;5;21;4395,43866;4389,49000;DOWN
2026-06-05 16:51:00;M1;5;21;4385,37781;4386,57000;UP
2026-06-05 16:56:00;M1;5;21;4380,09229;4379,32000;DOWN
2026-06-05 17:02:00;M1;5;21;4374,75315;4377,83000;UP
2026-06-05 17:08:00;M1;5;34;4373,53689;4374,50000;UP
2026-06-05 17:06:00;M1;5;21;4370,27175;4367,45000;DOWN
2026-06-05 17:11:00;M1;5;21;4366,05868;4367,62000;UP
2026-06-05 17:11:00;M1;5;34;4369,32809;4367,62000;DOWN
2026-06-05 17:16:00;M1;5;34;4365,75666;4365,95000;UP
2026-06-05 17:22:00;M1;5;34;4362,22399;4357,57000;DOWN
2026-06-05 17:27:00;M1;5;21;4356,75140;4358,91000;UP
2026-06-05 17:33:00;M1;5;34;4355,41590;4349,96000;DOWN
2026-06-05 17:36:00;M1;5;21;4350,42759;4351,60000;UP
2026-06-05 17:43:00;M1;5;34;4348,24379;4346,82000;DOWN
2026-06-05 17:46:00;M1;5;21;4345,83261;4353,36000;UP
2026-06-05 18:04:00;M1;5;89;4367,80641;4368,36000;UP
2026-06-05 18:08:00;M1;5;89;4364,43183;4363,73000;DOWN
2026-06-05 18:14:00;M1;5;21;4356,48122;4353,00000;DOWN
2026-06-05 18:26:00;M1;5;89;4352,08089;4352,90000;UP
2026-06-05 18:33:00;M1;5;89;4349,18240;4346,89000;DOWN
2026-06-05 18:36:00;M1;5;34;4346,39464;4347,36000;UP
2026-06-05 18:41:00;M1;5;89;4343,28404;4336,06000;DOWN
2026-06-05 18:52:00;M1;5;21;4340,82318;4341,03000;UP
2026-06-05 18:58:00;M1;5;89;4334,83839;4334,69000;DOWN
2026-06-05 19:03:00;M1;5;21;4335,21193;4335,37000;UP
2026-06-05 19:06:00;M1;5;21;4332,80626;4329,79000;DOWN
2026-06-05 19:11:00;M1;5;21;4330,83488;4334,04000;UP
2026-06-05 19:20:00;M1;5;55;4326,90787;4326,56000;DOWN
2026-06-05 19:21:00;M1;5;21;4327,59930;4328,44000;UP
2026-06-05 19:30:00;M1;5;34;4329,56546;4327,62000;DOWN
2026-06-05 19:34:00;M1;5;34;4327,80524;4328,79000;UP
2026-06-05 19:33:00;M1;5;21;4325,73261;4324,66000;DOWN
2026-06-05 19:36:00;M1;5;21;4325,56644;4325,71000;UP
2026-06-05 19:36:00;M1;5;34;4326,47759;4325,71000;DOWN
2026-06-05 19:41:00;M1;5;34;4325,34894;4329,14000;UP
2026-06-05 20:11:00;M1;5;21;4338,84524;4337,14000;DOWN
2026-06-05 20:17:00;M1;5;21;4340,31863;4341,32000;UP
2026-06-05 20:21:00;M1;5;21;4341,27690;4339,80000;DOWN
2026-06-05 20:29:00;M1;5;21;4342,21211;4342,35000;UP
2026-06-05 20:31:00;M1;5;21;4343,11729;4341,47000;DOWN
2026-06-05 20:39:00;M1;5;21;4344,04749;4344,99000;UP
2026-06-05 20:41:00;M1;5;21;4344,41117;4341,32000;DOWN
2026-06-05 20:46:00;M1;5;34;4340,60596;4340,46000;DOWN
2026-06-05 20:53:00;M1;5;34;4341,70779;4342,09000;UP
2026-06-05 20:56:00;M1;5;34;4342,56942;4342,12000;DOWN
2026-06-05 21:04:00;M1;5;55;4333,72356;4333,52000;DOWN
2026-06-05 21:36:00;M1;5;21;4322,70863;4325,43000;UP
2026-06-05 21:42:00;M1;5;89;4318,21826;4318,21000;DOWN
2026-06-05 21:49:00;M1;5;21;4318,49984;4321,71000;UP
2026-06-05 21:53:00;M1;5;89;4317,77950;4317,40000;DOWN
2026-06-05 21:56:00;M1;5;34;4321,87580;4324,09000;UP
2026-06-05 22:01:00;M1;5;34;4320,31730;4319,32000;DOWN
2026-06-05 22:06:00;M1;5;34;4318,96970;4320,11000;UP
2026-06-05 22:08:00;M1;5;89;4317,23757;4316,56000;DOWN
2026-06-05 22:11:00;M1;5;21;4316,63887;4317,94000;UP
2026-06-05 22:12:00;M1;5;34;4317,57238;4316,74000;DOWN
2026-06-05 22:18:00;M1;5;34;4316,38580;4318,04000;UP
2026-06-05 22:16:00;M1;5;89;4316,80633;4315,52000;DOWN
2026-06-05 22:21:00;M1;5;21;4316,23189;4318,24000;UP
2026-06-05 22:40:00;M1;5;55;4318,76541;4317,85000;DOWN
2026-06-05 22:45:00;M1;5;21;4319,71451;4320,29000;UP
2026-06-05 22:41:00;M1;5;89;4316,34434;4314,74000;DOWN
2026-06-05 22:46:00;M1;5;34;4316,28669;4321,40000;UP
2026-06-05 22:48:00;M1;5;21;4320,08246;4319,91000;DOWN
2026-06-05 22:51:00;M1;5;21;4320,08216;4320,93000;UP
2026-06-05 23:00:00;M1;5;89;4316,13377;4315,83000;DOWN
2026-06-05 23:13:00;M1;5;55;4314,49937;4315,94000;UP
2026-06-05 23:17:00;M1;5;21;4315,80969;4316,38000;UP
2026-06-05 23:16:00;M1;5;89;4314,95806;4314,22000;DOWN
2026-06-05 23:21:00;M1;5;89;4314,61052;4318,13000;UP
2026-06-08 01:05:00;M1;5;89;4314,62757;4312,63000;DOWN
2026-06-08 01:09:00;M1;5;55;4318,20884;4318,89000;UP
2026-06-08 01:14:00;M1;5;21;4327,01496;4329,89000;UP
2026-06-08 01:11:00;M1;5;55;4318,96664;4315,92000;DOWN
2026-06-08 01:16:00;M1;5;55;4319,75174;4327,00000;UP
2026-06-08 01:16:00;M1;5;21;4327,29303;4327,00000;DOWN
2026-06-08 01:21:00;M1;5;34;4325,25707;4325,23000;DOWN
2026-06-08 01:26:00;M1;5;55;4320,86013;4316,96000;DOWN
2026-06-08 01:35:00;M1;5;21;4324,94996;4325,28000;UP
2026-06-08 01:36:00;M1;5;34;4325,47866;4327,50000;UP
2026-06-08 01:41:00;M1;5;34;4325,59937;4325,14000;DOWN
2026-06-08 01:46:00;M1;5;55;4322,56099;4321,79000;DOWN
2026-06-08 01:51:00;M1;5;21;4323,62115;4324,12000;UP
2026-06-08 01:59:00;M1;5;89;4317,49565;4317,35000;DOWN
2026-06-08 02:01:00;M1;5;21;4322,43133;4326,56000;UP
2026-06-08 02:06:00;M1;5;55;4323,71689;4323,70000;DOWN
2026-06-08 02:11:00;M1;5;34;4324,70603;4329,57000;UP
2026-06-08 02:46:00;M1;5;21;4337,72629;4337,32000;DOWN
2026-06-08 02:52:00;M1;5;21;4340,19928;4340,38000;UP
2026-06-08 03:05:00;M1;5;21;4344,47267;4344,19000;DOWN
2026-06-08 03:20:00;M1;5;21;4348,31798;4349,34000;UP
2026-06-08 03:16:00;M1;5;34;4344,64753;4344,12000;DOWN
2026-06-08 03:21:00;M1;5;34;4346,49253;4348,18000;UP
2026-06-08 03:21:00;M1;5;21;4349,61395;4348,18000;DOWN
2026-06-08 03:28:00;M1;5;21;4350,95057;4352,95000;UP
2026-06-08 03:32:00;M1;5;34;4349,90326;4349,55000;DOWN
2026-06-08 03:40:00;M1;5;55;4345,65892;4344,78000;DOWN
2026-06-08 03:51:00;M1;5;89;4340,90242;4340,44000;DOWN
2026-06-08 03:56:00;M1;5;89;4341,86037;4342,63000;UP
2026-06-08 04:01:00;M1;5;89;4342,66559;4341,38000;DOWN
2026-06-08 04:37:00;M1;5;21;4315,89726;4316,32000;UP
2026-06-08 04:43:00;M1;5;34;4325,10974;4325,44000;UP
2026-06-08 04:50:00;M1;5;34;4322,53917;4321,81000;DOWN
2026-06-08 04:51:00;M1;5;34;4320,58741;4326,30000;UP
2026-06-08 05:10:00;M1;5;34;4317,07717;4316,17000;DOWN
2026-06-08 05:11:00;M1;5;21;4318,07973;4318,83000;UP
2026-06-08 05:17:00;M1;5;34;4314,71686;4313,87000;DOWN
2026-06-08 05:21:00;M1;5;34;4313,60107;4313,76000;UP
2026-06-08 05:30:00;M1;5;34;4312,67186;4311,83000;DOWN
2026-06-08 05:33:00;M1;5;34;4311,70829;4312,35000;UP
2026-06-08 05:36:00;M1;5;34;4310,93389;4308,78000;DOWN
2026-06-08 05:43:00;M1;5;21;4312,20912;4312,73000;UP
2026-06-08 05:51:00;M1;5;55;4312,60928;4311,96000;DOWN
2026-06-08 05:56:00;M1;5;55;4311,36078;4312,88000;UP
2026-06-08 05:59:00;M1;5;21;4311,28272;4310,59000;DOWN
2026-06-08 06:01:00;M1;5;21;4310,82500;4311,45000;UP
2026-06-08 06:05:00;M1;5;55;4310,23579;4310,07000;DOWN
2026-06-08 06:06:00;M1;5;21;4310,09919;4307,70000;DOWN
2026-06-08 06:19:00;M1;5;55;4307,03334;4307,47000;UP
2026-06-08 06:21:00;M1;5;21;4307,26305;4311,82000;UP
2026-06-08 06:32:00;M1;5;34;4306,18204;4305,99000;DOWN
2026-06-08 06:36:00;M1;5;21;4305,96430;4308,43000;UP
2026-06-08 06:46:00;M1;5;89;4311,15597;4311,40000;UP
2026-06-08 07:21:00;M1;5;21;4318,67322;4317,04000;DOWN
2026-06-08 07:29:00;M1;5;21;4319,89295;4319,98000;UP
2026-06-08 07:33:00;M1;5;34;4315,69807;4313,58000;DOWN
2026-06-08 07:41:00;M1;5;55;4310,32522;4309,46000;DOWN
2026-06-08 07:47:00;M1;5;55;4310,63247;4310,95000;UP
2026-06-08 07:55:00;M1;5;55;4310,86149;4310,42000;DOWN
2026-06-08 07:59:00;M1;5;21;4312,51952;4312,61000;UP
2026-06-08 08:04:00;M1;5;34;4314,91360;4315,23000;UP
2026-06-08 08:08:00;M1;5;55;4311,55287;4310,75000;DOWN
2026-06-08 08:11:00;M1;5;21;4310,03805;4310,92000;UP
2026-06-08 08:13:00;M1;5;89;4306,54065;4305,78000;DOWN
2026-06-08 08:16:00;M1;5;89;4306,43957;4307,41000;UP
2026-06-08 08:16:00;M1;5;21;4308,96434;4307,41000;DOWN
2026-06-08 08:21:00;M1;5;21;4308,40828;4311,80000;UP
2026-06-08 08:30:00;M1;5;89;4306,33645;4303,42000;DOWN
2026-06-08 08:51:00;M1;5;21;4290,14886;4293,31000;UP
2026-06-08 09:00:00;M1;5;34;4294,87707;4301,09000;UP
2026-06-08 08:56:00;M1;5;21;4287,56232;4286,79000;DOWN
2026-06-08 09:01:00;M1;5;21;4287,27233;4304,89000;UP
2026-06-08 09:35:00;M1;5;89;4298,56300;4296,07000;DOWN
2026-06-08 09:36:00;M1;5;55;4297,15944;4298,50000;UP
2026-06-08 09:40:00;M1;5;34;4295,93084;4295,25000;DOWN
2026-06-08 09:42:00;M1;5;34;4296,27599;4296,39000;UP
2026-06-08 09:41:00;M1;5;89;4298,24689;4295,31000;DOWN
2026-06-08 09:46:00;M1;5;55;4296,46056;4296,94000;UP
2026-06-08 09:53:00;M1;5;89;4297,77372;4296,97000;DOWN
2026-06-08 09:56:00;M1;5;34;4297,24204;4297,28000;UP
2026-06-08 10:03:00;M1;5;21;4300,20208;4301,52000;UP
2026-06-08 10:02:00;M1;5;89;4297,25863;4296,95000;DOWN
2026-06-08 10:08:00;M1;5;34;4298,48865;4300,70000;UP
2026-06-08 10:07:00;M1;5;55;4295,36244;4295,28000;DOWN
2026-06-08 10:11:00;M1;5;21;4299,92298;4300,03000;UP
2026-06-08 10:40:00;M1;5;34;4305,25049;4304,80000;DOWN
2026-06-08 10:46:00;M1;5;55;4300,74834;4299,29000;DOWN
2026-06-08 10:51:00;M1;5;89;4298,11251;4297,09000;DOWN
2026-06-08 11:11:00;M1;5;21;4295,55191;4295,71000;UP
2026-06-08 11:16:00;M1;5;21;4293,32894;4290,37000;DOWN
2026-06-08 11:26:00;M1;5;21;4289,13488;4289,64000;UP
2026-06-08 11:45:00;M1;5;34;4290,79968;4293,53000;UP
2026-06-08 11:52:00;M1;5;34;4288,46075;4287,52000;DOWN
2026-06-08 11:56:00;M1;5;21;4286,68619;4287,98000;UP
2026-06-08 12:09:00;M1;5;34;4286,28133;4285,28000;DOWN
2026-06-08 12:11:00;M1;5;21;4287,13324;4287,22000;UP
2026-06-08 12:16:00;M1;5;55;4289,40629;4289,63000;UP
2026-06-08 12:24:00;M1;5;55;4288,59888;4286,53000;DOWN
2026-06-08 12:26:00;M1;5;21;4286,13113;4286,72000;UP
2026-06-08 12:28:00;M1;5;34;4284,66307;4281,21000;DOWN
2026-06-08 12:31:00;M1;5;21;4283,97201;4277,53000;DOWN
2026-06-08 12:36:00;M1;5;21;4283,36039;4287,48000;UP
2026-06-08 13:01:00;M1;5;21;4292,45725;4291,23000;DOWN
2026-06-08 13:07:00;M1;5;21;4293,62614;4297,44000;UP
2026-06-08 13:13:00;M1;5;21;4294,74848;4294,51000;DOWN
2026-06-08 13:19:00;M1;5;34;4291,06194;4290,10000;DOWN
2026-06-08 13:25:00;M1;5;34;4291,63249;4292,74000;UP
2026-06-08 13:33:00;M1;5;21;4295,93857;4296,08000;UP
2026-06-08 13:32:00;M1;5;34;4293,35705;4292,60000;DOWN
2026-06-08 13:36:00;M1;5;34;4294,65470;4302,37000;UP
2026-06-08 13:54:00;M1;5;34;4299,20492;4298,45000;DOWN
2026-06-08 13:58:00;M1;5;34;4300,32645;4300,76000;UP
2026-06-08 14:01:00;M1;5;34;4301,12978;4298,24000;DOWN
2026-06-08 14:09:00;M1;5;21;4303,56010;4306,24000;UP
2026-06-08 14:36:00;M1;5;21;4327,64714;4324,59000;DOWN
2026-06-08 14:46:00;M1;5;34;4325,25812;4322,52000;DOWN
2026-06-08 14:53:00;M1;5;34;4327,29257;4328,20000;UP
2026-06-08 15:00:00;M1;5;21;4333,44465;4334,01000;UP
2026-06-08 15:01:00;M1;5;34;4331,09030;4329,62000;DOWN
2026-06-08 15:12:00;M1;5;55;4327,26264;4325,64000;DOWN
2026-06-08 15:30:00;M1;5;21;4330,46337;4331,29000;UP
2026-06-08 15:34:00;M1;5;21;4330,14990;4328,18000;DOWN
2026-06-08 15:36:00;M1;5;21;4330,04484;4332,26000;UP
2026-06-08 15:42:00;M1;5;34;4335,21784;4337,07000;UP
2026-06-08 15:41:00;M1;5;21;4330,60053;4330,30000;DOWN
2026-06-08 15:46:00;M1;5;21;4331,23002;4335,35000;UP
2026-06-08 15:46:00;M1;5;55;4336,27094;4335,35000;DOWN
2026-06-08 15:51:00;M1;5;21;4331,64807;4329,33000;DOWN
2026-06-08 15:59:00;M1;5;21;4332,20459;4333,04000;UP
2026-06-08 16:01:00;M1;5;89;4329,48089;4327,25000;DOWN
2026-06-08 16:20:00;M1;5;21;4328,98964;4329,71000;UP
2026-06-08 16:22:00;M1;5;34;4331,44379;4334,71000;UP
2026-06-08 16:26:00;M1;5;89;4334,25337;4330,82000;DOWN
2026-06-08 16:31:00;M1;5;34;4330,88679;4336,91000;UP
2026-06-08 16:36:00;M1;5;55;4337,52677;4339,82000;UP
2026-06-08 16:44:00;M1;5;89;4336,78401;4336,36000;DOWN
2026-06-08 16:49:00;M1;5;34;4332,79619;4332,48000;DOWN
2026-06-08 16:53:00;M1;5;21;4334,44629;4338,77000;UP
2026-06-08 16:56:00;M1;5;89;4339,05957;4330,72000;DOWN
2026-06-08 17:26:00;M1;5;21;4320,38781;4321,10000;UP
2026-06-08 17:37:00;M1;5;21;4317,68554;4315,99000;DOWN
2026-06-08 17:41:00;M1;5;21;4317,30681;4318,18000;UP
2026-06-08 17:46:00;M1;5;55;4326,63106;4328,04000;UP
2026-06-08 17:49:00;M1;5;34;4321,00409;4317,55000;DOWN
2026-06-08 17:51:00;M1;5;34;4320,34354;4323,19000;UP
2026-06-08 17:51:00;M1;5;55;4325,70992;4323,19000;DOWN
2026-06-08 17:56:00;M1;5;55;4325,11726;4325,65000;UP
2026-06-08 18:02:00;M1;5;89;4334,64627;4335,06000;UP
2026-06-08 18:06:00;M1;5;89;4334,22912;4329,76000;DOWN
2026-06-08 18:14:00;M1;5;21;4325,87613;4325,43000;DOWN
2026-06-08 18:19:00;M1;5;21;4327,58653;4331,61000;UP
2026-06-08 18:17:00;M1;5;55;4324,46300;4323,15000;DOWN
2026-06-08 18:21:00;M1;5;55;4324,76990;4330,26000;UP
2026-06-08 18:26:00;M1;5;89;4333,11118;4329,96000;DOWN
2026-06-08 18:39:00;M1;5;21;4334,30731;4336,54000;UP
2026-06-08 18:47:00;M1;5;21;4337,04727;4335,31000;DOWN
2026-06-08 18:51:00;M1;5;21;4338,66982;4339,02000;UP
2026-06-08 19:00:00;M1;5;21;4340,31040;4338,82000;DOWN
2026-06-08 19:01:00;M1;5;21;4341,75864;4342,41000;UP
2026-06-08 19:10:00;M1;5;34;4339,36378;4338,29000;DOWN
2026-06-08 19:11:00;M1;5;34;4340,74326;4341,68000;UP
2026-06-08 19:17:00;M1;5;34;4341,96398;4341,44000;DOWN
2026-06-08 19:36:00;M1;5;21;4343,93624;4345,72000;UP
2026-06-08 19:41:00;M1;5;34;4345,29880;4342,79000;DOWN
2026-06-08 19:47:00;M1;5;21;4344,08657;4345,06000;UP
2026-06-08 19:54:00;M1;5;89;4338,91895;4338,05000;DOWN
2026-06-08 19:56:00;M1;5;89;4339,37266;4340,27000;UP
2026-06-08 20:02:00;M1;5;89;4339,75993;4339,26000;DOWN
2026-06-08 20:06:00;M1;5;89;4340,09842;4340,14000;UP
2026-06-08 20:11:00;M1;5;89;4340,39722;4338,77000;DOWN
2026-06-08 20:16:00;M1;5;21;4339,49587;4339,74000;UP
2026-06-08 20:23:00;M1;5;21;4338,48818;4336,18000;DOWN
2026-06-08 20:28:00;M1;5;21;4337,79634;4337,95000;UP
2026-06-08 20:32:00;M1;5;21;4336,99021;4335,78000;DOWN
2026-06-08 20:46:00;M1;5;21;4334,85420;4336,21000;UP
2026-06-08 20:53:00;M1;5;34;4336,94207;4337,96000;UP
2026-06-08 20:56:00;M1;5;34;4336,53257;4336,50000;DOWN
2026-06-08 21:01:00;M1;5;34;4336,60555;4342,04000;UP
2026-06-08 21:14:00;M1;5;89;4342,09982;4341,29000;DOWN
2026-06-08 21:16:00;M1;5;89;4342,35493;4342,82000;UP
2026-06-08 21:28:00;M1;5;89;4342,93047;4342,75000;DOWN
2026-06-08 21:33:00;M1;5;89;4343,17781;4343,19000;UP
2026-06-08 21:34:00;M1;5;55;4341,33726;4340,68000;DOWN
2026-06-08 21:36:00;M1;5;89;4343,33469;4338,96000;DOWN
2026-06-08 22:01:00;M1;5;21;4336,27417;4336,70000;UP
2026-06-08 22:07:00;M1;5;21;4334,97846;4334,76000;DOWN
2026-06-08 22:30:00;M1;5;21;4328,27873;4328,88000;UP
2026-06-08 22:35:00;M1;5;21;4326,98144;4326,70000;DOWN
2026-06-08 22:36:00;M1;5;21;4325,84691;4326,17000;UP
2026-06-08 22:42:00;M1;5;21;4324,82629;4324,68000;DOWN
2026-06-08 22:46:00;M1;5;21;4324,16517;4326,75000;UP
2026-06-08 22:56:00;M1;5;34;4325,36842;4323,73000;DOWN
2026-06-08 23:01:00;M1;5;21;4324,57467;4327,17000;UP
2026-06-08 23:09:00;M1;5;55;4328,17297;4327,81000;DOWN
2026-06-08 23:14:00;M1;5;55;4327,55596;4328,15000;UP
2026-06-08 23:16:00;M1;5;55;4326,93725;4325,95000;DOWN
2026-06-08 23:22:00;M1;5;21;4326,51484;4326,84000;UP
2026-06-08 23:26:00;M1;5;21;4326,63717;4326,39000;DOWN
2026-06-08 23:31:00;M1;5;21;4326,81973;4327,46000;UP
2026-06-08 23:41:00;M1;5;21;4327,02274;4326,76000;DOWN
2026-06-08 23:49:00;M1;5;21;4327,03423;4327,33000;UP
2026-06-08 23:52:00;M1;5;89;4328,59856;4328,91000;UP
2026-06-09 01:04:00;M1;5;89;4327,81604;4326,65000;DOWN
2026-06-09 01:06:00;M1;5;34;4326,57097;4325,23000;DOWN
2026-06-09 01:11:00;M1;5;34;4326,66952;4327,28000;UP
2026-06-09 01:15:00;M1;5;55;4324,16916;4323,56000;DOWN
2026-06-09 01:17:00;M1;5;55;4324,13151;4324,97000;UP
2026-06-09 01:16:00;M1;5;89;4326,65377;4323,22000;DOWN
2026-06-09 01:26:00;M1;5;21;4326,02454;4326,78000;UP
2026-06-09 01:33:00;M1;5;89;4325,45106;4325,39000;DOWN
2026-06-09 01:36:00;M1;5;21;4325,34151;4325,63000;UP
2026-06-09 01:41:00;M1;5;34;4325,86796;4325,49000;DOWN
2026-06-09 01:46:00;M1;5;34;4325,89713;4327,63000;UP
2026-06-09 02:05:00;M1;5;34;4326,38724;4326,20000;DOWN
2026-06-09 02:12:00;M1;5;21;4327,32238;4328,24000;UP
2026-06-09 02:18:00;M1;5;21;4327,51712;4327,23000;DOWN
2026-06-09 02:24:00;M1;5;55;4325,46880;4325,01000;DOWN
2026-06-09 02:26:00;M1;5;89;4323,35521;4323,19000;DOWN
2026-06-09 02:56:00;M1;5;21;4316,82501;4317,19000;UP
2026-06-09 03:05:00;M1;5;34;4319,36377;4319,45000;UP
2026-06-09 03:10:00;M1;5;55;4320,83971;4320,99000;UP
2026-06-09 03:09:00;M1;5;34;4318,45731;4318,44000;DOWN
2026-06-09 03:11:00;M1;5;34;4317,96601;4320,82000;UP
2026-06-09 03:20:00;M1;5;89;4320,02425;4319,79000;DOWN
2026-06-09 03:29:00;M1;5;34;4317,00774;4316,68000;DOWN
2026-06-09 03:34:00;M1;5;21;4317,51692;4318,95000;UP
2026-06-09 03:38:00;M1;5;89;4318,93387;4318,90000;DOWN
2026-06-09 03:41:00;M1;5;55;4318,05178;4317,76000;DOWN
2026-06-09 03:46:00;M1;5;55;4317,67919;4317,79000;UP
2026-06-09 03:48:00;M1;5;34;4316,36362;4315,14000;DOWN
2026-06-09 03:52:00;M1;5;21;4317,95147;4318,03000;UP
2026-06-09 03:53:00;M1;5;55;4317,26353;4316,20000;DOWN
2026-06-09 03:57:00;M1;5;55;4316,93508;4319,29000;UP
2026-06-09 03:56:00;M1;5;21;4317,86140;4316,42000;DOWN
2026-06-09 04:01:00;M1;5;21;4318,10854;4319,98000;UP
2026-06-09 04:43:00;M1;5;21;4334,51513;4333,10000;DOWN
2026-06-09 04:46:00;M1;5;21;4336,44674;4338,02000;UP
2026-06-09 04:51:00;M1;5;21;4337,95716;4335,27000;DOWN
2026-06-09 05:01:00;M1;5;34;4335,35261;4332,98000;DOWN
2026-06-09 05:06:00;M1;5;55;4329,64602;4328,67000;DOWN
2026-06-09 05:12:00;M1;5;55;4330,71646;4331,34000;UP
2026-06-09 05:21:00;M1;5;55;4332,55034;4332,52000;DOWN
2026-06-09 05:28:00;M1;5;21;4335,48362;4335,68000;UP
2026-06-09 05:31:00;M1;5;34;4338,13520;4339,13000;UP
2026-06-09 05:35:00;M1;5;55;4334,22284;4333,24000;DOWN
2026-06-09 05:39:00;M1;5;21;4335,06427;4335,15000;UP
2026-06-09 05:36:00;M1;5;34;4338,24905;4333,83000;DOWN
2026-06-09 05:44:00;M1;5;34;4338,45716;4338,76000;UP
2026-06-09 05:41:00;M1;5;55;4335,86334;4334,36000;DOWN
2026-06-09 05:46:00;M1;5;21;4335,94707;4339,59000;UP
2026-06-09 05:49:00;M1;5;34;4338,62600;4337,61000;DOWN
2026-06-09 05:53:00;M1;5;34;4338,79580;4338,83000;UP
2026-06-09 05:51:00;M1;5;55;4337,52702;4335,21000;DOWN
2026-06-09 05:56:00;M1;5;34;4338,82248;4337,05000;DOWN
2026-06-09 06:04:00;M1;5;89;4331,97142;4331,93000;DOWN
2026-06-09 06:06:00;M1;5;21;4337,17034;4340,00000;UP
2026-06-09 06:11:00;M1;5;55;4339,67307;4339,11000;DOWN
2026-06-09 06:16:00;M1;5;55;4340,08144;4340,37000;UP
2026-06-09 06:21:00;M1;5;55;4340,33286;4337,96000;DOWN
2026-06-09 06:32:00;M1;5;89;4336,00498;4334,70000;DOWN
2026-06-09 06:44:00;M1;5;21;4336,39660;4337,57000;UP
2026-06-09 06:46:00;M1;5;55;4340,21538;4340,81000;UP
2026-06-09 06:51:00;M1;5;89;4337,97003;4337,71000;DOWN
2026-06-09 06:56:00;M1;5;34;4337,69355;4339,06000;UP
2026-06-09 06:58:00;M1;5;21;4337,23917;4335,16000;DOWN
2026-06-09 07:01:00;M1;5;89;4338,79260;4334,65000;DOWN
2026-06-09 07:08:00;M1;5;21;4337,07350;4337,30000;UP
2026-06-09 07:11:00;M1;5;34;4337,18330;4338,09000;UP
2026-06-09 07:13:00;M1;5;21;4336,51520;4333,76000;DOWN
2026-06-09 07:16:00;M1;5;34;4336,52423;4331,24000;DOWN
2026-06-09 07:38:00;M1;5;21;4329,71038;4330,23000;UP
2026-06-09 07:43:00;M1;5;21;4328,37699;4327,10000;DOWN
2026-06-09 07:46:00;M1;5;21;4327,45995;4328,84000;UP
2026-06-09 07:52:00;M1;5;34;4329,74468;4329,91000;UP
2026-06-09 08:00:00;M1;5;55;4333,03026;4335,15000;UP
2026-06-09 07:58:00;M1;5;34;4329,18918;4328,58000;DOWN
2026-06-09 08:01:00;M1;5;34;4329,07756;4334,68000;UP
2026-06-09 08:13:00;M1;5;55;4331,78032;4331,71000;DOWN
2026-06-09 08:16:00;M1;5;55;4331,53369;4332,77000;UP
2026-06-09 08:29:00;M1;5;21;4332,57528;4332,53000;DOWN
2026-06-09 08:31:00;M1;5;21;4334,23873;4336,68000;UP
2026-06-09 08:51:00;M1;5;21;4344,65431;4344,55000;DOWN
2026-06-09 09:03:00;M1;5;21;4347,43324;4348,21000;UP
2026-06-09 09:06:00;M1;5;21;4348,07743;4346,16000;DOWN
2026-06-09 09:11:00;M1;5;34;4344,45566;4342,28000;DOWN
2026-06-09 09:28:00;M1;5;89;4339,88706;4338,52000;DOWN
2026-06-09 09:49:00;M1;5;21;4338,40353;4339,36000;UP
2026-06-09 09:51:00;M1;5;21;4337,20447;4336,89000;DOWN
2026-06-09 10:07:00;M1;5;21;4332,36433;4332,62000;UP
2026-06-09 10:11:00;M1;5;21;4330,66232;4330,25000;DOWN
2026-06-09 10:22:00;M1;5;21;4328,24797;4329,73000;UP
2026-06-09 10:32:00;M1;5;21;4327,05052;4326,56000;DOWN
2026-06-09 10:41:00;M1;5;21;4325,70406;4326,73000;UP
2026-06-09 10:48:00;M1;5;34;4326,62386;4326,41000;DOWN
2026-06-09 10:51:00;M1;5;34;4325,85880;4328,37000;UP
2026-06-09 11:00:00;M1;5;34;4325,24587;4324,94000;DOWN
2026-06-09 11:01:00;M1;5;21;4324,97849;4325,88000;UP
2026-06-09 11:06:00;M1;5;34;4324,02982;4322,32000;DOWN
2026-06-09 11:11:00;M1;5;21;4325,23590;4329,99000;UP
2026-06-09 11:17:00;M1;5;89;4332,56823;4331,96000;DOWN
2026-06-09 11:21:00;M1;5;89;4332,20441;4333,72000;UP
2026-06-09 11:34:00;M1;5;89;4331,67221;4331,12000;DOWN
2026-06-09 11:36:00;M1;5;89;4331,48298;4331,77000;UP
2026-06-09 11:36:00;M1;5;21;4331,86517;4331,77000;DOWN
2026-06-09 11:41:00;M1;5;21;4333,13491;4333,99000;UP
2026-06-09 11:47:00;M1;5;89;4331,18640;4330,46000;DOWN
2026-06-09 11:58:00;M1;5;55;4327,30252;4327,17000;DOWN
2026-06-09 12:01:00;M1;5;55;4327,28815;4327,58000;UP
2026-06-09 12:10:00;M1;5;89;4330,12237;4330,18000;UP
2026-06-09 12:11:00;M1;5;21;4330,14590;4330,52000;UP
2026-06-09 12:12:00;M1;5;89;4329,78301;4329,76000;DOWN
2026-06-09 12:18:00;M1;5;89;4329,44977;4329,63000;UP
2026-06-09 12:16:00;M1;5;34;4330,41067;4329,02000;DOWN
2026-06-09 12:21:00;M1;5;21;4329,52310;4332,74000;UP
2026-06-09 12:29:00;M1;5;89;4328,86983;4326,81000;DOWN
2026-06-09 12:35:00;M1;5;55;4327,74750;4327,99000;UP
2026-06-09 12:36:00;M1;5;21;4328,31817;4329,41000;UP
2026-06-09 12:43:00;M1;5;89;4327,99482;4326,77000;DOWN
2026-06-09 12:46:00;M1;5;21;4327,90670;4328,81000;UP
2026-06-09 13:06:00;M1;5;89;4327,42524;4326,63000;DOWN
2026-06-09 13:14:00;M1;5;21;4330,62197;4335,34000;UP
2026-06-09 13:22:00;M1;5;21;4332,45235;4331,82000;DOWN
2026-06-09 13:26:00;M1;5;21;4333,30149;4336,17000;UP
2026-06-09 13:32:00;M1;5;21;4333,91193;4333,64000;DOWN
2026-06-09 13:39:00;M1;5;34;4332,36844;4331,87000;DOWN
2026-06-09 13:41:00;M1;5;55;4331,36290;4330,74000;DOWN
2026-06-09 13:46:00;M1;5;55;4331,56768;4331,70000;UP
2026-06-09 13:54:00;M1;5;21;4333,74537;4335,05000;UP
2026-06-09 13:51:00;M1;5;55;4331,81965;4330,34000;DOWN
2026-06-09 13:56:00;M1;5;55;4332,23045;4335,19000;UP
2026-06-09 14:12:00;M1;5;21;4336,56370;4336,32000;DOWN
2026-06-09 14:18:00;M1;5;21;4337,38143;4339,31000;UP
2026-06-09 14:16:00;M1;5;34;4336,44184;4336,22000;DOWN
2026-06-09 14:21:00;M1;5;34;4337,04327;4339,98000;UP
2026-06-09 14:24:00;M1;5;21;4338,04630;4337,17000;DOWN
2026-06-09 14:26:00;M1;5;34;4337,63208;4337,15000;DOWN
2026-06-09 14:31:00;M1;5;34;4338,12493;4338,34000;UP
2026-06-09 14:36:00;M1;5;34;4338,47736;4337,77000;DOWN
2026-06-09 14:42:00;M1;5;34;4338,80274;4339,05000;UP
2026-06-09 14:48:00;M1;5;21;4339,61913;4339,69000;UP
2026-06-09 14:46:00;M1;5;34;4339,18558;4338,44000;DOWN
2026-06-09 14:51:00;M1;5;34;4339,65731;4343,16000;UP
2026-06-09 14:59:00;M1;5;34;4340,10087;4339,70000;DOWN
2026-06-09 15:01:00;M1;5;21;4340,82447;4342,28000;UP
2026-06-09 15:14:00;M1;5;34;4341,79428;4341,04000;DOWN
2026-06-09 15:19:00;M1;5;21;4342,58331;4342,87000;UP
2026-06-09 15:16:00;M1;5;55;4341,03938;4339,55000;DOWN
2026-06-09 15:22:00;M1;5;89;4337,77593;4337,67000;DOWN
2026-06-09 15:26:00;M1;5;89;4338,20767;4338,83000;UP
2026-06-09 15:33:00;M1;5;89;4338,57155;4337,14000;DOWN
2026-06-09 15:38:00;M1;5;21;4340,10703;4340,99000;UP
2026-06-09 15:42:00;M1;5;34;4341,26146;4341,28000;UP
2026-06-09 15:46:00;M1;5;55;4342,00562;4343,13000;UP
2026-06-09 15:53:00;M1;5;89;4339,91604;4338,67000;DOWN
2026-06-09 15:59:00;M1;5;21;4339,35485;4341,37000;UP
2026-06-09 16:02:00;M1;5;89;4340,49436;4340,40000;DOWN
2026-06-09 16:06:00;M1;5;34;4340,72155;4342,57000;UP
2026-06-09 16:12:00;M1;5;89;4341,07524;4340,36000;DOWN
2026-06-09 16:17:00;M1;5;21;4339,52025;4337,36000;DOWN
2026-06-09 16:36:00;M1;5;21;4333,31625;4334,04000;UP
2026-06-09 16:41:00;M1;5;21;4331,76044;4325,51000;DOWN
2026-06-09 16:46:00;M1;5;21;4332,81861;4335,71000;UP
2026-06-09 16:52:00;M1;5;89;4340,32624;4336,56000;DOWN
2026-06-09 17:01:00;M1;5;21;4333,05487;4333,82000;UP
2026-06-09 17:06:00;M1;5;21;4331,84791;4327,58000;DOWN
2026-06-09 17:27:00;M1;5;21;4320,22934;4320,57000;UP
2026-06-09 17:31:00;M1;5;21;4317,26376;4312,58000;DOWN
2026-06-09 17:53:00;M1;5;21;4294,71040;4295,56000;UP
2026-06-09 18:09:00;M1;5;34;4295,27399;4295,58000;UP
2026-06-09 18:12:00;M1;5;34;4292,61221;4290,25000;DOWN
2026-06-09 18:16:00;M1;5;34;4290,17298;4294,73000;UP
2026-06-09 18:23:00;M1;5;34;4287,68522;4286,72000;DOWN
2026-06-09 18:28:00;M1;5;21;4283,36886;4280,60000;DOWN
2026-06-09 18:41:00;M1;5;21;4275,58230;4277,27000;UP
2026-06-09 18:46:00;M1;5;55;4282,24454;4283,67000;UP
2026-06-09 18:57:00;M1;5;55;4276,79500;4273,94000;DOWN
2026-06-09 19:01:00;M1;5;55;4274,28820;4279,26000;UP
2026-06-09 19:05:00;M1;5;34;4269,87676;4269,19000;DOWN
2026-06-09 19:06:00;M1;5;21;4269,26738;4271,36000;UP
2026-06-09 19:06:00;M1;5;55;4271,73544;4271,36000;DOWN
2026-06-09 19:11:00;M1;5;34;4266,46222;4265,05000;DOWN
2026-06-09 19:22:00;M1;5;21;4260,56326;4261,56000;UP
2026-06-09 19:26:00;M1;5;55;4261,05903;4262,51000;UP
2026-06-09 19:38:00;M1;5;55;4256,30142;4245,91000;DOWN
2026-06-09 19:47:00;M1;5;21;4247,50921;4253,51000;UP
2026-06-09 19:52:00;M1;5;55;4248,73389;4243,11000;DOWN
2026-06-09 19:56:00;M1;5;21;4242,66866;4246,22000;UP
2026-06-09 20:02:00;M1;5;89;4256,35750;4259,90000;UP
2026-06-09 20:36:00;M1;5;21;4264,76126;4264,14000;DOWN
2026-06-09 20:52:00;M1;5;34;4258,08135;4257,89000;DOWN
2026-06-09 20:56:00;M1;5;34;4259,17182;4260,82000;UP
2026-06-09 21:07:00;M1;5;21;4264,08644;4264,50000;UP
2026-06-09 21:06:00;M1;5;34;4261,53963;4261,31000;DOWN
2026-06-09 21:11:00;M1;5;34;4262,80344;4264,54000;UP
2026-06-09 21:13:00;M1;5;21;4264,26369;4264,21000;DOWN
2026-06-09 21:17:00;M1;5;21;4264,96003;4265,00000;UP
2026-06-09 21:16:00;M1;5;34;4264,15668;4263,99000;DOWN
2026-06-09 21:21:00;M1;5;34;4265,64579;4268,36000;UP
2026-06-09 21:32:00;M1;5;21;4269,49925;4268,84000;DOWN
2026-06-09 21:39:00;M1;5;34;4269,19952;4269,07000;DOWN
2026-06-09 21:57:00;M1;5;21;4269,41264;4269,48000;UP
2026-06-09 22:01:00;M1;5;34;4269,93979;4267,74000;DOWN
2026-06-09 22:09:00;M1;5;55;4265,90585;4265,09000;DOWN
2026-06-09 22:31:00;M1;5;21;4258,00015;4258,95000;UP
2026-06-09 22:38:00;M1;5;21;4256,32015;4254,95000;DOWN
2026-06-09 22:41:00;M1;5;89;4252,15852;4251,41000;DOWN
2026-06-09 22:50:00;M1;5;21;4252,35402;4256,74000;UP
2026-06-09 22:51:00;M1;5;34;4256,49005;4256,97000;UP
2026-06-09 23:04:00;M1;5;55;4260,40021;4260,70000;UP
2026-06-09 23:06:00;M1;5;55;4259,83672;4258,01000;DOWN
2026-06-09 23:15:00;M1;5;55;4259,34493;4259,59000;UP
2026-06-09 23:19:00;M1;5;55;4258,91278;4258,63000;DOWN
2026-06-09 23:21:00;M1;5;55;4258,49786;4259,31000;UP
2026-06-09 23:30:00;M1;5;55;4258,10013;4258,09000;DOWN
2026-06-09 23:31:00;M1;5;55;4257,69221;4258,13000;UP
2026-06-09 23:31:00;M1;5;21;4258,37738;4258,13000;DOWN
2026-06-09 23:37:00;M1;5;21;4259,07072;4260,64000;UP
2026-06-09 23:51:00;M1;5;21;4260,88140;4260,54000;DOWN
2026-06-10 01:01:00;M1;5;89;4256,37750;4253,91000;DOWN
2026-06-10 01:27:00;M1;5;21;4255,17268;4256,04000;UP
2026-06-10 01:34:00;M1;5;89;4255,96777;4253,63000;DOWN
2026-06-10 01:40:00;M1;5;21;4253,58800;4254,73000;UP
2026-06-10 01:41:00;M1;5;21;4252,47082;4250,27000;DOWN
2026-06-10 02:02:00;M1;5;21;4240,95570;4242,48000;UP
2026-06-10 02:06:00;M1;5;34;4244,68582;4246,13000;UP
2026-06-10 02:11:00;M1;5;34;4242,72982;4241,16000;DOWN
2026-06-10 02:32:00;M1;5;21;4227,10808;4227,89000;UP
2026-06-10 02:36:00;M1;5;21;4224,43514;4222,68000;DOWN
2026-06-10 02:42:00;M1;5;21;4221,74090;4222,21000;UP
2026-06-10 02:46:00;M1;5;21;4218,53543;4214,93000;DOWN
2026-06-10 02:53:00;M1;5;21;4215,99670;4219,75000;UP
2026-06-10 03:05:00;M1;5;55;4224,84312;4225,96000;UP
2026-06-10 03:08:00;M1;5;55;4222,88480;4222,18000;DOWN
2026-06-10 03:11:00;M1;5;55;4221,23103;4221,79000;UP
2026-06-10 03:16:00;M1;5;55;4219,92896;4219,27000;DOWN
2026-06-10 03:21:00;M1;5;55;4218,86867;4226,11000;UP
2026-06-10 03:30:00;M1;5;55;4217,79821;4215,47000;DOWN
2026-06-10 03:31:00;M1;5;34;4214,80492;4215,16000;UP
2026-06-10 03:36:00;M1;5;34;4213,57864;4205,50000;DOWN
2026-06-10 03:53:00;M1;5;21;4208,00769;4208,33000;UP
2026-06-10 03:56:00;M1;5;55;4207,72627;4212,03000;UP
2026-06-10 04:01:00;M1;5;89;4214,97095;4203,47000;DOWN
2026-06-10 04:11:00;M1;5;21;4199,18005;4200,66000;UP
2026-06-10 04:16:00;M1;5;89;4209,23264;4211,15000;UP
2026-06-10 04:21:00;M1;5;89;4207,52288;4206,80000;DOWN
2026-06-10 04:27:00;M1;5;34;4200,34911;4202,33000;UP
2026-06-10 04:30:00;M1;5;21;4199,31870;4197,12000;DOWN
2026-06-10 04:31:00;M1;5;21;4199,58623;4199,97000;UP
2026-06-10 04:33:00;M1;5;34;4199,57610;4199,30000;DOWN
2026-06-10 04:36:00;M1;5;34;4198,75570;4202,64000;UP
2026-06-10 04:40:00;M1;5;55;4197,59030;4196,68000;DOWN
2026-06-10 04:41:00;M1;5;89;4201,18199;4192,75000;DOWN
2026-06-10 05:16:00;M1;5;21;4181,96876;4184,54000;UP
2026-06-10 05:22:00;M1;5;34;4183,48550;4182,72000;DOWN
2026-06-10 05:28:00;M1;5;34;4182,20574;4185,66000;UP
2026-06-10 05:26:00;M1;5;21;4179,40105;4179,11000;DOWN
2026-06-10 05:31:00;M1;5;21;4178,78523;4186,39000;UP
2026-06-10 05:32:00;M1;5;89;4184,50644;4177,87000;DOWN
2026-06-10 05:36:00;M1;5;34;4179,90135;4182,19000;UP
2026-06-10 05:51:00;M1;5;89;4179,31701;4177,39000;DOWN
2026-06-10 06:05:00;M1;5;21;4178,02671;4178,62000;UP
2026-06-10 06:07:00;M1;5;89;4175,70432;4175,59000;DOWN
2026-06-10 06:11:00;M1;5;21;4176,07888;4176,70000;UP
2026-06-10 06:21:00;M1;5;21;4174,73357;4174,28000;DOWN
2026-06-10 06:26:00;M1;5;21;4174,32602;4178,69000;UP
2026-06-10 07:01:00;M1;5;21;4183,40915;4182,55000;DOWN
2026-06-10 07:06:00;M1;5;21;4184,77840;4184,83000;UP
2026-06-10 07:15:00;M1;5;34;4180,48070;4179,80000;DOWN
2026-06-10 07:19:00;M1;5;34;4181,25599;4181,56000;UP
2026-06-10 07:21:00;M1;5;34;4181,69400;4178,51000;DOWN
2026-06-10 07:28:00;M1;5;55;4175,49119;4173,80000;DOWN
2026-06-10 07:51:00;M1;5;21;4173,71646;4174,02000;UP
2026-06-10 07:57:00;M1;5;55;4174,97463;4175,17000;UP
2026-06-10 08:02:00;M1;5;34;4176,29099;4176,48000;UP
2026-06-10 08:01:00;M1;5;55;4174,81558;4174,28000;DOWN
2026-06-10 08:06:00;M1;5;55;4174,73855;4177,87000;UP
2026-06-10 09:11:00;M1;5;21;4213,81293;4210,78000;DOWN
2026-06-10 09:24:00;M1;5;34;4209,92500;4209,00000;DOWN
2026-06-10 09:26:00;M1;5;34;4212,63554;4214,71000;UP
2026-06-10 09:31:00;M1;5;34;4214,81263;4208,64000;DOWN
2026-06-10 09:41:00;M1;5;55;4207,38826;4207,17000;DOWN
2026-06-10 10:07:00;M1;5;21;4205,40656;4205,73000;UP
2026-06-10 10:12:00;M1;5;89;4201,36747;4199,89000;DOWN
2026-06-10 10:21:00;M1;5;21;4200,65112;4200,72000;UP
2026-06-10 10:26:00;M1;5;21;4198,80031;4194,87000;DOWN
2026-06-10 10:46:00;M1;5;21;4190,99847;4192,38000;UP
2026-06-10 10:51:00;M1;5;21;4188,45176;4187,91000;DOWN
2026-06-10 11:16:00;M1;5;21;4168,66096;4176,00000;UP
2026-06-10 11:21:00;M1;5;34;4173,58196;4170,21000;DOWN
2026-06-10 11:28:00;M1;5;34;4170,97668;4172,52000;UP
2026-06-10 11:32:00;M1;5;34;4168,65434;4167,44000;DOWN
2026-06-10 11:36:00;M1;5;34;4166,88331;4175,25000;UP
2026-06-10 11:52:00;M1;5;55;4173,21611;4174,10000;UP
2026-06-10 11:57:00;M1;5;55;4171,30396;4170,63000;DOWN
2026-06-10 12:02:00;M1;5;21;4167,73214;4165,83000;DOWN
2026-06-10 12:06:00;M1;5;21;4168,07080;4168,28000;UP
2026-06-10 12:14:00;M1;5;55;4166,26199;4165,01000;DOWN
2026-06-10 12:16:00;M1;5;21;4167,88429;4169,79000;UP
2026-06-10 12:22:00;M1;5;21;4167,93710;4166,81000;DOWN
2026-06-10 12:26:00;M1;5;21;4167,65541;4170,05000;UP
2026-06-10 12:35:00;M1;5;89;4177,08406;4177,82000;UP
2026-06-10 12:36:00;M1;5;89;4175,69244;4174,14000;DOWN
2026-06-10 12:43:00;M1;5;21;4170,06397;4170,47000;UP
2026-06-10 12:46:00;M1;5;89;4173,09992;4173,79000;UP
2026-06-10 12:47:00;M1;5;21;4170,46503;4167,98000;DOWN
2026-06-10 12:51:00;M1;5;89;4171,83664;4168,36000;DOWN
2026-06-10 12:58:00;M1;5;34;4167,42287;4167,43000;UP
2026-06-10 13:01:00;M1;5;21;4169,46831;4170,87000;UP
2026-06-10 13:05:00;M1;5;34;4167,59156;4166,69000;DOWN
2026-06-10 13:06:00;M1;5;89;4168,30921;4162,69000;DOWN
2026-06-10 13:12:00;M1;5;55;4160,71081;4161,63000;UP
2026-06-10 13:17:00;M1;5;55;4160,58903;4160,50000;DOWN
2026-06-10 13:21:00;M1;5;21;4163,98387;4169,23000;UP
2026-06-10 13:26:00;M1;5;89;4163,82489;4163,57000;DOWN
2026-06-10 13:31:00;M1;5;34;4164,86811;4167,69000;UP
2026-06-10 14:03:00;M1;5;55;4163,97380;4161,69000;DOWN
2026-06-10 14:15:00;M1;5;21;4169,50585;4170,89000;UP
2026-06-10 14:17:00;M1;5;34;4167,23210;4167,05000;DOWN
2026-06-10 14:21:00;M1;5;21;4167,48731;4167,51000;UP
2026-06-10 14:25:00;M1;5;89;4159,75606;4158,76000;DOWN
2026-06-10 14:27:00;M1;5;55;4164,78200;4165,82000;UP
2026-06-10 14:26:00;M1;5;34;4166,68452;4163,00000;DOWN
2026-06-10 14:31:00;M1;5;55;4164,75973;4161,75000;DOWN
2026-06-10 14:36:00;M1;5;21;4163,88335;4164,13000;UP
2026-06-10 14:38:00;M1;5;89;4159,32970;4157,36000;DOWN
2026-06-10 14:41:00;M1;5;21;4161,54055;4157,48000;DOWN
2026-06-10 14:51:00;M1;5;21;4156,99241;4162,35000;UP
2026-06-10 14:56:00;M1;5;89;4157,76979;4150,86000;DOWN
2026-06-10 15:17:00;M1;5;21;4141,30730;4142,35000;UP
2026-06-10 15:21:00;M1;5;21;4137,65080;4135,61000;DOWN
2026-06-10 15:26:00;M1;5;21;4135,24317;4140,77000;UP
2026-06-10 15:52:00;M1;5;21;4151,32436;4150,84000;DOWN
2026-06-10 15:56:00;M1;5;89;4148,38822;4144,26000;DOWN
2026-06-10 16:01:00;M1;5;21;4154,22795;4154,55000;UP
2026-06-10 16:06:00;M1;5;21;4155,28249;4155,16000;DOWN
2026-06-10 16:15:00;M1;5;89;4147,85339;4142,27000;DOWN
2026-06-10 16:25:00;M1;5;34;4147,56792;4148,33000;UP
2026-06-10 16:27:00;M1;5;21;4149,05228;4149,92000;UP
2026-06-10 16:33:00;M1;5;89;4145,95123;4144,96000;DOWN
2026-06-10 16:36:00;M1;5;21;4147,65723;4159,00000;UP
2026-06-10 17:01:00;M1;5;21;4176,65638;4171,76000;DOWN
2026-06-10 17:15:00;M1;5;34;4171,84008;4168,54000;DOWN
2026-06-10 17:16:00;M1;5;34;4173,61125;4174,57000;UP
2026-06-10 17:21:00;M1;5;34;4174,99718;4164,88000;DOWN
2026-06-10 17:27:00;M1;5;55;4166,12867;4165,09000;DOWN
2026-06-10 17:31:00;M1;5;89;4156,93354;4155,68000;DOWN
2026-06-10 17:39:00;M1;5;89;4157,54219;4157,73000;UP
2026-06-10 17:42:00;M1;5;89;4157,90708;4156,17000;DOWN
2026-06-10 18:16:00;M1;5;21;4119,04501;4121,64000;UP
2026-06-10 18:25:00;M1;5;34;4132,34261;4133,63000;UP
2026-06-10 18:29:00;M1;5;34;4128,01316;4127,81000;DOWN
2026-06-10 18:31:00;M1;5;34;4124,50919;4126,47000;UP
2026-06-10 18:48:00;M1;5;34;4117,21612;4115,02000;DOWN
2026-06-10 18:53:00;M1;5;21;4117,86124;4120,08000;UP
2026-06-10 18:56:00;M1;5;21;4119,04670;4117,16000;DOWN
2026-06-10 19:01:00;M1;5;21;4120,46087;4124,66000;UP
2026-06-10 19:23:00;M1;5;89;4132,72309;4133,32000;UP
2026-06-10 19:26:00;M1;5;89;4131,65712;4131,47000;DOWN
2026-06-10 19:37:00;M1;5;21;4130,10520;4130,66000;UP
2026-06-10 19:41:00;M1;5;89;4128,67548;4124,25000;DOWN
2026-06-10 19:47:00;M1;5;55;4116,81296;4116,73000;DOWN
2026-06-10 19:51:00;M1;5;55;4116,34390;4121,69000;UP
2026-06-10 20:00:00;M1;5;21;4124,39455;4125,01000;UP
2026-06-10 20:02:00;M1;5;89;4124,27392;4129,97000;UP
2026-06-10 20:01:00;M1;5;34;4123,81832;4123,56000;DOWN
2026-06-10 20:06:00;M1;5;21;4123,21699;4125,57000;UP
2026-06-10 20:08:00;M1;5;89;4123,20721;4121,50000;DOWN
2026-06-10 20:11:00;M1;5;34;4123,67529;4116,60000;DOWN
2026-06-10 20:17:00;M1;5;55;4115,98897;4115,35000;DOWN
2026-06-10 20:46:00;M1;5;21;4105,96527;4110,73000;UP
2026-06-10 20:55:00;M1;5;89;4111,04580;4112,15000;UP
2026-06-10 20:51:00;M1;5;55;4110,56399;4107,83000;DOWN
2026-06-10 20:56:00;M1;5;34;4108,30614;4113,13000;UP
2026-06-10 20:57:00;M1;5;89;4109,81865;4109,35000;DOWN
2026-06-10 21:01:00;M1;5;89;4108,84189;4115,33000;UP
2026-06-10 21:18:00;M1;5;21;4111,15813;4111,13000;DOWN
2026-06-10 21:21:00;M1;5;21;4112,27541;4112,36000;UP
2026-06-10 21:26:00;M1;5;21;4113,08895;4112,12000;DOWN
2026-06-10 21:35:00;M1;5;55;4108,25390;4107,87000;DOWN
2026-06-10 21:36:00;M1;5;34;4108,55956;4108,73000;UP
2026-06-10 21:42:00;M1;5;89;4105,09534;4104,81000;DOWN
2026-06-10 21:46:00;M1;5;89;4104,65855;4105,16000;UP
2026-06-10 21:51:00;M1;5;89;4104,14288;4100,44000;DOWN
2026-06-10 22:31:00;M1;5;21;4084,24157;4087,05000;UP
2026-06-10 22:40:00;M1;5;34;4088,61676;4090,81000;UP
2026-06-10 22:50:00;M1;5;55;4090,19350;4090,71000;UP
2026-06-10 22:52:00;M1;5;55;4088,88014;4088,37000;DOWN
2026-06-10 22:56:00;M1;5;34;4083,09310;4085,02000;UP
2026-06-10 23:00:00;M1;5;21;4082,39797;4081,70000;DOWN
2026-06-10 23:01:00;M1;5;34;4081,65986;4078,74000;DOWN
2026-06-10 23:21:00;M1;5;21;4073,55429;4076,85000;UP
2026-06-10 23:26:00;M1;5;55;4076,57137;4079,50000;UP
2026-06-10 23:43:00;M1;5;55;4072,36654;4071,61000;DOWN
2026-06-10 23:55:00;M1;5;34;4069,49423;4069,71000;UP
2026-06-10 23:56:00;M1;5;21;4069,44730;4070,03000;UP
2026-06-11 01:01:00;M1;5;55;4067,36519;4065,86000;DOWN
2026-06-11 01:30:00;M1;5;21;4047,62432;4051,08000;UP
2026-06-11 01:31:00;M1;5;34;4051,11274;4051,46000;UP
2026-06-11 01:37:00;M1;5;89;4059,05116;4062,59000;UP
2026-06-11 01:53:00;M1;5;89;4054,43256;4053,57000;DOWN
2026-06-11 01:58:00;M1;5;55;4048,77650;4048,23000;DOWN
2026-06-11 02:02:00;M1;5;21;4051,12780;4052,72000;UP
2026-06-11 02:06:00;M1;5;89;4050,21750;4046,70000;DOWN
2026-06-11 02:20:00;M1;5;34;4042,40647;4043,52000;UP
2026-06-11 02:21:00;M1;5;21;4041,57232;4043,82000;UP
2026-06-11 02:45:00;M1;5;21;4049,37786;4049,32000;DOWN
2026-06-11 02:46:00;M1;5;21;4051,43587;4052,44000;UP
2026-06-11 02:51:00;M1;5;21;4052,81564;4049,74000;DOWN
2026-06-11 03:00:00;M1;5;21;4053,28239;4057,23000;UP
2026-06-11 02:57:00;M1;5;34;4048,24780;4046,73000;DOWN
2026-06-11 03:01:00;M1;5;34;4048,05135;4056,83000;UP
2026-06-11 03:02:00;M1;5;21;4052,75152;4052,58000;DOWN
2026-06-11 03:10:00;M1;5;89;4038,82757;4037,44000;DOWN
2026-06-11 03:13:00;M1;5;21;4050,37012;4050,86000;UP
2026-06-11 03:44:00;M1;5;21;4063,60121;4063,33000;DOWN
2026-06-11 03:46:00;M1;5;21;4066,20455;4070,04000;UP
2026-06-11 04:07:00;M1;5;34;4070,36107;4068,61000;DOWN
2026-06-11 04:11:00;M1;5;21;4080,02406;4085,48000;UP
2026-06-11 04:43:00;M1;5;21;4112,96873;4112,70000;DOWN
2026-06-11 04:52:00;M1;5;34;4110,41676;4107,08000;DOWN
2026-06-11 05:00:00;M1;5;55;4099,01998;4098,24000;DOWN
2026-06-11 05:25:00;M1;5;89;4087,47656;4086,90000;DOWN
2026-06-11 05:54:00;M1;5;21;4061,31927;4062,56000;UP
2026-06-11 06:02:00;M1;5;34;4072,50952;4075,01000;UP
2026-06-11 06:12:00;M1;5;34;4066,66569;4066,12000;DOWN
2026-06-11 06:16:00;M1;5;34;4064,31454;4068,55000;UP
2026-06-11 06:23:00;M1;5;34;4062,09717;4061,81000;DOWN
2026-06-11 06:27:00;M1;5;34;4060,08785;4061,54000;UP
2026-06-11 06:26:00;M1;5;21;4060,52711;4059,85000;DOWN
2026-06-11 06:31:00;M1;5;21;4061,64472;4067,82000;UP
2026-06-11 06:51:00;M1;5;55;4068,51530;4069,96000;UP
2026-06-11 07:14:00;M1;5;89;4081,76202;4082,75000;UP
2026-06-11 07:16:00;M1;5;89;4081,36134;4079,68000;DOWN
2026-06-11 07:21:00;M1;5;89;4081,02139;4084,04000;UP
2026-06-11 07:26:00;M1;5;89;4080,67911;4079,75000;DOWN
2026-06-11 07:31:00;M1;5;21;4082,11966;4082,51000;UP
2026-06-11 07:36:00;M1;5;89;4079,95616;4075,89000;DOWN
2026-06-11 07:45:00;M1;5;21;4082,88318;4083,05000;UP
2026-06-11 07:49:00;M1;5;21;4083,46250;4083,44000;DOWN
2026-06-11 07:51:00;M1;5;34;4081,24044;4080,51000;DOWN
2026-06-11 07:56:00;M1;5;34;4082,59437;4082,82000;UP
2026-06-11 08:00:00;M1;5;89;4078,77681;4077,31000;DOWN
2026-06-11 08:05:00;M1;5;89;4078,47315;4079,22000;UP
2026-06-11 08:01:00;M1;5;34;4083,45197;4077,44000;DOWN
2026-06-11 08:06:00;M1;5;89;4078,16437;4075,88000;DOWN
2026-06-11 08:12:00;M1;5;89;4077,83629;4079,20000;UP
2026-06-11 08:16:00;M1;5;89;4077,52813;4077,15000;DOWN
2026-06-11 08:21:00;M1;5;89;4077,21820;4079,88000;UP
2026-06-11 08:24:00;M1;5;55;4077,18986;4076,99000;DOWN
2026-06-11 08:30:00;M1;5;55;4077,70984;4078,28000;UP
2026-06-11 08:27:00;M1;5;89;4076,89273;4073,89000;DOWN
2026-06-11 08:31:00;M1;5;21;4080,02606;4084,19000;UP
2026-06-11 09:00:00;M1;5;34;4091,42505;4090,57000;DOWN
2026-06-11 09:03:00;M1;5;55;4088,64463;4088,02000;DOWN
2026-06-11 09:06:00;M1;5;89;4081,79324;4080,03000;DOWN
2026-06-11 09:12:00;M1;5;89;4082,53838;4082,54000;UP
2026-06-11 09:24:00;M1;5;21;4090,84258;4091,15000;UP
2026-06-11 09:26:00;M1;5;55;4091,30752;4090,58000;DOWN
2026-06-11 09:34:00;M1;5;89;4085,03232;4084,13000;DOWN
2026-06-11 09:36:00;M1;5;21;4086,79351;4087,44000;UP
2026-06-11 09:44:00;M1;5;34;4090,93906;4092,72000;UP
2026-06-11 09:47:00;M1;5;55;4092,07125;4091,83000;DOWN
2026-06-11 09:51:00;M1;5;55;4092,54493;4092,56000;UP
2026-06-11 10:09:00;M1;5;55;4094,16917;4093,56000;DOWN
2026-06-11 10:11:00;M1;5;21;4095,01311;4095,53000;UP
2026-06-11 10:35:00;M1;5;21;4105,57408;4104,30000;DOWN
2026-06-11 10:36:00;M1;5;34;4102,18528;4101,97000;DOWN
2026-06-11 10:41:00;M1;5;34;4104,00689;4105,98000;UP
2026-06-11 10:50:00;M1;5;55;4102,54070;4100,17000;DOWN
2026-06-11 10:55:00;M1;5;55;4103,41340;4104,12000;UP
2026-06-11 11:00:00;M1;5;21;4109,06586;4109,70000;UP
2026-06-11 10:56:00;M1;5;55;4104,18116;4103,48000;DOWN
2026-06-11 11:01:00;M1;5;55;4104,91065;4109,52000;UP
2026-06-11 11:04:00;M1;5;34;4107,86036;4106,09000;DOWN
2026-06-11 11:09:00;M1;5;21;4108,93114;4111,72000;UP
2026-06-11 11:14:00;M1;5;55;4106,61665;4106,17000;DOWN
2026-06-11 11:20:00;M1;5;89;4103,79603;4102,40000;DOWN
2026-06-11 12:02:00;M1;5;21;4086,06256;4086,49000;UP
2026-06-11 12:08:00;M1;5;21;4083,26036;4082,82000;DOWN
2026-06-11 12:11:00;M1;5;21;4081,42457;4084,52000;UP
2026-06-11 12:16:00;M1;5;34;4087,35552;4087,78000;UP
2026-06-11 12:21:00;M1;5;34;4085,52106;4084,04000;DOWN
2026-06-11 12:29:00;M1;5;21;4079,61784;4079,44000;DOWN
2026-06-11 12:31:00;M1;5;21;4079,05255;4079,89000;UP
2026-06-11 12:43:00;M1;5;55;4089,09956;4089,78000;UP
2026-06-11 13:08:00;M1;5;21;4091,69423;4090,75000;DOWN
2026-06-11 13:15:00;M1;5;21;4092,70373;4092,75000;UP
2026-06-11 13:16:00;M1;5;21;4092,93354;4090,32000;DOWN
2026-06-11 13:23:00;M1;5;21;4093,25494;4093,86000;UP
2026-06-11 13:29:00;M1;5;34;4088,47885;4087,63000;DOWN
2026-06-11 13:31:00;M1;5;34;4089,25120;4090,21000;UP
2026-06-11 13:41:00;M1;5;21;4091,65612;4091,80000;UP
2026-06-11 13:43:00;M1;5;34;4090,52280;4089,65000;DOWN
2026-06-11 13:46:00;M1;5;21;4091,09938;4090,69000;DOWN
2026-06-11 13:51:00;M1;5;21;4090,57225;4092,93000;UP
2026-06-11 13:56:00;M1;5;89;4090,97203;4088,26000;DOWN
2026-06-11 14:03:00;M1;5;21;4090,10675;4090,97000;UP
2026-06-11 14:06:00;M1;5;89;4090,15484;4089,73000;DOWN
2026-06-11 14:11:00;M1;5;21;4089,84771;4092,27000;UP
2026-06-11 14:14:00;M1;5;55;4087,50341;4086,13000;DOWN
2026-06-11 14:17:00;M1;5;55;4087,70798;4088,22000;UP
2026-06-11 14:16:00;M1;5;89;4089,30455;4084,35000;DOWN
2026-06-11 14:21:00;M1;5;55;4087,82938;4084,97000;DOWN
2026-06-11 14:27:00;M1;5;21;4087,99592;4088,50000;UP
2026-06-11 14:35:00;M1;5;89;4088,12999;4086,26000;DOWN
2026-06-11 14:36:00;M1;5;21;4087,21094;4088,45000;UP
2026-06-11 14:41:00;M1;5;89;4087,34438;4082,02000;DOWN
2026-06-11 14:51:00;M1;5;21;4085,05980;4085,85000;UP
2026-06-11 14:57:00;M1;5;21;4084,13044;4082,24000;DOWN
2026-06-11 15:01:00;M1;5;21;4083,70344;4084,03000;UP
2026-06-11 15:06:00;M1;5;89;4085,48119;4082,98000;DOWN
2026-06-11 15:16:00;M1;5;21;4079,79527;4080,20000;UP
2026-06-11 15:22:00;M1;5;21;4077,22736;4062,94000;DOWN
2026-06-11 15:40:00;M1;5;21;4067,96394;4068,55000;UP
2026-06-11 15:44:00;M1;5;34;4071,37432;4073,33000;UP
2026-06-11 15:46:00;M1;5;55;4075,82544;4080,30000;UP
2026-06-11 15:51:00;M1;5;89;4078,47048;4074,75000;DOWN
2026-06-11 15:56:00;M1;5;55;4074,18984;4078,35000;UP
2026-06-11 16:13:00;M1;5;89;4076,84654;4074,71000;DOWN
2026-06-11 16:16:00;M1;5;55;4073,69485;4076,94000;UP
2026-06-11 16:19:00;M1;5;34;4073,15344;4072,67000;DOWN
2026-06-11 16:21:00;M1;5;34;4073,40484;4075,11000;UP
2026-06-11 16:21:00;M1;5;89;4076,17600;4075,11000;DOWN
2026-06-11 16:26:00;M1;5;55;4073,18880;4074,93000;UP
2026-06-11 16:31:00;M1;5;21;4078,51360;4078,69000;UP
2026-06-11 16:33:00;M1;5;89;4075,42251;4073,41000;DOWN
2026-06-11 16:36:00;M1;5;34;4073,92449;4080,15000;UP
2026-06-11 16:38:00;M1;5;55;4072,52428;4071,07000;DOWN
2026-06-11 16:45:00;M1;5;21;4076,63330;4082,30000;UP
2026-06-11 16:41:00;M1;5;89;4074,54616;4070,70000;DOWN
2026-06-11 16:46:00;M1;5;34;4075,06611;4089,82000;UP
2026-06-11 17:05:00;M1;5;89;4073,95501;4073,27000;DOWN
2026-06-11 17:06:00;M1;5;55;4073,66635;4074,21000;UP
2026-06-11 17:11:00;M1;5;89;4073,31078;4057,74000;DOWN
2026-06-11 17:22:00;M1;5;21;4070,82737;4073,04000;UP
2026-06-11 17:30:00;M1;5;34;4073,24789;4072,76000;DOWN
2026-06-11 17:31:00;M1;5;34;4072,76625;4073,31000;UP
2026-06-11 17:33:00;M1;5;89;4071,54557;4070,98000;DOWN
2026-06-11 17:36:00;M1;5;55;4072,06664;4079,28000;UP
2026-06-11 17:58:00;M1;5;55;4073,32629;4072,44000;DOWN
2026-06-11 18:03:00;M1;5;34;4074,15430;4075,68000;UP
2026-06-11 18:07:00;M1;5;21;4076,74041;4082,90000;UP
2026-06-11 18:22:00;M1;5;21;4079,79687;4079,30000;DOWN
2026-06-11 18:26:00;M1;5;21;4080,57797;4081,41000;UP
2026-06-11 18:31:00;M1;5;21;4081,09600;4080,12000;DOWN
2026-06-11 18:36:00;M1;5;21;4082,05728;4082,51000;UP
2026-06-11 18:56:00;M1;5;21;4089,01394;4087,20000;DOWN
2026-06-11 19:01:00;M1;5;21;4090,00982;4091,06000;UP
2026-06-11 19:24:00;M1;5;55;4087,91377;4087,76000;DOWN
2026-06-11 19:29:00;M1;5;89;4081,81764;4079,61000;DOWN
2026-06-11 19:31:00;M1;5;89;4082,55865;4082,63000;UP
2026-06-11 19:39:00;M1;5;89;4083,16742;4082,60000;DOWN
2026-06-11 19:42:00;M1;5;89;4083,65316;4083,79000;UP
2026-06-11 19:46:00;M1;5;89;4084,02627;4082,19000;DOWN
2026-06-11 20:01:00;M1;5;21;4079,11946;4079,90000;UP
2026-06-11 20:06:00;M1;5;21;4077,00399;4075,22000;DOWN
2026-06-11 20:11:00;M1;5;21;4075,39513;4077,10000;UP
2026-06-11 20:24:00;M1;5;34;4079,73574;4080,39000;UP
2026-06-11 20:28:00;M1;5;55;4085,59598;4089,96000;UP
2026-06-11 20:56:00;M1;5;21;4158,89902;4147,84000;DOWN
2026-06-11 21:05:00;M1;5;34;4136,18216;4134,91000;DOWN
2026-06-11 21:15:00;M1;5;34;4146,92261;4151,26000;UP
2026-06-11 21:17:00;M1;5;34;4152,13473;4151,92000;DOWN
2026-06-11 21:21:00;M1;5;34;4157,07611;4160,92000;UP
2026-06-11 21:26:00;M1;5;34;4161,50401;4154,14000;DOWN
2026-06-11 21:43:00;M1;5;21;4162,08938;4162,47000;UP
2026-06-11 21:54:00;M1;5;21;4165,09835;4164,73000;DOWN
2026-06-11 22:00:00;M1;5;21;4166,37615;4171,94000;UP
2026-06-11 21:56:00;M1;5;55;4164,65644;4161,22000;DOWN
2026-06-11 22:01:00;M1;5;55;4168,36550;4170,23000;UP
2026-06-11 22:06:00;M1;5;55;4171,98183;4171,33000;DOWN
2026-06-11 22:11:00;M1;5;34;4178,38902;4180,66000;UP
2026-06-11 22:46:00;M1;5;21;4214,44540;4210,49000;DOWN
2026-06-11 22:58:00;M1;5;55;4211,08493;4208,11000;DOWN
2026-06-11 23:01:00;M1;5;34;4215,86653;4215,89000;UP
2026-06-11 23:06:00;M1;5;55;4216,70471;4212,06000;DOWN
2026-06-11 23:26:00;M1;5;89;4214,82586;4213,49000;DOWN
2026-06-12 01:01:00;M1;5;21;4212,01619;4215,51000;UP
2026-06-12 01:06:00;M1;5;21;4210,99681;4207,30000;DOWN
2026-06-12 01:16:00;M1;5;21;4209,30734;4209,46000;UP
2026-06-12 01:21:00;M1;5;21;4208,45657;4207,04000;DOWN
2026-06-12 01:28:00;M1;5;21;4208,54847;4210,79000;UP
2026-06-12 01:32:00;M1;5;34;4213,03515;4211,82000;DOWN
2026-06-12 01:39:00;M1;5;34;4212,72839;4215,51000;UP
2026-06-12 01:43:00;M1;5;55;4225,64745;4227,18000;UP
2026-06-12 01:57:00;M1;5;89;4240,40795;4245,57000;UP
2026-06-12 02:01:00;M1;5;89;4241,46553;4240,05000;DOWN
2026-06-12 02:08:00;M1;5;55;4228,65215;4229,54000;UP
2026-06-12 02:11:00;M1;5;55;4229,33422;4225,98000;DOWN
2026-06-12 02:45:00;M1;5;21;4219,84706;4223,26000;UP
2026-06-12 02:48:00;M1;5;21;4217,81921;4217,80000;DOWN
2026-06-12 02:51:00;M1;5;21;4216,31922;4218,78000;UP
2026-06-12 03:00:00;M1;5;21;4215,65463;4215,07000;DOWN
2026-06-12 03:01:00;M1;5;21;4215,50713;4218,02000;UP
2026-06-12 03:06:00;M1;5;34;4221,33587;4221,96000;UP
2026-06-12 03:11:00;M1;5;34;4220,16392;4217,72000;DOWN
2026-06-12 03:19:00;M1;5;21;4215,73947;4216,41000;UP
2026-06-12 03:21:00;M1;5;34;4218,31405;4219,09000;UP
2026-06-12 03:27:00;M1;5;55;4223,51578;4222,53000;DOWN
2026-06-12 03:31:00;M1;5;55;4223,23508;4227,29000;UP
2026-06-12 03:36:00;M1;5;55;4222,81340;4220,70000;DOWN
2026-06-12 03:59:00;M1;5;21;4208,04932;4208,43000;UP
2026-06-12 04:01:00;M1;5;21;4203,52454;4196,38000;DOWN
2026-06-12 04:16:00;M1;5;21;4189,74942;4191,25000;UP
2026-06-12 04:25:00;M1;5;21;4186,49457;4184,69000;DOWN
2026-06-12 04:26:00;M1;5;21;4183,32326;4184,21000;UP
2026-06-12 04:33:00;M1;5;21;4180,47807;4179,88000;DOWN
2026-06-12 04:39:00;M1;5;21;4177,90979;4179,06000;UP
2026-06-12 04:43:00;M1;5;34;4182,50667;4182,71000;UP
2026-06-12 04:49:00;M1;5;55;4190,75950;4191,41000;UP
2026-06-12 04:53:00;M1;5;55;4188,54661;4187,69000;DOWN
2026-06-12 04:56:00;M1;5;55;4186,57467;4188,95000;UP
2026-06-12 05:24:00;M1;5;21;4191,33989;4191,13000;DOWN
2026-06-12 05:34:00;M1;5;34;4183,70159;4182,92000;DOWN
2026-06-12 05:36:00;M1;5;34;4184,39966;4186,67000;UP
2026-06-12 05:49:00;M1;5;21;4190,07731;4190,55000;UP
2026-06-12 05:47:00;M1;5;34;4185,65490;4184,39000;DOWN
2026-06-12 05:51:00;M1;5;34;4186,39660;4190,39000;UP
2026-06-12 05:53:00;M1;5;21;4189,52273;4188,89000;DOWN
2026-06-12 05:57:00;M1;5;21;4189,26679;4189,87000;UP
2026-06-12 06:45:00;M1;5;34;4197,88948;4197,26000;DOWN
2026-06-12 06:54:00;M1;5;34;4199,90837;4200,49000;UP
2026-06-12 06:56:00;M1;5;34;4200,55159;4200,34000;DOWN
2026-06-12 07:01:00;M1;5;55;4194,86706;4194,86000;DOWN
2026-06-12 07:08:00;M1;5;55;4195,66774;4195,82000;UP
2026-06-12 07:11:00;M1;5;55;4196,27053;4193,46000;DOWN
2026-06-12 07:31:00;M1;5;21;4193,58843;4195,81000;UP
2026-06-12 07:37:00;M1;5;55;4197,24976;4197,28000;UP
2026-06-12 07:41:00;M1;5;34;4196,80841;4197,23000;UP
2026-06-12 07:41:00;M1;5;55;4197,32172;4197,23000;DOWN
2026-06-12 07:46:00;M1;5;34;4195,96601;4191,66000;DOWN
2026-06-12 07:54:00;M1;5;21;4191,83295;4192,28000;UP
2026-06-12 07:58:00;M1;5;21;4191,24294;4189,72000;DOWN
2026-06-12 08:02:00;M1;5;89;4189,91514;4189,39000;DOWN
2026-06-12 08:06:00;M1;5;21;4189,30968;4189,43000;UP
2026-06-12 08:11:00;M1;5;21;4188,35650;4182,58000;DOWN
2026-06-12 08:20:00;M1;5;21;4187,33572;4188,25000;UP
2026-06-12 08:22:00;M1;5;34;4188,41359;4188,71000;UP
2026-06-12 08:27:00;M1;5;34;4187,54251;4186,41000;DOWN
2026-06-12 08:32:00;M1;5;21;4184,63225;4182,06000;DOWN
2026-06-12 08:48:00;M1;5;21;4179,19316;4180,05000;UP
2026-06-12 08:51:00;M1;5;21;4177,58835;4176,94000;DOWN
2026-06-12 09:00:00;M1;5;21;4175,90324;4177,97000;UP
2026-06-12 09:01:00;M1;5;34;4177,49804;4178,36000;UP
2026-06-12 09:06:00;M1;5;55;4181,59223;4180,79000;DOWN
2026-06-12 09:11:00;M1;5;55;4180,60977;4184,00000;UP
2026-06-12 09:16:00;M1;5;89;4184,49202;4182,58000;DOWN
2026-06-12 09:32:00;M1;5;55;4177,96835;4177,76000;DOWN
2026-06-12 09:36:00;M1;5;21;4179,24552;4179,52000;UP
2026-06-12 09:40:00;M1;5;34;4176,39901;4175,26000;DOWN
2026-06-12 09:41:00;M1;5;34;4176,25095;4178,69000;UP
2026-06-12 09:42:00;M1;5;55;4176,83950;4176,44000;DOWN
2026-06-12 09:46:00;M1;5;55;4176,24003;4176,92000;UP
2026-06-12 09:51:00;M1;5;21;4178,15142;4178,77000;UP
2026-06-12 09:57:00;M1;5;89;4180,13484;4180,61000;UP
2026-06-12 10:03:00;M1;5;89;4179,61033;4178,62000;DOWN
2026-06-12 10:06:00;M1;5;21;4178,91851;4179,56000;UP
2026-06-12 10:14:00;M1;5;89;4178,65632;4178,22000;DOWN
2026-06-12 10:16:00;M1;5;34;4177,82310;4178,43000;UP
2026-06-12 10:18:00;M1;5;55;4174,90634;4174,35000;DOWN
2026-06-12 10:21:00;M1;5;55;4174,88504;4177,06000;UP
2026-06-12 10:21:00;M1;5;89;4177,76197;4177,06000;DOWN
2026-06-12 10:26:00;M1;5;21;4178,06952;4179,02000;UP
2026-06-12 10:29:00;M1;5;55;4174,77391;4174,09000;DOWN
2026-06-12 10:31:00;M1;5;55;4174,58347;4174,82000;UP
2026-06-12 10:31:00;M1;5;89;4176,80827;4174,82000;DOWN
2026-06-12 10:36:00;M1;5;21;4176,69059;4178,42000;UP
2026-06-12 10:49:00;M1;5;89;4175,65547;4175,07000;DOWN
2026-06-12 10:51:00;M1;5;21;4176,75306;4177,16000;UP
2026-06-12 11:35:00;M1;5;21;4216,92065;4216,12000;DOWN
2026-06-12 11:48:00;M1;5;34;4215,72891;4215,41000;DOWN
2026-06-12 11:52:00;M1;5;34;4219,21850;4219,90000;UP
2026-06-12 11:58:00;M1;5;34;4222,22428;4220,90000;DOWN
2026-06-12 12:22:00;M1;5;55;4221,92602;4220,19000;DOWN
2026-06-12 12:26:00;M1;5;55;4224,06609;4224,95000;UP
2026-06-12 12:35:00;M1;5;21;4226,00370;4226,11000;UP
2026-06-12 12:31:00;M1;5;55;4226,09488;4222,47000;DOWN
2026-06-12 12:36:00;M1;5;21;4225,64336;4224,37000;DOWN
2026-06-12 12:41:00;M1;5;21;4225,56426;4226,17000;UP
2026-06-12 12:46:00;M1;5;21;4225,51557;4225,23000;DOWN
2026-06-12 13:06:00;M1;5;21;4224,02606;4224,30000;UP
2026-06-12 13:11:00;M1;5;89;4222,98803;4222,23000;DOWN
2026-06-12 13:32:00;M1;5;21;4215,86440;4218,52000;UP
2026-06-12 13:47:00;M1;5;34;4216,95666;4217,20000;UP
2026-06-12 13:51:00;M1;5;34;4215,88194;4213,56000;DOWN
2026-06-12 13:56:00;M1;5;21;4211,27496;4210,75000;DOWN
2026-06-12 14:01:00;M1;5;21;4210,09103;4210,82000;UP
2026-06-12 14:06:00;M1;5;21;4208,89072;4206,99000;DOWN
2026-06-12 14:17:00;M1;5;21;4206,87946;4207,25000;UP
2026-06-12 14:23:00;M1;5;34;4207,80872;4208,89000;UP
2026-06-12 14:26:00;M1;5;34;4206,62403;4205,75000;DOWN
2026-06-12 14:40:00;M1;5;21;4202,41910;4204,42000;UP
2026-06-12 14:46:00;M1;5;55;4209,12539;4210,89000;UP
2026-06-12 14:59:00;M1;5;55;4207,36065;4206,83000;DOWN
2026-06-12 15:01:00;M1;5;34;4204,04515;4203,84000;DOWN
2026-06-12 15:08:00;M1;5;21;4207,17838;4208,65000;UP
2026-06-12 15:20:00;M1;5;55;4205,40042;4204,58000;DOWN
2026-06-12 15:50:00;M1;5;21;4199,16084;4200,36000;UP
2026-06-12 15:53:00;M1;5;21;4196,79066;4196,68000;DOWN
2026-06-12 16:02:00;M1;5;21;4192,84081;4196,64000;UP
2026-06-12 16:07:00;M1;5;34;4196,85039;4200,17000;UP
2026-06-12 16:12:00;M1;5;55;4196,87892;4194,12000;DOWN
2026-06-12 16:16:00;M1;5;34;4195,70130;4201,21000;UP
2026-06-12 16:21:00;M1;5;89;4203,16341;4205,07000;UP
2026-06-12 16:31:00;M1;5;89;4201,63243;4200,77000;DOWN
2026-06-12 16:36:00;M1;5;21;4200,73629;4202,29000;UP
2026-06-12 16:40:00;M1;5;55;4196,58316;4191,45000;DOWN
2026-06-12 16:41:00;M1;5;89;4200,41685;4188,46000;DOWN
2026-06-12 17:01:00;M1;5;21;4193,44644;4195,01000;UP
2026-06-12 17:09:00;M1;5;89;4196,33324;4198,17000;UP
2026-06-12 17:06:00;M1;5;55;4193,46408;4189,68000;DOWN
2026-06-12 17:11:00;M1;5;21;4191,86591;4192,97000;UP
2026-06-12 17:11:00;M1;5;89;4195,56396;4192,97000;DOWN
2026-06-12 17:17:00;M1;5;89;4194,78768;4195,90000;UP
2026-06-12 17:19:00;M1;5;55;4192,31386;4190,09000;DOWN
2026-06-12 17:21:00;M1;5;89;4193,97964;4185,68000;DOWN
2026-06-12 17:26:00;M1;5;21;4188,81311;4189,24000;UP
2026-06-12 17:31:00;M1;5;55;4190,40613;4184,93000;DOWN
2026-06-12 17:36:00;M1;5;21;4187,60305;4188,42000;UP
2026-06-12 17:41:00;M1;5;89;4190,92365;4184,96000;DOWN
2026-06-12 17:52:00;M1;5;21;4187,60597;4194,67000;UP
2026-06-12 18:31:00;M1;5;21;4223,08989;4221,66000;DOWN
2026-06-12 18:41:00;M1;5;34;4216,42550;4214,43000;DOWN
2026-06-12 19:01:00;M1;5;55;4211,40774;4210,24000;DOWN
2026-06-12 19:08:00;M1;5;55;4212,54213;4214,02000;UP
2026-06-12 19:13:00;M1;5;21;4215,84598;4221,10000;UP
2026-06-12 19:23:00;M1;5;34;4222,42279;4221,15000;DOWN
2026-06-12 19:27:00;M1;5;55;4218,09383;4217,40000;DOWN
2026-06-12 19:34:00;M1;5;21;4217,81511;4217,86000;UP
2026-06-12 19:36:00;M1;5;21;4218,18838;4212,54000;DOWN
2026-06-12 19:41:00;M1;5;21;4218,00835;4219,04000;UP
2026-06-12 19:46:00;M1;5;21;4217,49460;4212,28000;DOWN
2026-06-12 19:58:00;M1;5;21;4216,40693;4217,20000;UP
2026-06-12 20:01:00;M1;5;34;4218,48486;4219,44000;UP
2026-06-12 20:07:00;M1;5;55;4222,91550;4223,71000;UP
2026-06-12 20:11:00;M1;5;55;4223,04119;4219,56000;DOWN
2026-06-12 20:20:00;M1;5;21;4217,94673;4223,19000;UP
2026-06-12 20:16:00;M1;5;89;4216,45352;4215,36000;DOWN
2026-06-12 20:21:00;M1;5;89;4217,29409;4222,98000;UP
2026-06-12 20:21:00;M1;5;55;4223,12395;4222,98000;DOWN
2026-06-12 20:27:00;M1;5;89;4218,11572;4217,82000;DOWN
2026-06-12 20:34:00;M1;5;21;4219,60518;4219,99000;UP
2026-06-12 20:36:00;M1;5;89;4219,67599;4218,98000;DOWN
2026-06-12 20:42:00;M1;5;21;4220,43099;4223,35000;UP
2026-06-12 20:50:00;M1;5;55;4222,88803;4222,84000;DOWN
2026-06-12 20:51:00;M1;5;55;4223,03266;4223,55000;UP
2026-06-12 20:55:00;M1;5;89;4221,89042;4220,46000;DOWN
2026-06-12 20:57:00;M1;5;34;4221,04283;4221,39000;UP
2026-06-12 20:56:00;M1;5;55;4223,19396;4220,50000;DOWN
2026-06-12 21:02:00;M1;5;34;4221,47184;4220,96000;DOWN
2026-06-12 21:10:00;M1;5;34;4221,79256;4222,42000;UP
2026-06-12 21:11:00;M1;5;21;4222,96373;4224,44000;UP
2026-06-12 21:26:00;M1;5;89;4226,14708;4225,45000;DOWN
2026-06-12 21:31:00;M1;5;89;4226,70096;4227,03000;UP
2026-06-12 21:36:00;M1;5;89;4227,20683;4225,98000;DOWN
2026-06-12 21:43:00;M1;5;21;4228,72608;4229,27000;UP
2026-06-12 21:47:00;M1;5;89;4228,10048;4225,64000;DOWN
2026-06-12 22:41:00;M1;5;21;4205,22202;4206,80000;UP
2026-06-12 22:55:00;M1;5;34;4207,93552;4208,62000;UP
2026-06-12 23:10:00;M1;5;55;4211,92838;4212,56000;UP
2026-06-12 23:31:00;M1;5;21;4213,13330;4212,80000;DOWN
2026-06-12 23:50:00;M1;5;21;4215,44393;4216,02000;UP
2026-06-15 01:25:00;M1;5;21;4293,91824;4289,41000;DOWN
2026-06-15 01:32:00;M1;5;34;4281,84937;4281,28000;DOWN
2026-06-15 02:01:00;M1;5;55;4285,62912;4283,48000;DOWN
2026-06-15 02:33:00;M1;5;21;4283,05057;4286,01000;UP
2026-06-15 02:52:00;M1;5;34;4293,43801;4294,31000;UP
2026-06-15 03:29:00;M1;5;89;4303,44705;4300,95000;DOWN
2026-06-15 03:33:00;M1;5;21;4305,13487;4305,49000;UP
2026-06-15 03:31:00;M1;5;34;4299,39748;4297,22000;DOWN
2026-06-15 03:36:00;M1;5;34;4300,65040;4303,95000;UP
2026-06-15 03:36:00;M1;5;21;4305,76853;4303,95000;DOWN
2026-06-15 03:41:00;M1;5;34;4301,54565;4297,30000;DOWN
2026-06-15 04:14:00;M1;5;21;4294,24562;4296,25000;UP
2026-06-15 04:17:00;M1;5;21;4292,82939;4292,75000;DOWN
2026-06-15 04:21:00;M1;5;21;4292,91264;4300,87000;UP
2026-06-15 04:26:00;M1;5;55;4304,10304;4300,08000;DOWN
2026-06-15 04:31:00;M1;5;55;4304,24303;4307,01000;UP
2026-06-15 04:40:00;M1;5;89;4316,83254;4317,69000;UP
2026-06-15 04:41:00;M1;5;89;4317,28201;4316,81000;DOWN
2026-06-15 04:53:00;M1;5;89;4318,36920;4318,43000;UP
2026-06-15 04:56:00;M1;5;89;4318,96814;4317,09000;DOWN
2026-06-15 05:02:00;M1;5;21;4320,78914;4321,28000;UP
2026-06-15 05:10:00;M1;5;89;4320,42211;4320,39000;DOWN
2026-06-15 05:14:00;M1;5;21;4325,67648;4326,54000;UP
2026-06-15 05:18:00;M1;5;21;4327,57450;4324,95000;DOWN
2026-06-15 05:24:00;M1;5;21;4329,30447;4329,54000;UP
2026-06-15 05:26:00;M1;5;21;4330,64917;4329,18000;DOWN
2026-06-15 05:38:00;M1;5;21;4332,98019;4333,89000;UP
2026-06-15 05:41:00;M1;5;34;4332,22885;4329,75000;DOWN
2026-06-15 05:49:00;M1;5;34;4334,01315;4334,48000;UP
2026-06-15 05:53:00;M1;5;89;4330,08571;4329,77000;DOWN
2026-06-15 05:56:00;M1;5;55;4330,54448;4329,10000;DOWN
2026-06-15 06:31:00;M1;5;21;4325,69477;4326,08000;UP
2026-06-15 06:37:00;M1;5;21;4324,80301;4324,64000;DOWN
2026-06-15 06:45:00;M1;5;21;4324,02249;4325,20000;UP
2026-06-15 07:02:00;M1;5;21;4323,74981;4323,15000;DOWN
2026-06-15 07:06:00;M1;5;21;4323,67455;4325,64000;UP
2026-06-15 07:17:00;M1;5;34;4324,52649;4324,27000;DOWN
2026-06-15 07:21:00;M1;5;21;4323,89584;4322,76000;DOWN
2026-06-15 07:26:00;M1;5;21;4324,12912;4325,03000;UP
2026-06-15 07:51:00;M1;5;21;4327,50724;4327,33000;DOWN
2026-06-15 07:57:00;M1;5;21;4327,96118;4328,13000;UP
2026-06-15 08:03:00;M1;5;55;4328,39145;4327,84000;DOWN
2026-06-15 08:09:00;M1;5;21;4328,70240;4328,88000;UP
2026-06-15 08:15:00;M1;5;55;4328,21195;4328,01000;DOWN
2026-06-15 08:20:00;M1;5;55;4328,18115;4328,71000;UP
2026-06-15 08:16:00;M1;5;34;4327,84059;4326,02000;DOWN
2026-06-15 08:21:00;M1;5;21;4329,44135;4331,74000;UP
2026-06-15 08:27:00;M1;5;21;4329,73456;4329,17000;DOWN
2026-06-15 08:32:00;M1;5;55;4328,44821;4327,74000;DOWN
2026-06-15 09:06:00;M1;5;21;4309,77405;4310,27000;UP
2026-06-15 09:11:00;M1;5;21;4307,18554;4306,11000;DOWN
2026-06-15 09:16:00;M1;5;21;4304,80583;4306,30000;UP
2026-06-15 09:26:00;M1;5;34;4308,11844;4308,32000;UP
2026-06-15 09:31:00;M1;5;34;4306,28682;4305,09000;DOWN
2026-06-15 09:36:00;M1;5;34;4304,52822;4306,18000;UP
2026-06-15 09:41:00;M1;5;34;4303,10855;4301,75000;DOWN
2026-06-15 09:46:00;M1;5;34;4302,06746;4305,52000;UP
2026-06-15 09:55:00;M1;5;55;4307,65041;4308,04000;UP
2026-06-15 10:00:00;M1;5;55;4306,57292;4306,48000;DOWN
2026-06-15 10:01:00;M1;5;55;4305,69955;4306,50000;UP
2026-06-15 10:13:00;M1;5;89;4313,22768;4313,26000;UP
2026-06-15 10:32:00;M1;5;21;4315,53926;4313,83000;DOWN
2026-06-15 10:51:00;M1;5;21;4318,53887;4318,71000;UP
2026-06-15 11:11:00;M1;5;21;4326,22493;4325,81000;DOWN
2026-06-15 11:16:00;M1;5;21;4328,32910;4328,78000;UP
2026-06-15 11:21:00;M1;5;21;4330,02716;4329,27000;DOWN
2026-06-15 11:32:00;M1;5;21;4333,68769;4337,58000;UP
2026-06-15 11:50:00;M1;5;34;4337,24928;4334,65000;DOWN
2026-06-15 12:05:00;M1;5;34;4341,73350;4342,28000;UP
2026-06-15 12:06:00;M1;5;34;4342,76743;4341,50000;DOWN
2026-06-15 12:12:00;M1;5;55;4337,78380;4337,73000;DOWN
2026-06-15 12:17:00;M1;5;55;4339,26491;4340,12000;UP
2026-06-15 12:24:00;M1;5;55;4340,63344;4340,57000;DOWN
2026-06-15 12:47:00;M1;5;21;4339,16838;4339,75000;UP
2026-06-15 12:55:00;M1;5;21;4338,93186;4338,66000;DOWN
2026-06-15 12:56:00;M1;5;21;4338,49889;4339,03000;UP
2026-06-15 13:01:00;M1;5;89;4337,16682;4336,82000;DOWN
2026-06-15 13:06:00;M1;5;21;4337,47042;4339,19000;UP
2026-06-15 13:11:00;M1;5;89;4338,89655;4337,32000;DOWN
2026-06-15 13:16:00;M1;5;21;4337,19340;4338,99000;UP
2026-06-15 13:22:00;M1;5;21;4337,35726;4336,78000;DOWN
2026-06-15 13:26:00;M1;5;21;4337,55702;4338,89000;UP
2026-06-15 13:35:00;M1;5;34;4338,82171;4338,72000;DOWN
2026-06-15 13:36:00;M1;5;34;4338,53558;4338,78000;UP
2026-06-15 13:39:00;M1;5;21;4337,88626;4336,61000;DOWN
2026-06-15 13:42:00;M1;5;21;4337,86598;4338,12000;UP
2026-06-15 13:41:00;M1;5;34;4338,28081;4337,11000;DOWN
2026-06-15 13:46:00;M1;5;34;4338,20817;4338,43000;UP
2026-06-15 13:54:00;M1;5;34;4338,11642;4337,22000;DOWN
2026-06-15 13:56:00;M1;5;34;4338,05987;4338,19000;UP
2026-06-15 14:01:00;M1;5;34;4338,00518;4337,80000;DOWN
2026-06-15 14:06:00;M1;5;21;4338,24778;4338,89000;UP
2026-06-15 14:11:00;M1;5;34;4337,95677;4337,83000;DOWN
2026-06-15 14:16:00;M1;5;21;4338,22569;4338,54000;UP
2026-06-15 14:21:00;M1;5;34;4338,04857;4336,64000;DOWN
2026-06-15 14:28:00;M1;5;21;4338,52516;4340,32000;UP
2026-06-15 14:32:00;M1;5;89;4345,04351;4346,06000;UP
2026-06-15 14:36:00;M1;5;89;4345,23835;4343,05000;DOWN
2026-06-15 14:41:00;M1;5;89;4345,36616;4345,58000;UP
2026-06-15 14:44:00;M1;5;55;4340,65090;4338,47000;DOWN
2026-06-15 14:46:00;M1;5;89;4345,36901;4332,96000;DOWN
2026-06-15 15:06:00;M1;5;21;4337,55979;4337,72000;UP
2026-06-15 15:13:00;M1;5;21;4336,12847;4334,52000;DOWN
2026-06-15 15:24:00;M1;5;21;4332,21995;4333,01000;UP
2026-06-15 15:26:00;M1;5;55;4336,95863;4337,10000;UP
2026-06-15 15:28:00;M1;5;34;4335,00986;4334,19000;DOWN
2026-06-15 15:31:00;M1;5;34;4334,86591;4341,04000;UP
2026-06-15 16:01:00;M1;5;21;4345,73129;4343,60000;DOWN
2026-06-15 16:13:00;M1;5;21;4348,44165;4349,28000;UP
2026-06-15 16:46:00;M1;5;21;4362,69789;4360,22000;DOWN
2026-06-15 16:52:00;M1;5;34;4360,03915;4358,57000;DOWN
2026-06-15 17:05:00;M1;5;21;4363,78932;4363,96000;UP
2026-06-15 17:01:00;M1;5;55;4355,56377;4355,49000;DOWN
2026-06-15 17:06:00;M1;5;55;4357,07230;4367,38000;UP
2026-06-15 17:10:00;M1;5;21;4364,02691;4363,86000;DOWN
2026-06-15 17:12:00;M1;5;55;4358,38633;4357,37000;DOWN
2026-06-15 17:16:00;M1;5;55;4359,63849;4361,35000;UP
2026-06-15 17:21:00;M1;5;55;4360,72168;4356,61000;DOWN
2026-06-15 17:28:00;M1;5;21;4362,26560;4362,51000;UP
2026-06-15 17:33:00;M1;5;55;4362,71201;4358,88000;DOWN
2026-06-15 17:37:00;M1;5;89;4356,78750;4354,63000;DOWN
2026-06-15 17:45:00;M1;5;21;4359,89979;4360,00000;UP
2026-06-15 17:46:00;M1;5;89;4358,17787;4356,74000;DOWN
2026-06-15 17:51:00;M1;5;21;4359,58129;4362,43000;UP
2026-06-15 17:57:00;M1;5;89;4359,48163;4359,48000;DOWN
2026-06-15 18:22:00;M1;5;21;4353,78348;4355,42000;UP
2026-06-15 18:32:00;M1;5;21;4352,64046;4352,14000;DOWN
2026-06-15 18:36:00;M1;5;21;4352,32823;4352,51000;UP
2026-06-15 19:02:00;M1;5;21;4355,46959;4355,42000;DOWN
2026-06-15 19:07:00;M1;5;34;4354,11559;4353,26000;DOWN
2026-06-15 19:48:00;M1;5;21;4337,53786;4338,03000;UP
2026-06-15 19:52:00;M1;5;21;4335,51497;4335,34000;DOWN
2026-06-15 19:56:00;M1;5;21;4334,30366;4339,09000;UP
2026-06-15 20:08:00;M1;5;21;4332,23191;4332,13000;DOWN
2026-06-15 20:11:00;M1;5;21;4331,48372;4333,04000;UP
2026-06-15 20:16:00;M1;5;34;4333,02844;4334,18000;UP
2026-06-15 20:21:00;M1;5;34;4331,47642;4330,50000;DOWN
2026-06-15 20:26:00;M1;5;34;4330,06800;4331,87000;UP
2026-06-15 20:30:00;M1;5;21;4329,21282;4328,58000;DOWN
2026-06-15 20:31:00;M1;5;21;4328,14788;4328,64000;UP
2026-06-15 20:34:00;M1;5;34;4328,62585;4325,70000;DOWN
2026-06-15 20:36:00;M1;5;21;4326,76813;4323,03000;DOWN
2026-06-15 20:46:00;M1;5;21;4323,36921;4324,91000;UP
2026-06-15 20:51:00;M1;5;34;4322,75724;4320,98000;DOWN
2026-06-15 20:56:00;M1;5;21;4320,92677;4322,02000;UP
2026-06-15 21:01:00;M1;5;34;4320,63001;4320,37000;DOWN
2026-06-15 21:07:00;M1;5;21;4319,29388;4320,27000;UP
2026-06-15 21:11:00;M1;5;55;4320,98340;4321,40000;UP
2026-06-15 21:38:00;M1;5;89;4325,16465;4325,57000;UP
2026-06-15 22:01:00;M1;5;21;4325,26515;4324,24000;DOWN
2026-06-15 22:07:00;M1;5;34;4322,25064;4321,48000;DOWN
2026-06-15 22:13:00;M1;5;34;4322,44405;4322,70000;UP
2026-06-15 22:16:00;M1;5;21;4323,85441;4324,14000;UP
2026-06-15 22:22:00;M1;5;34;4322,77852;4322,12000;DOWN
2026-06-15 22:30:00;M1;5;21;4323,12674;4323,16000;UP
2026-06-15 22:31:00;M1;5;34;4322,81376;4321,99000;DOWN
2026-06-15 22:48:00;M1;5;55;4318,35052;4317,81000;DOWN
2026-06-15 22:54:00;M1;5;21;4319,80260;4319,96000;UP
2026-06-15 23:00:00;M1;5;34;4320,81793;4321,63000;UP
2026-06-15 22:57:00;M1;5;21;4319,39159;4319,14000;DOWN
2026-06-15 23:01:00;M1;5;21;4319,09147;4321,43000;UP
2026-06-15 23:02:00;M1;5;34;4320,39429;4320,02000;DOWN
2026-06-15 23:10:00;M1;5;55;4318,39944;4317,70000;DOWN
2026-06-15 23:18:00;M1;5;21;4317,70611;4318,00000;UP
2026-06-15 23:21:00;M1;5;89;4313,47845;4313,13000;DOWN
2026-06-15 23:28:00;M1;5;89;4313,15077;4313,64000;UP
2026-06-15 23:31:00;M1;5;89;4312,78067;4312,52000;DOWN
2026-06-15 23:48:00;M1;5;21;4310,25035;4310,47000;UP
2026-06-15 23:51:00;M1;5;21;4308,97709;4308,44000;DOWN
2026-06-15 23:57:00;M1;5;21;4307,90676;4308,70000;UP
2026-06-16 01:01:00;M1;5;34;4309,52691;4309,67000;UP
2026-06-16 01:13:00;M1;5;89;4309,40724;4309,04000;DOWN
2026-06-16 01:17:00;M1;5;21;4308,83727;4311,36000;UP
2026-06-16 01:24:00;M1;5;89;4308,78140;4307,60000;DOWN
2026-06-16 01:26:00;M1;5;34;4307,76998;4308,56000;UP
2026-06-16 01:31:00;M1;5;21;4308,72339;4309,94000;UP
2026-06-16 02:14:00;M1;5;21;4313,65311;4313,38000;DOWN
2026-06-16 02:17:00;M1;5;21;4314,11479;4314,68000;UP
2026-06-16 02:21:00;M1;5;21;4314,39310;4314,30000;DOWN
2026-06-16 02:27:00;M1;5;21;4314,72130;4315,03000;UP
2026-06-16 02:38:00;M1;5;21;4315,53157;4315,34000;DOWN
2026-06-16 02:43:00;M1;5;21;4316,12237;4316,60000;UP
2026-06-16 02:41:00;M1;5;34;4314,60394;4313,92000;DOWN
2026-06-16 02:48:00;M1;5;34;4315,34594;4316,63000;UP
2026-06-16 02:46:00;M1;5;21;4316,70542;4315,18000;DOWN
2026-06-16 02:51:00;M1;5;21;4317,34035;4317,97000;UP
2026-06-16 02:58:00;M1;5;34;4316,67890;4315,87000;DOWN
2026-06-16 03:14:00;M1;5;55;4314,32530;4313,42000;DOWN
2026-06-16 03:22:00;M1;5;89;4310,17857;4308,52000;DOWN
2026-06-16 03:32:00;M1;5;89;4310,29238;4310,86000;UP
2026-06-16 03:36:00;M1;5;21;4310,73325;4311,91000;UP
2026-06-16 03:52:00;M1;5;34;4312,34510;4313,16000;UP
2026-06-16 04:21:00;M1;5;21;4319,71618;4316,84000;DOWN
2026-06-16 04:26:00;M1;5;21;4320,61771;4321,12000;UP
2026-06-16 04:32:00;M1;5;55;4316,71160;4316,36000;DOWN
2026-06-16 04:38:00;M1;5;34;4317,77184;4318,20000;UP
2026-06-16 04:36:00;M1;5;89;4314,11356;4313,99000;DOWN
2026-06-16 04:41:00;M1;5;89;4314,47172;4314,60000;UP
2026-06-16 04:41:00;M1;5;55;4317,13645;4314,60000;DOWN
2026-06-16 04:47:00;M1;5;34;4318,27595;4318,69000;UP
2026-06-16 04:51:00;M1;5;89;4315,05490;4314,73000;DOWN
2026-06-16 05:16:00;M1;5;21;4311,01721;4311,09000;UP
2026-06-16 05:30:00;M1;5;34;4313,09443;4315,14000;UP
2026-06-16 05:38:00;M1;5;89;4314,67044;4314,25000;DOWN
2026-06-16 05:41:00;M1;5;34;4312,18566;4311,39000;DOWN
2026-06-16 05:46:00;M1;5;21;4311,56887;4312,59000;UP
2026-06-16 05:52:00;M1;5;55;4314,00951;4314,98000;UP
2026-06-16 06:17:00;M1;5;21;4318,26669;4317,36000;DOWN
2026-06-16 06:24:00;M1;5;21;4318,96595;4319,52000;UP
2026-06-16 06:31:00;M1;5;21;4321,11574;4320,45000;DOWN
2026-06-16 06:36:00;M1;5;21;4322,82434;4325,71000;UP
2026-06-16 06:53:00;M1;5;21;4329,64943;4329,33000;DOWN
2026-06-16 06:56:00;M1;5;21;4331,43823;4331,60000;UP
2026-06-16 07:01:00;M1;5;21;4332,60487;4330,22000;DOWN
2026-06-16 07:06:00;M1;5;34;4329,89823;4328,41000;DOWN
2026-06-16 07:16:00;M1;5;55;4326,37283;4326,08000;DOWN
2026-06-16 07:26:00;M1;5;89;4323,62205;4323,37000;DOWN
2026-06-16 07:35:00;M1;5;89;4324,04790;4325,14000;UP
2026-06-16 07:36:00;M1;5;89;4324,40592;4323,32000;DOWN
2026-06-16 07:55:00;M1;5;21;4322,73342;4323,47000;UP
2026-06-16 08:03:00;M1;5;89;4325,47571;4325,87000;UP
2026-06-16 08:06:00;M1;5;34;4325,67258;4325,92000;UP
2026-06-16 08:11:00;M1;5;55;4328,45948;4327,40000;DOWN
2026-06-16 08:17:00;M1;5;89;4326,24178;4325,90000;DOWN
2026-06-16 08:23:00;M1;5;89;4326,52283;4326,79000;UP
2026-06-16 08:25:00;M1;5;34;4325,00117;4324,96000;DOWN
2026-06-16 08:27:00;M1;5;34;4325,01500;4326,31000;UP
2026-06-16 08:26:00;M1;5;89;4326,82654;4324,96000;DOWN
2026-06-16 08:31:00;M1;5;21;4325,65937;4328,52000;UP
2026-06-16 08:32:00;M1;5;34;4324,83201;4324,37000;DOWN
2026-06-16 08:36:00;M1;5;89;4327,19788;4321,34000;DOWN
2026-06-16 08:52:00;M1;5;21;4320,38127;4320,71000;UP
2026-06-16 08:56:00;M1;5;21;4318,85290;4318,72000;DOWN
2026-06-16 09:06:00;M1;5;21;4316,45854;4317,36000;UP
2026-06-16 09:12:00;M1;5;34;4318,38171;4319,54000;UP
2026-06-16 09:16:00;M1;5;34;4317,76756;4316,66000;DOWN
2026-06-16 09:21:00;M1;5;34;4317,08157;4317,36000;UP
2026-06-16 09:23:00;M1;5;21;4315,05962;4314,74000;DOWN
2026-06-16 09:26:00;M1;5;21;4314,89677;4315,37000;UP
2026-06-16 09:26:00;M1;5;34;4316,43544;4315,37000;DOWN
2026-06-16 09:31:00;M1;5;34;4315,95537;4316,82000;UP
2026-06-16 09:36:00;M1;5;55;4318,46549;4319,26000;UP
2026-06-16 09:41:00;M1;5;55;4317,91519;4316,56000;DOWN
2026-06-16 09:46:00;M1;5;55;4317,43895;4318,35000;UP
2026-06-16 09:56:00;M1;5;89;4322,00115;4322,70000;UP
2026-06-16 10:21:00;M1;5;21;4326,66240;4326,46000;DOWN
2026-06-16 10:26:00;M1;5;21;4327,87597;4327,95000;UP
2026-06-16 10:33:00;M1;5;21;4328,97681;4328,43000;DOWN
2026-06-16 10:39:00;M1;5;21;4330,05751;4330,49000;UP
2026-06-16 10:41:00;M1;5;21;4330,69170;4329,76000;DOWN
2026-06-16 10:46:00;M1;5;34;4328,06967;4327,72000;DOWN
2026-06-16 10:51:00;M1;5;21;4331,15524;4331,33000;UP
2026-06-16 11:23:00;M1;5;21;4338,82907;4338,59000;DOWN
2026-06-16 11:26:00;M1;5;21;4340,09074;4342,81000;UP
2026-06-16 11:33:00;M1;5;21;4341,32779;4340,28000;DOWN
2026-06-16 11:36:00;M1;5;21;4342,32684;4342,66000;UP
2026-06-16 11:38:00;M1;5;34;4340,66267;4339,17000;DOWN
2026-06-16 11:42:00;M1;5;34;4341,74345;4343,72000;UP
2026-06-16 11:41:00;M1;5;21;4343,30307;4340,16000;DOWN
2026-06-16 11:47:00;M1;5;34;4342,76104;4342,69000;DOWN
2026-06-16 11:55:00;M1;5;21;4344,69275;4345,09000;UP
2026-06-16 11:58:00;M1;5;34;4344,80299;4344,71000;DOWN
2026-06-16 12:01:00;M1;5;21;4346,22823;4346,81000;UP
2026-06-16 12:06:00;M1;5;34;4346,70676;4346,63000;DOWN
2026-06-16 12:16:00;M1;5;55;4346,03936;4345,02000;DOWN
2026-06-16 12:26:00;M1;5;89;4340,20925;4340,01000;DOWN
2026-06-16 12:31:00;M1;5;89;4341,07457;4342,67000;UP
2026-06-16 12:36:00;M1;5;21;4344,69927;4345,22000;UP
2026-06-16 12:44:00;M1;5;89;4342,70596;4341,98000;DOWN
2026-06-16 12:50:00;M1;5;21;4343,94868;4345,15000;UP
2026-06-16 12:54:00;M1;5;34;4346,74578;4348,15000;UP
2026-06-16 13:00:00;M1;5;89;4344,91900;4344,79000;DOWN
2026-06-16 13:01:00;M1;5;21;4344,57126;4344,02000;DOWN
2026-06-16 13:06:00;M1;5;21;4344,86784;4345,13000;UP
2026-06-16 13:11:00;M1;5;21;4345,20144;4344,81000;DOWN
2026-06-16 13:17:00;M1;5;21;4345,39288;4345,41000;UP
2026-06-16 13:23:00;M1;5;34;4346,05598;4346,11000;UP
2026-06-16 13:22:00;M1;5;21;4345,58388;4345,09000;DOWN
2026-06-16 13:26:00;M1;5;34;4345,89700;4345,48000;DOWN
2026-06-16 13:37:00;M1;5;21;4345,05514;4345,29000;UP
2026-06-16 13:42:00;M1;5;34;4345,44457;4345,54000;UP
2026-06-16 13:41:00;M1;5;21;4345,05758;4344,83000;DOWN
2026-06-16 13:46:00;M1;5;21;4345,28548;4347,67000;UP
2026-06-16 13:59:00;M1;5;55;4348,47142;4348,89000;UP
2026-06-16 14:01:00;M1;5;55;4348,37437;4347,73000;DOWN
2026-06-16 14:28:00;M1;5;21;4342,16339;4342,86000;UP
2026-06-16 14:31:00;M1;5;21;4341,33781;4339,63000;DOWN
2026-06-16 14:45:00;M1;5;21;4339,47300;4341,23000;UP
2026-06-16 14:49:00;M1;5;21;4338,48282;4337,25000;DOWN
2026-06-16 14:51:00;M1;5;21;4337,90899;4339,26000;UP
2026-06-16 14:57:00;M1;5;34;4339,77209;4340,10000;UP
2026-06-16 15:04:00;M1;5;34;4339,27070;4338,74000;DOWN
2026-06-16 15:06:00;M1;5;34;4339,03676;4340,05000;UP
2026-06-16 15:18:00;M1;5;55;4341,11337;4340,57000;DOWN
2026-06-16 15:23:00;M1;5;21;4340,83993;4341,51000;UP
2026-06-16 15:27:00;M1;5;55;4340,86235;4339,54000;DOWN
2026-06-16 15:31:00;M1;5;21;4342,53465;4346,87000;UP
2026-06-16 15:36:00;M1;5;89;4345,65547;4342,89000;DOWN
2026-06-16 15:41:00;M1;5;21;4345,17255;4346,53000;UP
2026-06-16 16:04:00;M1;5;34;4347,18648;4347,17000;DOWN
2026-06-16 16:06:00;M1;5;34;4347,93791;4348,16000;UP
2026-06-16 16:08:00;M1;5;89;4346,15957;4344,26000;DOWN
2026-06-16 16:12:00;M1;5;55;4344,78459;4345,41000;UP
2026-06-16 16:11:00;M1;5;34;4348,29806;4344,25000;DOWN
2026-06-16 16:16:00;M1;5;55;4344,99198;4340,94000;DOWN
2026-06-16 16:37:00;M1;5;21;4339,16402;4339,26000;UP
2026-06-16 16:41:00;M1;5;21;4337,47928;4337,43000;DOWN
2026-06-16 16:46:00;M1;5;21;4336,20114;4336,47000;UP
2026-06-16 16:56:00;M1;5;21;4334,21249;4333,04000;DOWN
2026-06-16 17:01:00;M1;5;21;4333,77654;4336,67000;UP
2026-06-16 17:06:00;M1;5;34;4336,94909;4336,48000;DOWN
2026-06-16 17:15:00;M1;5;21;4333,25317;4333,07000;DOWN
2026-06-16 17:37:00;M1;5;21;4322,05636;4324,01000;UP
2026-06-16 17:41:00;M1;5;34;4324,03857;4327,21000;UP
2026-06-16 17:55:00;M1;5;34;4321,88933;4321,52000;DOWN
2026-06-16 17:56:00;M1;5;34;4321,19147;4323,30000;UP
2026-06-16 18:02:00;M1;5;55;4325,18010;4325,66000;UP
2026-06-16 18:07:00;M1;5;55;4324,09939;4322,83000;DOWN
2026-06-16 18:11:00;M1;5;55;4323,13268;4323,61000;UP
2026-06-16 18:24:00;M1;5;55;4321,53674;4321,51000;DOWN
2026-06-16 18:26:00;M1;5;21;4323,17670;4323,58000;UP
2026-06-16 18:33:00;M1;5;89;4326,67987;4326,95000;UP
2026-06-16 18:38:00;M1;5;89;4326,01679;4323,43000;DOWN
2026-06-16 18:41:00;M1;5;21;4325,00122;4326,27000;UP
2026-06-16 18:46:00;M1;5;89;4324,83394;4322,18000;DOWN
2026-06-16 18:51:00;M1;5;21;4327,18444;4327,50000;UP
2026-06-16 19:21:00;M1;5;21;4344,12345;4343,71000;DOWN
2026-06-16 19:34:00;M1;5;34;4341,21818;4340,81000;DOWN
2026-06-16 19:39:00;M1;5;34;4342,94269;4344,34000;UP
2026-06-16 19:41:00;M1;5;34;4344,44313;4343,99000;DOWN
2026-06-16 20:01:00;M1;5;55;4340,42675;4338,40000;DOWN
2026-06-16 20:17:00;M1;5;89;4333,40226;4333,33000;DOWN
2026-06-16 20:29:00;M1;5;21;4334,44568;4334,63000;UP
2026-06-16 20:36:00;M1;5;34;4339,04115;4339,90000;UP
2026-06-16 20:41:00;M1;5;34;4338,12017;4337,91000;DOWN
2026-06-16 20:51:00;M1;5;34;4336,96896;4338,74000;UP
2026-06-16 21:01:00;M1;5;55;4341,66712;4341,88000;UP
2026-06-16 21:06:00;M1;5;55;4341,62227;4340,26000;DOWN
2026-06-16 21:14:00;M1;5;55;4341,59214;4341,69000;UP
2026-06-16 21:16:00;M1;5;55;4341,52261;4340,69000;DOWN
2026-06-16 21:31:00;M1;5;21;4341,77598;4342,46000;UP
2026-06-16 21:38:00;M1;5;89;4339,91813;4339,81000;DOWN
2026-06-16 21:56:00;M1;5;21;4339,06793;4339,19000;UP
2026-06-16 22:03:00;M1;5;34;4339,75431;4341,19000;UP
2026-06-16 22:02:00;M1;5;21;4338,91100;4338,39000;DOWN
2026-06-16 22:06:00;M1;5;21;4339,06738;4341,89000;UP
2026-06-16 22:08:00;M1;5;89;4341,20350;4341,07000;DOWN
2026-06-16 22:14:00;M1;5;55;4339,80922;4339,17000;DOWN
2026-06-16 22:20:00;M1;5;21;4339,22709;4340,40000;UP
2026-06-16 22:21:00;M1;5;55;4339,83893;4339,81000;DOWN
2026-06-16 22:27:00;M1;5;34;4339,95745;4340,02000;UP
2026-06-16 22:31:00;M1;5;55;4339,92575;4339,29000;DOWN
2026-06-16 23:18:00;M1;5;21;4332,27771;4332,35000;UP
2026-06-16 23:25:00;M1;5;34;4334,00196;4334,10000;UP
2026-06-16 23:28:00;M1;5;34;4333,35989;4333,21000;DOWN
2026-06-16 23:35:00;M1;5;34;4332,76787;4332,86000;UP
2026-06-16 23:40:00;M1;5;55;4334,57875;4334,86000;UP
2026-06-16 23:42:00;M1;5;55;4334,17173;4333,42000;DOWN
2026-06-16 23:49:00;M1;5;21;4331,52784;4331,83000;UP
2026-06-16 23:51:00;M1;5;34;4331,37450;4331,33000;DOWN
2026-06-16 23:56:00;M1;5;34;4331,02529;4331,33000;UP
2026-06-17 01:01:00;M1;5;21;4331,34321;4333,59000;UP
2026-06-17 01:07:00;M1;5;55;4332,12979;4332,10000;DOWN
2026-06-17 01:11:00;M1;5;55;4331,78147;4332,92000;UP
2026-06-17 01:16:00;M1;5;55;4331,43986;4329,61000;DOWN
2026-06-17 01:21:00;M1;5;34;4330,33865;4331,03000;UP
2026-06-17 01:30:00;M1;5;21;4330,72857;4331,63000;UP
2026-06-17 01:29:00;M1;5;34;4330,19693;4330,10000;DOWN
2026-06-17 01:31:00;M1;5;34;4330,15721;4331,76000;UP
2026-06-17 01:45:00;M1;5;89;4332,88167;4333,58000;UP
2026-06-17 02:20:00;M1;5;21;4335,84622;4335,83000;DOWN
2026-06-17 02:32:00;M1;5;34;4335,39192;4334,26000;DOWN
2026-06-17 02:41:00;M1;5;55;4333,35753;4333,20000;DOWN
2026-06-17 02:46:00;M1;5;55;4333,59148;4333,92000;UP
2026-06-17 02:50:00;M1;5;89;4332,08618;4331,34000;DOWN
2026-06-17 02:54:00;M1;5;89;4332,09179;4332,42000;UP
2026-06-17 02:51:00;M1;5;55;4333,74229;4332,09000;DOWN
2026-06-17 02:56:00;M1;5;89;4332,05799;4331,02000;DOWN
2026-06-17 03:03:00;M1;5;21;4333,59623;4334,53000;UP
2026-06-17 03:06:00;M1;5;34;4335,12697;4335,68000;UP
2026-06-17 03:32:00;M1;5;21;4337,60116;4337,09000;DOWN
2026-06-17 03:37:00;M1;5;21;4337,85648;4337,92000;UP
2026-06-17 03:38:00;M1;5;55;4336,31013;4336,18000;DOWN
2026-06-17 03:41:00;M1;5;21;4337,83640;4335,37000;DOWN
2026-06-17 03:49:00;M1;5;89;4333,96244;4333,83000;DOWN
2026-06-17 03:52:00;M1;5;21;4336,94251;4337,53000;UP
2026-06-17 03:56:00;M1;5;55;4336,79076;4336,67000;DOWN
2026-06-17 04:01:00;M1;5;21;4336,94357;4338,48000;UP
2026-06-17 04:20:00;M1;5;21;4342,22951;4341,04000;DOWN
2026-06-17 04:21:00;M1;5;34;4341,25555;4341,04000;DOWN
2026-06-17 04:28:00;M1;5;34;4342,04409;4342,57000;UP
2026-06-17 04:31:00;M1;5;55;4340,67211;4340,41000;DOWN
2026-06-17 04:42:00;M1;5;55;4341,36483;4341,55000;UP
2026-06-17 04:46:00;M1;5;89;4338,90373;4337,87000;DOWN
2026-06-17 04:55:00;M1;5;21;4341,56623;4343,15000;UP
2026-06-17 04:57:00;M1;5;55;4341,70341;4341,16000;DOWN
2026-06-17 05:02:00;M1;5;34;4342,03362;4342,09000;UP
2026-06-17 05:06:00;M1;5;55;4341,95014;4341,60000;DOWN
2026-06-17 05:11:00;M1;5;34;4342,14055;4342,86000;UP
2026-06-17 05:24:00;M1;5;89;4340,76781;4340,72000;DOWN
2026-06-17 05:31:00;M1;5;21;4341,00308;4342,86000;UP
2026-06-17 05:36:00;M1;5;89;4341,41287;4340,07000;DOWN
2026-06-17 06:06:00;M1;5;21;4332,53877;4333,97000;UP
2026-06-17 06:13:00;M1;5;21;4331,20426;4329,67000;DOWN
2026-06-17 06:16:00;M1;5;21;4330,14762;4330,89000;UP
2026-06-17 06:27:00;M1;5;34;4331,66242;4332,06000;UP
2026-06-17 06:45:00;M1;5;55;4333,43164;4333,44000;UP
2026-06-17 06:47:00;M1;5;55;4332,87085;4332,87000;DOWN
2026-06-17 06:51:00;M1;5;55;4332,39110;4332,69000;UP
2026-06-17 06:56:00;M1;5;55;4331,96740;4331,44000;DOWN
2026-06-17 07:01:00;M1;5;34;4329,44509;4329,40000;DOWN
2026-06-17 07:06:00;M1;5;34;4329,43319;4330,33000;UP
2026-06-17 07:11:00;M1;5;21;4331,40794;4331,89000;UP
2026-06-17 07:13:00;M1;5;55;4330,67366;4330,37000;DOWN
2026-06-17 07:16:00;M1;5;55;4330,29791;4331,23000;UP
2026-06-17 07:16:00;M1;5;21;4331,40401;4331,23000;DOWN
2026-06-17 07:22:00;M1;5;55;4329,90438;4329,74000;DOWN
2026-06-17 07:46:00;M1;5;21;4322,91975;4323,43000;UP
2026-06-17 07:51:00;M1;5;34;4324,68586;4324,75000;UP
2026-06-17 07:56:00;M1;5;55;4324,76673;4325,00000;UP
2026-06-17 07:57:00;M1;5;34;4324,22378;4324,17000;DOWN
2026-06-17 08:01:00;M1;5;34;4323,88431;4327,51000;UP
2026-06-17 08:11:00;M1;5;55;4323,58826;4323,41000;DOWN
2026-06-17 08:17:00;M1;5;21;4322,84114;4324,40000;UP
2026-06-17 08:22:00;M1;5;89;4326,17520;4326,07000;DOWN
2026-06-17 08:26:00;M1;5;89;4325,70432;4326,45000;UP
2026-06-17 08:55:00;M1;5;21;4329,61936;4327,18000;DOWN
2026-06-17 08:56:00;M1;5;34;4326,86924;4325,13000;DOWN
2026-06-17 09:04:00;M1;5;34;4327,45451;4327,87000;UP
2026-06-17 09:09:00;M1;5;34;4327,88048;4327,59000;DOWN
2026-06-17 09:12:00;M1;5;34;4328,26957;4328,47000;UP
2026-06-17 09:19:00;M1;5;89;4324,22223;4323,77000;DOWN
2026-06-17 09:25:00;M1;5;89;4324,12317;4324,98000;UP
2026-06-17 09:27:00;M1;5;21;4327,04749;4327,18000;UP
2026-06-17 09:32:00;M1;5;89;4323,88992;4323,07000;DOWN
2026-06-17 09:36:00;M1;5;21;4325,42871;4326,00000;UP
2026-06-17 09:42:00;M1;5;34;4327,17054;4328,35000;UP
2026-06-17 10:14:00;M1;5;55;4327,66341;4327,19000;DOWN
2026-06-17 10:16:00;M1;5;21;4329,92580;4331,96000;UP
2026-06-17 10:21:00;M1;5;55;4328,15560;4328,09000;DOWN
2026-06-17 10:29:00;M1;5;34;4328,81899;4329,11000;UP
2026-06-17 10:31:00;M1;5;55;4328,40739;4327,80000;DOWN
2026-06-17 10:39:00;M1;5;21;4329,30449;4330,98000;UP
2026-06-17 10:42:00;M1;5;34;4329,00647;4328,96000;DOWN
2026-06-17 10:46:00;M1;5;21;4328,71156;4329,26000;UP
2026-06-17 10:48:00;M1;5;55;4328,62953;4328,12000;DOWN
2026-06-17 10:54:00;M1;5;89;4325,80453;4325,23000;DOWN
2026-06-17 10:56:00;M1;5;89;4325,89426;4327,25000;UP
2026-06-17 11:01:00;M1;5;21;4326,56693;4326,61000;UP
2026-06-17 11:03:00;M1;5;89;4325,96959;4325,82000;DOWN
2026-06-17 11:08:00;M1;5;34;4327,68706;4327,73000;UP
2026-06-17 11:06:00;M1;5;21;4326,16128;4325,98000;DOWN
2026-06-17 11:11:00;M1;5;21;4325,50784;4326,12000;UP
2026-06-17 11:12:00;M1;5;89;4326,07180;4324,12000;DOWN
2026-06-17 11:16:00;M1;5;21;4324,73040;4320,68000;DOWN
2026-06-17 11:26:00;M1;5;21;4323,37582;4323,45000;UP
2026-06-17 11:31:00;M1;5;21;4322,95636;4320,40000;DOWN
2026-06-17 11:50:00;M1;5;21;4320,75338;4321,32000;UP
2026-06-17 11:51:00;M1;5;34;4321,85965;4323,05000;UP
2026-06-17 11:57:00;M1;5;89;4324,74578;4324,91000;UP
2026-06-17 12:00:00;M1;5;55;4323,93730;4323,23000;DOWN
2026-06-17 12:01:00;M1;5;55;4323,54601;4324,06000;UP
2026-06-17 12:01:00;M1;5;89;4324,54890;4324,06000;DOWN
2026-06-17 12:06:00;M1;5;55;4323,16258;4322,53000;DOWN
2026-06-17 12:11:00;M1;5;55;4322,88813;4323,37000;UP
2026-06-17 12:41:00;M1;5;21;4329,53577;4329,26000;DOWN
2026-06-17 12:51:00;M1;5;34;4327,16860;4326,67000;DOWN
2026-06-17 12:56:00;M1;5;34;4327,75216;4328,11000;UP
2026-06-17 13:02:00;M1;5;34;4328,30017;4328,11000;DOWN
2026-06-17 13:06:00;M1;5;34;4328,83976;4329,17000;UP
2026-06-17 13:14:00;M1;5;21;4330,18835;4330,77000;UP
2026-06-17 13:11:00;M1;5;34;4329,42071;4328,17000;DOWN
2026-06-17 13:16:00;M1;5;21;4330,02124;4329,33000;DOWN
2026-06-17 13:26:00;M1;5;55;4327,59393;4327,50000;DOWN
2026-06-17 13:32:00;M1;5;21;4329,25554;4329,51000;UP
2026-06-17 13:38:00;M1;5;21;4329,15624;4329,13000;DOWN
2026-06-17 13:44:00;M1;5;21;4329,30157;4330,80000;UP
2026-06-17 14:03:00;M1;5;55;4330,25972;4330,09000;DOWN
2026-06-17 14:16:00;M1;5;21;4330,20240;4330,93000;UP
2026-06-17 14:21:00;M1;5;55;4330,90495;4330,15000;DOWN
2026-06-17 14:30:00;M1;5;89;4328,70520;4326,95000;DOWN
2026-06-17 14:54:00;M1;5;21;4326,02231;4326,27000;UP
2026-06-17 14:56:00;M1;5;21;4325,25762;4321,89000;DOWN
2026-06-17 15:10:00;M1;5;21;4323,34724;4324,44000;UP
2026-06-17 15:12:00;M1;5;21;4322,60809;4320,47000;DOWN
2026-06-17 15:16:00;M1;5;21;4322,16195;4322,20000;UP
2026-06-17 15:24:00;M1;5;55;4326,54776;4326,85000;UP
2026-06-17 15:21:00;M1;5;34;4323,68114;4323,39000;DOWN
2026-06-17 15:26:00;M1;5;34;4323,45237;4325,65000;UP
2026-06-17 15:26:00;M1;5;55;4326,13224;4325,65000;DOWN
2026-06-17 15:31:00;M1;5;55;4325,87638;4329,03000;UP
2026-06-17 16:05:00;M1;5;89;4328,23365;4327,04000;DOWN
2026-06-17 16:10:00;M1;5;55;4327,60826;4328,73000;UP
2026-06-17 16:11:00;M1;5;34;4329,88927;4331,15000;UP
2026-06-17 16:22:00;M1;5;21;4333,51541;4338,13000;UP
2026-06-17 16:31:00;M1;5;21;4334,71266;4334,47000;DOWN
2026-06-17 16:36:00;M1;5;21;4335,46750;4338,69000;UP
2026-06-17 17:00:00;M1;5;34;4339,12592;4338,31000;DOWN
2026-06-17 17:04:00;M1;5;34;4340,04580;4340,52000;UP
2026-06-17 17:06:00;M1;5;21;4342,65234;4342,93000;UP
2026-06-17 17:11:00;M1;5;34;4341,72472;4341,64000;DOWN
2026-06-17 17:20:00;M1;5;34;4342,44748;4342,90000;UP
2026-06-17 17:22:00;M1;5;21;4345,72321;4346,39000;UP
2026-06-17 17:40:00;M1;5;34;4351,16722;4350,30000;DOWN
2026-06-17 17:43:00;M1;5;34;4353,05522;4353,38000;UP
2026-06-17 17:47:00;M1;5;89;4341,95426;4336,67000;DOWN
2026-06-17 17:51:00;M1;5;89;4343,07415;4347,08000;UP
2026-06-17 17:58:00;M1;5;89;4344,06794;4343,32000;DOWN
2026-06-17 18:03:00;M1;5;89;4344,96727;4348,18000;UP
2026-06-17 18:09:00;M1;5;89;4345,73722;4344,77000;DOWN
2026-06-17 18:15:00;M1;5;21;4349,28717;4350,93000;UP
2026-06-17 18:18:00;M1;5;34;4352,89985;4353,09000;UP
2026-06-17 18:43:00;M1;5;55;4357,05791;4356,95000;DOWN
2026-06-17 18:46:00;M1;5;55;4357,96467;4358,75000;UP
2026-06-17 18:51:00;M1;5;55;4358,79200;4358,56000;DOWN
2026-06-17 18:56:00;M1;5;21;4361,17709;4362,76000;UP
2026-06-17 19:10:00;M1;5;55;4361,34474;4361,33000;DOWN
2026-06-17 19:12:00;M1;5;55;4362,12484;4362,51000;UP
2026-06-17 19:11:00;M1;5;34;4361,59304;4361,35000;DOWN
2026-06-17 19:19:00;M1;5;21;4365,05844;4365,30000;UP
2026-06-17 19:16:00;M1;5;55;4362,92695;4361,48000;DOWN
2026-06-17 19:22:00;M1;5;55;4363,71920;4365,82000;UP
2026-06-17 19:21:00;M1;5;34;4363,91938;4363,58000;DOWN
2026-06-17 19:28:00;M1;5;34;4364,98252;4365,39000;UP
2026-06-17 19:27:00;M1;5;55;4364,47872;4364,24000;DOWN
2026-06-17 19:33:00;M1;5;89;4362,39314;4361,89000;DOWN
2026-06-17 20:05:00;M1;5;21;4358,57874;4358,87000;UP
2026-06-17 20:07:00;M1;5;21;4357,75254;4357,02000;DOWN
2026-06-17 20:11:00;M1;5;21;4357,23331;4357,92000;UP
2026-06-17 20:19:00;M1;5;34;4361,06648;4362,12000;UP
2026-06-17 20:33:00;M1;5;55;4364,74983;4381,99000;UP
2026-06-17 21:00:00;M1;5;89;4370,59032;4348,21000;DOWN
2026-06-17 21:31:00;M1;5;21;4286,53406;4306,22000;UP
2026-06-17 21:41:00;M1;5;34;4303,26839;4307,96000;UP
2026-06-17 21:47:00;M1;5;55;4321,78504;4327,90000;UP
2026-06-17 21:53:00;M1;5;55;4317,89733;4314,31000;DOWN
2026-06-17 21:57:00;M1;5;34;4292,63116;4289,73000;DOWN
2026-06-17 22:41:00;M1;5;21;4219,49993;4230,54000;UP
2026-06-17 22:51:00;M1;5;55;4238,48874;4245,95000;UP
2026-06-17 23:12:00;M1;5;89;4256,71026;4258,35000;UP
2026-06-17 23:37:00;M1;5;21;4262,59921;4261,07000;DOWN
2026-06-18 01:08:00;M1;5;21;4264,67249;4265,59000;UP
2026-06-18 01:29:00;M1;5;34;4267,13398;4266,92000;DOWN
2026-06-18 01:55:00;M1;5;21;4268,07342;4269,19000;UP
2026-06-18 01:57:00;M1;5;21;4267,91718;4267,91000;DOWN
2026-06-18 02:07:00;M1;5;21;4268,04825;4268,13000;UP
2026-06-18 02:33:00;M1;5;21;4278,96997;4278,69000;DOWN
2026-06-18 02:40:00;M1;5;55;4273,77206;4272,05000;DOWN
2026-06-18 02:45:00;M1;5;34;4278,10946;4278,13000;UP
2026-06-18 02:47:00;M1;5;55;4276,28413;4276,18000;DOWN
2026-06-18 03:00:00;M1;5;21;4279,59125;4280,89000;UP
2026-06-18 03:26:00;M1;5;21;4296,73521;4295,81000;DOWN
2026-06-18 03:31:00;M1;5;21;4300,46526;4306,67000;UP
2026-06-18 03:38:00;M1;5;21;4304,05063;4303,85000;DOWN
2026-06-18 03:44:00;M1;5;21;4307,69358;4310,90000;UP
2026-06-18 03:46:00;M1;5;21;4311,18151;4309,36000;DOWN
2026-06-18 03:54:00;M1;5;21;4314,17711;4314,31000;UP
2026-06-18 03:59:00;M1;5;34;4309,89583;4308,32000;DOWN
2026-06-18 04:01:00;M1;5;21;4318,12585;4320,56000;UP
2026-06-18 04:15:00;M1;5;21;4322,72846;4321,99000;DOWN
2026-06-18 04:16:00;M1;5;34;4321,42024;4319,88000;DOWN
2026-06-18 04:32:00;M1;5;55;4320,62271;4318,17000;DOWN
2026-06-18 04:43:00;M1;5;21;4324,18097;4324,99000;UP
2026-06-18 04:46:00;M1;5;55;4325,65957;4324,77000;DOWN
2026-06-18 05:03:00;M1;5;89;4318,98505;4318,83000;DOWN
2026-06-18 05:09:00;M1;5;21;4322,02526;4325,17000;UP
2026-06-18 05:12:00;M1;5;34;4327,38577;4327,98000;UP
2026-06-18 05:16:00;M1;5;34;4327,59208;4326,81000;DOWN
2026-06-18 05:21:00;M1;5;89;4326,12865;4326,10000;DOWN
2026-06-18 05:26:00;M1;5;21;4325,64436;4324,41000;DOWN
2026-06-18 06:06:00;M1;5;21;4313,04679;4314,74000;UP
2026-06-18 06:11:00;M1;5;21;4311,30874;4310,79000;DOWN
2026-06-18 06:16:00;M1;5;21;4310,37619;4311,49000;UP
2026-06-18 06:21:00;M1;5;34;4315,00697;4316,13000;UP
2026-06-18 06:28:00;M1;5;34;4314,19886;4314,16000;DOWN
2026-06-18 06:31:00;M1;5;34;4313,78232;4318,63000;UP
2026-06-18 06:38:00;M1;5;55;4321,37611;4322,07000;UP
2026-06-18 06:42:00;M1;5;55;4320,78082;4320,09000;DOWN
2026-06-18 06:51:00;M1;5;21;4317,70732;4317,12000;DOWN
2026-06-18 06:56:00;M1;5;21;4318,72907;4320,05000;UP
2026-06-18 07:07:00;M1;5;55;4318,80191;4318,64000;DOWN
2026-06-18 07:15:00;M1;5;55;4318,46359;4318,96000;UP
2026-06-18 07:11:00;M1;5;34;4316,68881;4316,16000;DOWN
2026-06-18 07:16:00;M1;5;34;4317,01781;4317,36000;UP
2026-06-18 07:16:00;M1;5;55;4318,07205;4317,36000;DOWN
2026-06-18 07:21:00;M1;5;34;4317,06821;4313,60000;DOWN
2026-06-18 07:33:00;M1;5;21;4316,33236;4316,51000;UP
2026-06-18 07:37:00;M1;5;55;4316,10370;4313,62000;DOWN
2026-06-18 07:48:00;M1;5;21;4313,07290;4313,37000;UP
2026-06-18 07:53:00;M1;5;34;4314,99926;4315,91000;UP
2026-06-18 08:00:00;M1;5;55;4314,56518;4313,41000;DOWN
2026-06-18 08:01:00;M1;5;34;4314,53068;4315,00000;UP
2026-06-18 08:26:00;M1;5;89;4320,73864;4320,84000;UP
2026-06-18 08:38:00;M1;5;89;4320,32284;4319,35000;DOWN
2026-06-18 08:42:00;M1;5;55;4316,52355;4314,65000;DOWN
2026-06-18 09:21:00;M1;5;21;4299,28167;4303,42000;UP
2026-06-18 09:29:00;M1;5;34;4304,49988;4305,04000;UP
2026-06-18 09:35:00;M1;5;34;4303,22785;4303,18000;DOWN
2026-06-18 09:36:00;M1;5;34;4302,05203;4302,38000;UP
2026-06-18 09:42:00;M1;5;34;4300,97397;4300,59000;DOWN
2026-06-18 09:46:00;M1;5;34;4300,14591;4303,99000;UP
2026-06-18 09:51:00;M1;5;55;4303,97860;4303,69000;DOWN
2026-06-18 09:56:00;M1;5;55;4303,42739;4304,58000;UP
2026-06-18 10:05:00;M1;5;55;4302,91162;4300,72000;DOWN
2026-06-18 10:07:00;M1;5;21;4303,43397;4304,44000;UP
2026-06-18 10:11:00;M1;5;89;4306,05688;4307,95000;UP
2026-06-18 10:24:00;M1;5;89;4305,16063;4304,58000;DOWN
2026-06-18 10:29:00;M1;5;21;4306,60343;4307,67000;UP
2026-06-18 10:31:00;M1;5;89;4304,35509;4302,46000;DOWN
2026-06-18 11:07:00;M1;5;21;4290,48396;4292,45000;UP
2026-06-18 11:13:00;M1;5;21;4288,46221;4286,68000;DOWN
2026-06-18 11:16:00;M1;5;21;4286,86691;4287,90000;UP
2026-06-18 11:32:00;M1;5;34;4287,30823;4288,84000;UP
2026-06-18 11:35:00;M1;5;21;4283,54760;4283,23000;DOWN
2026-06-18 11:36:00;M1;5;21;4282,91369;4284,63000;UP
2026-06-18 11:36:00;M1;5;34;4285,83017;4284,63000;DOWN
2026-06-18 11:41:00;M1;5;34;4284,32338;4284,49000;UP
2026-06-18 11:44:00;M1;5;21;4282,15970;4281,61000;DOWN
2026-06-18 11:46:00;M1;5;34;4282,75173;4278,76000;DOWN
2026-06-18 12:15:00;M1;5;21;4268,22190;4268,99000;UP
2026-06-18 12:17:00;M1;5;34;4269,82250;4271,09000;UP
2026-06-18 12:24:00;M1;5;34;4268,14928;4267,34000;DOWN
2026-06-18 12:26:00;M1;5;34;4266,61170;4268,90000;UP
2026-06-18 12:38:00;M1;5;55;4267,94417;4268,73000;UP
2026-06-18 12:52:00;M1;5;89;4271,18768;4271,42000;UP
2026-06-18 12:56:00;M1;5;89;4270,01202;4269,53000;DOWN
2026-06-18 13:02:00;M1;5;21;4266,34282;4266,20000;DOWN
2026-06-18 13:06:00;M1;5;21;4266,52175;4267,86000;UP
2026-06-18 13:11:00;M1;5;89;4266,72868;4262,84000;DOWN
2026-06-18 13:16:00;M1;5;21;4267,15773;4267,95000;UP
2026-06-18 13:22:00;M1;5;21;4267,33576;4266,02000;DOWN
2026-06-18 13:29:00;M1;5;21;4267,67434;4269,41000;UP
2026-06-18 13:33:00;M1;5;21;4267,60761;4264,99000;DOWN
2026-06-18 13:44:00;M1;5;34;4264,80717;4264,16000;DOWN
2026-06-18 13:46:00;M1;5;34;4264,72743;4265,93000;UP
2026-06-18 13:52:00;M1;5;89;4260,02498;4259,53000;DOWN
2026-06-18 13:56:00;M1;5;55;4259,05210;4257,03000;DOWN
2026-06-18 14:22:00;M1;5;21;4247,03668;4247,11000;UP
2026-06-18 14:36:00;M1;5;34;4247,72718;4248,23000;UP
2026-06-18 14:41:00;M1;5;34;4245,91229;4244,07000;DOWN
2026-06-18 14:52:00;M1;5;34;4242,30437;4243,30000;UP
2026-06-18 15:07:00;M1;5;55;4242,45914;4242,98000;UP
2026-06-18 15:33:00;M1;5;21;4254,67308;4251,15000;DOWN
2026-06-18 15:39:00;M1;5;55;4243,05015;4242,55000;DOWN
2026-06-18 15:42:00;M1;5;34;4247,44953;4249,53000;UP
2026-06-18 15:46:00;M1;5;34;4247,41902;4246,20000;DOWN
2026-06-18 15:53:00;M1;5;55;4242,67381;4242,04000;DOWN
2026-06-18 16:00:00;M1;5;34;4247,08253;4247,52000;UP
2026-06-18 16:05:00;M1;5;21;4247,25807;4249,03000;UP
2026-06-18 16:01:00;M1;5;34;4247,10628;4246,12000;DOWN
2026-06-18 16:06:00;M1;5;34;4247,47446;4249,56000;UP
2026-06-18 16:43:00;M1;5;21;4266,63733;4264,07000;DOWN
2026-06-18 16:46:00;M1;5;34;4261,52019;4258,14000;DOWN
2026-06-18 16:55:00;M1;5;55;4255,44442;4253,92000;DOWN
2026-06-18 17:01:00;M1;5;89;4247,02058;4243,30000;DOWN
2026-06-18 17:19:00;M1;5;89;4247,87163;4249,37000;UP
2026-06-18 17:22:00;M1;5;21;4249,32772;4250,19000;UP
2026-06-18 17:29:00;M1;5;89;4248,04324;4244,20000;DOWN
2026-06-18 17:31:00;M1;5;21;4244,95530;4245,84000;UP
2026-06-18 17:40:00;M1;5;89;4248,17224;4246,43000;DOWN
2026-06-18 17:43:00;M1;5;21;4243,65607;4242,83000;DOWN
2026-06-18 17:46:00;M1;5;21;4243,15785;4245,05000;UP
2026-06-18 17:57:00;M1;5;34;4246,85296;4248,81000;UP
2026-06-18 18:02:00;M1;5;55;4252,15019;4252,13000;DOWN
2026-06-18 18:06:00;M1;5;55;4251,85461;4252,35000;UP
2026-06-18 18:14:00;M1;5;89;4248,77312;4246,57000;DOWN
2026-06-18 18:17:00;M1;5;34;4245,53482;4244,20000;DOWN
2026-06-18 18:55:00;M1;5;21;4228,29951;4228,44000;UP
2026-06-18 19:00:00;M1;5;34;4231,50474;4231,62000;UP
2026-06-18 19:01:00;M1;5;34;4229,43040;4229,36000;DOWN
2026-06-18 19:06:00;M1;5;34;4227,87189;4228,45000;UP
2026-06-18 19:15:00;M1;5;34;4226,52693;4226,19000;DOWN
2026-06-18 19:16:00;M1;5;34;4225,12901;4225,47000;UP
2026-06-18 19:22:00;M1;5;34;4223,65863;4222,73000;DOWN
2026-06-18 19:26:00;M1;5;34;4222,35471;4224,88000;UP
2026-06-18 19:32:00;M1;5;55;4225,77214;4223,84000;DOWN
2026-06-18 19:40:00;M1;5;55;4224,39802;4224,42000;UP
2026-06-18 19:36:00;M1;5;34;4220,03848;4217,18000;DOWN
2026-06-18 19:41:00;M1;5;21;4220,83350;4222,09000;UP
2026-06-18 19:41:00;M1;5;55;4223,06379;4222,09000;DOWN
2026-06-18 19:49:00;M1;5;34;4218,39807;4217,81000;DOWN
2026-06-18 19:59:00;M1;5;21;4218,36249;4219,40000;UP
2026-06-18 20:06:00;M1;5;89;4225,08805;4226,11000;UP
2026-06-18 20:11:00;M1;5;89;4224,01522;4223,57000;DOWN
2026-06-18 20:16:00;M1;5;89;4223,11357;4228,43000;UP
2026-06-18 20:30:00;M1;5;21;4225,56699;4225,36000;DOWN
2026-06-18 20:32:00;M1;5;21;4226,33219;4226,99000;UP
2026-06-18 20:36:00;M1;5;21;4226,67622;4224,02000;DOWN
2026-06-18 20:43:00;M1;5;21;4227,33442;4227,65000;UP
2026-06-18 20:47:00;M1;5;21;4228,07584;4228,00000;DOWN
2026-06-18 20:51:00;M1;5;21;4229,14177;4229,98000;UP
2026-06-18 21:00:00;M1;5;21;4230,03340;4228,27000;DOWN
2026-06-18 21:08:00;M1;5;21;4230,85258;4231,08000;UP
2026-06-18 21:13:00;M1;5;34;4229,27696;4229,25000;DOWN
2026-06-18 21:31:00;M1;5;55;4224,75891;4224,39000;DOWN
2026-06-18 21:59:00;M1;5;89;4218,76193;4218,37000;DOWN
2026-06-18 22:26:00;M1;5;21;4204,66804;4206,79000;UP
2026-06-18 22:36:00;M1;5;34;4206,85801;4207,50000;UP
2026-06-18 22:41:00;M1;5;55;4212,95314;4213,21000;UP
2026-06-18 23:15:00;M1;5;21;4215,78150;4215,29000;DOWN
2026-06-18 23:41:00;M1;5;34;4215,10664;4213,85000;DOWN
2026-06-18 23:48:00;M1;5;89;4211,08003;4210,44000;DOWN
2026-06-19 01:12:00;M1;5;21;4207,24339;4207,95000;UP
2026-06-19 01:16:00;M1;5;89;4208,81743;4207,63000;DOWN
2026-06-19 01:25:00;M1;5;21;4204,46895;4205,57000;UP
2026-06-19 01:27:00;M1;5;21;4203,33860;4202,89000;DOWN
2026-06-19 01:31:00;M1;5;21;4202,59496;4205,00000;UP
2026-06-19 01:42:00;M1;5;34;4204,68948;4204,75000;UP
2026-06-19 01:49:00;M1;5;55;4206,18913;4208,74000;UP
2026-06-19 02:02:00;M1;5;89;4204,47770;4199,57000;DOWN
2026-06-19 02:30:00;M1;5;21;4197,46525;4198,33000;UP
2026-06-19 02:32:00;M1;5;34;4197,52012;4197,89000;UP
2026-06-19 02:34:00;M1;5;21;4196,01869;4195,57000;DOWN
2026-06-19 02:36:00;M1;5;21;4194,99724;4195,30000;UP
2026-06-19 02:36:00;M1;5;34;4196,74865;4195,30000;DOWN
2026-06-19 02:45:00;M1;5;21;4194,02658;4191,40000;DOWN
2026-06-19 03:00:00;M1;5;21;4189,99011;4193,32000;UP
2026-06-19 03:01:00;M1;5;55;4193,64518;4195,03000;UP
2026-06-19 03:04:00;M1;5;34;4191,25036;4190,82000;DOWN
2026-06-19 03:06:00;M1;5;55;4192,49198;4185,41000;DOWN
2026-06-19 03:11:00;M1;5;21;4186,69936;4187,42000;UP
2026-06-19 03:16:00;M1;5;21;4185,45742;4185,04000;DOWN
2026-06-19 03:22:00;M1;5;21;4184,61794;4185,30000;UP
2026-06-19 03:26:00;M1;5;34;4185,08011;4185,04000;DOWN
2026-06-19 03:31:00;M1;5;34;4184,51822;4188,10000;UP
2026-06-19 03:36:00;M1;5;89;4189,97751;4191,13000;UP
2026-06-19 03:41:00;M1;5;89;4189,10280;4188,25000;DOWN
2026-06-19 03:46:00;M1;5;89;4188,31402;4189,94000;UP
2026-06-19 04:05:00;M1;5;89;4186,45412;4186,27000;DOWN
2026-06-19 04:10:00;M1;5;89;4185,90570;4186,40000;UP
2026-06-19 04:07:00;M1;5;34;4185,41636;4185,34000;DOWN
2026-06-19 04:11:00;M1;5;34;4185,58752;4185,82000;UP
2026-06-19 04:17:00;M1;5;89;4184,85055;4184,55000;DOWN
2026-06-19 04:25:00;M1;5;21;4187,78221;4188,59000;UP
2026-06-19 04:32:00;M1;5;21;4187,76617;4187,24000;DOWN
2026-06-19 04:37:00;M1;5;34;4186,50430;4185,63000;DOWN
2026-06-19 04:46:00;M1;5;21;4186,29469;4186,93000;UP
2026-06-19 04:51:00;M1;5;34;4186,26718;4184,88000;DOWN
2026-06-19 04:56:00;M1;5;21;4185,21421;4185,61000;UP
2026-06-19 05:02:00;M1;5;21;4184,90914;4184,52000;DOWN
2026-06-19 05:06:00;M1;5;21;4184,57598;4184,70000;UP
2026-06-19 05:08:00;M1;5;89;4181,27511;4179,89000;DOWN
2026-06-19 05:11:00;M1;5;55;4182,90252;4182,91000;UP
2026-06-19 05:11:00;M1;5;21;4183,74962;4182,91000;DOWN
2026-06-19 05:16:00;M1;5;89;4180,50933;4177,33000;DOWN
2026-06-19 05:28:00;M1;5;21;4179,20406;4179,59000;UP
2026-06-19 05:35:00;M1;5;34;4180,74683;4182,25000;UP
2026-06-19 05:31:00;M1;5;89;4179,11698;4178,29000;DOWN
2026-06-19 05:36:00;M1;5;21;4177,83256;4181,10000;UP
2026-06-19 05:37:00;M1;5;55;4180,68472;4179,73000;DOWN
2026-06-19 05:41:00;M1;5;34;4179,40331;4183,24000;UP
2026-06-19 05:46:00;M1;5;89;4177,83867;4176,08000;DOWN
2026-06-19 05:54:00;M1;5;21;4176,54481;4176,67000;UP
2026-06-19 05:56:00;M1;5;21;4176,03392;4175,82000;DOWN
2026-06-19 06:21:00;M1;5;21;4167,69033;4170,11000;UP
2026-06-19 06:31:00;M1;5;21;4165,14390;4162,30000;DOWN
2026-06-19 06:36:00;M1;5;21;4163,85033;4165,19000;UP
2026-06-19 06:41:00;M1;5;21;4162,54812;4162,15000;DOWN
2026-06-19 06:46:00;M1;5;21;4161,07008;4161,33000;UP
2026-06-19 06:51:00;M1;5;21;4159,67112;4158,99000;DOWN
2026-06-19 06:56:00;M1;5;21;4157,88724;4159,16000;UP
2026-06-19 07:01:00;M1;5;21;4154,95393;4145,90000;DOWN
2026-06-19 07:16:00;M1;5;21;4145,23440;4145,36000;UP
2026-06-19 07:21:00;M1;5;34;4147,73445;4148,67000;UP
2026-06-19 07:30:00;M1;5;34;4146,03695;4145,71000;DOWN
2026-06-19 07:31:00;M1;5;34;4144,44668;4144,83000;UP
2026-06-19 07:35:00;M1;5;21;4141,51456;4141,39000;DOWN
2026-06-19 07:39:00;M1;5;21;4140,46247;4141,61000;UP
2026-06-19 07:36:00;M1;5;34;4142,86108;4138,96000;DOWN
2026-06-19 07:41:00;M1;5;21;4138,83056;4136,13000;DOWN
2026-06-19 08:10:00;M1;5;21;4125,81055;4126,20000;UP
2026-06-19 08:11:00;M1;5;34;4126,36695;4129,99000;UP
2026-06-19 08:21:00;M1;5;55;4127,24563;4129,12000;UP
2026-06-19 08:30:00;M1;5;89;4135,03194;4138,51000;UP
2026-06-19 08:34:00;M1;5;89;4133,31051;4132,57000;DOWN
2026-06-19 08:36:00;M1;5;89;4131,72676;4132,32000;UP
2026-06-19 09:01:00;M1;5;21;4137,02334;4135,88000;DOWN
2026-06-19 09:06:00;M1;5;21;4139,14999;4139,95000;UP
2026-06-19 09:16:00;M1;5;21;4143,33946;4141,77000;DOWN
2026-06-19 09:31:00;M1;5;34;4140,29116;4139,67000;DOWN
2026-06-19 09:48:00;M1;5;21;4141,76032;4142,08000;UP
2026-06-19 10:21:00;M1;5;21;4156,38642;4156,04000;DOWN
2026-06-19 10:26:00;M1;5;34;4154,10806;4152,50000;DOWN
2026-06-19 10:37:00;M1;5;34;4156,06211;4156,80000;UP
2026-06-19 10:41:00;M1;5;34;4156,84112;4155,43000;DOWN
2026-06-19 10:48:00;M1;5;55;4152,57237;4152,17000;DOWN
2026-06-19 10:51:00;M1;5;55;4153,71561;4155,32000;UP
2026-06-19 10:57:00;M1;5;21;4157,53241;4161,36000;UP
2026-06-19 11:02:00;M1;5;55;4155,93844;4155,90000;DOWN
2026-06-19 11:06:00;M1;5;21;4158,61392;4159,44000;UP
2026-06-19 11:38:00;M1;5;34;4170,48342;4168,93000;DOWN
2026-06-19 11:44:00;M1;5;55;4169,05877;4168,91000;DOWN
2026-06-19 12:14:00;M1;5;89;4164,44498;4164,01000;DOWN
2026-06-19 12:18:00;M1;5;89;4165,47843;4165,80000;UP
2026-06-19 12:23:00;M1;5;21;4165,93840;4167,52000;UP
2026-06-19 12:21:00;M1;5;89;4166,44521;4164,00000;DOWN
2026-06-19 12:28:00;M1;5;21;4164,85829;4162,86000;DOWN
2026-06-19 12:31:00;M1;5;21;4164,23225;4164,91000;UP
2026-06-19 12:39:00;M1;5;21;4163,71237;4163,69000;DOWN
2026-06-19 12:41:00;M1;5;21;4163,16354;4164,17000;UP
2026-06-19 12:47:00;M1;5;34;4166,72106;4166,97000;UP
2026-06-19 12:51:00;M1;5;34;4165,78982;4163,27000;DOWN
2026-06-19 12:58:00;M1;5;21;4162,41548;4162,26000;DOWN
2026-06-19 13:34:00;M1;5;21;4154,02011;4154,62000;UP
2026-06-19 13:36:00;M1;5;21;4152,73366;4151,90000;DOWN
2026-06-19 13:41:00;M1;5;21;4151,49911;4152,20000;UP
2026-06-19 13:50:00;M1;5;34;4152,81728;4152,88000;UP
2026-06-19 13:51:00;M1;5;34;4151,67732;4151,59000;DOWN
2026-06-19 13:56:00;M1;5;34;4150,60165;4152,01000;UP
2026-06-19 14:00:00;M1;5;21;4148,93297;4147,40000;DOWN
2026-06-19 14:02:00;M1;5;21;4148,24829;4148,25000;UP
2026-06-19 14:01:00;M1;5;34;4149,57441;4145,57000;DOWN
2026-06-19 14:06:00;M1;5;21;4147,50628;4145,12000;DOWN
2026-06-19 14:11:00;M1;5;21;4146,74668;4148,00000;UP
2026-06-19 14:16:00;M1;5;34;4146,71695;4145,88000;DOWN
2026-06-19 14:21:00;M1;5;21;4145,75090;4148,54000;UP
2026-06-19 14:26:00;M1;5;34;4145,29573;4145,01000;DOWN
2026-06-19 14:35:00;M1;5;21;4144,63177;4145,61000;UP
2026-06-19 14:39:00;M1;5;55;4146,69200;4147,47000;UP
2026-06-19 14:37:00;M1;5;34;4144,10658;4143,52000;DOWN
2026-06-19 14:41:00;M1;5;21;4144,67866;4149,75000;UP
2026-06-19 15:00:00;M1;5;89;4153,98978;4155,90000;UP
2026-06-19 15:16:00;M1;5;21;4155,95415;4154,79000;DOWN
2026-06-19 15:30:00;M1;5;89;4151,31406;4150,16000;DOWN
2026-06-19 15:31:00;M1;5;89;4151,01008;4152,15000;UP
2026-06-19 15:37:00;M1;5;89;4150,70014;4150,03000;DOWN
2026-06-19 15:41:00;M1;5;89;4150,40238;4152,00000;UP
2026-06-19 15:50:00;M1;5;21;4153,73906;4158,35000;UP
2026-06-19 15:47:00;M1;5;89;4150,06990;4148,43000;DOWN
2026-06-19 15:51:00;M1;5;55;4149,77933;4168,21000;UP
2026-06-19 16:14:00;M1;5;21;4171,27929;4169,78000;DOWN
2026-06-19 16:16:00;M1;5;34;4167,67087;4167,42000;DOWN
2026-06-19 16:33:00;M1;5;55;4164,06273;4162,99000;DOWN
2026-06-19 16:48:00;M1;5;89;4157,94788;4154,93000;DOWN
2026-06-19 16:53:00;M1;5;89;4158,31007;4158,73000;UP
2026-06-19 16:56:00;M1;5;89;4158,52459;4156,86000;DOWN
2026-06-19 17:26:00;M1;5;21;4145,06808;4148,59000;UP
2026-06-19 17:38:00;M1;5;34;4148,61898;4148,63000;UP
2026-06-19 17:42:00;M1;5;34;4146,91028;4145,86000;DOWN
2026-06-19 17:47:00;M1;5;34;4145,43962;4147,30000;UP
2026-06-19 18:01:00;M1;5;55;4151,38127;4152,71000;UP
2026-06-19 18:06:00;M1;5;55;4150,38760;4148,98000;DOWN
2026-06-19 18:11:00;M1;5;55;4149,50903;4150,34000;UP
2026-06-19 18:22:00;M1;5;89;4153,29693;4153,38000;UP
2026-06-19 18:26:00;M1;5;89;4153,07092;4152,44000;DOWN
2026-06-19 18:31:00;M1;5;21;4151,98485;4152,08000;UP
2026-06-19 18:36:00;M1;5;21;4152,33305;4152,32000;DOWN
2026-06-19 18:43:00;M1;5;34;4148,16229;4147,88000;DOWN
2026-06-19 18:48:00;M1;5;21;4151,86777;4152,04000;UP
2026-06-19 18:52:00;M1;5;89;4151,77914;4153,33000;UP
2026-06-19 18:51:00;M1;5;21;4151,59102;4151,22000;DOWN
2026-06-19 18:56:00;M1;5;89;4151,50081;4150,76000;DOWN
2026-06-19 19:09:00;M1;5;55;4146,48839;4145,98000;DOWN
2026-06-19 19:20:00;M1;5;55;4146,21243;4146,26000;UP
2026-06-19 19:21:00;M1;5;21;4146,43951;4147,58000;UP
2026-06-19 19:26:00;M1;5;34;4148,11175;4148,58000;UP
2026-06-19 19:34:00;M1;5;89;4148,42468;4149,58000;UP
2026-06-19 19:31:00;M1;5;34;4147,81638;4147,61000;DOWN
2026-06-19 19:36:00;M1;5;34;4147,80568;4148,79000;UP
2026-06-22 01:08:00;M1;5;21;4155,02349;4154,97000;DOWN
2026-06-22 01:12:00;M1;5;55;4149,86315;4148,67000;DOWN
2026-06-22 01:19:00;M1;5;34;4152,87370;4153,54000;UP
2026-06-22 01:22:00;M1;5;55;4150,76977;4150,04000;DOWN
2026-06-22 01:30:00;M1;5;34;4153,34375;4153,45000;UP
2026-06-22 01:32:00;M1;5;21;4154,18165;4154,73000;UP
2026-06-22 01:35:00;M1;5;55;4151,37071;4150,51000;DOWN
2026-06-22 01:37:00;M1;5;55;4151,60394;4151,74000;UP
2026-06-22 01:36:00;M1;5;21;4153,50091;4150,95000;DOWN
2026-06-22 01:43:00;M1;5;21;4153,14948;4153,52000;UP
2026-06-22 01:41:00;M1;5;55;4151,87029;4151,69000;DOWN
2026-06-22 01:46:00;M1;5;55;4152,18845;4153,95000;UP
2026-06-22 01:46:00;M1;5;34;4154,04058;4153,95000;DOWN
2026-06-22 01:51:00;M1;5;34;4154,40444;4155,23000;UP
2026-06-22 02:15:00;M1;5;34;4157,00355;4155,63000;DOWN
2026-06-22 02:19:00;M1;5;55;4155,82563;4154,76000;DOWN
2026-06-22 02:22:00;M1;5;34;4157,85145;4158,37000;UP
2026-06-22 02:26:00;M1;5;55;4156,93528;4156,33000;DOWN
2026-06-22 02:31:00;M1;5;89;4153,11088;4151,34000;DOWN
2026-06-22 02:56:00;M1;5;21;4142,02776;4142,10000;UP
2026-06-22 03:01:00;M1;5;34;4147,28503;4150,05000;UP
2026-06-22 03:08:00;M1;5;34;4145,98874;4145,37000;DOWN
2026-06-22 03:11:00;M1;5;34;4145,84535;4153,28000;UP
2026-06-22 04:16:00;M1;5;21;4213,50211;4212,84000;DOWN
2026-06-22 04:27:00;M1;5;34;4208,51618;4208,23000;DOWN
2026-06-22 04:43:00;M1;5;55;4199,77551;4199,61000;DOWN
2026-06-22 04:58:00;M1;5;89;4190,31394;4189,94000;DOWN
2026-06-22 05:07:00;M1;5;89;4193,42080;4194,37000;UP
2026-06-22 05:11:00;M1;5;89;4194,63989;4188,60000;DOWN
2026-06-22 05:22:00;M1;5;21;4186,22705;4187,90000;UP
2026-06-22 05:36:00;M1;5;34;4194,77463;4196,39000;UP
2026-06-22 05:41:00;M1;5;89;4199,98809;4194,26000;DOWN
2026-06-22 05:47:00;M1;5;21;4188,42005;4188,29000;DOWN
2026-06-22 05:51:00;M1;5;21;4189,14524;4190,58000;UP
2026-06-22 05:56:00;M1;5;34;4189,72732;4190,12000;UP
2026-06-22 05:57:00;M1;5;21;4189,45329;4188,52000;DOWN
2026-06-22 06:01:00;M1;5;34;4188,79725;4186,93000;DOWN
2026-06-22 06:29:00;M1;5;21;4179,77429;4180,02000;UP
2026-06-22 06:39:00;M1;5;21;4176,78018;4176,03000;DOWN
2026-06-22 06:41:00;M1;5;21;4175,45311;4176,13000;UP
2026-06-22 06:47:00;M1;5;34;4177,27726;4178,00000;UP
2026-06-22 06:51:00;M1;5;34;4176,21208;4176,02000;DOWN
2026-06-22 06:56:00;M1;5;21;4172,85382;4172,17000;DOWN
2026-06-22 07:03:00;M1;5;21;4172,25893;4172,96000;UP
2026-06-22 07:12:00;M1;5;55;4177,45060;4177,65000;UP
2026-06-22 07:18:00;M1;5;55;4176,32895;4176,03000;DOWN
2026-06-22 07:21:00;M1;5;55;4175,34532;4176,98000;UP
2026-06-22 07:27:00;M1;5;55;4174,50034;4174,45000;DOWN
2026-06-22 07:31:00;M1;5;55;4173,77585;4176,93000;UP
2026-06-22 07:41:00;M1;5;21;4175,96019;4175,25000;DOWN
2026-06-22 07:46:00;M1;5;21;4176,71810;4179,32000;UP
2026-06-22 07:56:00;M1;5;21;4178,25086;4177,79000;DOWN
2026-06-22 08:01:00;M1;5;21;4179,26013;4180,88000;UP
2026-06-22 08:07:00;M1;5;89;4181,90205;4182,44000;UP
2026-06-22 08:41:00;M1;5;21;4194,07571;4193,51000;DOWN
2026-06-22 08:59:00;M1;5;34;4194,04919;4193,75000;DOWN
2026-06-22 09:09:00;M1;5;34;4196,13010;4196,59000;UP
2026-06-22 09:11:00;M1;5;34;4196,96546;4195,38000;DOWN
2026-06-22 09:18:00;M1;5;21;4197,60919;4198,09000;UP
2026-06-22 09:21:00;M1;5;34;4198,69620;4196,22000;DOWN
2026-06-22 09:35:00;M1;5;21;4198,79566;4199,49000;UP
2026-06-22 09:36:00;M1;5;21;4199,12518;4198,68000;DOWN
2026-06-22 09:41:00;M1;5;21;4199,76831;4200,27000;UP
2026-06-22 09:57:00;M1;5;55;4201,27657;4200,10000;DOWN
2026-06-22 10:30:00;M1;5;89;4197,20983;4194,35000;DOWN
2026-06-22 10:32:00;M1;5;89;4197,88673;4197,91000;UP
2026-06-22 10:36:00;M1;5;89;4198,47363;4197,78000;DOWN
2026-06-22 11:05:00;M1;5;21;4192,31114;4193,43000;UP
2026-06-22 11:10:00;M1;5;21;4191,25738;4190,31000;DOWN
2026-06-22 11:12:00;M1;5;21;4190,33302;4191,31000;UP
2026-06-22 11:21:00;M1;5;34;4191,83451;4194,52000;UP
2026-06-22 11:26:00;M1;5;34;4191,14226;4190,19000;DOWN
2026-06-22 11:34:00;M1;5;34;4190,56657;4191,27000;UP
2026-06-22 11:49:00;M1;5;55;4194,02824;4194,44000;UP
2026-06-22 11:51:00;M1;5;55;4193,57988;4192,64000;DOWN
2026-06-22 11:56:00;M1;5;55;4193,29117;4196,34000;UP
2026-06-22 12:03:00;M1;5;89;4198,66870;4199,43000;UP
2026-06-22 12:22:00;M1;5;21;4205,73561;4205,30000;DOWN
2026-06-22 12:33:00;M1;5;21;4208,59374;4208,69000;UP
2026-06-22 12:36:00;M1;5;21;4209,71168;4206,50000;DOWN
2026-06-22 12:46:00;M1;5;34;4207,23824;4204,43000;DOWN
2026-06-22 12:51:00;M1;5;34;4208,46299;4209,71000;UP
2026-06-22 12:57:00;M1;5;34;4209,49449;4209,02000;DOWN
2026-06-22 13:11:00;M1;5;21;4211,09858;4213,54000;UP
2026-06-22 13:16:00;M1;5;34;4212,64205;4211,91000;DOWN
2026-06-22 13:25:00;M1;5;21;4211,78001;4212,98000;UP
2026-06-22 13:28:00;M1;5;21;4211,86541;4210,70000;DOWN
2026-06-22 13:31:00;M1;5;55;4210,67559;4209,60000;DOWN
2026-06-22 13:46:00;M1;5;89;4208,30228;4206,21000;DOWN
2026-06-22 14:04:00;M1;5;21;4207,70075;4209,30000;UP
2026-06-22 14:10:00;M1;5;89;4209,58320;4209,16000;DOWN
2026-06-22 14:12:00;M1;5;21;4207,54998;4207,14000;DOWN
2026-06-22 14:17:00;M1;5;21;4207,58036;4207,89000;UP
2026-06-22 14:22:00;M1;5;21;4207,57097;4207,50000;DOWN
2026-06-22 14:40:00;M1;5;21;4206,32920;4206,49000;UP
2026-06-22 14:41:00;M1;5;21;4206,09216;4206,07000;DOWN
2026-06-22 14:55:00;M1;5;21;4205,50672;4206,30000;UP
2026-06-22 14:56:00;M1;5;34;4205,95842;4205,47000;DOWN
2026-06-22 15:01:00;M1;5;34;4206,03292;4206,87000;UP
2026-06-22 15:06:00;M1;5;55;4209,18317;4209,14000;DOWN
2026-06-22 15:11:00;M1;5;21;4206,89182;4207,80000;UP
2026-06-22 15:16:00;M1;5;55;4208,70435;4207,82000;DOWN
2026-06-22 15:21:00;M1;5;55;4208,57891;4209,59000;UP
2026-06-22 15:26:00;M1;5;55;4208,47252;4207,19000;DOWN
2026-06-22 16:14:00;M1;5;21;4193,87580;4194,25000;UP
2026-06-22 16:20:00;M1;5;21;4192,28983;4190,75000;DOWN
2026-06-22 16:22:00;M1;5;21;4190,81427;4193,16000;UP
2026-06-22 16:27:00;M1;5;21;4189,19735;4187,83000;DOWN
2026-06-22 16:35:00;M1;5;21;4187,42859;4187,97000;UP
2026-06-22 16:37:00;M1;5;34;4190,63798;4191,95000;UP
2026-06-22 16:41:00;M1;5;34;4189,27427;4188,58000;DOWN
2026-06-22 16:46:00;M1;5;34;4188,70670;4196,64000;UP
2026-06-22 17:00:00;M1;5;89;4199,13398;4195,75000;DOWN
2026-06-22 17:04:00;M1;5;89;4198,61636;4198,63000;UP
2026-06-22 17:02:00;M1;5;21;4195,05379;4194,53000;DOWN
2026-06-22 17:06:00;M1;5;21;4197,78642;4199,39000;UP
2026-06-22 17:18:00;M1;5;89;4197,90385;4197,73000;DOWN
2026-06-22 17:21:00;M1;5;55;4193,60085;4193,57000;DOWN
2026-06-22 17:26:00;M1;5;55;4193,49789;4195,68000;UP
2026-06-22 17:31:00;M1;5;55;4193,16310;4191,44000;DOWN
2026-06-22 17:43:00;M1;5;21;4194,75127;4196,05000;UP
2026-06-22 18:05:00;M1;5;34;4196,46636;4196,21000;DOWN
2026-06-22 18:08:00;M1;5;34;4196,71893;4198,45000;UP
2026-06-22 18:06:00;M1;5;21;4195,38303;4195,10000;DOWN
2026-06-22 18:11:00;M1;5;21;4196,04575;4198,51000;UP
2026-06-22 18:15:00;M1;5;34;4196,82518;4196,26000;DOWN
2026-06-22 18:18:00;M1;5;89;4193,64474;4193,44000;DOWN
2026-06-22 18:55:00;M1;5;21;4180,28076;4180,48000;UP
2026-06-22 18:57:00;M1;5;34;4184,31159;4184,54000;UP
2026-06-22 19:01:00;M1;5;34;4182,43112;4181,18000;DOWN
2026-06-22 19:16:00;M1;5;34;4177,52525;4178,41000;UP
2026-06-22 19:21:00;M1;5;55;4181,50256;4182,35000;UP
2026-06-22 19:26:00;M1;5;55;4180,57068;4180,24000;DOWN
2026-06-22 19:31:00;M1;5;55;4179,87375;4183,56000;UP
2026-06-22 19:40:00;M1;5;89;4182,16579;4181,80000;DOWN
2026-06-22 19:41:00;M1;5;89;4181,70590;4182,39000;UP
2026-06-22 20:06:00;M1;5;21;4188,17665;4186,94000;DOWN
2026-06-22 20:20:00;M1;5;21;4189,64508;4189,89000;UP
2026-06-22 20:24:00;M1;5;21;4190,11693;4189,13000;DOWN
2026-06-22 20:28:00;M1;5;34;4186,56164;4185,71000;DOWN
2026-06-22 20:32:00;M1;5;89;4180,87716;4180,01000;DOWN
2026-06-22 20:39:00;M1;5;89;4180,73517;4181,05000;UP
2026-06-22 20:42:00;M1;5;55;4181,46591;4181,76000;UP
2026-06-22 20:45:00;M1;5;89;4180,54894;4180,45000;DOWN
2026-06-22 20:46:00;M1;5;89;4180,34408;4182,18000;UP
2026-06-22 20:51:00;M1;5;55;4181,65354;4181,14000;DOWN
2026-06-22 20:56:00;M1;5;21;4181,89557;4183,16000;UP
2026-06-22 21:10:00;M1;5;34;4184,47426;4185,98000;UP
2026-06-22 21:12:00;M1;5;34;4184,20369;4183,63000;DOWN
2026-06-22 21:16:00;M1;5;34;4184,02744;4186,16000;UP
2026-06-22 21:57:00;M1;5;21;4190,86438;4190,81000;DOWN
2026-06-22 22:02:00;M1;5;21;4191,74510;4191,93000;UP
2026-06-22 22:06:00;M1;5;21;4192,46691;4192,31000;DOWN
2026-06-22 22:16:00;M1;5;34;4191,24623;4190,17000;DOWN
2026-06-22 22:21:00;M1;5;55;4189,27575;4188,77000;DOWN
2026-06-22 22:42:00;M1;5;89;4186,31976;4185,17000;DOWN
2026-06-22 22:53:00;M1;5;21;4186,63074;4187,41000;UP
2026-06-22 22:57:00;M1;5;34;4189,37234;4189,81000;UP
2026-06-22 22:56:00;M1;5;89;4186,96779;4186,43000;DOWN
2026-06-22 23:01:00;M1;5;89;4187,21867;4192,99000;UP
2026-06-22 23:15:00;M1;5;55;4190,33794;4190,29000;DOWN
2026-06-22 23:18:00;M1;5;55;4190,54050;4190,84000;UP
2026-06-22 23:21:00;M1;5;55;4190,72101;4189,09000;DOWN
2026-06-22 23:27:00;M1;5;21;4190,54520;4191,10000;UP
2026-06-22 23:31:00;M1;5;55;4190,98906;4190,28000;DOWN
2026-06-22 23:37:00;M1;5;21;4191,76290;4191,92000;UP
2026-06-22 23:45:00;M1;5;21;4192,37174;4192,37000;DOWN
2026-06-22 23:47:00;M1;5;55;4191,47976;4191,09000;DOWN
2026-06-22 23:51:00;M1;5;55;4191,61178;4191,63000;UP
2026-06-22 23:52:00;M1;5;34;4191,35329;4191,11000;DOWN
2026-06-22 23:56:00;M1;5;34;4191,69936;4192,31000;UP
2026-06-23 01:01:00;M1;5;21;4192,83773;4193,30000;UP
2026-06-23 01:08:00;M1;5;34;4192,38550;4192,12000;DOWN
2026-06-23 01:15:00;M1;5;55;4192,17874;4191,91000;DOWN
2026-06-23 01:16:00;M1;5;89;4191,60473;4191,47000;DOWN
2026-06-23 01:21:00;M1;5;89;4191,86276;4192,38000;UP
2026-06-23 01:28:00;M1;5;21;4192,68486;4192,91000;UP
2026-06-23 01:26:00;M1;5;89;4192,11205;4191,54000;DOWN
2026-06-23 01:31:00;M1;5;89;4192,34585;4193,91000;UP
2026-06-23 01:34:00;M1;5;55;4192,68549;4192,42000;DOWN
2026-06-23 01:36:00;M1;5;89;4192,55182;4191,56000;DOWN
2026-06-23 02:00:00;M1;5;21;4190,39547;4191,36000;UP
2026-06-23 02:01:00;M1;5;34;4191,47938;4192,38000;UP
2026-06-23 02:06:00;M1;5;34;4191,24999;4191,15000;DOWN
2026-06-23 02:13:00;M1;5;34;4191,08025;4191,10000;UP
2026-06-23 02:16:00;M1;5;34;4190,96580;4190,74000;DOWN
2026-06-23 02:21:00;M1;5;34;4190,84421;4191,46000;UP
2026-06-23 02:26:00;M1;5;34;4190,73814;4190,50000;DOWN
2026-06-23 02:31:00;M1;5;34;4190,72123;4191,35000;UP
2026-06-23 02:49:00;M1;5;89;4192,89333;4190,76000;DOWN
2026-06-23 03:26:00;M1;5;21;4182,22643;4182,87000;UP
2026-06-23 03:33:00;M1;5;34;4184,89789;4184,93000;UP
2026-06-23 03:36:00;M1;5;34;4184,28194;4182,59000;DOWN
2026-06-23 03:41:00;M1;5;34;4184,22557;4184,52000;UP
2026-06-23 04:05:00;M1;5;21;4189,65540;4189,04000;DOWN
2026-06-23 04:08:00;M1;5;21;4190,76613;4190,99000;UP
2026-06-23 04:06:00;M1;5;89;4188,88484;4185,63000;DOWN
2026-06-23 04:11:00;M1;5;21;4190,97797;4186,45000;DOWN
2026-06-23 04:56:00;M1;5;21;4154,43259;4158,48000;UP
2026-06-23 05:10:00;M1;5;21;4150,14085;4149,44000;DOWN
2026-06-23 05:11:00;M1;5;21;4148,62492;4149,22000;UP
2026-06-23 05:16:00;M1;5;34;4154,44723;4156,18000;UP
2026-06-23 05:26:00;M1;5;55;4159,94953;4161,45000;UP
2026-06-23 05:34:00;M1;5;55;4158,40672;4156,62000;DOWN
2026-06-23 05:36:00;M1;5;55;4156,99814;4157,85000;UP
2026-06-23 05:41:00;M1;5;55;4155,64037;4154,60000;DOWN
2026-06-23 05:50:00;M1;5;21;4155,03144;4155,56000;UP
2026-06-23 05:54:00;M1;5;55;4152,93435;4152,71000;DOWN
2026-06-23 05:56:00;M1;5;55;4151,42958;4153,76000;UP
2026-06-23 05:59:00;M1;5;34;4148,67348;4146,90000;DOWN
2026-06-23 06:01:00;M1;5;55;4149,73103;4144,19000;DOWN
2026-06-23 06:26:00;M1;5;21;4136,33667;4138,10000;UP
2026-06-23 06:37:00;M1;5;55;4137,03511;4136,52000;DOWN
2026-06-23 06:41:00;M1;5;34;4136,21969;4136,22000;UP
2026-06-23 06:53:00;M1;5;89;4141,27975;4141,29000;UP
2026-06-23 07:16:00;M1;5;21;4141,97315;4140,86000;DOWN
2026-06-23 07:31:00;M1;5;34;4137,58838;4137,47000;DOWN
2026-06-23 07:36:00;M1;5;34;4137,76215;4139,18000;UP
2026-06-23 07:42:00;M1;5;34;4137,93312;4137,84000;DOWN
2026-06-23 07:46:00;M1;5;34;4138,08058;4138,60000;UP
2026-06-23 07:55:00;M1;5;55;4132,67724;4131,83000;DOWN
2026-06-23 07:56:00;M1;5;89;4129,69204;4128,35000;DOWN
2026-06-23 08:04:00;M1;5;21;4132,90786;4134,51000;UP
2026-06-23 08:09:00;M1;5;89;4128,20061;4127,99000;DOWN
2026-06-23 08:12:00;M1;5;21;4128,94719;4129,46000;UP
2026-06-23 08:16:00;M1;5;89;4126,76721;4126,61000;DOWN
2026-06-23 08:21:00;M1;5;21;4126,53327;4128,69000;UP
2026-06-23 08:28:00;M1;5;89;4125,37100;4124,27000;DOWN
2026-06-23 08:34:00;M1;5;21;4124,98002;4131,33000;UP
2026-06-23 08:40:00;M1;5;89;4124,14082;4123,64000;DOWN
2026-06-23 08:43:00;M1;5;21;4124,59844;4125,05000;UP
2026-06-23 08:46:00;M1;5;89;4122,94254;4121,23000;DOWN
2026-06-23 09:01:00;M1;5;21;4120,97317;4125,80000;UP
2026-06-23 09:07:00;M1;5;89;4120,12926;4118,40000;DOWN
2026-06-23 09:12:00;M1;5;21;4118,67231;4123,23000;UP
2026-06-23 09:23:00;M1;5;55;4119,90674;4118,60000;DOWN
2026-06-23 09:26:00;M1;5;89;4117,54608;4116,20000;DOWN
2026-06-23 09:31:00;M1;5;21;4117,93456;4118,08000;UP
2026-06-23 09:36:00;M1;5;89;4116,43858;4114,66000;DOWN
2026-06-23 09:46:00;M1;5;21;4115,83376;4115,90000;UP
2026-06-23 09:58:00;M1;5;89;4114,19473;4114,06000;DOWN
2026-06-23 10:02:00;M1;5;21;4115,06315;4117,98000;UP
2026-06-23 10:10:00;M1;5;34;4114,47795;4114,18000;DOWN
2026-06-23 10:15:00;M1;5;21;4115,97038;4116,50000;UP
2026-06-23 10:17:00;M1;5;21;4116,38215;4115,76000;DOWN
2026-06-23 10:21:00;M1;5;21;4116,89772;4119,68000;UP
2026-06-23 10:30:00;M1;5;21;4117,37775;4116,67000;DOWN
2026-06-23 10:34:00;M1;5;21;4117,96074;4119,15000;UP
2026-06-23 10:35:00;M1;5;34;4115,78308;4114,83000;DOWN
2026-06-23 10:39:00;M1;5;89;4111,47050;4111,43000;DOWN
2026-06-23 11:16:00;M1;5;21;4092,71169;4095,16000;UP
2026-06-23 11:22:00;M1;5;34;4098,16880;4099,39000;UP
2026-06-23 11:32:00;M1;5;55;4099,35395;4100,75000;UP
2026-06-23 11:58:00;M1;5;21;4103,29208;4102,66000;DOWN
2026-06-23 12:01:00;M1;5;21;4105,62085;4105,85000;UP
2026-06-23 12:16:00;M1;5;21;4111,26363;4110,91000;DOWN
2026-06-23 12:21:00;M1;5;21;4112,94082;4113,83000;UP
2026-06-23 12:26:00;M1;5;21;4114,19011;4113,79000;DOWN
2026-06-23 12:33:00;M1;5;21;4115,44003;4115,50000;UP
2026-06-23 12:36:00;M1;5;21;4116,81649;4116,43000;DOWN
2026-06-23 12:42:00;M1;5;21;4117,96095;4118,66000;UP
2026-06-23 12:46:00;M1;5;21;4118,92530;4117,71000;DOWN
2026-06-23 12:53:00;M1;5;34;4116,45679;4116,11000;DOWN
2026-06-23 12:59:00;M1;5;21;4120,12360;4122,22000;UP
2026-06-23 13:24:00;M1;5;34;4128,05144;4127,78000;DOWN
2026-06-23 13:26:00;M1;5;34;4129,67144;4130,02000;UP
2026-06-23 13:31:00;M1;5;34;4131,07934;4129,71000;DOWN
2026-06-23 13:41:00;M1;5;55;4126,69083;4126,42000;DOWN
2026-06-23 14:06:00;M1;5;21;4124,05993;4124,85000;UP
2026-06-23 14:20:00;M1;5;34;4128,99941;4130,48000;UP
2026-06-23 14:21:00;M1;5;34;4128,85266;4126,95000;DOWN
2026-06-23 14:35:00;M1;5;89;4123,28111;4122,81000;DOWN
2026-06-23 14:39:00;M1;5;21;4125,65849;4125,80000;UP
2026-06-23 14:41:00;M1;5;89;4124,97826;4123,06000;DOWN
2026-06-23 14:57:00;M1;5;21;4123,57278;4125,18000;UP
2026-06-23 15:02:00;M1;5;34;4123,93875;4123,74000;DOWN
2026-06-23 15:06:00;M1;5;21;4122,04076;4122,92000;UP
2026-06-23 15:11:00;M1;5;21;4120,48768;4116,64000;DOWN
2026-06-23 15:23:00;M1;5;21;4117,80315;4118,15000;UP
2026-06-23 15:26:00;M1;5;21;4116,61017;4115,05000;DOWN
2026-06-23 15:31:00;M1;5;21;4115,71031;4117,26000;UP
2026-06-23 15:45:00;M1;5;34;4117,15079;4115,15000;DOWN
2026-06-23 15:48:00;M1;5;21;4115,86261;4116,13000;UP
2026-06-23 15:51:00;M1;5;55;4120,46697;4121,68000;UP
2026-06-23 15:56:00;M1;5;55;4119,72523;4116,94000;DOWN
2026-06-23 16:06:00;M1;5;21;4115,20839;4118,56000;UP
2026-06-23 16:11:00;M1;5;55;4117,38593;4112,96000;DOWN
2026-06-23 16:23:00;M1;5;21;4112,88502;4114,47000;UP
2026-06-23 16:27:00;M1;5;55;4114,88754;4114,66000;DOWN
2026-06-23 16:31:00;M1;5;21;4113,43463;4117,44000;UP
2026-06-23 16:37:00;M1;5;89;4121,25106;4120,97000;DOWN
2026-06-23 16:41:00;M1;5;89;4120,90355;4124,89000;UP
2026-06-23 17:11:00;M1;5;21;4139,51687;4133,50000;DOWN
2026-06-23 17:24:00;M1;5;34;4135,30971;4134,85000;DOWN
2026-06-23 17:32:00;M1;5;55;4129,41979;4127,49000;DOWN
2026-06-23 17:36:00;M1;5;89;4126,92083;4126,69000;DOWN
2026-06-23 17:43:00;M1;5;89;4127,31886;4128,03000;UP
2026-06-23 17:46:00;M1;5;89;4127,61171;4127,04000;DOWN
2026-06-23 17:51:00;M1;5;89;4127,83248;4128,09000;UP
2026-06-23 17:57:00;M1;5;21;4128,34821;4129,25000;UP
2026-06-23 17:56:00;M1;5;89;4128,03520;4125,62000;DOWN
2026-06-23 18:01:00;M1;5;55;4132,61208;4132,70000;UP
2026-06-23 18:08:00;M1;5;89;4128,45603;4124,87000;DOWN
2026-06-23 18:12:00;M1;5;21;4126,13952;4126,20000;UP
2026-06-23 18:18:00;M1;5;89;4128,80215;4127,59000;DOWN
2026-06-23 18:21:00;M1;5;21;4125,53817;4125,28000;DOWN
2026-06-23 18:26:00;M1;5;21;4125,57084;4127,47000;UP
2026-06-23 18:32:00;M1;5;55;4133,18743;4133,35000;UP
2026-06-23 19:02:00;M1;5;21;4137,56840;4136,99000;DOWN
2026-06-23 19:06:00;M1;5;55;4135,50762;4134,46000;DOWN
2026-06-23 19:13:00;M1;5;34;4134,87212;4134,58000;DOWN
2026-06-23 19:18:00;M1;5;34;4135,59232;4137,95000;UP
2026-06-23 19:16:00;M1;5;89;4134,16960;4133,38000;DOWN
2026-06-23 19:21:00;M1;5;89;4134,72205;4136,90000;UP
2026-06-23 19:24:00;M1;5;34;4136,20529;4136,15000;DOWN
2026-06-23 19:30:00;M1;5;34;4136,75886;4137,10000;UP
2026-06-23 19:26:00;M1;5;55;4136,24749;4135,80000;DOWN
2026-06-23 19:32:00;M1;5;21;4138,65026;4140,13000;UP
2026-06-23 19:31:00;M1;5;34;4137,51121;4137,27000;DOWN
2026-06-23 19:36:00;M1;5;34;4138,42492;4142,09000;UP
2026-06-23 19:48:00;M1;5;34;4140,41906;4140,10000;DOWN
2026-06-23 19:55:00;M1;5;55;4138,92417;4138,61000;DOWN
2026-06-23 19:56:00;M1;5;89;4138,66450;4135,11000;DOWN
2026-06-23 20:12:00;M1;5;21;4137,24139;4138,47000;UP
2026-06-23 20:17:00;M1;5;21;4136,55061;4135,58000;DOWN
2026-06-23 20:21:00;M1;5;21;4135,74381;4137,28000;UP
2026-06-23 20:26:00;M1;5;21;4134,58792;4131,87000;DOWN
2026-06-23 20:43:00;M1;5;21;4130,70769;4130,90000;UP
2026-06-23 20:53:00;M1;5;21;4129,64373;4129,42000;DOWN
2026-06-23 20:56:00;M1;5;21;4128,94726;4128,96000;UP
2026-06-23 21:04:00;M1;5;21;4128,03280;4127,00000;DOWN
2026-06-23 21:16:00;M1;5;21;4124,79903;4124,82000;UP
2026-06-23 21:23:00;M1;5;21;4123,90220;4123,19000;DOWN
2026-06-23 21:33:00;M1;5;21;4121,76585;4121,83000;UP
2026-06-23 21:37:00;M1;5;34;4122,33954;4122,41000;UP
2026-06-23 21:39:00;M1;5;21;4120,62919;4119,84000;DOWN
2026-06-23 21:41:00;M1;5;34;4121,03431;4118,53000;DOWN
2026-06-23 21:51:00;M1;5;21;4116,09239;4116,70000;UP
2026-06-23 21:58:00;M1;5;34;4117,02666;4117,46000;UP
2026-06-23 22:01:00;M1;5;55;4120,54306;4122,01000;UP
2026-06-23 22:19:00;M1;5;55;4118,15507;4117,68000;DOWN
2026-06-23 22:21:00;M1;5;55;4117,59394;4119,34000;UP
2026-06-23 22:36:00;M1;5;89;4123,01891;4123,85000;UP
2026-06-23 22:41:00;M1;5;89;4122,40996;4121,54000;DOWN
2026-06-23 22:48:00;M1;5;34;4118,13721;4118,13000;DOWN
2026-06-23 22:52:00;M1;5;55;4116,16269;4115,03000;DOWN
2026-06-23 23:26:00;M1;5;21;4108,74874;4109,46000;UP
2026-06-23 23:37:00;M1;5;34;4110,57531;4110,66000;UP
2026-06-23 23:41:00;M1;5;55;4110,18616;4109,98000;DOWN
2026-06-23 23:46:00;M1;5;55;4109,75338;4110,96000;UP
2026-06-23 23:55:00;M1;5;55;4109,35150;4109,34000;DOWN
2026-06-23 23:56:00;M1;5;55;4108,98214;4109,35000;UP
2026-06-24 01:01:00;M1;5;89;4109,90331;4112,46000;UP
2026-06-24 01:20:00;M1;5;89;4108,60054;4107,10000;DOWN
2026-06-24 01:21:00;M1;5;34;4108,36523;4108,54000;UP
2026-06-24 01:29:00;M1;5;89;4107,78039;4105,93000;DOWN
2026-06-24 01:45:00;M1;5;21;4104,66427;4105,51000;UP
2026-06-24 01:46:00;M1;5;34;4104,94923;4107,29000;UP
2026-06-24 01:55:00;M1;5;89;4104,93022;4104,38000;DOWN
2026-06-24 01:56:00;M1;5;34;4104,14988;4105,35000;UP
2026-06-24 02:00:00;M1;5;21;4102,67200;4102,51000;DOWN
2026-06-24 02:01:00;M1;5;21;4101,96175;4102,30000;UP
2026-06-24 02:01:00;M1;5;89;4103,84722;4102,30000;DOWN
2026-06-24 02:06:00;M1;5;21;4100,74622;4097,48000;DOWN
2026-06-24 02:11:00;M1;5;21;4099,69972;4100,18000;UP
2026-06-24 02:17:00;M1;5;21;4098,97902;4097,81000;DOWN
2026-06-24 02:21:00;M1;5;21;4098,53442;4098,74000;UP
2026-06-24 02:26:00;M1;5;21;4098,04340;4097,84000;DOWN
2026-06-24 02:46:00;M1;5;21;4090,44212;4094,04000;UP
2026-06-24 02:51:00;M1;5;89;4096,58476;4098,13000;UP
2026-06-24 03:25:00;M1;5;55;4094,74844;4094,72000;DOWN
2026-06-24 03:28:00;M1;5;34;4097,69146;4097,83000;UP
2026-06-24 03:33:00;M1;5;34;4098,08749;4097,02000;DOWN
2026-06-24 03:41:00;M1;5;55;4095,26685;4094,49000;DOWN
2026-06-24 03:46:00;M1;5;34;4098,34114;4099,14000;UP
2026-06-24 03:51:00;M1;5;34;4098,35556;4098,24000;DOWN
2026-06-24 04:00:00;M1;5;89;4093,74739;4091,73000;DOWN
2026-06-24 04:12:00;M1;5;21;4086,66122;4090,48000;UP
2026-06-24 04:25:00;M1;5;34;4089,69463;4095,53000;UP
2026-06-24 04:46:00;M1;5;89;4088,80692;4088,37000;DOWN
2026-06-24 05:00:00;M1;5;21;4090,62776;4092,42000;UP
2026-06-24 05:03:00;M1;5;89;4087,95518;4087,37000;DOWN
2026-06-24 05:51:00;M1;5;21;4058,97944;4061,09000;UP
2026-06-24 05:59:00;M1;5;34;4064,33141;4061,12000;DOWN
2026-06-24 06:02:00;M1;5;34;4061,64425;4061,69000;UP
2026-06-24 06:06:00;M1;5;34;4059,27945;4053,38000;DOWN
2026-06-24 06:11:00;M1;5;21;4053,00620;4059,28000;UP
2026-06-24 06:16:00;M1;5;34;4055,06360;4054,35000;DOWN
2026-06-24 06:21:00;M1;5;21;4051,19056;4054,81000;UP
2026-06-24 06:30:00;M1;5;55;4058,43554;4059,21000;UP
2026-06-24 06:33:00;M1;5;55;4056,71006;4056,54000;DOWN
2026-06-24 06:36:00;M1;5;55;4055,26336;4061,55000;UP
2026-06-24 06:41:00;M1;5;89;4062,12115;4065,26000;UP
2026-06-24 07:05:00;M1;5;89;4058,31163;4056,95000;DOWN
2026-06-24 07:07:00;M1;5;89;4057,49846;4058,39000;UP
2026-06-24 07:12:00;M1;5;89;4056,70979;4056,33000;DOWN
2026-06-24 07:16:00;M1;5;34;4057,09883;4057,93000;UP
2026-06-24 07:25:00;M1;5;21;4061,20172;4062,63000;UP
2026-06-24 07:51:00;M1;5;34;4062,45776;4062,44000;DOWN
2026-06-24 07:56:00;M1;5;21;4063,83204;4065,21000;UP
2026-06-24 08:02:00;M1;5;34;4063,21655;4062,94000;DOWN
2026-06-24 08:09:00;M1;5;21;4064,91678;4069,41000;UP
2026-06-24 08:19:00;M1;5;21;4066,42928;4065,50000;DOWN
2026-06-24 08:21:00;M1;5;21;4067,37860;4070,77000;UP
2026-06-24 08:41:00;M1;5;21;4076,24456;4073,52000;DOWN
2026-06-24 08:51:00;M1;5;34;4075,03156;4074,83000;DOWN
2026-06-24 08:57:00;M1;5;34;4075,94694;4076,16000;UP
2026-06-24 09:01:00;M1;5;21;4079,21596;4079,94000;UP
2026-06-24 09:18:00;M1;5;21;4086,70496;4086,39000;DOWN
2026-06-24 09:25:00;M1;5;21;4088,88818;4089,38000;UP
2026-06-24 09:28:00;M1;5;34;4087,28276;4084,63000;DOWN
2026-06-24 09:35:00;M1;5;34;4088,81715;4090,15000;UP
2026-06-24 09:36:00;M1;5;34;4090,08428;4088,98000;DOWN
2026-06-24 09:41:00;M1;5;21;4092,94255;4093,02000;UP
2026-06-24 09:50:00;M1;5;55;4087,72173;4085,02000;DOWN
2026-06-24 09:52:00;M1;5;55;4089,07943;4089,99000;UP
2026-06-24 09:56:00;M1;5;55;4090,24485;4089,59000;DOWN
2026-06-24 10:23:00;M1;5;89;4083,81475;4083,80000;DOWN
2026-06-24 10:26:00;M1;5;89;4084,77574;4085,76000;UP
2026-06-24 10:31:00;M1;5;89;4085,59551;4081,84000;DOWN
2026-06-24 10:44:00;M1;5;21;4082,25401;4082,39000;UP
2026-06-24 10:52:00;M1;5;21;4080,60439;4078,78000;DOWN
2026-06-24 11:11:00;M1;5;21;4075,44095;4075,86000;UP
2026-06-24 11:19:00;M1;5;21;4074,26823;4073,61000;DOWN
2026-06-24 11:21:00;M1;5;21;4073,61782;4075,72000;UP
2026-06-24 11:30:00;M1;5;55;4083,58931;4083,70000;UP
2026-06-24 11:36:00;M1;5;55;4081,95010;4080,46000;DOWN
2026-06-24 11:41:00;M1;5;55;4081,39715;4082,16000;UP
2026-06-24 11:46:00;M1;5;55;4080,88276;4079,58000;DOWN
2026-06-24 11:58:00;M1;5;34;4076,74659;4076,69000;DOWN
2026-06-24 12:01:00;M1;5;34;4076,56340;4076,96000;UP
2026-06-24 12:06:00;M1;5;34;4075,98845;4073,93000;DOWN
2026-06-24 12:12:00;M1;5;34;4075,54683;4075,94000;UP
2026-06-24 12:16:00;M1;5;21;4075,88252;4077,15000;UP
2026-06-24 12:21:00;M1;5;55;4076,07743;4074,42000;DOWN
2026-06-24 12:49:00;M1;5;21;4068,70746;4069,16000;UP
2026-06-24 12:55:00;M1;5;21;4067,88906;4067,38000;DOWN
2026-06-24 12:56:00;M1;5;21;4066,86375;4067,16000;UP
2026-06-24 13:01:00;M1;5;21;4065,41744;4060,85000;DOWN
2026-06-24 13:21:00;M1;5;21;4058,84987;4059,28000;UP
2026-06-24 13:29:00;M1;5;34;4060,46772;4060,87000;UP
2026-06-24 13:38:00;M1;5;34;4058,51364;4057,11000;DOWN
2026-06-24 13:41:00;M1;5;34;4057,99675;4063,39000;UP
2026-06-24 13:53:00;M1;5;55;4059,39361;4057,70000;DOWN
2026-06-24 13:57:00;M1;5;34;4057,09165;4057,35000;UP
2026-06-24 14:01:00;M1;5;21;4057,74059;4058,01000;UP
2026-06-24 14:03:00;M1;5;34;4056,34798;4055,36000;DOWN
2026-06-24 14:06:00;M1;5;55;4056,68066;4051,15000;DOWN
2026-06-24 14:28:00;M1;5;21;4045,33149;4045,43000;UP
2026-06-24 14:31:00;M1;5;34;4046,79012;4047,88000;UP
2026-06-24 14:37:00;M1;5;55;4047,92461;4048,48000;UP
2026-06-24 14:36:00;M1;5;34;4045,70372;4045,02000;DOWN
2026-06-24 14:41:00;M1;5;34;4044,79488;4047,61000;UP
2026-06-24 14:44:00;M1;5;55;4046,73322;4045,93000;DOWN
2026-06-24 14:50:00;M1;5;55;4045,64652;4046,97000;UP
2026-06-24 14:46:00;M1;5;34;4043,94919;4043,41000;DOWN
2026-06-24 14:51:00;M1;5;21;4042,81578;4050,30000;UP
2026-06-24 14:58:00;M1;5;89;4049,43359;4048,05000;DOWN
2026-06-24 15:05:00;M1;5;21;4044,64761;4044,11000;DOWN
2026-06-24 15:06:00;M1;5;55;4042,96584;4039,69000;DOWN
2026-06-24 15:11:00;M1;5;34;4041,74220;4042,58000;UP
2026-06-24 15:16:00;M1;5;55;4041,29632;4036,08000;DOWN
2026-06-24 16:03:00;M1;5;21;3993,91533;3994,39000;UP
2026-06-24 16:06:00;M1;5;21;3986,14156;3981,60000;DOWN
2026-06-24 16:17:00;M1;5;21;3972,49478;3974,01000;UP
2026-06-24 16:21:00;M1;5;21;3967,82096;3967,19000;DOWN
2026-06-24 16:26:00;M1;5;21;3964,67147;3975,79000;UP
2026-06-24 16:32:00;M1;5;55;3987,92881;3990,95000;UP
2026-06-24 16:39:00;M1;5;89;4000,66484;4005,06000;UP
2026-06-24 17:07:00;M1;5;21;4027,15098;4025,96000;DOWN
2026-06-24 17:38:00;M1;5;34;4025,17027;4022,25000;DOWN
2026-06-24 17:54:00;M1;5;55;4006,96929;4006,22000;DOWN
2026-06-24 18:16:00;M1;5;21;4002,10376;4004,74000;UP
2026-06-24 18:24:00;M1;5;55;4011,48767;4008,89000;DOWN
2026-06-24 18:29:00;M1;5;34;4012,36319;4014,72000;UP
2026-06-24 18:31:00;M1;5;55;4012,64944;4008,79000;DOWN
2026-06-24 18:45:00;M1;5;34;4008,29874;4008,53000;UP
2026-06-24 18:41:00;M1;5;21;4004,68593;4003,77000;DOWN
2026-06-24 18:46:00;M1;5;21;4005,98711;4007,03000;UP
2026-06-24 18:46:00;M1;5;34;4007,38561;4007,03000;DOWN
2026-06-24 18:51:00;M1;5;34;4006,38227;4014,25000;UP
2026-06-24 18:52:00;M1;5;55;4012,81104;4011,27000;DOWN
2026-06-24 18:56:00;M1;5;34;4005,29179;4003,48000;DOWN
2026-06-24 19:08:00;M1;5;89;3998,62589;3998,05000;DOWN
2026-06-24 19:12:00;M1;5;21;4003,66126;4003,94000;UP
2026-06-24 19:21:00;M1;5;55;4007,02308;4008,70000;UP
2026-06-24 19:43:00;M1;5;21;4011,31223;4009,95000;DOWN
2026-06-24 19:49:00;M1;5;34;4008,06619;4007,44000;DOWN
2026-06-24 19:51:00;M1;5;34;4008,64076;4008,86000;UP
2026-06-24 19:58:00;M1;5;55;4007,49960;4006,87000;DOWN
2026-06-24 20:01:00;M1;5;34;4009,08263;4009,38000;UP
2026-06-24 20:07:00;M1;5;55;4007,56062;4005,99000;DOWN
2026-06-24 20:11:00;M1;5;55;4007,47720;4008,39000;UP
2026-06-24 20:15:00;M1;5;89;4005,60042;4005,22000;DOWN
2026-06-24 20:16:00;M1;5;55;4007,20065;4003,33000;DOWN
2026-06-24 20:46:00;M1;5;21;3984,51331;3985,31000;UP
2026-06-24 20:51:00;M1;5;21;3980,92306;3979,79000;DOWN
2026-06-24 20:56:00;M1;5;21;3977,12762;3980,78000;UP
2026-06-24 21:01:00;M1;5;21;3972,93556;3972,75000;DOWN
2026-06-24 21:06:00;M1;5;21;3970,87312;3975,80000;UP
2026-06-24 21:20:00;M1;5;55;3985,21839;3983,73000;DOWN
2026-06-24 21:23:00;M1;5;55;3983,88874;3986,69000;UP
2026-06-24 21:28:00;M1;5;89;3989,73670;3991,32000;UP
2026-06-24 21:33:00;M1;5;89;3988,90062;3987,58000;DOWN
2026-06-24 21:40:00;M1;5;21;3983,47954;3981,99000;DOWN
2026-06-24 21:48:00;M1;5;55;3979,91724;3978,57000;DOWN
2026-06-24 21:51:00;M1;5;55;3979,07082;3979,91000;UP
2026-06-24 22:01:00;M1;5;34;3978,59261;3978,40000;DOWN
2026-06-24 22:06:00;M1;5;34;3978,77164;3979,95000;UP
2026-06-24 22:09:00;M1;5;55;3976,77856;3976,77000;DOWN
2026-06-24 22:14:00;M1;5;55;3976,02070;3976,34000;UP
2026-06-24 22:11:00;M1;5;34;3978,77822;3975,27000;DOWN
2026-06-24 22:22:00;M1;5;21;3977,96802;3978,08000;UP
2026-06-24 22:26:00;M1;5;89;3979,72466;3981,21000;UP
2026-06-24 23:16:00;M1;5;21;3995,31758;3992,98000;DOWN
2026-06-24 23:24:00;M1;5;21;3997,13042;3998,41000;UP
2026-06-24 23:27:00;M1;5;21;3998,90147;3997,48000;DOWN
2026-06-24 23:32:00;M1;5;21;4000,41140;4000,66000;UP
2026-06-24 23:38:00;M1;5;34;3996,52752;3996,24000;DOWN
2026-06-24 23:41:00;M1;5;34;3997,96289;3998,64000;UP
2026-06-24 23:46:00;M1;5;34;3999,09910;3998,87000;DOWN
2026-06-25 01:01:00;M1;5;21;4002,31119;4008,70000;UP
2026-06-25 01:06:00;M1;5;34;4003,48142;4002,22000;DOWN
2026-06-25 01:12:00;M1;5;21;4003,92052;4004,68000;UP
2026-06-25 01:16:00;M1;5;34;4005,08169;4001,59000;DOWN
2026-06-25 01:26:00;M1;5;55;4002,38016;4001,37000;DOWN
2026-06-25 01:34:00;M1;5;21;4004,09368;4004,12000;UP
2026-06-25 01:39:00;M1;5;55;4004,31294;4002,64000;DOWN
2026-06-25 01:53:00;M1;5;89;3995,89983;3994,81000;DOWN
2026-06-25 01:56:00;M1;5;89;3996,62105;3996,68000;UP
2026-06-25 02:02:00;M1;5;89;3997,23302;3995,12000;DOWN
2026-06-25 02:15:00;M1;5;21;3995,64999;3997,67000;UP
2026-06-25 02:21:00;M1;5;34;3998,46309;3998,54000;UP
2026-06-25 02:27:00;M1;5;89;3999,29675;3997,90000;DOWN
2026-06-25 02:31:00;M1;5;34;3998,08072;3999,57000;UP
2026-06-25 02:56:00;M1;5;21;4012,53147;4011,44000;DOWN
2026-06-25 03:14:00;M1;5;89;4007,31477;4005,44000;DOWN
2026-06-25 03:51:00;M1;5;21;3985,88195;3989,07000;UP
2026-06-25 03:57:00;M1;5;34;3995,26738;3994,70000;DOWN
2026-06-25 04:01:00;M1;5;34;3993,67877;3997,51000;UP
2026-06-25 04:06:00;M1;5;55;3998,59944;3990,30000;DOWN
2026-06-25 04:14:00;M1;5;21;3985,57892;3986,73000;UP
2026-06-25 04:17:00;M1;5;34;3989,48061;3991,32000;UP
2026-06-25 04:22:00;M1;5;55;3995,84033;3995,44000;DOWN
2026-06-25 04:26:00;M1;5;55;3995,00198;3997,66000;UP
2026-06-25 04:32:00;M1;5;55;3993,94470;3992,73000;DOWN
2026-06-25 04:39:00;M1;5;34;3986,38313;3987,12000;UP
2026-06-25 04:41:00;M1;5;34;3985,42097;3984,50000;DOWN
2026-06-25 04:47:00;M1;5;34;3984,59746;3984,62000;UP
2026-06-25 04:51:00;M1;5;21;3985,04855;3987,19000;UP
2026-06-25 04:53:00;M1;5;34;3983,73554;3980,49000;DOWN
2026-06-25 04:56:00;M1;5;21;3982,91778;3982,47000;DOWN
2026-06-25 05:03:00;M1;5;21;3980,50809;3980,75000;UP
2026-06-25 05:06:00;M1;5;21;3976,93977;3971,67000;DOWN
2026-06-25 05:17:00;M1;5;21;3971,27067;3973,79000;UP
2026-06-25 05:22:00;M1;5;89;3988,51374;3990,35000;UP
2026-06-25 05:26:00;M1;5;89;3987,32803;3985,19000;DOWN
2026-06-25 05:35:00;M1;5;89;3986,25637;3987,55000;UP
2026-06-25 05:38:00;M1;5;89;3985,31527;3984,23000;DOWN
2026-06-25 05:41:00;M1;5;21;3978,70143;3976,52000;DOWN
2026-06-25 05:47:00;M1;5;21;3980,17694;3981,17000;UP
2026-06-25 05:53:00;M1;5;34;3976,73690;3976,59000;DOWN
2026-06-25 05:58:00;M1;5;21;3982,20318;3982,38000;UP
2026-06-25 06:05:00;M1;5;89;3981,38442;3980,00000;DOWN
2026-06-25 06:09:00;M1;5;55;3975,44035;3973,37000;DOWN
2026-06-25 06:19:00;M1;5;21;3979,10529;3981,86000;UP
2026-06-25 06:21:00;M1;5;89;3977,92096;3975,89000;DOWN
2026-06-25 06:26:00;M1;5;55;3973,89941;3974,43000;UP
2026-06-25 06:32:00;M1;5;55;3973,54623;3973,28000;DOWN
2026-06-25 06:44:00;M1;5;21;3973,62280;3975,20000;UP
2026-06-25 07:11:00;M1;5;21;3992,83243;3991,78000;DOWN
2026-06-25 07:32:00;M1;5;34;3992,46537;3990,54000;DOWN
2026-06-25 07:40:00;M1;5;55;3986,86111;3986,54000;DOWN
2026-06-25 07:45:00;M1;5;34;3994,23774;3994,35000;UP
2026-06-25 07:46:00;M1;5;21;3995,04639;3995,45000;UP
2026-06-25 07:47:00;M1;5;34;3994,87628;3994,71000;DOWN
2026-06-25 07:54:00;M1;5;34;3995,55950;3995,60000;UP
2026-06-25 07:51:00;M1;5;21;3994,49316;3993,25000;DOWN
2026-06-25 07:56:00;M1;5;21;3994,50243;3995,12000;UP
2026-06-25 07:56:00;M1;5;34;3996,28628;3995,12000;DOWN
2026-06-25 08:05:00;M1;5;21;3994,93122;3994,41000;DOWN
2026-06-25 08:08:00;M1;5;21;3995,76873;3996,44000;UP
2026-06-25 08:11:00;M1;5;34;3998,45224;3997,69000;DOWN
2026-06-25 08:16:00;M1;5;55;3995,11286;3994,41000;DOWN
2026-06-25 08:36:00;M1;5;89;3989,01083;3986,66000;DOWN
2026-06-25 08:54:00;M1;5;21;3988,06569;3988,32000;UP
2026-06-25 08:56:00;M1;5;89;3990,40326;3990,08000;DOWN
2026-06-25 09:03:00;M1;5;21;3985,12653;3985,64000;UP
2026-06-25 09:12:00;M1;5;21;3983,06815;3982,31000;DOWN
2026-06-25 09:20:00;M1;5;21;3981,11581;3981,41000;UP
2026-06-25 09:22:00;M1;5;21;3979,35275;3978,60000;DOWN
2026-06-25 09:26:00;M1;5;21;3978,58009;3981,39000;UP
2026-06-25 09:31:00;M1;5;34;3981,12949;3979,25000;DOWN
2026-06-25 09:36:00;M1;5;21;3978,13758;3979,06000;UP
2026-06-25 09:54:00;M1;5;34;3978,29734;3977,70000;DOWN
2026-06-25 09:56:00;M1;5;21;3978,40990;3978,84000;UP
2026-06-25 10:01:00;M1;5;34;3977,35325;3974,03000;DOWN
2026-06-25 10:06:00;M1;5;21;3978,98813;3980,73000;UP
2026-06-25 10:13:00;M1;5;55;3980,63531;3980,06000;DOWN
2026-06-25 10:17:00;M1;5;21;3980,37482;3981,01000;UP
2026-06-25 10:22:00;M1;5;21;3981,26788;3980,92000;DOWN
2026-06-25 10:26:00;M1;5;21;3982,22050;3983,19000;UP
2026-06-25 10:33:00;M1;5;89;3985,25877;3983,99000;DOWN
2026-06-25 10:39:00;M1;5;55;3979,03344;3978,15000;DOWN
2026-06-25 10:41:00;M1;5;55;3978,66834;3979,63000;UP
2026-06-25 10:46:00;M1;5;55;3978,27856;3975,93000;DOWN
2026-06-25 10:55:00;M1;5;55;3977,86789;3978,80000;UP
2026-06-25 10:56:00;M1;5;21;3979,81222;3982,51000;UP
2026-06-25 11:37:00;M1;5;21;3997,74604;3996,79000;DOWN
2026-06-25 11:41:00;M1;5;21;4000,19689;4000,25000;UP
2026-06-25 11:47:00;M1;5;34;3995,39587;3994,20000;DOWN
2026-06-25 11:56:00;M1;5;55;3990,88219;3989,36000;DOWN
2026-06-25 12:01:00;M1;5;55;3991,82109;3992,24000;UP
2026-06-25 12:09:00;M1;5;55;3992,57669;3991,30000;DOWN
2026-06-25 12:12:00;M1;5;55;3993,17746;3993,40000;UP
2026-06-25 12:16:00;M1;5;55;3993,66583;3993,40000;DOWN
2026-06-25 12:22:00;M1;5;21;3993,07575;3994,74000;UP
2026-06-25 12:26:00;M1;5;55;3994,68255;3993,73000;DOWN
2026-06-25 12:33:00;M1;5;34;3996,63974;3997,32000;UP
2026-06-25 12:35:00;M1;5;21;3992,25557;3989,58000;DOWN
2026-06-25 12:36:00;M1;5;89;3989,95019;3987,59000;DOWN
2026-06-25 12:51:00;M1;5;21;3990,58437;3990,95000;UP
2026-06-25 12:56:00;M1;5;34;3992,70043;3993,16000;UP
2026-06-25 12:57:00;M1;5;89;3991,21720;3989,58000;DOWN
2026-06-25 13:01:00;M1;5;34;3991,63501;3988,18000;DOWN
2026-06-25 13:16:00;M1;5;21;3985,76150;3985,84000;UP
2026-06-25 13:25:00;M1;5;34;3987,44232;3987,47000;UP
2026-06-25 13:21:00;M1;5;21;3984,80920;3984,43000;DOWN
2026-06-25 13:26:00;M1;5;21;3984,55481;3986,18000;UP
2026-06-25 13:26:00;M1;5;34;3986,75843;3986,18000;DOWN
2026-06-25 13:33:00;M1;5;34;3986,20397;3986,96000;UP
2026-06-25 13:42:00;M1;5;34;3985,46159;3985,01000;DOWN
2026-06-25 13:51:00;M1;5;21;3984,54702;3985,08000;UP
2026-06-25 13:56:00;M1;5;34;3983,97663;3983,42000;DOWN
2026-06-25 14:04:00;M1;5;21;3984,01698;3984,65000;UP
2026-06-25 14:13:00;M1;5;34;3983,06114;3982,58000;DOWN
2026-06-25 14:31:00;M1;5;21;3979,90308;3980,88000;UP
2026-06-25 14:39:00;M1;5;34;3980,34743;3982,36000;UP
2026-06-25 14:36:00;M1;5;21;3979,21477;3973,61000;DOWN
2026-06-25 14:41:00;M1;5;21;3979,29715;3984,60000;UP
2026-06-25 14:46:00;M1;5;89;3986,22023;3984,94000;DOWN
2026-06-25 14:59:00;M1;5;55;3980,47917;3980,01000;DOWN
2026-06-25 15:01:00;M1;5;21;3981,28612;3984,56000;UP
2026-06-25 15:08:00;M1;5;21;3981,67046;3981,33000;DOWN
2026-06-25 15:11:00;M1;5;21;3982,12214;3982,60000;UP
2026-06-25 15:18:00;M1;5;89;3983,66926;3985,23000;UP
2026-06-25 15:17:00;M1;5;34;3980,88706;3980,82000;DOWN
2026-06-25 15:22:00;M1;5;34;3980,98861;3981,05000;UP
2026-06-25 15:21:00;M1;5;89;3983,29690;3979,50000;DOWN
2026-06-25 15:28:00;M1;5;21;3982,83513;3984,83000;UP
2026-06-25 15:26:00;M1;5;34;3981,22079;3979,54000;DOWN
2026-06-25 15:31:00;M1;5;34;3982,13232;3995,72000;UP
2026-06-25 16:16:00;M1;5;21;4031,58223;4027,07000;DOWN
2026-06-25 16:26:00;M1;5;34;4025,03836;4020,88000;DOWN
2026-06-25 16:43:00;M1;5;55;4018,09442;4015,98000;DOWN
2026-06-25 16:55:00;M1;5;89;4007,43958;4004,14000;DOWN
2026-06-25 17:03:00;M1;5;21;4013,22796;4015,82000;UP
2026-06-25 17:21:00;M1;5;34;4020,50989;4021,48000;UP
2026-06-25 17:28:00;M1;5;55;4025,47541;4026,56000;UP
2026-06-25 17:26:00;M1;5;34;4019,91745;4019,45000;DOWN
2026-06-25 17:31:00;M1;5;34;4019,76200;4025,59000;UP
2026-06-25 17:31:00;M1;5;55;4026,24397;4025,59000;DOWN
2026-06-25 17:37:00;M1;5;34;4019,54915;4017,94000;DOWN
2026-06-25 17:45:00;M1;5;21;4019,80995;4019,82000;UP
2026-06-25 17:41:00;M1;5;89;4018,63531;4017,95000;DOWN
2026-06-25 17:46:00;M1;5;34;4019,23837;4015,67000;DOWN
2026-06-25 17:51:00;M1;5;34;4018,97160;4019,30000;UP
2026-06-25 17:56:00;M1;5;34;4018,43431;4015,44000;DOWN
2026-06-25 18:07:00;M1;5;21;4018,06133;4018,80000;UP
2026-06-25 18:11:00;M1;5;34;4016,88510;4007,34000;DOWN
2026-06-25 18:19:00;M1;5;21;4014,88269;4015,05000;UP
2026-06-25 18:21:00;M1;5;34;4017,20793;4026,11000;UP
2026-06-25 18:33:00;M1;5;89;4025,86134;4025,69000;DOWN
2026-06-25 18:36:00;M1;5;55;4023,12949;4025,28000;UP
2026-06-25 19:02:00;M1;5;21;4037,13354;4036,26000;DOWN
2026-06-25 19:06:00;M1;5;21;4039,12694;4039,57000;UP
2026-06-25 19:11:00;M1;5;21;4040,24759;4035,99000;DOWN
2026-06-25 19:17:00;M1;5;21;4041,26774;4043,72000;UP
2026-06-25 19:23:00;M1;5;21;4042,37425;4040,65000;DOWN
2026-06-25 19:30:00;M1;5;34;4040,04204;4037,29000;DOWN
2026-06-25 19:31:00;M1;5;89;4036,63005;4035,15000;DOWN
2026-06-25 20:07:00;M1;5;21;4030,45182;4030,96000;UP
2026-06-25 20:26:00;M1;5;34;4032,92146;4034,64000;UP
2026-06-25 20:32:00;M1;5;34;4032,24827;4031,48000;DOWN
2026-06-25 20:36:00;M1;5;34;4031,77743;4033,05000;UP
2026-06-25 20:45:00;M1;5;34;4031,49789;4031,39000;DOWN
2026-06-25 20:49:00;M1;5;34;4031,23593;4031,52000;UP
2026-06-25 20:46:00;M1;5;21;4031,52717;4030,54000;DOWN
2026-06-25 20:52:00;M1;5;21;4032,22529;4032,28000;UP
2026-06-25 21:02:00;M1;5;34;4031,21323;4029,36000;DOWN
2026-06-25 21:09:00;M1;5;34;4031,26157;4032,74000;UP
2026-06-25 21:11:00;M1;5;21;4032,95298;4034,01000;UP
2026-06-25 21:16:00;M1;5;55;4034,74093;4037,88000;UP
2026-06-25 21:25:00;M1;5;89;4039,27238;4041,15000;UP
2026-06-25 21:31:00;M1;5;89;4039,55664;4039,30000;DOWN
2026-06-25 21:39:00;M1;5;34;4035,52130;4036,33000;UP
2026-06-25 21:41:00;M1;5;55;4035,29035;4033,25000;DOWN
2026-06-25 21:52:00;M1;5;55;4035,34999;4035,98000;UP
2026-06-25 21:56:00;M1;5;55;4035,35992;4035,01000;DOWN
2026-06-25 22:07:00;M1;5;21;4035,54372;4035,69000;UP
2026-06-25 22:11:00;M1;5;89;4039,24447;4040,06000;UP
2026-06-25 22:19:00;M1;5;89;4039,16953;4037,01000;DOWN
2026-06-25 22:25:00;M1;5;89;4039,12753;4039,90000;UP
2026-06-25 22:28:00;M1;5;89;4039,07546;4036,39000;DOWN
2026-06-25 23:01:00;M1;5;21;4029,48406;4034,28000;UP
2026-06-25 23:06:00;M1;5;34;4031,75857;4029,71000;DOWN
2026-06-25 23:11:00;M1;5;21;4027,32183;4028,88000;UP
2026-06-25 23:21:00;M1;5;34;4029,33455;4030,07000;UP
2026-06-25 23:33:00;M1;5;34;4028,20016;4028,11000;DOWN
2026-06-25 23:38:00;M1;5;21;4026,63789;4025,80000;DOWN
2026-06-25 23:42:00;M1;5;21;4026,48039;4026,54000;UP
2026-06-25 23:46:00;M1;5;21;4026,08249;4024,46000;DOWN
2026-06-25 23:56:00;M1;5;21;4025,30888;4026,06000;UP
2026-06-26 01:02:00;M1;5;55;4027,51664;4027,96000;UP
2026-06-26 01:07:00;M1;5;55;4027,01279;4026,92000;DOWN
2026-06-26 01:11:00;M1;5;21;4025,33725;4026,25000;UP
2026-06-26 01:13:00;M1;5;34;4024,59174;4022,60000;DOWN
2026-06-26 01:16:00;M1;5;21;4024,67925;4023,58000;DOWN
2026-06-26 01:27:00;M1;5;21;4023,24762;4023,85000;UP
2026-06-26 01:32:00;M1;5;89;4028,44008;4028,46000;UP
2026-06-26 01:46:00;M1;5;89;4027,42731;4026,20000;DOWN
2026-06-26 01:51:00;M1;5;55;4023,90275;4021,89000;DOWN
2026-06-26 01:56:00;M1;5;34;4025,22135;4025,60000;UP
2026-06-26 02:04:00;M1;5;55;4023,81239;4023,49000;DOWN
2026-06-26 02:06:00;M1;5;55;4023,66100;4023,85000;UP
2026-06-26 02:11:00;M1;5;55;4023,47155;4021,93000;DOWN
2026-06-26 02:19:00;M1;5;21;4024,77797;4026,18000;UP
2026-06-26 02:34:00;M1;5;89;4024,42094;4021,37000;DOWN
2026-06-26 02:36:00;M1;5;55;4023,59703;4024,66000;UP
2026-06-26 02:42:00;M1;5;89;4023,93839;4023,27000;DOWN
2026-06-26 03:13:00;M1;5;21;4015,04506;4017,14000;UP
2026-06-26 03:17:00;M1;5;89;4020,53439;4022,52000;UP
2026-06-26 03:16:00;M1;5;55;4019,75428;4019,10000;DOWN
2026-06-26 03:21:00;M1;5;55;4019,26205;4019,99000;UP
2026-06-26 03:21:00;M1;5;89;4020,06936;4019,99000;DOWN
2026-06-26 03:26:00;M1;5;55;4018,76384;4013,79000;DOWN
2026-06-26 03:34:00;M1;5;21;4015,03243;4015,99000;UP
2026-06-26 03:36:00;M1;5;34;4015,89759;4017,19000;UP
2026-06-26 03:42:00;M1;5;55;4017,39738;4017,58000;UP
2026-06-26 03:50:00;M1;5;89;4018,03524;4017,79000;DOWN
2026-06-26 03:51:00;M1;5;89;4017,70742;4020,07000;UP
2026-06-26 03:54:00;M1;5;55;4016,65461;4016,12000;DOWN
2026-06-26 03:56:00;M1;5;21;4017,23592;4018,34000;UP
2026-06-26 04:05:00;M1;5;89;4017,15619;4015,20000;DOWN
2026-06-26 04:07:00;M1;5;21;4017,68393;4017,98000;UP
2026-06-26 04:26:00;M1;5;21;4021,28569;4021,12000;DOWN
2026-06-26 04:35:00;M1;5;34;4019,20438;4016,72000;DOWN
2026-06-26 04:40:00;M1;5;21;4022,30689;4022,55000;UP
2026-06-26 04:45:00;M1;5;34;4020,32064;4020,08000;DOWN
2026-06-26 04:47:00;M1;5;89;4016,72759;4015,06000;DOWN
2026-06-26 04:55:00;M1;5;21;4021,23859;4021,32000;UP
2026-06-26 04:56:00;M1;5;34;4020,50851;4019,27000;DOWN
2026-06-26 05:02:00;M1;5;21;4020,38793;4020,55000;UP
2026-06-26 05:05:00;M1;5;55;4018,02765;4017,67000;DOWN
2026-06-26 05:07:00;M1;5;89;4016,67901;4016,42000;DOWN
2026-06-26 05:17:00;M1;5;89;4016,37070;4016,38000;UP
2026-06-26 05:21:00;M1;5;89;4016,01892;4009,22000;DOWN
2026-06-26 05:58:00;M1;5;21;3989,79491;3990,98000;UP
2026-06-26 06:06:00;M1;5;34;3993,10865;3994,29000;UP
2026-06-26 06:19:00;M1;5;55;3998,42517;3998,46000;UP
2026-06-26 06:21:00;M1;5;55;3996,90845;3995,43000;DOWN
2026-06-26 06:31:00;M1;5;55;3994,33390;3995,82000;UP
2026-06-26 06:41:00;M1;5;89;3998,97670;3999,97000;UP
2026-06-26 06:49:00;M1;5;89;3998,22167;3997,84000;DOWN
2026-06-26 06:51:00;M1;5;89;3997,57026;3998,51000;UP
2026-06-26 07:05:00;M1;5;21;4000,77589;4000,58000;DOWN
2026-06-26 07:07:00;M1;5;21;4001,82474;4002,22000;UP
2026-06-26 07:26:00;M1;5;21;4008,32486;4006,38000;DOWN
2026-06-26 07:36:00;M1;5;34;4005,25582;4003,60000;DOWN
2026-06-26 07:44:00;M1;5;34;4006,24004;4008,08000;UP
2026-06-26 07:46:00;M1;5;21;4009,00519;4009,11000;UP
2026-06-26 07:51:00;M1;5;21;4009,94389;4009,67000;DOWN
2026-06-26 07:56:00;M1;5;21;4010,92594;4011,68000;UP
2026-06-26 08:03:00;M1;5;34;4010,81379;4010,12000;DOWN
2026-06-26 08:09:00;M1;5;21;4012,07345;4012,08000;UP
2026-06-26 08:11:00;M1;5;34;4012,71739;4012,31000;DOWN
2026-06-26 08:16:00;M1;5;21;4013,76823;4017,51000;UP
2026-06-26 08:21:00;M1;5;34;4014,33596;4012,88000;DOWN
2026-06-26 08:26:00;M1;5;21;4015,53370;4015,83000;UP
2026-06-26 08:31:00;M1;5;21;4016,36200;4015,91000;DOWN
2026-06-26 08:36:00;M1;5;34;4016,37966;4015,96000;DOWN
2026-06-26 08:44:00;M1;5;55;4013,01256;4011,32000;DOWN
2026-06-26 08:54:00;M1;5;55;4014,58813;4015,09000;UP
2026-06-26 08:56:00;M1;5;55;4015,07995;4012,17000;DOWN
2026-06-26 09:15:00;M1;5;21;4010,38677;4010,83000;UP
2026-06-26 09:19:00;M1;5;21;4009,29489;4008,55000;DOWN
2026-06-26 09:21:00;M1;5;21;4010,01741;4017,98000;UP
2026-06-26 09:51:00;M1;5;21;4024,89043;4023,91000;DOWN
2026-06-26 09:56:00;M1;5;21;4027,23833;4027,98000;UP
2026-06-26 10:03:00;M1;5;21;4029,32647;4027,61000;DOWN
2026-06-26 10:06:00;M1;5;21;4030,96208;4031,00000;UP
2026-06-26 10:11:00;M1;5;21;4031,78915;4027,15000;DOWN
2026-06-26 10:21:00;M1;5;34;4029,82022;4029,30000;DOWN
2026-06-26 10:27:00;M1;5;21;4033,60640;4037,35000;UP
2026-06-26 10:38:00;M1;5;34;4034,83288;4034,44000;DOWN
2026-06-26 10:42:00;M1;5;55;4031,67341;4031,57000;DOWN
2026-06-26 10:51:00;M1;5;89;4028,65576;4028,55000;DOWN
2026-06-26 10:56:00;M1;5;89;4029,58081;4031,87000;UP
2026-06-26 11:01:00;M1;5;89;4030,37190;4027,55000;DOWN
2026-06-26 11:15:00;M1;5;21;4031,23539;4032,19000;UP
2026-06-26 11:18:00;M1;5;89;4032,37875;4032,16000;DOWN
2026-06-26 11:21:00;M1;5;89;4032,95742;4033,52000;UP
2026-06-26 11:27:00;M1;5;34;4034,24575;4034,45000;UP
2026-06-26 11:26:00;M1;5;89;4033,56219;4032,85000;DOWN
2026-06-26 11:31:00;M1;5;89;4034,17042;4035,20000;UP
2026-06-26 11:32:00;M1;5;34;4034,22220;4033,91000;DOWN
2026-06-26 11:36:00;M1;5;89;4034,76018;4033,02000;DOWN
2026-06-26 11:44:00;M1;5;34;4034,25604;4035,59000;UP
2026-06-26 11:47:00;M1;5;89;4035,92967;4034,94000;DOWN
2026-06-26 12:04:00;M1;5;21;4034,13588;4034,25000;UP
2026-06-26 12:08:00;M1;5;55;4037,32339;4038,59000;UP
2026-06-26 12:15:00;M1;5;89;4038,26472;4037,40000;DOWN
2026-06-26 12:16:00;M1;5;55;4037,87420;4038,07000;UP
2026-06-26 12:18:00;M1;5;21;4037,51476;4035,92000;DOWN
2026-06-26 12:21:00;M1;5;21;4040,06815;4046,37000;UP
2026-06-26 12:41:00;M1;5;21;4050,08322;4049,80000;DOWN
2026-06-26 12:53:00;M1;5;21;4052,47207;4052,85000;UP
2026-06-26 12:51:00;M1;5;34;4048,06226;4047,81000;DOWN
2026-06-26 12:56:00;M1;5;34;4049,21102;4049,46000;UP
2026-06-26 12:56:00;M1;5;21;4052,77791;4049,46000;DOWN
2026-06-26 13:01:00;M1;5;89;4046,75346;4046,18000;DOWN
2026-06-26 13:10:00;M1;5;34;4050,97869;4051,01000;UP
2026-06-26 13:11:00;M1;5;34;4051,81482;4051,08000;DOWN
2026-06-26 13:18:00;M1;5;89;4048,80085;4048,42000;DOWN
2026-06-26 13:31:00;M1;5;21;4048,96675;4049,17000;UP
2026-06-26 13:39:00;M1;5;89;4050,72883;4049,18000;DOWN
2026-06-26 13:43:00;M1;5;21;4049,20102;4048,01000;DOWN
2026-06-26 13:47:00;M1;5;21;4049,23006;4049,88000;UP
2026-06-26 13:53:00;M1;5;34;4051,95544;4053,45000;UP
2026-06-26 13:51:00;M1;5;21;4049,58613;4049,25000;DOWN
2026-06-26 13:56:00;M1;5;21;4050,44961;4053,11000;UP
2026-06-26 13:56:00;M1;5;55;4053,31224;4053,11000;DOWN
2026-06-26 14:01:00;M1;5;55;4053,82184;4054,55000;UP
2026-06-26 14:02:00;M1;5;89;4052,99863;4051,86000;DOWN
2026-06-26 14:06:00;M1;5;34;4052,61138;4052,89000;UP
2026-06-26 14:06:00;M1;5;55;4054,30370;4052,89000;DOWN
2026-06-26 14:11:00;M1;5;89;4053,91925;4052,30000;DOWN
2026-06-26 14:19:00;M1;5;21;4052,71740;4053,03000;UP
2026-06-26 14:21:00;M1;5;34;4052,69748;4051,59000;DOWN
2026-06-26 14:30:00;M1;5;21;4052,81861;4053,95000;UP
2026-06-26 14:32:00;M1;5;34;4052,96367;4052,83000;DOWN
2026-06-26 15:05:00;M1;5;21;4046,30079;4047,25000;UP
2026-06-26 15:10:00;M1;5;34;4048,58691;4048,71000;UP
2026-06-26 15:18:00;M1;5;34;4047,47205;4045,76000;DOWN
2026-06-26 15:25:00;M1;5;21;4044,49193;4045,12000;UP
2026-06-26 15:26:00;M1;5;34;4046,25924;4046,58000;UP
2026-06-26 15:34:00;M1;5;34;4045,70385;4044,88000;DOWN
2026-06-26 15:36:00;M1;5;21;4044,20932;4044,72000;UP
2026-06-26 15:41:00;M1;5;34;4044,42567;4040,85000;DOWN
2026-06-26 15:46:00;M1;5;21;4043,33961;4043,92000;UP
2026-06-26 15:51:00;M1;5;55;4046,89571;4047,06000;UP
2026-06-26 15:57:00;M1;5;89;4052,53860;4055,03000;UP
2026-06-26 16:03:00;M1;5;89;4052,32245;4051,39000;DOWN
2026-06-26 16:08:00;M1;5;55;4046,62652;4046,34000;DOWN
2026-06-26 16:12:00;M1;5;21;4049,03594;4049,79000;UP
2026-06-26 16:18:00;M1;5;89;4051,69757;4044,82000;DOWN
2026-06-26 16:21:00;M1;5;21;4051,31250;4055,82000;UP
2026-06-26 16:30:00;M1;5;21;4053,21109;4052,83000;DOWN
2026-06-26 16:33:00;M1;5;89;4051,78252;4048,96000;DOWN
2026-06-26 16:36:00;M1;5;55;4048,44854;4046,30000;DOWN
2026-06-26 16:42:00;M1;5;21;4055,39544;4057,60000;UP
2026-06-26 17:26:00;M1;5;21;4088,59164;4086,84000;DOWN
2026-06-26 17:33:00;M1;5;34;4082,32912;4081,48000;DOWN
2026-06-26 17:48:00;M1;5;34;4088,15581;4089,04000;UP
2026-06-26 17:51:00;M1;5;34;4089,82673;4085,70000;DOWN
2026-06-26 17:58:00;M1;5;55;4082,96552;4081,91000;DOWN
2026-06-26 18:22:00;M1;5;21;4082,52863;4083,74000;UP
2026-06-26 18:26:00;M1;5;21;4082,23045;4082,02000;DOWN
2026-06-26 18:31:00;M1;5;21;4082,01390;4087,00000;UP
2026-06-26 18:37:00;M1;5;34;4088,13138;4089,13000;UP
2026-06-26 18:46:00;M1;5;55;4093,26855;4092,59000;DOWN
2026-06-26 18:52:00;M1;5;89;4086,32195;4083,99000;DOWN
2026-06-26 19:00:00;M1;5;21;4090,65340;4091,82000;UP
2026-06-26 19:02:00;M1;5;34;4090,55144;4089,83000;DOWN
2026-06-26 19:06:00;M1;5;89;4090,16664;4090,16000;DOWN
2026-06-26 19:13:00;M1;5;34;4091,18687;4091,26000;UP
2026-06-26 19:17:00;M1;5;89;4092,44329;4092,33000;DOWN
2026-06-26 19:30:00;M1;5;21;4091,34331;4092,43000;UP
2026-06-26 19:32:00;M1;5;34;4091,25006;4090,45000;DOWN
2026-06-26 19:53:00;M1;5;21;4085,23405;4085,40000;UP
2026-06-26 20:07:00;M1;5;34;4086,85204;4087,78000;UP
2026-06-26 20:11:00;M1;5;34;4086,21185;4084,47000;DOWN
2026-06-26 20:16:00;M1;5;21;4083,21445;4083,45000;UP
2026-06-26 20:21:00;M1;5;21;4083,03538;4082,30000;DOWN
2026-06-26 20:51:00;M1;5;21;4076,30850;4076,44000;UP
2026-06-26 20:56:00;M1;5;21;4075,07981;4074,57000;DOWN
2026-06-26 21:03:00;M1;5;21;4074,25926;4075,93000;UP
2026-06-26 21:16:00;M1;5;34;4074,62819;4074,36000;DOWN
2026-06-26 21:29:00;M1;5;21;4073,00474;4073,44000;UP
2026-06-26 21:40:00;M1;5;21;4072,72133;4072,53000;DOWN
2026-06-26 21:41:00;M1;5;21;4072,58625;4073,02000;UP
2026-06-26 21:45:00;M1;5;34;4071,86438;4070,54000;DOWN
2026-06-26 21:46:00;M1;5;21;4072,03472;4069,01000;DOWN
2026-06-26 22:11:00;M1;5;21;4066,86910;4067,11000;UP
2026-06-26 22:17:00;M1;5;55;4068,25565;4067,93000;DOWN
2026-06-26 22:21:00;M1;5;21;4065,86295;4066,32000;UP
2026-06-26 22:26:00;M1;5;34;4066,16616;4066,21000;UP
2026-06-26 22:51:00;M1;5;89;4070,22773;4071,01000;UP
2026-06-26 23:05:00;M1;5;21;4070,29561;4069,68000;DOWN
2026-06-26 23:06:00;M1;5;89;4068,60431;4067,98000;DOWN
2026-06-26 23:14:00;M1;5;34;4067,88255;4067,90000;UP
2026-06-26 23:11:00;M1;5;55;4065,59084;4065,17000;DOWN
2026-06-26 23:16:00;M1;5;55;4065,61632;4067,63000;UP
2026-06-26 23:16:00;M1;5;34;4067,98492;4067,63000;DOWN
2026-06-26 23:23:00;M1;5;21;4069,92148;4070,88000;UP
2026-06-26 23:31:00;M1;5;34;4069,06816;4068,68000;DOWN
2026-06-26 23:38:00;M1;5;21;4070,33174;4070,43000;UP
2026-06-26 23:42:00;M1;5;21;4070,28559;4070,01000;DOWN
2026-06-26 23:46:00;M1;5;21;4070,85934;4073,34000;UP
2026-06-29 01:01:00;M1;5;34;4074,52545;4074,27000;DOWN
2026-06-29 01:07:00;M1;5;21;4079,23218;4082,84000;UP
2026-06-29 01:15:00;M1;5;89;4067,50384;4065,70000;DOWN
2026-06-29 01:40:00;M1;5;21;4062,37523;4064,02000;UP
2026-06-29 01:48:00;M1;5;34;4065,78926;4068,21000;UP
2026-06-29 01:51:00;M1;5;89;4065,41759;4063,94000;DOWN
2026-06-29 01:56:00;M1;5;34;4064,33134;4068,64000;UP
2026-06-29 02:05:00;M1;5;55;4066,72070;4066,63000;DOWN
2026-06-29 02:06:00;M1;5;55;4066,56905;4068,57000;UP
2026-06-29 02:15:00;M1;5;89;4064,82417;4063,10000;DOWN
2026-06-29 02:39:00;M1;5;21;4060,10400;4060,61000;UP
2026-06-29 02:44:00;M1;5;55;4062,28854;4062,71000;UP
2026-06-29 02:48:00;M1;5;89;4062,79401;4062,66000;DOWN
2026-06-29 02:51:00;M1;5;89;4062,49479;4064,10000;UP
2026-06-29 03:00:00;M1;5;89;4062,23380;4059,43000;DOWN
2026-06-29 03:01:00;M1;5;21;4060,33655;4060,61000;UP
2026-06-29 03:06:00;M1;5;89;4061,74554;4055,85000;DOWN
2026-06-29 03:12:00;M1;5;34;4059,69247;4059,81000;UP
2026-06-29 03:17:00;M1;5;21;4059,92516;4060,04000;UP
2026-06-29 03:16:00;M1;5;55;4059,04158;4059,04000;DOWN
2026-06-29 03:21:00;M1;5;89;4060,74259;4055,13000;DOWN
2026-06-29 03:35:00;M1;5;21;4054,99838;4059,00000;UP
2026-06-29 03:36:00;M1;5;89;4059,02712;4060,20000;UP
2026-06-29 04:02:00;M1;5;34;4061,27439;4060,90000;DOWN
2026-06-29 04:06:00;M1;5;21;4066,22634;4073,49000;UP
2026-06-29 04:13:00;M1;5;89;4058,70761;4057,23000;DOWN
2026-06-29 04:20:00;M1;5;55;4059,31552;4059,79000;UP
2026-06-29 04:23:00;M1;5;34;4061,85685;4062,87000;UP
2026-06-29 04:26:00;M1;5;21;4062,92279;4064,65000;UP
2026-06-29 04:30:00;M1;5;89;4058,49916;4057,79000;DOWN
2026-06-29 04:35:00;M1;5;34;4061,51468;4062,83000;UP
2026-06-29 04:31:00;M1;5;21;4061,73372;4058,17000;DOWN
2026-06-29 04:36:00;M1;5;21;4060,83906;4063,33000;UP
2026-06-29 04:37:00;M1;5;34;4061,57773;4061,23000;DOWN
2026-06-29 04:41:00;M1;5;34;4061,82376;4066,64000;UP
2026-06-29 04:45:00;M1;5;55;4059,60411;4058,69000;DOWN
2026-06-29 04:48:00;M1;5;21;4060,12008;4062,10000;UP
2026-06-29 04:46:00;M1;5;89;4058,11980;4055,61000;DOWN
2026-06-29 04:51:00;M1;5;89;4058,12526;4058,21000;UP
2026-06-29 04:51:00;M1;5;55;4059,98862;4058,21000;DOWN
2026-06-29 04:56:00;M1;5;21;4060,32599;4061,92000;UP
2026-06-29 05:08:00;M1;5;55;4060,78938;4060,57000;DOWN
2026-06-29 05:11:00;M1;5;21;4062,09437;4065,46000;UP
2026-06-29 05:37:00;M1;5;55;4063,67972;4061,34000;DOWN
2026-06-29 05:43:00;M1;5;89;4060,45214;4060,45000;DOWN
2026-06-29 05:47:00;M1;5;21;4066,27620;4068,32000;UP
2026-06-29 05:51:00;M1;5;34;4065,57774;4065,01000;DOWN
2026-06-29 05:56:00;M1;5;21;4066,46397;4067,52000;UP
2026-06-29 06:02:00;M1;5;34;4066,20729;4066,12000;DOWN
2026-06-29 06:07:00;M1;5;21;4067,00848;4067,15000;UP
2026-06-29 06:11:00;M1;5;34;4067,21259;4066,58000;DOWN
2026-06-29 06:16:00;M1;5;21;4068,05487;4071,01000;UP
2026-06-29 06:35:00;M1;5;55;4068,24286;4067,67000;DOWN
2026-06-29 06:41:00;M1;5;55;4069,21994;4069,57000;UP
2026-06-29 06:46:00;M1;5;55;4069,54599;4067,47000;DOWN
2026-06-29 06:52:00;M1;5;21;4070,27630;4070,97000;UP
2026-06-29 06:56:00;M1;5;55;4070,05442;4068,25000;DOWN
2026-06-29 07:01:00;M1;5;89;4067,26076;4065,71000;DOWN
2026-06-29 07:06:00;M1;5;89;4067,55063;4067,68000;UP
2026-06-29 07:11:00;M1;5;89;4067,77792;4064,70000;DOWN
2026-06-29 07:27:00;M1;5;21;4065,10087;4065,96000;UP
2026-06-29 07:32:00;M1;5;21;4064,10667;4063,19000;DOWN
2026-06-29 08:03:00;M1;5;21;4053,41400;4053,64000;UP
2026-06-29 08:06:00;M1;5;34;4056,03807;4056,04000;UP
2026-06-29 08:08:00;M1;5;21;4052,12318;4051,72000;DOWN
2026-06-29 08:11:00;M1;5;21;4051,46799;4053,13000;UP
2026-06-29 08:11:00;M1;5;34;4054,80716;4053,13000;DOWN
2026-06-29 08:16:00;M1;5;34;4053,76724;4056,16000;UP
2026-06-29 08:23:00;M1;5;34;4052,70165;4050,42000;DOWN
2026-06-29 08:26:00;M1;5;21;4050,18157;4050,68000;UP
2026-06-29 08:31:00;M1;5;21;4049,05823;4045,38000;DOWN
2026-06-29 08:42:00;M1;5;21;4046,68797;4049,61000;UP
2026-06-29 08:46:00;M1;5;55;4051,46053;4052,18000;UP
2026-06-29 08:51:00;M1;5;55;4050,39612;4050,05000;DOWN
2026-06-29 08:56:00;M1;5;55;4049,57703;4054,27000;UP
2026-06-29 09:01:00;M1;5;89;4056,17510;4057,07000;UP
2026-06-29 09:21:00;M1;5;21;4058,71603;4058,60000;DOWN
2026-06-29 09:26:00;M1;5;21;4060,33064;4061,13000;UP
2026-06-29 09:31:00;M1;5;21;4061,15833;4059,80000;DOWN
2026-06-29 09:48:00;M1;5;21;4062,54873;4064,31000;UP
2026-06-29 09:52:00;M1;5;21;4063,06834;4063,02000;DOWN
2026-06-29 10:00:00;M1;5;34;4061,10252;4058,77000;DOWN
2026-06-29 10:24:00;M1;5;21;4061,87008;4062,65000;UP
2026-06-29 10:29:00;M1;5;34;4063,52177;4066,01000;UP
2026-06-29 10:26:00;M1;5;21;4062,25263;4061,20000;DOWN
2026-06-29 10:31:00;M1;5;21;4062,64994;4064,27000;UP
2026-06-29 10:33:00;M1;5;34;4063,77891;4063,70000;DOWN
2026-06-29 10:36:00;M1;5;21;4062,96894;4062,73000;DOWN
2026-06-29 10:42:00;M1;5;21;4063,14880;4064,44000;UP
2026-06-29 10:46:00;M1;5;34;4064,29533;4062,21000;DOWN
2026-06-29 10:51:00;M1;5;21;4063,69455;4067,88000;UP
2026-06-29 10:57:00;M1;5;55;4063,26418;4062,87000;DOWN
2026-06-29 11:05:00;M1;5;21;4063,83191;4064,53000;UP
2026-06-29 11:07:00;M1;5;55;4064,06926;4062,95000;DOWN
2026-06-29 11:11:00;M1;5;21;4063,83373;4064,14000;UP
2026-06-29 11:17:00;M1;5;34;4064,31531;4064,32000;UP
2026-06-29 11:20:00;M1;5;21;4063,85862;4062,46000;DOWN
2026-06-29 11:21:00;M1;5;34;4064,26920;4063,09000;DOWN
2026-06-29 11:30:00;M1;5;21;4063,45438;4064,94000;UP
2026-06-29 11:33:00;M1;5;55;4065,00099;4063,79000;DOWN
2026-06-29 11:38:00;M1;5;89;4060,72810;4060,71000;DOWN
2026-06-29 12:06:00;M1;5;21;4051,17329;4052,15000;UP
2026-06-29 12:13:00;M1;5;21;4049,56870;4049,19000;DOWN
2026-06-29 12:16:00;M1;5;21;4048,55856;4051,34000;UP
2026-06-29 12:25:00;M1;5;21;4047,56821;4046,01000;DOWN
2026-06-29 12:26:00;M1;5;21;4046,61877;4046,85000;UP
2026-06-29 12:31:00;M1;5;21;4045,71901;4044,99000;DOWN
2026-06-29 12:43:00;M1;5;21;4043,71198;4043,77000;UP
2026-06-29 12:47:00;M1;5;21;4042,55057;4042,30000;DOWN
2026-06-29 13:10:00;M1;5;21;4032,42882;4035,51000;UP
2026-06-29 13:11:00;M1;5;34;4034,16328;4034,49000;UP
2026-06-29 13:25:00;M1;5;55;4037,30322;4037,56000;UP
2026-06-29 13:32:00;M1;5;55;4034,70569;4034,09000;DOWN
2026-06-29 13:36:00;M1;5;55;4033,69185;4036,05000;UP
2026-06-29 14:01:00;M1;5;21;4035,84128;4035,70000;DOWN
2026-06-29 14:06:00;M1;5;21;4036,23404;4036,32000;UP
2026-06-29 14:11:00;M1;5;21;4036,22220;4035,09000;DOWN
2026-06-29 14:24:00;M1;5;55;4029,34969;4029,11000;DOWN
2026-06-29 14:29:00;M1;5;55;4029,03102;4032,00000;UP
2026-06-29 14:31:00;M1;5;21;4033,36634;4035,65000;UP
2026-06-29 14:36:00;M1;5;34;4032,65618;4032,33000;DOWN
2026-06-29 14:41:00;M1;5;21;4032,70878;4036,18000;UP
2026-06-29 15:19:00;M1;5;21;4044,18230;4043,55000;DOWN
2026-06-29 15:23:00;M1;5;34;4040,64963;4039,17000;DOWN
2026-06-29 15:35:00;M1;5;21;4045,34053;4045,39000;UP
2026-06-29 15:37:00;M1;5;21;4045,44751;4043,89000;DOWN
2026-06-29 15:41:00;M1;5;34;4043,47530;4041,87000;DOWN
2026-06-29 15:50:00;M1;5;21;4045,63188;4046,77000;UP
2026-06-29 15:54:00;M1;5;34;4044,87596;4044,36000;DOWN
2026-06-29 16:00:00;M1;5;21;4045,09187;4049,13000;UP
2026-06-29 16:09:00;M1;5;34;4046,74132;4046,11000;DOWN
2026-06-29 16:12:00;M1;5;21;4046,71538;4049,20000;UP
2026-06-29 16:16:00;M1;5;34;4047,86964;4047,26000;DOWN
2026-06-29 16:21:00;M1;5;55;4045,21023;4043,81000;DOWN
2026-06-29 16:37:00;M1;5;89;4038,33481;4035,77000;DOWN
2026-06-29 16:41:00;M1;5;89;4038,71107;4039,88000;UP
2026-06-29 16:46:00;M1;5;89;4038,96193;4036,70000;DOWN
2026-06-29 17:21:00;M1;5;21;4015,91677;4017,66000;UP
2026-06-29 17:26:00;M1;5;34;4022,58028;4026,53000;UP
2026-06-29 17:54:00;M1;5;55;4024,52412;4026,23000;UP
2026-06-29 18:03:00;M1;5;55;4022,30450;4022,25000;DOWN
2026-06-29 18:06:00;M1;5;55;4021,29342;4023,55000;UP
2026-06-29 18:13:00;M1;5;55;4020,35570;4019,95000;DOWN
2026-06-29 18:16:00;M1;5;21;4022,70539;4026,60000;UP
2026-06-29 18:21:00;M1;5;89;4026,18897;4021,19000;DOWN
2026-06-29 18:29:00;M1;5;21;4022,10060;4024,23000;UP
2026-06-29 18:33:00;M1;5;89;4024,79387;4023,89000;DOWN
2026-06-29 18:39:00;M1;5;21;4022,32560;4022,75000;UP
2026-06-29 18:37:00;M1;5;34;4019,20794;4018,85000;DOWN
2026-06-29 18:41:00;M1;5;34;4019,85440;4023,09000;UP
2026-06-29 18:42:00;M1;5;21;4022,43919;4022,32000;DOWN
2026-06-29 18:46:00;M1;5;21;4022,89411;4023,11000;UP
2026-06-29 19:05:00;M1;5;21;4025,70434;4024,39000;DOWN
2026-06-29 19:09:00;M1;5;21;4026,54985;4027,33000;UP
2026-06-29 19:14:00;M1;5;34;4024,72519;4023,67000;DOWN
2026-06-29 19:19:00;M1;5;34;4025,17318;4025,61000;UP
2026-06-29 19:21:00;M1;5;34;4025,54168;4025,00000;DOWN
2026-06-29 19:32:00;M1;5;89;4020,16432;4018,92000;DOWN
2026-06-29 19:40:00;M1;5;55;4021,20307;4021,87000;UP
2026-06-29 19:41:00;M1;5;55;4021,35534;4021,11000;DOWN
2026-06-29 19:47:00;M1;5;21;4022,73319;4024,27000;UP
2026-06-29 19:58:00;M1;5;34;4024,47382;4024,13000;DOWN
2026-06-29 20:04:00;M1;5;34;4024,47708;4025,32000;UP
2026-06-29 20:25:00;M1;5;34;4026,27523;4024,73000;DOWN
2026-06-29 20:28:00;M1;5;34;4026,50704;4026,57000;UP
2026-06-29 20:26:00;M1;5;55;4025,05905;4023,81000;DOWN
2026-06-29 20:31:00;M1;5;34;4026,49718;4022,00000;DOWN
2026-06-29 20:50:00;M1;5;89;4020,96182;4020,44000;DOWN
2026-06-29 20:53:00;M1;5;89;4021,08348;4021,72000;UP
2026-06-29 20:56:00;M1;5;89;4021,15472;4020,95000;DOWN
2026-06-29 21:01:00;M1;5;21;4021,83428;4022,24000;UP
2026-06-29 21:13:00;M1;5;34;4023,37700;4023,98000;UP
2026-06-29 21:18:00;M1;5;55;4024,20099;4024,77000;UP
2026-06-29 21:16:00;M1;5;34;4023,18149;4022,81000;DOWN
2026-06-29 21:21:00;M1;5;34;4023,06467;4023,76000;UP
2026-06-29 21:21:00;M1;5;55;4024,09787;4023,76000;DOWN
2026-06-29 21:28:00;M1;5;89;4021,58957;4020,85000;DOWN
2026-06-29 22:21:00;M1;5;21;4008,80412;4010,55000;UP
2026-06-29 22:27:00;M1;5;55;4015,15813;4015,69000;UP
2026-06-29 22:32:00;M1;5;89;4017,33842;4017,28000;DOWN
2026-06-29 22:36:00;M1;5;89;4016,90670;4017,88000;UP
2026-06-29 22:48:00;M1;5;89;4016,24311;4016,12000;DOWN
2026-06-29 22:51:00;M1;5;21;4014,30258;4013,89000;DOWN
2026-06-29 22:58:00;M1;5;21;4015,06832;4015,91000;UP
2026-06-29 23:01:00;M1;5;89;4015,43098;4015,08000;DOWN
2026-06-29 23:15:00;M1;5;89;4014,91557;4015,82000;UP
2026-06-29 23:16:00;M1;5;21;4015,88666;4016,01000;UP
2026-06-29 23:31:00;M1;5;21;4016,46675;4016,26000;DOWN
2026-06-29 23:36:00;M1;5;34;4015,35382;4015,21000;DOWN
2026-06-29 23:45:00;M1;5;34;4015,69022;4015,78000;UP
2026-06-29 23:46:00;M1;5;34;4015,84566;4015,27000;DOWN
2026-06-29 23:52:00;M1;5;21;4016,23077;4016,61000;UP
2026-06-29 23:57:00;M1;5;21;4016,23133;4016,22000;DOWN
2026-06-30 01:01:00;M1;5;21;4016,50245;4020,48000;UP
2026-06-30 01:17:00;M1;5;21;4018,50219;4018,35000;DOWN
2026-06-30 01:23:00;M1;5;34;4018,14975;4017,56000;DOWN
2026-06-30 01:30:00;M1;5;55;4015,97296;4014,82000;DOWN
2026-06-30 01:34:00;M1;5;89;4013,83851;4013,69000;DOWN
2026-06-30 01:43:00;M1;5;89;4013,75615;4013,87000;UP
2026-06-30 01:46:00;M1;5;89;4013,65637;4012,49000;DOWN
2026-06-30 01:51:00;M1;5;21;4013,95322;4014,26000;UP
2026-06-30 01:57:00;M1;5;34;4015,42465;4015,61000;UP
2026-06-30 02:25:00;M1;5;21;4017,85390;4017,65000;DOWN
2026-06-30 02:26:00;M1;5;55;4016,87670;4016,38000;DOWN
2026-06-30 02:31:00;M1;5;21;4019,22739;4020,27000;UP
2026-06-30 02:40:00;M1;5;55;4017,41155;4016,19000;DOWN
2026-06-30 02:42:00;M1;5;89;4015,15040;4013,63000;DOWN
2026-06-30 02:50:00;M1;5;34;4017,70534;4017,86000;UP
2026-06-30 02:52:00;M1;5;89;4015,53646;4015,26000;DOWN
2026-06-30 03:12:00;M1;5;21;4011,50530;4012,67000;UP
2026-06-30 03:16:00;M1;5;21;4009,37673;4008,67000;DOWN
2026-06-30 03:21:00;M1;5;21;4007,70663;4007,71000;UP
2026-06-30 03:27:00;M1;5;21;4006,30243;4005,93000;DOWN
2026-06-30 04:19:00;M1;5;21;3969,41559;3970,58000;UP
2026-06-30 04:27:00;M1;5;34;3971,92456;3974,02000;UP
2026-06-30 04:40:00;M1;5;34;3967,64957;3967,64000;DOWN
2026-06-30 04:41:00;M1;5;34;3965,87645;3969,38000;UP
2026-06-30 04:48:00;M1;5;34;3963,90409;3963,80000;DOWN
2026-06-30 04:51:00;M1;5;21;3962,47707;3964,68000;UP
2026-06-30 04:57:00;M1;5;55;3968,31366;3969,32000;UP
2026-06-30 05:07:00;M1;5;55;3964,00061;3963,58000;DOWN
2026-06-30 05:18:00;M1;5;21;3960,85424;3961,49000;UP
2026-06-30 05:21:00;M1;5;55;3958,00843;3956,73000;DOWN
2026-06-30 05:26:00;M1;5;21;3959,26311;3961,44000;UP
2026-06-30 05:31:00;M1;5;21;3958,76667;3956,86000;DOWN
2026-06-30 05:38:00;M1;5;21;3958,68915;3962,22000;UP
2026-06-30 05:36:00;M1;5;34;3955,85938;3955,74000;DOWN
2026-06-30 05:41:00;M1;5;34;3955,87856;3960,47000;UP
2026-06-30 05:48:00;M1;5;89;3962,48772;3963,57000;UP
2026-06-30 06:24:00;M1;5;21;3967,41686;3966,07000;DOWN
2026-06-30 06:30:00;M1;5;34;3963,34463;3962,39000;DOWN
2026-06-30 06:36:00;M1;5;34;3964,36238;3964,79000;UP
2026-06-30 06:41:00;M1;5;34;3964,61660;3963,39000;DOWN
2026-06-30 06:46:00;M1;5;21;3966,08685;3966,84000;UP
2026-06-30 07:45:00;M1;5;21;3987,69270;3986,22000;DOWN
2026-06-30 07:57:00;M1;5;34;3987,68853;3986,22000;DOWN
2026-06-30 08:15:00;M1;5;55;3984,64764;3983,76000;DOWN
2026-06-30 08:41:00;M1;5;21;3981,56411;3983,17000;UP
2026-06-30 08:47:00;M1;5;21;3980,18366;3979,29000;DOWN
2026-06-30 08:52:00;M1;5;21;3979,27614;3980,70000;UP
2026-06-30 08:59:00;M1;5;89;3978,19125;3977,90000;DOWN
2026-06-30 09:01:00;M1;5;21;3978,38797;3982,39000;UP
2026-06-30 09:22:00;M1;5;55;3989,05999;3994,56000;UP
2026-06-30 09:52:00;M1;5;21;4029,21186;4028,75000;DOWN
2026-06-30 10:11:00;M1;5;34;4029,78562;4025,56000;DOWN
2026-06-30 10:31:00;M1;5;55;4027,91693;4026,26000;DOWN
2026-06-30 10:57:00;M1;5;21;4031,53889;4032,17000;UP
2026-06-30 11:08:00;M1;5;89;4030,18599;4027,68000;DOWN
2026-06-30 11:29:00;M1;5;21;4025,86919;4025,93000;UP
2026-06-30 11:34:00;M1;5;21;4024,60494;4023,28000;DOWN
2026-06-30 11:56:00;M1;5;21;4016,37753;4016,64000;UP
2026-06-30 12:06:00;M1;5;34;4018,76503;4020,32000;UP
2026-06-30 12:31:00;M1;5;34;4015,20858;4013,74000;DOWN
2026-06-30 12:39:00;M1;5;21;4015,66926;4015,82000;UP
2026-06-30 12:51:00;M1;5;55;4019,78344;4020,32000;UP
2026-06-30 13:19:00;M1;5;21;4024,29528;4023,96000;DOWN
2026-06-30 13:22:00;M1;5;21;4025,46846;4025,64000;UP
2026-06-30 13:26:00;M1;5;21;4026,71365;4026,22000;DOWN
2026-06-30 13:43:00;M1;5;21;4029,01969;4029,38000;UP
2026-06-30 13:46:00;M1;5;89;4029,21662;4029,50000;UP
2026-06-30 13:48:00;M1;5;21;4029,39369;4029,39000;DOWN
2026-06-30 13:55:00;M1;5;21;4029,71875;4029,81000;UP
2026-06-30 13:53:00;M1;5;89;4029,04360;4028,41000;DOWN
2026-06-30 13:56:00;M1;5;89;4028,92225;4029,48000;UP
2026-06-30 14:00:00;M1;5;34;4028,77838;4027,20000;DOWN
2026-06-30 14:05:00;M1;5;21;4030,29379;4030,61000;UP
2026-06-30 14:01:00;M1;5;89;4028,82976;4027,14000;DOWN
2026-06-30 14:06:00;M1;5;89;4028,79265;4030,62000;UP
2026-06-30 14:06:00;M1;5;21;4030,63725;4030,62000;DOWN
2026-06-30 14:12:00;M1;5;21;4031,25235;4032,15000;UP
2026-06-30 14:11:00;M1;5;34;4031,02657;4030,98000;DOWN
2026-06-30 14:16:00;M1;5;21;4031,67635;4031,29000;DOWN
2026-06-30 14:21:00;M1;5;21;4032,01210;4032,20000;UP
2026-06-30 14:26:00;M1;5;34;4032,56258;4031,24000;DOWN
2026-06-30 14:40:00;M1;5;21;4032,47190;4032,73000;UP
2026-06-30 14:36:00;M1;5;89;4029,51046;4028,75000;DOWN
2026-06-30 14:41:00;M1;5;34;4033,38692;4034,19000;UP
2026-06-30 14:50:00;M1;5;55;4031,87686;4031,56000;DOWN
2026-06-30 14:53:00;M1;5;55;4032,51089;4032,99000;UP
2026-06-30 14:56:00;M1;5;21;4033,52035;4033,53000;UP
2026-06-30 14:57:00;M1;5;55;4033,11419;4033,02000;DOWN
2026-06-30 15:01:00;M1;5;21;4033,47303;4032,67000;DOWN
2026-06-30 15:06:00;M1;5;89;4031,24848;4030,79000;DOWN
2026-06-30 15:41:00;M1;5;21;4017,47009;4017,69000;UP
2026-06-30 15:46:00;M1;5;21;4015,60412;4015,36000;DOWN
2026-06-30 15:51:00;M1;5;21;4013,98229;4014,50000;UP
2026-06-30 15:56:00;M1;5;21;4012,20838;4011,19000;DOWN
2026-06-30 16:01:00;M1;5;21;4011,18882;4015,37000;UP
2026-06-30 16:09:00;M1;5;55;4022,42729;4023,44000;UP
2026-06-30 16:18:00;M1;5;89;4025,53722;4028,00000;UP
2026-06-30 16:23:00;M1;5;89;4025,15751;4023,25000;DOWN
2026-06-30 16:26:00;M1;5;55;4020,09726;4021,52000;UP
2026-06-30 16:31:00;M1;5;89;4024,55689;4021,96000;DOWN
2026-06-30 16:36:00;M1;5;55;4019,32333;4014,16000;DOWN
2026-06-30 16:43:00;M1;5;21;4022,30594;4023,34000;UP
2026-06-30 17:03:00;M1;5;21;4026,46052;4026,38000;DOWN
2026-06-30 17:06:00;M1;5;21;4028,96840;4028,97000;UP
2026-06-30 17:33:00;M1;5;21;4053,86101;4052,78000;DOWN
2026-06-30 17:38:00;M1;5;34;4046,68381;4045,80000;DOWN
2026-06-30 17:41:00;M1;5;34;4049,57252;4050,21000;UP
2026-06-30 17:46:00;M1;5;34;4051,58439;4045,00000;DOWN
2026-06-30 17:56:00;M1;5;55;4043,35582;4042,43000;DOWN
2026-06-30 18:01:00;M1;5;89;4036,17478;4035,84000;DOWN
2026-06-30 18:06:00;M1;5;89;4036,86086;4037,99000;UP
2026-06-30 18:11:00;M1;5;89;4037,41461;4034,58000;DOWN
2026-06-30 18:31:00;M1;5;21;4027,40989;4028,60000;UP
2026-06-30 18:46:00;M1;5;34;4033,56122;4033,72000;UP
2026-06-30 18:57:00;M1;5;34;4030,52346;4030,15000;DOWN
2026-06-30 19:01:00;M1;5;34;4029,16940;4029,44000;UP
2026-06-30 19:04:00;M1;5;21;4027,20165;4027,13000;DOWN
2026-06-30 19:06:00;M1;5;21;4027,32904;4028,85000;UP
2026-06-30 19:07:00;M1;5;34;4027,91934;4027,68000;DOWN
2026-06-30 19:11:00;M1;5;34;4026,96523;4027,51000;UP
2026-06-30 19:11:00;M1;5;21;4027,55832;4027,51000;DOWN
2026-06-30 19:16:00;M1;5;21;4027,93172;4029,94000;UP
2026-06-30 19:36:00;M1;5;21;4028,98015;4027,97000;DOWN
2026-06-30 19:42:00;M1;5;21;4029,35230;4031,42000;UP
2026-06-30 19:55:00;M1;5;55;4029,60898;4028,81000;DOWN
2026-06-30 19:56:00;M1;5;55;4029,00522;4029,51000;UP
2026-06-30 19:58:00;M1;5;34;4027,83771;4026,43000;DOWN
2026-06-30 20:01:00;M1;5;55;4028,42973;4026,72000;DOWN
2026-06-30 20:17:00;M1;5;21;4025,97759;4026,75000;UP
2026-06-30 20:21:00;M1;5;55;4025,87053;4025,37000;DOWN
2026-06-30 20:28:00;M1;5;21;4024,19265;4025,09000;UP
2026-06-30 20:46:00;M1;5;89;4030,02973;4030,23000;UP
2026-06-30 21:16:00;M1;5;21;4032,75723;4030,97000;DOWN
2026-06-30 21:27:00;M1;5;34;4030,72155;4030,65000;DOWN
2026-06-30 21:41:00;M1;5;55;4028,71586;4028,65000;DOWN
2026-06-30 21:50:00;M1;5;21;4032,02778;4032,03000;UP
2026-06-30 21:52:00;M1;5;21;4031,78678;4031,42000;DOWN
2026-06-30 21:59:00;M1;5;55;4029,69809;4028,46000;DOWN
2026-06-30 22:03:00;M1;5;89;4028,41930;4027,57000;DOWN
2026-06-30 22:31:00;M1;5;21;4022,04944;4022,66000;UP
2026-06-30 22:50:00;M1;5;21;4019,68772;4018,70000;DOWN
2026-06-30 23:01:00;M1;5;21;4016,86982;4016,90000;UP
2026-06-30 23:20:00;M1;5;34;4016,75624;4016,32000;DOWN
2026-06-30 23:21:00;M1;5;21;4016,27269;4016,43000;UP
2026-06-30 23:26:00;M1;5;34;4015,48130;4014,01000;DOWN
2026-06-30 23:51:00;M1;5;21;4010,25152;4011,46000;UP
2026-06-30 23:56:00;M1;5;34;4010,08780;4007,53000;DOWN
2026-07-01 01:01:00;M1;5;21;4008,66488;4012,11000;UP
2026-07-01 01:07:00;M1;5;89;4015,66981;4015,92000;UP
2026-07-01 01:13:00;M1;5;89;4015,05138;4014,35000;DOWN
2026-07-01 01:16:00;M1;5;89;4014,49182;4014,92000;UP
2026-07-01 01:21:00;M1;5;89;4013,96570;4012,57000;DOWN
2026-07-01 01:29:00;M1;5;89;4013,48015;4013,84000;UP
2026-07-01 01:26:00;M1;5;21;4012,77377;4012,64000;DOWN
2026-07-01 01:31:00;M1;5;21;4013,51555;4013,75000;UP
2026-07-01 01:44:00;M1;5;21;4014,97153;4014,13000;DOWN
2026-07-01 01:50:00;M1;5;89;4012,01477;4011,91000;DOWN
2026-07-01 01:55:00;M1;5;34;4012,44741;4012,50000;UP
2026-07-01 02:00:00;M1;5;89;4011,33332;4011,12000;DOWN
2026-07-01 02:05:00;M1;5;21;4014,04781;4014,72000;UP
2026-07-01 02:14:00;M1;5;21;4014,23702;4014,07000;DOWN
2026-07-01 02:16:00;M1;5;21;4014,09499;4014,84000;UP
2026-07-01 02:20:00;M1;5;89;4010,32321;4010,26000;DOWN
2026-07-01 02:22:00;M1;5;55;4010,50746;4010,69000;UP
2026-07-01 02:21:00;M1;5;21;4013,51486;4009,16000;DOWN
2026-07-01 02:26:00;M1;5;89;4009,82936;4008,52000;DOWN
2026-07-01 02:33:00;M1;5;55;4010,61765;4011,57000;UP
2026-07-01 02:36:00;M1;5;55;4010,62314;4009,52000;DOWN
2026-07-01 02:45:00;M1;5;89;4009,11426;4008,58000;DOWN
2026-07-01 02:51:00;M1;5;89;4008,53507;4008,54000;UP
2026-07-01 02:56:00;M1;5;89;4008,20182;4006,02000;DOWN
2026-07-01 03:03:00;M1;5;21;4006,83344;4007,77000;UP
2026-07-01 03:10:00;M1;5;89;4007,53982;4008,18000;UP
2026-07-01 03:07:00;M1;5;21;4006,17894;4005,85000;DOWN
2026-07-01 03:11:00;M1;5;21;4005,90650;4008,10000;UP
2026-07-01 03:15:00;M1;5;89;4007,23877;4006,74000;DOWN
2026-07-01 03:16:00;M1;5;89;4006,88430;4007,40000;UP
2026-07-01 03:16:00;M1;5;55;4008,37637;4007,40000;DOWN
2026-07-01 03:21:00;M1;5;21;4004,66890;4005,86000;UP
2026-07-01 03:21:00;M1;5;89;4006,53071;4005,86000;DOWN
2026-07-01 03:26:00;M1;5;21;4003,81339;4001,77000;DOWN
2026-07-01 03:33:00;M1;5;21;4003,03518;4003,51000;UP
2026-07-01 03:39:00;M1;5;21;4002,25113;4001,08000;DOWN
2026-07-01 03:51:00;M1;5;21;3997,53182;3997,90000;UP
2026-07-01 03:57:00;M1;5;34;3998,33600;3998,68000;UP
2026-07-01 04:01:00;M1;5;34;3996,81206;3996,33000;DOWN
2026-07-01 04:22:00;M1;5;21;3983,51506;3983,80000;UP
2026-07-01 04:30:00;M1;5;34;3986,24564;3986,70000;UP
2026-07-01 04:31:00;M1;5;34;3984,24746;3983,53000;DOWN
2026-07-01 04:36:00;M1;5;21;3978,21741;3979,80000;UP
2026-07-01 04:41:00;M1;5;21;3976,61338;3975,37000;DOWN
2026-07-01 04:46:00;M1;5;21;3975,39243;3980,57000;UP
2026-07-01 04:52:00;M1;5;34;3976,70219;3975,38000;DOWN
2026-07-01 04:56:00;M1;5;34;3975,30910;3978,35000;UP
2026-07-01 05:05:00;M1;5;34;3974,04686;3970,77000;DOWN
2026-07-01 05:10:00;M1;5;21;3972,87299;3972,95000;UP
2026-07-01 05:13:00;M1;5;55;3975,67590;3976,32000;UP
2026-07-01 05:22:00;M1;5;89;3980,83315;3981,25000;UP
2026-07-01 05:52:00;M1;5;21;3982,35397;3980,90000;DOWN
2026-07-01 06:06:00;M1;5;21;3982,97796;3983,38000;UP
2026-07-01 06:20:00;M1;5;21;3983,62446;3983,31000;DOWN
2026-07-01 06:21:00;M1;5;34;3981,69354;3981,13000;DOWN
2026-07-01 06:41:00;M1;5;21;3981,23179;3981,53000;UP
2026-07-01 06:46:00;M1;5;21;3980,24899;3979,38000;DOWN
2026-07-01 06:56:00;M1;5;21;3978,64273;3978,99000;UP
2026-07-01 07:02:00;M1;5;55;3977,43214;3975,73000;DOWN
2026-07-01 07:14:00;M1;5;21;3976,31491;3976,34000;UP
2026-07-01 07:17:00;M1;5;21;3975,73476;3975,32000;DOWN
2026-07-01 07:21:00;M1;5;21;3975,45485;3976,33000;UP
2026-07-01 07:26:00;M1;5;34;3977,05315;3977,72000;UP
2026-07-01 07:36:00;M1;5;55;3977,05950;3975,68000;DOWN
2026-07-01 07:46:00;M1;5;21;3975,46870;3975,63000;UP
2026-07-01 07:59:00;M1;5;55;3976,58839;3976,57000;DOWN
2026-07-01 08:01:00;M1;5;34;3975,64763;3975,58000;DOWN
2026-07-01 08:11:00;M1;5;89;3971,94454;3971,36000;DOWN
2026-07-01 08:17:00;M1;5;89;3971,94174;3971,96000;UP
2026-07-01 08:23:00;M1;5;21;3973,72160;3973,94000;UP
2026-07-01 08:26:00;M1;5;34;3973,66265;3972,89000;DOWN
2026-07-01 08:31:00;M1;5;21;3973,11642;3974,85000;UP
2026-07-01 08:37:00;M1;5;55;3974,01465;3973,67000;DOWN
2026-07-01 08:42:00;M1;5;55;3973,83157;3974,79000;UP
2026-07-01 08:41:00;M1;5;34;3973,61692;3972,94000;DOWN
2026-07-01 08:46:00;M1;5;21;3973,66934;3976,19000;UP
2026-07-01 08:59:00;M1;5;21;3974,12818;3973,94000;DOWN
2026-07-01 09:01:00;M1;5;21;3974,35211;3975,34000;UP
2026-07-01 09:05:00;M1;5;89;3972,02203;3969,93000;DOWN
2026-07-01 09:06:00;M1;5;21;3973,68906;3969,91000;DOWN
2026-07-01 09:22:00;M1;5;21;3969,03215;3969,35000;UP
2026-07-01 09:26:00;M1;5;21;3967,83925;3967,72000;DOWN
2026-07-01 09:36:00;M1;5;21;3965,81949;3966,25000;UP
2026-07-01 09:41:00;M1;5;34;3967,77519;3968,86000;UP
2026-07-01 10:02:00;M1;5;89;3968,66098;3966,60000;DOWN
2026-07-01 10:19:00;M1;5;21;3967,15094;3970,24000;UP
2026-07-01 10:29:00;M1;5;89;3967,26336;3964,26000;DOWN
2026-07-01 10:36:00;M1;5;21;3965,43709;3967,88000;UP
2026-07-01 11:03:00;M1;5;21;3970,82286;3970,75000;DOWN
2026-07-01 11:06:00;M1;5;21;3971,86884;3972,39000;UP
2026-07-01 11:11:00;M1;5;21;3972,88777;3969,98000;DOWN
2026-07-01 11:16:00;M1;5;21;3974,72275;3978,70000;UP
2026-07-01 11:31:00;M1;5;21;3979,60994;3978,10000;DOWN
2026-07-01 11:36:00;M1;5;34;3976,44887;3973,97000;DOWN
2026-07-01 11:42:00;M1;5;34;3977,20458;3977,63000;UP
2026-07-01 11:46:00;M1;5;34;3977,70676;3977,19000;DOWN
2026-07-01 11:57:00;M1;5;55;3974,55817;3973,71000;DOWN
2026-07-01 12:01:00;M1;5;55;3975,03290;3975,53000;UP
2026-07-01 12:06:00;M1;5;55;3975,41974;3974,65000;DOWN
2026-07-01 12:13:00;M1;5;21;3975,85641;3976,41000;UP
2026-07-01 12:18:00;M1;5;34;3978,13861;3979,45000;UP
2026-07-01 12:21:00;M1;5;34;3978,12341;3977,28000;DOWN
2026-07-01 12:27:00;M1;5;34;3978,21634;3978,56000;UP
2026-07-01 13:10:00;M1;5;21;3986,82282;3986,26000;DOWN
2026-07-01 13:15:00;M1;5;55;3983,61999;3983,46000;DOWN
2026-07-01 13:24:00;M1;5;55;3984,76164;3985,00000;UP
2026-07-01 13:30:00;M1;5;21;3987,46420;3988,72000;UP
2026-07-01 13:26:00;M1;5;55;3985,28764;3984,59000;DOWN
2026-07-01 13:31:00;M1;5;55;3985,90584;3988,71000;UP
2026-07-01 13:43:00;M1;5;55;3987,16819;3986,99000;DOWN
2026-07-01 13:47:00;M1;5;21;3989,60264;3990,39000;UP
2026-07-01 14:33:00;M1;5;21;4025,55822;4023,55000;DOWN
2026-07-01 14:56:00;M1;5;34;4032,58562;4030,49000;DOWN
2026-07-01 15:04:00;M1;5;55;4024,83669;4024,18000;DOWN
2026-07-01 15:26:00;M1;5;21;4029,53285;4029,97000;UP
2026-07-01 15:35:00;M1;5;21;4028,79250;4028,69000;DOWN
2026-07-01 15:38:00;M1;5;89;4025,76176;4024,62000;DOWN
2026-07-01 15:41:00;M1;5;21;4026,83728;4029,41000;UP
2026-07-01 15:46:00;M1;5;89;4028,62448;4026,94000;DOWN
2026-07-01 15:51:00;M1;5;21;4025,95610;4028,68000;UP
2026-07-01 15:57:00;M1;5;21;4025,52856;4024,48000;DOWN
2026-07-01 16:15:00;M1;5;21;4022,31929;4023,94000;UP
2026-07-01 16:17:00;M1;5;34;4025,93691;4030,05000;UP
2026-07-01 16:22:00;M1;5;55;4036,12632;4038,56000;UP
2026-07-01 17:01:00;M1;5;21;4094,93541;4088,72000;DOWN
2026-07-01 17:26:00;M1;5;34;4101,69219;4098,28000;DOWN
2026-07-01 17:35:00;M1;5;21;4112,54702;4112,80000;UP
2026-07-01 17:37:00;M1;5;34;4111,54170;4109,82000;DOWN
2026-07-01 17:42:00;M1;5;55;4096,79952;4096,03000;DOWN
2026-07-01 17:51:00;M1;5;89;4089,42408;4088,88000;DOWN
2026-07-01 17:56:00;M1;5;89;4091,97431;4092,33000;UP
2026-07-01 18:01:00;M1;5;89;4094,26641;4090,25000;DOWN
2026-07-01 18:17:00;M1;5;21;4088,71847;4091,15000;UP
2026-07-01 18:22:00;M1;5;21;4085,53884;4084,15000;DOWN
2026-07-01 18:28:00;M1;5;21;4083,19234;4083,23000;UP
2026-07-01 18:33:00;M1;5;21;4081,03097;4078,94000;DOWN
2026-07-01 18:38:00;M1;5;21;4079,39636;4080,65000;UP
2026-07-01 18:51:00;M1;5;34;4085,03130;4086,18000;UP
2026-07-01 18:56:00;M1;5;34;4083,17104;4081,14000;DOWN
2026-07-01 19:01:00;M1;5;34;4081,84560;4084,44000;UP
2026-07-01 19:18:00;M1;5;21;4082,02232;4081,79000;DOWN
2026-07-01 19:21:00;M1;5;21;4082,50441;4083,26000;UP
2026-07-01 19:29:00;M1;5;21;4082,64289;4081,42000;DOWN
2026-07-01 19:32:00;M1;5;34;4079,32450;4077,66000;DOWN
2026-07-01 19:37:00;M1;5;34;4078,89016;4079,17000;UP
2026-07-01 19:41:00;M1;5;34;4078,25503;4075,57000;DOWN
2026-07-01 20:01:00;M1;5;21;4072,26497;4072,35000;UP
2026-07-01 20:06:00;M1;5;21;4070,60295;4068,51000;DOWN
2026-07-01 20:12:00;M1;5;21;4069,36820;4069,93000;UP
2026-07-01 20:18:00;M1;5;21;4068,45339;4067,89000;DOWN
2026-07-01 20:21:00;M1;5;21;4067,88398;4069,49000;UP
2026-07-01 20:28:00;M1;5;34;4069,45629;4068,44000;DOWN
2026-07-01 20:31:00;M1;5;34;4068,67574;4070,58000;UP
2026-07-01 20:37:00;M1;5;55;4070,82535;4071,14000;UP
2026-07-01 20:55:00;M1;5;55;4068,50185;4068,13000;DOWN
2026-07-01 20:56:00;M1;5;21;4068,97764;4069,14000;UP
2026-07-01 21:02:00;M1;5;21;4069,13190;4069,13000;DOWN
2026-07-01 21:13:00;M1;5;21;4068,92969;4069,49000;UP
2026-07-01 21:18:00;M1;5;55;4065,90599;4065,76000;DOWN
2026-07-01 21:22:00;M1;5;55;4065,43478;4066,00000;UP
2026-07-01 21:26:00;M1;5;55;4064,86242;4064,05000;DOWN
2026-07-01 21:33:00;M1;5;21;4065,42875;4065,95000;UP
2026-07-01 21:36:00;M1;5;55;4063,78349;4063,25000;DOWN
2026-07-01 21:46:00;M1;5;21;4062,46122;4063,01000;UP
2026-07-01 21:51:00;M1;5;55;4062,15798;4059,54000;DOWN
2026-07-01 21:56:00;M1;5;21;4060,37501;4060,79000;UP
2026-07-01 22:08:00;M1;5;89;4066,85940;4067,34000;UP
2026-07-01 22:11:00;M1;5;89;4066,03960;4064,97000;DOWN
2026-07-01 22:19:00;M1;5;34;4061,76643;4061,47000;DOWN
2026-07-01 22:21:00;M1;5;55;4060,69854;4060,13000;DOWN
2026-07-01 23:14:00;M1;5;21;4035,38637;4035,54000;UP
2026-07-01 23:26:00;M1;5;34;4036,04213;4037,92000;UP
2026-07-01 23:56:00;M1;5;21;4030,87462;4030,66000;DOWN
2026-07-02 01:01:00;M1;5;21;4031,64237;4035,23000;UP
2026-07-02 01:09:00;M1;5;89;4036,40514;4035,58000;DOWN
2026-07-02 01:11:00;M1;5;89;4035,35413;4037,47000;UP
2026-07-02 02:02:00;M1;5;21;4043,49225;4043,23000;DOWN
2026-07-02 02:12:00;M1;5;34;4041,26283;4040,91000;DOWN
2026-07-02 02:27:00;M1;5;55;4035,00818;4034,82000;DOWN
2026-07-02 02:33:00;M1;5;21;4039,84115;4039,97000;UP
2026-07-02 02:39:00;M1;5;55;4035,79959;4035,11000;DOWN
2026-07-02 02:41:00;M1;5;55;4036,03712;4036,08000;UP
2026-07-02 02:46:00;M1;5;55;4036,17264;4034,42000;DOWN
2026-07-02 02:52:00;M1;5;21;4035,14325;4035,18000;UP
2026-07-02 02:56:00;M1;5;55;4036,34957;4036,11000;DOWN
2026-07-02 03:02:00;M1;5;21;4033,85698;4035,21000;UP
2026-07-02 03:06:00;M1;5;34;4036,61233;4036,92000;UP
2026-07-02 03:37:00;M1;5;21;4044,36991;4043,46000;DOWN
2026-07-02 03:42:00;M1;5;55;4040,03834;4038,15000;DOWN
2026-07-02 03:49:00;M1;5;21;4045,97979;4050,54000;UP
2026-07-02 04:17:00;M1;5;21;4062,19376;4060,52000;DOWN
2026-07-02 04:21:00;M1;5;34;4057,86736;4055,83000;DOWN
2026-07-02 04:27:00;M1;5;55;4052,35298;4051,27000;DOWN
2026-07-02 04:52:00;M1;5;21;4054,09406;4054,64000;UP
2026-07-02 04:58:00;M1;5;21;4052,41613;4050,03000;DOWN
2026-07-02 05:01:00;M1;5;89;4049,46402;4047,37000;DOWN
2026-07-02 05:14:00;M1;5;21;4047,43278;4048,07000;UP
2026-07-02 05:18:00;M1;5;34;4053,52496;4053,83000;UP
2026-07-02 05:16:00;M1;5;89;4050,69600;4050,64000;DOWN
2026-07-02 05:21:00;M1;5;89;4051,09029;4054,07000;UP
2026-07-02 05:22:00;M1;5;34;4052,57344;4051,34000;DOWN
2026-07-02 05:27:00;M1;5;34;4051,77540;4051,86000;UP
2026-07-02 05:26:00;M1;5;89;4051,47964;4050,94000;DOWN
2026-07-02 05:32:00;M1;5;89;4051,84138;4052,37000;UP
2026-07-02 05:31:00;M1;5;34;4051,07366;4049,66000;DOWN
2026-07-02 05:36:00;M1;5;34;4050,50616;4051,14000;UP
2026-07-02 05:36:00;M1;5;89;4052,19158;4051,14000;DOWN
2026-07-02 05:42:00;M1;5;55;4055,33671;4055,36000;UP
2026-07-02 05:47:00;M1;5;55;4055,36446;4055,32000;DOWN
2026-07-02 05:51:00;M1;5;55;4055,47027;4057,97000;UP
2026-07-02 06:09:00;M1;5;55;4055,94374;4055,77000;DOWN
2026-07-02 06:15:00;M1;5;21;4057,95154;4059,84000;UP
2026-07-02 06:23:00;M1;5;21;4059,57416;4058,72000;DOWN
2026-07-02 06:26:00;M1;5;21;4060,99200;4062,22000;UP
2026-07-02 06:37:00;M1;5;21;4063,70131;4063,28000;DOWN
2026-07-02 06:41:00;M1;5;21;4064,90458;4065,82000;UP
2026-07-02 06:46:00;M1;5;34;4063,51673;4063,24000;DOWN
2026-07-02 06:51:00;M1;5;21;4068,05750;4068,77000;UP
2026-07-02 07:03:00;M1;5;21;4071,27430;4069,60000;DOWN
2026-07-02 07:06:00;M1;5;21;4072,40391;4072,64000;UP
2026-07-02 07:10:00;M1;5;34;4069,78249;4069,57000;DOWN
2026-07-02 07:11:00;M1;5;21;4073,04176;4069,03000;DOWN
2026-07-02 07:19:00;M1;5;55;4067,53585;4067,32000;DOWN
2026-07-02 07:22:00;M1;5;89;4066,16639;4065,56000;DOWN
2026-07-02 07:51:00;M1;5;21;4063,41940;4064,12000;UP
2026-07-02 07:58:00;M1;5;21;4062,19100;4061,88000;DOWN
2026-07-02 08:07:00;M1;5;21;4059,76166;4059,85000;UP
2026-07-02 08:11:00;M1;5;21;4058,40669;4057,50000;DOWN
2026-07-02 08:17:00;M1;5;21;4057,38204;4057,97000;UP
2026-07-02 08:24:00;M1;5;34;4060,76561;4061,38000;UP
2026-07-02 08:27:00;M1;5;34;4059,68022;4059,38000;DOWN
2026-07-02 08:31:00;M1;5;34;4058,64306;4058,96000;UP
2026-07-02 08:33:00;M1;5;21;4056,34949;4055,30000;DOWN
2026-07-02 08:36:00;M1;5;21;4056,63042;4057,80000;UP
2026-07-02 08:36:00;M1;5;34;4058,05551;4057,80000;DOWN
2026-07-02 08:41:00;M1;5;34;4057,76010;4063,52000;UP
2026-07-02 08:41:00;M1;5;55;4063,67188;4063,52000;DOWN
2026-07-02 08:46:00;M1;5;55;4063,10484;4063,12000;UP
2026-07-02 08:56:00;M1;5;89;4066,51931;4066,82000;UP
2026-07-02 09:31:00;M1;5;21;4076,07294;4074,85000;DOWN
2026-07-02 09:42:00;M1;5;89;4069,43952;4067,56000;DOWN
2026-07-02 09:48:00;M1;5;55;4068,56968;4069,05000;UP
2026-07-02 09:55:00;M1;5;34;4074,47383;4074,75000;UP
2026-07-02 09:52:00;M1;5;89;4070,21016;4070,04000;DOWN
2026-07-02 09:57:00;M1;5;21;4075,73353;4076,35000;UP
2026-07-02 10:00:00;M1;5;55;4070,09015;4068,68000;DOWN
2026-07-02 10:01:00;M1;5;89;4070,82558;4069,82000;DOWN
2026-07-02 10:09:00;M1;5;55;4071,28753;4071,88000;UP
2026-07-02 10:11:00;M1;5;89;4071,21323;4070,83000;DOWN
2026-07-02 10:36:00;M1;5;21;4064,06401;4065,27000;UP
2026-07-02 10:46:00;M1;5;89;4070,55822;4070,46000;DOWN
2026-07-02 10:51:00;M1;5;34;4068,42274;4068,49000;UP
2026-07-02 10:54:00;M1;5;21;4066,28049;4066,27000;DOWN
2026-07-02 10:56:00;M1;5;21;4066,36687;4066,57000;UP
2026-07-02 10:56:00;M1;5;34;4067,90004;4066,57000;DOWN
2026-07-02 11:05:00;M1;5;34;4067,31268;4069,11000;UP
2026-07-02 11:01:00;M1;5;21;4066,30504;4063,96000;DOWN
2026-07-02 11:06:00;M1;5;21;4066,85478;4068,37000;UP
2026-07-02 11:14:00;M1;5;89;4070,50794;4069,74000;DOWN
2026-07-02 11:16:00;M1;5;55;4070,35815;4071,23000;UP
2026-07-02 11:33:00;M1;5;21;4072,89577;4072,62000;DOWN
2026-07-02 11:36:00;M1;5;21;4074,01536;4074,61000;UP
2026-07-02 11:46:00;M1;5;21;4076,11579;4074,42000;DOWN
2026-07-02 11:53:00;M1;5;21;4077,21592;4077,64000;UP
2026-07-02 11:57:00;M1;5;21;4077,91801;4077,80000;DOWN
2026-07-02 12:02:00;M1;5;34;4075,67221;4075,05000;DOWN
2026-07-02 12:06:00;M1;5;89;4074,05898;4072,01000;DOWN
2026-07-02 12:41:00;M1;5;21;4067,34444;4069,77000;UP
2026-07-02 12:46:00;M1;5;34;4071,05557;4071,19000;UP
2026-07-02 12:51:00;M1;5;34;4070,13743;4068,80000;DOWN
2026-07-02 12:56:00;M1;5;21;4065,47684;4066,41000;UP
2026-07-02 13:01:00;M1;5;21;4064,73011;4064,67000;DOWN
2026-07-02 13:07:00;M1;5;21;4064,04525;4064,92000;UP
2026-07-02 13:13:00;M1;5;21;4063,44127;4062,71000;DOWN
2026-07-02 13:18:00;M1;5;21;4063,18618;4063,50000;UP
2026-07-02 13:38:00;M1;5;21;4064,01303;4063,86000;DOWN
2026-07-02 13:41:00;M1;5;21;4064,06754;4067,57000;UP
2026-07-02 13:46:00;M1;5;55;4065,52241;4063,99000;DOWN
2026-07-02 13:54:00;M1;5;21;4063,65250;4063,94000;UP
2026-07-02 13:58:00;M1;5;55;4064,47336;4066,90000;UP
2026-07-02 13:56:00;M1;5;21;4063,80303;4062,86000;DOWN
2026-07-02 14:01:00;M1;5;21;4063,46912;4063,81000;UP
2026-07-02 14:01:00;M1;5;55;4063,92495;4063,81000;DOWN
2026-07-02 14:06:00;M1;5;21;4062,73976;4058,06000;DOWN
2026-07-02 14:14:00;M1;5;21;4062,16796;4063,26000;UP
2026-07-02 14:30:00;M1;5;89;4065,84363;4066,28000;UP
2026-07-02 14:31:00;M1;5;89;4065,52982;4065,01000;DOWN
2026-07-02 14:39:00;M1;5;89;4065,26294;4066,75000;UP
2026-07-02 15:00:00;M1;5;89;4064,95895;4064,31000;DOWN
2026-07-02 15:05:00;M1;5;34;4066,76149;4069,11000;UP
2026-07-02 15:01:00;M1;5;55;4063,88834;4063,69000;DOWN
2026-07-02 15:06:00;M1;5;21;4069,74301;4072,60000;UP
2026-07-02 15:13:00;M1;5;89;4064,87098;4063,93000;DOWN
2026-07-02 15:20:00;M1;5;34;4067,50476;4067,83000;UP
2026-07-02 15:25:00;M1;5;21;4067,68935;4068,56000;UP
2026-07-02 15:21:00;M1;5;34;4067,49028;4066,64000;DOWN
2026-07-02 15:26:00;M1;5;34;4067,39995;4068,24000;UP
2026-07-02 15:28:00;M1;5;55;4065,09001;4064,93000;DOWN
2026-07-02 15:31:00;M1;5;21;4072,82582;4109,54000;UP
2026-07-02 15:54:00;M1;5;21;4121,14434;4119,93000;DOWN
2026-07-02 16:07:00;M1;5;34;4118,59733;4118,56000;DOWN
2026-07-02 16:11:00;M1;5;34;4123,05957;4124,85000;UP
2026-07-02 16:16:00;M1;5;34;4126,80822;4122,28000;DOWN
2026-07-02 16:25:00;M1;5;55;4112,47190;4111,20000;DOWN
2026-07-02 16:30:00;M1;5;55;4115,58626;4116,36000;UP
2026-07-02 16:35:00;M1;5;21;4128,86758;4136,41000;UP
2026-07-02 16:31:00;M1;5;55;4118,67293;4116,92000;DOWN
2026-07-02 16:36:00;M1;5;55;4121,88658;4134,42000;UP
2026-07-02 16:36:00;M1;5;34;4135,33155;4134,42000;DOWN
2026-07-02 16:41:00;M1;5;21;4129,09104;4128,36000;DOWN
2026-07-02 16:46:00;M1;5;21;4131,56807;4136,92000;UP
2026-07-02 16:51:00;M1;5;34;4141,48429;4140,78000;DOWN
2026-07-02 16:56:00;M1;5;21;4135,58807;4139,30000;UP
2026-07-02 17:00:00;M1;5;55;4135,10318;4133,35000;DOWN
2026-07-02 17:01:00;M1;5;21;4136,59438;4133,90000;DOWN
2026-07-02 17:20:00;M1;5;89;4124,79203;4124,70000;DOWN
2026-07-02 17:46:00;M1;5;21;4119,28689;4119,58000;UP
2026-07-02 17:56:00;M1;5;34;4126,18496;4127,53000;UP
2026-07-02 18:05:00;M1;5;34;4125,28022;4123,01000;DOWN
2026-07-02 18:07:00;M1;5;21;4120,54965;4116,40000;DOWN
2026-07-02 18:11:00;M1;5;21;4121,59692;4127,73000;UP
2026-07-02 18:17:00;M1;5;34;4122,90436;4121,39000;DOWN
2026-07-02 18:21:00;M1;5;21;4123,67493;4126,16000;UP
2026-07-02 18:29:00;M1;5;34;4122,60631;4122,45000;DOWN
2026-07-02 18:31:00;M1;5;21;4125,66939;4127,64000;UP
2026-07-02 18:40:00;M1;5;21;4126,61418;4125,59000;DOWN
2026-07-02 18:41:00;M1;5;21;4127,04901;4127,27000;UP
2026-07-02 18:51:00;M1;5;34;4125,28554;4124,79000;DOWN
2026-07-02 18:58:00;M1;5;21;4128,45318;4128,56000;UP
2026-07-02 19:02:00;M1;5;34;4126,56764;4124,96000;DOWN
2026-07-02 19:41:00;M1;5;21;4112,48334;4113,35000;UP
2026-07-02 19:48:00;M1;5;34;4117,19909;4117,82000;UP
2026-07-02 20:07:00;M1;5;55;4117,64296;4118,17000;UP
2026-07-02 20:11:00;M1;5;55;4117,13203;4116,65000;DOWN
2026-07-02 20:16:00;M1;5;55;4116,65541;4118,72000;UP
2026-07-02 20:21:00;M1;5;55;4116,15515;4115,04000;DOWN
2026-07-02 20:29:00;M1;5;34;4112,90499;4112,61000;DOWN
2026-07-02 20:32:00;M1;5;34;4112,48815;4113,13000;UP
2026-07-02 20:36:00;M1;5;34;4111,92138;4110,79000;DOWN
2026-07-02 21:02:00;M1;5;21;4108,10065;4109,25000;UP
2026-07-02 21:06:00;M1;5;89;4117,86400;4118,14000;UP
2026-07-02 21:17:00;M1;5;89;4116,61664;4116,51000;DOWN
2026-07-02 21:21:00;M1;5;89;4116,14037;4116,44000;UP
2026-07-02 21:41:00;M1;5;21;4123,77917;4123,57000;DOWN
2026-07-02 21:56:00;M1;5;34;4121,52225;4120,96000;DOWN
2026-07-02 22:01:00;M1;5;34;4122,23503;4122,98000;UP
2026-07-02 22:10:00;M1;5;89;4115,75757;4115,75000;DOWN
2026-07-02 22:31:00;M1;5;21;4112,65260;4113,73000;UP
2026-07-02 22:36:00;M1;5;21;4111,32817;4111,32000;DOWN
2026-07-02 22:41:00;M1;5;21;4110,56379;4113,65000;UP
2026-07-02 22:49:00;M1;5;34;4115,23431;4115,68000;UP
2026-07-02 23:16:00;M1;5;21;4120,80461;4120,51000;DOWN
2026-07-02 23:21:00;M1;5;21;4122,16591;4124,02000;UP
2026-07-02 23:26:00;M1;5;21;4123,35369;4123,11000;DOWN
2026-07-02 23:31:00;M1;5;21;4124,29008;4124,59000;UP
2026-07-02 23:36:00;M1;5;21;4124,68354;4123,46000;DOWN
2026-07-02 23:41:00;M1;5;34;4121,47515;4121,16000;DOWN
2026-07-02 23:47:00;M1;5;55;4120,46002;4120,09000;DOWN
2026-07-02 23:54:00;M1;5;55;4120,65335;4121,60000;UP
2026-07-02 23:57:00;M1;5;21;4123,15550;4123,89000;UP
2026-07-03 01:13:00;M1;5;34;4124,74913;4124,59000;DOWN
2026-07-03 01:22:00;M1;5;55;4123,36734;4123,20000;DOWN
2026-07-03 01:29:00;M1;5;55;4123,88246;4124,30000;UP
2026-07-03 01:34:00;M1;5;21;4125,58731;4126,10000;UP
2026-07-03 01:31:00;M1;5;55;4124,40147;4124,08000;DOWN
2026-07-03 01:36:00;M1;5;55;4124,85752;4124,90000;UP
2026-07-03 01:36:00;M1;5;34;4126,02825;4124,90000;DOWN
2026-07-03 01:41:00;M1;5;55;4125,20780;4122,92000;DOWN
2026-07-03 01:55:00;M1;5;21;4124,90134;4126,05000;UP
2026-07-03 01:56:00;M1;5;55;4125,86918;4124,90000;DOWN
2026-07-03 02:01:00;M1;5;21;4124,48525;4125,13000;UP
2026-07-03 02:08:00;M1;5;55;4126,14320;4126,69000;UP
2026-07-03 02:11:00;M1;5;55;4126,26919;4126,03000;DOWN
2026-07-03 02:16:00;M1;5;34;4125,81519;4126,61000;UP
2026-07-03 02:18:00;M1;5;21;4125,20173;4125,15000;DOWN
2026-07-03 02:22:00;M1;5;21;4125,57287;4127,05000;UP
2026-07-03 02:21:00;M1;5;55;4126,53441;4125,51000;DOWN
2026-07-03 02:26:00;M1;5;34;4126,23365;4130,10000;UP
2026-07-03 02:34:00;M1;5;55;4127,00971;4126,55000;DOWN
2026-07-03 02:38:00;M1;5;89;4125,77677;4122,88000;DOWN
2026-07-03 02:45:00;M1;5;21;4126,79100;4128,92000;UP
2026-07-03 02:52:00;M1;5;89;4126,72643;4126,49000;DOWN
2026-07-03 02:56:00;M1;5;34;4127,18510;4127,28000;UP
2026-07-03 03:03:00;M1;5;21;4128,30668;4130,84000;UP
2026-07-03 03:01:00;M1;5;89;4127,40599;4124,89000;DOWN
2026-07-03 03:06:00;M1;5;34;4128,10350;4128,42000;UP
2026-07-03 03:07:00;M1;5;55;4128,25161;4126,82000;DOWN
2026-07-03 03:13:00;M1;5;21;4129,75947;4134,51000;UP
2026-07-03 03:11:00;M1;5;89;4128,17497;4127,57000;DOWN
2026-07-03 03:16:00;M1;5;34;4129,78824;4132,84000;UP
2026-07-03 03:30:00;M1;5;21;4135,06052;4134,86000;DOWN
2026-07-03 03:35:00;M1;5;21;4136,43389;4137,04000;UP
2026-07-03 03:38:00;M1;5;21;4137,55623;4137,26000;DOWN
2026-07-03 03:42:00;M1;5;34;4135,56900;4134,90000;DOWN
2026-07-03 03:49:00;M1;5;21;4139,30527;4140,98000;UP
2026-07-03 04:36:00;M1;5;21;4194,43804;4189,50000;DOWN
2026-07-03 04:41:00;M1;5;34;4184,15519;4181,92000;DOWN
2026-07-03 04:51:00;M1;5;55;4176,38824;4176,18000;DOWN
2026-07-03 04:56:00;M1;5;55;4179,43874;4181,64000;UP
2026-07-03 05:01:00;M1;5;55;4182,10293;4178,76000;DOWN
2026-07-03 05:31:00;M1;5;21;4178,96711;4180,98000;UP
2026-07-03 05:46:00;M1;5;89;4183,57886;4181,15000;DOWN
2026-07-03 05:51:00;M1;5;21;4181,06209;4181,93000;UP
2026-07-03 05:56:00;M1;5;89;4186,60251;4185,45000;DOWN
2026-07-03 06:01:00;M1;5;21;4182,35937;4180,50000;DOWN
2026-07-03 06:13:00;M1;5;21;4183,13306;4183,15000;UP
2026-07-03 06:16:00;M1;5;21;4183,17810;4181,87000;DOWN
2026-07-03 06:33:00;M1;5;21;4182,06095;4182,67000;UP
2026-07-03 06:36:00;M1;5;21;4181,69578;4181,61000;DOWN
2026-07-03 07:08:00;M1;5;21;4175,88578;4176,55000;UP
2026-07-03 07:11:00;M1;5;34;4177,67543;4178,15000;UP
2026-07-03 07:30:00;M1;5;34;4177,29424;4176,80000;DOWN
2026-07-03 07:34:00;M1;5;21;4177,19234;4177,31000;UP
2026-07-03 07:37:00;M1;5;34;4176,99970;4175,69000;DOWN
2026-07-03 07:45:00;M1;5;21;4177,37273;4177,84000;UP
2026-07-03 07:48:00;M1;5;34;4176,57030;4176,19000;DOWN
2026-07-03 07:56:00;M1;5;21;4176,97397;4177,55000;UP
2026-07-03 08:02:00;M1;5;55;4178,05298;4177,59000;DOWN
2026-07-03 08:06:00;M1;5;55;4177,74256;4180,44000;UP
2026-07-03 08:11:00;M1;5;21;4178,00948;4177,88000;DOWN
2026-07-03 08:18:00;M1;5;21;4178,34669;4178,38000;UP
2026-07-03 08:16:00;M1;5;55;4177,33500;4176,75000;DOWN
2026-07-03 08:21:00;M1;5;21;4178,13615;4175,76000;DOWN
2026-07-03 08:30:00;M1;5;21;4177,77949;4180,07000;UP
2026-07-03 08:38:00;M1;5;55;4176,54754;4174,20000;DOWN
2026-07-03 09:07:00;M1;5;21;4169,74578;4169,91000;UP
2026-07-03 09:11:00;M1;5;21;4167,86536;4166,65000;DOWN
2026-07-03 09:21:00;M1;5;21;4164,63096;4166,41000;UP
2026-07-03 09:31:00;M1;5;34;4166,11828;4166,66000;UP
2026-07-03 09:50:00;M1;5;89;4173,29336;4173,54000;UP
2026-07-03 09:51:00;M1;5;89;4172,69729;4172,66000;DOWN
2026-07-03 09:58:00;M1;5;89;4172,20230;4174,14000;UP
2026-07-03 10:02:00;M1;5;89;4171,81535;4171,48000;DOWN
2026-07-03 10:06:00;M1;5;89;4171,59204;4177,60000;UP
2026-07-03 10:12:00;M1;5;21;4175,36032;4174,88000;DOWN
2026-07-03 10:21:00;M1;5;89;4171,10748;4170,80000;DOWN
2026-07-03 10:26:00;M1;5;34;4172,47897;4174,26000;UP
2026-07-03 10:35:00;M1;5;21;4176,65974;4177,07000;UP
2026-07-03 10:41:00;M1;5;21;4177,87645;4176,86000;DOWN
2026-07-03 10:46:00;M1;5;21;4178,70090;4179,74000;UP
2026-07-03 10:52:00;M1;5;34;4177,74601;4177,49000;DOWN
2026-07-03 11:00:00;M1;5;21;4179,39536;4180,62000;UP
2026-07-03 11:22:00;M1;5;34;4182,83479;4182,35000;DOWN
2026-07-03 11:33:00;M1;5;21;4185,12016;4185,91000;UP
2026-07-03 11:37:00;M1;5;34;4184,76199;4184,76000;DOWN
2026-07-03 11:41:00;M1;5;55;4182,28993;4181,67000;DOWN
2026-07-03 12:06:00;M1;5;21;4180,73348;4180,85000;UP
2026-07-03 12:09:00;M1;5;89;4178,54200;4177,39000;DOWN
2026-07-03 12:12:00;M1;5;89;4178,88557;4179,00000;UP
2026-07-03 12:11:00;M1;5;21;4179,96649;4178,05000;DOWN
2026-07-03 12:16:00;M1;5;89;4179,15820;4175,74000;DOWN
2026-07-03 12:43:00;M1;5;21;4171,18457;4171,27000;UP
2026-07-03 12:52:00;M1;5;34;4173,24712;4173,25000;UP
2026-07-03 12:59:00;M1;5;34;4172,45225;4171,93000;DOWN
2026-07-03 13:01:00;M1;5;34;4171,97363;4175,57000;UP
2026-07-03 13:07:00;M1;5;55;4176,71829;4177,20000;UP
2026-07-03 13:29:00;M1;5;89;4178,49412;4178,45000;DOWN
2026-07-03 13:31:00;M1;5;89;4178,55101;4178,90000;UP
2026-07-03 13:36:00;M1;5;89;4178,58510;4176,16000;DOWN
2026-07-03 13:48:00;M1;5;55;4175,80349;4175,03000;DOWN
2026-07-03 13:51:00;M1;5;34;4176,74488;4178,26000;UP
2026-07-03 14:00:00;M1;5;34;4177,07795;4176,22000;DOWN
2026-07-03 14:04:00;M1;5;21;4178,10946;4178,89000;UP
2026-07-03 14:07:00;M1;5;89;4178,31478;4178,17000;DOWN
2026-07-03 14:11:00;M1;5;89;4178,33317;4180,01000;UP
2026-07-03 14:43:00;M1;5;21;4185,24002;4185,21000;DOWN
2026-07-03 14:54:00;M1;5;55;4181,55896;4181,39000;DOWN
2026-07-03 14:57:00;M1;5;89;4180,39432;4178,76000;DOWN
2026-07-03 15:01:00;M1;5;89;4180,55504;4180,88000;UP
2026-07-03 15:08:00;M1;5;55;4182,61831;4182,81000;UP
2026-07-03 15:06:00;M1;5;89;4180,69183;4180,43000;DOWN
2026-07-03 15:11:00;M1;5;55;4182,68943;4180,25000;DOWN
2026-07-03 15:33:00;M1;5;21;4175,67305;4175,71000;UP
2026-07-03 15:37:00;M1;5;21;4174,68780;4173,95000;DOWN
2026-07-03 15:41:00;M1;5;21;4173,98653;4175,04000;UP
2026-07-03 15:50:00;M1;5;34;4177,01714;4177,46000;UP
2026-07-03 15:52:00;M1;5;34;4176,19174;4175,78000;DOWN
2026-07-03 15:59:00;M1;5;34;4175,54214;4176,80000;UP
2026-07-03 15:57:00;M1;5;21;4173,47654;4173,30000;DOWN
2026-07-03 16:02:00;M1;5;21;4173,53188;4174,39000;UP
2026-07-03 16:01:00;M1;5;34;4174,90497;4173,31000;DOWN
2026-07-03 16:06:00;M1;5;21;4172,77277;4171,89000;DOWN
2026-07-03 16:16:00;M1;5;21;4170,21326;4170,34000;UP
2026-07-03 16:22:00;M1;5;21;4169,18410;4167,83000;DOWN
2026-07-03 16:26:00;M1;5;21;4168,70686;4171,03000;UP
2026-07-03 16:31:00;M1;5;34;4168,98357;4167,96000;DOWN
2026-07-03 16:37:00;M1;5;21;4167,50138;4167,70000;UP
2026-07-03 16:41:00;M1;5;21;4166,83572;4166,66000;DOWN
2026-07-03 16:46:00;M1;5;21;4166,01009;4167,10000;UP
2026-07-03 16:51:00;M1;5;34;4166,23905;4165,77000;DOWN
2026-07-03 16:56:00;M1;5;34;4165,53927;4167,92000;UP
2026-07-03 16:59:00;M1;5;21;4164,95195;4164,66000;DOWN
2026-07-03 17:04:00;M1;5;21;4164,70415;4166,56000;UP
2026-07-03 17:01:00;M1;5;34;4164,97201;4164,40000;DOWN
2026-07-03 17:06:00;M1;5;21;4163,78038;4163,15000;DOWN
2026-07-03 17:13:00;M1;5;21;4162,78532;4162,90000;UP
2026-07-03 17:19:00;M1;5;34;4162,47259;4162,26000;DOWN
2026-07-03 17:21:00;M1;5;34;4161,83106;4162,27000;UP
2026-07-03 17:41:00;M1;5;89;4166,56680;4166,81000;UP
2026-07-03 17:46:00;M1;5;89;4165,98809;4164,58000;DOWN
2026-07-03 17:51:00;M1;5;89;4165,49811;4167,68000;UP
2026-07-03 18:18:00;M1;5;21;4171,45345;4170,90000;DOWN
2026-07-03 18:27:00;M1;5;34;4168,92863;4168,03000;DOWN
2026-07-03 18:52:00;M1;5;55;4166,13512;4165,62000;DOWN
2026-07-03 19:05:00;M1;5;89;4164,05355;4164,00000;DOWN
2026-07-03 19:07:00;M1;5;89;4163,96218;4164,02000;UP
2026-07-03 19:15:00;M1;5;89;4163,85587;4163,60000;DOWN
2026-07-03 19:19:00;M1;5;21;4164,48000;4164,78000;UP
2026-07-03 19:24:00;M1;5;34;4166,82497;4167,32000;UP
2026-07-03 19:26:00;M1;5;55;4166,59847;4166,45000;DOWN
2026-07-03 19:31:00;M1;5;34;4166,24859;4167,97000;UP
2026-07-06 01:16:00;M1;5;21;4179,96269;4179,21000;DOWN
2026-07-06 01:22:00;M1;5;21;4181,44442;4181,63000;UP
2026-07-06 01:26:00;M1;5;21;4183,03638;4182,54000;DOWN
2026-07-06 01:31:00;M1;5;21;4184,74907;4185,91000;UP
2026-07-06 01:42:00;M1;5;21;4188,68748;4188,16000;DOWN
2026-07-06 01:49:00;M1;5;34;4185,97062;4184,15000;DOWN
2026-07-06 02:00:00;M1;5;21;4190,23510;4191,15000;UP
2026-07-06 02:02:00;M1;5;34;4189,63214;4189,47000;DOWN
2026-07-06 02:23:00;M1;5;21;4190,58609;4190,96000;UP
2026-07-06 02:28:00;M1;5;34;4193,11399;4200,82000;UP
2026-07-06 02:26:00;M1;5;21;4191,57969;4190,76000;DOWN
2026-07-06 02:31:00;M1;5;21;4192,85284;4200,85000;UP
2026-07-06 02:36:00;M1;5;34;4195,07466;4194,30000;DOWN
2026-07-06 02:41:00;M1;5;21;4195,97713;4198,62000;UP
2026-07-06 02:46:00;M1;5;89;4187,22969;4185,31000;DOWN
2026-07-06 03:16:00;M1;5;21;4178,29163;4179,64000;UP
2026-07-06 03:25:00;M1;5;21;4175,91659;4173,47000;DOWN
2026-07-06 03:27:00;M1;5;21;4173,90027;4173,98000;UP
2026-07-06 03:34:00;M1;5;34;4180,37878;4181,06000;UP
2026-07-06 03:43:00;M1;5;55;4186,63083;4187,10000;UP
2026-07-06 03:48:00;M1;5;55;4186,03873;4185,19000;DOWN
2026-07-06 03:55:00;M1;5;55;4185,52643;4187,03000;UP
2026-07-06 03:58:00;M1;5;55;4184,97817;4175,39000;DOWN
2026-07-06 04:02:00;M1;5;21;4182,45082;4185,51000;UP
2026-07-06 04:06:00;M1;5;89;4188,97720;4180,71000;DOWN
2026-07-06 04:13:00;M1;5;21;4184,63092;4187,47000;UP
2026-07-06 04:17:00;M1;5;89;4189,05596;4186,82000;DOWN
2026-07-06 04:22:00;M1;5;55;4183,57001;4181,69000;DOWN
2026-07-06 04:27:00;M1;5;21;4187,69461;4187,82000;UP
2026-07-06 04:49:00;M1;5;21;4195,69497;4194,58000;DOWN
2026-07-06 04:54:00;M1;5;34;4192,28548;4190,92000;DOWN
2026-07-06 04:58:00;M1;5;89;4190,88913;4187,77000;DOWN
2026-07-06 05:41:00;M1;5;21;4173,76253;4174,26000;UP
2026-07-06 06:02:00;M1;5;21;4169,66712;4167,50000;DOWN
2026-07-06 06:10:00;M1;5;21;4168,70177;4169,80000;UP
2026-07-06 06:11:00;M1;5;34;4170,35485;4170,90000;UP
2026-07-06 06:13:00;M1;5;21;4167,56332;4166,53000;DOWN
2026-07-06 06:16:00;M1;5;21;4166,35436;4166,37000;UP
2026-07-06 06:16:00;M1;5;34;4168,55926;4166,37000;DOWN
2026-07-06 06:21:00;M1;5;21;4165,01689;4164,65000;DOWN
2026-07-06 06:27:00;M1;5;21;4164,04459;4164,62000;UP
2026-07-06 06:43:00;M1;5;34;4162,28276;4162,03000;DOWN
2026-07-06 06:46:00;M1;5;21;4161,90681;4164,13000;UP
2026-07-06 06:55:00;M1;5;55;4165,37714;4165,94000;UP
2026-07-06 07:03:00;M1;5;55;4163,01447;4162,04000;DOWN
2026-07-06 07:06:00;M1;5;55;4161,96380;4162,91000;UP
2026-07-06 07:09:00;M1;5;21;4161,54455;4161,51000;DOWN
2026-07-06 07:11:00;M1;5;21;4161,61449;4163,29000;UP
2026-07-06 07:21:00;M1;5;21;4161,88513;4161,77000;DOWN
2026-07-06 07:26:00;M1;5;21;4161,86044;4161,94000;UP
2026-07-06 07:32:00;M1;5;34;4159,59123;4159,58000;DOWN
2026-07-06 07:36:00;M1;5;34;4159,45060;4160,13000;UP
2026-07-06 07:42:00;M1;5;21;4160,49856;4160,67000;UP
2026-07-06 07:46:00;M1;5;34;4159,13048;4158,71000;DOWN
2026-07-06 07:51:00;M1;5;21;4159,57808;4159,79000;UP
2026-07-06 07:56:00;M1;5;89;4160,83157;4160,97000;UP
2026-07-06 08:00:00;M1;5;34;4158,77486;4158,44000;DOWN
2026-07-06 08:01:00;M1;5;89;4159,90513;4158,01000;DOWN
2026-07-06 08:07:00;M1;5;55;4155,34544;4155,71000;UP
2026-07-06 08:11:00;M1;5;21;4155,51224;4155,55000;UP
2026-07-06 08:12:00;M1;5;55;4154,76273;4154,23000;DOWN
2026-07-06 08:16:00;M1;5;21;4153,94764;4151,59000;DOWN
2026-07-06 08:25:00;M1;5;21;4152,60002;4153,13000;UP
2026-07-06 08:28:00;M1;5;34;4153,68760;4154,05000;UP
2026-07-06 08:32:00;M1;5;89;4154,12269;4155,14000;UP
2026-07-06 08:31:00;M1;5;55;4152,34091;4152,31000;DOWN
2026-07-06 08:36:00;M1;5;34;4152,64030;4159,29000;UP
2026-07-06 08:58:00;M1;5;89;4150,93004;4149,71000;DOWN
2026-07-06 09:09:00;M1;5;21;4151,21981;4151,27000;UP
2026-07-06 09:15:00;M1;5;89;4149,28684;4148,73000;DOWN
2026-07-06 09:17:00;M1;5;21;4150,20303;4150,52000;UP
2026-07-06 09:23:00;M1;5;21;4150,01883;4149,87000;DOWN
2026-07-06 09:26:00;M1;5;21;4150,46759;4154,86000;UP
2026-07-06 09:47:00;M1;5;21;4154,73170;4154,10000;DOWN
2026-07-06 09:53:00;M1;5;34;4152,71609;4152,61000;DOWN
2026-07-06 09:56:00;M1;5;55;4150,14754;4149,87000;DOWN
2026-07-06 10:01:00;M1;5;55;4150,25509;4152,29000;UP
2026-07-06 10:06:00;M1;5;55;4150,24069;4149,87000;DOWN
2026-07-06 10:14:00;M1;5;55;4150,19935;4151,01000;UP
2026-07-06 10:17:00;M1;5;21;4152,17977;4152,37000;UP
2026-07-06 10:26:00;M1;5;34;4152,50294;4151,71000;DOWN
2026-07-06 10:31:00;M1;5;21;4152,42855;4155,19000;UP
2026-07-06 11:01:00;M1;5;21;4164,09873;4163,34000;DOWN
2026-07-06 11:10:00;M1;5;34;4160,82957;4160,28000;DOWN
2026-07-06 11:15:00;M1;5;55;4157,69302;4156,23000;DOWN
2026-07-06 11:37:00;M1;5;89;4153,34067;4150,85000;DOWN
2026-07-06 11:51:00;M1;5;21;4150,23666;4151,75000;UP
2026-07-06 12:26:00;M1;5;21;4145,90308;4144,30000;DOWN
2026-07-06 12:43:00;M1;5;21;4141,27829;4141,34000;UP
2026-07-06 12:50:00;M1;5;34;4141,71806;4142,52000;UP
2026-07-06 13:01:00;M1;5;55;4144,00501;4144,02000;UP
2026-07-06 13:14:00;M1;5;89;4147,17048;4148,31000;UP
2026-07-06 13:47:00;M1;5;21;4154,09315;4153,90000;DOWN
2026-07-06 13:52:00;M1;5;21;4155,16820;4155,18000;UP
2026-07-06 13:56:00;M1;5;21;4156,00140;4154,04000;DOWN
2026-07-06 14:07:00;M1;5;34;4153,15883;4153,00000;DOWN
2026-07-06 14:13:00;M1;5;34;4154,06291;4154,16000;UP
2026-07-06 14:17:00;M1;5;21;4156,27053;4156,40000;UP
2026-07-06 14:16:00;M1;5;34;4154,99988;4154,35000;DOWN
2026-07-06 14:22:00;M1;5;34;4155,87355;4156,37000;UP
2026-07-06 14:21:00;M1;5;21;4156,56238;4155,75000;DOWN
2026-07-06 14:26:00;M1;5;21;4156,69345;4159,11000;UP
2026-07-06 14:28:00;M1;5;34;4156,57369;4156,17000;DOWN
2026-07-06 14:32:00;M1;5;34;4157,22989;4158,10000;UP
2026-07-06 14:31:00;M1;5;21;4156,93297;4156,88000;DOWN
2026-07-06 14:36:00;M1;5;34;4157,66193;4155,11000;DOWN
2026-07-06 14:46:00;M1;5;55;4153,80522;4153,60000;DOWN
2026-07-06 14:54:00;M1;5;55;4154,43243;4155,15000;UP
2026-07-06 15:00:00;M1;5;21;4155,50842;4156,10000;UP
2026-07-06 14:56:00;M1;5;55;4155,00470;4154,30000;DOWN
2026-07-06 15:02:00;M1;5;34;4157,23861;4157,45000;UP
2026-07-06 15:10:00;M1;5;55;4156,05513;4154,80000;DOWN
2026-07-06 15:14:00;M1;5;21;4155,60236;4155,94000;UP
2026-07-06 15:17:00;M1;5;21;4155,68554;4155,34000;DOWN
2026-07-06 15:21:00;M1;5;89;4151,86830;4149,69000;DOWN
2026-07-06 15:52:00;M1;5;21;4137,88242;4138,65000;UP
2026-07-06 16:00:00;M1;5;34;4142,56118;4145,18000;UP
2026-07-06 16:07:00;M1;5;55;4147,02695;4148,16000;UP
2026-07-06 16:11:00;M1;5;55;4145,98474;4145,65000;DOWN
2026-07-06 16:22:00;M1;5;55;4144,22838;4147,23000;UP
2026-07-06 16:26:00;M1;5;89;4147,08903;4145,50000;DOWN
2026-07-06 16:31:00;M1;5;55;4142,99108;4146,19000;UP
2026-07-06 16:36:00;M1;5;89;4146,61663;4144,56000;DOWN
2026-07-06 16:41:00;M1;5;89;4146,47341;4147,69000;UP
2026-07-06 16:43:00;M1;5;21;4145,84384;4145,68000;DOWN
2026-07-06 16:46:00;M1;5;89;4146,33744;4142,42000;DOWN
2026-07-06 16:57:00;M1;5;55;4142,17981;4142,12000;DOWN
2026-07-06 17:01:00;M1;5;34;4143,16728;4144,11000;UP
2026-07-06 17:06:00;M1;5;55;4141,43962;4139,58000;DOWN
2026-07-06 17:11:00;M1;5;55;4140,93759;4141,55000;UP
2026-07-06 17:16:00;M1;5;55;4140,33218;4137,77000;DOWN
2026-07-06 17:28:00;M1;5;21;4137,20088;4138,01000;UP
2026-07-06 17:34:00;M1;5;34;4139,71170;4140,92000;UP
2026-07-06 17:31:00;M1;5;21;4136,05478;4134,72000;DOWN
2026-07-06 17:36:00;M1;5;21;4135,38643;4139,11000;UP
2026-07-06 17:39:00;M1;5;55;4137,91588;4137,50000;DOWN
2026-07-06 17:43:00;M1;5;21;4134,34075;4133,72000;DOWN
2026-07-06 17:48:00;M1;5;21;4133,39578;4134,06000;UP
2026-07-06 17:56:00;M1;5;34;4135,28866;4135,44000;UP
2026-07-06 18:02:00;M1;5;89;4138,37672;4140,22000;UP
2026-07-06 18:45:00;M1;5;21;4149,50389;4149,33000;DOWN
2026-07-06 18:53:00;M1;5;34;4146,13959;4145,36000;DOWN
2026-07-06 18:56:00;M1;5;34;4147,20810;4147,87000;UP
2026-07-06 19:01:00;M1;5;34;4147,90486;4144,79000;DOWN
2026-07-06 19:11:00;M1;5;55;4143,76432;4143,45000;DOWN
2026-07-06 19:24:00;M1;5;21;4145,38728;4145,48000;UP
2026-07-06 19:28:00;M1;5;55;4144,81166;4144,79000;DOWN
2026-07-06 19:33:00;M1;5;34;4147,63737;4148,07000;UP
2026-07-06 20:10:00;M1;5;21;4153,38459;4153,01000;DOWN
2026-07-06 20:13:00;M1;5;21;4154,50429;4155,42000;UP
2026-07-06 20:17:00;M1;5;55;4151,57833;4151,49000;DOWN
2026-07-06 20:23:00;M1;5;21;4155,74945;4156,94000;UP
2026-07-06 20:29:00;M1;5;21;4156,31724;4155,46000;DOWN
2026-07-06 20:33:00;M1;5;21;4157,05324;4157,27000;UP
2026-07-06 20:36:00;M1;5;21;4157,85649;4156,50000;DOWN
2026-07-06 20:41:00;M1;5;21;4158,33734;4159,16000;UP
2026-07-06 20:44:00;M1;5;34;4156,86291;4156,71000;DOWN
2026-07-06 20:46:00;M1;5;34;4157,76317;4158,48000;UP
2026-07-06 20:46:00;M1;5;21;4158,89226;4158,48000;DOWN
2026-07-06 20:51:00;M1;5;21;4159,44547;4161,10000;UP
2026-07-06 21:00:00;M1;5;34;4159,45925;4159,17000;DOWN
2026-07-06 21:01:00;M1;5;34;4160,05652;4160,22000;UP
2026-07-06 21:02:00;M1;5;55;4158,02428;4157,73000;DOWN
2026-07-06 21:06:00;M1;5;34;4160,38619;4156,85000;DOWN
2026-07-06 21:15:00;M1;5;55;4159,19771;4160,13000;UP
2026-07-06 21:16:00;M1;5;21;4160,13162;4161,36000;UP
2026-07-06 21:21:00;M1;5;34;4161,14158;4160,71000;DOWN
2026-07-06 21:26:00;M1;5;34;4161,54261;4162,11000;UP
2026-07-06 21:30:00;M1;5;55;4160,99586;4160,39000;DOWN
2026-07-06 21:32:00;M1;5;21;4161,50263;4162,06000;UP
2026-07-06 21:31:00;M1;5;34;4162,06801;4160,38000;DOWN
2026-07-06 21:36:00;M1;5;34;4162,71971;4166,65000;UP
2026-07-06 21:51:00;M1;5;55;4164,21151;4163,04000;DOWN
2026-07-06 22:03:00;M1;5;89;4162,20944;4162,20000;DOWN
2026-07-06 22:26:00;M1;5;21;4161,91107;4162,24000;UP
2026-07-06 22:35:00;M1;5;21;4161,71109;4160,60000;DOWN
2026-07-06 22:44:00;M1;5;21;4161,09937;4161,19000;UP
2026-07-06 22:49:00;M1;5;34;4162,86179;4163,40000;UP
2026-07-06 22:55:00;M1;5;34;4162,74112;4162,30000;DOWN
2026-07-06 22:59:00;M1;5;34;4162,70694;4163,71000;UP
2026-07-06 22:56:00;M1;5;21;4161,95674;4161,74000;DOWN
2026-07-06 23:01:00;M1;5;21;4162,41613;4163,65000;UP
2026-07-06 23:03:00;M1;5;34;4162,69367;4162,38000;DOWN
2026-07-06 23:06:00;M1;5;21;4162,61999;4161,92000;DOWN
2026-07-06 23:25:00;M1;5;21;4162,20276;4162,33000;UP
2026-07-06 23:34:00;M1;5;55;4164,11852;4164,47000;UP
2026-07-06 23:39:00;M1;5;55;4164,02790;4163,76000;DOWN
2026-07-06 23:46:00;M1;5;21;4163,20461;4163,19000;DOWN
2026-07-06 23:51:00;M1;5;21;4163,46447;4164,18000;UP
2026-07-07 01:19:00;M1;5;89;4166,97810;4167,11000;UP
2026-07-07 01:21:00;M1;5;89;4167,04410;4166,95000;DOWN
2026-07-07 01:26:00;M1;5;34;4165,45230;4165,33000;DOWN
2026-07-07 01:31:00;M1;5;21;4166,88382;4166,98000;UP
2026-07-07 01:39:00;M1;5;89;4167,31424;4167,30000;DOWN
2026-07-07 01:41:00;M1;5;89;4167,42497;4167,53000;UP
2026-07-07 01:46:00;M1;5;89;4167,51580;4167,30000;DOWN
2026-07-07 02:14:00;M1;5;21;4165,38422;4165,47000;UP
2026-07-07 02:16:00;M1;5;21;4165,00045;4164,21000;DOWN
2026-07-07 02:33:00;M1;5;21;4163,75259;4164,89000;UP
2026-07-07 02:37:00;M1;5;21;4163,44991;4163,07000;DOWN
2026-07-07 02:49:00;M1;5;21;4162,80698;4163,23000;UP
2026-07-07 02:51:00;M1;5;21;4162,45502;4162,21000;DOWN
2026-07-07 03:19:00;M1;5;21;4156,59621;4156,90000;UP
2026-07-07 03:21:00;M1;5;34;4158,13182;4159,04000;UP
2026-07-07 03:30:00;M1;5;55;4160,72218;4161,25000;UP
2026-07-07 03:27:00;M1;5;34;4157,62472;4157,54000;DOWN
2026-07-07 03:31:00;M1;5;34;4157,15093;4160,14000;UP
2026-07-07 03:33:00;M1;5;55;4160,09027;4159,20000;DOWN
2026-07-07 03:36:00;M1;5;34;4156,39039;4154,31000;DOWN
2026-07-07 03:51:00;M1;5;21;4151,64539;4151,78000;UP
2026-07-07 03:56:00;M1;5;21;4150,35677;4149,08000;DOWN
2026-07-07 04:30:00;M1;5;21;4136,20774;4136,21000;UP
2026-07-07 04:33:00;M1;5;34;4138,89137;4139,35000;UP
2026-07-07 04:44:00;M1;5;55;4141,01007;4142,04000;UP
2026-07-07 05:06:00;M1;5;21;4139,45317;4139,43000;DOWN
2026-07-07 05:11:00;M1;5;21;4140,34045;4141,34000;UP
2026-07-07 05:16:00;M1;5;89;4142,16350;4141,64000;DOWN
2026-07-07 05:23:00;M1;5;21;4141,83555;4142,07000;UP
2026-07-07 05:29:00;M1;5;89;4140,73113;4140,59000;DOWN
2026-07-07 05:31:00;M1;5;34;4137,83339;4137,52000;DOWN
2026-07-07 05:36:00;M1;5;21;4141,66439;4143,27000;UP
2026-07-07 05:45:00;M1;5;89;4138,75917;4138,61000;DOWN
2026-07-07 05:46:00;M1;5;89;4138,10991;4138,72000;UP
2026-07-07 05:50:00;M1;5;55;4134,95018;4134,88000;DOWN
2026-07-07 05:51:00;M1;5;89;4137,41883;4132,74000;DOWN
2026-07-07 05:56:00;M1;5;55;4134,41352;4136,13000;UP
2026-07-07 06:01:00;M1;5;21;4137,00938;4137,20000;UP
2026-07-07 06:10:00;M1;5;34;4137,77015;4137,74000;DOWN
2026-07-07 06:11:00;M1;5;34;4137,50769;4138,09000;UP
2026-07-07 06:16:00;M1;5;34;4137,20563;4135,16000;DOWN
2026-07-07 06:21:00;M1;5;21;4135,20787;4137,39000;UP
2026-07-07 06:24:00;M1;5;89;4133,85952;4132,29000;DOWN
2026-07-07 06:27:00;M1;5;89;4133,29500;4133,49000;UP
2026-07-07 06:26:00;M1;5;34;4135,94794;4132,82000;DOWN
2026-07-07 06:34:00;M1;5;21;4133,55909;4133,86000;UP
2026-07-07 06:31:00;M1;5;89;4132,75810;4132,69000;DOWN
2026-07-07 06:36:00;M1;5;89;4132,23248;4134,47000;UP
2026-07-07 06:39:00;M1;5;55;4133,48269;4132,48000;DOWN
2026-07-07 06:42:00;M1;5;89;4131,68043;4130,17000;DOWN
2026-07-07 06:57:00;M1;5;21;4128,37177;4131,24000;UP
2026-07-07 07:01:00;M1;5;55;4130,88025;4131,65000;UP
2026-07-07 07:17:00;M1;5;21;4131,87205;4131,80000;DOWN
2026-07-07 07:24:00;M1;5;21;4132,70743;4133,17000;UP
2026-07-07 07:30:00;M1;5;34;4130,98513;4130,61000;DOWN
2026-07-07 07:31:00;M1;5;34;4130,95781;4131,07000;UP
2026-07-07 07:35:00;M1;5;55;4130,43604;4130,26000;DOWN
2026-07-07 07:38:00;M1;5;55;4130,29048;4130,67000;UP
2026-07-07 07:36:00;M1;5;34;4130,85180;4129,80000;DOWN
2026-07-07 07:41:00;M1;5;34;4130,63978;4130,79000;UP
2026-07-07 07:43:00;M1;5;55;4130,04815;4129,75000;DOWN
2026-07-07 07:46:00;M1;5;55;4129,76959;4131,16000;UP
2026-07-07 07:47:00;M1;5;34;4130,39720;4130,20000;DOWN
2026-07-07 07:52:00;M1;5;55;4129,44538;4128,28000;DOWN
2026-07-07 07:57:00;M1;5;89;4127,26251;4126,99000;DOWN
2026-07-07 08:05:00;M1;5;21;4128,30980;4130,01000;UP
2026-07-07 08:07:00;M1;5;89;4126,76411;4126,72000;DOWN
2026-07-07 08:11:00;M1;5;21;4126,03762;4126,38000;UP
2026-07-07 08:16:00;M1;5;89;4126,02534;4123,33000;DOWN
2026-07-07 08:22:00;M1;5;21;4123,79010;4124,45000;UP
2026-07-07 08:30:00;M1;5;89;4125,28529;4124,97000;DOWN
2026-07-07 08:33:00;M1;5;21;4123,34440;4121,35000;DOWN
2026-07-07 08:36:00;M1;5;21;4122,72634;4125,24000;UP
2026-07-07 08:41:00;M1;5;89;4124,04204;4118,52000;DOWN
2026-07-07 08:46:00;M1;5;21;4121,49905;4122,50000;UP
2026-07-07 08:52:00;M1;5;89;4123,19722;4122,78000;DOWN
2026-07-07 08:56:00;M1;5;55;4123,10203;4124,92000;UP
2026-07-07 09:10:00;M1;5;55;4122,50270;4122,49000;DOWN
2026-07-07 09:12:00;M1;5;21;4122,99940;4123,32000;UP
2026-07-07 09:52:00;M1;5;21;4129,73275;4129,26000;DOWN
2026-07-07 09:57:00;M1;5;21;4130,48499;4130,69000;UP
2026-07-07 10:01:00;M1;5;34;4128,17524;4127,34000;DOWN
2026-07-07 10:12:00;M1;5;34;4128,98171;4129,27000;UP
2026-07-07 10:16:00;M1;5;21;4130,19059;4131,14000;UP
2026-07-07 10:18:00;M1;5;34;4129,38111;4129,07000;DOWN
2026-07-07 10:21:00;M1;5;34;4129,59930;4130,96000;UP
2026-07-07 10:22:00;M1;5;21;4129,86790;4129,64000;DOWN
2026-07-07 10:26:00;M1;5;34;4129,66186;4127,42000;DOWN
2026-07-07 10:35:00;M1;5;21;4128,73703;4129,62000;UP
2026-07-07 10:31:00;M1;5;55;4126,89803;4126,29000;DOWN
2026-07-07 10:36:00;M1;5;34;4129,64657;4130,02000;UP
2026-07-07 10:41:00;M1;5;55;4127,54713;4127,46000;DOWN
2026-07-07 10:46:00;M1;5;21;4128,24456;4133,28000;UP
2026-07-07 10:51:00;M1;5;55;4128,04307;4127,63000;DOWN
2026-07-07 11:01:00;M1;5;21;4127,17011;4127,22000;UP
2026-07-07 11:31:00;M1;5;21;4135,36720;4134,40000;DOWN
2026-07-07 11:36:00;M1;5;55;4131,97620;4131,57000;DOWN
2026-07-07 11:41:00;M1;5;55;4132,45558;4132,91000;UP
2026-07-07 11:48:00;M1;5;89;4128,69532;4128,38000;DOWN
2026-07-07 12:08:00;M1;5;21;4128,24689;4128,26000;UP
2026-07-07 12:18:00;M1;5;89;4129,52212;4129,74000;UP
2026-07-07 12:21:00;M1;5;89;4129,53652;4126,41000;DOWN
2026-07-07 12:27:00;M1;5;21;4124,88252;4124,27000;DOWN
2026-07-07 12:31:00;M1;5;21;4124,48528;4124,66000;UP
2026-07-07 12:39:00;M1;5;89;4129,34645;4129,29000;DOWN
2026-07-07 12:41:00;M1;5;55;4129,43226;4131,09000;UP
2026-07-07 12:47:00;M1;5;89;4129,38602;4128,85000;DOWN
2026-07-07 12:51:00;M1;5;21;4127,55245;4128,28000;UP
2026-07-07 13:30:00;M1;5;21;4135,90995;4135,40000;DOWN
2026-07-07 13:33:00;M1;5;21;4136,83971;4137,09000;UP
2026-07-07 13:36:00;M1;5;21;4137,51899;4135,64000;DOWN
2026-07-07 13:46:00;M1;5;34;4135,74679;4135,63000;DOWN
2026-07-07 13:55:00;M1;5;34;4136,25775;4136,31000;UP
2026-07-07 13:56:00;M1;5;34;4136,67523;4135,72000;DOWN
2026-07-07 14:05:00;M1;5;55;4134,11729;4133,62000;DOWN
2026-07-07 14:06:00;M1;5;89;4133,46978;4132,11000;DOWN
2026-07-07 14:15:00;M1;5;89;4133,66423;4134,64000;UP
2026-07-07 14:16:00;M1;5;21;4135,30366;4136,35000;UP
2026-07-07 14:31:00;M1;5;21;4139,75588;4139,53000;DOWN
2026-07-07 14:36:00;M1;5;21;4141,59399;4146,36000;UP
2026-07-07 15:20:00;M1;5;21;4166,74209;4165,73000;DOWN
2026-07-07 15:26:00;M1;5;34;4164,68419;4163,16000;DOWN
2026-07-07 15:33:00;M1;5;34;4166,86027;4167,09000;UP
2026-07-07 15:36:00;M1;5;34;4168,62096;4163,16000;DOWN
2026-07-07 15:41:00;M1;5;55;4162,93911;4162,06000;DOWN
2026-07-07 15:46:00;M1;5;55;4164,62381;4167,89000;UP
2026-07-07 15:58:00;M1;5;21;4171,09875;4171,22000;UP
2026-07-07 16:01:00;M1;5;55;4169,28958;4169,03000;DOWN
2026-07-07 16:14:00;M1;5;21;4169,02975;4171,31000;UP
2026-07-07 16:19:00;M1;5;21;4168,85743;4168,61000;DOWN
2026-07-07 16:21:00;M1;5;21;4168,62995;4171,67000;UP
2026-07-07 16:26:00;M1;5;89;4166,49616;4165,59000;DOWN
2026-07-07 16:31:00;M1;5;21;4168,16487;4169,95000;UP
2026-07-07 16:36:00;M1;5;34;4172,11842;4178,47000;UP
2026-07-07 16:47:00;M1;5;89;4170,91075;4170,85000;DOWN
2026-07-07 16:51:00;M1;5;21;4171,34470;4170,57000;DOWN
2026-07-07 17:18:00;M1;5;21;4158,58181;4158,81000;UP
2026-07-07 17:22:00;M1;5;21;4155,95538;4155,12000;DOWN
2026-07-07 17:27:00;M1;5;21;4154,11903;4155,78000;UP
2026-07-07 17:34:00;M1;5;21;4152,26246;4151,27000;DOWN
2026-07-07 17:36:00;M1;5;21;4150,41390;4150,85000;UP
2026-07-07 17:41:00;M1;5;21;4149,22798;4144,54000;DOWN
2026-07-07 17:46:00;M1;5;21;4149,06183;4155,59000;UP
2026-07-07 18:02:00;M1;5;34;4150,73451;4150,71000;DOWN
2026-07-07 18:06:00;M1;5;21;4150,87999;4151,63000;UP
2026-07-07 18:14:00;M1;5;34;4149,36926;4148,69000;DOWN
2026-07-07 18:38:00;M1;5;21;4144,45367;4144,90000;UP
2026-07-07 18:42:00;M1;5;55;4147,52324;4147,55000;UP
2026-07-07 18:46:00;M1;5;55;4146,20813;4145,30000;DOWN
2026-07-07 18:52:00;M1;5;21;4141,54998;4143,23000;UP
2026-07-07 18:56:00;M1;5;34;4141,56248;4136,61000;DOWN
2026-07-07 19:02:00;M1;5;21;4139,04786;4139,41000;UP
2026-07-07 19:06:00;M1;5;55;4141,09348;4142,84000;UP
2026-07-07 19:45:00;M1;5;21;4143,10577;4142,13000;DOWN
2026-07-07 19:49:00;M1;5;21;4143,82821;4144,66000;UP
2026-07-07 19:55:00;M1;5;89;4144,23624;4143,61000;DOWN
2026-07-07 19:59:00;M1;5;21;4144,89659;4145,07000;UP
2026-07-07 20:01:00;M1;5;21;4145,34252;4144,04000;DOWN
2026-07-07 20:06:00;M1;5;21;4145,66603;4146,21000;UP
2026-07-07 20:13:00;M1;5;34;4143,23599;4143,16000;DOWN
2026-07-07 20:24:00;M1;5;21;4145,08891;4145,27000;UP
2026-07-07 20:26:00;M1;5;21;4145,10228;4145,10000;DOWN
2026-07-07 20:31:00;M1;5;21;4145,29066;4147,93000;UP
2026-07-07 20:37:00;M1;5;21;4145,53035;4145,32000;DOWN
2026-07-07 20:41:00;M1;5;21;4145,85349;4146,83000;UP
2026-07-07 20:46:00;M1;5;34;4145,77988;4145,68000;DOWN
2026-07-07 21:01:00;M1;5;55;4143,02070;4142,86000;DOWN
2026-07-07 21:22:00;M1;5;21;4142,45801;4143,91000;UP
2026-07-07 21:26:00;M1;5;55;4143,35195;4141,94000;DOWN
2026-07-07 21:32:00;M1;5;89;4139,12592;4138,10000;DOWN
2026-07-07 21:36:00;M1;5;21;4140,66122;4141,44000;UP
2026-07-07 21:46:00;M1;5;34;4141,25688;4141,49000;UP
2026-07-07 21:48:00;M1;5;89;4138,82212;4137,77000;DOWN
2026-07-07 21:51:00;M1;5;34;4139,83914;4129,05000;DOWN
2026-07-07 22:27:00;M1;5;21;4102,35545;4104,53000;UP
2026-07-07 22:34:00;M1;5;34;4110,76494;4112,48000;UP
2026-07-07 22:54:00;M1;5;55;4112,47967;4115,41000;UP
2026-07-07 23:16:00;M1;5;21;4112,56834;4111,31000;DOWN
2026-07-07 23:37:00;M1;5;34;4105,28494;4104,48000;DOWN
2026-07-07 23:41:00;M1;5;34;4105,56870;4105,91000;UP
2026-07-07 23:47:00;M1;5;34;4105,67921;4105,27000;DOWN
2026-07-07 23:56:00;M1;5;21;4105,13227;4105,18000;UP
2026-07-08 01:01:00;M1;5;89;4105,15887;4101,94000;DOWN
2026-07-08 01:11:00;M1;5;21;4102,71953;4103,70000;UP
2026-07-08 01:16:00;M1;5;34;4103,70169;4103,78000;UP
2026-07-08 01:21:00;M1;5;34;4103,10843;4102,86000;DOWN
2026-07-08 01:29:00;M1;5;89;4100,10325;4099,55000;DOWN
2026-07-08 01:35:00;M1;5;21;4100,49370;4101,60000;UP
2026-07-08 01:36:00;M1;5;34;4101,06600;4101,21000;UP
2026-07-08 01:41:00;M1;5;34;4100,55933;4100,45000;DOWN
2026-07-08 01:50:00;M1;5;89;4096,68332;4096,25000;DOWN
2026-07-08 01:51:00;M1;5;21;4098,84604;4099,40000;UP
2026-07-08 01:57:00;M1;5;55;4097,28902;4097,17000;DOWN
2026-07-08 02:01:00;M1;5;21;4098,08947;4098,65000;UP
2026-07-08 02:21:00;M1;5;21;4102,07757;4101,78000;DOWN
2026-07-08 02:26:00;M1;5;21;4102,97647;4104,76000;UP
2026-07-08 02:32:00;M1;5;21;4103,42043;4102,46000;DOWN
2026-07-08 02:36:00;M1;5;34;4100,98722;4100,81000;DOWN
2026-07-08 02:41:00;M1;5;34;4101,07746;4101,79000;UP
2026-07-08 02:43:00;M1;5;55;4098,35606;4097,57000;DOWN
2026-07-08 02:47:00;M1;5;55;4098,39916;4098,58000;UP
2026-07-08 02:46:00;M1;5;34;4100,95353;4096,30000;DOWN
2026-07-08 02:55:00;M1;5;55;4098,38392;4097,73000;DOWN
2026-07-08 02:59:00;M1;5;55;4098,31860;4098,46000;UP
2026-07-08 03:01:00;M1;5;21;4099,76915;4099,85000;UP
2026-07-08 03:07:00;M1;5;34;4100,27959;4098,94000;DOWN
2026-07-08 03:11:00;M1;5;21;4099,23236;4101,16000;UP
2026-07-08 03:17:00;M1;5;34;4100,39489;4099,68000;DOWN
2026-07-08 03:21:00;M1;5;34;4100,76578;4103,50000;UP
2026-07-08 03:51:00;M1;5;21;4118,37127;4117,11000;DOWN
2026-07-08 03:58:00;M1;5;34;4112,95951;4111,14000;DOWN
2026-07-08 04:02:00;M1;5;34;4114,07186;4114,44000;UP
2026-07-08 04:04:00;M1;5;55;4108,43455;4108,40000;DOWN
2026-07-08 04:06:00;M1;5;89;4100,67069;4100,57000;DOWN
2026-07-08 04:13:00;M1;5;55;4109,86556;4111,08000;UP
2026-07-08 04:16:00;M1;5;55;4110,23570;4107,90000;DOWN
2026-07-08 04:29:00;M1;5;89;4103,08544;4102,52000;DOWN
2026-07-08 04:31:00;M1;5;89;4103,34817;4103,56000;UP
2026-07-08 04:36:00;M1;5;89;4103,51596;4097,75000;DOWN
2026-07-08 04:41:00;M1;5;21;4100,90923;4102,03000;UP
2026-07-08 04:46:00;M1;5;55;4109,10261;4108,46000;DOWN
2026-07-08 04:52:00;M1;5;34;4107,13733;4104,64000;DOWN
2026-07-08 04:56:00;M1;5;34;4106,80855;4107,96000;UP
2026-07-08 05:02:00;M1;5;55;4109,15885;4107,23000;DOWN
2026-07-08 05:06:00;M1;5;55;4109,53053;4110,17000;UP
2026-07-08 05:31:00;M1;5;21;4118,36883;4117,66000;DOWN
2026-07-08 05:38:00;M1;5;21;4120,14106;4120,23000;UP
2026-07-08 05:41:00;M1;5;21;4121,44351;4118,73000;DOWN
2026-07-08 05:49:00;M1;5;34;4116,85243;4116,73000;DOWN
2026-07-08 05:51:00;M1;5;55;4115,42339;4115,03000;DOWN
2026-07-08 06:00:00;M1;5;34;4118,67654;4119,95000;UP
2026-07-08 06:01:00;M1;5;21;4121,38073;4128,24000;UP
2026-07-08 06:32:00;M1;5;34;4128,10483;4128,10000;DOWN
2026-07-08 06:42:00;M1;5;55;4126,07195;4125,83000;DOWN
2026-07-08 06:47:00;M1;5;55;4127,14815;4128,30000;UP
2026-07-08 06:51:00;M1;5;55;4128,08730;4127,64000;DOWN
2026-07-08 06:56:00;M1;5;89;4124,05198;4123,61000;DOWN
2026-07-08 07:08:00;M1;5;21;4127,56445;4128,05000;UP
2026-07-08 07:13:00;M1;5;89;4125,87149;4124,29000;DOWN
2026-07-08 07:21:00;M1;5;21;4125,28289;4125,62000;UP
2026-07-08 07:26:00;M1;5;89;4127,20606;4126,15000;DOWN
2026-07-08 07:41:00;M1;5;21;4124,71672;4124,16000;DOWN
2026-07-08 07:46:00;M1;5;21;4124,71871;4126,47000;UP
2026-07-08 07:54:00;M1;5;21;4124,63618;4123,99000;DOWN
2026-07-08 07:56:00;M1;5;21;4124,59377;4126,20000;UP
2026-07-08 08:05:00;M1;5;55;4129,47168;4130,24000;UP
2026-07-08 08:09:00;M1;5;89;4129,96789;4128,16000;DOWN
2026-07-08 08:14:00;M1;5;21;4125,98419;4125,86000;DOWN
2026-07-08 08:16:00;M1;5;21;4126,42834;4128,88000;UP
2026-07-08 08:21:00;M1;5;34;4125,90966;4123,97000;DOWN
2026-07-08 08:31:00;M1;5;21;4125,95433;4126,35000;UP
2026-07-08 08:38:00;M1;5;55;4128,08023;4129,84000;UP
2026-07-08 08:47:00;M1;5;55;4127,70117;4127,25000;DOWN
2026-07-08 08:55:00;M1;5;21;4126,64773;4127,33000;UP
2026-07-08 08:56:00;M1;5;55;4127,44302;4127,48000;UP
2026-07-08 09:00:00;M1;5;21;4126,74735;4126,52000;DOWN
2026-07-08 09:01:00;M1;5;21;4126,48449;4128,23000;UP
2026-07-08 09:02:00;M1;5;55;4127,28527;4125,08000;DOWN
2026-07-08 09:06:00;M1;5;21;4126,26587;4124,17000;DOWN
2026-07-08 09:12:00;M1;5;21;4126,71295;4129,60000;UP
2026-07-08 09:17:00;M1;5;89;4130,86834;4130,32000;DOWN
2026-07-08 09:22:00;M1;5;89;4130,91211;4131,34000;UP
2026-07-08 09:26:00;M1;5;89;4130,96463;4130,32000;DOWN
2026-07-08 09:31:00;M1;5;55;4127,93219;4127,45000;DOWN
2026-07-08 10:24:00;M1;5;21;4118,47831;4119,36000;UP
2026-07-08 10:30:00;M1;5;34;4121,40002;4123,59000;UP
2026-07-08 10:31:00;M1;5;55;4123,49875;4124,71000;UP
2026-07-08 10:36:00;M1;5;55;4122,95724;4118,77000;DOWN
2026-07-08 10:41:00;M1;5;34;4119,98665;4122,70000;UP
2026-07-08 10:46:00;M1;5;89;4125,85878;4125,59000;DOWN
2026-07-08 10:52:00;M1;5;55;4122,21966;4122,02000;DOWN
2026-07-08 10:56:00;M1;5;21;4121,37103;4121,43000;UP
2026-07-08 11:01:00;M1;5;34;4119,69693;4117,62000;DOWN
2026-07-08 11:08:00;M1;5;34;4119,43447;4119,70000;UP
2026-07-08 11:11:00;M1;5;34;4119,09731;4118,85000;DOWN
2026-07-08 11:47:00;M1;5;21;4070,97218;4074,35000;UP
2026-07-08 11:51:00;M1;5;21;4063,93286;4061,93000;DOWN
2026-07-08 12:01:00;M1;5;21;4052,34726;4052,77000;UP
2026-07-08 12:15:00;M1;5;34;4057,62376;4057,92000;UP
2026-07-08 12:36:00;M1;5;55;4055,91225;4056,00000;UP
2026-07-08 12:41:00;M1;5;55;4052,61703;4051,99000;DOWN
2026-07-08 12:46:00;M1;5;21;4047,78656;4052,82000;UP
2026-07-08 12:55:00;M1;5;55;4046,49521;4046,26000;DOWN
2026-07-08 12:56:00;M1;5;55;4043,56074;4045,25000;UP
2026-07-08 13:02:00;M1;5;21;4045,94053;4046,34000;UP
2026-07-08 13:07:00;M1;5;21;4044,54518;4043,78000;DOWN
2026-07-08 13:12:00;M1;5;21;4043,31667;4044,67000;UP
2026-07-08 13:20:00;M1;5;89;4052,43343;4054,47000;UP
2026-07-08 13:51:00;M1;5;21;4054,90311;4053,76000;DOWN
2026-07-08 14:02:00;M1;5;21;4056,73963;4056,91000;UP
2026-07-08 14:08:00;M1;5;34;4051,13473;4050,02000;DOWN
2026-07-08 14:15:00;M1;5;34;4051,74509;4052,61000;UP
2026-07-08 14:20:00;M1;5;34;4052,24868;4051,64000;DOWN
2026-07-08 14:38:00;M1;5;55;4042,43930;4042,22000;DOWN
2026-07-08 14:43:00;M1;5;21;4049,63059;4057,86000;UP
2026-07-08 15:22:00;M1;5;21;4071,76770;4069,77000;DOWN
2026-07-08 15:35:00;M1;5;34;4068,82784;4068,48000;DOWN
2026-07-08 15:39:00;M1;5;34;4070,66547;4073,04000;UP
2026-07-08 15:43:00;M1;5;21;4077,12627;4077,75000;UP
2026-07-08 16:00:00;M1;5;55;4071,38750;4070,57000;DOWN
2026-07-08 16:05:00;M1;5;34;4080,45695;4081,39000;UP
2026-07-08 16:07:00;M1;5;55;4074,77358;4073,12000;DOWN
2026-07-08 16:31:00;M1;5;21;4073,90753;4074,15000;UP
2026-07-08 16:39:00;M1;5;34;4078,93689;4079,06000;UP
2026-07-08 16:36:00;M1;5;55;4079,49654;4075,98000;DOWN
2026-07-08 16:41:00;M1;5;34;4078,49966;4078,03000;DOWN
2026-07-08 16:46:00;M1;5;21;4072,86558;4077,26000;UP
2026-07-08 16:51:00;M1;5;21;4072,10004;4071,11000;DOWN
2026-07-08 16:56:00;M1;5;21;4071,37285;4071,54000;UP
2026-07-08 17:00:00;M1;5;89;4069,35841;4068,60000;DOWN
2026-07-08 17:01:00;M1;5;21;4070,35383;4068,29000;DOWN
2026-07-08 17:21:00;M1;5;21;4060,74381;4061,16000;UP
2026-07-08 17:31:00;M1;5;21;4056,58528;4055,99000;DOWN
2026-07-08 17:51:00;M1;5;21;4040,68109;4042,85000;UP
2026-07-08 18:05:00;M1;5;34;4042,55647;4043,15000;UP
2026-07-08 18:09:00;M1;5;34;4039,98142;4039,83000;DOWN
2026-07-08 18:11:00;M1;5;34;4037,47683;4037,87000;UP
2026-07-08 18:15:00;M1;5;21;4032,69262;4031,46000;DOWN
2026-07-08 18:17:00;M1;5;21;4030,99565;4031,11000;UP
2026-07-08 18:16:00;M1;5;34;4034,97882;4028,85000;DOWN
2026-07-08 18:22:00;M1;5;21;4028,99984;4028,59000;DOWN
2026-07-08 18:26:00;M1;5;21;4027,55067;4029,12000;UP
2026-07-08 18:31:00;M1;5;34;4027,64794;4024,89000;DOWN
2026-07-08 18:36:00;M1;5;21;4025,16137;4030,39000;UP
2026-07-08 18:44:00;M1;5;55;4032,71006;4032,86000;UP
2026-07-08 19:10:00;M1;5;89;4041,01435;4041,79000;UP
2026-07-08 19:13:00;M1;5;89;4039,59751;4039,46000;DOWN
2026-07-08 19:17:00;M1;5;89;4038,32904;4040,00000;UP
2026-07-08 19:36:00;M1;5;21;4043,02330;4040,78000;DOWN
2026-07-08 19:41:00;M1;5;21;4045,69077;4047,80000;UP
2026-07-08 20:02:00;M1;5;21;4060,77111;4060,17000;DOWN
2026-07-08 20:06:00;M1;5;21;4063,94015;4066,12000;UP
2026-07-08 20:11:00;M1;5;21;4066,58519;4066,23000;DOWN
2026-07-08 20:25:00;M1;5;21;4070,76737;4070,80000;UP
2026-07-08 20:26:00;M1;5;21;4072,73405;4072,66000;DOWN
2026-07-08 20:31:00;M1;5;21;4074,32112;4074,40000;UP
2026-07-08 20:36:00;M1;5;34;4072,12743;4071,74000;DOWN
2026-07-08 20:56:00;M1;5;55;4067,75237;4065,44000;DOWN
2026-07-08 21:01:00;M1;5;55;4069,50078;4072,27000;UP
2026-07-08 21:10:00;M1;5;21;4071,20782;4071,23000;UP
2026-07-08 21:06:00;M1;5;55;4071,02142;4068,06000;DOWN
2026-07-08 21:12:00;M1;5;55;4072,52878;4072,79000;UP
2026-07-08 21:16:00;M1;5;55;4073,91169;4071,10000;DOWN
2026-07-08 21:35:00;M1;5;21;4070,66792;4070,97000;UP
2026-07-08 21:39:00;M1;5;34;4074,87024;4075,06000;UP
2026-07-08 21:44:00;M1;5;55;4078,56496;4079,47000;UP
2026-07-08 22:15:00;M1;5;55;4085,96216;4085,64000;DOWN
2026-07-08 22:20:00;M1;5;55;4087,06252;4087,29000;UP
2026-07-08 22:16:00;M1;5;34;4085,98952;4085,03000;DOWN
2026-07-08 22:21:00;M1;5;55;4088,03312;4087,21000;DOWN
2026-07-08 22:30:00;M1;5;34;4088,60579;4089,13000;UP
2026-07-08 22:32:00;M1;5;55;4089,71396;4089,07000;DOWN
2026-07-08 22:41:00;M1;5;89;4085,28261;4085,09000;DOWN
2026-07-08 23:29:00;M1;5;21;4076,31848;4076,80000;UP
2026-07-08 23:32:00;M1;5;21;4075,17065;4075,08000;DOWN
2026-07-08 23:40:00;M1;5;21;4074,21534;4074,86000;UP
2026-07-08 23:50:00;M1;5;34;4076,26686;4077,08000;UP
2026-07-09 01:03:00;M1;5;34;4074,38811;4073,91000;DOWN
2026-07-09 01:06:00;M1;5;21;4074,53069;4077,70000;UP
2026-07-09 01:21:00;M1;5;21;4075,65111;4075,00000;DOWN
2026-07-09 01:27:00;M1;5;34;4073,66218;4073,65000;DOWN
2026-07-09 01:31:00;M1;5;21;4075,58481;4076,82000;UP
2026-07-09 01:37:00;M1;5;55;4076,21947;4076,21000;DOWN
2026-07-09 01:41:00;M1;5;21;4075,84250;4077,18000;UP
2026-07-09 02:00:00;M1;5;34;4075,51950;4075,15000;DOWN
2026-07-09 02:01:00;M1;5;55;4075,01294;4074,94000;DOWN
2026-07-09 02:07:00;M1;5;34;4076,05670;4076,33000;UP
2026-07-09 02:11:00;M1;5;34;4076,24111;4075,95000;DOWN
2026-07-09 02:16:00;M1;5;34;4076,32013;4076,65000;UP
2026-07-09 02:21:00;M1;5;34;4076,34510;4075,84000;DOWN
2026-07-09 02:27:00;M1;5;21;4076,67241;4077,03000;UP
2026-07-09 02:31:00;M1;5;34;4076,44869;4075,10000;DOWN
2026-07-09 02:39:00;M1;5;21;4076,25550;4076,27000;UP
2026-07-09 02:42:00;M1;5;55;4074,91641;4074,50000;DOWN
2026-07-09 02:52:00;M1;5;21;4075,07828;4075,13000;UP
2026-07-09 03:00:00;M1;5;89;4078,08113;4079,71000;UP
2026-07-09 03:25:00;M1;5;89;4077,24581;4074,83000;DOWN
2026-07-09 03:29:00;M1;5;55;4077,16578;4077,98000;UP
2026-07-09 03:32:00;M1;5;34;4079,34060;4079,79000;UP
2026-07-09 03:35:00;M1;5;89;4077,29862;4077,21000;DOWN
2026-07-09 03:36:00;M1;5;55;4077,93590;4081,11000;UP
2026-07-09 03:39:00;M1;5;34;4079,54066;4079,21000;DOWN
2026-07-09 03:41:00;M1;5;89;4077,38412;4077,10000;DOWN
2026-07-09 03:47:00;M1;5;89;4077,39727;4077,88000;UP
2026-07-09 03:51:00;M1;5;89;4077,30689;4074,24000;DOWN
2026-07-09 04:09:00;M1;5;21;4073,04228;4073,32000;UP
2026-07-09 04:18:00;M1;5;34;4075,03820;4075,14000;UP
2026-07-09 04:21:00;M1;5;34;4074,40198;4072,53000;DOWN
2026-07-09 04:27:00;M1;5;21;4070,37405;4069,79000;DOWN
2026-07-09 04:33:00;M1;5;21;4069,79332;4071,92000;UP
2026-07-09 04:37:00;M1;5;34;4071,78760;4073,17000;UP
2026-07-09 04:45:00;M1;5;55;4073,99964;4074,04000;UP
2026-07-09 04:46:00;M1;5;89;4074,37928;4075,83000;UP
2026-07-09 04:48:00;M1;5;55;4073,63806;4073,37000;DOWN
2026-07-09 04:51:00;M1;5;89;4074,10794;4072,97000;DOWN
2026-07-09 04:58:00;M1;5;21;4071,05074;4071,66000;UP
2026-07-09 05:01:00;M1;5;89;4073,65143;4074,19000;UP
2026-07-09 05:30:00;M1;5;21;4078,10295;4077,64000;DOWN
2026-07-09 05:34:00;M1;5;89;4073,79309;4072,32000;DOWN
2026-07-09 05:38:00;M1;5;55;4073,52423;4074,14000;UP
2026-07-09 05:41:00;M1;5;89;4073,87334;4071,54000;DOWN
2026-07-09 06:24:00;M1;5;21;4058,66540;4059,17000;UP
2026-07-09 06:33:00;M1;5;34;4061,73374;4062,23000;UP
2026-07-09 06:40:00;M1;5;34;4060,34120;4059,05000;DOWN
2026-07-09 06:41:00;M1;5;34;4059,26387;4060,10000;UP
2026-07-09 06:51:00;M1;5;55;4062,19930;4062,31000;UP
2026-07-09 07:02:00;M1;5;55;4061,05237;4059,57000;DOWN
2026-07-09 07:06:00;M1;5;21;4060,80062;4061,82000;UP
2026-07-09 07:13:00;M1;5;89;4063,35196;4063,68000;UP
2026-07-09 07:15:00;M1;5;55;4060,02475;4059,41000;DOWN
2026-07-09 07:16:00;M1;5;89;4062,81710;4059,44000;DOWN
2026-07-09 07:21:00;M1;5;34;4057,70801;4059,84000;UP
2026-07-09 07:30:00;M1;5;21;4060,48016;4061,67000;UP
2026-07-09 07:31:00;M1;5;89;4061,31070;4062,83000;UP
2026-07-09 07:42:00;M1;5;89;4060,48851;4058,72000;DOWN
2026-07-09 07:49:00;M1;5;21;4060,57172;4061,43000;UP
2026-07-09 08:24:00;M1;5;21;4068,76474;4068,59000;DOWN
2026-07-09 08:27:00;M1;5;21;4070,16453;4070,58000;UP
2026-07-09 08:30:00;M1;5;34;4066,62736;4066,61000;DOWN
2026-07-09 08:33:00;M1;5;34;4067,87177;4069,26000;UP
2026-07-09 08:31:00;M1;5;21;4071,43150;4066,10000;DOWN
2026-07-09 08:38:00;M1;5;21;4072,98821;4074,78000;UP
2026-07-09 08:41:00;M1;5;21;4074,51336;4073,60000;DOWN
2026-07-09 08:47:00;M1;5;21;4076,22921;4076,27000;UP
2026-07-09 09:11:00;M1;5;21;4088,55783;4088,54000;DOWN
2026-07-09 09:16:00;M1;5;21;4091,54472;4093,91000;UP
2026-07-09 09:40:00;M1;5;34;4097,84996;4096,61000;DOWN
2026-07-09 09:43:00;M1;5;34;4100,40482;4101,38000;UP
2026-07-09 09:51:00;M1;5;34;4104,75955;4104,36000;DOWN
2026-07-09 09:59:00;M1;5;34;4106,73185;4107,95000;UP
2026-07-09 10:01:00;M1;5;34;4108,49688;4108,45000;DOWN
2026-07-09 10:12:00;M1;5;55;4105,42644;4103,99000;DOWN
2026-07-09 10:28:00;M1;5;21;4108,23491;4108,26000;UP
2026-07-09 10:31:00;M1;5;21;4108,27071;4104,37000;DOWN
2026-07-09 10:36:00;M1;5;21;4108,43015;4108,87000;UP
2026-07-09 10:41:00;M1;5;21;4108,69207;4108,30000;DOWN
2026-07-09 10:48:00;M1;5;21;4109,12005;4109,86000;UP
2026-07-09 10:51:00;M1;5;21;4109,47102;4108,92000;DOWN
2026-07-09 10:56:00;M1;5;89;4106,53148;4106,10000;DOWN
2026-07-09 11:08:00;M1;5;21;4109,65976;4109,96000;UP
2026-07-09 11:11:00;M1;5;89;4110,55512;4107,70000;DOWN
2026-07-09 11:17:00;M1;5;21;4109,50566;4110,94000;UP
2026-07-09 11:31:00;M1;5;89;4115,13952;4113,68000;DOWN
2026-07-09 11:36:00;M1;5;21;4112,74954;4113,32000;UP
2026-07-09 11:45:00;M1;5;34;4113,25752;4111,15000;DOWN
2026-07-09 12:17:00;M1;5;21;4109,04688;4109,34000;UP
2026-07-09 12:22:00;M1;5;34;4110,83080;4108,55000;DOWN
2026-07-09 12:26:00;M1;5;21;4107,94194;4108,87000;UP
2026-07-09 12:34:00;M1;5;21;4107,33522;4105,75000;DOWN
2026-07-09 12:52:00;M1;5;21;4104,90715;4105,35000;UP
2026-07-09 12:57:00;M1;5;34;4106,25431;4107,31000;UP
2026-07-09 13:08:00;M1;5;34;4105,82028;4105,75000;DOWN
2026-07-09 13:11:00;M1;5;34;4105,64673;4107,14000;UP
2026-07-09 13:13:00;M1;5;21;4105,64803;4105,34000;DOWN
2026-07-09 13:16:00;M1;5;21;4105,63821;4105,68000;UP
2026-07-09 13:17:00;M1;5;34;4105,44844;4105,28000;DOWN
2026-07-09 13:22:00;M1;5;34;4105,21990;4105,60000;UP
2026-07-09 13:21:00;M1;5;21;4105,49485;4105,21000;DOWN
2026-07-09 13:26:00;M1;5;34;4104,93543;4104,64000;DOWN
2026-07-09 13:38:00;M1;5;34;4104,42552;4104,75000;UP
2026-07-09 13:42:00;M1;5;34;4104,15337;4103,89000;DOWN
2026-07-09 14:01:00;M1;5;21;4100,34273;4101,96000;UP
2026-07-09 14:06:00;M1;5;55;4102,78280;4101,58000;DOWN
2026-07-09 14:11:00;M1;5;34;4101,21606;4102,72000;UP
2026-07-09 14:23:00;M1;5;55;4101,85278;4100,64000;DOWN
2026-07-09 14:32:00;M1;5;21;4101,15586;4102,49000;UP
2026-07-09 14:36:00;M1;5;55;4101,16799;4100,12000;DOWN
2026-07-09 14:41:00;M1;5;21;4102,47023;4107,74000;UP
2026-07-09 14:49:00;M1;5;89;4106,18614;4106,12000;DOWN
2026-07-09 14:51:00;M1;5;89;4105,83680;4106,92000;UP
2026-07-09 15:03:00;M1;5;21;4106,74587;4106,35000;DOWN
2026-07-09 15:06:00;M1;5;21;4108,44899;4108,88000;UP
2026-07-09 15:20:00;M1;5;34;4107,77495;4106,98000;DOWN
2026-07-09 15:33:00;M1;5;21;4111,87942;4114,08000;UP
2026-07-09 15:43:00;M1;5;21;4114,42440;4113,73000;DOWN
2026-07-09 15:46:00;M1;5;34;4113,32103;4111,37000;DOWN
2026-07-09 15:58:00;M1;5;55;4110,42255;4108,78000;DOWN
2026-07-09 16:03:00;M1;5;55;4111,03970;4112,18000;UP
2026-07-09 16:06:00;M1;5;21;4113,67171;4114,05000;UP
2026-07-09 16:31:00;M1;5;21;4122,40029;4121,97000;DOWN
2026-07-09 16:38:00;M1;5;21;4124,45572;4127,06000;UP
2026-07-09 16:41:00;M1;5;34;4123,27740;4122,13000;DOWN
2026-07-09 16:50:00;M1;5;55;4121,28875;4120,92000;DOWN
2026-07-09 16:51:00;M1;5;34;4125,15100;4125,35000;UP
2026-07-09 16:56:00;M1;5;55;4123,14873;4118,81000;DOWN
2026-07-09 17:01:00;M1;5;21;4127,45762;4128,72000;UP
2026-07-09 17:10:00;M1;5;55;4124,97343;4121,62000;DOWN
2026-07-09 17:15:00;M1;5;89;4119,37142;4116,91000;DOWN
2026-07-09 17:23:00;M1;5;89;4120,86501;4122,29000;UP
2026-07-09 17:28:00;M1;5;21;4124,05035;4124,82000;UP
2026-07-09 17:31:00;M1;5;89;4122,27026;4121,38000;DOWN
2026-07-09 17:36:00;M1;5;21;4123,52736;4124,67000;UP
2026-07-09 17:41:00;M1;5;89;4123,53751;4121,93000;DOWN
2026-07-09 17:46:00;M1;5;21;4122,95113;4123,90000;UP
2026-07-09 17:51:00;M1;5;21;4122,59457;4119,85000;DOWN
2026-07-09 17:56:00;M1;5;21;4122,92256;4123,25000;UP
2026-07-09 18:02:00;M1;5;89;4125,60553;4125,19000;DOWN
2026-07-09 18:06:00;M1;5;55;4128,13122;4130,58000;UP
2026-07-09 18:11:00;M1;5;89;4126,61803;4125,23000;DOWN
2026-07-09 18:16:00;M1;5;21;4125,88115;4126,79000;UP
2026-07-09 18:24:00;M1;5;55;4128,57643;4129,51000;UP
2026-07-09 18:21:00;M1;5;89;4127,60639;4126,69000;DOWN
2026-07-09 18:26:00;M1;5;21;4127,49474;4129,38000;UP
2026-07-09 18:28:00;M1;5;55;4128,73437;4128,42000;DOWN
2026-07-09 18:31:00;M1;5;89;4128,56195;4127,13000;DOWN
2026-07-09 18:38:00;M1;5;21;4128,82055;4129,83000;UP
2026-07-09 18:37:00;M1;5;34;4127,24530;4126,85000;DOWN
2026-07-09 18:41:00;M1;5;34;4127,84154;4129,99000;UP
2026-07-09 18:42:00;M1;5;89;4129,49806;4128,88000;DOWN
2026-07-09 18:46:00;M1;5;21;4129,98138;4131,67000;UP
2026-07-09 18:52:00;M1;5;89;4130,34074;4129,43000;DOWN
2026-07-09 19:01:00;M1;5;21;4129,35596;4129,47000;UP
2026-07-09 19:10:00;M1;5;55;4129,61525;4130,20000;UP
2026-07-09 19:06:00;M1;5;34;4129,14994;4127,15000;DOWN
2026-07-09 19:11:00;M1;5;21;4128,85975;4130,02000;UP
2026-07-09 19:12:00;M1;5;55;4129,68827;4128,65000;DOWN
2026-07-09 19:16:00;M1;5;55;4129,78200;4131,87000;UP
2026-07-09 19:18:00;M1;5;89;4131,68839;4129,99000;DOWN
2026-07-09 19:23:00;M1;5;55;4129,93321;4129,19000;DOWN
2026-07-09 19:27:00;M1;5;21;4129,75377;4130,15000;UP
2026-07-09 19:38:00;M1;5;89;4132,74740;4132,39000;DOWN
2026-07-09 19:43:00;M1;5;89;4133,05403;4133,86000;UP
2026-07-09 19:46:00;M1;5;89;4133,32994;4133,02000;DOWN
2026-07-09 19:54:00;M1;5;34;4132,57754;4133,11000;UP
2026-07-09 19:56:00;M1;5;55;4132,42637;4131,82000;DOWN
2026-07-09 20:28:00;M1;5;21;4128,02913;4128,72000;UP
2026-07-09 20:32:00;M1;5;55;4131,46139;4129,37000;DOWN
2026-07-09 20:36:00;M1;5;34;4130,12948;4131,03000;UP
2026-07-09 20:41:00;M1;5;89;4133,48449;4132,81000;DOWN
2026-07-09 20:46:00;M1;5;89;4133,57131;4134,84000;UP
2026-07-09 21:02:00;M1;5;89;4134,09423;4132,90000;DOWN
2026-07-09 21:41:00;M1;5;21;4124,03814;4124,44000;UP
2026-07-09 22:00:00;M1;5;34;4125,21146;4125,99000;UP
2026-07-09 22:02:00;M1;5;34;4124,49491;4124,27000;DOWN
2026-07-09 22:06:00;M1;5;34;4123,80663;4124,62000;UP
2026-07-09 22:24:00;M1;5;34;4122,25985;4121,92000;DOWN
2026-07-09 22:35:00;M1;5;34;4121,29414;4121,70000;UP
2026-07-09 22:36:00;M1;5;21;4121,42365;4122,26000;UP
2026-07-09 22:37:00;M1;5;34;4120,85257;4120,77000;DOWN
2026-07-09 22:41:00;M1;5;21;4120,92370;4120,26000;DOWN
2026-07-09 22:46:00;M1;5;21;4120,64584;4120,81000;UP
2026-07-09 22:51:00;M1;5;55;4121,61487;4122,89000;UP
2026-07-09 23:26:00;M1;5;21;4121,40011;4120,95000;DOWN
2026-07-09 23:33:00;M1;5;21;4121,73416;4123,04000;UP
2026-07-09 23:46:00;M1;5;21;4123,22692;4123,19000;DOWN
2026-07-09 23:54:00;M1;5;21;4123,63038;4123,82000;UP
2026-07-09 23:56:00;M1;5;21;4123,95609;4123,66000;DOWN
2026-07-10 01:01:00;M1;5;21;4124,32026;4124,73000;UP
2026-07-10 01:09:00;M1;5;34;4123,31410;4122,61000;DOWN
2026-07-10 01:15:00;M1;5;34;4123,53060;4123,59000;UP
2026-07-10 01:16:00;M1;5;21;4124,34377;4124,53000;UP
2026-07-10 01:19:00;M1;5;34;4123,68017;4123,25000;DOWN
2026-07-10 01:21:00;M1;5;21;4124,19653;4123,26000;DOWN
2026-07-10 01:26:00;M1;5;21;4124,00573;4124,38000;UP
2026-07-10 01:31:00;M1;5;34;4123,91834;4123,13000;DOWN
2026-07-10 01:36:00;M1;5;21;4123,68562;4124,27000;UP
2026-07-10 01:41:00;M1;5;34;4124,02991;4122,73000;DOWN
2026-07-10 01:46:00;M1;5;21;4123,44510;4123,53000;UP
2026-07-10 01:48:00;M1;5;55;4122,61576;4121,95000;DOWN
2026-07-10 01:54:00;M1;5;55;4122,76140;4123,01000;UP
2026-07-10 01:51:00;M1;5;21;4123,27430;4121,85000;DOWN
2026-07-10 01:56:00;M1;5;55;4122,85271;4122,22000;DOWN
2026-07-10 02:04:00;M1;5;21;4122,80703;4123,31000;UP
2026-07-10 02:06:00;M1;5;34;4123,47268;4123,75000;UP
2026-07-10 02:23:00;M1;5;55;4123,35747;4122,53000;DOWN
2026-07-10 02:37:00;M1;5;21;4122,66536;4122,84000;UP
2026-07-10 02:41:00;M1;5;34;4122,80561;4122,82000;UP
2026-07-10 02:46:00;M1;5;55;4123,26833;4123,72000;UP
2026-07-10 02:53:00;M1;5;55;4123,23710;4123,08000;DOWN
2026-07-10 02:56:00;M1;5;55;4123,21658;4123,58000;UP
2026-07-10 03:00:00;M1;5;89;4121,74305;4120,88000;DOWN
2026-07-10 03:03:00;M1;5;21;4123,00779;4123,37000;UP
2026-07-10 03:01:00;M1;5;55;4123,21533;4120,95000;DOWN
2026-07-10 03:06:00;M1;5;55;4123,20474;4124,11000;UP
2026-07-10 03:08:00;M1;5;89;4121,92765;4121,50000;DOWN
2026-07-10 03:12:00;M1;5;89;4122,00760;4122,51000;UP
2026-07-10 03:11:00;M1;5;55;4123,16611;4121,49000;DOWN
2026-07-10 03:17:00;M1;5;21;4122,77278;4123,47000;UP
2026-07-10 03:16:00;M1;5;89;4122,05793;4121,35000;DOWN
2026-07-10 03:21:00;M1;5;55;4122,88259;4121,70000;DOWN
2026-07-10 03:38:00;M1;5;21;4119,34027;4119,44000;UP
2026-07-10 03:42:00;M1;5;34;4120,39347;4121,92000;UP
2026-07-10 04:03:00;M1;5;89;4121,56947;4120,85000;DOWN
2026-07-10 04:08:00;M1;5;21;4122,81239;4123,85000;UP
2026-07-10 04:11:00;M1;5;21;4123,75222;4122,82000;DOWN
2026-07-10 04:17:00;M1;5;21;4124,70177;4124,74000;UP
2026-07-10 04:25:00;M1;5;89;4122,08272;4121,07000;DOWN
2026-07-10 04:30:00;M1;5;55;4122,45736;4122,67000;UP
2026-07-10 04:32:00;M1;5;89;4122,22579;4119,59000;DOWN
2026-07-10 04:53:00;M1;5;21;4115,92204;4116,96000;UP
2026-07-10 04:57:00;M1;5;34;4118,37908;4119,10000;UP
2026-07-10 05:01:00;M1;5;34;4117,69912;4117,01000;DOWN
2026-07-10 05:06:00;M1;5;34;4117,56655;4119,51000;UP
2026-07-10 05:34:00;M1;5;21;4124,13317;4123,33000;DOWN
2026-07-10 05:50:00;M1;5;21;4126,83339;4126,87000;UP
2026-07-10 05:55:00;M1;5;21;4127,45107;4126,41000;DOWN
2026-07-10 06:00:00;M1;5;21;4127,95980;4130,68000;UP
2026-07-10 06:10:00;M1;5;21;4129,32967;4128,92000;DOWN
2026-07-10 06:14:00;M1;5;34;4127,93754;4126,53000;DOWN
2026-07-10 06:20:00;M1;5;55;4124,94736;4124,50000;DOWN
2026-07-10 06:22:00;M1;5;89;4123,33876;4123,31000;DOWN
2026-07-10 06:30:00;M1;5;55;4125,65384;4125,69000;UP
2026-07-10 06:31:00;M1;5;89;4123,86410;4123,81000;DOWN
2026-07-10 06:36:00;M1;5;89;4124,06585;4125,53000;UP
2026-07-10 06:41:00;M1;5;89;4124,19588;4121,77000;DOWN
2026-07-10 07:12:00;M1;5;21;4118,71864;4119,36000;UP
2026-07-10 07:20:00;M1;5;21;4118,26453;4117,65000;DOWN
2026-07-10 07:29:00;M1;5;21;4116,71654;4117,54000;UP
2026-07-10 07:36:00;M1;5;34;4117,62428;4118,74000;UP
2026-07-10 07:45:00;M1;5;34;4117,14968;4116,90000;DOWN
2026-07-10 07:46:00;M1;5;34;4116,77529;4118,00000;UP
2026-07-10 07:50:00;M1;5;21;4116,67421;4116,49000;DOWN
2026-07-10 07:51:00;M1;5;21;4116,75783;4116,82000;UP
2026-07-10 07:56:00;M1;5;34;4116,05645;4115,97000;DOWN
2026-07-10 08:07:00;M1;5;21;4115,47213;4116,28000;UP
2026-07-10 08:11:00;M1;5;34;4114,61527;4113,71000;DOWN
2026-07-10 08:16:00;M1;5;21;4114,66201;4115,71000;UP
2026-07-10 08:21:00;M1;5;55;4115,94138;4115,73000;DOWN
2026-07-10 08:26:00;M1;5;21;4114,11477;4114,45000;UP
2026-07-10 08:31:00;M1;5;34;4113,59983;4111,60000;DOWN
2026-07-10 08:44:00;M1;5;21;4112,35671;4114,04000;UP
2026-07-10 08:46:00;M1;5;55;4113,09306;4110,53000;DOWN
2026-07-10 08:51:00;M1;5;21;4111,82132;4113,20000;UP
2026-07-10 08:59:00;M1;5;89;4116,20436;4116,78000;UP
2026-07-10 09:14:00;M1;5;89;4115,17262;4115,01000;DOWN
2026-07-10 09:17:00;M1;5;21;4115,90446;4117,59000;UP
2026-07-10 09:21:00;M1;5;21;4116,87273;4116,77000;DOWN
2026-07-10 09:29:00;M1;5;89;4114,60864;4114,49000;DOWN
2026-07-10 09:31:00;M1;5;89;4114,41509;4115,06000;UP
2026-07-10 09:32:00;M1;5;55;4113,02067;4112,81000;DOWN
2026-07-10 09:39:00;M1;5;34;4115,32805;4115,48000;UP
2026-07-10 09:40:00;M1;5;89;4114,22759;4113,46000;DOWN
2026-07-10 09:41:00;M1;5;55;4113,15408;4113,06000;DOWN
2026-07-10 09:47:00;M1;5;55;4113,12064;4113,95000;UP
2026-07-10 09:51:00;M1;5;89;4113,49591;4112,80000;DOWN
2026-07-10 09:56:00;M1;5;55;4112,95700;4113,32000;UP
2026-07-10 10:01:00;M1;5;89;4112,96324;4112,23000;DOWN
2026-07-10 10:06:00;M1;5;21;4112,23872;4113,07000;UP
2026-07-10 10:11:00;M1;5;89;4112,41866;4110,13000;DOWN
2026-07-10 10:18:00;M1;5;21;4111,38157;4112,84000;UP
2026-07-10 10:22:00;M1;5;34;4112,98393;4112,91000;DOWN
2026-07-10 10:26:00;M1;5;34;4112,74588;4112,99000;UP
2026-07-10 10:29:00;M1;5;55;4112,42478;4112,40000;DOWN
2026-07-10 10:31:00;M1;5;55;4112,42251;4114,13000;UP
2026-07-10 10:33:00;M1;5;34;4112,57248;4112,44000;DOWN
2026-07-10 10:40:00;M1;5;89;4111,56472;4110,78000;DOWN
2026-07-10 10:59:00;M1;5;21;4108,42168;4108,91000;UP
2026-07-10 11:01:00;M1;5;21;4107,48522;4105,50000;DOWN
2026-07-10 11:06:00;M1;5;21;4106,68459;4107,39000;UP
2026-07-10 11:16:00;M1;5;34;4107,03871;4107,31000;UP
2026-07-10 11:23:00;M1;5;34;4106,51769;4106,40000;DOWN
2026-07-10 11:28:00;M1;5;21;4104,82097;4105,17000;UP
2026-07-10 11:32:00;M1;5;21;4104,19195;4103,63000;DOWN
2026-07-10 12:03:00;M1;5;21;4097,28648;4098,48000;UP
2026-07-10 12:10:00;M1;5;34;4098,33505;4097,77000;DOWN
2026-07-10 12:12:00;M1;5;34;4097,81948;4098,28000;UP
2026-07-10 12:24:00;M1;5;89;4101,91122;4102,15000;UP
2026-07-10 12:28:00;M1;5;89;4101,44081;4101,17000;DOWN
2026-07-10 12:31:00;M1;5;89;4101,02378;4102,00000;UP
2026-07-10 12:36:00;M1;5;89;4100,64188;4099,71000;DOWN
2026-07-10 12:41:00;M1;5;21;4101,17511;4102,47000;UP
2026-07-10 12:52:00;M1;5;21;4102,87158;4102,47000;DOWN
2026-07-10 12:56:00;M1;5;21;4103,64599;4103,75000;UP
2026-07-10 13:11:00;M1;5;21;4106,42123;4106,03000;DOWN
2026-07-10 13:19:00;M1;5;21;4107,09531;4107,18000;UP
2026-07-10 13:21:00;M1;5;21;4108,05768;4107,20000;DOWN
2026-07-10 13:27:00;M1;5;21;4109,00097;4109,04000;UP
2026-07-10 13:33:00;M1;5;34;4107,21250;4106,63000;DOWN
2026-07-10 13:36:00;M1;5;34;4107,92489;4108,57000;UP
2026-07-10 13:41:00;M1;5;34;4108,54546;4107,56000;DOWN
2026-07-10 13:59:00;M1;5;55;4105,59503;4104,62000;DOWN
2026-07-10 14:01:00;M1;5;55;4106,08170;4106,10000;UP
2026-07-10 14:06:00;M1;5;55;4106,49233;4105,99000;DOWN
2026-07-10 14:11:00;M1;5;21;4107,14834;4107,57000;UP
2026-07-10 14:16:00;M1;5;55;4107,14141;4107,14000;DOWN
2026-07-10 14:23:00;M1;5;21;4106,53562;4106,58000;UP
2026-07-10 14:29:00;M1;5;89;4102,96976;4100,20000;DOWN
2026-07-10 14:42:00;M1;5;21;4101,86511;4104,60000;UP
2026-07-10 14:46:00;M1;5;55;4106,47697;4106,40000;DOWN
2026-07-10 14:51:00;M1;5;55;4106,27731;4107,62000;UP
2026-07-10 14:57:00;M1;5;89;4103,21993;4103,14000;DOWN
2026-07-10 15:01:00;M1;5;21;4102,23435;4103,37000;UP
2026-07-10 15:06:00;M1;5;89;4103,32014;4102,54000;DOWN
2026-07-10 15:11:00;M1;5;21;4103,66751;4103,79000;UP
2026-07-10 15:23:00;M1;5;21;4106,83001;4106,51000;DOWN
2026-07-10 15:27:00;M1;5;89;4104,41197;4103,73000;DOWN
2026-07-10 15:31:00;M1;5;89;4104,62739;4104,94000;UP
2026-07-10 15:36:00;M1;5;89;4104,76834;4098,87000;DOWN
2026-07-10 15:51:00;M1;5;21;4102,76816;4104,27000;UP
2026-07-10 15:56:00;M1;5;34;4102,99003;4099,63000;DOWN
2026-07-10 16:01:00;M1;5;21;4100,57227;4104,81000;UP
2026-07-10 16:06:00;M1;5;89;4104,17889;4103,76000;DOWN
2026-07-10 16:13:00;M1;5;55;4102,90931;4105,30000;UP
2026-07-10 16:17:00;M1;5;89;4103,93074;4102,76000;DOWN
2026-07-10 16:22:00;M1;5;21;4100,61079;4099,94000;DOWN
2026-07-10 16:39:00;M1;5;21;4095,05282;4097,45000;UP
2026-07-10 16:42:00;M1;5;55;4099,29577;4099,95000;UP
2026-07-10 16:46:00;M1;5;89;4101,36635;4100,23000;DOWN
2026-07-10 16:51:00;M1;5;89;4100,98668;4102,56000;UP
2026-07-10 16:56:00;M1;5;89;4100,64413;4099,62000;DOWN
2026-07-10 17:03:00;M1;5;89;4100,36124;4100,99000;UP
2026-07-10 17:11:00;M1;5;89;4099,94842;4099,38000;DOWN
2026-07-10 17:18:00;M1;5;89;4099,84710;4101,64000;UP
2026-07-10 17:16:00;M1;5;21;4100,62536;4098,68000;DOWN
2026-07-10 17:21:00;M1;5;21;4101,84656;4106,28000;UP
2026-07-10 17:32:00;M1;5;89;4099,64318;4087,60000;DOWN
2026-07-10 17:43:00;M1;5;21;4100,02865;4100,35000;UP
2026-07-10 17:55:00;M1;5;89;4099,09448;4098,45000;DOWN
2026-07-10 17:56:00;M1;5;55;4098,10235;4095,11000;DOWN
2026-07-10 18:03:00;M1;5;55;4098,05296;4098,52000;UP
2026-07-10 18:06:00;M1;5;21;4098,40985;4098,92000;UP
2026-07-10 18:12:00;M1;5;34;4099,33381;4099,55000;UP
2026-07-10 18:14:00;M1;5;89;4098,39677;4097,47000;DOWN
2026-07-10 18:16:00;M1;5;21;4097,59681;4102,58000;UP
2026-07-10 19:05:00;M1;5;21;4110,95359;4110,35000;DOWN
2026-07-10 19:11:00;M1;5;34;4109,29542;4108,68000;DOWN
2026-07-10 19:16:00;M1;5;34;4110,34045;4112,88000;UP
2026-07-10 19:21:00;M1;5;34;4111,25099;4108,68000;DOWN
2026-07-10 19:29:00;M1;5;21;4114,19790;4114,31000;UP
2026-07-10 19:34:00;M1;5;34;4113,10290;4112,67000;DOWN
2026-07-10 19:44:00;M1;5;55;4110,70547;4109,00000;DOWN
2026-07-10 19:52:00;M1;5;89;4106,71523;4106,57000;DOWN
2026-07-10 20:11:00;M1;5;21;4104,79179;4105,14000;UP
2026-07-10 20:31:00;M1;5;34;4106,06717;4106,63000;UP
2026-07-10 20:36:00;M1;5;34;4105,40089;4104,69000;DOWN
2026-07-10 20:50:00;M1;5;34;4104,11496;4104,44000;UP
2026-07-10 20:53:00;M1;5;34;4103,52583;4103,51000;DOWN
2026-07-10 21:04:00;M1;5;21;4102,51973;4102,65000;UP
2026-07-10 21:06:00;M1;5;34;4101,92302;4101,77000;DOWN
2026-07-10 21:11:00;M1;5;21;4102,36935;4104,17000;UP
2026-07-10 21:18:00;M1;5;21;4102,47936;4102,24000;DOWN
2026-07-10 21:21:00;M1;5;21;4102,51487;4104,05000;UP
2026-07-10 21:30:00;M1;5;21;4102,53197;4102,06000;DOWN
2026-07-10 21:33:00;M1;5;21;4102,57727;4102,94000;UP
2026-07-10 21:31:00;M1;5;34;4101,80325;4101,77000;DOWN
2026-07-10 21:36:00;M1;5;34;4101,66949;4102,61000;UP
2026-07-10 21:37:00;M1;5;21;4102,29169;4101,88000;DOWN
2026-07-10 21:41:00;M1;5;34;4101,36686;4099,60000;DOWN
2026-07-10 21:54:00;M1;5;21;4100,62676;4101,18000;UP
2026-07-10 22:00:00;M1;5;34;4100,48856;4099,96000;DOWN
2026-07-10 22:07:00;M1;5;21;4099,60458;4101,52000;UP
2026-07-10 22:11:00;M1;5;55;4100,17602;4099,27000;DOWN
2026-07-10 22:16:00;M1;5;21;4099,88035;4102,36000;UP
2026-07-10 22:31:00;M1;5;21;4101,11626;4101,09000;DOWN
2026-07-10 22:38:00;M1;5;21;4101,44578;4102,62000;UP
2026-07-10 22:42:00;M1;5;89;4102,43937;4103,38000;UP
2026-07-10 23:16:00;M1;5;21;4111,53652;4110,71000;DOWN
2026-07-10 23:36:00;M1;5;34;4111,95798;4111,17000;DOWN
2026-07-10 23:49:00;M1;5;34;4113,32876;4113,70000;UP
2026-07-10 23:53:00;M1;5;21;4114,97126;4119,04000;UP
2026-07-10 23:51:00;M1;5;34;4114,28880;4113,90000;DOWN
2026-07-10 23:56:00;M1;5;34;4115,44522;4119,89000;UP
2026-07-13 01:01:00;M1;5;89;4107,46100;4095,73000;DOWN
2026-07-13 01:31:00;M1;5;21;4082,57009;4083,23000;UP
2026-07-13 01:40:00;M1;5;21;4079,02625;4078,87000;DOWN
2026-07-13 01:41:00;M1;5;21;4075,98819;4078,49000;UP
2026-07-13 02:04:00;M1;5;21;4070,73812;4070,44000;DOWN
2026-07-13 02:06:00;M1;5;21;4069,77040;4071,14000;UP
2026-07-13 02:11:00;M1;5;34;4070,43135;4070,54000;UP
2026-07-13 02:32:00;M1;5;55;4073,51334;4073,53000;UP
2026-07-13 02:51:00;M1;5;89;4080,07515;4082,16000;UP
2026-07-13 03:15:00;M1;5;21;4084,62599;4084,62000;DOWN
2026-07-13 03:29:00;M1;5;89;4075,84102;4074,64000;DOWN
2026-07-13 03:32:00;M1;5;55;4071,02292;4070,79000;DOWN
2026-07-13 03:42:00;M1;5;55;4070,83959;4073,06000;UP
2026-07-13 03:46:00;M1;5;21;4073,40937;4074,99000;UP
2026-07-13 03:49:00;M1;5;89;4072,45156;4069,03000;DOWN
2026-07-13 03:51:00;M1;5;55;4070,41086;4072,45000;UP
2026-07-13 03:56:00;M1;5;34;4075,77791;4075,87000;UP
2026-07-13 04:00:00;M1;5;89;4070,68630;4068,17000;DOWN
2026-07-13 04:02:00;M1;5;21;4069,19671;4070,64000;UP
2026-07-13 04:01:00;M1;5;34;4074,96365;4066,82000;DOWN
2026-07-13 04:07:00;M1;5;34;4074,41817;4079,32000;UP
2026-07-13 04:17:00;M1;5;34;4073,91067;4073,17000;DOWN
2026-07-13 04:24:00;M1;5;34;4073,58758;4074,33000;UP
2026-07-13 04:21:00;M1;5;21;4072,72215;4072,01000;DOWN
2026-07-13 04:26:00;M1;5;21;4074,18637;4076,23000;UP
2026-07-13 04:54:00;M1;5;55;4076,31303;4074,07000;DOWN
2026-07-13 05:25:00;M1;5;89;4070,30972;4069,62000;DOWN
2026-07-13 05:32:00;M1;5;21;4069,72311;4070,19000;UP
2026-07-13 05:40:00;M1;5;55;4074,48438;4071,65000;DOWN
2026-07-13 05:47:00;M1;5;89;4070,20200;4069,10000;DOWN
2026-07-13 05:51:00;M1;5;21;4069,61882;4070,12000;UP
2026-07-13 05:56:00;M1;5;89;4070,08955;4069,53000;DOWN
2026-07-13 06:22:00;M1;5;21;4061,14461;4061,58000;UP
2026-07-13 06:26:00;M1;5;21;4059,81898;4059,30000;DOWN
2026-07-13 06:31:00;M1;5;21;4058,56021;4059,44000;UP
2026-07-13 06:36:00;M1;5;21;4057,61822;4057,32000;DOWN
2026-07-13 06:41:00;M1;5;21;4056,75918;4059,02000;UP
2026-07-13 06:46:00;M1;5;34;4058,15622;4059,09000;UP
2026-07-13 06:58:00;M1;5;55;4059,99370;4060,20000;UP
2026-07-13 07:01:00;M1;5;55;4059,07865;4056,89000;DOWN
2026-07-13 07:06:00;M1;5;21;4056,81633;4057,70000;UP
2026-07-13 07:10:00;M1;5;34;4055,78462;4055,08000;DOWN
2026-07-13 07:12:00;M1;5;34;4055,16774;4055,68000;UP
2026-07-13 07:11:00;M1;5;21;4056,33659;4054,96000;DOWN
2026-07-13 07:17:00;M1;5;21;4055,94810;4056,06000;UP
2026-07-13 07:16:00;M1;5;34;4054,69168;4054,34000;DOWN
2026-07-13 07:21:00;M1;5;34;4054,37068;4057,14000;UP
2026-07-13 07:27:00;M1;5;55;4055,16999;4055,15000;DOWN
2026-07-13 07:31:00;M1;5;21;4055,37209;4055,87000;UP
2026-07-13 07:43:00;M1;5;55;4053,48347;4053,28000;DOWN
2026-07-13 07:46:00;M1;5;21;4054,46919;4054,79000;UP
2026-07-13 07:51:00;M1;5;34;4053,43756;4053,38000;DOWN
2026-07-13 07:56:00;M1;5;21;4054,28587;4057,23000;UP
2026-07-13 08:21:00;M1;5;21;4064,57851;4063,22000;DOWN
2026-07-13 08:28:00;M1;5;34;4060,58239;4059,19000;DOWN
2026-07-13 08:34:00;M1;5;34;4061,26129;4062,20000;UP
2026-07-13 08:40:00;M1;5;34;4061,87723;4061,79000;DOWN
2026-07-13 08:42:00;M1;5;34;4062,48809;4063,42000;UP
2026-07-13 08:46:00;M1;5;34;4063,04818;4060,02000;DOWN
2026-07-13 08:53:00;M1;5;55;4058,47920;4058,08000;DOWN
2026-07-13 08:57:00;M1;5;89;4055,24487;4055,20000;DOWN
2026-07-13 09:18:00;M1;5;21;4053,10431;4053,55000;UP
2026-07-13 09:25:00;M1;5;34;4057,26167;4058,75000;UP
2026-07-13 09:48:00;M1;5;55;4057,64414;4056,86000;DOWN
2026-07-13 09:53:00;M1;5;89;4054,08158;4053,68000;DOWN
2026-07-13 09:59:00;M1;5;89;4054,17033;4055,48000;UP
2026-07-13 10:01:00;M1;5;89;4054,21452;4049,81000;DOWN
2026-07-13 10:08:00;M1;5;21;4057,08720;4059,22000;UP
2026-07-13 10:12:00;M1;5;55;4056,86576;4056,50000;DOWN
2026-07-13 10:16:00;M1;5;21;4056,53167;4057,60000;UP
2026-07-13 10:31:00;M1;5;21;4056,89358;4056,77000;DOWN
2026-07-13 10:36:00;M1;5;21;4057,62488;4059,84000;UP
2026-07-13 10:44:00;M1;5;21;4058,15883;4057,32000;DOWN
2026-07-13 10:48:00;M1;5;21;4058,43577;4058,64000;UP
2026-07-13 10:50:00;M1;5;55;4056,41363;4056,38000;DOWN
2026-07-13 10:51:00;M1;5;34;4057,83276;4058,38000;UP
2026-07-13 10:51:00;M1;5;21;4058,93945;4058,38000;DOWN
2026-07-13 10:56:00;M1;5;21;4059,92070;4060,77000;UP
2026-07-13 11:26:00;M1;5;21;4074,88157;4074,41000;DOWN
2026-07-13 11:46:00;M1;5;34;4075,63164;4072,27000;DOWN
2026-07-13 11:51:00;M1;5;34;4076,91373;4077,26000;UP
2026-07-13 11:56:00;M1;5;34;4077,94226;4075,71000;DOWN
2026-07-13 12:03:00;M1;5;55;4073,35986;4072,96000;DOWN
2026-07-13 12:06:00;M1;5;55;4074,39337;4075,21000;UP
2026-07-13 12:11:00;M1;5;55;4075,32748;4074,43000;DOWN
2026-07-13 12:25:00;M1;5;21;4075,81813;4076,18000;UP
2026-07-13 12:26:00;M1;5;21;4075,02413;4074,27000;DOWN
2026-07-13 12:35:00;M1;5;89;4071,49722;4071,08000;DOWN
2026-07-13 12:44:00;M1;5;21;4072,13781;4072,67000;UP
2026-07-13 12:46:00;M1;5;89;4073,14953;4072,59000;DOWN
2026-07-13 12:54:00;M1;5;21;4071,26452;4071,30000;UP
2026-07-13 12:56:00;M1;5;21;4070,68147;4069,48000;DOWN
2026-07-13 13:04:00;M1;5;21;4070,13126;4070,14000;UP
2026-07-13 13:06:00;M1;5;21;4069,55164;4069,36000;DOWN
2026-07-13 13:20:00;M1;5;21;4068,32363;4068,63000;UP
2026-07-13 13:21:00;M1;5;21;4067,77533;4067,66000;DOWN
2026-07-13 13:32:00;M1;5;21;4066,32549;4066,71000;UP
2026-07-13 13:37:00;M1;5;34;4067,16529;4067,67000;UP
2026-07-13 13:40:00;M1;5;21;4065,74764;4065,16000;DOWN
2026-07-13 13:41:00;M1;5;34;4065,73372;4053,17000;DOWN
2026-07-13 13:55:00;M1;5;21;4058,99243;4059,16000;UP
2026-07-13 13:58:00;M1;5;34;4060,75600;4061,06000;UP
2026-07-13 14:05:00;M1;5;55;4065,81692;4066,77000;UP
2026-07-13 14:06:00;M1;5;55;4064,74908;4063,85000;DOWN
2026-07-13 14:11:00;M1;5;55;4063,87235;4064,89000;UP
2026-07-13 14:17:00;M1;5;55;4063,12390;4062,70000;DOWN
2026-07-13 14:22:00;M1;5;21;4059,47810;4059,36000;DOWN
2026-07-13 14:26:00;M1;5;21;4060,02292;4062,43000;UP
2026-07-13 14:46:00;M1;5;21;4064,39942;4063,85000;DOWN
2026-07-13 14:51:00;M1;5;55;4060,26459;4059,79000;DOWN
2026-07-13 15:03:00;M1;5;55;4059,35822;4059,43000;UP
2026-07-13 15:06:00;M1;5;55;4058,80345;4058,44000;DOWN
2026-07-13 15:15:00;M1;5;21;4058,52567;4058,66000;UP
2026-07-13 15:16:00;M1;5;34;4058,88233;4059,20000;UP
2026-07-13 15:21:00;M1;5;34;4058,76028;4057,90000;DOWN
2026-07-13 15:26:00;M1;5;34;4058,62874;4062,04000;UP
2026-07-13 15:32:00;M1;5;89;4061,54554;4062,05000;UP
2026-07-13 15:37:00;M1;5;89;4061,07605;4060,88000;DOWN
2026-07-13 15:41:00;M1;5;89;4060,68783;4062,43000;UP
2026-07-13 16:03:00;M1;5;34;4061,80058;4061,71000;DOWN
2026-07-13 16:08:00;M1;5;34;4062,39748;4064,58000;UP
2026-07-13 16:11:00;M1;5;89;4059,99415;4059,85000;DOWN
2026-07-13 16:18:00;M1;5;55;4060,61009;4061,17000;UP
2026-07-13 16:28:00;M1;5;21;4063,97274;4064,97000;UP
2026-07-13 16:33:00;M1;5;89;4059,71670;4057,85000;DOWN
2026-07-13 16:46:00;M1;5;21;4057,04608;4057,35000;UP
2026-07-13 16:51:00;M1;5;21;4054,78948;4044,03000;DOWN
2026-07-13 16:56:00;M1;5;21;4051,91082;4052,18000;UP
2026-07-13 17:01:00;M1;5;21;4048,47856;4041,36000;DOWN
2026-07-13 17:26:00;M1;5;21;4024,78951;4025,01000;UP
2026-07-13 17:31:00;M1;5;21;4018,86480;4005,94000;DOWN
2026-07-13 17:46:00;M1;5;21;4003,30221;4006,52000;UP
2026-07-13 17:56:00;M1;5;34;4007,16817;4011,26000;UP
2026-07-13 18:11:00;M1;5;55;4013,24625;4015,67000;UP
2026-07-13 18:36:00;M1;5;21;4014,64757;4014,51000;DOWN
2026-07-13 18:59:00;M1;5;21;4015,61229;4015,97000;UP
2026-07-13 19:06:00;M1;5;21;4015,50345;4015,30000;DOWN
2026-07-13 19:11:00;M1;5;21;4015,27872;4016,02000;UP
2026-07-13 19:17:00;M1;5;34;4012,27454;4012,14000;DOWN
2026-07-13 19:29:00;M1;5;89;4005,62131;4003,77000;DOWN
2026-07-13 19:32:00;M1;5;55;4001,81807;4001,01000;DOWN
2026-07-13 19:45:00;M1;5;55;4000,83729;4001,71000;UP
2026-07-13 19:46:00;M1;5;21;3999,47132;4000,72000;UP
2026-07-13 19:47:00;M1;5;89;4000,14939;3998,19000;DOWN
2026-07-13 19:51:00;M1;5;21;3996,70798;3993,21000;DOWN
2026-07-13 20:00:00;M1;5;21;3994,14148;3995,22000;UP
2026-07-13 20:09:00;M1;5;34;3996,98514;3998,08000;UP
2026-07-13 20:42:00;M1;5;21;3997,28216;3997,16000;DOWN
2026-07-13 20:56:00;M1;5;34;3993,23157;3993,06000;DOWN
2026-07-13 21:05:00;M1;5;34;3993,00177;3993,36000;UP
2026-07-13 21:03:00;M1;5;55;3992,07772;3991,47000;DOWN
2026-07-13 21:06:00;M1;5;21;3994,25840;3994,47000;UP
2026-07-13 21:09:00;M1;5;34;3992,70444;3991,95000;DOWN
2026-07-13 21:13:00;M1;5;34;3992,48673;3992,85000;UP
2026-07-13 21:11:00;M1;5;55;3990,99874;3990,99000;DOWN
2026-07-13 21:16:00;M1;5;21;3991,92180;3992,04000;UP
2026-07-13 21:16:00;M1;5;34;3992,05692;3992,04000;DOWN
2026-07-13 21:23:00;M1;5;34;3991,81987;3993,99000;UP
2026-07-13 21:21:00;M1;5;21;3991,23429;3990,32000;DOWN
2026-07-13 21:26:00;M1;5;21;3991,11257;3995,66000;UP
2026-07-13 21:57:00;M1;5;21;4000,14576;4000,11000;DOWN
2026-07-13 22:02:00;M1;5;21;4001,96880;4002,51000;UP
2026-07-13 22:10:00;M1;5;34;3998,57665;3998,52000;DOWN
2026-07-13 22:35:00;M1;5;55;3996,61896;3996,22000;DOWN
2026-07-13 22:43:00;M1;5;55;3997,16342;3998,29000;UP
2026-07-13 22:46:00;M1;5;21;3998,38168;3998,80000;UP
2026-07-13 22:47:00;M1;5;55;3997,39322;3997,32000;DOWN
2026-07-13 22:55:00;M1;5;34;4000,43427;4000,70000;UP
2026-07-13 22:56:00;M1;5;34;4000,41237;4000,17000;DOWN
2026-07-13 23:01:00;M1;5;34;4000,65144;4002,68000;UP
2026-07-13 23:14:00;M1;5;55;3999,60837;3998,69000;DOWN
2026-07-13 23:44:00;M1;5;21;3999,88756;4000,06000;UP
2026-07-13 23:46:00;M1;5;34;3999,95648;3999,54000;DOWN
2026-07-13 23:53:00;M1;5;21;3999,49311;3999,57000;UP
2026-07-14 01:30:00;M1;5;21;4003,85116;4003,69000;DOWN
2026-07-14 01:35:00;M1;5;21;4004,43137;4005,48000;UP
2026-07-14 01:36:00;M1;5;21;4004,77743;4003,66000;DOWN
2026-07-14 01:42:00;M1;5;34;4003,60815;4003,30000;DOWN
2026-07-14 01:47:00;M1;5;34;4003,95578;4004,83000;UP
2026-07-14 01:51:00;M1;5;55;4003,42122;4003,02000;DOWN
2026-07-14 01:59:00;M1;5;89;4001,54405;4000,95000;DOWN
2026-07-14 02:02:00;M1;5;89;4001,78992;4002,89000;UP
2026-07-14 02:09:00;M1;5;89;4001,99247;4001,73000;DOWN
2026-07-14 02:42:00;M1;5;21;3996,00291;3996,22000;UP
2026-07-14 02:48:00;M1;5;34;3998,16385;3998,25000;UP
2026-07-14 02:46:00;M1;5;21;3995,32053;3993,86000;DOWN
2026-07-14 02:51:00;M1;5;21;3995,18724;3996,19000;UP
2026-07-14 02:51:00;M1;5;34;3997,52699;3996,19000;DOWN
2026-07-14 02:56:00;M1;5;34;3997,23107;3998,89000;UP
2026-07-14 03:02:00;M1;5;89;4000,90270;3996,43000;DOWN
2026-07-14 03:10:00;M1;5;21;3995,69726;3998,37000;UP
2026-07-14 03:12:00;M1;5;34;3995,88350;3994,96000;DOWN
2026-07-14 03:28:00;M1;5;21;3992,57590;3995,50000;UP
2026-07-14 03:31:00;M1;5;55;3995,87968;3996,61000;UP
2026-07-14 04:00:00;M1;5;21;4002,47147;3999,01000;DOWN
2026-07-14 04:01:00;M1;5;89;3998,97830;3994,61000;DOWN
2026-07-14 04:15:00;M1;5;55;3997,57748;3998,75000;UP
2026-07-14 04:17:00;M1;5;21;4001,83495;4002,49000;UP
2026-07-14 04:21:00;M1;5;89;3998,91444;3998,70000;DOWN
2026-07-14 04:26:00;M1;5;55;3997,85019;3998,44000;UP
2026-07-14 04:31:00;M1;5;21;3999,27922;4001,06000;UP
2026-07-14 04:34:00;M1;5;89;3998,70963;3998,46000;DOWN
2026-07-14 04:36:00;M1;5;34;4000,03559;3997,31000;DOWN
2026-07-14 04:41:00;M1;5;21;3998,31980;4000,19000;UP
2026-07-14 04:46:00;M1;5;34;4000,39838;3999,77000;DOWN
2026-07-14 04:51:00;M1;5;34;4000,76245;4003,08000;UP
2026-07-14 05:24:00;M1;5;21;4014,85032;4014,49000;DOWN
2026-07-14 05:28:00;M1;5;21;4017,22487;4017,93000;UP
2026-07-14 05:31:00;M1;5;21;4018,66934;4016,97000;DOWN
2026-07-14 05:37:00;M1;5;34;4014,49055;4013,70000;DOWN
2026-07-14 05:44:00;M1;5;55;4010,85934;4010,83000;DOWN
2026-07-14 05:58:00;M1;5;55;4013,02141;4013,74000;UP
2026-07-14 06:04:00;M1;5;21;4014,49356;4014,53000;UP
2026-07-14 06:03:00;M1;5;55;4013,60936;4012,55000;DOWN
2026-07-14 06:06:00;M1;5;55;4014,19455;4015,89000;UP
2026-07-14 06:11:00;M1;5;55;4014,77404;4014,59000;DOWN
2026-07-14 06:16:00;M1;5;21;4013,40376;4014,28000;UP
2026-07-14 06:25:00;M1;5;55;4015,92938;4016,33000;UP
2026-07-14 06:21:00;M1;5;21;4013,54770;4011,21000;DOWN
2026-07-14 06:26:00;M1;5;21;4014,19441;4015,63000;UP
2026-07-14 06:26:00;M1;5;55;4016,57207;4015,63000;DOWN
2026-07-14 06:31:00;M1;5;55;4017,14667;4017,89000;UP
2026-07-14 06:32:00;M1;5;34;4016,96723;4016,96000;DOWN
2026-07-14 06:37:00;M1;5;34;4016,89784;4017,31000;UP
2026-07-14 06:36:00;M1;5;55;4017,65089;4014,95000;DOWN
2026-07-14 06:45:00;M1;5;21;4015,79446;4015,86000;UP
2026-07-14 06:41:00;M1;5;34;4016,79310;4014,80000;DOWN
2026-07-14 06:46:00;M1;5;21;4016,03639;4015,52000;DOWN
2026-07-14 06:51:00;M1;5;21;4016,40954;4017,16000;UP
2026-07-14 06:57:00;M1;5;89;4015,31649;4015,10000;DOWN
2026-07-14 07:03:00;M1;5;21;4017,08055;4017,43000;UP
2026-07-14 07:08:00;M1;5;89;4016,40342;4015,91000;DOWN
2026-07-14 07:26:00;M1;5;21;4016,16740;4016,80000;UP
2026-07-14 07:31:00;M1;5;34;4017,02470;4019,11000;UP
2026-07-14 07:48:00;M1;5;89;4019,72861;4019,46000;DOWN
2026-07-14 07:53:00;M1;5;21;4019,73906;4019,83000;UP
2026-07-14 07:58:00;M1;5;89;4020,57182;4020,74000;UP
2026-07-14 07:56:00;M1;5;55;4020,00881;4018,64000;DOWN
2026-07-14 08:01:00;M1;5;21;4020,53404;4021,40000;UP
2026-07-14 08:02:00;M1;5;89;4020,96835;4020,42000;DOWN
2026-07-14 08:07:00;M1;5;89;4021,37596;4022,31000;UP
2026-07-14 08:16:00;M1;5;89;4022,16195;4020,85000;DOWN
2026-07-14 08:21:00;M1;5;34;4021,59105;4022,43000;UP
2026-07-14 08:26:00;M1;5;21;4022,61220;4022,73000;UP
2026-07-14 08:51:00;M1;5;21;4029,84906;4029,76000;DOWN
2026-07-14 08:56:00;M1;5;21;4031,19712;4031,49000;UP
2026-07-14 09:03:00;M1;5;34;4029,62918;4029,50000;DOWN
2026-07-14 09:07:00;M1;5;34;4030,56020;4031,81000;UP
2026-07-14 09:13:00;M1;5;34;4031,38034;4031,20000;DOWN
2026-07-14 09:19:00;M1;5;89;4028,38077;4028,20000;DOWN
2026-07-14 09:46:00;M1;5;21;4025,36576;4025,63000;UP
2026-07-14 09:54:00;M1;5;21;4024,28592;4023,39000;DOWN
2026-07-14 09:57:00;M1;5;21;4023,41645;4023,80000;UP
2026-07-14 10:05:00;M1;5;34;4027,08688;4027,60000;UP
2026-07-14 10:01:00;M1;5;21;4022,95503;4022,25000;DOWN
2026-07-14 10:06:00;M1;5;21;4023,25005;4027,70000;UP
2026-07-14 10:11:00;M1;5;34;4026,08889;4026,02000;DOWN
2026-07-14 10:16:00;M1;5;34;4025,77374;4026,40000;UP
2026-07-14 10:30:00;M1;5;34;4025,58913;4025,19000;DOWN
2026-07-14 10:34:00;M1;5;34;4025,49151;4025,65000;UP
2026-07-14 10:37:00;M1;5;21;4026,56044;4026,71000;UP
2026-07-14 10:41:00;M1;5;55;4028,36842;4024,77000;DOWN
2026-07-14 10:54:00;M1;5;34;4024,96686;4025,20000;UP
2026-07-14 10:56:00;M1;5;34;4024,63095;4022,40000;DOWN
2026-07-14 11:16:00;M1;5;21;4018,52828;4020,20000;UP
2026-07-14 11:23:00;M1;5;34;4020,36811;4020,39000;UP
2026-07-14 11:28:00;M1;5;55;4022,34541;4022,66000;UP
2026-07-14 11:32:00;M1;5;55;4021,73382;4020,68000;DOWN
2026-07-14 11:36:00;M1;5;34;4018,96048;4019,82000;UP
2026-07-14 11:41:00;M1;5;55;4020,71948;4021,19000;UP
2026-07-14 11:46:00;M1;5;55;4020,28350;4019,35000;DOWN
2026-07-14 11:51:00;M1;5;34;4017,97619;4017,72000;DOWN
2026-07-14 12:02:00;M1;5;21;4018,19600;4018,28000;UP
2026-07-14 12:06:00;M1;5;55;4018,67750;4018,49000;DOWN
2026-07-14 12:11:00;M1;5;21;4018,91948;4023,51000;UP
2026-07-14 12:16:00;M1;5;89;4022,58364;4019,05000;DOWN
2026-07-14 12:21:00;M1;5;21;4019,50146;4019,98000;UP
2026-07-14 12:26:00;M1;5;55;4017,74084;4017,70000;DOWN
2026-07-14 12:40:00;M1;5;55;4016,98381;4017,22000;UP
2026-07-14 12:42:00;M1;5;21;4016,90062;4017,20000;UP
2026-07-14 12:47:00;M1;5;89;4019,84717;4020,32000;UP
2026-07-14 13:05:00;M1;5;89;4019,02373;4018,51000;DOWN
2026-07-14 13:10:00;M1;5;21;4019,41922;4019,45000;UP
2026-07-14 13:06:00;M1;5;34;4018,56840;4018,50000;DOWN
2026-07-14 13:11:00;M1;5;34;4018,69226;4018,94000;UP
2026-07-14 13:12:00;M1;5;89;4018,61441;4017,92000;DOWN
2026-07-14 13:16:00;M1;5;89;4018,43665;4018,90000;UP
2026-07-14 13:20:00;M1;5;34;4018,76169;4018,48000;DOWN
2026-07-14 13:21:00;M1;5;89;4018,24938;4017,80000;DOWN
2026-07-14 13:29:00;M1;5;55;4017,32118;4017,79000;UP
2026-07-14 13:31:00;M1;5;89;4017,83190;4015,41000;DOWN
2026-07-14 13:37:00;M1;5;21;4018,20766;4018,89000;UP
2026-07-14 14:08:00;M1;5;89;4017,16691;4016,38000;DOWN
2026-07-14 14:12:00;M1;5;21;4020,24164;4020,35000;UP
2026-07-14 14:45:00;M1;5;21;4027,26188;4026,23000;DOWN
2026-07-14 14:48:00;M1;5;21;4028,36348;4029,71000;UP
2026-07-14 14:51:00;M1;5;21;4029,34455;4027,50000;DOWN
2026-07-14 14:56:00;M1;5;21;4030,38678;4030,73000;UP
2026-07-14 15:04:00;M1;5;21;4031,16481;4029,88000;DOWN
2026-07-14 15:08:00;M1;5;55;4026,17707;4025,45000;DOWN
2026-07-14 15:12:00;M1;5;55;4026,77028;4027,39000;UP
2026-07-14 15:16:00;M1;5;55;4027,28757;4027,00000;DOWN
2026-07-14 15:24:00;M1;5;55;4027,78098;4028,74000;UP
2026-07-14 15:28:00;M1;5;21;4029,28845;4030,39000;UP
2026-07-14 15:26:00;M1;5;55;4028,27447;4027,67000;DOWN
2026-07-14 15:31:00;M1;5;55;4030,53279;4093,18000;UP
2026-07-14 15:51:00;M1;5;21;4081,15967;4079,78000;DOWN
2026-07-14 16:04:00;M1;5;34;4073,44819;4072,57000;DOWN
2026-07-14 16:08:00;M1;5;34;4077,39723;4079,56000;UP
2026-07-14 16:11:00;M1;5;34;4080,70525;4077,66000;DOWN
2026-07-14 16:31:00;M1;5;55;4078,73876;4078,14000;DOWN
2026-07-14 16:39:00;M1;5;21;4086,12778;4086,40000;UP
2026-07-14 16:42:00;M1;5;55;4084,49745;4083,39000;DOWN
2026-07-14 17:02:00;M1;5;89;4075,94653;4074,96000;DOWN
2026-07-14 17:07:00;M1;5;89;4077,95109;4079,71000;UP
2026-07-14 17:12:00;M1;5;21;4080,12305;4080,36000;UP
2026-07-14 17:11:00;M1;5;89;4079,86780;4079,18000;DOWN
2026-07-14 17:16:00;M1;5;21;4078,98349;4074,51000;DOWN
2026-07-14 17:22:00;M1;5;21;4078,19411;4084,65000;UP
2026-07-14 17:26:00;M1;5;89;4084,59694;4078,04000;DOWN
2026-07-14 17:32:00;M1;5;21;4076,98731;4078,42000;UP
2026-07-14 17:37:00;M1;5;21;4077,07971;4076,63000;DOWN
2026-07-14 17:41:00;M1;5;21;4077,50169;4080,22000;UP
2026-07-14 17:48:00;M1;5;34;4081,07496;4082,16000;UP
2026-07-14 18:01:00;M1;5;34;4080,80110;4080,15000;DOWN
2026-07-14 18:06:00;M1;5;21;4084,59175;4093,66000;UP
2026-07-14 18:11:00;M1;5;89;4094,97489;4092,60000;DOWN
2026-07-14 18:16:00;M1;5;21;4089,23978;4088,06000;DOWN
2026-07-14 18:25:00;M1;5;34;4085,83465;4085,05000;DOWN
2026-07-14 19:11:00;M1;5;21;4062,16504;4063,50000;UP
2026-07-14 19:38:00;M1;5;34;4059,91463;4059,92000;UP
2026-07-14 20:01:00;M1;5;55;4061,38105;4063,65000;UP
2026-07-14 20:06:00;M1;5;55;4060,09631;4057,92000;DOWN
2026-07-14 20:11:00;M1;5;21;4058,16437;4058,30000;UP
2026-07-14 20:20:00;M1;5;55;4057,59542;4057,74000;UP
2026-07-14 20:16:00;M1;5;21;4057,93147;4056,24000;DOWN
2026-07-14 20:21:00;M1;5;21;4057,98733;4058,27000;UP
2026-07-14 20:42:00;M1;5;21;4060,37951;4059,92000;DOWN
2026-07-14 20:48:00;M1;5;21;4060,73272;4061,68000;UP
2026-07-14 21:00:00;M1;5;21;4061,81032;4061,27000;DOWN
2026-07-14 21:15:00;M1;5;89;4061,63510;4061,93000;UP
2026-07-14 21:11:00;M1;5;34;4060,58597;4060,43000;DOWN
2026-07-14 21:19:00;M1;5;21;4062,48153;4062,77000;UP
2026-07-14 21:20:00;M1;5;89;4060,92879;4060,42000;DOWN
2026-07-14 21:21:00;M1;5;89;4060,20449;4060,23000;UP
2026-07-14 21:21:00;M1;5;34;4061,11643;4060,23000;DOWN
2026-07-14 21:26:00;M1;5;89;4059,48878;4058,48000;DOWN
2026-07-14 21:32:00;M1;5;55;4056,39089;4055,72000;DOWN
2026-07-14 21:54:00;M1;5;21;4051,64948;4051,65000;UP
2026-07-14 21:58:00;M1;5;55;4054,38948;4054,57000;UP
2026-07-14 22:03:00;M1;5;34;4053,69338;4054,44000;UP
2026-07-14 22:01:00;M1;5;89;4053,54286;4053,33000;DOWN
2026-07-14 22:09:00;M1;5;55;4053,50179;4054,35000;UP
2026-07-14 22:23:00;M1;5;55;4053,01150;4052,82000;DOWN
2026-07-14 22:30:00;M1;5;89;4051,00309;4048,96000;DOWN
2026-07-14 22:31:00;M1;5;89;4050,66333;4050,70000;UP
2026-07-14 22:36:00;M1;5;34;4050,89551;4052,05000;UP
2026-07-14 22:43:00;M1;5;21;4052,06736;4052,20000;UP
2026-07-14 22:41:00;M1;5;34;4050,55727;4050,41000;DOWN
2026-07-14 22:46:00;M1;5;34;4050,38660;4054,12000;UP
2026-07-14 22:51:00;M1;5;21;4052,23621;4051,80000;DOWN
2026-07-14 22:56:00;M1;5;21;4052,74448;4056,29000;UP
2026-07-14 23:14:00;M1;5;21;4054,05675;4053,71000;DOWN
2026-07-14 23:19:00;M1;5;34;4052,68539;4052,66000;DOWN
2026-07-14 23:21:00;M1;5;34;4052,88802;4053,05000;UP
2026-07-14 23:29:00;M1;5;34;4052,99462;4052,84000;DOWN
2026-07-14 23:35:00;M1;5;55;4051,21098;4050,66000;DOWN
2026-07-14 23:42:00;M1;5;55;4051,03510;4051,64000;UP
2026-07-14 23:46:00;M1;5;55;4050,91226;4050,66000;DOWN
2026-07-14 23:52:00;M1;5;21;4051,05694;4051,92000;UP
2026-07-15 01:10:00;M1;5;55;4050,86320;4050,37000;DOWN
2026-07-15 01:11:00;M1;5;55;4050,86070;4051,05000;UP
2026-07-15 01:20:00;M1;5;21;4050,92014;4051,30000;UP
2026-07-15 01:16:00;M1;5;55;4050,82336;4049,78000;DOWN
2026-07-15 01:21:00;M1;5;34;4051,20167;4051,73000;UP
2026-07-15 01:23:00;M1;5;21;4050,73150;4050,23000;DOWN
2026-07-15 01:28:00;M1;5;21;4050,70767;4050,98000;UP
2026-07-15 01:26:00;M1;5;55;4050,68016;4049,89000;DOWN
2026-07-15 01:31:00;M1;5;34;4050,83417;4051,83000;UP
2026-07-15 01:36:00;M1;5;55;4050,59115;4050,51000;DOWN
2026-07-15 01:41:00;M1;5;34;4050,64355;4050,74000;UP
2026-07-15 01:46:00;M1;5;55;4050,45111;4048,64000;DOWN
2026-07-15 02:05:00;M1;5;21;4049,53977;4049,67000;UP
2026-07-15 02:06:00;M1;5;21;4049,30974;4048,58000;DOWN
2026-07-15 02:12:00;M1;5;89;4048,31083;4047,50000;DOWN
2026-07-15 02:21:00;M1;5;21;4048,25097;4048,39000;UP
2026-07-15 02:48:00;M1;5;21;4052,87786;4052,58000;DOWN
2026-07-15 02:54:00;M1;5;21;4053,65661;4054,15000;UP
2026-07-15 02:56:00;M1;5;21;4054,18913;4053,50000;DOWN
2026-07-15 03:03:00;M1;5;21;4054,70440;4054,81000;UP
2026-07-15 03:01:00;M1;5;34;4052,55296;4052,12000;DOWN
2026-07-15 03:06:00;M1;5;34;4053,03325;4055,36000;UP
2026-07-15 03:08:00;M1;5;21;4055,07683;4054,23000;DOWN
2026-07-15 03:14:00;M1;5;55;4051,64011;4051,28000;DOWN
2026-07-15 03:18:00;M1;5;34;4053,53053;4054,28000;UP
2026-07-15 03:23:00;M1;5;21;4054,38234;4055,71000;UP
2026-07-15 03:21:00;M1;5;34;4053,82689;4052,75000;DOWN
2026-07-15 03:26:00;M1;5;34;4054,32481;4056,75000;UP
2026-07-15 03:35:00;M1;5;34;4054,83344;4054,80000;DOWN
2026-07-15 03:38:00;M1;5;34;4055,24839;4055,26000;UP
2026-07-15 03:45:00;M1;5;21;4055,53030;4055,84000;UP
2026-07-15 03:41:00;M1;5;55;4053,57782;4053,32000;DOWN
2026-07-15 03:46:00;M1;5;34;4055,74033;4055,85000;UP
2026-07-15 03:48:00;M1;5;21;4055,52339;4054,96000;DOWN
2026-07-15 03:52:00;M1;5;21;4055,80920;4056,83000;UP
2026-07-15 03:51:00;M1;5;34;4055,97347;4055,31000;DOWN
2026-07-15 03:56:00;M1;5;34;4056,34023;4057,87000;UP
2026-07-15 04:03:00;M1;5;34;4056,76947;4056,18000;DOWN
2026-07-15 04:06:00;M1;5;21;4057,65872;4059,66000;UP
2026-07-15 04:14:00;M1;5;55;4056,13610;4055,74000;DOWN
2026-07-15 04:21:00;M1;5;89;4053,86398;4053,23000;DOWN
2026-07-15 04:26:00;M1;5;89;4054,11232;4055,89000;UP
2026-07-15 04:31:00;M1;5;89;4054,27903;4051,16000;DOWN
2026-07-15 05:03:00;M1;5;21;4039,18444;4039,47000;UP
2026-07-15 05:12:00;M1;5;21;4035,82325;4035,68000;DOWN
2026-07-15 05:16:00;M1;5;21;4033,89911;4033,96000;UP
2026-07-15 05:21:00;M1;5;21;4032,04710;4030,78000;DOWN
2026-07-15 05:26:00;M1;5;21;4030,62650;4032,10000;UP
2026-07-15 05:42:00;M1;5;55;4038,58982;4040,77000;UP
2026-07-15 05:50:00;M1;5;55;4037,58486;4037,33000;DOWN
2026-07-15 05:55:00;M1;5;55;4036,64667;4037,14000;UP
2026-07-15 05:59:00;M1;5;55;4035,75996;4035,22000;DOWN
2026-07-15 06:01:00;M1;5;55;4035,02724;4036,74000;UP
2026-07-15 06:08:00;M1;5;21;4036,53377;4036,15000;DOWN
2026-07-15 06:18:00;M1;5;55;4032,90694;4032,78000;DOWN
2026-07-15 06:28:00;M1;5;55;4031,37274;4031,69000;UP
2026-07-15 06:34:00;M1;5;21;4033,14442;4033,44000;UP
2026-07-15 06:31:00;M1;5;55;4030,70295;4029,18000;DOWN
2026-07-15 06:36:00;M1;5;55;4030,10798;4035,20000;UP
2026-07-15 06:40:00;M1;5;34;4031,79368;4030,26000;DOWN
2026-07-15 06:42:00;M1;5;55;4029,52824;4028,48000;DOWN
2026-07-15 06:48:00;M1;5;21;4030,82912;4031,82000;UP
2026-07-15 06:54:00;M1;5;34;4031,17056;4031,11000;DOWN
2026-07-15 06:56:00;M1;5;34;4030,90235;4031,88000;UP
2026-07-15 07:02:00;M1;5;89;4032,29136;4031,89000;DOWN
2026-07-15 07:06:00;M1;5;34;4030,41155;4030,52000;UP
2026-07-15 07:34:00;M1;5;21;4032,25115;4031,61000;DOWN
2026-07-15 07:36:00;M1;5;21;4032,33688;4032,56000;UP
2026-07-15 07:41:00;M1;5;34;4030,85222;4029,48000;DOWN
2026-07-15 07:46:00;M1;5;21;4031,93928;4032,46000;UP
2026-07-15 07:57:00;M1;5;21;4031,99215;4031,88000;DOWN
2026-07-15 08:01:00;M1;5;21;4032,05012;4033,94000;UP
2026-07-15 08:05:00;M1;5;34;4031,26775;4030,82000;DOWN
2026-07-15 08:07:00;M1;5;34;4031,37629;4032,46000;UP
2026-07-15 08:06:00;M1;5;21;4031,93294;4030,45000;DOWN
2026-07-15 08:14:00;M1;5;89;4026,80538;4026,08000;DOWN
2026-07-15 08:16:00;M1;5;89;4026,60993;4028,39000;UP
2026-07-15 08:26:00;M1;5;89;4026,18197;4026,11000;DOWN
2026-07-15 08:31:00;M1;5;21;4027,32688;4027,39000;UP
2026-07-15 08:37:00;M1;5;34;4028,60780;4028,68000;UP
2026-07-15 08:45:00;M1;5;55;4028,16981;4027,96000;DOWN
2026-07-15 08:47:00;M1;5;34;4028,27935;4029,22000;UP
2026-07-15 09:07:00;M1;5;55;4028,69299;4028,48000;DOWN
2026-07-15 09:11:00;M1;5;55;4028,75815;4029,04000;UP
2026-07-15 09:18:00;M1;5;89;4025,82804;4024,95000;DOWN
2026-07-15 09:24:00;M1;5;89;4025,80597;4026,40000;UP
2026-07-15 09:30:00;M1;5;89;4025,75220;4024,33000;DOWN
2026-07-15 09:35:00;M1;5;21;4028,16581;4028,68000;UP
2026-07-15 10:01:00;M1;5;21;4030,66227;4030,09000;DOWN
2026-07-15 10:09:00;M1;5;34;4030,10953;4029,38000;DOWN
2026-07-15 10:11:00;M1;5;34;4030,25378;4030,58000;UP
2026-07-15 10:17:00;M1;5;55;4029,13781;4029,09000;DOWN
2026-07-15 10:23:00;M1;5;89;4026,90283;4026,85000;DOWN
2026-07-15 10:46:00;M1;5;21;4023,18478;4024,30000;UP
2026-07-15 10:51:00;M1;5;21;4022,51071;4022,45000;DOWN
2026-07-15 10:56:00;M1;5;21;4022,21052;4024,38000;UP
2026-07-15 11:02:00;M1;5;34;4024,54040;4024,60000;UP
2026-07-15 11:01:00;M1;5;21;4022,18326;4022,12000;DOWN
2026-07-15 11:06:00;M1;5;21;4022,07611;4024,39000;UP
2026-07-15 11:07:00;M1;5;34;4023,99399;4022,49000;DOWN
2026-07-15 11:11:00;M1;5;21;4021,46545;4020,40000;DOWN
2026-07-15 11:16:00;M1;5;21;4021,25856;4021,76000;UP
2026-07-15 11:25:00;M1;5;89;4024,61669;4024,80000;UP
2026-07-15 11:21:00;M1;5;55;4024,08195;4023,61000;DOWN
2026-07-15 11:26:00;M1;5;55;4023,78824;4024,30000;UP
2026-07-15 11:26:00;M1;5;89;4024,43416;4024,30000;DOWN
2026-07-15 11:31:00;M1;5;89;4024,31209;4026,34000;UP
2026-07-15 12:07:00;M1;5;21;4032,01100;4031,75000;DOWN
2026-07-15 12:16:00;M1;5;34;4029,89036;4028,88000;DOWN
2026-07-15 12:21:00;M1;5;34;4030,57180;4031,65000;UP
2026-07-15 12:29:00;M1;5;55;4027,50151;4027,39000;DOWN
2026-07-15 12:31:00;M1;5;55;4027,80736;4028,12000;UP
2026-07-15 12:36:00;M1;5;89;4026,46947;4025,55000;DOWN
2026-07-15 12:41:00;M1;5;89;4026,54955;4027,58000;UP
2026-07-15 12:49:00;M1;5;55;4028,33404;4028,45000;UP
2026-07-15 12:46:00;M1;5;89;4026,61966;4026,49000;DOWN
2026-07-15 12:54:00;M1;5;21;4027,91426;4028,57000;UP
2026-07-15 12:51:00;M1;5;55;4028,49467;4027,35000;DOWN
2026-07-15 12:59:00;M1;5;34;4030,21194;4030,22000;UP
2026-07-15 12:56:00;M1;5;89;4026,78557;4026,45000;DOWN
2026-07-15 13:01:00;M1;5;21;4027,90634;4029,58000;UP
2026-07-15 13:01:00;M1;5;34;4030,16064;4029,58000;DOWN
2026-07-15 13:06:00;M1;5;34;4030,14793;4032,41000;UP
2026-07-15 13:08:00;M1;5;55;4029,23126;4029,00000;DOWN
2026-07-15 13:11:00;M1;5;55;4029,61297;4030,34000;UP
2026-07-15 13:24:00;M1;5;55;4030,36113;4029,31000;DOWN
2026-07-15 13:26:00;M1;5;89;4027,97861;4027,95000;DOWN
2026-07-15 13:35:00;M1;5;21;4031,04855;4031,57000;UP
2026-07-15 13:41:00;M1;5;55;4031,24942;4031,14000;DOWN
2026-07-15 13:46:00;M1;5;89;4028,90660;4028,75000;DOWN
2026-07-15 14:00:00;M1;5;21;4030,51381;4030,72000;UP
2026-07-15 14:01:00;M1;5;89;4029,38259;4028,93000;DOWN
2026-07-15 14:06:00;M1;5;21;4029,62666;4029,95000;UP
2026-07-15 14:15:00;M1;5;89;4029,69714;4029,20000;DOWN
2026-07-15 14:16:00;M1;5;21;4029,52339;4029,98000;UP
2026-07-15 14:25:00;M1;5;34;4030,19941;4030,56000;UP
2026-07-15 14:21:00;M1;5;89;4029,97224;4029,60000;DOWN
2026-07-15 14:26:00;M1;5;21;4029,53898;4029,74000;UP
2026-07-15 14:26:00;M1;5;34;4030,16102;4029,74000;DOWN
2026-07-15 14:31:00;M1;5;34;4030,27917;4030,93000;UP
2026-07-15 14:57:00;M1;5;21;4036,44807;4036,13000;DOWN
2026-07-15 15:01:00;M1;5;21;4037,89595;4039,99000;UP
2026-07-15 15:06:00;M1;5;21;4038,97689;4038,89000;DOWN
2026-07-15 15:13:00;M1;5;34;4036,83779;4036,78000;DOWN
2026-07-15 15:16:00;M1;5;34;4037,68162;4039,77000;UP
2026-07-15 15:25:00;M1;5;34;4038,45846;4038,34000;DOWN
2026-07-15 15:30:00;M1;5;21;4040,84054;4048,52000;UP
2026-07-15 15:56:00;M1;5;21;4064,37001;4063,44000;DOWN
2026-07-15 16:04:00;M1;5;21;4068,46996;4072,11000;UP
2026-07-15 16:09:00;M1;5;21;4071,91735;4069,51000;DOWN
2026-07-15 16:11:00;M1;5;34;4066,00276;4064,46000;DOWN
2026-07-15 16:23:00;M1;5;55;4061,37994;4061,28000;DOWN
2026-07-15 16:46:00;M1;5;89;4058,31129;4057,72000;DOWN
2026-07-15 16:55:00;M1;5;21;4060,64600;4060,68000;UP
2026-07-15 16:56:00;M1;5;89;4060,25772;4059,75000;DOWN
2026-07-15 17:01:00;M1;5;89;4061,19890;4061,63000;UP
2026-07-15 17:17:00;M1;5;89;4063,95505;4061,38000;DOWN
2026-07-15 17:21:00;M1;5;21;4061,07920;4061,25000;UP
2026-07-15 17:26:00;M1;5;21;4060,85877;4057,00000;DOWN
2026-07-15 17:33:00;M1;5;21;4060,79474;4061,60000;UP
2026-07-15 17:36:00;M1;5;34;4062,01671;4062,43000;UP
2026-07-15 17:42:00;M1;5;34;4061,41686;4059,78000;DOWN
2026-07-15 17:57:00;M1;5;21;4059,04576;4060,01000;UP
2026-07-15 18:03:00;M1;5;34;4059,57851;4059,50000;DOWN
2026-07-15 18:07:00;M1;5;21;4057,94319;4058,34000;UP
2026-07-15 18:11:00;M1;5;21;4055,95340;4052,93000;DOWN
2026-07-15 18:29:00;M1;5;21;4048,14511;4049,00000;UP
2026-07-15 18:31:00;M1;5;21;4046,57177;4046,42000;DOWN
2026-07-15 18:36:00;M1;5;21;4045,55883;4047,31000;UP
2026-07-15 18:45:00;M1;5;34;4048,55697;4048,40000;DOWN
2026-07-15 18:46:00;M1;5;34;4047,80468;4049,79000;UP
2026-07-15 18:57:00;M1;5;34;4046,70033;4046,67000;DOWN
2026-07-15 19:01:00;M1;5;34;4045,93475;4046,18000;UP
2026-07-15 19:02:00;M1;5;21;4045,67054;4043,86000;DOWN
2026-07-15 19:06:00;M1;5;34;4044,98460;4042,40000;DOWN
2026-07-15 19:32:00;M1;5;21;4034,69486;4035,41000;UP
2026-07-15 19:36:00;M1;5;21;4032,33926;4029,84000;DOWN
2026-07-15 19:41:00;M1;5;21;4030,03960;4030,84000;UP
2026-07-15 19:46:00;M1;5;34;4032,29513;4035,22000;UP
2026-07-15 19:54:00;M1;5;55;4034,72904;4034,12000;DOWN
2026-07-15 19:59:00;M1;5;55;4033,43837;4033,72000;UP
2026-07-15 19:56:00;M1;5;34;4030,42173;4030,22000;DOWN
2026-07-15 20:01:00;M1;5;34;4030,03233;4036,01000;UP
2026-07-15 20:27:00;M1;5;89;4038,68109;4039,09000;UP
2026-07-15 20:56:00;M1;5;21;4063,78758;4061,84000;DOWN
2026-07-15 21:03:00;M1;5;21;4067,26160;4068,20000;UP
2026-07-15 21:06:00;M1;5;21;4070,08093;4068,42000;DOWN
2026-07-15 21:30:00;M1;5;21;4075,78630;4078,74000;UP
2026-07-15 21:26:00;M1;5;34;4071,19172;4069,82000;DOWN
2026-07-15 21:31:00;M1;5;34;4073,64188;4079,67000;UP
2026-07-15 21:32:00;M1;5;21;4076,44978;4074,86000;DOWN
2026-07-15 21:36:00;M1;5;34;4075,64469;4072,36000;DOWN
2026-07-15 21:46:00;M1;5;55;4066,74950;4065,35000;DOWN
2026-07-15 22:16:00;M1;5;89;4058,85510;4057,95000;DOWN
2026-07-15 22:27:00;M1;5;21;4056,25471;4057,25000;UP
2026-07-15 22:32:00;M1;5;21;4054,10248;4052,89000;DOWN
2026-07-15 22:41:00;M1;5;21;4050,47835;4051,47000;UP
2026-07-15 22:52:00;M1;5;34;4053,87245;4054,05000;UP
2026-07-15 23:20:00;M1;5;55;4060,22613;4060,68000;UP
2026-07-15 23:41:00;M1;5;21;4062,08062;4062,05000;DOWN
2026-07-15 23:50:00;M1;5;21;4062,78731;4062,81000;UP
2026-07-15 23:51:00;M1;5;21;4063,15527;4061,34000;DOWN
2026-07-16 01:01:00;M1;5;21;4062,99172;4063,65000;UP
2026-07-16 01:06:00;M1;5;89;4063,90855;4062,99000;DOWN
2026-07-16 01:11:00;M1;5;21;4063,14294;4064,55000;UP
2026-07-16 01:16:00;M1;5;89;4063,93317;4063,08000;DOWN
2026-07-16 01:21:00;M1;5;34;4063,14056;4063,14000;DOWN
2026-07-16 01:36:00;M1;5;55;4060,38439;4060,24000;DOWN
2026-07-16 01:56:00;M1;5;21;4060,17318;4060,70000;UP
2026-07-16 02:03:00;M1;5;55;4061,17067;4061,65000;UP
2026-07-16 02:08:00;M1;5;34;4061,45352;4061,81000;UP
2026-07-16 02:06:00;M1;5;55;4061,25393;4060,19000;DOWN
2026-07-16 02:11:00;M1;5;34;4061,17720;4060,45000;DOWN
2026-07-16 02:16:00;M1;5;21;4059,38240;4058,50000;DOWN
2026-07-16 02:36:00;M1;5;21;4057,82884;4058,03000;UP
2026-07-16 02:41:00;M1;5;21;4057,51715;4055,87000;DOWN
2026-07-16 02:46:00;M1;5;21;4057,34783;4058,89000;UP
2026-07-16 02:52:00;M1;5;34;4057,74580;4057,26000;DOWN
2026-07-16 02:56:00;M1;5;21;4057,21879;4058,99000;UP
2026-07-16 03:02:00;M1;5;55;4059,24747;4059,29000;UP
2026-07-16 03:03:00;M1;5;34;4057,40250;4057,02000;DOWN
2026-07-16 03:06:00;M1;5;55;4058,94284;4056,95000;DOWN
2026-07-16 03:15:00;M1;5;21;4056,72117;4057,01000;UP
2026-07-16 03:16:00;M1;5;34;4056,62633;4056,32000;DOWN
2026-07-16 03:21:00;M1;5;21;4056,54928;4056,90000;UP
2026-07-16 03:26:00;M1;5;89;4059,69331;4059,17000;DOWN
2026-07-16 03:31:00;M1;5;89;4059,54941;4060,01000;UP
2026-07-16 03:38:00;M1;5;89;4059,40552;4058,43000;DOWN
2026-07-16 03:42:00;M1;5;55;4057,40005;4056,79000;DOWN
2026-07-16 03:46:00;M1;5;21;4057,91244;4058,07000;UP
2026-07-16 03:52:00;M1;5;89;4058,82687;4058,77000;DOWN
2026-07-16 04:31:00;M1;5;21;4037,82117;4040,33000;UP
2026-07-16 04:37:00;M1;5;34;4042,28254;4042,48000;UP
2026-07-16 04:54:00;M1;5;34;4038,93728;4038,71000;DOWN
2026-07-16 04:56:00;M1;5;34;4037,95562;4040,74000;UP
2026-07-16 05:03:00;M1;5;34;4036,91522;4036,71000;DOWN
2026-07-16 05:08:00;M1;5;34;4035,74319;4035,92000;UP
2026-07-16 05:11:00;M1;5;34;4034,52974;4033,34000;DOWN
2026-07-16 05:21:00;M1;5;21;4033,14391;4033,17000;UP
2026-07-16 05:26:00;M1;5;21;4032,41901;4032,22000;DOWN
2026-07-16 05:35:00;M1;5;21;4031,68184;4032,41000;UP
2026-07-16 05:32:00;M1;5;34;4031,22863;4030,85000;DOWN
2026-07-16 05:36:00;M1;5;34;4030,45698;4031,30000;UP
2026-07-16 05:37:00;M1;5;21;4030,52710;4030,39000;DOWN
2026-07-16 05:45:00;M1;5;21;4029,25610;4029,35000;UP
2026-07-16 05:41:00;M1;5;34;4029,60068;4025,46000;DOWN
2026-07-16 05:46:00;M1;5;34;4028,80072;4029,38000;UP
2026-07-16 05:50:00;M1;5;21;4028,21749;4028,15000;DOWN
2026-07-16 05:53:00;M1;5;21;4027,53534;4029,15000;UP
2026-07-16 05:51:00;M1;5;34;4028,07333;4025,78000;DOWN
2026-07-16 05:56:00;M1;5;34;4027,56471;4031,64000;UP
2026-07-16 06:09:00;M1;5;89;4032,57458;4032,62000;UP
2026-07-16 06:11:00;M1;5;89;4031,66576;4030,36000;DOWN
2026-07-16 06:25:00;M1;5;89;4029,97787;4030,52000;UP
2026-07-16 06:21:00;M1;5;21;4028,99177;4028,94000;DOWN
2026-07-16 06:26:00;M1;5;21;4029,63861;4032,61000;UP
2026-07-16 07:01:00;M1;5;21;4035,70719;4034,91000;DOWN
2026-07-16 07:06:00;M1;5;34;4033,18444;4033,16000;DOWN
2026-07-16 07:14:00;M1;5;21;4035,93439;4036,90000;UP
2026-07-16 07:17:00;M1;5;34;4034,20135;4033,68000;DOWN
2026-07-16 07:21:00;M1;5;34;4034,48992;4035,19000;UP
2026-07-16 07:26:00;M1;5;34;4034,71609;4033,60000;DOWN
2026-07-16 07:31:00;M1;5;21;4034,66632;4035,34000;UP
2026-07-16 07:36:00;M1;5;34;4034,85674;4032,70000;DOWN
2026-07-16 07:41:00;M1;5;21;4033,75793;4033,95000;UP
2026-07-16 07:48:00;M1;5;34;4034,75403;4034,99000;UP
2026-07-16 07:51:00;M1;5;34;4034,73316;4034,28000;DOWN
2026-07-16 07:56:00;M1;5;34;4034,64190;4034,72000;UP
2026-07-16 07:59:00;M1;5;21;4033,51184;4033,16000;DOWN
2026-07-16 08:01:00;M1;5;55;4032,65465;4032,03000;DOWN
2026-07-16 08:24:00;M1;5;89;4027,35945;4027,19000;DOWN
2026-07-16 08:26:00;M1;5;89;4027,36571;4028,49000;UP
2026-07-16 08:32:00;M1;5;21;4028,90142;4031,07000;UP
2026-07-16 08:37:00;M1;5;34;4030,19161;4029,37000;DOWN
2026-07-16 08:41:00;M1;5;21;4028,41198;4028,86000;UP
2026-07-16 08:46:00;M1;5;55;4031,21589;4030,01000;DOWN
2026-07-16 08:51:00;M1;5;21;4027,94994;4029,09000;UP
2026-07-16 08:53:00;M1;5;89;4027,45651;4026,05000;DOWN
2026-07-16 08:56:00;M1;5;89;4027,44189;4027,76000;UP
2026-07-16 08:56:00;M1;5;34;4028,51999;4027,76000;DOWN
2026-07-16 09:01:00;M1;5;21;4027,61110;4030,68000;UP
2026-07-16 09:16:00;M1;5;55;4029,75669;4029,56000;DOWN
2026-07-16 09:24:00;M1;5;21;4030,71058;4031,56000;UP
2026-07-16 09:30:00;M1;5;55;4029,69555;4029,53000;DOWN
2026-07-16 09:31:00;M1;5;55;4029,57244;4030,00000;UP
2026-07-16 09:34:00;M1;5;89;4028,21191;4026,88000;DOWN
2026-07-16 09:36:00;M1;5;55;4029,35258;4024,05000;DOWN
2026-07-16 09:48:00;M1;5;89;4028,19189;4028,35000;UP
2026-07-16 09:51:00;M1;5;21;4028,49229;4028,80000;UP
2026-07-16 10:00:00;M1;5;55;4028,41036;4028,33000;DOWN
2026-07-16 10:02:00;M1;5;21;4028,45984;4029,69000;UP
2026-07-16 10:01:00;M1;5;89;4028,10319;4027,86000;DOWN
2026-07-16 10:06:00;M1;5;89;4028,07715;4028,40000;UP
2026-07-16 10:06:00;M1;5;34;4028,80378;4028,40000;DOWN
2026-07-16 10:11:00;M1;5;21;4028,31177;4028,97000;UP
2026-07-16 10:13:00;M1;5;89;4028,01538;4027,16000;DOWN
2026-07-16 10:16:00;M1;5;34;4028,38737;4024,24000;DOWN
2026-07-16 10:27:00;M1;5;21;4026,33277;4026,53000;UP
2026-07-16 10:31:00;M1;5;21;4025,54230;4024,93000;DOWN
2026-07-16 10:37:00;M1;5;21;4024,89392;4025,21000;UP
2026-07-16 10:43:00;M1;5;89;4026,85596;4026,59000;DOWN
2026-07-16 10:46:00;M1;5;55;4026,19571;4029,43000;UP
2026-07-16 11:10:00;M1;5;89;4026,48523;4025,94000;DOWN
2026-07-16 11:11:00;M1;5;34;4027,02452;4027,25000;UP
2026-07-16 11:19:00;M1;5;21;4028,85575;4029,24000;UP
2026-07-16 11:54:00;M1;5;21;4034,20710;4033,35000;DOWN
2026-07-16 11:58:00;M1;5;21;4034,93012;4035,65000;UP
2026-07-16 12:04:00;M1;5;21;4035,59750;4035,41000;DOWN
2026-07-16 12:07:00;M1;5;21;4036,21339;4036,44000;UP
2026-07-16 12:11:00;M1;5;21;4036,78611;4036,52000;DOWN
2026-07-16 12:20:00;M1;5;34;4035,93262;4035,44000;DOWN
2026-07-16 12:24:00;M1;5;55;4033,38334;4032,62000;DOWN
2026-07-16 12:35:00;M1;5;55;4034,24030;4034,58000;UP
2026-07-16 12:36:00;M1;5;55;4034,53800;4033,32000;DOWN
2026-07-16 12:43:00;M1;5;21;4034,41378;4034,78000;UP
2026-07-16 12:46:00;M1;5;21;4033,84151;4032,57000;DOWN
2026-07-16 12:52:00;M1;5;21;4033,64832;4034,75000;UP
2026-07-16 12:59:00;M1;5;89;4032,26509;4031,66000;DOWN
2026-07-16 13:08:00;M1;5;21;4032,28930;4032,35000;UP
2026-07-16 13:11:00;M1;5;21;4031,92905;4030,78000;DOWN
2026-07-16 13:16:00;M1;5;21;4031,76699;4032,25000;UP
2026-07-16 13:24:00;M1;5;34;4033,23189;4034,54000;UP
2026-07-16 13:27:00;M1;5;89;4033,18001;4032,05000;DOWN
2026-07-16 13:32:00;M1;5;21;4032,48521;4033,14000;UP
2026-07-16 13:39:00;M1;5;89;4033,46801;4031,77000;DOWN
2026-07-16 13:41:00;M1;5;21;4032,62810;4033,44000;UP
2026-07-16 13:46:00;M1;5;89;4033,70119;4031,89000;DOWN
2026-07-16 14:12:00;M1;5;21;4029,62901;4029,74000;UP
2026-07-16 14:16:00;M1;5;21;4028,66290;4025,91000;DOWN
2026-07-16 14:32:00;M1;5;21;4025,81599;4027,26000;UP
2026-07-16 14:42:00;M1;5;89;4032,05271;4032,36000;UP
2026-07-16 15:10:00;M1;5;89;4032,45589;4030,93000;DOWN
2026-07-16 15:14:00;M1;5;55;4031,50763;4031,73000;UP
2026-07-16 15:16:00;M1;5;55;4031,75963;4019,17000;DOWN
2026-07-16 16:11:00;M1;5;21;3982,73329;3988,44000;UP
2026-07-16 16:16:00;M1;5;34;3993,91040;3994,42000;UP
2026-07-16 16:27:00;M1;5;55;4001,74614;4002,97000;UP
2026-07-16 16:33:00;M1;5;55;3999,55530;3997,24000;DOWN
2026-07-16 16:39:00;M1;5;34;3985,70879;3983,40000;DOWN
2026-07-16 16:42:00;M1;5;21;3986,11107;3986,43000;UP
2026-07-16 16:50:00;M1;5;55;3992,74520;3994,28000;UP
2026-07-16 16:55:00;M1;5;55;3990,71545;3990,33000;DOWN
2026-07-16 16:56:00;M1;5;55;3988,76263;3989,45000;UP
2026-07-16 16:57:00;M1;5;21;3988,89873;3988,30000;DOWN
2026-07-16 17:01:00;M1;5;21;3990,19593;3997,16000;UP
2026-07-16 17:12:00;M1;5;21;3991,08072;3988,39000;DOWN
2026-07-16 17:16:00;M1;5;21;3991,49912;3993,65000;UP
2026-07-16 17:23:00;M1;5;89;3993,88330;3991,24000;DOWN
2026-07-16 17:26:00;M1;5;21;3993,11853;3997,57000;UP
2026-07-16 17:49:00;M1;5;21;4000,50502;3999,35000;DOWN
2026-07-16 17:52:00;M1;5;34;3995,63507;3995,46000;DOWN
2026-07-16 17:57:00;M1;5;34;3996,69462;3997,76000;UP
2026-07-16 18:01:00;M1;5;34;3997,32414;3995,36000;DOWN
2026-07-16 18:18:00;M1;5;21;3997,44432;3997,92000;UP
2026-07-16 18:46:00;M1;5;21;4011,46728;4008,99000;DOWN
2026-07-16 18:55:00;M1;5;34;4008,91810;4008,44000;DOWN
2026-07-16 19:02:00;M1;5;55;4003,57788;4002,17000;DOWN
2026-07-16 19:14:00;M1;5;89;3992,18518;3989,89000;DOWN
2026-07-16 19:31:00;M1;5;21;3988,80464;3989,21000;UP
2026-07-16 19:50:00;M1;5;34;3993,18273;3994,25000;UP
2026-07-16 19:59:00;M1;5;89;3992,07022;3991,98000;DOWN
2026-07-16 20:01:00;M1;5;34;3989,53040;3991,94000;UP
2026-07-16 20:09:00;M1;5;34;3988,46739;3987,78000;DOWN
2026-07-16 20:16:00;M1;5;34;3986,40337;3986,46000;UP
2026-07-16 20:21:00;M1;5;21;3987,68063;3988,41000;UP
2026-07-16 20:25:00;M1;5;34;3985,59852;3983,74000;DOWN
2026-07-16 20:27:00;M1;5;34;3985,05376;3987,28000;UP
2026-07-16 20:26:00;M1;5;21;3987,28530;3984,25000;DOWN
2026-07-16 20:31:00;M1;5;21;3986,60336;3986,69000;UP
2026-07-16 20:32:00;M1;5;34;3984,58883;3984,47000;DOWN
2026-07-16 20:37:00;M1;5;34;3984,09955;3984,39000;UP
2026-07-16 20:36:00;M1;5;21;3985,53595;3982,97000;DOWN
2026-07-16 20:41:00;M1;5;34;3983,51723;3982,10000;DOWN
2026-07-16 20:46:00;M1;5;21;3983,22273;3983,98000;UP
2026-07-16 20:51:00;M1;5;55;3985,27737;3985,64000;UP
2026-07-16 20:57:00;M1;5;55;3984,29505;3983,79000;DOWN
2026-07-16 21:01:00;M1;5;55;3983,46969;3986,47000;UP
2026-07-16 21:10:00;M1;5;89;3987,33273;3987,99000;UP
2026-07-16 21:14:00;M1;5;89;3986,87457;3985,21000;DOWN
2026-07-16 21:16:00;M1;5;89;3986,47195;3987,98000;UP
2026-07-16 21:30:00;M1;5;89;3985,75865;3984,49000;DOWN
2026-07-16 21:33:00;M1;5;55;3981,79387;3981,39000;DOWN
2026-07-16 21:45:00;M1;5;21;3983,60197;3983,70000;UP
2026-07-16 21:46:00;M1;5;89;3983,84318;3983,96000;UP
2026-07-16 21:47:00;M1;5;34;3982,60690;3982,35000;DOWN
2026-07-16 21:51:00;M1;5;21;3982,14564;3983,32000;UP
2026-07-16 21:52:00;M1;5;89;3983,31951;3981,38000;DOWN
2026-07-16 21:57:00;M1;5;55;3980,29590;3979,90000;DOWN
2026-07-16 22:01:00;M1;5;21;3981,20493;3981,92000;UP
2026-07-16 22:10:00;M1;5;89;3981,78401;3981,31000;DOWN
2026-07-16 22:12:00;M1;5;55;3979,79127;3979,31000;DOWN
2026-07-16 22:16:00;M1;5;21;3980,99812;3981,03000;UP
2026-07-16 22:23:00;M1;5;89;3980,47412;3980,38000;DOWN
2026-07-16 22:26:00;M1;5;55;3979,49949;3978,92000;DOWN
2026-07-16 22:46:00;M1;5;21;3976,30187;3976,34000;UP
2026-07-16 22:51:00;M1;5;34;3977,22627;3977,91000;UP
2026-07-16 22:56:00;M1;5;89;3977,34851;3976,69000;DOWN
2026-07-16 23:01:00;M1;5;34;3976,94528;3978,16000;UP
2026-07-16 23:06:00;M1;5;89;3976,66996;3975,40000;DOWN
2026-07-16 23:12:00;M1;5;21;3976,16553;3976,42000;UP
2026-07-16 23:16:00;M1;5;89;3975,93534;3973,13000;DOWN
2026-07-16 23:26:00;M1;5;21;3974,28459;3975,17000;UP
2026-07-16 23:35:00;M1;5;55;3974,86208;3975,27000;UP
2026-07-16 23:31:00;M1;5;89;3974,69623;3974,40000;DOWN
2026-07-16 23:36:00;M1;5;89;3974,30204;3975,48000;UP
2026-07-17 01:14:00;M1;5;21;3976,32075;3976,23000;DOWN
2026-07-17 01:21:00;M1;5;34;3974,97227;3974,94000;DOWN
2026-07-17 01:28:00;M1;5;34;3975,12045;3975,49000;UP
2026-07-17 01:33:00;M1;5;34;3975,27113;3974,92000;DOWN
2026-07-17 01:38:00;M1;5;21;3976,56316;3976,61000;UP
2026-07-17 01:44:00;M1;5;55;3973,76955;3973,44000;DOWN
2026-07-17 01:46:00;M1;5;55;3973,75536;3973,95000;UP
2026-07-17 01:52:00;M1;5;21;3975,07099;3975,09000;UP
2026-07-17 02:22:00;M1;5;21;3978,42670;3978,20000;DOWN
2026-07-17 02:26:00;M1;5;21;3978,91656;3980,07000;UP
2026-07-17 02:32:00;M1;5;55;3976,18529;3975,92000;DOWN
2026-07-17 02:36:00;M1;5;21;3979,38760;3979,40000;UP
2026-07-17 02:45:00;M1;5;34;3978,62468;3977,90000;DOWN
2026-07-17 02:50:00;M1;5;34;3978,96973;3980,00000;UP
2026-07-17 02:48:00;M1;5;55;3977,33687;3977,21000;DOWN
2026-07-17 02:54:00;M1;5;21;3980,21491;3980,29000;UP
2026-07-17 03:14:00;M1;5;21;3984,18140;3983,34000;DOWN
2026-07-17 03:16:00;M1;5;21;3985,31268;3986,21000;UP
2026-07-17 03:25:00;M1;5;21;3986,33824;3985,44000;DOWN
2026-07-17 03:30:00;M1;5;55;3982,54963;3982,26000;DOWN
2026-07-17 03:37:00;M1;5;55;3983,59270;3983,68000;UP
2026-07-17 03:41:00;M1;5;55;3983,94038;3981,53000;DOWN
2026-07-17 03:46:00;M1;5;21;3985,06896;3986,81000;UP
2026-07-17 04:23:00;M1;5;34;3990,41108;3990,22000;DOWN
2026-07-17 04:28:00;M1;5;34;3991,02824;3991,64000;UP
2026-07-17 04:26:00;M1;5;55;3989,71278;3989,25000;DOWN
2026-07-17 04:31:00;M1;5;55;3990,41454;3990,46000;UP
2026-07-17 04:31:00;M1;5;34;3991,62118;3990,46000;DOWN
2026-07-17 04:37:00;M1;5;21;3993,71247;3995,15000;UP
2026-07-17 04:41:00;M1;5;55;3991,67536;3990,59000;DOWN
2026-07-17 04:47:00;M1;5;89;3988,07149;3986,48000;DOWN
2026-07-17 05:16:00;M1;5;21;3981,09991;3982,55000;UP
2026-07-17 05:33:00;M1;5;21;3979,34582;3977,26000;DOWN
2026-07-17 05:46:00;M1;5;21;3975,99459;3976,00000;UP
2026-07-17 05:54:00;M1;5;34;3977,64049;3977,96000;UP
2026-07-17 06:02:00;M1;5;55;3982,00339;3985,17000;UP
2026-07-17 06:33:00;M1;5;21;3998,94503;3997,47000;DOWN
2026-07-17 06:48:00;M1;5;34;3995,77657;3994,75000;DOWN
2026-07-17 06:56:00;M1;5;89;3990,99252;3990,98000;DOWN
2026-07-17 07:31:00;M1;5;21;3985,97212;3987,07000;UP
2026-07-17 07:36:00;M1;5;21;3984,47014;3984,27000;DOWN
2026-07-17 07:46:00;M1;5;21;3981,82982;3983,44000;UP
2026-07-17 08:05:00;M1;5;21;3979,66428;3979,65000;DOWN
2026-07-17 08:07:00;M1;5;21;3979,09647;3979,23000;UP
2026-07-17 08:15:00;M1;5;21;3978,59590;3978,45000;DOWN
2026-07-17 08:17:00;M1;5;21;3977,79359;3979,87000;UP
2026-07-17 08:23:00;M1;5;34;3978,42731;3978,29000;DOWN
2026-07-17 08:26:00;M1;5;34;3977,59040;3979,75000;UP
2026-07-17 08:31:00;M1;5;55;3983,14563;3982,95000;DOWN
2026-07-17 08:36:00;M1;5;55;3982,33272;3983,54000;UP
2026-07-17 08:41:00;M1;5;89;3985,77321;3989,07000;UP
2026-07-17 08:46:00;M1;5;89;3985,58999;3982,25000;DOWN
2026-07-17 08:51:00;M1;5;89;3985,51864;3989,09000;UP
2026-07-17 08:59:00;M1;5;89;3985,47048;3984,94000;DOWN
2026-07-17 09:01:00;M1;5;21;3987,45458;3988,09000;UP
2026-07-17 09:07:00;M1;5;21;3988,94863;3988,81000;DOWN
2026-07-17 09:11:00;M1;5;21;3991,24042;3997,26000;UP
2026-07-17 09:35:00;M1;5;21;4003,26843;4002,79000;DOWN
2026-07-17 09:40:00;M1;5;34;3998,42991;3996,94000;DOWN
2026-07-17 10:07:00;M1;5;55;3997,41921;3996,25000;DOWN
2026-07-17 10:16:00;M1;5;21;3998,80034;3999,07000;UP
2026-07-17 10:21:00;M1;5;55;3999,57947;3994,50000;DOWN
2026-07-17 10:26:00;M1;5;21;3997,05205;3997,57000;UP
2026-07-17 10:34:00;M1;5;21;3996,53452;3996,17000;DOWN
2026-07-17 10:39:00;M1;5;21;3996,18507;3996,73000;UP
2026-07-17 10:37:00;M1;5;89;3995,30746;3994,39000;DOWN
2026-07-17 10:43:00;M1;5;89;3995,72356;3995,81000;UP
2026-07-17 10:41:00;M1;5;21;3996,15563;3995,48000;DOWN
2026-07-17 10:47:00;M1;5;21;3996,10011;3996,51000;UP
2026-07-17 10:46:00;M1;5;89;3996,12569;3995,85000;DOWN
2026-07-17 10:51:00;M1;5;21;3995,89016;3995,73000;DOWN
2026-07-17 11:01:00;M1;5;21;3995,41259;3997,16000;UP
2026-07-17 11:07:00;M1;5;89;3997,50166;3996,78000;DOWN
2026-07-17 11:11:00;M1;5;21;3995,57196;3992,29000;DOWN
2026-07-17 11:25:00;M1;5;21;3994,00135;3994,61000;UP
2026-07-17 11:27:00;M1;5;21;3993,12143;3992,56000;DOWN
2026-07-17 11:43:00;M1;5;21;3990,87830;3991,68000;UP
2026-07-17 11:48:00;M1;5;55;3996,20424;3997,18000;UP
2026-07-17 11:51:00;M1;5;89;3998,12863;3995,55000;DOWN
2026-07-17 11:56:00;M1;5;55;3995,36862;3997,19000;UP
2026-07-17 12:01:00;M1;5;55;3995,03701;3994,48000;DOWN
2026-07-17 12:06:00;M1;5;21;3993,69874;3995,97000;UP
2026-07-17 12:22:00;M1;5;89;3998,12144;3999,35000;UP
2026-07-17 12:31:00;M1;5;89;3998,21913;3998,16000;DOWN
2026-07-17 12:36:00;M1;5;34;3996,26859;3996,65000;UP
2026-07-17 12:42:00;M1;5;89;3998,22054;3997,95000;DOWN
2026-07-17 12:46:00;M1;5;55;3995,47139;3995,00000;DOWN
2026-07-17 12:53:00;M1;5;21;3998,12825;3998,49000;UP
2026-07-17 12:56:00;M1;5;89;3998,03968;3996,88000;DOWN
2026-07-17 13:01:00;M1;5;55;3995,82061;3995,64000;DOWN
2026-07-17 13:08:00;M1;5;55;3995,94963;3996,67000;UP
2026-07-17 13:13:00;M1;5;21;3997,15297;3997,87000;UP
2026-07-17 13:20:00;M1;5;34;3997,75458;3998,31000;UP
2026-07-17 13:16:00;M1;5;89;3997,67648;3995,95000;DOWN
2026-07-17 13:21:00;M1;5;21;3996,27766;3996,28000;UP
2026-07-17 13:21:00;M1;5;34;3997,54992;3996,28000;DOWN
2026-07-17 13:26:00;M1;5;55;3996,35040;3995,57000;DOWN
2026-07-17 13:31:00;M1;5;21;3995,87232;3996,54000;UP
2026-07-17 13:36:00;M1;5;55;3996,52046;3995,23000;DOWN
2026-07-17 13:42:00;M1;5;21;3995,79066;3995,91000;UP
2026-07-17 13:47:00;M1;5;55;3996,65849;3995,42000;DOWN
2026-07-17 14:01:00;M1;5;21;3993,85625;3993,90000;UP
2026-07-17 14:06:00;M1;5;21;3993,03736;3991,41000;DOWN
2026-07-17 14:13:00;M1;5;21;3992,30204;3992,46000;UP
2026-07-17 14:20:00;M1;5;34;3993,26220;3993,40000;UP
2026-07-17 14:16:00;M1;5;21;3991,84280;3991,18000;DOWN
2026-07-17 14:21:00;M1;5;21;3991,62735;3995,96000;UP
2026-07-17 14:23:00;M1;5;34;3992,87217;3992,52000;DOWN
2026-07-17 14:26:00;M1;5;34;3992,71562;3993,96000;UP
2026-07-17 14:26:00;M1;5;89;3995,65924;3993,96000;DOWN
2026-07-17 14:33:00;M1;5;34;3992,59908;3991,93000;DOWN
2026-07-17 14:36:00;M1;5;21;3992,34870;3992,37000;UP
2026-07-17 14:41:00;M1;5;55;3993,76311;3994,20000;UP
2026-07-17 14:43:00;M1;5;34;3992,39579;3991,90000;DOWN
2026-07-17 14:46:00;M1;5;21;3992,65448;3994,15000;UP
2026-07-17 14:53:00;M1;5;89;3994,86962;3995,63000;UP
2026-07-17 14:58:00;M1;5;89;3994,79367;3994,02000;DOWN
2026-07-17 15:01:00;M1;5;21;3994,10567;3994,34000;UP
2026-07-17 15:03:00;M1;5;55;3993,33219;3992,88000;DOWN
2026-07-17 15:10:00;M1;5;34;3992,67506;3992,86000;UP
2026-07-17 15:06:00;M1;5;89;3994,50926;3989,12000;DOWN
2026-07-17 15:12:00;M1;5;21;3992,93433;3993,24000;UP
2026-07-17 15:11:00;M1;5;34;3992,41359;3992,13000;DOWN
2026-07-17 15:16:00;M1;5;55;3992,60572;3991,20000;DOWN
2026-07-17 15:56:00;M1;5;21;3969,62478;3970,99000;UP
2026-07-17 16:01:00;M1;5;21;3967,21638;3962,37000;DOWN
2026-07-17 16:06:00;M1;5;21;3965,49687;3970,14000;UP
2026-07-17 16:11:00;M1;5;34;3970,62606;3967,42000;DOWN
2026-07-17 16:16:00;M1;5;34;3968,95637;3971,97000;UP
2026-07-17 16:32:00;M1;5;55;3971,16558;3972,15000;UP
2026-07-17 16:37:00;M1;5;89;3977,52550;3983,17000;UP
2026-07-17 17:11:00;M1;5;21;3997,47188;3995,31000;DOWN
2026-07-17 17:20:00;M1;5;21;3999,91170;4000,82000;UP
2026-07-17 17:21:00;M1;5;21;4002,20892;4002,12000;DOWN
2026-07-17 17:31:00;M1;5;34;3996,68482;3994,94000;DOWN
2026-07-17 17:59:00;M1;5;21;4000,08657;4001,09000;UP
2026-07-17 18:04:00;M1;5;34;4004,22766;4012,37000;UP
2026-07-17 18:02:00;M1;5;21;4001,13681;4000,32000;DOWN
2026-07-17 18:06:00;M1;5;21;4002,85116;4005,83000;UP
2026-07-17 18:07:00;M1;5;34;4005,49936;4004,88000;DOWN
2026-07-17 18:11:00;M1;5;34;4006,67035;4008,35000;UP
2026-07-17 18:13:00;M1;5;21;4004,55068;4003,97000;DOWN
2026-07-17 18:17:00;M1;5;21;4005,94714;4007,73000;UP
2026-07-17 18:16:00;M1;5;34;4007,65164;4005,27000;DOWN
2026-07-17 18:21:00;M1;5;34;4008,50802;4009,73000;UP
2026-07-17 18:25:00;M1;5;21;4007,26601;4006,70000;DOWN
2026-07-17 18:27:00;M1;5;21;4009,04501;4010,73000;UP
2026-07-17 18:26:00;M1;5;34;4009,47834;4009,02000;DOWN
2026-07-17 18:31:00;M1;5;34;4010,42039;4014,35000;UP
2026-07-17 18:41:00;M1;5;21;4014,38892;4013,31000;DOWN
2026-07-17 18:46:00;M1;5;21;4015,91063;4016,14000;UP
2026-07-17 18:57:00;M1;5;21;4019,05600;4017,48000;DOWN
2026-07-17 19:01:00;M1;5;55;4016,64561;4012,94000;DOWN
2026-07-17 19:10:00;M1;5;34;4019,42482;4019,54000;UP
2026-07-17 19:11:00;M1;5;55;4019,19246;4018,18000;DOWN
2026-07-17 19:17:00;M1;5;55;4020,35190;4020,67000;UP
2026-07-17 19:24:00;M1;5;21;4022,40296;4023,54000;UP
2026-07-17 19:21:00;M1;5;55;4021,51615;4020,07000;DOWN
2026-07-17 19:26:00;M1;5;34;4022,90624;4019,04000;DOWN
2026-07-17 19:36:00;M1;5;89;4015,00191;4015,00000;DOWN
2026-07-17 19:43:00;M1;5;89;4016,32681;4016,65000;UP
2026-07-17 19:49:00;M1;5;21;4019,32798;4019,93000;UP
2026-07-17 19:46:00;M1;5;89;4017,58875;4016,78000;DOWN
2026-07-17 19:51:00;M1;5;21;4018,66824;4018,37000;DOWN
2026-07-17 20:01:00;M1;5;21;4017,22055;4018,84000;UP
2026-07-17 20:12:00;M1;5;21;4015,99280;4014,58000;DOWN
2026-07-17 20:22:00;M1;5;21;4014,58838;4015,14000;UP
2026-07-17 20:29:00;M1;5;21;4014,06915;4013,88000;DOWN
2026-07-17 20:47:00;M1;5;21;4011,68806;4012,16000;UP
2026-07-17 20:51:00;M1;5;21;4011,02043;4009,13000;DOWN
2026-07-17 21:02:00;M1;5;21;4009,83734;4010,54000;UP
2026-07-17 21:07:00;M1;5;34;4010,77621;4012,21000;UP
2026-07-17 21:13:00;M1;5;34;4010,27854;4010,21000;DOWN
2026-07-17 21:16:00;M1;5;34;4009,97344;4010,46000;UP
2026-07-17 21:29:00;M1;5;55;4013,60554;4015,34000;UP
2026-07-17 21:32:00;M1;5;55;4013,17996;4012,62000;DOWN
2026-07-17 21:40:00;M1;5;34;4010,33820;4010,12000;DOWN
2026-07-17 21:54:00;M1;5;34;4009,85936;4010,34000;UP
2026-07-17 21:56:00;M1;5;21;4010,42761;4010,46000;UP
2026-07-17 22:00:00;M1;5;34;4009,74290;4009,36000;DOWN
2026-07-17 22:01:00;M1;5;55;4010,43874;4008,60000;DOWN
2026-07-17 22:26:00;M1;5;21;4004,88796;4004,92000;UP
2026-07-17 22:31:00;M1;5;34;4006,20749;4007,28000;UP
2026-07-17 22:38:00;M1;5;55;4006,48857;4006,44000;DOWN
2026-07-17 22:41:00;M1;5;55;4006,17509;4008,60000;UP
2026-07-17 22:51:00;M1;5;89;4011,84160;4013,37000;UP
2026-07-17 23:11:00;M1;5;21;4013,90840;4012,46000;DOWN
2026-07-17 23:18:00;M1;5;89;4010,73692;4010,19000;DOWN
2026-07-17 23:29:00;M1;5;89;4010,42601;4010,81000;UP
2026-07-17 23:31:00;M1;5;89;4010,25487;4009,93000;DOWN
2026-07-17 23:40:00;M1;5;34;4011,57031;4011,80000;UP
2026-07-17 23:44:00;M1;5;21;4012,02622;4013,51000;UP
2026-07-17 23:41:00;M1;5;34;4011,89747;4011,26000;DOWN
2026-07-17 23:46:00;M1;5;34;4012,43092;4016,30000;UP
2026-07-20 01:01:00;M1;5;89;4010,03668;3998,35000;DOWN
2026-07-20 01:31:00;M1;5;21;3996,30043;3996,62000;UP
2026-07-20 01:51:00;M1;5;34;3996,67346;3997,41000;UP
2026-07-20 01:59:00;M1;5;34;3995,51853;3994,73000;DOWN
2026-07-20 02:02:00;M1;5;21;3993,13356;3993,14000;UP
2026-07-20 02:12:00;M1;5;34;3992,32923;3991,69000;DOWN
2026-07-20 02:16:00;M1;5;21;3992,18599;3992,63000;UP
2026-07-20 02:21:00;M1;5;21;3991,76428;3991,31000;DOWN
2026-07-20 02:26:00;M1;5;21;3991,51615;3992,78000;UP
2026-07-20 02:31:00;M1;5;55;3993,25865;3993,58000;UP
2026-07-20 02:40:00;M1;5;55;3992,42895;3991,24000;DOWN
2026-07-20 02:43:00;M1;5;21;3991,72202;3992,28000;UP
2026-07-20 02:46:00;M1;5;55;3990,96710;3990,22000;DOWN
2026-07-20 02:51:00;M1;5;21;3991,61331;3994,64000;UP
2026-07-20 02:57:00;M1;5;89;3994,64179;3994,87000;UP
2026-07-20 03:00:00;M1;5;55;3989,89641;3989,11000;DOWN
2026-07-20 03:01:00;M1;5;89;3994,01823;3983,91000;DOWN
2026-07-20 03:08:00;M1;5;34;3989,83724;3990,63000;UP
2026-07-20 03:12:00;M1;5;21;3991,18814;3991,26000;UP
2026-07-20 03:39:00;M1;5;21;4000,45538;3999,91000;DOWN
2026-07-20 03:41:00;M1;5;21;4001,51003;4002,22000;UP
2026-07-20 03:46:00;M1;5;21;4002,13003;4002,07000;DOWN
2026-07-20 03:52:00;M1;5;34;3999,11696;3998,89000;DOWN
2026-07-20 03:59:00;M1;5;21;4003,96368;4008,46000;UP
2026-07-20 04:14:00;M1;5;21;4010,74385;4009,98000;DOWN
2026-07-20 04:18:00;M1;5;34;4007,99109;4005,57000;DOWN
2026-07-20 04:21:00;M1;5;55;4001,71526;4000,97000;DOWN
2026-07-20 04:26:00;M1;5;55;4002,76128;4004,10000;UP
2026-07-20 04:35:00;M1;5;55;4003,63561;4001,36000;DOWN
2026-07-20 04:43:00;M1;5;89;3997,55456;3997,48000;DOWN
2026-07-20 04:46:00;M1;5;89;3997,94199;4000,91000;UP
2026-07-20 04:53:00;M1;5;89;3998,25646;3998,16000;DOWN
2026-07-20 04:57:00;M1;5;21;4000,73280;4001,43000;UP
2026-07-20 05:02:00;M1;5;34;4005,53211;4006,89000;UP
2026-07-20 05:07:00;M1;5;55;4005,92789;4005,06000;DOWN
2026-07-20 05:11:00;M1;5;34;4005,43113;4006,34000;UP
2026-07-20 05:16:00;M1;5;55;4006,65729;4005,77000;DOWN
2026-07-20 05:21:00;M1;5;34;4005,36245;4006,62000;UP
2026-07-20 05:26:00;M1;5;55;4007,33895;4006,54000;DOWN
2026-07-20 05:31:00;M1;5;55;4007,69941;4007,76000;UP
2026-07-20 06:03:00;M1;5;21;4021,93758;4020,95000;DOWN
2026-07-20 06:15:00;M1;5;21;4025,03772;4025,39000;UP
2026-07-20 06:16:00;M1;5;21;4026,37752;4025,40000;DOWN
2026-07-20 06:26:00;M1;5;34;4024,56346;4023,30000;DOWN
2026-07-20 06:31:00;M1;5;55;4020,81256;4020,66000;DOWN
2026-07-20 06:36:00;M1;5;55;4021,89641;4023,56000;UP
2026-07-20 06:42:00;M1;5;21;4026,64989;4026,79000;UP
2026-07-20 06:46:00;M1;5;34;4027,98237;4026,69000;DOWN
2026-07-20 06:51:00;M1;5;21;4026,72321;4026,75000;UP
2026-07-20 06:53:00;M1;5;55;4025,11942;4025,11000;DOWN
2026-07-20 06:56:00;M1;5;21;4026,54979;4023,46000;DOWN
2026-07-20 07:02:00;M1;5;21;4026,38176;4026,53000;UP
2026-07-20 07:06:00;M1;5;21;4026,08142;4025,54000;DOWN
2026-07-20 07:12:00;M1;5;89;4023,33429;4022,66000;DOWN
2026-07-20 07:20:00;M1;5;89;4024,05179;4024,09000;UP
2026-07-20 07:21:00;M1;5;89;4024,68065;4023,31000;DOWN
2026-07-20 07:27:00;M1;5;21;4023,79808;4024,13000;UP
2026-07-20 07:32:00;M1;5;21;4023,54499;4023,30000;DOWN
2026-07-20 07:38:00;M1;5;21;4023,33342;4023,77000;UP
2026-07-20 07:41:00;M1;5;21;4023,14906;4022,60000;DOWN
2026-07-20 08:30:00;M1;5;21;4012,92865;4013,42000;UP
2026-07-20 08:31:00;M1;5;21;4011,42900;4011,24000;DOWN
2026-07-20 08:37:00;M1;5;21;4010,12835;4010,38000;UP
2026-07-20 08:49:00;M1;5;21;4007,79555;4005,73000;DOWN
2026-07-20 08:52:00;M1;5;21;4006,69773;4008,04000;UP
2026-07-20 08:56:00;M1;5;34;4008,35113;4010,30000;UP
2026-07-20 09:28:00;M1;5;34;4005,16618;4004,04000;DOWN
2026-07-20 09:31:00;M1;5;34;4004,75454;4005,19000;UP
2026-07-20 09:36:00;M1;5;34;4004,34943;4004,26000;DOWN
2026-07-20 09:41:00;M1;5;21;4005,22534;4005,78000;UP
2026-07-20 09:53:00;M1;5;55;4004,14564;4003,88000;DOWN
2026-07-20 09:56:00;M1;5;21;4004,23723;4005,42000;UP
2026-07-20 10:13:00;M1;5;21;4003,83845;4003,27000;DOWN
2026-07-20 10:17:00;M1;5;34;4003,16379;4002,71000;DOWN
2026-07-20 10:22:00;M1;5;21;4004,19290;4006,87000;UP
2026-07-20 10:26:00;M1;5;89;4007,18435;4005,47000;DOWN
2026-07-20 10:31:00;M1;5;21;4005,95912;4008,22000;UP
2026-07-20 10:57:00;M1;5;21;4018,02121;4017,35000;DOWN
2026-07-20 11:01:00;M1;5;21;4020,02659;4021,15000;UP
2026-07-20 11:06:00;M1;5;21;4021,64312;4019,61000;DOWN
2026-07-20 11:14:00;M1;5;21;4023,24079;4023,97000;UP
2026-07-20 11:20:00;M1;5;21;4024,76352;4023,81000;DOWN
2026-07-20 11:24:00;M1;5;21;4026,42178;4029,27000;UP
2026-07-20 11:28:00;M1;5;34;4023,45149;4022,92000;DOWN
2026-07-20 11:50:00;M1;5;55;4020,94758;4020,28000;DOWN
2026-07-20 12:12:00;M1;5;21;4019,53260;4020,23000;UP
2026-07-20 12:27:00;M1;5;89;4017,47615;4016,59000;DOWN
2026-07-20 12:33:00;M1;5;21;4017,50778;4018,07000;UP
2026-07-20 12:41:00;M1;5;34;4020,01992;4020,31000;UP
2026-07-20 12:46:00;M1;5;89;4019,06872;4018,20000;DOWN
2026-07-20 12:51:00;M1;5;21;4018,88396;4019,08000;UP
2026-07-20 12:56:00;M1;5;89;4019,90461;4019,77000;DOWN
2026-07-20 13:04:00;M1;5;21;4020,07622;4020,26000;UP
2026-07-20 13:06:00;M1;5;89;4020,70477;4020,47000;DOWN
2026-07-20 13:13:00;M1;5;21;4020,72019;4021,33000;UP
2026-07-20 13:16:00;M1;5;89;4021,43203;4020,92000;DOWN
2026-07-20 13:21:00;M1;5;21;4020,97479;4022,25000;UP
2026-07-20 13:26:00;M1;5;55;4022,33013;4022,88000;UP
2026-07-20 13:29:00;M1;5;89;4022,08233;4021,85000;DOWN
2026-07-20 13:33:00;M1;5;89;4022,39641;4023,62000;UP
2026-07-20 13:31:00;M1;5;55;4022,18395;4021,83000;DOWN
2026-07-20 13:36:00;M1;5;55;4022,08628;4022,15000;UP
2026-07-20 13:36:00;M1;5;89;4022,69828;4022,15000;DOWN
2026-07-20 13:41:00;M1;5;21;4022,10747;4022,22000;UP
2026-07-20 13:46:00;M1;5;55;4021,98839;4021,44000;DOWN
2026-07-20 13:51:00;M1;5;21;4022,56847;4023,73000;UP
2026-07-20 13:56:00;M1;5;89;4023,73353;4022,64000;DOWN
2026-07-20 14:01:00;M1;5;21;4023,58971;4025,93000;UP
2026-07-20 14:06:00;M1;5;89;4024,18236;4023,03000;DOWN
2026-07-20 14:19:00;M1;5;55;4022,80393;4023,13000;UP
2026-07-20 14:21:00;M1;5;55;4022,90383;4021,36000;DOWN
2026-07-20 14:27:00;M1;5;21;4023,30714;4023,33000;UP
2026-07-20 14:48:00;M1;5;34;4027,70822;4027,63000;DOWN
2026-07-20 14:59:00;M1;5;89;4026,55336;4025,24000;DOWN
2026-07-20 15:30:00;M1;5;21;4013,11500;4013,59000;UP
2026-07-20 15:46:00;M1;5;34;4013,18838;4013,42000;UP
2026-07-20 15:51:00;M1;5;34;4011,66866;4010,27000;DOWN
2026-07-20 16:00:00;M1;5;34;4010,11771;4011,65000;UP
2026-07-20 16:20:00;M1;5;55;4012,01189;4012,10000;UP
2026-07-20 16:21:00;M1;5;55;4011,13382;4010,66000;DOWN
2026-07-20 16:30:00;M1;5;55;4010,28497;4010,88000;UP
2026-07-20 16:40:00;M1;5;89;4015,01250;4016,31000;UP
2026-07-20 16:43:00;M1;5;89;4014,49461;4013,22000;DOWN
2026-07-20 16:58:00;M1;5;55;4007,49516;4006,55000;DOWN
2026-07-20 17:23:00;M1;5;21;4002,04440;4002,42000;UP
2026-07-20 17:26:00;M1;5;34;4004,06487;4006,01000;UP
2026-07-20 17:31:00;M1;5;89;4007,36636;4007,67000;UP
2026-07-20 17:56:00;M1;5;21;4007,82343;4006,67000;DOWN
2026-07-20 18:01:00;M1;5;21;4008,72337;4009,58000;UP
2026-07-20 18:06:00;M1;5;21;4010,48246;4008,74000;DOWN
2026-07-20 18:11:00;M1;5;21;4012,21608;4013,45000;UP
2026-07-20 18:17:00;M1;5;21;4013,50882;4012,27000;DOWN
2026-07-20 18:24:00;M1;5;21;4014,56146;4014,91000;UP
2026-07-20 18:26:00;M1;5;21;4015,46217;4015,30000;DOWN
2026-07-20 18:37:00;M1;5;34;4013,38870;4011,64000;DOWN
2026-07-20 18:46:00;M1;5;34;4014,53058;4014,65000;UP
2026-07-20 18:51:00;M1;5;21;4015,40902;4015,64000;UP
2026-07-20 18:54:00;M1;5;34;4014,93743;4014,24000;DOWN
2026-07-20 18:56:00;M1;5;21;4014,90093;4014,73000;DOWN
2026-07-20 19:03:00;M1;5;21;4014,63991;4015,21000;UP
2026-07-20 19:15:00;M1;5;55;4012,97212;4012,19000;DOWN
2026-07-20 19:17:00;M1;5;55;4013,51182;4014,25000;UP
2026-07-20 19:21:00;M1;5;55;4013,95224;4012,67000;DOWN
2026-07-20 19:41:00;M1;5;89;4009,79131;4005,42000;DOWN
2026-07-20 19:46:00;M1;5;89;4009,92521;4010,36000;UP
2026-07-20 19:51:00;M1;5;89;4010,00796;4007,76000;DOWN
2026-07-20 19:57:00;M1;5;21;4009,09234;4009,45000;UP
2026-07-20 20:01:00;M1;5;34;4010,99652;4010,99000;DOWN
2026-07-20 20:06:00;M1;5;34;4010,62009;4010,98000;UP
2026-07-20 20:14:00;M1;5;89;4010,30855;4010,14000;DOWN
2026-07-20 20:16:00;M1;5;34;4010,05333;4010,69000;UP
2026-07-20 20:26:00;M1;5;55;4012,14280;4012,56000;UP
2026-07-20 20:31:00;M1;5;55;4011,97745;4011,19000;DOWN
2026-07-20 20:36:00;M1;5;55;4011,78577;4012,45000;UP
2026-07-20 20:39:00;M1;5;89;4010,89626;4010,03000;DOWN
2026-07-20 20:41:00;M1;5;34;4009,76583;4009,87000;UP
2026-07-20 20:41:00;M1;5;55;4011,52121;4009,87000;DOWN
2026-07-20 20:46:00;M1;5;34;4009,43375;4007,15000;DOWN
2026-07-20 21:00:00;M1;5;21;4007,79099;4007,93000;UP
2026-07-20 21:01:00;M1;5;34;4007,75091;4008,66000;UP
2026-07-20 21:09:00;M1;5;55;4009,08867;4009,53000;UP
2026-07-20 21:11:00;M1;5;89;4010,33875;4009,18000;DOWN
2026-07-20 21:16:00;M1;5;55;4008,35599;4009,93000;UP
2026-07-20 21:21:00;M1;5;89;4009,95383;4007,54000;DOWN
2026-07-20 21:26:00;M1;5;21;4006,10459;4006,25000;UP
2026-07-20 21:31:00;M1;5;21;4005,82861;4005,80000;DOWN
2026-07-20 21:36:00;M1;5;21;4005,71538;4006,33000;UP
2026-07-20 21:42:00;M1;5;55;4006,62632;4006,85000;UP
2026-07-20 22:03:00;M1;5;55;4005,89961;4005,77000;DOWN
2026-07-20 22:09:00;M1;5;21;4006,42549;4006,44000;UP
2026-07-20 22:12:00;M1;5;55;4005,60771;4005,46000;DOWN
2026-07-20 22:16:00;M1;5;21;4006,33791;4006,70000;UP
2026-07-20 22:26:00;M1;5;21;4007,42890;4007,30000;DOWN
2026-07-20 22:31:00;M1;5;21;4008,71999;4014,48000;UP
2026-07-20 22:44:00;M1;5;89;4007,09421;4005,75000;DOWN
2026-07-20 22:46:00;M1;5;34;4008,68279;4008,73000;UP
2026-07-20 22:55:00;M1;5;89;4007,13558;4006,96000;DOWN
2026-07-20 22:56:00;M1;5;55;4007,23924;4008,01000;UP
2026-07-20 23:06:00;M1;5;89;4007,12390;4007,01000;DOWN
2026-07-20 23:14:00;M1;5;55;4007,59142;4007,75000;UP
2026-07-20 23:17:00;M1;5;55;4007,65569;4007,65000;DOWN
2026-07-20 23:21:00;M1;5;21;4007,66043;4008,82000;UP
2026-07-20 23:26:00;M1;5;34;4008,69211;4008,38000;DOWN
2026-07-20 23:32:00;M1;5;34;4008,67935;4008,88000;UP
2026-07-20 23:31:00;M1;5;55;4007,89085;4007,54000;DOWN
2026-07-20 23:36:00;M1;5;21;4007,72494;4008,47000;UP
2026-07-20 23:36:00;M1;5;34;4008,67005;4008,47000;DOWN
2026-07-20 23:41:00;M1;5;34;4008,65057;4009,01000;UP
2026-07-20 23:46:00;M1;5;55;4008,24287;4007,98000;DOWN
2026-07-20 23:53:00;M1;5;21;4008,17748;4008,40000;UP
2026-07-20 23:57:00;M1;5;34;4008,36788;4008,53000;UP
2026-07-20 23:56:00;M1;5;55;4008,41667;4007,98000;DOWN
2026-07-21 01:01:00;M1;5;21;4008,34140;4009,49000;UP
2026-07-21 01:04:00;M1;5;34;4008,28207;4007,97000;DOWN
2026-07-21 01:06:00;M1;5;89;4007,17074;4006,46000;DOWN
2026-07-21 01:24:00;M1;5;21;4007,41738;4008,08000;UP
2026-07-21 01:35:00;M1;5;89;4007,25751;4007,20000;DOWN
2026-07-21 01:37:00;M1;5;21;4007,88272;4007,89000;UP
2026-07-21 01:41:00;M1;5;89;4007,30022;4004,16000;DOWN
2026-07-21 02:02:00;M1;5;21;4002,92416;4004,01000;UP
2026-07-21 02:06:00;M1;5;55;4005,95858;4007,74000;UP
2026-07-21 02:10:00;M1;5;34;4004,40977;4001,23000;DOWN
2026-07-21 02:12:00;M1;5;21;4002,78988;4004,32000;UP
2026-07-21 02:11:00;M1;5;89;4006,25902;4001,02000;DOWN
2026-07-21 02:18:00;M1;5;55;4005,35365;4006,51000;UP
2026-07-21 02:22:00;M1;5;89;4005,94339;4005,62000;DOWN
2026-07-21 02:26:00;M1;5;34;4003,82965;4004,64000;UP
2026-07-21 02:32:00;M1;5;55;4004,79023;4005,77000;UP
2026-07-21 02:39:00;M1;5;89;4005,56349;4004,94000;DOWN
2026-07-21 02:41:00;M1;5;55;4004,56325;4006,75000;UP
2026-07-21 02:51:00;M1;5;21;4006,28063;4005,96000;DOWN
2026-07-21 02:56:00;M1;5;21;4007,08611;4008,31000;UP
2026-07-21 03:00:00;M1;5;89;4005,45678;4005,33000;DOWN
2026-07-21 03:01:00;M1;5;89;4005,46855;4006,09000;UP
2026-07-21 03:02:00;M1;5;55;4004,86330;4004,13000;DOWN
2026-07-21 03:06:00;M1;5;34;4005,87861;4006,74000;UP
2026-07-21 03:12:00;M1;5;21;4008,33240;4010,16000;UP
2026-07-21 03:31:00;M1;5;21;4014,85592;4014,57000;DOWN
2026-07-21 03:36:00;M1;5;21;4016,53482;4019,37000;UP
2026-07-21 03:56:00;M1;5;21;4024,85160;4024,64000;DOWN
2026-07-21 04:05:00;M1;5;21;4026,21875;4027,03000;UP
2026-07-21 04:09:00;M1;5;21;4027,41058;4027,31000;DOWN
2026-07-21 04:14:00;M1;5;21;4028,58908;4028,84000;UP
2026-07-21 04:16:00;M1;5;21;4030,31975;4028,98000;DOWN
2026-07-21 04:23:00;M1;5;34;4028,92952;4026,20000;DOWN
2026-07-21 04:26:00;M1;5;34;4030,31858;4031,10000;UP
2026-07-21 04:31:00;M1;5;34;4031,49790;4029,88000;DOWN
2026-07-21 04:37:00;M1;5;55;4027,07080;4026,63000;DOWN
2026-07-21 04:58:00;M1;5;89;4023,09009;4021,48000;DOWN
2026-07-21 05:03:00;M1;5;89;4023,80119;4024,06000;UP
2026-07-21 05:06:00;M1;5;21;4025,56992;4026,08000;UP
2026-07-21 05:10:00;M1;5;89;4024,47846;4024,10000;DOWN
2026-07-21 05:11:00;M1;5;89;4025,10637;4025,72000;UP
2026-07-21 05:12:00;M1;5;21;4024,71773;4024,46000;DOWN
2026-07-21 05:16:00;M1;5;21;4023,95012;4024,44000;UP
2026-07-21 05:16:00;M1;5;89;4025,66679;4024,44000;DOWN
2026-07-21 05:22:00;M1;5;89;4026,24452;4027,19000;UP
2026-07-21 05:28:00;M1;5;34;4027,74223;4027,96000;UP
2026-07-21 05:26:00;M1;5;89;4026,84143;4026,60000;DOWN
2026-07-21 05:31:00;M1;5;89;4027,46995;4030,38000;UP
2026-07-21 05:31:00;M1;5;55;4031,50915;4030,38000;DOWN
2026-07-21 05:36:00;M1;5;55;4031,87580;4039,40000;UP
2026-07-21 05:51:00;M1;5;55;4033,39354;4033,10000;DOWN
2026-07-21 05:56:00;M1;5;21;4035,24758;4036,12000;UP
2026-07-21 06:11:00;M1;5;21;4040,53427;4040,37000;DOWN
2026-07-21 06:25:00;M1;5;21;4041,85513;4042,03000;UP
2026-07-21 06:21:00;M1;5;34;4038,44663;4037,67000;DOWN
2026-07-21 06:26:00;M1;5;34;4039,98251;4047,63000;UP
2026-07-21 06:35:00;M1;5;21;4044,23022;4043,88000;DOWN
2026-07-21 06:41:00;M1;5;34;4044,19790;4043,45000;DOWN
2026-07-21 06:49:00;M1;5;34;4045,23856;4045,39000;UP
2026-07-21 06:51:00;M1;5;21;4046,58086;4046,61000;UP
2026-07-21 06:53:00;M1;5;34;4046,11203;4045,52000;DOWN
2026-07-21 07:00:00;M1;5;34;4046,92518;4048,04000;UP
2026-07-21 06:56:00;M1;5;21;4047,02845;4046,00000;DOWN
2026-07-21 07:01:00;M1;5;21;4047,67077;4047,97000;UP
2026-07-21 07:02:00;M1;5;34;4047,72066;4047,65000;DOWN
2026-07-21 07:08:00;M1;5;34;4048,51846;4048,59000;UP
2026-07-21 07:10:00;M1;5;55;4046,09265;4045,99000;DOWN
2026-07-21 07:11:00;M1;5;34;4049,12016;4045,87000;DOWN
2026-07-21 07:17:00;M1;5;89;4046,07754;4045,53000;DOWN
2026-07-21 07:42:00;M1;5;21;4046,45953;4047,31000;UP
2026-07-21 07:50:00;M1;5;21;4046,37154;4045,82000;DOWN
2026-07-21 07:52:00;M1;5;21;4046,40121;4047,07000;UP
2026-07-21 07:57:00;M1;5;34;4048,57073;4048,62000;UP
2026-07-21 08:01:00;M1;5;34;4048,63425;4048,51000;DOWN
2026-07-21 08:07:00;M1;5;34;4048,81875;4049,15000;UP
2026-07-21 08:06:00;M1;5;21;4048,02899;4047,26000;DOWN
2026-07-21 08:12:00;M1;5;21;4048,98570;4049,76000;UP
2026-07-21 08:11:00;M1;5;34;4049,14950;4048,31000;DOWN
2026-07-21 08:16:00;M1;5;34;4049,50328;4049,59000;UP
2026-07-21 08:16:00;M1;5;55;4051,73397;4049,59000;DOWN
2026-07-21 08:24:00;M1;5;21;4050,62064;4051,04000;UP
2026-07-21 08:21:00;M1;5;34;4049,87763;4049,13000;DOWN
2026-07-21 08:26:00;M1;5;34;4050,44860;4055,39000;UP
2026-07-21 08:53:00;M1;5;21;4063,46768;4063,44000;DOWN
2026-07-21 09:03:00;M1;5;21;4066,33795;4066,37000;UP
2026-07-21 09:06:00;M1;5;21;4067,62516;4064,66000;DOWN
2026-07-21 09:11:00;M1;5;21;4069,22218;4070,13000;UP
2026-07-21 09:17:00;M1;5;21;4070,85074;4070,25000;DOWN
2026-07-21 09:23:00;M1;5;21;4072,44409;4073,27000;UP
2026-07-21 09:26:00;M1;5;21;4073,69258;4072,16000;DOWN
2026-07-21 09:31:00;M1;5;34;4072,56988;4072,33000;DOWN
2026-07-21 09:36:00;M1;5;34;4074,03306;4074,13000;UP
2026-07-21 09:41:00;M1;5;21;4076,42275;4078,77000;UP
2026-07-21 09:51:00;M1;5;21;4079,83209;4079,59000;DOWN
2026-07-21 09:57:00;M1;5;34;4080,10569;4079,15000;DOWN
2026-07-21 10:05:00;M1;5;55;4077,42727;4076,06000;DOWN
2026-07-21 10:11:00;M1;5;89;4074,99964;4072,92000;DOWN
2026-07-21 10:35:00;M1;5;21;4074,03442;4074,53000;UP
2026-07-21 10:44:00;M1;5;21;4071,75417;4071,40000;DOWN
2026-07-21 10:47:00;M1;5;21;4071,00873;4071,27000;UP
2026-07-21 11:00:00;M1;5;21;4070,02339;4069,56000;DOWN
2026-07-21 11:06:00;M1;5;21;4068,53639;4069,60000;UP
2026-07-21 11:11:00;M1;5;21;4067,83262;4067,18000;DOWN
2026-07-21 11:16:00;M1;5;21;4067,13513;4067,67000;UP
2026-07-21 11:21:00;M1;5;21;4066,21899;4064,68000;DOWN
2026-07-21 11:32:00;M1;5;21;4064,06327;4064,65000;UP
2026-07-21 11:36:00;M1;5;21;4062,98452;4061,06000;DOWN
2026-07-21 11:41:00;M1;5;21;4062,05866;4063,81000;UP
2026-07-21 11:46:00;M1;5;21;4061,08904;4060,71000;DOWN
2026-07-21 11:51:00;M1;5;21;4060,32219;4061,05000;UP
2026-07-21 12:08:00;M1;5;55;4065,56035;4065,99000;UP
2026-07-21 12:29:00;M1;5;55;4063,46227;4062,77000;DOWN
2026-07-21 12:31:00;M1;5;55;4063,09101;4063,36000;UP
2026-07-21 12:36:00;M1;5;55;4062,71290;4062,51000;DOWN
2026-07-21 12:44:00;M1;5;55;4062,33487;4062,39000;UP
2026-07-21 12:41:00;M1;5;34;4062,27248;4061,57000;DOWN
2026-07-21 12:46:00;M1;5;21;4064,45706;4064,61000;UP
2026-07-21 13:04:00;M1;5;34;4064,11691;4063,90000;DOWN
2026-07-21 13:10:00;M1;5;34;4064,32133;4064,51000;UP
2026-07-21 13:09:00;M1;5;55;4061,97689;4061,60000;DOWN
2026-07-21 13:11:00;M1;5;21;4064,99296;4068,21000;UP
2026-07-21 13:16:00;M1;5;89;4067,52005;4066,57000;DOWN
2026-07-21 13:21:00;M1;5;89;4067,13814;4067,82000;UP
2026-07-21 13:29:00;M1;5;89;4066,79403;4066,69000;DOWN
2026-07-21 13:31:00;M1;5;89;4066,50467;4067,73000;UP
2026-07-21 13:42:00;M1;5;21;4067,66037;4067,28000;DOWN
2026-07-21 13:47:00;M1;5;89;4065,88639;4064,01000;DOWN
2026-07-21 13:52:00;M1;5;55;4064,62350;4065,11000;UP
2026-07-21 13:57:00;M1;5;55;4064,77912;4062,60000;DOWN
2026-07-21 14:23:00;M1;5;21;4057,88652;4058,32000;UP
2026-07-21 14:36:00;M1;5;34;4059,12853;4060,34000;UP
2026-07-21 14:41:00;M1;5;34;4058,37824;4057,10000;DOWN
2026-07-21 14:47:00;M1;5;21;4055,98796;4057,01000;UP
2026-07-21 14:52:00;M1;5;34;4057,00948;4055,83000;DOWN
2026-07-21 14:56:00;M1;5;21;4055,85785;4056,42000;UP
2026-07-21 15:05:00;M1;5;55;4058,67325;4058,87000;UP
2026-07-21 15:06:00;M1;5;89;4059,45535;4060,16000;UP
2026-07-21 15:10:00;M1;5;55;4058,21672;4056,96000;DOWN
2026-07-21 15:12:00;M1;5;55;4057,84008;4058,85000;UP
2026-07-21 15:11:00;M1;5;89;4059,14254;4057,30000;DOWN
2026-07-21 15:17:00;M1;5;89;4058,86339;4059,76000;UP
2026-07-21 15:16:00;M1;5;55;4057,53622;4057,48000;DOWN
2026-07-21 15:21:00;M1;5;55;4057,45046;4060,54000;UP
2026-07-21 15:35:00;M1;5;89;4058,47232;4056,24000;DOWN
2026-07-21 15:48:00;M1;5;21;4059,12117;4060,28000;UP
2026-07-21 15:51:00;M1;5;89;4057,68412;4057,51000;DOWN
2026-07-21 16:00:00;M1;5;21;4057,52699;4058,06000;UP
2026-07-21 16:04:00;M1;5;89;4057,12924;4056,84000;DOWN
2026-07-21 16:06:00;M1;5;34;4056,98037;4059,22000;UP
2026-07-21 16:17:00;M1;5;89;4056,43823;4055,69000;DOWN
2026-07-21 16:21:00;M1;5;21;4055,69459;4056,11000;UP
2026-07-21 16:26:00;M1;5;89;4055,88075;4053,01000;DOWN
2026-07-21 16:34:00;M1;5;21;4054,31292;4055,92000;UP
2026-07-21 16:36:00;M1;5;89;4055,28420;4054,72000;DOWN
2026-07-21 16:53:00;M1;5;21;4050,57408;4051,78000;UP
2026-07-21 16:58:00;M1;5;34;4051,75654;4052,87000;UP
2026-07-21 17:01:00;M1;5;89;4053,28219;4053,58000;UP
2026-07-21 17:36:00;M1;5;21;4066,73448;4065,20000;DOWN
2026-07-21 18:05:00;M1;5;34;4068,20038;4067,05000;DOWN
2026-07-21 18:10:00;M1;5;21;4071,84030;4073,18000;UP
2026-07-21 18:11:00;M1;5;21;4072,11878;4071,68000;DOWN
2026-07-21 18:16:00;M1;5;21;4073,01795;4075,78000;UP
2026-07-21 18:41:00;M1;5;34;4079,12044;4078,00000;DOWN
2026-07-21 18:47:00;M1;5;55;4075,10967;4074,57000;DOWN
2026-07-21 18:52:00;M1;5;55;4076,28999;4076,45000;UP
2026-07-21 18:56:00;M1;5;55;4077,27271;4075,90000;DOWN
2026-07-21 19:13:00;M1;5;21;4078,27610;4078,60000;UP
2026-07-21 19:16:00;M1;5;21;4078,06507;4077,87000;DOWN
2026-07-21 19:24:00;M1;5;21;4077,90662;4077,96000;UP
2026-07-21 19:26:00;M1;5;21;4077,61180;4075,09000;DOWN
2026-07-21 19:36:00;M1;5;89;4075,82084;4073,02000;DOWN
2026-07-21 20:08:00;M1;5;21;4071,24149;4071,62000;UP
2026-07-21 20:14:00;M1;5;21;4070,50299;4070,47000;DOWN
2026-07-21 20:20:00;M1;5;21;4069,78151;4070,71000;UP
2026-07-21 20:25:00;M1;5;34;4071,77172;4071,80000;UP
2026-07-21 20:33:00;M1;5;34;4070,67658;4069,99000;DOWN
2026-07-21 20:40:00;M1;5;21;4069,32935;4067,73000;DOWN
2026-07-21 20:59:00;M1;5;21;4067,79894;4068,62000;UP
2026-07-21 21:08:00;M1;5;55;4070,65582;4070,69000;UP
2026-07-21 21:23:00;M1;5;89;4075,89037;4078,34000;UP
2026-07-21 21:45:00;M1;5;21;4082,22436;4082,10000;DOWN
2026-07-21 22:08:00;M1;5;34;4082,77778;4082,39000;DOWN
2026-07-21 22:28:00;M1;5;21;4084,46779;4085,04000;UP
2026-07-21 22:31:00;M1;5;21;4084,40492;4083,93000;DOWN
2026-07-21 22:38:00;M1;5;55;4082,41438;4082,22000;DOWN
2026-07-21 22:41:00;M1;5;21;4084,11079;4084,39000;UP
2026-07-21 22:46:00;M1;5;55;4083,78840;4083,48000;DOWN
2026-07-21 22:51:00;M1;5;21;4084,15327;4084,58000;UP
2026-07-21 22:56:00;M1;5;55;4085,01951;4083,99000;DOWN
2026-07-21 23:01:00;M1;5;21;4084,50172;4084,71000;UP
2026-07-21 23:11:00;M1;5;21;4084,85941;4084,51000;DOWN
2026-07-21 23:20:00;M1;5;89;4083,42722;4082,22000;DOWN
2026-07-21 23:30:00;M1;5;21;4084,43195;4084,48000;UP
2026-07-21 23:32:00;M1;5;34;4085,16523;4085,33000;UP
2026-07-21 23:31:00;M1;5;89;4084,40269;4083,82000;DOWN
2026-07-21 23:36:00;M1;5;34;4084,80389;4083,27000;DOWN
2026-07-22 01:01:00;M1;5;21;4078,69755;4079,07000;UP
2026-07-22 01:07:00;M1;5;21;4077,87746;4077,66000;DOWN
2026-07-22 01:11:00;M1;5;21;4077,37877;4078,83000;UP
2026-07-22 01:29:00;M1;5;55;4082,15054;4082,74000;UP
2026-07-22 01:38:00;M1;5;89;4084,41104;4084,72000;UP
2026-07-22 01:41:00;M1;5;89;4084,45105;4084,30000;DOWN
2026-07-22 01:49:00;M1;5;55;4081,74723;4081,19000;DOWN
2026-07-22 01:51:00;M1;5;34;4080,51127;4080,42000;DOWN
2026-07-22 01:56:00;M1;5;34;4080,62941;4080,97000;UP
2026-07-22 02:05:00;M1;5;55;4081,31401;4081,42000;UP
2026-07-22 02:01:00;M1;5;34;4080,69194;4080,45000;DOWN
2026-07-22 02:06:00;M1;5;34;4080,77550;4080,82000;UP
2026-07-22 02:06:00;M1;5;55;4081,12847;4080,82000;DOWN
2026-07-22 02:11:00;M1;5;55;4080,95528;4081,00000;UP
2026-07-22 02:18:00;M1;5;21;4081,76553;4082,25000;UP
2026-07-22 02:21:00;M1;5;21;4081,67267;4081,44000;DOWN
2026-07-22 02:26:00;M1;5;21;4081,53341;4081,93000;UP
2026-07-22 02:30:00;M1;5;55;4080,73526;4080,61000;DOWN
2026-07-22 02:31:00;M1;5;55;4080,70403;4081,40000;UP
2026-07-22 02:32:00;M1;5;21;4081,34281;4081,33000;DOWN
2026-07-22 02:36:00;M1;5;21;4081,28941;4081,37000;UP
2026-07-22 02:42:00;M1;5;55;4080,71359;4079,98000;DOWN
2026-07-22 02:47:00;M1;5;21;4081,11426;4081,43000;UP
2026-07-22 02:51:00;M1;5;55;4080,72916;4080,29000;DOWN
2026-07-22 02:59:00;M1;5;55;4080,74630;4080,85000;UP
2026-07-22 03:04:00;M1;5;21;4080,95010;4082,72000;UP
2026-07-22 03:01:00;M1;5;55;4080,82544;4077,86000;DOWN
2026-07-22 03:06:00;M1;5;55;4081,09467;4085,87000;UP
2026-07-22 03:32:00;M1;5;21;4094,65529;4092,10000;DOWN
2026-07-22 03:38:00;M1;5;21;4096,33106;4096,62000;UP
2026-07-22 03:43:00;M1;5;34;4092,45052;4092,24000;DOWN
2026-07-22 03:47:00;M1;5;34;4093,67620;4093,88000;UP
2026-07-22 03:52:00;M1;5;34;4094,72009;4094,09000;DOWN
2026-07-22 04:00:00;M1;5;21;4098,67851;4107,77000;UP
2026-07-22 04:22:00;M1;5;21;4114,34072;4113,86000;DOWN
2026-07-22 04:31:00;M1;5;34;4114,19329;4113,76000;DOWN
2026-07-22 04:37:00;M1;5;34;4116,24232;4116,48000;UP
2026-07-22 04:49:00;M1;5;34;4120,19560;4119,66000;DOWN
2026-07-22 05:06:00;M1;5;55;4121,12188;4119,81000;DOWN
2026-07-22 05:22:00;M1;5;21;4124,68421;4125,10000;UP
2026-07-22 05:29:00;M1;5;21;4124,75267;4124,16000;DOWN
2026-07-22 05:32:00;M1;5;21;4125,52283;4129,07000;UP
2026-07-22 05:36:00;M1;5;55;4129,05296;4127,59000;DOWN
2026-07-22 05:41:00;M1;5;21;4126,92505;4127,39000;UP
2026-07-22 05:50:00;M1;5;21;4127,75757;4127,35000;DOWN
2026-07-22 05:59:00;M1;5;21;4129,42696;4130,48000;UP
2026-07-22 06:02:00;M1;5;34;4131,17023;4131,94000;UP
2026-07-22 06:01:00;M1;5;21;4130,62423;4130,47000;DOWN
2026-07-22 06:06:00;M1;5;21;4132,33614;4137,07000;UP
2026-07-22 06:27:00;M1;5;55;4138,93657;4138,79000;DOWN
2026-07-22 06:32:00;M1;5;89;4136,12026;4135,13000;DOWN
2026-07-22 07:16:00;M1;5;21;4128,30743;4128,60000;UP
2026-07-22 07:35:00;M1;5;21;4126,21194;4126,21000;DOWN
2026-07-22 07:36:00;M1;5;21;4125,76974;4126,40000;UP
2026-07-22 07:56:00;M1;5;34;4126,20592;4126,35000;UP
2026-07-22 08:16:00;M1;5;34;4125,25873;4123,91000;DOWN
2026-07-22 08:26:00;M1;5;21;4125,53100;4125,67000;UP
2026-07-22 08:31:00;M1;5;55;4127,64612;4128,18000;UP
2026-07-22 08:54:00;M1;5;21;4129,59935;4129,56000;DOWN
2026-07-22 08:59:00;M1;5;21;4130,40053;4131,01000;UP
2026-07-22 09:06:00;M1;5;21;4132,17471;4131,47000;DOWN
2026-07-22 09:13:00;M1;5;34;4130,08337;4129,91000;DOWN
2026-07-22 09:17:00;M1;5;34;4130,55995;4131,07000;UP
2026-07-22 09:23:00;M1;5;55;4128,38542;4125,95000;DOWN
2026-07-22 09:46:00;M1;5;21;4119,24170;4119,32000;UP
2026-07-22 09:51:00;M1;5;21;4117,19018;4115,21000;DOWN
2026-07-22 09:56:00;M1;5;21;4115,50929;4116,16000;UP
2026-07-22 10:04:00;M1;5;21;4113,81044;4112,64000;DOWN
2026-07-22 10:06:00;M1;5;21;4112,38307;4114,02000;UP
2026-07-22 10:14:00;M1;5;34;4116,38685;4116,43000;UP
2026-07-22 10:21:00;M1;5;55;4118,74992;4121,00000;UP
2026-07-22 10:38:00;M1;5;55;4117,01908;4116,37000;DOWN
2026-07-22 10:53:00;M1;5;34;4112,23273;4113,29000;UP
2026-07-22 11:00:00;M1;5;21;4113,40519;4113,41000;UP
2026-07-22 10:58:00;M1;5;34;4111,75298;4109,63000;DOWN
2026-07-22 11:01:00;M1;5;34;4111,52130;4112,06000;UP
2026-07-22 11:01:00;M1;5;21;4112,94885;4112,06000;DOWN
2026-07-22 11:06:00;M1;5;21;4112,70210;4113,62000;UP
2026-07-22 11:21:00;M1;5;89;4115,32229;4116,96000;UP
2026-07-22 11:42:00;M1;5;21;4116,35756;4116,04000;DOWN
2026-07-22 11:46:00;M1;5;34;4114,39235;4113,79000;DOWN
2026-07-22 11:53:00;M1;5;21;4116,64054;4117,49000;UP
2026-07-22 12:21:00;M1;5;21;4120,95335;4119,50000;DOWN
2026-07-22 12:29:00;M1;5;34;4119,74215;4118,69000;DOWN
2026-07-22 12:38:00;M1;5;55;4116,51247;4116,03000;DOWN
2026-07-22 12:41:00;M1;5;55;4116,75204;4117,77000;UP
2026-07-22 12:46:00;M1;5;55;4116,93599;4116,57000;DOWN
2026-07-22 12:53:00;M1;5;89;4113,48058;4113,38000;DOWN
2026-07-22 12:56:00;M1;5;21;4116,61029;4117,37000;UP
2026-07-22 13:02:00;M1;5;34;4118,13398;4118,99000;UP
2026-07-22 13:01:00;M1;5;55;4117,13571;4117,13000;DOWN
2026-07-22 13:06:00;M1;5;34;4117,76333;4117,00000;DOWN
2026-07-22 13:13:00;M1;5;34;4117,48214;4117,61000;UP
2026-07-22 13:16:00;M1;5;55;4117,32766;4117,10000;DOWN
2026-07-22 13:21:00;M1;5;34;4117,33335;4119,65000;UP
2026-07-22 13:35:00;M1;5;55;4117,96128;4117,54000;DOWN
2026-07-22 13:36:00;M1;5;34;4117,59947;4117,91000;UP
2026-07-22 13:41:00;M1;5;34;4117,55620;4116,60000;DOWN
2026-07-22 13:49:00;M1;5;21;4118,58581;4118,89000;UP
2026-07-22 13:53:00;M1;5;55;4118,36971;4117,99000;DOWN
2026-07-22 14:09:00;M1;5;21;4118,40290;4118,70000;UP
2026-07-22 14:26:00;M1;5;55;4118,60531;4117,60000;DOWN
2026-07-22 14:31:00;M1;5;21;4119,64137;4119,65000;UP
2026-07-22 14:40:00;M1;5;89;4117,38345;4116,78000;DOWN
2026-07-22 14:49:00;M1;5;21;4119,09703;4120,19000;UP
2026-07-22 14:52:00;M1;5;34;4119,15283;4119,11000;DOWN
2026-07-22 14:56:00;M1;5;34;4119,37251;4121,33000;UP
2026-07-22 15:32:00;M1;5;21;4129,29788;4129,18000;DOWN
2026-07-22 15:36:00;M1;5;34;4127,03746;4126,60000;DOWN
2026-07-22 15:45:00;M1;5;55;4125,04660;4124,76000;DOWN
2026-07-22 15:46:00;M1;5;89;4122,74765;4121,85000;DOWN
2026-07-22 16:09:00;M1;5;21;4120,41117;4121,09000;UP
2026-07-22 16:14:00;M1;5;34;4124,01925;4125,73000;UP
2026-07-22 16:51:00;M1;5;21;4144,73445;4144,38000;DOWN
2026-07-22 16:57:00;M1;5;21;4148,53429;4149,59000;UP
2026-07-22 17:06:00;M1;5;21;4155,79664;4155,03000;DOWN
2026-07-22 17:17:00;M1;5;34;4152,25214;4152,12000;DOWN
2026-07-22 17:26:00;M1;5;55;4147,87791;4146,00000;DOWN
2026-07-22 17:31:00;M1;5;55;4149,34876;4150,65000;UP
2026-07-22 17:36:00;M1;5;55;4150,69762;4150,23000;DOWN
2026-07-22 17:55:00;M1;5;89;4146,53800;4145,39000;DOWN
2026-07-22 18:00:00;M1;5;21;4150,47417;4152,04000;UP
2026-07-22 18:11:00;M1;5;34;4156,45050;4156,64000;UP
2026-07-22 18:16:00;M1;5;55;4158,27149;4155,97000;DOWN
2026-07-22 18:22:00;M1;5;34;4156,78272;4157,51000;UP
2026-07-22 18:26:00;M1;5;55;4159,99318;4159,42000;DOWN
2026-07-22 18:34:00;M1;5;34;4157,25850;4156,77000;DOWN
2026-07-22 18:36:00;M1;5;21;4158,01848;4158,64000;UP
2026-07-22 18:49:00;M1;5;55;4162,29126;4164,38000;UP
2026-07-22 18:46:00;M1;5;21;4160,42300;4158,95000;DOWN
2026-07-22 18:51:00;M1;5;21;4161,73297;4164,70000;UP
2026-07-22 18:54:00;M1;5;55;4162,82937;4162,47000;DOWN
2026-07-22 18:56:00;M1;5;89;4160,16046;4159,42000;DOWN
2026-07-22 19:41:00;M1;5;21;4148,70395;4150,42000;UP
2026-07-22 19:46:00;M1;5;21;4146,94987;4146,82000;DOWN
2026-07-22 19:52:00;M1;5;21;4145,64601;4146,04000;UP
2026-07-22 20:22:00;M1;5;34;4143,96292;4144,78000;UP
2026-07-22 20:38:00;M1;5;34;4141,85287;4140,45000;DOWN
2026-07-22 20:45:00;M1;5;34;4141,14728;4141,16000;UP
2026-07-22 20:46:00;M1;5;21;4141,30480;4141,73000;UP
2026-07-22 21:01:00;M1;5;34;4139,68006;4136,92000;DOWN
2026-07-22 21:07:00;M1;5;21;4139,95572;4140,98000;UP
2026-07-22 21:12:00;M1;5;34;4138,82675;4137,92000;DOWN
2026-07-22 21:18:00;M1;5;21;4138,52619;4138,89000;UP
2026-07-22 21:21:00;M1;5;34;4137,84058;4137,08000;DOWN
2026-07-22 21:36:00;M1;5;21;4134,90493;4135,49000;UP
2026-07-22 21:43:00;M1;5;55;4135,68441;4135,87000;UP
2026-07-22 21:41:00;M1;5;34;4135,17371;4135,16000;DOWN
2026-07-22 21:46:00;M1;5;34;4134,78160;4137,80000;UP
2026-07-22 22:01:00;M1;5;55;4133,84905;4133,34000;DOWN
2026-07-22 22:06:00;M1;5;21;4134,68630;4136,56000;UP
2026-07-22 22:13:00;M1;5;21;4134,61088;4134,37000;DOWN
2026-07-22 22:16:00;M1;5;21;4134,50101;4135,28000;UP
2026-07-22 22:20:00;M1;5;34;4133,62406;4133,45000;DOWN
2026-07-22 22:23:00;M1;5;34;4133,39698;4134,54000;UP
2026-07-22 22:21:00;M1;5;55;4132,54655;4132,28000;DOWN
2026-07-22 22:28:00;M1;5;21;4134,21589;4134,26000;UP
2026-07-22 22:27:00;M1;5;34;4133,23340;4133,04000;DOWN
2026-07-22 22:31:00;M1;5;34;4133,19123;4133,31000;UP
2026-07-22 22:31:00;M1;5;21;4134,19910;4133,31000;DOWN
2026-07-22 22:36:00;M1;5;21;4134,14500;4134,52000;UP
2026-07-22 22:36:00;M1;5;89;4135,08688;4134,52000;DOWN
2026-07-22 22:41:00;M1;5;89;4134,46083;4135,25000;UP
2026-07-22 22:44:00;M1;5;21;4134,03135;4133,89000;DOWN
2026-07-22 22:47:00;M1;5;21;4134,02648;4134,07000;UP
2026-07-22 22:46:00;M1;5;89;4133,89414;4133,64000;DOWN
2026-07-22 22:54:00;M1;5;55;4131,48266;4130,51000;DOWN
2026-07-22 22:58:00;M1;5;55;4131,30585;4132,06000;UP
2026-07-22 23:01:00;M1;5;21;4132,48298;4134,22000;UP
2026-07-22 23:04:00;M1;5;55;4131,09123;4130,94000;DOWN
2026-07-22 23:06:00;M1;5;55;4130,92123;4131,95000;UP
2026-07-22 23:06:00;M1;5;34;4132,31465;4131,95000;DOWN
2026-07-22 23:11:00;M1;5;21;4132,09831;4132,82000;UP
2026-07-22 23:35:00;M1;5;21;4134,51730;4134,26000;DOWN
2026-07-22 23:37:00;M1;5;21;4135,02497;4135,27000;UP
2026-07-22 23:45:00;M1;5;89;4130,11086;4129,43000;DOWN
2026-07-22 23:48:00;M1;5;89;4129,95798;4130,65000;UP
2026-07-22 23:51:00;M1;5;89;4129,76860;4129,09000;DOWN
2026-07-22 23:56:00;M1;5;89;4129,55722;4130,23000;UP
2026-07-23 01:01:00;M1;5;89;4129,21265;4120,85000;DOWN
2026-07-23 01:20:00;M1;5;21;4124,15044;4125,25000;UP
2026-07-23 01:21:00;M1;5;21;4122,71226;4122,59000;DOWN
2026-07-23 01:26:00;M1;5;21;4122,24622;4128,04000;UP
2026-07-23 01:34:00;M1;5;89;4126,37448;4125,68000;DOWN
2026-07-23 01:37:00;M1;5;55;4126,47482;4127,50000;UP
2026-07-23 01:40:00;M1;5;34;4124,61029;4121,89000;DOWN
2026-07-23 01:41:00;M1;5;21;4122,32315;4122,75000;UP
2026-07-23 01:41:00;M1;5;89;4125,53977;4122,75000;DOWN
2026-07-23 01:47:00;M1;5;34;4123,26529;4124,04000;UP
2026-07-23 01:46:00;M1;5;21;4122,34464;4122,09000;DOWN
2026-07-23 01:51:00;M1;5;21;4122,44636;4125,40000;UP
2026-07-23 01:56:00;M1;5;89;4124,37137;4123,21000;DOWN
2026-07-23 02:02:00;M1;5;34;4121,31922;4121,53000;UP
2026-07-23 02:06:00;M1;5;34;4120,55121;4117,41000;DOWN
2026-07-23 02:13:00;M1;5;21;4120,58638;4124,67000;UP
2026-07-23 02:16:00;M1;5;89;4122,52740;4121,18000;DOWN
2026-07-23 02:25:00;M1;5;21;4119,90071;4119,55000;DOWN
2026-07-23 02:26:00;M1;5;21;4119,65127;4120,79000;UP
2026-07-23 02:31:00;M1;5;55;4119,82409;4119,82000;DOWN
2026-07-23 02:36:00;M1;5;55;4119,37260;4121,16000;UP
2026-07-23 03:06:00;M1;5;21;4129,95251;4129,26000;DOWN
2026-07-23 03:24:00;M1;5;21;4131,94163;4132,77000;UP
2026-07-23 03:28:00;M1;5;21;4132,24752;4131,12000;DOWN
2026-07-23 03:31:00;M1;5;34;4129,78791;4129,51000;DOWN
2026-07-23 03:36:00;M1;5;34;4130,41760;4131,86000;UP
2026-07-23 03:41:00;M1;5;34;4130,82879;4128,76000;DOWN
2026-07-23 03:50:00;M1;5;55;4126,63327;4125,66000;DOWN
2026-07-23 03:53:00;M1;5;55;4127,09956;4127,51000;UP
2026-07-23 03:59:00;M1;5;21;4129,61666;4132,10000;UP
2026-07-23 04:06:00;M1;5;34;4131,93711;4131,35000;DOWN
2026-07-23 04:11:00;M1;5;21;4131,61708;4135,26000;UP
2026-07-23 04:30:00;M1;5;55;4132,29976;4129,70000;DOWN
2026-07-23 04:32:00;M1;5;55;4133,11651;4133,73000;UP
2026-07-23 04:36:00;M1;5;89;4127,61792;4126,45000;DOWN
2026-07-23 05:11:00;M1;5;21;4114,85048;4116,53000;UP
2026-07-23 05:30:00;M1;5;34;4117,03491;4118,81000;UP
2026-07-23 05:32:00;M1;5;34;4115,64755;4115,49000;DOWN
2026-07-23 05:36:00;M1;5;34;4114,59132;4116,74000;UP
2026-07-23 05:43:00;M1;5;55;4120,47135;4121,19000;UP
2026-07-23 05:49:00;M1;5;89;4123,18141;4122,69000;DOWN
2026-07-23 05:51:00;M1;5;89;4122,91906;4125,65000;UP
2026-07-23 06:11:00;M1;5;21;4126,40765;4125,91000;DOWN
2026-07-23 06:16:00;M1;5;21;4128,13826;4128,72000;UP
2026-07-23 06:26:00;M1;5;21;4131,45839;4131,29000;DOWN
2026-07-23 06:42:00;M1;5;34;4129,15808;4126,87000;DOWN
2026-07-23 06:56:00;M1;5;89;4124,48603;4124,43000;DOWN
2026-07-23 07:08:00;M1;5;55;4125,32385;4125,49000;UP
2026-07-23 07:13:00;M1;5;21;4126,04824;4127,02000;UP
2026-07-23 07:11:00;M1;5;89;4124,53206;4124,09000;DOWN
2026-07-23 07:16:00;M1;5;55;4126,07032;4126,31000;UP
2026-07-23 07:22:00;M1;5;34;4128,84001;4129,08000;UP
2026-07-23 07:27:00;M1;5;34;4128,70936;4128,65000;DOWN
2026-07-23 07:31:00;M1;5;55;4127,33853;4126,08000;DOWN
2026-07-23 07:40:00;M1;5;89;4124,84326;4124,65000;DOWN
2026-07-23 08:07:00;M1;5;21;4121,68380;4123,37000;UP
2026-07-23 08:11:00;M1;5;89;4124,36253;4124,40000;UP
2026-07-23 08:15:00;M1;5;34;4122,92158;4122,73000;DOWN
2026-07-23 08:18:00;M1;5;34;4122,56910;4122,91000;UP
2026-07-23 08:16:00;M1;5;89;4124,27313;4122,01000;DOWN
2026-07-23 08:21:00;M1;5;34;4122,22899;4121,98000;DOWN
2026-07-23 08:26:00;M1;5;21;4121,39658;4122,99000;UP
2026-07-23 08:50:00;M1;5;89;4124,61975;4124,44000;DOWN
2026-07-23 08:52:00;M1;5;21;4126,26726;4127,13000;UP
2026-07-23 08:55:00;M1;5;55;4124,50295;4122,86000;DOWN
2026-07-23 09:00:00;M1;5;34;4124,11345;4126,98000;UP
2026-07-23 08:56:00;M1;5;89;4124,90228;4121,64000;DOWN
2026-07-23 09:01:00;M1;5;89;4124,99432;4126,26000;UP
2026-07-23 09:04:00;M1;5;55;4124,53513;4123,96000;DOWN
2026-07-23 09:06:00;M1;5;89;4125,02930;4122,65000;DOWN
2026-07-23 09:17:00;M1;5;21;4125,14952;4125,33000;UP
2026-07-23 09:22:00;M1;5;89;4124,97890;4124,23000;DOWN
2026-07-23 09:37:00;M1;5;21;4123,11979;4123,24000;UP
2026-07-23 09:41:00;M1;5;21;4122,22599;4118,63000;DOWN
2026-07-23 09:46:00;M1;5;21;4121,56937;4121,59000;UP
2026-07-23 09:52:00;M1;5;21;4120,95415;4120,68000;DOWN
2026-07-23 10:26:00;M1;5;21;4107,66429;4110,11000;UP
2026-07-23 10:31:00;M1;5;21;4105,85012;4103,20000;DOWN
2026-07-23 10:36:00;M1;5;21;4103,75270;4104,62000;UP
2026-07-23 10:41:00;M1;5;21;4101,13824;4099,52000;DOWN
2026-07-23 10:55:00;M1;5;21;4095,25770;4095,68000;UP
2026-07-23 11:00:00;M1;5;21;4093,10021;4092,48000;DOWN
2026-07-23 11:02:00;M1;5;21;4091,33814;4091,86000;UP
2026-07-23 11:07:00;M1;5;34;4093,96309;4095,49000;UP
2026-07-23 11:14:00;M1;5;34;4092,18593;4091,43000;DOWN
2026-07-23 11:16:00;M1;5;34;4090,49935;4091,87000;UP
2026-07-23 11:34:00;M1;5;55;4092,27550;4092,71000;UP
2026-07-23 11:40:00;M1;5;55;4090,82252;4090,36000;DOWN
2026-07-23 11:42:00;M1;5;55;4089,53046;4090,74000;UP
2026-07-23 11:48:00;M1;5;21;4089,07167;4088,92000;DOWN
2026-07-23 11:51:00;M1;5;21;4089,48528;4090,46000;UP
2026-07-23 12:01:00;M1;5;89;4094,14765;4095,12000;UP
2026-07-23 12:16:00;M1;5;21;4095,36696;4095,09000;DOWN
2026-07-23 12:30:00;M1;5;89;4090,12883;4089,81000;DOWN
2026-07-23 12:34:00;M1;5;34;4091,96276;4092,03000;UP
2026-07-23 12:36:00;M1;5;34;4092,23207;4092,23000;DOWN
2026-07-23 12:45:00;M1;5;34;4092,39588;4093,94000;UP
2026-07-23 12:46:00;M1;5;34;4092,57991;4092,35000;DOWN
2026-07-23 12:53:00;M1;5;21;4092,90356;4092,99000;UP
2026-07-23 12:56:00;M1;5;34;4092,71340;4091,13000;DOWN
2026-07-23 13:07:00;M1;5;21;4090,69522;4090,82000;UP
2026-07-23 13:11:00;M1;5;21;4090,14238;4089,31000;DOWN
2026-07-23 13:16:00;M1;5;21;4089,62886;4090,95000;UP
2026-07-23 13:21:00;M1;5;55;4087,79497;4087,55000;DOWN
2026-07-23 13:28:00;M1;5;21;4088,61127;4088,73000;UP
2026-07-23 13:34:00;M1;5;55;4087,82770;4087,11000;DOWN
2026-07-23 13:36:00;M1;5;21;4087,82222;4088,69000;UP
2026-07-23 13:45:00;M1;5;55;4087,83677;4087,59000;DOWN
2026-07-23 13:47:00;M1;5;21;4088,33256;4089,78000;UP
2026-07-23 14:05:00;M1;5;21;4091,32264;4091,25000;DOWN
2026-07-23 14:09:00;M1;5;55;4088,94019;4088,58000;DOWN
2026-07-23 14:23:00;M1;5;89;4083,62695;4081,59000;DOWN
2026-07-23 14:26:00;M1;5;89;4083,60497;4084,12000;UP
2026-07-23 14:31:00;M1;5;89;4083,48955;4081,30000;DOWN
2026-07-23 14:46:00;M1;5;21;4080,21827;4080,34000;UP
2026-07-23 14:51:00;M1;5;34;4083,02989;4084,03000;UP
2026-07-23 14:56:00;M1;5;55;4084,24765;4083,96000;DOWN
2026-07-23 15:10:00;M1;5;55;4083,37195;4085,04000;UP
2026-07-23 15:14:00;M1;5;89;4081,54124;4081,39000;DOWN
2026-07-23 15:56:00;M1;5;21;4065,80187;4065,84000;UP
2026-07-23 16:01:00;M1;5;21;4062,65606;4055,79000;DOWN
2026-07-23 16:20:00;M1;5;21;4049,14003;4050,88000;UP
2026-07-23 16:23:00;M1;5;34;4053,72893;4053,99000;UP
2026-07-23 16:30:00;M1;5;55;4058,92561;4061,07000;UP
2026-07-23 16:32:00;M1;5;89;4064,97509;4065,62000;UP
2026-07-23 16:36:00;M1;5;89;4063,53405;4059,95000;DOWN
2026-07-23 16:48:00;M1;5;55;4053,14018;4050,44000;DOWN
2026-07-23 16:51:00;M1;5;55;4052,10843;4054,28000;UP
2026-07-23 16:57:00;M1;5;55;4050,83692;4047,11000;DOWN
2026-07-23 17:01:00;M1;5;34;4046,54930;4047,14000;UP
2026-07-23 17:06:00;M1;5;34;4045,47588;4044,73000;DOWN
2026-07-23 17:13:00;M1;5;21;4048,00910;4048,87000;UP
2026-07-23 17:18:00;M1;5;55;4044,97702;4043,62000;DOWN
2026-07-23 17:21:00;M1;5;21;4045,79064;4046,84000;UP
2026-07-23 17:56:00;M1;5;21;4057,70251;4057,21000;DOWN
2026-07-23 18:09:00;M1;5;34;4053,79900;4052,05000;DOWN
2026-07-23 18:17:00;M1;5;34;4054,52917;4056,09000;UP
2026-07-23 18:21:00;M1;5;34;4054,59723;4051,63000;DOWN
2026-07-23 18:28:00;M1;5;55;4048,14519;4047,70000;DOWN
2026-07-23 18:31:00;M1;5;89;4044,04408;4043,93000;DOWN
2026-07-23 18:36:00;M1;5;55;4048,23208;4049,24000;UP
2026-07-23 18:41:00;M1;5;21;4048,13887;4051,92000;UP
2026-07-23 18:44:00;M1;5;55;4048,17815;4048,02000;DOWN
2026-07-23 18:46:00;M1;5;55;4048,11906;4049,94000;UP
2026-07-23 18:51:00;M1;5;55;4048,10020;4047,46000;DOWN
2026-07-23 18:56:00;M1;5;55;4048,09280;4048,69000;UP
2026-07-23 19:01:00;M1;5;34;4049,40868;4049,94000;UP
2026-07-23 19:05:00;M1;5;55;4048,10349;4047,51000;DOWN
2026-07-23 19:06:00;M1;5;55;4048,12829;4048,79000;UP
2026-07-23 19:07:00;M1;5;34;4048,78944;4048,43000;DOWN
2026-07-23 19:11:00;M1;5;34;4048,33455;4049,77000;UP
2026-07-23 19:17:00;M1;5;55;4048,20310;4048,17000;DOWN
2026-07-23 19:21:00;M1;5;21;4047,58958;4049,15000;UP
2026-07-23 19:37:00;M1;5;55;4048,08952;4048,08000;DOWN
2026-07-23 19:41:00;M1;5;21;4048,81628;4050,07000;UP
2026-07-23 19:50:00;M1;5;21;4049,06611;4048,33000;DOWN
2026-07-23 19:55:00;M1;5;21;4049,23510;4050,43000;UP
2026-07-23 20:08:00;M1;5;34;4048,72602;4048,10000;DOWN
2026-07-23 20:11:00;M1;5;55;4047,91446;4047,80000;DOWN
2026-07-23 20:16:00;M1;5;34;4048,72690;4049,11000;UP
2026-07-23 20:21:00;M1;5;21;4048,88330;4049,10000;UP
2026-07-23 20:22:00;M1;5;34;4048,63434;4048,52000;DOWN
2026-07-23 20:27:00;M1;5;55;4047,67110;4047,64000;DOWN
2026-07-23 20:31:00;M1;5;55;4047,57512;4047,88000;UP
2026-07-23 20:39:00;M1;5;89;4044,36938;4044,24000;DOWN
2026-07-23 20:41:00;M1;5;89;4044,36707;4044,77000;UP
2026-07-23 20:46:00;M1;5;89;4044,32629;4043,62000;DOWN
2026-07-23 21:01:00;M1;5;21;4042,30698;4042,32000;UP
2026-07-23 21:08:00;M1;5;89;4043,69486;4043,79000;UP
2026-07-23 21:12:00;M1;5;34;4043,15653;4043,55000;UP
2026-07-23 21:11:00;M1;5;89;4043,45567;4043,09000;DOWN
2026-07-23 21:18:00;M1;5;89;4043,21522;4043,97000;UP
2026-07-23 21:21:00;M1;5;89;4042,96973;4041,42000;DOWN
2026-07-23 21:26:00;M1;5;34;4041,71593;4043,07000;UP
2026-07-23 21:57:00;M1;5;21;4046,04221;4045,47000;DOWN
2026-07-23 22:01:00;M1;5;21;4046,45699;4047,82000;UP
2026-07-23 22:09:00;M1;5;34;4044,11736;4043,53000;DOWN
2026-07-23 22:15:00;M1;5;34;4044,26846;4044,66000;UP
2026-07-23 22:20:00;M1;5;21;4045,77896;4045,92000;UP
2026-07-23 22:43:00;M1;5;34;4046,61976;4046,55000;DOWN
2026-07-23 22:50:00;M1;5;21;4047,09925;4047,17000;UP
2026-07-23 23:05:00;M1;5;21;4048,76677;4048,44000;DOWN
2026-07-23 23:08:00;M1;5;21;4049,20755;4049,37000;UP
2026-07-23 23:11:00;M1;5;21;4049,50111;4049,28000;DOWN
2026-07-23 23:16:00;M1;5;34;4049,03133;4048,55000;DOWN
2026-07-23 23:27:00;M1;5;21;4049,88778;4050,08000;UP
2026-07-23 23:33:00;M1;5;34;4049,83158;4049,24000;DOWN
2026-07-23 23:38:00;M1;5;21;4050,29294;4050,34000;UP
2026-07-23 23:41:00;M1;5;34;4050,32267;4049,44000;DOWN
2026-07-23 23:46:00;M1;5;55;4049,35319;4049,16000;DOWN
2026-07-24 01:07:00;M1;5;21;4049,49146;4049,92000;UP
2026-07-24 01:11:00;M1;5;21;4049,32309;4049,32000;DOWN
2026-07-24 01:16:00;M1;5;21;4049,22879;4049,70000;UP
2026-07-24 01:31:00;M1;5;34;4049,98906;4050,12000;UP
2026-07-24 01:37:00;M1;5;34;4050,00157;4049,84000;DOWN
2026-07-24 01:41:00;M1;5;21;4049,72128;4049,92000;UP
2026-07-24 01:43:00;M1;5;89;4048,91323;4048,81000;DOWN
2026-07-24 01:50:00;M1;5;34;4049,89501;4049,96000;UP
2026-07-24 01:47:00;M1;5;21;4049,67770;4049,53000;DOWN
2026-07-24 01:51:00;M1;5;21;4049,66366;4049,78000;UP
2026-07-24 01:51:00;M1;5;34;4049,82251;4049,78000;DOWN
2026-07-24 01:56:00;M1;5;34;4049,75333;4050,04000;UP
2026-07-24 01:57:00;M1;5;89;4049,47302;4049,05000;DOWN
2026-07-24 02:01:00;M1;5;21;4049,55447;4049,61000;UP
2026-07-24 02:01:00;M1;5;34;4049,65818;4049,61000;DOWN
2026-07-24 02:06:00;M1;5;21;4049,35243;4048,66000;DOWN
2026-07-24 02:16:00;M1;5;21;4048,69417;4048,70000;UP
2026-07-24 02:24:00;M1;5;34;4049,00345;4049,16000;UP
2026-07-24 02:33:00;M1;5;55;4049,78833;4050,24000;UP
2026-07-24 02:36:00;M1;5;89;4050,04290;4048,79000;DOWN
2026-07-24 02:48:00;M1;5;21;4048,60318;4049,54000;UP
2026-07-24 02:51:00;M1;5;55;4049,33233;4048,13000;DOWN
2026-07-24 03:00:00;M1;5;21;4048,19518;4048,27000;UP
2026-07-24 03:01:00;M1;5;34;4048,16645;4049,08000;UP
2026-07-24 03:04:00;M1;5;21;4047,90994;4047,15000;DOWN
2026-07-24 03:06:00;M1;5;55;4048,72116;4046,08000;DOWN
2026-07-24 03:21:00;M1;5;21;4044,56203;4045,17000;UP
2026-07-24 03:26:00;M1;5;34;4045,61957;4045,14000;DOWN
2026-07-24 03:31:00;M1;5;34;4045,35162;4046,52000;UP
2026-07-24 03:37:00;M1;5;89;4048,43537;4049,16000;UP
2026-07-24 03:41:00;M1;5;89;4048,28361;4047,86000;DOWN
2026-07-24 03:46:00;M1;5;89;4048,17252;4049,65000;UP
2026-07-24 04:00:00;M1;5;89;4048,07374;4047,47000;DOWN
2026-07-24 04:01:00;M1;5;55;4046,53627;4044,88000;DOWN
2026-07-24 04:27:00;M1;5;21;4044,57491;4045,33000;UP
2026-07-24 04:31:00;M1;5;34;4044,82563;4041,98000;DOWN
2026-07-24 04:36:00;M1;5;21;4043,29139;4043,46000;UP
2026-07-24 04:42:00;M1;5;89;4046,20991;4047,14000;UP
2026-07-24 04:53:00;M1;5;89;4045,93612;4045,89000;DOWN
2026-07-24 04:56:00;M1;5;55;4044,66960;4044,54000;DOWN
2026-07-24 05:01:00;M1;5;21;4045,10534;4045,13000;UP
2026-07-24 05:06:00;M1;5;55;4044,53966;4043,03000;DOWN
2026-07-24 05:13:00;M1;5;21;4044,92372;4045,32000;UP
2026-07-24 05:18:00;M1;5;89;4045,18086;4045,12000;DOWN
2026-07-24 05:24:00;M1;5;21;4045,17018;4046,35000;UP
2026-07-24 05:21:00;M1;5;55;4044,44138;4044,03000;DOWN
2026-07-24 05:26:00;M1;5;34;4044,69269;4046,21000;UP
2026-07-24 05:33:00;M1;5;89;4044,85479;4044,60000;DOWN
2026-07-24 06:06:00;M1;5;21;4027,34023;4027,42000;UP
2026-07-24 06:15:00;M1;5;34;4031,96097;4032,32000;UP
2026-07-24 06:19:00;M1;5;34;4030,33607;4029,24000;DOWN
2026-07-24 06:21:00;M1;5;34;4029,05400;4031,31000;UP
2026-07-24 06:30:00;M1;5;55;4032,88163;4032,93000;UP
2026-07-24 06:32:00;M1;5;55;4031,95950;4031,31000;DOWN
2026-07-24 06:36:00;M1;5;55;4031,15100;4031,60000;UP
2026-07-24 06:45:00;M1;5;55;4030,43701;4030,11000;DOWN
2026-07-24 06:46:00;M1;5;55;4029,79429;4030,78000;UP
2026-07-24 06:55:00;M1;5;55;4029,17570;4028,87000;DOWN
2026-07-24 06:56:00;M1;5;55;4028,56710;4028,79000;UP
2026-07-24 07:22:00;M1;5;21;4029,25215;4029,47000;UP
2026-07-24 07:26:00;M1;5;89;4029,33663;4029,86000;UP
2026-07-24 07:35:00;M1;5;89;4028,81793;4028,56000;DOWN
2026-07-24 07:36:00;M1;5;34;4027,73821;4027,53000;DOWN
2026-07-24 07:53:00;M1;5;89;4026,82469;4027,01000;UP
2026-07-24 07:56:00;M1;5;21;4026,81663;4027,02000;UP
2026-07-24 08:02:00;M1;5;89;4025,93816;4025,73000;DOWN
2026-07-24 08:06:00;M1;5;21;4026,94082;4028,82000;UP
2026-07-24 08:18:00;M1;5;89;4024,83407;4022,87000;DOWN
2026-07-24 08:22:00;M1;5;21;4026,69143;4027,52000;UP
2026-07-24 08:27:00;M1;5;34;4026,64709;4025,56000;DOWN
2026-07-24 08:31:00;M1;5;21;4026,89748;4028,91000;UP
2026-07-24 08:39:00;M1;5;34;4026,73427;4026,10000;DOWN
2026-07-24 08:41:00;M1;5;21;4026,99294;4028,11000;UP
2026-07-24 08:44:00;M1;5;55;4025,14122;4024,79000;DOWN
2026-07-24 08:46:00;M1;5;55;4025,17800;4026,85000;UP
2026-07-24 08:46:00;M1;5;21;4026,96575;4026,85000;DOWN
2026-07-24 08:55:00;M1;5;89;4023,10298;4022,31000;DOWN
2026-07-24 08:56:00;M1;5;89;4022,88512;4023,38000;UP
2026-07-24 09:02:00;M1;5;21;4025,24553;4025,69000;UP
2026-07-24 09:41:00;M1;5;21;4035,81275;4035,76000;DOWN
2026-07-24 09:51:00;M1;5;34;4033,74867;4032,73000;DOWN
2026-07-24 10:00:00;M1;5;21;4037,47241;4038,21000;UP
2026-07-24 10:01:00;M1;5;21;4037,86607;4037,75000;DOWN
2026-07-24 10:06:00;M1;5;21;4039,06412;4042,14000;UP
2026-07-24 10:31:00;M1;5;21;4049,29440;4049,15000;DOWN
2026-07-24 10:39:00;M1;5;34;4047,61000;4046,84000;DOWN
2026-07-24 11:01:00;M1;5;55;4048,23655;4047,82000;DOWN
2026-07-24 11:27:00;M1;5;21;4048,31573;4048,80000;UP
2026-07-24 11:31:00;M1;5;55;4052,17165;4050,96000;DOWN
2026-07-24 11:38:00;M1;5;34;4051,87766;4052,02000;UP
2026-07-24 11:41:00;M1;5;55;4053,29887;4053,29000;DOWN
2026-07-24 11:49:00;M1;5;55;4053,93617;4054,65000;UP
2026-07-24 12:05:00;M1;5;55;4056,09717;4055,51000;DOWN
2026-07-24 12:09:00;M1;5;21;4057,34985;4057,48000;UP
2026-07-24 12:11:00;M1;5;55;4057,37330;4054,88000;DOWN
2026-07-24 12:21:00;M1;5;89;4054,88374;4054,53000;DOWN
2026-07-24 12:42:00;M1;5;21;4055,62966;4055,81000;UP
2026-07-24 12:46:00;M1;5;21;4055,31885;4055,14000;DOWN
2026-07-24 12:52:00;M1;5;21;4055,44250;4056,97000;UP
2026-07-24 13:01:00;M1;5;89;4059,52875;4059,22000;DOWN
2026-07-24 13:09:00;M1;5;89;4060,04389;4060,30000;UP
2026-07-24 13:07:00;M1;5;55;4059,40233;4059,09000;DOWN
2026-07-24 13:11:00;M1;5;89;4060,52751;4059,17000;DOWN
2026-07-24 13:16:00;M1;5;21;4059,44096;4059,49000;UP
2026-07-24 13:21:00;M1;5;55;4060,40722;4059,31000;DOWN
2026-07-24 13:27:00;M1;5;21;4060,77886;4063,29000;UP
2026-07-24 13:33:00;M1;5;89;4062,34161;4062,24000;DOWN
2026-07-24 13:36:00;M1;5;55;4061,44121;4061,08000;DOWN
2026-07-24 14:01:00;M1;5;21;4060,33099;4060,87000;UP
2026-07-24 14:07:00;M1;5;55;4061,96423;4061,44000;DOWN
2026-07-24 14:15:00;M1;5;34;4061,43698;4061,59000;UP
2026-07-24 14:16:00;M1;5;34;4061,57067;4061,28000;DOWN
2026-07-24 14:23:00;M1;5;21;4060,96922;4061,71000;UP
2026-07-24 14:26:00;M1;5;34;4061,62595;4059,35000;DOWN
2026-07-24 14:58:00;M1;5;21;4056,02694;4057,77000;UP
2026-07-24 15:01:00;M1;5;21;4055,10204;4053,93000;DOWN
2026-07-24 15:06:00;M1;5;21;4054,58852;4054,84000;UP
2026-07-24 15:14:00;M1;5;34;4056,52211;4056,57000;UP
2026-07-24 15:20:00;M1;5;34;4056,17992;4055,92000;DOWN
2026-07-24 15:23:00;M1;5;34;4055,98217;4057,59000;UP
2026-07-24 15:27:00;M1;5;55;4058,37568;4059,48000;UP
2026-07-24 15:31:00;M1;5;55;4058,15205;4056,61000;DOWN
2026-07-24 15:38:00;M1;5;34;4055,92240;4055,72000;DOWN
2026-07-24 15:59:00;M1;5;21;4055,84611;4056,06000;UP
2026-07-24 16:01:00;M1;5;34;4054,87422;4052,94000;DOWN
2026-07-24 16:26:00;M1;5;21;4046,94857;4047,01000;UP
2026-07-24 16:31:00;M1;5;34;4049,10628;4049,59000;UP
2026-07-24 16:39:00;M1;5;89;4055,78778;4056,10000;UP
2026-07-24 16:41:00;M1;5;89;4055,20400;4054,14000;DOWN
2026-07-24 16:46:00;M1;5;89;4054,76095;4055,76000;UP
2026-07-24 17:06:00;M1;5;21;4060,76439;4060,49000;DOWN
2026-07-24 17:18:00;M1;5;34;4057,26743;4057,11000;DOWN
2026-07-24 17:24:00;M1;5;21;4064,36681;4064,71000;UP
2026-07-24 17:33:00;M1;5;21;4066,09318;4065,96000;DOWN
2026-07-24 17:37:00;M1;5;34;4062,60576;4062,47000;DOWN
2026-07-24 17:56:00;M1;5;21;4063,85095;4064,21000;UP
2026-07-24 18:03:00;M1;5;34;4065,36518;4064,89000;DOWN
2026-07-24 18:10:00;M1;5;34;4065,55331;4070,55000;UP
2026-07-24 18:06:00;M1;5;21;4063,67547;4062,11000;DOWN
2026-07-24 18:11:00;M1;5;21;4064,82200;4069,17000;UP
2026-07-24 18:36:00;M1;5;21;4075,87660;4075,59000;DOWN
2026-07-24 18:42:00;M1;5;34;4074,05589;4073,99000;DOWN
2026-07-24 18:46:00;M1;5;55;4072,18885;4071,31000;DOWN
2026-07-24 18:53:00;M1;5;34;4075,60836;4075,64000;UP
2026-07-24 18:57:00;M1;5;34;4076,38457;4075,93000;DOWN
2026-07-24 19:05:00;M1;5;55;4075,11353;4074,99000;DOWN
2026-07-24 19:07:00;M1;5;55;4075,93726;4076,26000;UP
2026-07-24 19:11:00;M1;5;55;4076,64590;4075,52000;DOWN
2026-07-24 19:24:00;M1;5;21;4077,27215;4077,34000;UP
2026-07-24 19:30:00;M1;5;89;4072,57542;4071,10000;DOWN
2026-07-24 19:58:00;M1;5;21;4067,26081;4067,28000;UP
2026-07-24 20:05:00;M1;5;21;4066,10870;4065,95000;DOWN
2026-07-24 20:08:00;M1;5;21;4065,18379;4065,24000;UP
2026-07-24 20:12:00;M1;5;21;4064,27491;4063,28000;DOWN
2026-07-24 20:16:00;M1;5;21;4063,76027;4063,96000;UP
2026-07-24 20:24:00;M1;5;34;4066,83417;4068,74000;UP
2026-07-24 20:45:00;M1;5;21;4066,36404;4066,32000;DOWN
2026-07-24 20:46:00;M1;5;21;4066,58102;4066,68000;UP
2026-07-24 20:52:00;M1;5;34;4064,74794;4063,77000;DOWN
2026-07-24 20:56:00;M1;5;34;4064,37882;4064,55000;UP
2026-07-24 21:01:00;M1;5;34;4063,99790;4063,29000;DOWN
2026-07-24 21:16:00;M1;5;21;4062,40234;4062,41000;UP
2026-07-24 21:21:00;M1;5;21;4061,03733;4058,76000;DOWN
2026-07-24 21:38:00;M1;5;21;4055,95792;4056,80000;UP
2026-07-24 21:41:00;M1;5;21;4054,36361;4053,51000;DOWN
2026-07-24 21:46:00;M1;5;21;4053,14429;4054,47000;UP
