datetime;fast_tf;slow_tf;period;hma_value;fast_close;direction
2026-04-20 09:05:00;M5;20;21;4790,62116;4791,66000;UP
2026-04-20 09:25:00;M5;20;21;4789,64039;4786,08000;DOWN
2026-04-20 09:55:00;M5;20;21;4789,49199;4795,38000;UP
2026-04-20 10:45:00;M5;20;21;4793,31147;4792,65000;DOWN
2026-04-20 11:45:00;M5;20;21;4793,09189;4794,49000;UP
2026-04-20 12:25:00;M5;20;21;4793,21669;4792,26000;DOWN
2026-04-20 12:45:00;M5;20;21;4792,79594;4795,26000;UP
2026-04-20 14:00:00;M5;20;34;4794,09723;4790,84000;DOWN
2026-04-20 14:40:00;M5;20;21;4793,87262;4794,39000;UP
2026-04-20 15:50:00;M5;20;21;4804,13285;4803,46000;DOWN
2026-04-20 16:05:00;M5;20;21;4807,00599;4811,32000;UP
2026-04-20 17:05:00;M5;20;21;4816,90233;4812,71000;DOWN
2026-04-20 17:25:00;M5;20;21;4819,07941;4823,36000;UP
2026-04-20 17:45:00;M5;20;34;4813,76185;4813,33000;DOWN
2026-04-20 19:45:00;M5;20;21;4801,54625;4803,79000;UP
2026-04-20 20:05:00;M5;20;34;4808,66217;4809,37000;UP
2026-04-20 20:30:00;M5;20;34;4808,28207;4805,20000;DOWN
2026-04-20 20:45:00;M5;20;34;4807,95594;4808,95000;UP
2026-04-20 22:35:00;M5;20;55;4812,44657;4811,01000;DOWN
2026-04-20 23:00:00;M5;20;21;4815,07159;4815,09000;UP
2026-04-20 23:10:00;M5;20;55;4813,61562;4813,56000;DOWN
2026-04-20 23:25:00;M5;20;55;4814,11714;4815,87000;UP
2026-04-20 23:50:00;M5;20;21;4817,59699;4819,91000;UP
2026-04-21 02:05:00;M5;20;21;4827,48508;4824,88000;DOWN
2026-04-21 02:30:00;M5;20;34;4824,57268;4823,81000;DOWN
2026-04-21 02:45:00;M5;20;55;4821,63010;4821,16000;DOWN
2026-04-21 03:05:00;M5;20;34;4826,85872;4828,31000;UP
2026-04-21 03:25:00;M5;20;55;4823,63608;4819,77000;DOWN
2026-04-21 03:45:00;M5;20;55;4824,47021;4825,20000;UP
2026-04-21 04:05:00;M5;20;55;4825,08540;4818,43000;DOWN
2026-04-21 07:25:00;M5;20;21;4791,92835;4792,12000;UP
2026-04-21 07:55:00;M5;20;21;4789,38871;4789,00000;DOWN
2026-04-21 08:05:00;M5;20;21;4787,22850;4789,94000;UP
2026-04-21 08:35:00;M5;20;34;4792,69032;4795,86000;UP
2026-04-21 08:50:00;M5;20;34;4790,02584;4787,83000;DOWN
2026-04-21 09:05:00;M5;20;21;4783,39797;4787,48000;UP
2026-04-21 09:25:00;M5;20;34;4784,43723;4778,74000;DOWN
2026-04-21 10:05:00;M5;20;21;4777,93608;4781,29000;UP
2026-04-21 10:45:00;M5;20;55;4786,72824;4790,41000;UP
2026-04-21 11:05:00;M5;20;55;4784,53938;4780,29000;DOWN
2026-04-21 11:25:00;M5;20;21;4779,12143;4787,24000;UP
2026-04-21 12:25:00;M5;20;21;4783,08445;4782,23000;DOWN
2026-04-21 12:45:00;M5;20;21;4783,89546;4785,15000;UP
2026-04-21 13:10:00;M5;20;21;4784,28190;4782,91000;DOWN
2026-04-21 13:35:00;M5;20;21;4784,72182;4786,94000;UP
2026-04-21 13:50:00;M5;20;89;4788,84114;4790,05000;UP
2026-04-21 14:05:00;M5;20;89;4787,61161;4780,07000;DOWN
2026-04-21 14:30:00;M5;20;21;4786,27665;4787,30000;UP
2026-04-21 15:15:00;M5;20;89;4784,61121;4783,66000;DOWN
2026-04-21 15:30:00;M5;20;34;4784,81260;4787,09000;UP
2026-04-21 15:45:00;M5;20;89;4782,65541;4777,81000;DOWN
2026-04-21 16:05:00;M5;20;55;4776,95318;4768,02000;DOWN
2026-04-21 16:35:00;M5;20;21;4781,52654;4784,42000;UP
2026-04-21 16:55:00;M5;20;89;4779,37877;4779,06000;DOWN
2026-04-21 17:05:00;M5;20;21;4778,55398;4780,73000;UP
2026-04-21 17:20:00;M5;20;55;4776,51548;4772,63000;DOWN
2026-04-21 17:25:00;M5;20;89;4777,14767;4774,10000;DOWN
2026-04-21 20:40:00;M5;20;21;4709,21203;4717,83000;UP
2026-04-21 21:15:00;M5;20;21;4697,44801;4696,22000;DOWN
2026-04-21 21:25:00;M5;20;21;4693,19171;4696,23000;UP
2026-04-21 21:45:00;M5;20;34;4701,83949;4702,04000;UP
2026-04-21 22:25:00;M5;20;55;4712,96587;4714,00000;UP
2026-04-21 22:40:00;M5;20;34;4693,79431;4671,64000;DOWN
2026-04-21 22:45:00;M5;20;55;4707,87842;4682,27000;DOWN
2026-04-21 23:10:00;M5;20;21;4688,13715;4697,17000;UP
2026-04-21 23:50:00;M5;20;89;4716,12210;4717,01000;UP
2026-04-22 03:45:00;M5;20;21;4743,94334;4743,69000;DOWN
2026-04-22 04:35:00;M5;20;21;4749,58158;4751,52000;UP
2026-04-22 04:55:00;M5;20;21;4752,39840;4752,19000;DOWN
2026-04-22 05:10:00;M5;20;21;4755,57855;4755,66000;UP
2026-04-22 05:25:00;M5;20;21;4758,05643;4755,64000;DOWN
2026-04-22 05:45:00;M5;20;34;4753,07096;4751,70000;DOWN
2026-04-22 06:05:00;M5;20;34;4756,69421;4759,41000;UP
2026-04-22 06:25:00;M5;20;21;4762,41109;4763,11000;UP
2026-04-22 06:35:00;M5;20;34;4759,74763;4758,26000;DOWN
2026-04-22 06:45:00;M5;20;21;4763,15864;4758,85000;DOWN
2026-04-22 08:15:00;M5;20;21;4762,27895;4768,51000;UP
2026-04-22 08:25:00;M5;20;34;4767,75380;4766,12000;DOWN
2026-04-22 08:45:00;M5;20;34;4768,80405;4769,10000;UP
2026-04-22 09:00:00;M5;20;21;4764,63781;4759,30000;DOWN
2026-04-22 09:05:00;M5;20;55;4761,43188;4760,58000;DOWN
2026-04-22 09:25:00;M5;20;21;4766,54055;4767,02000;UP
2026-04-22 09:45:00;M5;20;55;4766,56570;4766,05000;DOWN
2026-04-22 10:05:00;M5;20;21;4767,81260;4770,02000;UP
2026-04-22 10:25:00;M5;20;55;4770,43446;4766,08000;DOWN
2026-04-22 12:05:00;M5;20;21;4760,06998;4760,90000;UP
2026-04-22 12:25:00;M5;20;21;4758,75923;4756,42000;DOWN
2026-04-22 12:45:00;M5;20;21;4757,50696;4757,87000;UP
2026-04-22 12:50:00;M5;20;89;4754,88542;4754,59000;DOWN
2026-04-22 13:05:00;M5;20;21;4756,09460;4748,57000;DOWN
2026-04-22 13:30:00;M5;20;21;4755,11183;4758,07000;UP
2026-04-22 13:45:00;M5;20;89;4759,09584;4757,01000;DOWN
2026-04-22 14:15:00;M5;20;34;4758,96620;4759,76000;UP
2026-04-22 14:25:00;M5;20;34;4758,12114;4757,33000;DOWN
2026-04-22 15:00:00;M5;20;21;4754,86968;4756,65000;UP
2026-04-22 15:05:00;M5;20;21;4753,61306;4752,77000;DOWN
2026-04-22 15:25:00;M5;20;21;4752,22128;4753,14000;UP
2026-04-22 15:45:00;M5;20;21;4750,31977;4744,20000;DOWN
2026-04-22 16:25:00;M5;20;21;4746,66384;4750,07000;UP
2026-04-22 17:00:00;M5;20;34;4748,43516;4745,42000;DOWN
2026-04-22 17:05:00;M5;20;21;4745,58825;4746,06000;UP
2026-04-22 17:25:00;M5;20;21;4744,17749;4743,89000;DOWN
2026-04-22 19:05:00;M5;20;21;4729,54472;4733,49000;UP
2026-04-22 19:25:00;M5;20;21;4727,04301;4726,98000;DOWN
2026-04-22 19:45:00;M5;20;21;4725,13406;4730,03000;UP
2026-04-22 20:05:00;M5;20;55;4735,68700;4736,45000;UP
2026-04-22 21:25:00;M5;20;55;4730,45968;4730,44000;DOWN
2026-04-22 21:45:00;M5;20;55;4729,89931;4746,76000;UP
2026-04-22 22:05:00;M5;20;89;4743,55685;4740,28000;DOWN
2026-04-22 22:25:00;M5;20;89;4742,62315;4744,41000;UP
2026-04-22 22:45:00;M5;20;89;4741,76387;4738,56000;DOWN
2026-04-23 01:05:00;M5;20;89;4738,57655;4738,86000;UP
2026-04-23 01:20:00;M5;20;34;4735,73669;4735,26000;DOWN
2026-04-23 01:25:00;M5;20;89;4737,75137;4732,85000;DOWN
2026-04-23 01:45:00;M5;20;55;4730,00144;4730,09000;UP
2026-04-23 02:05:00;M5;20;55;4729,74745;4726,09000;DOWN
2026-04-23 03:20:00;M5;20;21;4726,80045;4727,24000;UP
2026-04-23 03:25:00;M5;20;34;4731,55453;4741,49000;UP
2026-04-23 04:25:00;M5;20;89;4730,13200;4728,17000;DOWN
2026-04-23 04:45:00;M5;20;21;4733,04631;4734,02000;UP
2026-04-23 05:05:00;M5;20;89;4728,85406;4714,41000;DOWN
2026-04-23 06:45:00;M5;20;21;4703,33056;4706,65000;UP
2026-04-23 08:00:00;M5;20;34;4704,46625;4707,20000;UP
2026-04-23 08:45:00;M5;20;55;4707,08699;4710,45000;UP
2026-04-23 09:15:00;M5;20;89;4710,71897;4710,33000;DOWN
2026-04-23 09:25:00;M5;20;89;4709,74496;4712,20000;UP
2026-04-23 10:20:00;M5;20;89;4708,20521;4705,65000;DOWN
2026-04-23 10:30:00;M5;20;21;4710,60882;4710,87000;UP
2026-04-23 11:40:00;M5;20;89;4706,36960;4703,76000;DOWN
2026-04-23 11:45:00;M5;20;89;4705,89286;4705,93000;UP
2026-04-23 12:00:00;M5;20;55;4703,24999;4696,76000;DOWN
2026-04-23 12:05:00;M5;20;89;4705,28116;4695,39000;DOWN
2026-04-23 13:55:00;M5;20;21;4695,16607;4696,60000;UP
2026-04-23 14:15:00;M5;20;34;4700,22811;4702,32000;UP
2026-04-23 14:30:00;M5;20;89;4698,28141;4697,60000;DOWN
2026-04-23 14:45:00;M5;20;34;4699,80269;4706,12000;UP
2026-04-23 16:25:00;M5;20;21;4731,35189;4727,46000;DOWN
2026-04-23 16:45:00;M5;20;21;4734,88575;4737,65000;UP
2026-04-23 17:05:00;M5;20;34;4722,89512;4721,36000;DOWN
2026-04-23 17:25:00;M5;20;34;4725,20201;4731,31000;UP
2026-04-23 18:05:00;M5;20;34;4730,51232;4728,65000;DOWN
2026-04-23 18:25:00;M5;20;34;4733,08700;4733,51000;UP
2026-04-23 18:50:00;M5;20;55;4723,40081;4717,13000;DOWN
2026-04-23 19:40:00;M5;20;21;4731,51357;4734,02000;UP
2026-04-23 20:00:00;M5;20;55;4727,53696;4725,39000;DOWN
2026-04-23 20:05:00;M5;20;89;4715,17028;4710,51000;DOWN
2026-04-23 21:10:00;M5;20;21;4713,04959;4713,81000;UP
2026-04-23 21:30:00;M5;20;89;4716,79664;4718,63000;UP
2026-04-23 21:45:00;M5;20;89;4716,80449;4706,54000;DOWN
2026-04-23 22:45:00;M5;20;21;4696,50956;4696,70000;UP
2026-04-23 23:10:00;M5;20;21;4693,08809;4690,68000;DOWN
2026-04-23 23:40:00;M5;20;21;4690,26044;4691,17000;UP
2026-04-24 01:05:00;M5;20;34;4693,31193;4697,38000;UP
2026-04-24 02:30:00;M5;20;55;4698,52745;4699,02000;UP
2026-04-24 02:55:00;M5;20;55;4696,45251;4695,35000;DOWN
2026-04-24 03:05:00;M5;20;55;4694,66706;4696,25000;UP
2026-04-24 03:25:00;M5;20;89;4703,73958;4705,49000;UP
2026-04-24 03:45:00;M5;20;89;4703,07875;4699,28000;DOWN
2026-04-24 04:05:00;M5;20;89;4702,55522;4703,91000;UP
2026-04-24 04:25:00;M5;20;89;4702,01844;4698,42000;DOWN
2026-04-24 04:45:00;M5;20;34;4692,42413;4697,04000;UP
2026-04-24 05:20:00;M5;20;55;4690,62522;4684,85000;DOWN
2026-04-24 07:45:00;M5;20;21;4667,01058;4675,92000;UP
2026-04-24 08:20:00;M5;20;34;4675,06658;4676,28000;UP
2026-04-24 08:25:00;M5;20;55;4675,13369;4676,47000;UP
2026-04-24 08:45:00;M5;20;89;4682,41883;4680,80000;DOWN
2026-04-24 09:05:00;M5;20;89;4680,97892;4683,16000;UP
2026-04-24 09:20:00;M5;20;55;4673,85622;4673,72000;DOWN
2026-04-24 09:35:00;M5;20;55;4673,36313;4675,05000;UP
2026-04-24 09:25:00;M5;20;89;4679,61870;4671,35000;DOWN
2026-04-24 09:50:00;M5;20;21;4674,10055;4674,96000;UP
2026-04-24 09:45:00;M5;20;55;4672,80456;4669,66000;DOWN
2026-04-24 10:05:00;M5;20;55;4672,41041;4677,50000;UP
2026-04-24 11:30:00;M5;20;21;4687,09619;4686,15000;DOWN
2026-04-24 11:45:00;M5;20;21;4689,42683;4691,85000;UP
2026-04-24 12:05:00;M5;20;21;4691,55565;4691,32000;DOWN
2026-04-24 12:25:00;M5;20;34;4684,38115;4683,28000;DOWN
2026-04-24 13:30:00;M5;20;55;4678,38853;4675,31000;DOWN
2026-04-24 14:00:00;M5;20;21;4686,38272;4689,54000;UP
2026-04-24 15:40:00;M5;20;21;4699,35579;4698,82000;DOWN
2026-04-24 15:45:00;M5;20;34;4698,60770;4692,28000;DOWN
2026-04-24 16:10:00;M5;20;34;4700,48979;4702,90000;UP
2026-04-24 16:40:00;M5;20;21;4706,86616;4708,17000;UP
2026-04-24 16:30:00;M5;20;55;4693,78294;4692,19000;DOWN
2026-04-24 16:45:00;M5;20;34;4703,78834;4712,15000;UP
2026-04-24 16:50:00;M5;20;21;4709,13085;4706,14000;DOWN
2026-04-24 17:05:00;M5;20;21;4713,49961;4728,19000;UP
2026-04-24 18:00:00;M5;20;21;4723,17260;4722,21000;DOWN
2026-04-24 18:30:00;M5;20;34;4721,49846;4718,21000;DOWN
2026-04-24 18:50:00;M5;20;34;4724,26612;4729,27000;UP
2026-04-24 19:05:00;M5;20;34;4726,38481;4721,70000;DOWN
2026-04-24 20:25:00;M5;20;55;4725,37463;4722,88000;DOWN
2026-04-24 22:30:00;M5;20;89;4718,78850;4718,45000;DOWN
2026-04-27 02:45:00;M5;20;21;4678,47581;4680,60000;UP
2026-04-27 03:45:00;M5;20;34;4680,59054;4682,48000;UP
2026-04-27 04:10:00;M5;20;55;4696,83134;4692,65000;DOWN
2026-04-27 04:25:00;M5;20;55;4694,60088;4698,07000;UP
2026-04-27 05:35:00;M5;20;89;4708,14696;4712,19000;UP
2026-04-27 07:25:00;M5;20;21;4729,51869;4726,90000;DOWN
2026-04-27 08:05:00;M5;20;34;4720,17056;4719,70000;DOWN
2026-04-27 08:35:00;M5;20;89;4711,03712;4710,64000;DOWN
2026-04-27 08:45:00;M5;20;89;4711,31399;4711,45000;UP
2026-04-27 09:30:00;M5;20;89;4711,52830;4710,27000;DOWN
2026-04-27 09:45:00;M5;20;89;4711,51892;4714,18000;UP
2026-04-27 10:05:00;M5;20;21;4715,31477;4717,03000;UP
2026-04-27 10:45:00;M5;20;55;4714,58552;4714,26000;DOWN
2026-04-27 11:05:00;M5;20;21;4711,50451;4711,73000;UP
2026-04-27 11:10:00;M5;20;89;4711,48432;4710,87000;DOWN
2026-04-27 11:40:00;M5;20;89;4711,42943;4711,80000;UP
2026-04-27 11:30:00;M5;20;21;4710,36434;4709,50000;DOWN
2026-04-27 11:45:00;M5;20;21;4709,19657;4712,24000;UP
2026-04-27 11:50:00;M5;20;89;4711,33144;4706,91000;DOWN
2026-04-27 12:05:00;M5;20;21;4707,95181;4704,58000;DOWN
2026-04-27 13:05:00;M5;20;21;4703,74202;4703,79000;UP
2026-04-27 13:30:00;M5;20;34;4707,29330;4707,40000;UP
2026-04-27 14:00:00;M5;20;34;4706,17221;4705,79000;DOWN
2026-04-27 14:05:00;M5;20;34;4705,23676;4706,92000;UP
2026-04-27 14:35:00;M5;20;34;4704,32468;4701,96000;DOWN
2026-04-27 14:45:00;M5;20;21;4702,73056;4702,82000;UP
2026-04-27 15:15:00;M5;20;55;4710,59069;4710,83000;UP
2026-04-27 15:25:00;M5;20;89;4709,27090;4707,03000;DOWN
2026-04-27 15:45:00;M5;20;21;4703,36054;4703,43000;UP
2026-04-27 16:05:00;M5;20;34;4701,52408;4696,20000;DOWN
2026-04-27 19:15:00;M5;20;21;4675,64353;4676,89000;UP
2026-04-27 20:25:00;M5;20;34;4673,80626;4679,70000;UP
2026-04-27 22:30:00;M5;20;21;4679,20707;4678,86000;DOWN
2026-04-27 22:45:00;M5;20;21;4680,01568;4681,04000;UP
2026-04-27 23:05:00;M5;20;21;4680,49640;4679,09000;DOWN
2026-04-27 23:45:00;M5;20;89;4679,51154;4679,87000;UP
2026-04-28 01:05:00;M5;20;21;4681,60745;4688,85000;UP
2026-04-28 03:30:00;M5;20;21;4694,27150;4693,15000;DOWN
2026-04-28 03:55:00;M5;20;34;4690,67203;4690,54000;DOWN
2026-04-28 04:55:00;M5;20;89;4678,44160;4670,63000;DOWN
2026-04-28 06:25:00;M5;20;21;4672,45380;4674,86000;UP
2026-04-28 06:50:00;M5;20;21;4669,87756;4669,66000;DOWN
2026-04-28 07:05:00;M5;20;21;4667,72547;4667,87000;UP
2026-04-28 08:00:00;M5;20;21;4664,78124;4663,22000;DOWN
2026-04-28 10:00:00;M5;20;21;4632,55781;4639,01000;UP
2026-04-28 10:55:00;M5;20;34;4630,60496;4633,14000;UP
2026-04-28 11:00:00;M5;20;21;4621,46593;4620,30000;DOWN
2026-04-28 11:05:00;M5;20;21;4619,21594;4621,86000;UP
2026-04-28 11:05:00;M5;20;34;4626,99652;4621,86000;DOWN
2026-04-28 11:25:00;M5;20;34;4623,95331;4626,65000;UP
2026-04-28 12:20:00;M5;20;34;4619,09921;4616,07000;DOWN
2026-04-28 12:25:00;M5;20;21;4617,43175;4618,28000;UP
2026-04-28 12:45:00;M5;20;34;4613,16693;4610,48000;DOWN
2026-04-28 13:10:00;M5;20;21;4612,17458;4612,63000;UP
2026-04-28 13:55:00;M5;20;34;4605,81659;4603,22000;DOWN
2026-04-28 14:25:00;M5;20;21;4598,34637;4599,39000;UP
2026-04-28 14:45:00;M5;20;21;4589,18275;4558,90000;DOWN
2026-04-28 15:10:00;M5;20;21;4581,06709;4581,57000;UP
2026-04-28 15:40:00;M5;20;34;4584,08803;4586,88000;UP
2026-04-28 15:45:00;M5;20;55;4587,06205;4599,07000;UP
2026-04-28 16:05:00;M5;20;55;4583,10795;4572,96000;DOWN
2026-04-28 16:25:00;M5;20;34;4575,17294;4581,83000;UP
2026-04-28 17:00:00;M5;20;55;4576,46875;4565,96000;DOWN
2026-04-28 17:05:00;M5;20;21;4568,96138;4569,38000;UP
2026-04-28 17:25:00;M5;20;55;4570,53071;4571,42000;UP
2026-04-28 17:35:00;M5;20;34;4567,70069;4560,33000;DOWN
2026-04-28 17:55:00;M5;20;21;4566,63261;4574,47000;UP
2026-04-28 17:45:00;M5;20;55;4567,76658;4563,00000;DOWN
2026-04-28 18:05:00;M5;20;55;4565,23472;4572,72000;UP
2026-04-28 18:35:00;M5;20;89;4578,58741;4578,85000;UP
2026-04-28 21:30:00;M5;20;21;4597,36770;4595,08000;DOWN
2026-04-28 23:15:00;M5;20;34;4596,17107;4594,26000;DOWN
2026-04-29 02:35:00;M5;20;55;4590,01409;4588,39000;DOWN
2026-04-29 02:55:00;M5;20;21;4593,49889;4595,64000;UP
2026-04-29 04:00:00;M5;20;55;4595,15663;4582,53000;DOWN
2026-04-29 05:05:00;M5;20;21;4592,04973;4598,82000;UP
2026-04-29 05:35:00;M5;20;55;4596,72524;4595,95000;DOWN
2026-04-29 05:45:00;M5;20;55;4596,71425;4599,22000;UP
2026-04-29 05:50:00;M5;20;34;4593,92912;4592,96000;DOWN
2026-04-29 06:05:00;M5;20;34;4594,12689;4599,60000;UP
2026-04-29 06:30:00;M5;20;55;4596,96072;4596,77000;DOWN
2026-04-29 06:50:00;M5;20;21;4594,53586;4595,03000;UP
2026-04-29 08:10:00;M5;20;21;4601,14247;4600,91000;DOWN
2026-04-29 08:30:00;M5;20;55;4598,90344;4595,45000;DOWN
2026-04-29 08:45:00;M5;20;34;4598,44357;4599,48000;UP
2026-04-29 09:10:00;M5;20;89;4590,37942;4588,44000;DOWN
2026-04-29 11:45:00;M5;20;21;4565,29756;4570,85000;UP
2026-04-29 12:15:00;M5;20;34;4574,09433;4579,51000;UP
2026-04-29 12:25:00;M5;20;34;4571,58782;4565,80000;DOWN
2026-04-29 13:00:00;M5;20;21;4561,72815;4562,32000;UP
2026-04-29 13:10:00;M5;20;34;4566,20458;4567,99000;UP
2026-04-29 14:50:00;M5;20;34;4560,66090;4560,47000;DOWN
2026-04-29 15:10:00;M5;20;21;4564,33914;4564,56000;UP
2026-04-29 15:25:00;M5;20;55;4564,12934;4559,46000;DOWN
2026-04-29 17:20:00;M5;20;21;4535,28462;4536,54000;UP
2026-04-29 17:35:00;M5;20;34;4539,91935;4540,90000;UP
2026-04-29 18:00:00;M5;20;55;4542,93331;4542,96000;UP
2026-04-29 17:45:00;M5;20;34;4537,07062;4532,85000;DOWN
2026-04-29 18:05:00;M5;20;34;4535,10810;4539,93000;UP
2026-04-29 18:05:00;M5;20;55;4540,36588;4539,93000;DOWN
2026-04-29 18:25:00;M5;20;55;4538,48667;4543,53000;UP
2026-04-29 18:45:00;M5;20;89;4551,27426;4554,26000;UP
2026-04-29 19:45:00;M5;20;89;4546,66469;4546,27000;DOWN
2026-04-29 20:05:00;M5;20;21;4548,07923;4550,77000;UP
2026-04-29 20:25:00;M5;20;21;4549,67975;4547,16000;DOWN
2026-04-29 21:00:00;M5;20;89;4543,01243;4541,00000;DOWN
2026-04-29 21:05:00;M5;20;55;4535,54707;4533,54000;DOWN
2026-04-29 21:55:00;M5;20;55;4533,95971;4538,07000;UP
2026-04-29 22:10:00;M5;20;21;4540,86213;4547,73000;UP
2026-04-29 22:30:00;M5;20;34;4539,58116;4539,13000;DOWN
2026-04-29 22:45:00;M5;20;21;4539,64346;4548,03000;UP
2026-04-29 23:45:00;M5;20;34;4542,02846;4541,76000;DOWN
2026-04-30 01:05:00;M5;20;34;4542,60185;4545,99000;UP
2026-04-30 04:05:00;M5;20;21;4566,60682;4565,59000;DOWN
2026-04-30 04:25:00;M5;20;21;4570,32679;4579,84000;UP
2026-04-30 05:05:00;M5;20;21;4577,26548;4576,65000;DOWN
2026-04-30 05:30:00;M5;20;34;4571,54553;4567,59000;DOWN
2026-04-30 05:45:00;M5;20;55;4562,36217;4561,89000;DOWN
2026-04-30 06:05:00;M5;20;55;4564,19501;4567,19000;UP
2026-04-30 06:25:00;M5;20;55;4565,60550;4563,22000;DOWN
2026-04-30 07:20:00;M5;20;89;4550,97338;4550,08000;DOWN
2026-04-30 08:05:00;M5;20;21;4550,06563;4552,58000;UP
2026-04-30 08:30:00;M5;20;34;4561,55337;4562,28000;UP
2026-04-30 08:55:00;M5;20;55;4564,97560;4562,54000;DOWN
2026-04-30 09:05:00;M5;20;55;4564,99163;4565,19000;UP
2026-04-30 12:15:00;M5;20;21;4618,31036;4616,76000;DOWN
2026-04-30 12:25:00;M5;20;21;4624,29383;4625,53000;UP
2026-04-30 12:45:00;M5;20;21;4629,20848;4623,58000;DOWN
2026-04-30 13:20:00;M5;20;21;4633,35355;4634,23000;UP
2026-04-30 13:30:00;M5;20;21;4637,55161;4635,84000;DOWN
2026-04-30 14:00:00;M5;20;21;4641,48792;4641,60000;UP
2026-04-30 14:10:00;M5;20;21;4644,34241;4635,93000;DOWN
2026-04-30 14:25:00;M5;20;34;4639,71380;4637,63000;DOWN
2026-04-30 15:25:00;M5;20;55;4632,04969;4629,17000;DOWN
2026-04-30 15:55:00;M5;20;55;4635,62914;4639,57000;UP
2026-04-30 16:15:00;M5;20;55;4639,00605;4638,39000;DOWN
2026-04-30 16:45:00;M5;20;89;4624,77128;4618,29000;DOWN
2026-04-30 18:05:00;M5;20;21;4619,38238;4623,39000;UP
2026-04-30 18:35:00;M5;20;21;4616,89137;4615,29000;DOWN
2026-04-30 18:55:00;M5;20;21;4614,77925;4615,30000;UP
2026-04-30 19:10:00;M5;20;21;4612,13585;4611,72000;DOWN
2026-04-30 19:30:00;M5;20;21;4609,86240;4612,92000;UP
2026-04-30 19:55:00;M5;20;21;4607,97265;4607,59000;DOWN
2026-04-30 20:05:00;M5;20;21;4607,68426;4617,70000;UP
2026-04-30 22:25:00;M5;20;21;4620,51895;4617,68000;DOWN
2026-05-01 01:05:00;M5;20;21;4622,24595;4631,16000;UP
2026-05-01 02:55:00;M5;20;34;4627,24401;4626,50000;DOWN
2026-05-01 03:10:00;M5;20;55;4623,48476;4622,46000;DOWN
2026-05-01 05:00:00;M5;20;21;4622,16468;4624,61000;UP
2026-05-01 05:05:00;M5;20;34;4625,86625;4626,24000;UP
2026-05-01 05:25:00;M5;20;89;4632,69913;4629,47000;DOWN
2026-05-01 05:45:00;M5;20;21;4622,66821;4620,83000;DOWN
2026-05-01 06:20:00;M5;20;21;4622,41394;4623,56000;UP
2026-05-01 06:25:00;M5;20;34;4625,56971;4626,20000;UP
2026-05-01 07:00:00;M5;20;55;4625,43565;4624,86000;DOWN
2026-05-01 07:05:00;M5;20;21;4624,51919;4620,93000;DOWN
2026-05-01 10:10:00;M5;20;21;4595,37635;4595,98000;UP
2026-05-01 10:30:00;M5;20;21;4591,13649;4585,74000;DOWN
2026-05-01 11:45:00;M5;20;21;4570,69512;4571,17000;UP
2026-05-01 12:05:00;M5;20;21;4566,51244;4566,44000;DOWN
2026-05-01 12:25:00;M5;20;21;4563,74979;4569,19000;UP
2026-05-01 12:45:00;M5;20;34;4568,64313;4569,30000;UP
2026-05-01 12:50:00;M5;20;21;4561,18638;4560,99000;DOWN
2026-05-01 13:05:00;M5;20;21;4559,61541;4566,59000;UP
2026-05-01 14:15:00;M5;20;55;4570,29573;4571,69000;UP
2026-05-01 15:10:00;M5;20;89;4581,91685;4584,75000;UP
2026-05-01 16:25:00;M5;20;21;4591,85568;4589,15000;DOWN
2026-05-01 16:45:00;M5;20;21;4599,48395;4601,18000;UP
2026-05-01 17:45:00;M5;20;21;4633,14381;4630,88000;DOWN
2026-05-01 19:25:00;M5;20;34;4643,41270;4637,98000;DOWN
2026-05-01 20:45:00;M5;20;55;4630,51931;4627,36000;DOWN
2026-05-01 22:15:00;M5;20;21;4626,54079;4627,13000;UP
2026-05-01 22:40:00;M5;20;89;4613,78720;4611,84000;DOWN
2026-05-01 23:25:00;M5;20;21;4611,26790;4613,23000;UP
2026-05-04 01:10:00;M5;20;34;4622,01178;4623,08000;UP
2026-05-04 01:50:00;M5;20;89;4621,05282;4619,67000;DOWN
2026-05-04 02:05:00;M5;20;34;4616,38734;4615,39000;DOWN
2026-05-04 02:25:00;M5;20;34;4615,02002;4617,08000;UP
2026-05-04 02:40:00;M5;20;21;4614,11246;4613,57000;DOWN
2026-05-04 02:50:00;M5;20;21;4614,40363;4616,15000;UP
2026-05-04 03:00:00;M5;20;34;4613,74042;4608,42000;DOWN
2026-05-04 03:05:00;M5;20;34;4612,29631;4615,27000;UP
2026-05-04 03:10:00;M5;20;21;4613,91885;4612,04000;DOWN
2026-05-04 03:25:00;M5;20;34;4610,79503;4605,97000;DOWN
2026-05-04 03:55:00;M5;20;21;4611,83848;4613,02000;UP
2026-05-04 04:05:00;M5;20;34;4608,24720;4599,07000;DOWN
2026-05-04 04:50:00;M5;20;21;4605,26002;4606,17000;UP
2026-05-04 05:20:00;M5;20;34;4604,85600;4598,31000;DOWN
2026-05-04 05:40:00;M5;20;21;4602,69477;4603,86000;UP
2026-05-04 05:45:00;M5;20;34;4603,34534;4604,52000;UP
2026-05-04 06:10:00;M5;20;55;4609,58913;4609,96000;UP
2026-05-04 06:35:00;M5;20;55;4607,98450;4601,37000;DOWN
2026-05-04 06:45:00;M5;20;21;4603,11799;4610,14000;UP
2026-05-04 08:00:00;M5;20;55;4604,76909;4604,32000;DOWN
2026-05-04 08:15:00;M5;20;21;4608,46570;4611,03000;UP
2026-05-04 08:10:00;M5;20;34;4604,48647;4603,76000;DOWN
2026-05-04 08:25:00;M5;20;55;4603,75460;4596,51000;DOWN
2026-05-04 10:45:00;M5;20;21;4585,45948;4587,54000;UP
2026-05-04 11:05:00;M5;20;21;4581,39114;4578,67000;DOWN
2026-05-04 11:35:00;M5;20;21;4577,94190;4579,00000;UP
2026-05-04 12:10:00;M5;20;34;4581,06197;4583,97000;UP
2026-05-04 12:55:00;M5;20;34;4577,26925;4575,31000;DOWN
2026-05-04 13:45:00;M5;20;21;4560,85528;4566,56000;UP
2026-05-04 14:30:00;M5;20;34;4560,19557;4556,78000;DOWN
2026-05-04 14:45:00;M5;20;21;4555,54141;4555,73000;UP
2026-05-04 15:15:00;M5;20;55;4563,98121;4573,31000;UP
2026-05-04 16:05:00;M5;20;89;4570,70400;4572,17000;UP
2026-05-04 16:25:00;M5;20;89;4568,97859;4561,04000;DOWN
2026-05-04 16:55:00;M5;20;21;4563,67436;4564,01000;UP
2026-05-04 17:15:00;M5;20;89;4565,88509;4572,92000;UP
2026-05-04 17:05:00;M5;20;55;4556,69685;4555,02000;DOWN
2026-05-04 17:25:00;M5;20;21;4568,14347;4571,17000;UP
2026-05-04 17:55:00;M5;20;89;4563,53910;4561,41000;DOWN
2026-05-04 18:10:00;M5;20;55;4555,63683;4548,52000;DOWN
2026-05-04 20:05:00;M5;20;21;4517,33902;4523,77000;UP
2026-05-04 21:45:00;M5;20;34;4514,39203;4514,88000;UP
2026-05-04 22:15:00;M5;20;55;4519,96110;4520,57000;UP
2026-05-04 23:00:00;M5;20;55;4515,73936;4515,15000;DOWN
2026-05-04 23:05:00;M5;20;55;4513,70561;4513,97000;UP
2026-05-04 23:15:00;M5;20;21;4513,23629;4512,93000;DOWN
2026-05-04 23:25:00;M5;20;21;4513,78829;4515,20000;UP
2026-05-04 23:45:00;M5;20;89;4516,81949;4521,43000;UP
2026-05-05 01:50:00;M5;20;21;4518,09845;4516,45000;DOWN
2026-05-05 02:05:00;M5;20;21;4518,63510;4519,49000;UP
2026-05-05 02:40:00;M5;20;21;4519,04623;4518,44000;DOWN
2026-05-05 02:45:00;M5;20;21;4519,22706;4520,11000;UP
2026-05-05 03:20:00;M5;20;21;4519,85633;4519,46000;DOWN
2026-05-05 03:35:00;M5;20;21;4520,45168;4520,91000;UP
2026-05-05 05:55:00;M5;20;21;4540,74117;4539,02000;DOWN
2026-05-05 06:40:00;M5;20;34;4537,74970;4536,12000;DOWN
2026-05-05 08:05:00;M5;20;21;4537,39628;4543,07000;UP
2026-05-05 08:25:00;M5;20;34;4541,12862;4539,89000;DOWN
2026-05-05 08:45:00;M5;20;34;4542,11189;4547,35000;UP
2026-05-05 09:20:00;M5;20;55;4535,92006;4535,11000;DOWN
2026-05-05 09:30:00;M5;20;21;4541,46179;4542,89000;UP
2026-05-05 10:25:00;M5;20;21;4549,15660;4548,83000;DOWN
2026-05-05 10:45:00;M5;20;34;4548,52542;4545,53000;DOWN
2026-05-05 11:10:00;M5;20;34;4549,59387;4551,02000;UP
2026-05-05 11:35:00;M5;20;34;4550,52484;4549,99000;DOWN
2026-05-05 11:50:00;M5;20;21;4554,59628;4557,13000;UP
2026-05-05 12:15:00;M5;20;21;4555,68647;4554,13000;DOWN
2026-05-05 12:25:00;M5;20;55;4552,76199;4552,32000;DOWN
2026-05-05 12:55:00;M5;20;34;4555,65661;4556,24000;UP
2026-05-05 13:05:00;M5;20;55;4555,11082;4552,21000;DOWN
2026-05-05 13:50:00;M5;20;89;4542,44904;4540,95000;DOWN
2026-05-05 14:20:00;M5;20;21;4553,67886;4554,23000;UP
2026-05-05 14:30:00;M5;20;34;4556,19526;4557,04000;UP
2026-05-05 15:00:00;M5;20;55;4557,53876;4556,70000;DOWN
2026-05-05 15:10:00;M5;20;55;4558,24438;4564,99000;UP
2026-05-05 17:10:00;M5;20;21;4576,41607;4573,66000;DOWN
2026-05-05 17:25:00;M5;20;21;4579,24459;4584,05000;UP
2026-05-05 17:45:00;M5;20;21;4581,79799;4577,63000;DOWN
2026-05-05 18:20:00;M5;20;34;4577,12761;4576,55000;DOWN
2026-05-05 18:40:00;M5;20;55;4575,24662;4572,86000;DOWN
2026-05-05 18:55:00;M5;20;89;4569,21705;4568,52000;DOWN
2026-05-05 20:45:00;M5;20;21;4561,00681;4562,19000;UP
2026-05-05 22:40:00;M5;20;21;4555,66306;4555,66000;DOWN
2026-05-05 22:45:00;M5;20;21;4555,24756;4558,86000;UP
2026-05-05 23:25:00;M5;20;34;4556,80263;4559,24000;UP
2026-05-05 23:50:00;M5;20;34;4555,47550;4554,87000;DOWN
2026-05-06 01:05:00;M5;20;21;4553,43445;4551,49000;DOWN
2026-05-06 01:50:00;M5;20;21;4553,52352;4558,63000;UP
2026-05-06 04:50:00;M5;20;21;4625,37683;4624,74000;DOWN
2026-05-06 05:05:00;M5;20;21;4632,38254;4632,92000;UP
2026-05-06 05:25:00;M5;20;21;4637,78150;4630,01000;DOWN
2026-05-06 06:10:00;M5;20;21;4647,63764;4647,80000;UP
2026-05-06 06:25:00;M5;20;21;4652,40777;4645,69000;DOWN
2026-05-06 06:45:00;M5;20;34;4645,90763;4644,37000;DOWN
2026-05-06 08:55:00;M5;20;21;4659,59351;4662,98000;UP
2026-05-06 08:45:00;M5;20;55;4651,10480;4649,43000;DOWN
2026-05-06 09:05:00;M5;20;55;4655,53779;4663,48000;UP
2026-05-06 09:10:00;M5;20;21;4660,40949;4660,37000;DOWN
2026-05-06 09:25:00;M5;20;21;4662,00512;4666,11000;UP
2026-05-06 10:05:00;M5;20;55;4668,05563;4666,89000;DOWN
2026-05-06 10:40:00;M5;20;21;4667,55503;4670,58000;UP
2026-05-06 10:45:00;M5;20;34;4675,20005;4675,29000;UP
2026-05-06 11:05:00;M5;20;55;4678,48173;4677,48000;DOWN
2026-05-06 11:25:00;M5;20;34;4678,64370;4677,01000;DOWN
2026-05-06 11:50:00;M5;20;21;4681,99650;4697,33000;UP
2026-05-06 13:05:00;M5;20;55;4699,28101;4696,54000;DOWN
2026-05-06 13:30:00;M5;20;21;4708,27530;4709,35000;UP
2026-05-06 13:45:00;M5;20;21;4712,91879;4710,48000;DOWN
2026-05-06 14:05:00;M5;20;21;4716,72178;4720,15000;UP
2026-05-06 14:25:00;M5;20;55;4712,90387;4705,67000;DOWN
2026-05-06 14:45:00;M5;20;89;4701,91912;4697,66000;DOWN
2026-05-06 16:30:00;M5;20;21;4688,64383;4697,87000;UP
2026-05-06 16:50:00;M5;20;34;4703,20078;4703,85000;UP
2026-05-06 17:50:00;M5;20;34;4703,48793;4701,34000;DOWN
2026-05-06 18:10:00;M5;20;21;4698,44674;4696,77000;DOWN
2026-05-06 20:55:00;M5;20;21;4682,80700;4684,05000;UP
2026-05-06 21:15:00;M5;20;34;4687,64507;4688,45000;UP
2026-05-06 21:40:00;M5;20;34;4686,72559;4686,23000;DOWN
2026-05-06 21:45:00;M5;20;34;4685,89824;4687,01000;UP
2026-05-06 22:15:00;M5;20;55;4695,80662;4696,60000;UP
2026-05-06 22:55:00;M5;20;55;4693,94052;4692,44000;DOWN
2026-05-06 23:05:00;M5;20;55;4693,44727;4696,60000;UP
2026-05-06 23:25:00;M5;20;55;4693,03394;4692,61000;DOWN
2026-05-07 01:10:00;M5;20;21;4695,38539;4697,21000;UP
2026-05-07 01:25:00;M5;20;21;4696,65602;4695,52000;DOWN
2026-05-07 01:45:00;M5;20;21;4697,50917;4697,55000;UP
2026-05-07 02:05:00;M5;20;21;4698,12363;4697,42000;DOWN
2026-05-07 02:25:00;M5;20;34;4694,22240;4693,32000;DOWN
2026-05-07 02:55:00;M5;20;21;4697,92496;4698,95000;UP
2026-05-07 03:05:00;M5;20;34;4696,22402;4695,04000;DOWN
2026-05-07 03:25:00;M5;20;55;4693,28775;4692,43000;DOWN
2026-05-07 04:10:00;M5;20;21;4697,56812;4709,68000;UP
2026-05-07 04:25:00;M5;20;89;4706,85195;4704,10000;DOWN
2026-05-07 04:45:00;M5;20;89;4706,61138;4718,88000;UP
2026-05-07 05:10:00;M5;20;89;4706,45783;4704,08000;DOWN
2026-05-07 05:25:00;M5;20;34;4704,81867;4702,80000;DOWN
2026-05-07 06:00:00;M5;20;21;4709,02157;4709,33000;UP
2026-05-07 06:10:00;M5;20;89;4706,35674;4705,87000;DOWN
2026-05-07 06:55:00;M5;20;55;4704,01429;4699,08000;DOWN
2026-05-07 08:10:00;M5;20;21;4699,33835;4700,35000;UP
2026-05-07 08:35:00;M5;20;34;4703,87686;4705,10000;UP
2026-05-07 08:25:00;M5;20;21;4698,23669;4695,86000;DOWN
2026-05-07 08:45:00;M5;20;21;4697,84464;4704,88000;UP
2026-05-07 08:55:00;M5;20;55;4704,41366;4701,00000;DOWN
2026-05-07 09:05:00;M5;20;34;4703,32170;4707,76000;UP
2026-05-07 11:10:00;M5;20;21;4742,86908;4742,60000;DOWN
2026-05-07 12:00:00;M5;20;55;4726,46379;4726,38000;DOWN
2026-05-07 12:05:00;M5;20;55;4728,91906;4732,79000;UP
2026-05-07 12:55:00;M5;20;55;4732,95037;4729,04000;DOWN
2026-05-07 13:10:00;M5;20;55;4734,47011;4734,86000;UP
2026-05-07 13:25:00;M5;20;55;4735,89960;4732,49000;DOWN
2026-05-07 14:35:00;M5;20;21;4734,89580;4735,29000;UP
2026-05-07 14:55:00;M5;20;55;4740,62437;4742,78000;UP
2026-05-07 15:10:00;M5;20;34;4743,57941;4744,14000;UP
2026-05-07 15:05:00;M5;20;55;4741,93338;4740,69000;DOWN
2026-05-07 15:25:00;M5;20;21;4738,20466;4738,41000;UP
2026-05-07 15:25:00;M5;20;34;4743,79001;4738,41000;DOWN
2026-05-07 15:45:00;M5;20;34;4744,44929;4752,00000;UP
2026-05-07 16:00:00;M5;20;55;4744,98318;4738,88000;DOWN
2026-05-07 16:20:00;M5;20;21;4742,97737;4744,74000;UP
2026-05-07 16:10:00;M5;20;89;4738,03208;4733,48000;DOWN
2026-05-07 16:30:00;M5;20;34;4745,69392;4756,03000;UP
2026-05-07 16:25:00;M5;20;21;4745,51319;4745,30000;DOWN
2026-05-07 16:45:00;M5;20;55;4749,38209;4742,54000;DOWN
2026-05-07 17:10:00;M5;20;21;4749,46934;4751,87000;UP
2026-05-07 17:30:00;M5;20;55;4752,00495;4749,32000;DOWN
2026-05-07 17:45:00;M5;20;21;4754,48462;4758,30000;UP
2026-05-07 18:20:00;M5;20;89;4748,02192;4747,15000;DOWN
2026-05-07 20:55:00;M5;20;21;4706,67519;4711,54000;UP
2026-05-07 22:05:00;M5;20;34;4709,14520;4709,89000;UP
2026-05-07 22:25:00;M5;20;34;4706,10092;4705,09000;DOWN
2026-05-07 22:45:00;M5;20;34;4703,18235;4708,34000;UP
2026-05-07 23:35:00;M5;20;34;4698,81085;4698,53000;DOWN
2026-05-07 23:45:00;M5;20;21;4699,31236;4702,35000;UP
2026-05-08 01:05:00;M5;20;34;4694,01271;4691,35000;DOWN
2026-05-08 01:25:00;M5;20;34;4691,86872;4693,81000;UP
2026-05-08 01:45:00;M5;20;34;4689,73573;4683,89000;DOWN
2026-05-08 02:05:00;M5;20;21;4689,75555;4691,29000;UP
2026-05-08 02:25:00;M5;20;55;4695,62507;4696,39000;UP
2026-05-08 04:00:00;M5;20;89;4710,11504;4712,90000;UP
2026-05-08 05:35:00;M5;20;21;4715,55498;4711,37000;DOWN
2026-05-08 06:10:00;M5;20;21;4719,61468;4720,07000;UP
2026-05-08 06:25:00;M5;20;21;4721,70231;4720,34000;DOWN
2026-05-08 07:10:00;M5;20;34;4717,10147;4714,89000;DOWN
2026-05-08 08:25:00;M5;20;21;4719,05356;4719,37000;UP
2026-05-08 09:10:00;M5;20;34;4723,25392;4722,90000;DOWN
2026-05-08 09:25:00;M5;20;34;4724,66253;4733,54000;UP
2026-05-08 09:45:00;M5;20;34;4725,87082;4725,11000;DOWN
2026-05-08 10:10:00;M5;20;55;4718,20594;4715,28000;DOWN
2026-05-08 10:25:00;M5;20;89;4706,58656;4706,50000;DOWN
2026-05-08 10:45:00;M5;20;89;4707,15633;4712,52000;UP
2026-05-08 11:20:00;M5;20;21;4718,46826;4720,01000;UP
2026-05-08 11:35:00;M5;20;55;4721,29502;4721,39000;UP
2026-05-08 11:25:00;M5;20;21;4717,25583;4716,88000;DOWN
2026-05-08 11:45:00;M5;20;21;4716,27640;4718,78000;UP
2026-05-08 11:45:00;M5;20;55;4721,56460;4718,78000;DOWN
2026-05-08 12:20:00;M5;20;34;4720,04675;4720,59000;UP
2026-05-08 12:25:00;M5;20;34;4719,36809;4718,06000;DOWN
2026-05-08 12:50:00;M5;20;89;4710,53709;4709,64000;DOWN
2026-05-08 13:10:00;M5;20;21;4713,69814;4718,82000;UP
2026-05-08 13:30:00;M5;20;55;4721,79284;4722,33000;UP
2026-05-08 13:45:00;M5;20;55;4721,83575;4719,64000;DOWN
2026-05-08 14:05:00;M5;20;55;4721,95303;4724,67000;UP
2026-05-08 14:40:00;M5;20;55;4722,12461;4721,08000;DOWN
2026-05-08 15:00:00;M5;20;89;4714,85850;4713,25000;DOWN
2026-05-08 15:30:00;M5;20;21;4719,96414;4723,31000;UP
2026-05-08 16:05:00;M5;20;55;4721,84013;4720,32000;DOWN
2026-05-08 16:25:00;M5;20;21;4724,38571;4727,21000;UP
2026-05-08 17:20:00;M5;20;34;4726,50782;4725,74000;DOWN
2026-05-08 17:25:00;M5;20;89;4721,93373;4717,49000;DOWN
2026-05-08 19:25:00;M5;20;21;4713,56807;4717,61000;UP
2026-05-08 20:15:00;M5;20;34;4717,63964;4718,65000;UP
2026-05-08 20:25:00;M5;20;55;4720,15402;4720,62000;UP
2026-05-08 20:50:00;M5;20;89;4721,85255;4721,96000;UP
2026-05-08 21:55:00;M5;20;89;4722,04279;4721,88000;DOWN
2026-05-08 22:05:00;M5;20;89;4722,23424;4724,67000;UP
2026-05-08 22:30:00;M5;20;21;4723,47645;4722,98000;DOWN
2026-05-08 22:50:00;M5;20;21;4724,71627;4724,84000;UP
2026-05-08 23:05:00;M5;20;89;4722,78834;4721,62000;DOWN
2026-05-11 02:25:00;M5;20;21;4693,67323;4694,60000;UP
2026-05-11 03:00:00;M5;20;21;4690,20442;4687,34000;DOWN
2026-05-11 03:25:00;M5;20;21;4682,62371;4683,52000;UP
2026-05-11 04:00:00;M5;20;34;4690,62086;4691,33000;UP
2026-05-11 04:20:00;M5;20;55;4697,67659;4703,07000;UP
2026-05-11 04:35:00;M5;20;55;4695,76665;4695,40000;DOWN
2026-05-11 04:45:00;M5;20;55;4693,87664;4695,05000;UP
2026-05-11 05:05:00;M5;20;55;4691,96572;4683,90000;DOWN
2026-05-11 05:30:00;M5;20;55;4690,48130;4691,99000;UP
2026-05-11 05:45:00;M5;20;55;4688,86609;4685,35000;DOWN
2026-05-11 06:05:00;M5;20;21;4685,57767;4686,23000;UP
2026-05-11 06:35:00;M5;20;55;4685,75427;4683,93000;DOWN
2026-05-11 06:50:00;M5;20;34;4679,88141;4677,34000;DOWN
2026-05-11 08:20:00;M5;20;21;4674,40735;4675,10000;UP
2026-05-11 08:30:00;M5;20;55;4674,20509;4678,60000;UP
2026-05-11 08:25:00;M5;20;34;4673,57608;4670,66000;DOWN
2026-05-11 08:45:00;M5;20;55;4671,95180;4660,87000;DOWN
2026-05-11 09:15:00;M5;20;21;4665,69613;4670,39000;UP
2026-05-11 09:25:00;M5;20;55;4668,27783;4667,31000;DOWN
2026-05-11 09:45:00;M5;20;34;4667,33134;4673,85000;UP
2026-05-11 10:05:00;M5;20;89;4675,89439;4674,54000;DOWN
2026-05-11 10:25:00;M5;20;89;4674,37422;4675,79000;UP
2026-05-11 10:45:00;M5;20;89;4672,89176;4667,53000;DOWN
2026-05-11 11:10:00;M5;20;21;4669,24677;4671,97000;UP
2026-05-11 11:05:00;M5;20;34;4666,69804;4664,81000;DOWN
2026-05-11 11:25:00;M5;20;34;4666,65698;4671,77000;UP
2026-05-11 11:35:00;M5;20;89;4670,27305;4670,11000;DOWN
2026-05-11 11:45:00;M5;20;89;4669,02871;4670,91000;UP
2026-05-11 11:50:00;M5;20;21;4670,28677;4668,79000;DOWN
2026-05-11 12:05:00;M5;20;89;4667,76038;4667,64000;DOWN
2026-05-11 12:40:00;M5;20;55;4662,86992;4662,90000;UP
2026-05-11 12:45:00;M5;20;55;4661,91679;4661,89000;DOWN
2026-05-11 13:20:00;M5;20;21;4663,44906;4665,30000;UP
2026-05-11 17:05:00;M5;20;21;4725,64718;4724,36000;DOWN
2026-05-11 18:40:00;M5;20;34;4728,43658;4727,30000;DOWN
2026-05-11 19:40:00;M5;20;55;4717,89510;4711,30000;DOWN
2026-05-11 21:05:00;M5;20;21;4723,84663;4725,77000;UP
2026-05-11 22:50:00;M5;20;34;4732,93161;4734,01000;UP
2026-05-12 01:45:00;M5;20;55;4745,76058;4752,01000;UP
2026-05-12 03:20:00;M5;20;21;4759,81062;4759,81000;DOWN
2026-05-12 04:00:00;M5;20;89;4748,47536;4743,62000;DOWN
2026-05-12 04:05:00;M5;20;89;4751,06058;4752,32000;UP
2026-05-12 04:25:00;M5;20;89;4753,07177;4735,14000;DOWN
2026-05-12 06:10:00;M5;20;21;4728,44886;4731,13000;UP
2026-05-12 06:25:00;M5;20;21;4724,14549;4723,88000;DOWN
2026-05-12 06:45:00;M5;20;21;4720,43672;4720,49000;UP
2026-05-12 07:50:00;M5;20;21;4716,31309;4713,48000;DOWN
2026-05-12 08:25:00;M5;20;21;4713,77422;4715,28000;UP
2026-05-12 09:00:00;M5;20;21;4712,56043;4706,68000;DOWN
2026-05-12 10:30:00;M5;20;21;4698,17984;4699,69000;UP
2026-05-12 10:45:00;M5;20;34;4698,99339;4699,72000;UP
2026-05-12 12:25:00;M5;20;55;4699,37321;4699,62000;UP
2026-05-12 12:50:00;M5;20;55;4697,48819;4697,08000;DOWN
2026-05-12 13:05:00;M5;20;55;4695,90854;4707,71000;UP
2026-05-12 13:35:00;M5;20;55;4694,23027;4686,52000;DOWN
2026-05-12 13:45:00;M5;20;34;4691,16896;4691,31000;UP
2026-05-12 14:15:00;M5;20;21;4694,87852;4697,88000;UP
2026-05-12 15:20:00;M5;20;21;4698,90221;4696,88000;DOWN
2026-05-12 15:35:00;M5;20;21;4700,40151;4701,63000;UP
2026-05-12 15:30:00;M5;20;34;4695,12591;4692,93000;DOWN
2026-05-12 15:45:00;M5;20;34;4696,57053;4707,19000;UP
2026-05-12 16:00:00;M5;20;21;4701,87192;4696,18000;DOWN
2026-05-12 16:05:00;M5;20;89;4702,19938;4695,43000;DOWN
2026-05-12 16:35:00;M5;20;34;4696,94930;4698,06000;UP
2026-05-12 16:55:00;M5;20;55;4689,04152;4679,05000;DOWN
2026-05-12 17:05:00;M5;20;55;4688,40707;4691,50000;UP
2026-05-12 17:25:00;M5;20;55;4687,69564;4683,18000;DOWN
2026-05-12 19:00:00;M5;20;21;4669,67232;4670,84000;UP
2026-05-12 20:00:00;M5;20;34;4671,29302;4676,26000;UP
2026-05-12 20:05:00;M5;20;89;4677,68381;4678,39000;UP
2026-05-12 23:45:00;M5;20;21;4717,48328;4715,16000;DOWN
2026-05-13 02:25:00;M5;20;34;4720,28331;4720,17000;DOWN
2026-05-13 03:00:00;M5;20;34;4722,86630;4724,73000;UP
2026-05-13 03:05:00;M5;20;34;4725,26020;4721,08000;DOWN
2026-05-13 04:00:00;M5;20;55;4713,27473;4711,65000;DOWN
2026-05-13 05:05:00;M5;20;89;4699,85577;4699,61000;DOWN
2026-05-13 06:25:00;M5;20;21;4694,90180;4700,55000;UP
2026-05-13 06:45:00;M5;20;89;4702,58089;4702,57000;DOWN
2026-05-13 07:35:00;M5;20;34;4701,34025;4701,75000;UP
2026-05-13 08:00:00;M5;20;89;4703,75373;4706,43000;UP
2026-05-13 07:55:00;M5;20;34;4699,66221;4699,55000;DOWN
2026-05-13 08:05:00;M5;20;34;4698,28371;4704,45000;UP
2026-05-13 08:15:00;M5;20;89;4704,18473;4701,25000;DOWN
2026-05-13 08:40:00;M5;20;34;4697,23871;4696,70000;DOWN
2026-05-13 08:45:00;M5;20;34;4696,61657;4698,43000;UP
2026-05-13 09:50:00;M5;20;89;4707,15968;4702,57000;DOWN
2026-05-13 10:05:00;M5;20;34;4699,84292;4698,58000;DOWN
2026-05-13 10:25:00;M5;20;21;4707,31627;4707,57000;UP
2026-05-13 10:45:00;M5;20;55;4705,45632;4703,53000;DOWN
2026-05-13 12:45:00;M5;20;21;4696,31276;4696,83000;UP
2026-05-13 13:05:00;M5;20;89;4707,35252;4708,73000;UP
2026-05-13 13:25:00;M5;20;89;4706,74280;4699,62000;DOWN
2026-05-13 13:55:00;M5;20;21;4694,52869;4694,15000;DOWN
2026-05-13 14:10:00;M5;20;21;4694,35209;4699,03000;UP
2026-05-13 14:35:00;M5;20;89;4704,74835;4704,88000;UP
2026-05-13 14:45:00;M5;20;89;4704,13954;4702,35000;DOWN
2026-05-13 15:10:00;M5;20;55;4696,95374;4693,95000;DOWN
2026-05-13 16:10:00;M5;20;21;4689,71440;4689,86000;UP
2026-05-13 16:25:00;M5;20;34;4689,54600;4688,68000;DOWN
2026-05-13 17:10:00;M5;20;21;4680,23061;4681,24000;UP
2026-05-13 17:25:00;M5;20;34;4683,20242;4684,23000;UP
2026-05-13 17:45:00;M5;20;55;4686,08644;4681,50000;DOWN
2026-05-13 18:05:00;M5;20;34;4680,57751;4688,34000;UP
2026-05-13 18:30:00;M5;20;89;4691,41514;4695,29000;UP
2026-05-13 20:20:00;M5;20;21;4697,79529;4697,51000;DOWN
2026-05-13 20:50:00;M5;20;89;4689,79917;4688,83000;DOWN
2026-05-13 21:10:00;M5;20;34;4691,52811;4692,43000;UP
2026-05-13 21:40:00;M5;20;89;4689,45521;4686,06000;DOWN
2026-05-13 22:10:00;M5;20;55;4687,63126;4689,11000;UP
2026-05-13 22:25:00;M5;20;89;4688,35022;4687,17000;DOWN
2026-05-13 22:45:00;M5;20;21;4688,61003;4689,25000;UP
2026-05-13 23:20:00;M5;20;34;4691,66886;4692,80000;UP
2026-05-13 23:25:00;M5;20;34;4691,55077;4691,30000;DOWN
2026-05-14 01:10:00;M5;20;34;4691,08298;4691,13000;UP
2026-05-14 02:30:00;M5;20;21;4696,65657;4695,30000;DOWN
2026-05-14 03:00:00;M5;20;55;4692,37911;4691,76000;DOWN
2026-05-14 03:15:00;M5;20;21;4699,36271;4701,11000;UP
2026-05-14 03:35:00;M5;20;34;4696,39861;4695,52000;DOWN
2026-05-14 03:45:00;M5;20;21;4701,14096;4703,64000;UP
2026-05-14 04:05:00;M5;20;89;4689,61301;4688,35000;DOWN
2026-05-14 04:25:00;M5;20;89;4689,95740;4692,73000;UP
2026-05-14 04:50:00;M5;20;89;4690,20023;4685,70000;DOWN
2026-05-14 05:05:00;M5;20;89;4690,37891;4690,91000;UP
2026-05-14 05:25:00;M5;20;21;4693,12841;4693,54000;UP
2026-05-14 05:45:00;M5;20;89;4690,67970;4682,62000;DOWN
2026-05-14 06:25:00;M5;20;21;4686,72124;4691,40000;UP
2026-05-14 06:45:00;M5;20;89;4690,16988;4676,88000;DOWN
2026-05-14 07:10:00;M5;20;21;4680,90890;4682,14000;UP
2026-05-14 07:25:00;M5;20;55;4691,21271;4702,34000;UP
2026-05-14 08:55:00;M5;20;89;4690,92770;4689,60000;DOWN
2026-05-14 09:40:00;M5;20;21;4695,36810;4699,01000;UP
2026-05-14 09:45:00;M5;20;21;4696,53041;4695,46000;DOWN
2026-05-14 10:05:00;M5;20;21;4697,76574;4699,09000;UP
2026-05-14 10:55:00;M5;20;89;4693,05546;4693,03000;DOWN
2026-05-14 11:05:00;M5;20;34;4697,23352;4697,42000;UP
2026-05-14 11:25:00;M5;20;21;4701,64712;4703,08000;UP
2026-05-14 11:40:00;M5;20;34;4698,52886;4696,90000;DOWN
2026-05-14 11:55:00;M5;20;89;4694,34350;4693,29000;DOWN
2026-05-14 12:05:00;M5;20;55;4696,09763;4696,44000;UP
2026-05-14 12:25:00;M5;20;89;4694,98374;4690,68000;DOWN
2026-05-14 12:45:00;M5;20;21;4698,62000;4700,38000;UP
2026-05-14 13:20:00;M5;20;89;4695,52329;4694,37000;DOWN
2026-05-14 13:25:00;M5;20;21;4697,13261;4697,56000;UP
2026-05-14 13:45:00;M5;20;89;4695,95312;4692,89000;DOWN
2026-05-14 14:05:00;M5;20;21;4696,01197;4697,18000;UP
2026-05-14 14:25:00;M5;20;89;4696,27346;4691,95000;DOWN
2026-05-14 14:45:00;M5;20;21;4695,24006;4698,08000;UP
2026-05-14 15:05:00;M5;20;55;4698,08900;4697,12000;DOWN
2026-05-14 15:25:00;M5;20;34;4698,24575;4703,02000;UP
2026-05-14 16:00:00;M5;20;55;4699,12878;4697,43000;DOWN
2026-05-14 16:05:00;M5;20;21;4699,86040;4701,38000;UP
2026-05-14 16:15:00;M5;20;89;4697,47813;4693,33000;DOWN
2026-05-14 16:25:00;M5;20;55;4699,25901;4688,23000;DOWN
2026-05-14 17:15:00;M5;20;21;4692,79911;4694,60000;UP
2026-05-14 17:30:00;M5;20;21;4690,99245;4688,22000;DOWN
2026-05-14 18:15:00;M5;20;21;4686,70338;4687,49000;UP
2026-05-14 18:40:00;M5;20;21;4684,90475;4682,55000;DOWN
2026-05-14 18:50:00;M5;20;21;4683,46284;4684,65000;UP
2026-05-14 19:05:00;M5;20;21;4682,01199;4677,15000;DOWN
2026-05-14 19:55:00;M5;20;21;4678,22732;4678,49000;UP
2026-05-14 20:40:00;M5;20;34;4679,40095;4681,35000;UP
2026-05-14 21:00:00;M5;20;34;4677,98510;4670,04000;DOWN
2026-05-14 21:15:00;M5;20;21;4675,15498;4675,77000;UP
2026-05-14 21:25:00;M5;20;21;4673,92919;4673,47000;DOWN
2026-05-14 23:50:00;M5;20;21;4651,06186;4651,13000;UP
2026-05-15 01:05:00;M5;20;34;4654,84440;4655,85000;UP
2026-05-15 01:30:00;M5;20;55;4660,01262;4660,57000;UP
2026-05-15 02:30:00;M5;20;55;4654,92386;4651,09000;DOWN
2026-05-15 02:45:00;M5;20;55;4653,50990;4654,42000;UP
2026-05-15 03:00:00;M5;20;34;4650,05255;4649,44000;DOWN
2026-05-15 03:15:00;M5;20;21;4651,82856;4654,00000;UP
2026-05-15 03:05:00;M5;20;55;4652,18802;4650,70000;DOWN
2026-05-15 03:25:00;M5;20;34;4646,86935;4630,13000;DOWN
2026-05-15 05:05:00;M5;20;21;4617,67985;4618,16000;UP
2026-05-15 05:50:00;M5;20;34;4618,71268;4620,77000;UP
2026-05-15 06:15:00;M5;20;34;4615,47857;4614,68000;DOWN
2026-05-15 06:25:00;M5;20;34;4612,60219;4612,77000;UP
2026-05-15 07:05:00;M5;20;55;4613,93636;4621,41000;UP
2026-05-15 07:25:00;M5;20;55;4611,51656;4610,79000;DOWN
2026-05-15 07:45:00;M5;20;34;4603,95136;4609,61000;UP
2026-05-15 07:55:00;M5;20;21;4605,76901;4605,76000;DOWN
2026-05-15 08:05:00;M5;20;55;4606,21825;4593,12000;DOWN
2026-05-15 09:25:00;M5;20;21;4572,78269;4575,07000;UP
2026-05-15 10:05:00;M5;20;34;4572,27893;4575,97000;UP
2026-05-15 10:50:00;M5;20;55;4572,87297;4570,58000;DOWN
2026-05-15 11:05:00;M5;20;21;4561,21480;4566,43000;UP
2026-05-15 11:25:00;M5;20;34;4561,73724;4558,35000;DOWN
2026-05-15 11:45:00;M5;20;21;4556,93138;4562,23000;UP
2026-05-15 12:10:00;M5;20;34;4554,30695;4547,25000;DOWN
2026-05-15 12:25:00;M5;20;21;4550,62931;4553,38000;UP
2026-05-15 12:45:00;M5;20;34;4546,91684;4537,97000;DOWN
2026-05-15 13:05:00;M5;20;21;4545,16967;4558,50000;UP
2026-05-15 13:45:00;M5;20;89;4555,40689;4559,54000;UP
2026-05-15 15:00:00;M5;20;21;4551,63550;4550,14000;DOWN
2026-05-15 15:05:00;M5;20;21;4552,03262;4553,08000;UP
2026-05-15 15:30:00;M5;20;21;4551,70961;4549,50000;DOWN
2026-05-15 15:50:00;M5;20;21;4550,79809;4554,26000;UP
2026-05-15 16:05:00;M5;20;89;4538,48806;4538,23000;DOWN
2026-05-15 16:25:00;M5;20;21;4547,04356;4548,87000;UP
2026-05-15 16:35:00;M5;20;55;4534,13557;4528,51000;DOWN
2026-05-15 16:50:00;M5;20;55;4532,78485;4534,58000;UP
2026-05-15 16:45:00;M5;20;89;4533,93623;4528,80000;DOWN
2026-05-15 17:10:00;M5;20;21;4541,72849;4543,39000;UP
2026-05-15 18:20:00;M5;20;21;4547,00797;4545,76000;DOWN
2026-05-15 18:30:00;M5;20;34;4544,86719;4543,68000;DOWN
2026-05-15 19:05:00;M5;20;55;4533,83361;4531,36000;DOWN
2026-05-15 19:30:00;M5;20;21;4543,66727;4543,98000;UP
2026-05-15 19:50:00;M5;20;21;4543,08744;4542,68000;DOWN
2026-05-15 20:05:00;M5;20;21;4544,07378;4554,60000;UP
2026-05-15 22:00:00;M5;20;21;4556,84997;4554,28000;DOWN
2026-05-15 22:05:00;M5;20;34;4552,85247;4551,74000;DOWN
2026-05-15 22:35:00;M5;20;34;4553,93590;4554,77000;UP
2026-05-15 23:00:00;M5;20;55;4545,31480;4539,95000;DOWN
2026-05-18 01:05:00;M5;20;21;4544,55213;4552,86000;UP
2026-05-18 01:25:00;M5;20;55;4545,59684;4541,06000;DOWN
2026-05-18 01:45:00;M5;20;21;4542,65958;4551,78000;UP
2026-05-18 02:05:00;M5;20;55;4545,59846;4541,54000;DOWN
2026-05-18 02:50:00;M5;20;21;4539,15557;4541,23000;UP
2026-05-18 03:05:00;M5;20;89;4530,57441;4523,74000;DOWN
2026-05-18 04:30:00;M5;20;21;4508,57181;4509,96000;UP
2026-05-18 04:45:00;M5;20;34;4516,92412;4528,21000;UP
2026-05-18 07:25:00;M5;20;21;4539,90179;4532,63000;DOWN
2026-05-18 08:25:00;M5;20;21;4547,93592;4548,70000;UP
2026-05-18 08:55:00;M5;20;34;4535,95881;4530,89000;DOWN
2026-05-18 09:20:00;M5;20;34;4538,00610;4543,30000;UP
2026-05-18 09:25:00;M5;20;34;4539,67940;4537,52000;DOWN
2026-05-18 09:50:00;M5;20;21;4544,22339;4545,94000;UP
2026-05-18 10:15:00;M5;20;34;4542,89972;4541,95000;DOWN
2026-05-18 10:25:00;M5;20;21;4544,56124;4550,52000;UP
2026-05-18 10:45:00;M5;20;34;4546,07131;4543,90000;DOWN
2026-05-18 11:10:00;M5;20;21;4545,99176;4546,57000;UP
2026-05-18 11:25:00;M5;20;34;4548,29821;4547,94000;DOWN
2026-05-18 11:45:00;M5;20;34;4549,33872;4552,27000;UP
2026-05-18 12:00:00;M5;20;21;4548,42996;4542,47000;DOWN
2026-05-18 12:05:00;M5;20;34;4550,01607;4547,07000;DOWN
2026-05-18 12:45:00;M5;20;55;4544,32375;4541,48000;DOWN
2026-05-18 13:30:00;M5;20;89;4535,47259;4532,77000;DOWN
2026-05-18 13:45:00;M5;20;89;4536,00300;4543,05000;UP
2026-05-18 14:05:00;M5;20;89;4536,46688;4532,56000;DOWN
2026-05-18 14:35:00;M5;20;21;4542,93532;4555,69000;UP
2026-05-18 15:15:00;M5;20;55;4548,12114;4547,37000;DOWN
2026-05-18 15:25:00;M5;20;55;4548,94412;4550,67000;UP
2026-05-18 17:00:00;M5;20;21;4567,56109;4565,42000;DOWN
2026-05-18 17:20:00;M5;20;34;4561,97067;4559,24000;DOWN
2026-05-18 17:30:00;M5;20;89;4549,62936;4549,49000;DOWN
2026-05-18 19:10:00;M5;20;21;4548,48500;4548,57000;UP
2026-05-18 19:25:00;M5;20;21;4544,84854;4536,92000;DOWN
2026-05-18 19:45:00;M5;20;21;4542,58654;4548,29000;UP
2026-05-18 20:10:00;M5;20;89;4554,12379;4553,21000;DOWN
2026-05-18 20:30:00;M5;20;34;4551,57404;4548,93000;DOWN
2026-05-18 21:15:00;M5;20;21;4543,71885;4542,60000;DOWN
2026-05-18 22:00:00;M5;20;21;4542,34262;4553,47000;UP
2026-05-18 22:05:00;M5;20;89;4553,66589;4557,12000;UP
2026-05-18 22:15:00;M5;20;55;4551,65470;4551,57000;DOWN
2026-05-18 22:25:00;M5;20;55;4551,09521;4551,68000;UP
2026-05-18 22:25:00;M5;20;89;4553,58648;4551,68000;DOWN
2026-05-18 22:45:00;M5;20;89;4553,63279;4561,26000;UP
2026-05-19 02:45:00;M5;20;21;4585,08689;4583,41000;DOWN
2026-05-19 03:20:00;M5;20;34;4576,75244;4574,71000;DOWN
2026-05-19 03:50:00;M5;20;89;4566,48948;4566,32000;DOWN
2026-05-19 04:35:00;M5;20;89;4568,24249;4568,28000;UP
2026-05-19 04:45:00;M5;20;89;4568,87526;4566,41000;DOWN
2026-05-19 06:35:00;M5;20;21;4550,49679;4554,64000;UP
2026-05-19 06:45:00;M5;20;21;4547,60837;4547,06000;DOWN
2026-05-19 07:45:00;M5;20;21;4539,31451;4540,57000;UP
2026-05-19 08:20:00;M5;20;21;4537,56588;4535,31000;DOWN
2026-05-19 08:25:00;M5;20;21;4536,36862;4538,56000;UP
2026-05-19 08:55:00;M5;20;34;4540,75916;4540,78000;UP
2026-05-19 08:45:00;M5;20;21;4535,74146;4533,54000;DOWN
2026-05-19 09:05:00;M5;20;21;4536,57365;4537,75000;UP
2026-05-19 09:05:00;M5;20;34;4539,14861;4537,75000;DOWN
2026-05-19 09:25:00;M5;20;34;4538,47619;4547,79000;UP
2026-05-19 09:45:00;M5;20;55;4550,36265;4543,12000;DOWN
2026-05-19 10:05:00;M5;20;55;4548,92278;4552,87000;UP
2026-05-19 10:30:00;M5;20;55;4547,50230;4544,08000;DOWN
2026-05-19 10:45:00;M5;20;21;4546,53212;4550,95000;UP
2026-05-19 11:05:00;M5;20;89;4555,63999;4544,31000;DOWN
2026-05-19 11:25:00;M5;20;34;4540,87607;4538,32000;DOWN
2026-05-19 11:45:00;M5;20;34;4541,29587;4545,99000;UP
2026-05-19 12:05:00;M5;20;55;4542,38433;4540,57000;DOWN
2026-05-19 12:50:00;M5;20;34;4541,28626;4543,18000;UP
2026-05-19 13:15:00;M5;20;55;4539,55620;4539,46000;DOWN
2026-05-19 13:30:00;M5;20;21;4540,64577;4541,33000;UP
2026-05-19 13:45:00;M5;20;55;4538,27478;4532,81000;DOWN
2026-05-19 14:05:00;M5;20;21;4539,80115;4541,33000;UP
2026-05-19 14:25:00;M5;20;34;4540,85005;4539,29000;DOWN
2026-05-19 14:45:00;M5;20;21;4537,97246;4539,89000;UP
2026-05-19 14:50:00;M5;20;55;4536,96682;4534,85000;DOWN
2026-05-19 15:05:00;M5;20;34;4539,14367;4542,14000;UP
2026-05-19 15:25:00;M5;20;89;4543,13465;4543,50000;UP
2026-05-19 15:40:00;M5;20;34;4538,58827;4537,36000;DOWN
2026-05-19 15:45:00;M5;20;34;4538,03925;4539,41000;UP
2026-05-19 15:45:00;M5;20;89;4542,09126;4539,41000;DOWN
2026-05-19 16:05:00;M5;20;34;4536,45411;4522,64000;DOWN
2026-05-19 18:00:00;M5;20;21;4495,04162;4496,67000;UP
2026-05-19 18:30:00;M5;20;34;4500,94559;4503,72000;UP
2026-05-19 19:25:00;M5;20;55;4504,28030;4508,73000;UP
2026-05-19 20:45:00;M5;20;21;4502,86450;4500,75000;DOWN
2026-05-19 21:50:00;M5;20;55;4494,40950;4493,86000;DOWN
2026-05-19 22:05:00;M5;20;55;4492,94132;4495,46000;UP
2026-05-19 22:15:00;M5;20;34;4493,21268;4492,77000;DOWN
2026-05-19 22:25:00;M5;20;55;4491,31239;4486,98000;DOWN
2026-05-19 23:25:00;M5;20;55;4485,86867;4486,29000;UP
2026-05-19 23:45:00;M5;20;55;4484,08474;4483,06000;DOWN
2026-05-20 01:05:00;M5;20;21;4480,68028;4484,56000;UP
2026-05-20 01:25:00;M5;20;55;4480,76354;4479,45000;DOWN
2026-05-20 01:45:00;M5;20;34;4482,19426;4482,23000;UP
2026-05-20 02:10:00;M5;20;89;4484,40538;4486,32000;UP
2026-05-20 04:20:00;M5;20;34;4484,98119;4484,69000;DOWN
2026-05-20 04:25:00;M5;20;89;4477,21872;4473,59000;DOWN
2026-05-20 05:00:00;M5;20;34;4485,03852;4485,11000;UP
2026-05-20 05:15:00;M5;20;55;4479,44791;4477,27000;DOWN
2026-05-20 05:25:00;M5;20;55;4478,66367;4481,56000;UP
2026-05-20 05:30:00;M5;20;89;4474,70867;4470,45000;DOWN
2026-05-20 05:45:00;M5;20;55;4477,43544;4464,19000;DOWN
2026-05-20 07:00:00;M5;20;21;4464,85878;4468,68000;UP
2026-05-20 07:10:00;M5;20;89;4468,18621;4469,14000;UP
2026-05-20 07:25:00;M5;20;89;4466,88140;4465,26000;DOWN
2026-05-20 08:00:00;M5;20;34;4466,09479;4471,02000;UP
2026-05-20 08:45:00;M5;20;55;4465,47135;4465,38000;DOWN
2026-05-20 09:05:00;M5;20;55;4465,31052;4469,65000;UP
2026-05-20 09:30:00;M5;20;21;4467,91055;4466,85000;DOWN
2026-05-20 09:45:00;M5;20;21;4469,92401;4473,93000;UP
2026-05-20 11:05:00;M5;20;21;4479,30379;4478,85000;DOWN
2026-05-20 11:25:00;M5;20;21;4481,22008;4486,02000;UP
2026-05-20 11:45:00;M5;20;21;4482,89865;4481,64000;DOWN
2026-05-20 12:25:00;M5;20;34;4478,88053;4474,18000;DOWN
2026-05-20 12:50:00;M5;20;21;4486,06271;4489,41000;UP
2026-05-20 14:15:00;M5;20;21;4492,78224;4491,90000;DOWN
2026-05-20 14:25:00;M5;20;21;4494,69327;4499,95000;UP
2026-05-20 14:45:00;M5;20;34;4493,53332;4493,10000;DOWN
2026-05-20 15:05:00;M5;20;34;4495,36200;4497,55000;UP
2026-05-20 15:30:00;M5;20;21;4499,96780;4503,61000;UP
2026-05-20 15:50:00;M5;20;34;4498,91130;4498,62000;DOWN
2026-05-20 16:10:00;M5;20;21;4501,96426;4505,14000;UP
2026-05-20 16:25:00;M5;20;55;4493,25080;4489,32000;DOWN
2026-05-20 17:15:00;M5;20;21;4496,55438;4498,37000;UP
2026-05-20 17:05:00;M5;20;89;4480,52464;4476,18000;DOWN
2026-05-20 17:25:00;M5;20;89;4482,06400;4506,84000;UP
2026-05-20 19:05:00;M5;20;21;4533,64639;4533,43000;DOWN
2026-05-20 19:25:00;M5;20;34;4526,86190;4525,89000;DOWN
2026-05-20 19:45:00;M5;20;34;4530,02750;4532,26000;UP
2026-05-20 20:25:00;M5;20;34;4535,76222;4532,40000;DOWN
2026-05-20 21:35:00;M5;20;21;4542,63079;4542,91000;UP
2026-05-20 21:25:00;M5;20;55;4535,31320;4534,99000;DOWN
2026-05-20 21:45:00;M5;20;55;4537,86827;4539,76000;UP
2026-05-20 21:45:00;M5;20;34;4544,58587;4539,76000;DOWN
2026-05-20 22:10:00;M5;20;21;4543,84461;4543,85000;UP
2026-05-20 22:25:00;M5;20;21;4545,48402;4545,12000;DOWN
2026-05-20 22:50:00;M5;20;21;4546,95606;4547,97000;UP
2026-05-20 23:05:00;M5;20;55;4547,63059;4546,30000;DOWN
2026-05-21 01:15:00;M5;20;89;4538,87891;4537,78000;DOWN
2026-05-21 01:30:00;M5;20;89;4541,01976;4541,19000;UP
2026-05-21 01:45:00;M5;20;89;4542,96919;4541,30000;DOWN
2026-05-21 02:35:00;M5;20;21;4543,46497;4545,33000;UP
2026-05-21 03:00:00;M5;20;21;4543,20827;4542,41000;DOWN
2026-05-21 03:05:00;M5;20;21;4543,41510;4544,35000;UP
2026-05-21 03:35:00;M5;20;21;4543,50419;4542,38000;DOWN
2026-05-21 03:45:00;M5;20;21;4543,75563;4544,35000;UP
2026-05-21 04:05:00;M5;20;34;4548,21113;4549,50000;UP
2026-05-21 05:00:00;M5;20;55;4557,46878;4557,16000;DOWN
2026-05-21 05:05:00;M5;20;89;4558,24196;4555,91000;DOWN
2026-05-21 07:25:00;M5;20;21;4533,83330;4539,79000;UP
2026-05-21 08:15:00;M5;20;21;4529,79716;4527,12000;DOWN
2026-05-21 08:50:00;M5;20;21;4526,18924;4529,74000;UP
2026-05-21 09:20:00;M5;20;34;4531,93343;4534,27000;UP
2026-05-21 09:30:00;M5;20;34;4529,90538;4529,68000;DOWN
2026-05-21 10:50:00;M5;20;21;4519,07872;4520,89000;UP
2026-05-21 11:10:00;M5;20;55;4529,57662;4534,22000;UP
2026-05-21 13:25:00;M5;20;55;4524,20078;4518,05000;DOWN
2026-05-21 15:05:00;M5;20;21;4514,99032;4517,99000;UP
2026-05-21 15:25:00;M5;20;21;4512,12835;4507,13000;DOWN
2026-05-21 15:45:00;M5;20;21;4509,10037;4510,26000;UP
2026-05-21 16:05:00;M5;20;21;4505,64417;4504,74000;DOWN
2026-05-21 16:45:00;M5;20;21;4499,75885;4500,08000;UP
2026-05-21 17:05:00;M5;20;55;4508,50965;4505,11000;DOWN
2026-05-21 17:25:00;M5;20;34;4503,40662;4507,44000;UP
2026-05-21 17:45:00;M5;20;55;4505,91626;4504,16000;DOWN
2026-05-21 18:10:00;M5;20;55;4504,95434;4510,05000;UP
2026-05-21 18:25:00;M5;20;55;4504,21865;4503,37000;DOWN
2026-05-21 18:45:00;M5;20;55;4503,72940;4510,47000;UP
2026-05-21 20:05:00;M5;20;21;4517,96609;4517,96000;DOWN
2026-05-21 20:25:00;M5;20;21;4523,83076;4541,67000;UP
2026-05-21 21:35:00;M5;20;21;4544,63546;4543,40000;DOWN
2026-05-21 21:50:00;M5;20;34;4532,55581;4527,72000;DOWN
2026-05-21 22:05:00;M5;20;34;4536,34789;4536,63000;UP
2026-05-21 22:25:00;M5;20;34;4539,56926;4538,84000;DOWN
2026-05-21 22:55:00;M5;20;34;4542,41224;4543,06000;UP
2026-05-21 23:05:00;M5;20;34;4544,85642;4541,39000;DOWN
2026-05-22 02:15:00;M5;20;55;4542,23545;4541,51000;DOWN
2026-05-22 03:35:00;M5;20;21;4538,05853;4540,09000;UP
2026-05-22 03:50:00;M5;20;89;4532,01182;4529,10000;DOWN
2026-05-22 05:10:00;M5;20;21;4526,33138;4527,56000;UP
2026-05-22 05:30:00;M5;20;21;4523,97424;4520,01000;DOWN
2026-05-22 05:45:00;M5;20;21;4522,11047;4525,03000;UP
2026-05-22 06:20:00;M5;20;21;4520,54486;4520,52000;DOWN
2026-05-22 06:25:00;M5;20;21;4519,69566;4521,77000;UP
2026-05-22 08:35:00;M5;20;55;4529,66734;4533,69000;UP
2026-05-22 08:55:00;M5;20;55;4528,45793;4511,21000;DOWN
2026-05-22 09:05:00;M5;20;34;4521,21943;4522,74000;UP
2026-05-22 09:25:00;M5;20;21;4523,29702;4525,24000;UP
2026-05-22 10:10:00;M5;20;55;4523,88116;4522,40000;DOWN
2026-05-22 10:25:00;M5;20;21;4522,20212;4525,83000;UP
2026-05-22 10:35:00;M5;20;34;4520,82583;4517,25000;DOWN
2026-05-22 10:50:00;M5;20;34;4520,81897;4521,71000;UP
2026-05-22 10:45:00;M5;20;55;4521,97826;4518,50000;DOWN
2026-05-22 11:05:00;M5;20;21;4521,64759;4526,94000;UP
2026-05-22 11:30:00;M5;20;55;4520,88165;4519,99000;DOWN
2026-05-22 11:45:00;M5;20;21;4521,84593;4522,65000;UP
2026-05-22 12:10:00;M5;20;55;4519,96091;4517,26000;DOWN
2026-05-22 12:35:00;M5;20;21;4521,72243;4524,42000;UP
2026-05-22 12:45:00;M5;20;89;4527,38831;4528,47000;UP
2026-05-22 13:25:00;M5;20;89;4526,43169;4524,74000;DOWN
2026-05-22 14:40:00;M5;20;21;4520,58658;4521,67000;UP
2026-05-22 14:55:00;M5;20;34;4520,65591;4520,65000;DOWN
2026-05-22 15:10:00;M5;20;34;4520,90117;4529,24000;UP
2026-05-22 15:05:00;M5;20;21;4520,26463;4519,94000;DOWN
2026-05-22 15:25:00;M5;20;21;4520,63074;4521,71000;UP
2026-05-22 15:25:00;M5;20;89;4522,67440;4521,71000;DOWN
2026-05-22 15:55:00;M5;20;34;4521,47004;4528,25000;UP
2026-05-22 15:45:00;M5;20;21;4521,51519;4518,67000;DOWN
2026-05-22 16:05:00;M5;20;21;4522,53198;4531,72000;UP
2026-05-22 16:35:00;M5;20;89;4521,69929;4519,75000;DOWN
2026-05-22 18:05:00;M5;20;21;4507,59475;4510,94000;UP
2026-05-22 18:25:00;M5;20;89;4517,16604;4519,25000;UP
2026-05-22 18:45:00;M5;20;89;4516,49917;4514,88000;DOWN
2026-05-22 19:05:00;M5;20;89;4515,92788;4517,75000;UP
2026-05-22 19:40:00;M5;20;89;4515,49351;4514,94000;DOWN
2026-05-22 20:00:00;M5;20;89;4515,12760;4518,67000;UP
2026-05-22 19:45:00;M5;20;55;4513,77639;4513,55000;DOWN
2026-05-22 20:05:00;M5;20;55;4513,71373;4519,98000;UP
2026-05-22 20:15:00;M5;20;89;4514,82262;4514,82000;DOWN
2026-05-22 20:25:00;M5;20;89;4514,66581;4525,35000;UP
2026-05-22 21:00:00;M5;20;21;4518,06853;4515,55000;DOWN
2026-05-22 21:10:00;M5;20;89;4514,41911;4513,79000;DOWN
2026-05-22 21:25:00;M5;20;34;4514,51658;4515,35000;UP
2026-05-22 21:45:00;M5;20;89;4514,13272;4513,12000;DOWN
2026-05-25 01:05:00;M5;20;21;4511,81359;4554,14000;UP
2026-05-25 03:05:00;M5;20;21;4574,30729;4573,01000;DOWN
2026-05-25 04:05:00;M5;20;34;4569,17588;4562,05000;DOWN
2026-05-25 05:25:00;M5;20;55;4564,18075;4562,87000;DOWN
2026-05-25 07:20:00;M5;20;21;4562,23551;4564,03000;UP
2026-05-25 07:30:00;M5;20;21;4560,75813;4560,63000;DOWN
2026-05-25 07:45:00;M5;20;21;4560,17803;4563,90000;UP
2026-05-25 08:20:00;M5;20;89;4560,68127;4556,51000;DOWN
2026-05-25 09:45:00;M5;20;21;4556,56524;4557,66000;UP
2026-05-25 10:15:00;M5;20;34;4560,01175;4555,36000;DOWN
2026-05-25 10:30:00;M5;20;21;4556,17021;4559,04000;UP
2026-05-25 11:20:00;M5;20;34;4558,10971;4555,37000;DOWN
2026-05-25 12:25:00;M5;20;21;4558,43901;4558,87000;UP
2026-05-25 12:45:00;M5;20;55;4565,52467;4566,60000;UP
2026-05-25 14:15:00;M5;20;89;4574,75967;4574,83000;UP
2026-05-25 14:05:00;M5;20;21;4569,67001;4568,27000;DOWN
2026-05-25 14:30:00;M5;20;21;4572,13468;4573,28000;UP
2026-05-25 14:25:00;M5;20;89;4575,41237;4571,66000;DOWN
2026-05-25 15:00:00;M5;20;55;4567,06724;4564,55000;DOWN
2026-05-25 15:35:00;M5;20;55;4567,40703;4568,80000;UP
2026-05-25 15:45:00;M5;20;55;4567,54505;4566,23000;DOWN
2026-05-25 16:05:00;M5;20;55;4567,51330;4568,44000;UP
2026-05-25 16:25:00;M5;20;55;4567,40404;4561,85000;DOWN
2026-05-25 17:00:00;M5;20;21;4566,26470;4567,01000;UP
2026-05-25 17:05:00;M5;20;34;4568,75077;4569,61000;UP
2026-05-25 17:40:00;M5;20;55;4567,26030;4567,01000;DOWN
2026-05-25 17:45:00;M5;20;55;4567,36500;4568,20000;UP
2026-05-25 18:10:00;M5;20;34;4568,61052;4570,08000;UP
2026-05-25 18:05:00;M5;20;55;4567,59755;4566,72000;DOWN
2026-05-25 18:25:00;M5;20;55;4567,88918;4573,36000;UP
2026-05-25 19:25:00;M5;20;55;4569,05271;4568,18000;DOWN
2026-05-25 19:45:00;M5;20;21;4570,42844;4572,89000;UP
2026-05-25 20:20:00;M5;20;89;4573,72746;4571,35000;DOWN
2026-05-25 20:30:00;M5;20;55;4570,54959;4569,80000;DOWN
2026-05-25 21:25:00;M5;20;21;4570,75566;4570,87000;UP
2026-05-26 01:05:00;M5;20;55;4571,22203;4572,59000;UP
2026-05-26 01:25:00;M5;20;89;4573,80998;4573,16000;DOWN
2026-05-26 01:45:00;M5;20;21;4572,01687;4573,89000;UP
2026-05-26 02:25:00;M5;20;89;4574,14198;4568,37000;DOWN
2026-05-26 05:05:00;M5;20;21;4536,43048;4538,58000;UP
2026-05-26 06:15:00;M5;20;34;4538,22307;4538,47000;UP
2026-05-26 07:30:00;M5;20;34;4531,05703;4530,29000;DOWN
2026-05-26 08:05:00;M5;20;21;4529,94380;4530,40000;UP
2026-05-26 08:45:00;M5;20;21;4528,48892;4527,79000;DOWN
2026-05-26 09:05:00;M5;20;21;4528,04903;4530,96000;UP
2026-05-26 10:15:00;M5;20;21;4527,23778;4526,77000;DOWN
2026-05-26 10:25:00;M5;20;21;4526,39565;4529,66000;UP
2026-05-26 10:35:00;M5;20;55;4523,93057;4523,16000;DOWN
2026-05-26 10:45:00;M5;20;34;4524,33981;4533,36000;UP
2026-05-26 11:05:00;M5;20;89;4533,86777;4533,11000;DOWN
2026-05-26 11:30:00;M5;20;55;4521,39906;4521,34000;DOWN
2026-05-26 12:00:00;M5;20;34;4524,35555;4524,46000;UP
2026-05-26 12:05:00;M5;20;34;4524,00549;4523,47000;DOWN
2026-05-26 12:25:00;M5;20;21;4524,20114;4524,81000;UP
2026-05-26 12:30:00;M5;20;55;4519,34098;4518,10000;DOWN
2026-05-26 12:45:00;M5;20;55;4518,68694;4518,95000;UP
2026-05-26 12:45:00;M5;20;34;4522,41161;4518,95000;DOWN
2026-05-26 13:05:00;M5;20;21;4522,25374;4525,40000;UP
2026-05-26 14:20:00;M5;20;21;4526,68674;4525,69000;DOWN
2026-05-26 14:30:00;M5;20;89;4521,13776;4519,39000;DOWN
2026-05-26 15:45:00;M5;20;21;4513,62510;4519,78000;UP
2026-05-26 16:55:00;M5;20;34;4515,03079;4514,03000;DOWN
2026-05-26 17:05:00;M5;20;34;4514,68395;4515,49000;UP
2026-05-26 17:10:00;M5;20;89;4512,05270;4511,03000;DOWN
2026-05-26 17:25:00;M5;20;21;4513,53594;4517,67000;UP
2026-05-26 18:00:00;M5;20;55;4513,32317;4511,44000;DOWN
2026-05-26 18:10:00;M5;20;89;4510,20438;4509,51000;DOWN
2026-05-26 18:50:00;M5;20;89;4508,88684;4509,74000;UP
2026-05-26 19:05:00;M5;20;89;4508,14439;4503,01000;DOWN
2026-05-26 19:30:00;M5;20;21;4508,14205;4509,70000;UP
2026-05-26 19:45:00;M5;20;89;4506,63457;4503,34000;DOWN
2026-05-26 20:20:00;M5;20;21;4504,87674;4506,58000;UP
2026-05-26 20:25:00;M5;20;89;4504,97652;4501,44000;DOWN
2026-05-26 20:45:00;M5;20;21;4500,23241;4500,47000;UP
2026-05-26 21:05:00;M5;20;21;4496,99661;4488,88000;DOWN
2026-05-26 21:25:00;M5;20;21;4494,46134;4495,20000;UP
2026-05-26 21:45:00;M5;20;34;4497,36183;4497,62000;UP
2026-05-26 22:05:00;M5;20;55;4499,19469;4500,50000;UP
2026-05-27 01:05:00;M5;20;21;4505,88681;4504,62000;DOWN
2026-05-27 01:55:00;M5;20;21;4508,19345;4510,99000;UP
2026-05-27 02:10:00;M5;20;21;4509,15817;4508,86000;DOWN
2026-05-27 02:25:00;M5;20;21;4510,57603;4512,19000;UP
2026-05-27 03:50:00;M5;20;21;4518,63489;4516,95000;DOWN
2026-05-27 04:25:00;M5;20;34;4516,19385;4516,19000;DOWN
2026-05-27 04:50:00;M5;20;55;4507,95413;4507,59000;DOWN
2026-05-27 05:15:00;M5;20;89;4500,94370;4499,58000;DOWN
2026-05-27 05:25:00;M5;20;89;4501,16266;4505,51000;UP
2026-05-27 06:05:00;M5;20;21;4507,01363;4509,25000;UP
2026-05-27 06:25:00;M5;20;55;4509,07186;4507,08000;DOWN
2026-05-27 06:45:00;M5;20;21;4503,04793;4504,35000;UP
2026-05-27 06:55:00;M5;20;89;4501,62735;4497,12000;DOWN
2026-05-27 07:05:00;M5;20;89;4501,57425;4501,65000;UP
2026-05-27 07:15:00;M5;20;21;4501,11839;4501,07000;DOWN
2026-05-27 07:30:00;M5;20;21;4499,74412;4501,40000;UP
2026-05-27 07:25:00;M5;20;89;4501,51341;4499,66000;DOWN
2026-05-27 07:45:00;M5;20;89;4501,55505;4516,57000;UP
2026-05-27 08:15:00;M5;20;55;4507,79521;4505,47000;DOWN
2026-05-27 08:30:00;M5;20;89;4501,65470;4496,64000;DOWN
2026-05-27 10:25:00;M5;20;21;4485,91815;4486,16000;UP
2026-05-27 10:45:00;M5;20;21;4483,03568;4479,68000;DOWN
2026-05-27 11:05:00;M5;20;21;4481,34246;4485,93000;UP
2026-05-27 11:40:00;M5;20;55;4492,76630;4496,12000;UP
2026-05-27 12:00:00;M5;20;89;4495,19331;4491,90000;DOWN
2026-05-27 12:05:00;M5;20;55;4490,45143;4489,42000;DOWN
2026-05-27 12:25:00;M5;20;55;4489,59748;4490,10000;UP
2026-05-27 13:00:00;M5;20;55;4488,85610;4486,48000;DOWN
2026-05-27 13:15:00;M5;20;34;4484,94781;4479,69000;DOWN
2026-05-27 15:15:00;M5;20;21;4443,52049;4447,44000;UP
2026-05-27 15:25:00;M5;20;34;4453,04976;4454,68000;UP
2026-05-27 15:45:00;M5;20;34;4448,65445;4445,07000;DOWN
2026-05-27 16:30:00;M5;20;21;4421,72908;4423,79000;UP
2026-05-27 17:00:00;M5;20;34;4431,21250;4438,15000;UP
2026-05-27 17:05:00;M5;20;55;4441,11422;4444,15000;UP
2026-05-27 17:55:00;M5;20;55;4434,71845;4433,91000;DOWN
2026-05-27 18:10:00;M5;20;55;4431,94984;4432,09000;UP
2026-05-27 19:20:00;M5;20;89;4442,35554;4444,13000;UP
2026-05-27 20:05:00;M5;20;21;4444,44542;4442,97000;DOWN
2026-05-27 20:25:00;M5;20;21;4447,20627;4449,80000;UP
2026-05-27 21:05:00;M5;20;21;4451,39389;4448,06000;DOWN
2026-05-27 21:25:00;M5;20;21;4453,34109;4455,53000;UP
2026-05-27 21:45:00;M5;20;21;4455,02437;4453,38000;DOWN
2026-05-27 22:50:00;M5;20;34;4451,16088;4451,06000;DOWN
2026-05-27 23:15:00;M5;20;21;4456,57037;4458,14000;UP
2026-05-27 23:30:00;M5;20;34;4454,45629;4454,42000;DOWN
2026-05-27 23:55:00;M5;20;34;4455,80754;4455,98000;UP
2026-05-28 01:05:00;M5;20;21;4457,17666;4458,72000;UP
2026-05-28 01:30:00;M5;20;34;4458,49555;4457,28000;DOWN
2026-05-28 02:45:00;M5;20;55;4450,85499;4448,23000;DOWN
2026-05-28 03:15:00;M5;20;55;4451,93700;4452,24000;UP
2026-05-28 03:25:00;M5;20;55;4452,76946;4446,21000;DOWN
2026-05-28 03:45:00;M5;20;21;4453,37019;4453,76000;UP
2026-05-28 04:15:00;M5;20;89;4436,06253;4433,31000;DOWN
2026-05-28 07:05:00;M5;20;21;4370,92717;4381,05000;UP
2026-05-28 08:10:00;M5;20;34;4372,37392;4375,37000;UP
2026-05-28 08:45:00;M5;20;55;4389,63414;4392,30000;UP
2026-05-28 09:05:00;M5;20;55;4385,32418;4379,89000;DOWN
2026-05-28 09:30:00;M5;20;55;4381,44112;4383,32000;UP
2026-05-28 10:25:00;M5;20;89;4392,49359;4392,64000;UP
2026-05-28 10:45:00;M5;20;89;4390,39418;4387,95000;DOWN
2026-05-28 11:05:00;M5;20;89;4388,44987;4393,58000;UP
2026-05-28 11:25:00;M5;20;21;4390,30177;4389,80000;DOWN
2026-05-28 12:20:00;M5;20;21;4392,08860;4395,36000;UP
2026-05-28 12:35:00;M5;20;21;4392,74222;4392,40000;DOWN
2026-05-28 12:50:00;M5;20;21;4393,42961;4394,95000;UP
2026-05-28 13:40:00;M5;20;21;4395,98815;4389,09000;DOWN
2026-05-28 13:45:00;M5;20;34;4390,22505;4380,75000;DOWN
2026-05-28 15:05:00;M5;20;21;4390,89205;4391,57000;UP
2026-05-28 15:25:00;M5;20;34;4392,84071;4385,28000;DOWN
2026-05-28 15:45:00;M5;20;21;4395,63926;4409,80000;UP
2026-05-28 18:45:00;M5;20;21;4482,59530;4479,64000;DOWN
2026-05-28 19:15:00;M5;20;21;4491,01380;4497,04000;UP
2026-05-28 19:45:00;M5;20;21;4506,89762;4505,08000;DOWN
2026-05-28 20:25:00;M5;20;34;4503,89227;4502,01000;DOWN
2026-05-28 21:00:00;M5;20;34;4511,05124;4513,10000;UP
2026-05-28 21:05:00;M5;20;34;4517,07206;4509,75000;DOWN
2026-05-28 21:45:00;M5;20;55;4501,79428;4499,25000;DOWN
2026-05-29 01:45:00;M5;20;21;4494,49790;4494,62000;UP
2026-05-29 01:45:00;M5;20;89;4496,59458;4494,62000;DOWN
2026-05-29 02:40:00;M5;20;21;4492,00013;4489,95000;DOWN
2026-05-29 02:50:00;M5;20;21;4491,50107;4492,22000;UP
2026-05-29 03:25:00;M5;20;34;4499,51970;4500,11000;UP
2026-05-29 03:45:00;M5;20;34;4497,97523;4495,22000;DOWN
2026-05-29 04:05:00;M5;20;34;4498,04460;4508,81000;UP
2026-05-29 04:25:00;M5;20;89;4517,59941;4505,43000;DOWN
2026-05-29 04:45:00;M5;20;21;4502,88073;4502,07000;DOWN
2026-05-29 05:05:00;M5;20;21;4505,52383;4505,79000;UP
2026-05-29 05:25:00;M5;20;21;4507,28203;4502,99000;DOWN
2026-05-29 05:55:00;M5;20;34;4502,60996;4501,68000;DOWN
2026-05-29 07:15:00;M5;20;21;4503,66900;4504,58000;UP
2026-05-29 07:55:00;M5;20;55;4510,51483;4514,02000;UP
2026-05-29 08:05:00;M5;20;55;4510,33281;4510,02000;DOWN
2026-05-29 08:35:00;M5;20;34;4507,32016;4503,69000;DOWN
2026-05-29 08:50:00;M5;20;21;4508,86562;4514,88000;UP
2026-05-29 10:20:00;M5;20;55;4512,37819;4511,82000;DOWN
2026-05-29 10:30:00;M5;20;21;4519,01430;4520,67000;UP
2026-05-29 11:00:00;M5;20;21;4521,20381;4519,14000;DOWN
2026-05-29 11:10:00;M5;20;55;4515,55065;4515,13000;DOWN
2026-05-29 11:25:00;M5;20;55;4516,42361;4516,99000;UP
2026-05-29 11:45:00;M5;20;55;4517,13870;4511,26000;DOWN
2026-05-29 12:05:00;M5;20;21;4521,92882;4523,76000;UP
2026-05-29 12:40:00;M5;20;89;4530,37096;4532,33000;UP
2026-05-29 13:00:00;M5;20;89;4530,55406;4525,96000;DOWN
2026-05-29 13:05:00;M5;20;21;4526,94373;4526,41000;DOWN
2026-05-29 13:25:00;M5;20;21;4529,70388;4530,42000;UP
2026-05-29 14:05:00;M5;20;89;4532,64073;4532,44000;DOWN
2026-05-29 14:25:00;M5;20;55;4529,03713;4528,01000;DOWN
2026-05-29 14:55:00;M5;20;21;4537,59102;4538,32000;UP
2026-05-29 15:05:00;M5;20;89;4534,81457;4530,14000;DOWN
2026-05-29 16:35:00;M5;20;21;4528,61733;4531,46000;UP
2026-05-29 16:45:00;M5;20;34;4533,38218;4535,87000;UP
2026-05-29 17:20:00;M5;20;89;4536,67677;4531,11000;DOWN
2026-05-29 17:30:00;M5;20;34;4534,25313;4536,03000;UP
2026-05-29 17:25:00;M5;20;21;4530,29186;4529,75000;DOWN
2026-05-29 17:45:00;M5;20;21;4534,63246;4539,74000;UP
2026-05-29 19:05:00;M5;20;21;4569,94277;4564,20000;DOWN
2026-05-29 20:05:00;M5;20;34;4567,51697;4567,48000;DOWN
2026-05-29 20:40:00;M5;20;89;4554,62283;4554,01000;DOWN
2026-05-29 21:00:00;M5;20;89;4556,44893;4557,24000;UP
2026-05-29 21:05:00;M5;20;89;4558,06645;4557,80000;DOWN
2026-05-29 21:30:00;M5;20;89;4559,54077;4560,81000;UP
2026-05-29 21:45:00;M5;20;89;4560,80048;4552,96000;DOWN
2026-06-01 01:45:00;M5;20;21;4534,69756;4538,28000;UP
2026-06-01 02:25:00;M5;20;34;4540,62220;4544,88000;UP
2026-06-01 04:00:00;M5;20;34;4534,48017;4534,27000;DOWN
2026-06-01 04:10:00;M5;20;34;4533,20006;4533,87000;UP
2026-06-01 04:25:00;M5;20;34;4531,82867;4528,74000;DOWN
2026-06-01 05:10:00;M5;20;21;4530,88135;4532,17000;UP
2026-06-01 05:30:00;M5;20;34;4527,84683;4527,33000;DOWN
2026-06-01 07:15:00;M5;20;21;4516,49111;4516,84000;UP
2026-06-01 07:30:00;M5;20;21;4514,44599;4514,17000;DOWN
2026-06-01 07:50:00;M5;20;21;4512,81744;4514,16000;UP
2026-06-01 08:05:00;M5;20;34;4515,03937;4516,38000;UP
2026-06-01 08:30:00;M5;20;55;4517,50652;4513,87000;DOWN
2026-06-01 08:45:00;M5;20;34;4513,52115;4524,20000;UP
2026-06-01 09:10:00;M5;20;55;4514,79462;4514,07000;DOWN
2026-06-01 09:25:00;M5;20;21;4511,92022;4513,86000;UP
2026-06-01 09:45:00;M5;20;55;4511,59099;4504,53000;DOWN
2026-06-01 11:40:00;M5;20;21;4498,50755;4500,04000;UP
2026-06-01 11:45:00;M5;20;34;4498,92694;4501,25000;UP
2026-06-01 12:25:00;M5;20;55;4497,47339;4496,41000;DOWN
2026-06-01 12:45:00;M5;20;21;4494,51467;4495,40000;UP
2026-06-01 13:30:00;M5;20;89;4503,82484;4504,86000;UP
2026-06-01 14:00:00;M5;20;89;4502,23091;4500,14000;DOWN
2026-06-01 14:05:00;M5;20;89;4500,89260;4505,66000;UP
2026-06-01 15:10:00;M5;20;21;4505,47513;4503,26000;DOWN
2026-06-01 15:40:00;M5;20;21;4506,15525;4507,42000;UP
2026-06-01 15:50:00;M5;20;21;4506,23233;4505,60000;DOWN
2026-06-01 16:10:00;M5;20;89;4495,48488;4484,09000;DOWN
2026-06-01 18:05:00;M5;20;21;4455,30571;4462,58000;UP
2026-06-01 18:30:00;M5;20;34;4468,59194;4477,10000;UP
2026-06-01 18:45:00;M5;20;55;4472,83786;4469,69000;DOWN
2026-06-01 19:30:00;M5;20;55;4469,05464;4469,39000;UP
2026-06-01 19:45:00;M5;20;89;4471,68146;4471,91000;UP
2026-06-01 21:55:00;M5;20;21;4486,65557;4486,64000;DOWN
2026-06-01 23:40:00;M5;20;34;4482,84121;4482,52000;DOWN
2026-06-02 01:55:00;M5;20;21;4485,11922;4485,82000;UP
2026-06-02 02:20:00;M5;20;34;4487,24220;4487,62000;UP
2026-06-02 02:25:00;M5;20;34;4487,60844;4487,20000;DOWN
2026-06-02 03:15:00;M5;20;21;4484,93531;4485,21000;UP
2026-06-02 03:05:00;M5;20;55;4479,87568;4478,47000;DOWN
2026-06-02 03:25:00;M5;20;55;4481,18500;4493,79000;UP
2026-06-02 03:40:00;M5;20;34;4487,86986;4487,04000;DOWN
2026-06-02 03:45:00;M5;20;55;4482,25329;4481,42000;DOWN
2026-06-02 04:10:00;M5;20;21;4485,48939;4489,61000;UP
2026-06-02 04:35:00;M5;20;55;4483,89498;4481,99000;DOWN
2026-06-02 05:20:00;M5;20;21;4482,39419;4483,94000;UP
2026-06-02 05:35:00;M5;20;21;4481,01779;4478,85000;DOWN
2026-06-02 05:55:00;M5;20;21;4480,60053;4485,90000;UP
2026-06-02 08:50:00;M5;20;21;4520,09396;4519,51000;DOWN
2026-06-02 09:20:00;M5;20;21;4523,97347;4529,40000;UP
2026-06-02 10:25:00;M5;20;21;4539,85866;4534,01000;DOWN
2026-06-02 10:45:00;M5;20;34;4533,95353;4531,66000;DOWN
2026-06-02 11:50:00;M5;20;55;4529,16917;4527,83000;DOWN
2026-06-02 12:10:00;M5;20;55;4531,63858;4533,94000;UP
2026-06-02 12:25:00;M5;20;55;4533,66162;4526,64000;DOWN
2026-06-02 13:45:00;M5;20;21;4530,34081;4530,63000;UP
2026-06-02 14:10:00;M5;20;21;4529,46199;4528,73000;DOWN
2026-06-02 14:25:00;M5;20;21;4528,72365;4529,55000;UP
2026-06-02 14:35:00;M5;20;89;4528,06688;4527,32000;DOWN
2026-06-02 14:55:00;M5;20;21;4528,14918;4527,50000;DOWN
2026-06-02 15:20:00;M5;20;21;4527,55900;4530,94000;UP
2026-06-02 15:35:00;M5;20;21;4526,82893;4524,78000;DOWN
2026-06-02 17:45:00;M5;20;21;4501,37239;4503,76000;UP
2026-06-02 18:30:00;M5;20;34;4505,38261;4506,25000;UP
2026-06-02 18:55:00;M5;20;34;4503,15645;4502,04000;DOWN
2026-06-02 19:05:00;M5;20;34;4500,78873;4502,03000;UP
2026-06-02 19:15:00;M5;20;21;4495,46855;4494,80000;DOWN
2026-06-02 19:25:00;M5;20;34;4497,98297;4490,28000;DOWN
2026-06-02 19:55:00;M5;20;21;4491,58657;4491,88000;UP
2026-06-02 20:05:00;M5;20;21;4489,55418;4487,01000;DOWN
2026-06-02 20:25:00;M5;20;21;4487,21390;4491,22000;UP
2026-06-02 20:45:00;M5;20;34;4486,77060;4485,90000;DOWN
2026-06-02 21:05:00;M5;20;21;4482,94171;4487,46000;UP
2026-06-02 21:40:00;M5;20;34;4482,56797;4480,45000;DOWN
2026-06-02 21:45:00;M5;20;21;4480,63371;4486,54000;UP
2026-06-02 22:25:00;M5;20;55;4486,55966;4489,47000;UP
2026-06-03 01:50:00;M5;20;21;4487,85205;4486,87000;DOWN
2026-06-03 02:10:00;M5;20;55;4477,47332;4477,18000;DOWN
2026-06-03 03:00:00;M5;20;55;4475,09619;4478,71000;UP
2026-06-03 03:05:00;M5;20;21;4476,29312;4476,56000;UP
2026-06-03 03:35:00;M5;20;89;4485,80313;4491,68000;UP
2026-06-03 04:00:00;M5;20;89;4484,17151;4473,68000;DOWN
2026-06-03 04:10:00;M5;20;55;4472,70230;4471,27000;DOWN
2026-06-03 04:45:00;M5;20;21;4473,40570;4475,63000;UP
2026-06-03 05:05:00;M5;20;34;4474,74781;4478,73000;UP
2026-06-03 07:15:00;M5;20;21;4481,79767;4481,28000;DOWN
2026-06-03 07:35:00;M5;20;89;4471,64521;4471,57000;DOWN
2026-06-03 07:45:00;M5;20;89;4471,06821;4471,41000;UP
2026-06-03 08:20:00;M5;20;89;4470,48050;4468,57000;DOWN
2026-06-03 09:15:00;M5;20;89;4468,08063;4468,27000;UP
2026-06-03 09:25:00;M5;20;89;4467,15230;4462,52000;DOWN
2026-06-03 09:55:00;M5;20;21;4462,90936;4462,94000;UP
2026-06-03 10:05:00;M5;20;34;4467,17703;4468,77000;UP
2026-06-03 10:25:00;M5;20;89;4464,29252;4456,13000;DOWN
2026-06-03 10:45:00;M5;20;21;4457,11406;4458,87000;UP
2026-06-03 11:15:00;M5;20;21;4455,06330;4453,92000;DOWN
2026-06-03 11:25:00;M5;20;21;4453,39154;4457,44000;UP
2026-06-03 11:50:00;M5;20;21;4451,02830;4444,84000;DOWN
2026-06-03 12:05:00;M5;20;21;4449,09592;4456,84000;UP
2026-06-03 12:25:00;M5;20;34;4450,95109;4439,54000;DOWN
2026-06-03 12:45:00;M5;20;21;4445,01392;4447,02000;UP
2026-06-03 13:05:00;M5;20;34;4447,27288;4461,63000;UP
2026-06-03 15:05:00;M5;20;21;4459,17173;4458,30000;DOWN
2026-06-03 15:35:00;M5;20;89;4450,60419;4449,43000;DOWN
2026-06-03 15:45:00;M5;20;21;4459,79072;4461,18000;UP
2026-06-03 16:20:00;M5;20;34;4453,48343;4450,14000;DOWN
2026-06-03 16:25:00;M5;20;89;4449,68818;4448,59000;DOWN
2026-06-03 17:10:00;M5;20;21;4453,88900;4454,49000;UP
2026-06-03 17:40:00;M5;20;89;4448,18703;4448,18000;DOWN
2026-06-03 17:45:00;M5;20;21;4450,94186;4453,96000;UP
2026-06-03 18:10:00;M5;20;89;4447,24440;4445,91000;DOWN
2026-06-03 19:55:00;M5;20;21;4438,71113;4441,78000;UP
2026-06-03 20:10:00;M5;20;89;4442,48979;4441,87000;DOWN
2026-06-03 21:20:00;M5;20;34;4438,60150;4438,86000;UP
2026-06-03 21:25:00;M5;20;89;4439,13518;4440,06000;UP
2026-06-03 21:45:00;M5;20;55;4439,48328;4439,89000;UP
2026-06-03 23:00:00;M5;20;21;4442,49676;4442,03000;DOWN
2026-06-03 23:15:00;M5;20;55;4438,54924;4437,51000;DOWN
2026-06-03 23:25:00;M5;20;34;4438,49626;4438,97000;UP
2026-06-03 23:30:00;M5;20;89;4436,74156;4433,83000;DOWN
2026-06-03 23:45:00;M5;20;55;4437,55235;4431,48000;DOWN
2026-06-04 01:30:00;M5;20;21;4436,52387;4439,78000;UP
2026-06-04 03:35:00;M5;20;21;4449,22791;4446,57000;DOWN
2026-06-04 03:50:00;M5;20;21;4451,19129;4451,25000;UP
2026-06-04 04:50:00;M5;20;21;4461,94317;4461,28000;DOWN
2026-06-04 05:35:00;M5;20;34;4458,56403;4458,00000;DOWN
2026-06-04 05:45:00;M5;20;21;4467,98929;4470,27000;UP
2026-06-04 06:15:00;M5;20;21;4469,88709;4469,69000;DOWN
2026-06-04 06:35:00;M5;20;34;4466,45411;4465,12000;DOWN
2026-06-04 07:20:00;M5;20;21;4472,23953;4474,15000;UP
2026-06-04 08:05:00;M5;20;34;4476,30107;4473,72000;DOWN
2026-06-04 08:45:00;M5;20;55;4471,34115;4467,43000;DOWN
2026-06-04 09:05:00;M5;20;55;4473,01777;4475,99000;UP
2026-06-04 09:25:00;M5;20;55;4474,51465;4472,19000;DOWN
2026-06-04 10:30:00;M5;20;89;4464,22922;4463,65000;DOWN
2026-06-04 11:00:00;M5;20;89;4465,26206;4465,70000;UP
2026-06-04 11:05:00;M5;20;89;4466,18045;4465,65000;DOWN
2026-06-04 11:30:00;M5;20;21;4464,28972;4464,61000;UP
2026-06-04 11:45:00;M5;20;21;4462,63101;4460,04000;DOWN
2026-06-04 12:05:00;M5;20;21;4461,83983;4468,45000;UP
2026-06-04 12:40:00;M5;20;34;4467,78760;4468,02000;UP
2026-06-04 12:25:00;M5;20;89;4468,89020;4464,63000;DOWN
2026-06-04 12:50:00;M5;20;55;4474,72401;4474,95000;UP
2026-06-04 13:05:00;M5;20;89;4470,14896;4469,39000;DOWN
2026-06-04 13:40:00;M5;20;89;4470,77028;4471,26000;UP
2026-06-04 13:45:00;M5;20;89;4471,43885;4471,34000;DOWN
2026-06-04 14:05:00;M5;20;55;4473,73207;4477,47000;UP
2026-06-04 16:10:00;M5;20;21;4503,33670;4503,15000;DOWN
2026-06-04 16:35:00;M5;20;21;4508,21300;4509,28000;UP
2026-06-04 16:55:00;M5;20;34;4498,19296;4495,80000;DOWN
2026-06-04 17:10:00;M5;20;89;4487,85794;4487,73000;DOWN
2026-06-04 19:05:00;M5;20;21;4477,42770;4482,49000;UP
2026-06-04 21:20:00;M5;20;34;4480,16840;4480,19000;UP
2026-06-04 21:25:00;M5;20;34;4478,21098;4478,15000;DOWN
2026-06-04 21:50:00;M5;20;21;4475,36946;4477,93000;UP
2026-06-04 23:25:00;M5;20;21;4477,71087;4477,68000;DOWN
2026-06-04 23:45:00;M5;20;34;4475,03300;4474,75000;DOWN
2026-06-05 01:15:00;M5;20;21;4477,41654;4477,92000;UP
2026-06-05 01:40:00;M5;20;34;4475,22948;4475,08000;DOWN
2026-06-05 03:35:00;M5;20;21;4462,74385;4464,24000;UP
2026-06-05 04:00:00;M5;20;34;4465,59398;4466,13000;UP
2026-06-05 03:55:00;M5;20;21;4460,08153;4459,60000;DOWN
2026-06-05 04:05:00;M5;20;21;4458,36373;4464,41000;UP
2026-06-05 04:10:00;M5;20;34;4463,94306;4459,92000;DOWN
2026-06-05 04:30:00;M5;20;21;4456,01244;4453,97000;DOWN
2026-06-05 05:20:00;M5;20;21;4449,90737;4452,99000;UP
2026-06-05 05:30:00;M5;20;21;4446,95421;4444,99000;DOWN
2026-06-05 05:45:00;M5;20;21;4444,07688;4445,56000;UP
2026-06-05 06:05:00;M5;20;21;4441,24845;4440,06000;DOWN
2026-06-05 06:30:00;M5;20;21;4438,86238;4439,78000;UP
2026-06-05 06:55:00;M5;20;34;4441,58739;4442,35000;UP
2026-06-05 07:15:00;M5;20;34;4439,29950;4439,24000;DOWN
2026-06-05 07:25:00;M5;20;34;4437,51429;4439,60000;UP
2026-06-05 07:50:00;M5;20;55;4442,99321;4444,20000;UP
2026-06-05 09:00:00;M5;20;55;4438,57515;4437,52000;DOWN
2026-06-05 09:05:00;M5;20;21;4439,44089;4440,29000;UP
2026-06-05 09:35:00;M5;20;89;4447,54829;4448,31000;UP
2026-06-05 11:45:00;M5;20;21;4463,74429;4463,48000;DOWN
2026-06-05 12:15:00;M5;20;21;4466,33615;4467,64000;UP
2026-06-05 12:25:00;M5;20;21;4468,16267;4462,93000;DOWN
2026-06-05 13:30:00;M5;20;34;4465,37745;4462,90000;DOWN
2026-06-05 13:55:00;M5;20;34;4466,93752;4466,95000;UP
2026-06-05 14:05:00;M5;20;34;4468,04135;4466,71000;DOWN
2026-06-05 14:50:00;M5;20;21;4467,60948;4471,97000;UP
2026-06-05 15:05:00;M5;20;34;4470,64269;4467,88000;DOWN
2026-06-05 15:35:00;M5;20;89;4449,79863;4443,94000;DOWN
2026-06-05 17:55:00;M5;20;21;4365,70380;4369,67000;UP
2026-06-05 18:35:00;M5;20;21;4340,90828;4340,00000;DOWN
2026-06-05 18:45:00;M5;20;21;4330,95128;4339,29000;UP
2026-06-05 19:45:00;M5;20;34;4333,32146;4334,00000;UP
2026-06-05 21:35:00;M5;20;21;4321,15239;4320,38000;DOWN
2026-06-05 21:45:00;M5;20;21;4320,63513;4321,71000;UP
2026-06-05 22:10:00;M5;20;21;4319,49733;4315,37000;DOWN
2026-06-05 22:25:00;M5;20;21;4318,61334;4323,78000;UP
2026-06-05 23:00:00;M5;20;21;4317,43116;4313,65000;DOWN
2026-06-05 23:20:00;M5;20;21;4315,65895;4319,79000;UP
2026-06-08 01:25:00;M5;20;21;4317,77234;4316,68000;DOWN
2026-06-08 01:45:00;M5;20;21;4318,81523;4322,44000;UP
2026-06-08 03:50:00;M5;20;21;4342,35496;4341,60000;DOWN
2026-06-08 04:10:00;M5;20;34;4330,29957;4327,10000;DOWN
2026-06-08 06:05:00;M5;20;55;4308,36367;4308,27000;DOWN
2026-06-08 06:40:00;M5;20;55;4308,19527;4309,83000;UP
2026-06-08 06:45:00;M5;20;21;4307,23904;4312,29000;UP
2026-06-08 07:05:00;M5;20;34;4317,30520;4318,04000;UP
2026-06-08 07:40:00;M5;20;55;4308,54932;4307,72000;DOWN
2026-06-08 08:00:00;M5;20;34;4313,83049;4315,23000;UP
2026-06-08 08:10:00;M5;20;55;4308,88669;4304,56000;DOWN
2026-06-08 08:25:00;M5;20;21;4304,66854;4311,86000;UP
2026-06-08 08:30:00;M5;20;89;4287,15575;4286,93000;DOWN
2026-06-08 08:45:00;M5;20;89;4286,54531;4286,68000;UP
2026-06-08 08:45:00;M5;20;55;4307,47856;4286,68000;DOWN
2026-06-08 09:05:00;M5;20;21;4299,54811;4302,42000;UP
2026-06-08 09:30:00;M5;20;55;4305,09268;4299,30000;DOWN
2026-06-08 09:45:00;M5;20;21;4296,29367;4297,39000;UP
2026-06-08 10:10:00;M5;20;55;4302,50426;4305,22000;UP
2026-06-08 10:45:00;M5;20;55;4300,41675;4298,43000;DOWN
2026-06-08 12:35:00;M5;20;21;4289,67937;4293,74000;UP
2026-06-08 12:25:00;M5;20;89;4282,23717;4279,80000;DOWN
2026-06-08 12:45:00;M5;20;89;4281,79900;4301,08000;UP
2026-06-08 13:00:00;M5;20;55;4290,71465;4290,51000;DOWN
2026-06-08 13:05:00;M5;20;55;4289,38352;4294,90000;UP
2026-06-08 15:50:00;M5;20;21;4330,32364;4330,00000;DOWN
2026-06-08 16:35:00;M5;20;21;4338,12780;4340,50000;UP
2026-06-08 17:00:00;M5;20;34;4326,43200;4322,36000;DOWN
2026-06-08 18:20:00;M5;20;21;4334,23681;4335,27000;UP
2026-06-08 18:25:00;M5;20;34;4336,46390;4330,70000;DOWN
2026-06-08 18:45:00;M5;20;21;4334,94400;4335,36000;UP
2026-06-08 19:05:00;M5;20;34;4340,42435;4339,74000;DOWN
2026-06-08 19:30:00;M5;20;34;4342,13378;4342,57000;UP
2026-06-08 19:50:00;M5;20;34;4343,42766;4338,05000;DOWN
2026-06-08 20:30:00;M5;20;55;4337,80049;4335,56000;DOWN
2026-06-08 21:00:00;M5;20;21;4342,23947;4343,79000;UP
2026-06-08 21:10:00;M5;20;55;4341,77341;4341,29000;DOWN
2026-06-08 21:25:00;M5;20;21;4342,52871;4342,63000;UP
2026-06-08 21:45:00;M5;20;21;4341,68272;4334,61000;DOWN
2026-06-08 22:20:00;M5;20;89;4327,11742;4326,74000;DOWN
2026-06-08 23:45:00;M5;20;21;4326,86467;4327,33000;UP
2026-06-09 01:10:00;M5;20;21;4325,37613;4325,21000;DOWN
2026-06-09 01:25:00;M5;20;21;4324,16023;4325,04000;UP
2026-06-09 02:25:00;M5;20;21;4323,13939;4320,47000;DOWN
2026-06-09 03:10:00;M5;20;21;4321,27602;4322,67000;UP
2026-06-09 03:25:00;M5;20;21;4320,12314;4316,68000;DOWN
2026-06-09 03:55:00;M5;20;21;4319,14971;4319,82000;UP
2026-06-09 04:25:00;M5;20;55;4328,39581;4335,29000;UP
2026-06-09 04:45:00;M5;20;89;4334,96131;4334,05000;DOWN
2026-06-09 05:25:00;M5;20;89;4335,01693;4335,35000;UP
2026-06-09 06:00:00;M5;20;89;4335,12806;4331,93000;DOWN
2026-06-09 06:05:00;M5;20;89;4335,32391;4338,34000;UP
2026-06-09 06:30:00;M5;20;89;4335,52456;4333,66000;DOWN
2026-06-09 06:50:00;M5;20;21;4338,66986;4339,54000;UP
2026-06-09 07:10:00;M5;20;89;4335,85161;4332,25000;DOWN
2026-06-09 07:30:00;M5;20;55;4329,27034;4325,25000;DOWN
2026-06-09 08:00:00;M5;20;34;4333,80593;4336,18000;UP
2026-06-09 08:05:00;M5;20;89;4335,80861;4332,51000;DOWN
2026-06-09 08:30:00;M5;20;21;4336,43596;4342,73000;UP
2026-06-09 09:30:00;M5;20;89;4336,57853;4333,72000;DOWN
2026-06-09 09:45:00;M5;20;89;4336,73535;4339,36000;UP
2026-06-09 09:55:00;M5;20;55;4334,41713;4330,60000;DOWN
2026-06-09 10:05:00;M5;20;89;4336,77777;4332,42000;DOWN
2026-06-09 11:15:00;M5;20;21;4331,75431;4332,38000;UP
2026-06-09 11:40:00;M5;20;34;4334,93470;4334,99000;UP
2026-06-09 11:45:00;M5;20;34;4333,90644;4328,19000;DOWN
2026-06-09 12:05:00;M5;20;21;4328,53970;4330,07000;UP
2026-06-09 12:25:00;M5;20;34;4332,18414;4326,81000;DOWN
2026-06-09 12:45:00;M5;20;21;4327,55138;4329,79000;UP
2026-06-09 13:10:00;M5;20;55;4334,03609;4335,34000;UP
2026-06-09 13:05:00;M5;20;34;4331,17903;4327,25000;DOWN
2026-06-09 13:25:00;M5;20;21;4329,32555;4333,82000;UP
2026-06-09 13:25:00;M5;20;89;4334,33913;4333,82000;DOWN
2026-06-09 13:50:00;M5;20;55;4333,86401;4335,05000;UP
2026-06-09 13:45:00;M5;20;34;4331,08716;4330,60000;DOWN
2026-06-09 14:05:00;M5;20;21;4333,06486;4337,12000;UP
2026-06-09 15:20:00;M5;20;21;4338,58391;4338,52000;DOWN
2026-06-09 15:35:00;M5;20;21;4340,30496;4340,62000;UP
2026-06-09 15:45:00;M5;20;21;4341,78653;4341,28000;DOWN
2026-06-09 16:15:00;M5;20;89;4336,35289;4334,06000;DOWN
2026-06-09 16:45:00;M5;20;21;4339,30116;4352,18000;UP
2026-06-09 17:05:00;M5;20;89;4336,47669;4328,43000;DOWN
2026-06-09 20:00:00;M5;20;21;4253,06109;4262,44000;UP
2026-06-09 20:30:00;M5;20;34;4264,54470;4265,51000;UP
2026-06-09 20:45:00;M5;20;34;4258,35131;4257,10000;DOWN
2026-06-09 21:05:00;M5;20;34;4253,75700;4266,73000;UP
2026-06-09 22:40:00;M5;20;21;4253,44162;4250,97000;DOWN
2026-06-09 22:50:00;M5;20;21;4255,01767;4258,85000;UP
2026-06-10 01:05:00;M5;20;21;4257,27229;4253,45000;DOWN
2026-06-10 01:25:00;M5;20;21;4256,27707;4256,74000;UP
2026-06-10 01:45:00;M5;20;55;4241,16913;4239,11000;DOWN
2026-06-10 02:05:00;M5;20;55;4238,50694;4241,69000;UP
2026-06-10 02:25:00;M5;20;55;4235,49993;4224,14000;DOWN
2026-06-10 03:55:00;M5;20;21;4217,04423;4218,18000;UP
2026-06-10 04:05:00;M5;20;21;4211,93908;4195,09000;DOWN
2026-06-10 05:25:00;M5;20;21;4186,75908;4187,93000;UP
2026-06-10 05:50:00;M5;20;21;4180,24057;4174,90000;DOWN
2026-06-10 06:05:00;M5;20;21;4174,54331;4175,29000;UP
2026-06-10 06:45:00;M5;20;34;4176,18177;4185,39000;UP
2026-06-10 07:10:00;M5;20;55;4182,14374;4181,17000;DOWN
2026-06-10 07:50:00;M5;20;55;4174,63231;4175,00000;UP
2026-06-10 08:25:00;M5;20;89;4179,32390;4187,06000;UP
2026-06-10 10:10:00;M5;20;21;4202,88733;4200,24000;DOWN
2026-06-10 11:00:00;M5;20;89;4168,91792;4164,18000;DOWN
2026-06-10 11:15:00;M5;20;55;4171,26797;4173,40000;UP
2026-06-10 11:30:00;M5;20;55;4171,11252;4168,10000;DOWN
2026-06-10 11:45:00;M5;20;55;4170,56319;4174,17000;UP
2026-06-10 12:10:00;M5;20;55;4169,83263;4165,01000;DOWN
2026-06-10 12:30:00;M5;20;21;4176,30928;4176,84000;UP
2026-06-10 12:50:00;M5;20;55;4168,27410;4166,06000;DOWN
2026-06-10 13:20:00;M5;20;21;4166,54895;4166,68000;UP
2026-06-10 13:35:00;M5;20;55;4166,59337;4167,34000;UP
2026-06-10 13:45:00;M5;20;34;4173,86748;4177,16000;UP
2026-06-10 14:00:00;M5;20;55;4166,07979;4161,14000;DOWN
2026-06-10 14:05:00;M5;20;21;4161,07285;4161,34000;UP
2026-06-10 14:05:00;M5;20;34;4171,42895;4161,34000;DOWN
2026-06-10 14:35:00;M5;20;55;4164,75062;4156,36000;DOWN
2026-06-10 14:55:00;M5;20;89;4151,42310;4147,55000;DOWN
2026-06-10 15:30:00;M5;20;21;4149,87564;4162,37000;UP
2026-06-10 15:45:00;M5;20;55;4157,87244;4157,77000;DOWN
2026-06-10 16:05:00;M5;20;21;4144,17107;4153,99000;UP
2026-06-10 16:15:00;M5;20;89;4144,73098;4135,65000;DOWN
2026-06-10 16:35:00;M5;20;55;4153,55318;4166,24000;UP
2026-06-10 16:30:00;M5;20;34;4146,92504;4142,96000;DOWN
2026-06-10 16:45:00;M5;20;21;4147,06296;4185,55000;UP
2026-06-10 17:40:00;M5;20;55;4151,44359;4149,94000;DOWN
2026-06-10 17:45:00;M5;20;89;4140,63234;4140,53000;DOWN
2026-06-10 19:15:00;M5;20;21;4131,27731;4132,87000;UP
2026-06-10 19:25:00;M5;20;21;4127,67475;4127,47000;DOWN
2026-06-10 20:00:00;M5;20;21;4123,71338;4132,08000;UP
2026-06-10 20:05:00;M5;20;89;4129,94108;4120,12000;DOWN
2026-06-10 20:45:00;M5;20;21;4109,26024;4111,32000;UP
2026-06-10 21:05:00;M5;20;34;4115,13180;4114,48000;DOWN
2026-06-10 21:25:00;M5;20;34;4111,69733;4112,37000;UP
2026-06-10 21:45:00;M5;20;34;4108,14510;4104,36000;DOWN
2026-06-10 23:25:00;M5;20;21;4078,24329;4078,33000;UP
2026-06-10 23:45:00;M5;20;21;4073,42800;4067,87000;DOWN
2026-06-11 01:35:00;M5;20;21;4060,83226;4065,39000;UP
2026-06-11 01:50:00;M5;20;21;4054,39375;4053,78000;DOWN
2026-06-11 02:25:00;M5;20;21;4043,66437;4061,52000;UP
2026-06-11 02:55:00;M5;20;34;4047,44281;4047,09000;DOWN
2026-06-11 03:10:00;M5;20;34;4044,44078;4052,20000;UP
2026-06-11 03:25:00;M5;20;89;4066,49650;4067,60000;UP
2026-06-11 05:40:00;M5;20;34;4066,92113;4059,46000;DOWN
2026-06-11 06:00:00;M5;20;34;4069,91909;4075,03000;UP
2026-06-11 05:45:00;M5;20;89;4055,72769;4054,98000;DOWN
2026-06-11 06:05:00;M5;20;89;4054,85330;4076,44000;UP
2026-06-11 06:10:00;M5;20;34;4071,50517;4065,55000;DOWN
2026-06-11 07:10:00;M5;20;21;4081,36463;4082,75000;UP
2026-06-11 07:25:00;M5;20;21;4079,02129;4077,66000;DOWN
2026-06-11 07:45:00;M5;20;21;4077,49146;4083,44000;UP
2026-06-11 08:00:00;M5;20;34;4078,69968;4077,86000;DOWN
2026-06-11 08:30:00;M5;20;34;4082,09149;4095,10000;UP
2026-06-11 08:25:00;M5;20;21;4077,97213;4075,08000;DOWN
2026-06-11 08:45:00;M5;20;21;4081,15829;4100,54000;UP
2026-06-11 09:05:00;M5;20;34;4085,60003;4080,86000;DOWN
2026-06-11 09:35:00;M5;20;21;4087,10046;4088,22000;UP
2026-06-11 11:20:00;M5;20;21;4104,69947;4102,85000;DOWN
2026-06-11 11:25:00;M5;20;34;4099,76552;4097,30000;DOWN
2026-06-11 11:45:00;M5;20;55;4090,82876;4089,26000;DOWN
2026-06-11 13:30:00;M5;20;21;4091,61640;4092,25000;UP
2026-06-11 13:45:00;M5;20;21;4089,66274;4088,51000;DOWN
2026-06-11 14:05:00;M5;20;21;4087,87256;4091,24000;UP
2026-06-11 14:35:00;M5;20;21;4086,12883;4083,39000;DOWN
2026-06-11 14:45:00;M5;20;21;4084,29338;4084,98000;UP
2026-06-11 15:10:00;M5;20;89;4076,66942;4076,34000;DOWN
2026-06-11 15:45:00;M5;20;21;4076,33154;4077,23000;UP
2026-06-11 16:05:00;M5;20;34;4081,43641;4085,59000;UP
2026-06-11 16:10:00;M5;20;89;4078,54654;4073,15000;DOWN
2026-06-11 16:25:00;M5;20;21;4072,21342;4075,42000;UP
2026-06-11 16:25:00;M5;20;34;4078,82118;4075,42000;DOWN
2026-06-11 16:45:00;M5;20;34;4077,06540;4083,70000;UP
2026-06-11 17:05:00;M5;20;89;4079,32852;4062,54000;DOWN
2026-06-11 17:25:00;M5;20;21;4070,03698;4074,72000;UP
2026-06-11 18:15:00;M5;20;55;4081,45336;4081,94000;UP
2026-06-11 18:30:00;M5;20;55;4080,37028;4079,58000;DOWN
2026-06-11 18:45:00;M5;20;55;4079,64709;4089,79000;UP
2026-06-11 19:25:00;M5;20;89;4080,41761;4079,61000;DOWN
2026-06-11 19:45:00;M5;20;89;4080,75629;4081,39000;UP
2026-06-11 20:00:00;M5;20;55;4079,15091;4074,74000;DOWN
2026-06-11 20:20:00;M5;20;34;4078,63082;4080,39000;UP
2026-06-11 20:05:00;M5;20;89;4081,04421;4076,63000;DOWN
2026-06-11 20:25:00;M5;20;21;4093,60645;4101,89000;UP
2026-06-11 23:25:00;M5;20;21;4223,05192;4214,06000;DOWN
2026-06-12 01:05:00;M5;20;34;4210,26111;4209,36000;DOWN
2026-06-12 01:40:00;M5;20;34;4219,12123;4225,85000;UP
2026-06-12 01:55:00;M5;20;21;4240,45235;4243,25000;UP
2026-06-12 02:00:00;M5;20;34;4228,24181;4227,13000;DOWN
2026-06-12 02:05:00;M5;20;21;4242,76978;4225,83000;DOWN
2026-06-12 03:05:00;M5;20;55;4220,99156;4217,10000;DOWN
2026-06-12 04:00:00;M5;20;89;4188,24572;4184,63000;DOWN
2026-06-12 05:05:00;M5;20;21;4196,51472;4197,37000;UP
2026-06-12 05:25:00;M5;20;21;4190,42940;4188,62000;DOWN
2026-06-12 05:45:00;M5;20;21;4186,34381;4190,55000;UP
2026-06-12 08:00:00;M5;20;21;4189,77953;4188,02000;DOWN
2026-06-12 09:10:00;M5;20;21;4182,34303;4182,80000;UP
2026-06-12 09:30:00;M5;20;34;4180,28178;4177,47000;DOWN
2026-06-12 09:50:00;M5;20;21;4177,97535;4178,36000;UP
2026-06-12 10:15:00;M5;20;34;4177,75283;4177,33000;DOWN
2026-06-12 10:35:00;M5;20;34;4176,88602;4178,50000;UP
2026-06-12 10:25:00;M5;20;21;4175,58369;4174,09000;DOWN
2026-06-12 10:55:00;M5;20;21;4176,60833;4194,20000;UP
2026-06-12 10:45:00;M5;20;34;4176,96982;4175,07000;DOWN
2026-06-12 11:05:00;M5;20;34;4179,07609;4201,90000;UP
2026-06-12 12:30:00;M5;20;89;4225,24068;4225,74000;UP
2026-06-12 12:45:00;M5;20;89;4225,67634;4223,92000;DOWN
2026-06-12 13:25:00;M5;20;34;4212,16576;4206,77000;DOWN
2026-06-12 13:45:00;M5;20;34;4215,33887;4215,56000;UP
2026-06-12 14:05:00;M5;20;34;4217,51578;4207,63000;DOWN
2026-06-12 14:25:00;M5;20;55;4206,44683;4202,52000;DOWN
2026-06-12 14:45:00;M5;20;55;4207,26539;4210,16000;UP
2026-06-12 15:05:00;M5;20;55;4208,06567;4207,69000;DOWN
2026-06-12 16:15:00;M5;20;21;4201,37202;4202,50000;UP
2026-06-12 16:30:00;M5;20;21;4199,06587;4198,87000;DOWN
2026-06-12 17:05:00;M5;20;21;4193,48829;4198,17000;UP
2026-06-12 17:25:00;M5;20;21;4191,10544;4188,63000;DOWN
2026-06-12 17:50:00;M5;20;21;4190,54587;4207,52000;UP
2026-06-12 18:15:00;M5;20;89;4214,67428;4215,10000;UP
2026-06-12 18:40:00;M5;20;89;4214,17437;4210,96000;DOWN
2026-06-12 18:50:00;M5;20;89;4213,87335;4215,44000;UP
2026-06-12 19:05:00;M5;20;89;4213,88582;4213,25000;DOWN
2026-06-12 19:25:00;M5;20;89;4214,06614;4216,97000;UP
2026-06-12 19:45:00;M5;20;89;4214,37383;4213,54000;DOWN
2026-06-12 20:05:00;M5;20;21;4218,97969;4220,70000;UP
2026-06-12 20:25:00;M5;20;21;4221,36372;4218,84000;DOWN
2026-06-12 20:50:00;M5;20;21;4223,31561;4223,46000;UP
2026-06-12 21:05:00;M5;20;21;4225,47553;4220,57000;DOWN
2026-06-12 21:30:00;M5;20;21;4227,18823;4227,34000;UP
2026-06-12 21:55:00;M5;20;89;4217,77601;4215,61000;DOWN
2026-06-12 22:05:00;M5;20;55;4217,18084;4217,50000;UP
2026-06-12 22:25:00;M5;20;55;4217,59873;4208,53000;DOWN
2026-06-12 23:45:00;M5;20;21;4214,56943;4214,96000;UP
2026-06-15 01:05:00;M5;20;34;4224,97089;4306,58000;UP
2026-06-15 03:05:00;M5;20;21;4299,90295;4296,60000;DOWN
2026-06-15 04:05:00;M5;20;34;4295,93885;4289,36000;DOWN
2026-06-15 04:40:00;M5;20;21;4317,30033;4317,79000;UP
2026-06-15 04:45:00;M5;20;21;4319,20391;4317,53000;DOWN
2026-06-15 05:10:00;M5;20;21;4322,36073;4326,54000;UP
2026-06-15 06:00:00;M5;20;34;4329,11335;4326,46000;DOWN
2026-06-15 07:00:00;M5;20;55;4323,84251;4323,16000;DOWN
2026-06-15 08:40:00;M5;20;89;4316,89469;4312,73000;DOWN
2026-06-15 10:05:00;M5;20;21;4310,66530;4312,52000;UP
2026-06-15 10:50:00;M5;20;34;4323,05416;4323,06000;UP
2026-06-15 11:30:00;M5;20;55;4342,84725;4343,34000;UP
2026-06-15 11:45:00;M5;20;89;4341,37482;4337,86000;DOWN
2026-06-15 12:55:00;M5;20;21;4337,34906;4336,59000;DOWN
2026-06-15 14:30:00;M5;20;21;4345,47448;4345,91000;UP
2026-06-15 14:40:00;M5;20;34;4338,80823;4338,47000;DOWN
2026-06-15 14:45:00;M5;20;55;4344,95627;4333,78000;DOWN
2026-06-15 15:30:00;M5;20;21;4342,01750;4342,38000;UP
2026-06-15 15:50:00;M5;20;55;4344,92515;4344,16000;DOWN
2026-06-15 16:10:00;M5;20;34;4345,32760;4349,35000;UP
2026-06-15 16:30:00;M5;20;89;4362,09540;4362,90000;UP
2026-06-15 16:45:00;M5;20;89;4362,93005;4361,87000;DOWN
2026-06-15 17:05:00;M5;20;89;4363,84318;4365,90000;UP
2026-06-15 17:25:00;M5;20;89;4364,75597;4363,57000;DOWN
2026-06-15 17:45:00;M5;20;21;4359,77969;4361,93000;UP
2026-06-15 17:55:00;M5;20;34;4356,72233;4356,72000;DOWN
2026-06-15 18:05:00;M5;20;55;4355,14573;4354,53000;DOWN
2026-06-15 18:40:00;M5;20;55;4356,57171;4357,39000;UP
2026-06-15 18:45:00;M5;20;55;4357,83538;4356,83000;DOWN
2026-06-15 21:35:00;M5;20;21;4324,89189;4324,94000;UP
2026-06-15 23:20:00;M5;20;21;4314,85215;4312,53000;DOWN
2026-06-16 01:05:00;M5;20;21;4310,13463;4313,32000;UP
2026-06-16 01:25:00;M5;20;34;4310,50152;4308,43000;DOWN
2026-06-16 01:45:00;M5;20;21;4307,75622;4311,22000;UP
2026-06-16 02:40:00;M5;20;55;4318,07167;4318,19000;UP
2026-06-16 02:55:00;M5;20;55;4315,77816;4315,60000;DOWN
2026-06-16 03:05:00;M5;20;55;4313,65802;4316,66000;UP
2026-06-16 03:25:00;M5;20;55;4311,73253;4308,32000;DOWN
2026-06-16 03:45:00;M5;20;21;4310,87039;4312,13000;UP
2026-06-16 04:50:00;M5;20;21;4315,40464;4313,92000;DOWN
2026-06-16 05:30:00;M5;20;21;4315,24293;4317,81000;UP
2026-06-16 05:45:00;M5;20;21;4315,43627;4311,96000;DOWN
2026-06-16 06:05:00;M5;20;21;4315,91941;4317,45000;UP
2026-06-16 06:25:00;M5;20;89;4318,89977;4321,19000;UP
2026-06-16 07:25:00;M5;20;21;4324,57840;4322,77000;DOWN
2026-06-16 08:05:00;M5;20;21;4326,74689;4328,32000;UP
2026-06-16 08:30:00;M5;20;34;4323,28229;4321,93000;DOWN
2026-06-16 09:20:00;M5;20;55;4315,00552;4314,74000;DOWN
2026-06-16 09:25:00;M5;20;55;4315,60043;4316,49000;UP
2026-06-16 09:55:00;M5;20;21;4321,12806;4323,86000;UP
2026-06-16 12:25:00;M5;20;21;4343,73960;4339,81000;DOWN
2026-06-16 12:50:00;M5;20;21;4346,77974;4348,15000;UP
2026-06-16 13:05:00;M5;20;21;4348,82619;4345,60000;DOWN
2026-06-16 13:30:00;M5;20;34;4343,43091;4342,97000;DOWN
2026-06-16 13:45:00;M5;20;34;4345,49700;4346,67000;UP
2026-06-16 14:05:00;M5;20;55;4340,69157;4340,46000;DOWN
2026-06-16 15:10:00;M5;20;55;4344,41014;4344,51000;UP
2026-06-16 15:35:00;M5;20;21;4345,48990;4346,88000;UP
2026-06-16 15:25:00;M5;20;55;4345,40279;4343,70000;DOWN
2026-06-16 15:45:00;M5;20;55;4346,57439;4348,98000;UP
2026-06-16 15:45:00;M5;20;34;4349,84514;4348,98000;DOWN
2026-06-16 16:05:00;M5;20;55;4347,51758;4343,13000;DOWN
2026-06-16 16:25:00;M5;20;89;4336,62312;4335,00000;DOWN
2026-06-16 17:00:00;M5;20;89;4337,61801;4338,61000;UP
2026-06-16 17:05:00;M5;20;89;4338,31769;4333,75000;DOWN
2026-06-16 18:25:00;M5;20;21;4324,80757;4325,73000;UP
2026-06-16 18:50:00;M5;20;34;4332,21027;4337,92000;UP
2026-06-16 19:05:00;M5;20;55;4341,26158;4341,92000;UP
2026-06-16 20:00:00;M5;20;89;4339,67842;4339,54000;DOWN
2026-06-16 20:15:00;M5;20;34;4332,42632;4331,25000;DOWN
2026-06-16 20:30:00;M5;20;21;4335,45103;4337,31000;UP
2026-06-16 20:50:00;M5;20;55;4339,11299;4339,34000;UP
2026-06-16 20:45:00;M5;20;21;4337,22665;4337,20000;DOWN
2026-06-16 21:05:00;M5;20;21;4338,89161;4340,32000;UP
2026-06-16 21:05:00;M5;20;89;4341,00796;4340,32000;DOWN
2026-06-16 21:35:00;M5;20;21;4340,19344;4338,57000;DOWN
2026-06-16 22:00:00;M5;20;21;4340,89915;4341,86000;UP
2026-06-16 21:45:00;M5;20;55;4338,11976;4336,57000;DOWN
2026-06-16 22:05:00;M5;20;55;4337,87103;4340,96000;UP
2026-06-16 22:05:00;M5;20;89;4341,84287;4340,96000;DOWN
2026-06-16 22:35:00;M5;20;55;4337,66492;4337,60000;DOWN
2026-06-16 22:45:00;M5;20;55;4337,38903;4337,70000;UP
2026-06-16 22:50:00;M5;20;34;4336,95262;4333,89000;DOWN
2026-06-16 23:05:00;M5;20;55;4337,03905;4332,22000;DOWN
2026-06-17 01:45:00;M5;20;21;4332,21570;4333,27000;UP
2026-06-17 02:35:00;M5;20;55;4334,35738;4333,64000;DOWN
2026-06-17 03:00:00;M5;20;34;4334,10451;4334,43000;UP
2026-06-17 02:55:00;M5;20;21;4331,97195;4330,96000;DOWN
2026-06-17 03:05:00;M5;20;21;4332,64908;4338,13000;UP
2026-06-17 03:25:00;M5;20;89;4339,03937;4337,31000;DOWN
2026-06-17 04:00:00;M5;20;89;4338,70985;4341,79000;UP
2026-06-17 03:45:00;M5;20;55;4334,42130;4333,83000;DOWN
2026-06-17 04:05:00;M5;20;21;4335,86178;4347,64000;UP
2026-06-17 04:45:00;M5;20;89;4338,25679;4337,21000;DOWN
2026-06-17 05:05:00;M5;20;21;4340,34960;4341,76000;UP
2026-06-17 05:25:00;M5;20;21;4341,23934;4340,57000;DOWN
2026-06-17 05:45:00;M5;20;89;4338,20912;4334,64000;DOWN
2026-06-17 08:25:00;M5;20;21;4325,87641;4327,23000;UP
2026-06-17 08:45:00;M5;20;34;4329,87131;4331,80000;UP
2026-06-17 09:05:00;M5;20;34;4328,58301;4327,59000;DOWN
2026-06-17 09:25:00;M5;20;21;4323,45526;4324,35000;UP
2026-06-17 09:55:00;M5;20;55;4330,03159;4331,69000;UP
2026-06-17 10:10:00;M5;20;55;4329,47834;4327,19000;DOWN
2026-06-17 10:25:00;M5;20;55;4329,04865;4329,11000;UP
2026-06-17 10:45:00;M5;20;55;4328,56015;4326,44000;DOWN
2026-06-17 11:05:00;M5;20;21;4325,88661;4327,10000;UP
2026-06-17 11:25:00;M5;20;34;4324,08344;4323,56000;DOWN
2026-06-17 11:50:00;M5;20;21;4324,49852;4324,51000;UP
2026-06-17 12:15:00;M5;20;55;4325,78448;4326,69000;UP
2026-06-17 12:05:00;M5;20;34;4323,15147;4321,94000;DOWN
2026-06-17 12:25:00;M5;20;21;4324,62246;4331,96000;UP
2026-06-17 12:45:00;M5;20;89;4328,01650;4326,97000;DOWN
2026-06-17 13:05:00;M5;20;89;4327,62168;4329,39000;UP
2026-06-17 14:05:00;M5;20;21;4328,82709;4328,29000;DOWN
2026-06-17 14:30:00;M5;20;89;4326,74300;4325,60000;DOWN
2026-06-17 14:55:00;M5;20;55;4324,65961;4323,11000;DOWN
2026-06-17 15:20:00;M5;20;34;4326,82322;4326,85000;UP
2026-06-17 15:30:00;M5;20;21;4328,02537;4328,92000;UP
2026-06-17 15:25:00;M5;20;89;4326,08127;4325,01000;DOWN
2026-06-17 15:45:00;M5;20;34;4327,33636;4333,38000;UP
2026-06-17 16:05:00;M5;20;34;4327,98739;4327,56000;DOWN
2026-06-17 16:25:00;M5;20;21;4330,64919;4335,37000;UP
2026-06-17 18:05:00;M5;20;21;4346,02466;4344,77000;DOWN
2026-06-17 18:25:00;M5;20;21;4350,41768;4355,34000;UP
2026-06-17 19:30:00;M5;20;21;4363,44855;4361,59000;DOWN
2026-06-17 19:45:00;M5;20;34;4357,03241;4356,65000;DOWN
2026-06-17 20:15:00;M5;20;34;4359,90017;4362,12000;UP
2026-06-17 20:30:00;M5;20;21;4369,63175;4377,63000;UP
2026-06-17 20:25:00;M5;20;34;4363,08828;4361,29000;DOWN
2026-06-17 20:45:00;M5;20;34;4366,70132;4376,22000;UP
2026-06-17 21:00:00;M5;20;89;4342,82233;4316,70000;DOWN
2026-06-17 21:05:00;M5;20;34;4366,46329;4295,36000;DOWN
2026-06-17 23:05:00;M5;20;21;4250,88384;4254,12000;UP
2026-06-18 01:05:00;M5;20;34;4265,54461;4266,55000;UP
2026-06-18 02:25:00;M5;20;55;4278,06481;4279,97000;UP
2026-06-18 02:45:00;M5;20;55;4273,71407;4273,68000;DOWN
2026-06-18 03:05:00;M5;20;55;4270,36914;4293,10000;UP
2026-06-18 05:25:00;M5;20;21;4329,06707;4324,38000;DOWN
2026-06-18 06:25:00;M5;20;34;4314,90632;4314,73000;DOWN
2026-06-18 06:55:00;M5;20;34;4319,40341;4319,65000;UP
2026-06-18 07:05:00;M5;20;34;4322,99115;4316,98000;DOWN
2026-06-18 08:25:00;M5;20;21;4320,43077;4323,04000;UP
2026-06-18 08:45:00;M5;20;55;4306,81264;4302,97000;DOWN
2026-06-18 10:10:00;M5;20;21;4305,37212;4307,08000;UP
2026-06-18 10:35:00;M5;20;89;4294,89854;4294,35000;DOWN
2026-06-18 10:45:00;M5;20;89;4294,69160;4295,56000;UP
2026-06-18 11:05:00;M5;20;89;4294,36714;4291,24000;DOWN
2026-06-18 12:45:00;M5;20;21;4268,75832;4269,09000;UP
2026-06-18 13:05:00;M5;20;21;4264,97554;4264,35000;DOWN
2026-06-18 13:25:00;M5;20;21;4261,94994;4269,41000;UP
2026-06-18 13:55:00;M5;20;21;4258,66258;4255,47000;DOWN
2026-06-18 15:05:00;M5;20;21;4242,54536;4244,11000;UP
2026-06-18 15:35:00;M5;20;34;4244,83743;4242,55000;DOWN
2026-06-18 15:45:00;M5;20;34;4241,84202;4244,60000;UP
2026-06-18 16:10:00;M5;20;55;4256,96875;4259,21000;UP
2026-06-18 16:30:00;M5;20;89;4270,37969;4272,22000;UP
2026-06-18 16:45:00;M5;20;89;4268,43320;4260,00000;DOWN
2026-06-18 17:15:00;M5;20;55;4249,17576;4249,37000;UP
2026-06-18 17:05:00;M5;20;21;4249,35083;4243,59000;DOWN
2026-06-18 17:35:00;M5;20;21;4251,06823;4251,18000;UP
2026-06-18 17:25:00;M5;20;55;4246,96655;4244,20000;DOWN
2026-06-18 17:50:00;M5;20;55;4245,01604;4247,29000;UP
2026-06-18 17:45:00;M5;20;21;4252,07744;4243,44000;DOWN
2026-06-18 18:05:00;M5;20;21;4251,68211;4253,35000;UP
2026-06-18 18:15:00;M5;20;55;4243,02590;4242,36000;DOWN
2026-06-18 18:25:00;M5;20;21;4248,61914;4235,65000;DOWN
2026-06-18 20:05:00;M5;20;21;4222,07541;4224,90000;UP
2026-06-18 20:30:00;M5;20;55;4223,87983;4222,95000;DOWN
2026-06-18 20:45:00;M5;20;34;4224,69184;4228,96000;UP
2026-06-18 21:35:00;M5;20;34;4221,90497;4221,09000;DOWN
2026-06-18 21:45:00;M5;20;34;4220,11252;4221,58000;UP
2026-06-18 22:00:00;M5;20;55;4217,52512;4212,44000;DOWN
2026-06-18 22:05:00;M5;20;34;4217,47981;4208,27000;DOWN
2026-06-18 22:40:00;M5;20;21;4213,49733;4213,99000;UP
2026-06-18 22:45:00;M5;20;34;4212,35319;4215,87000;UP
2026-06-18 23:25:00;M5;20;89;4216,36852;4218,94000;UP
2026-06-18 23:45:00;M5;20;89;4214,10202;4209,98000;DOWN
2026-06-19 01:10:00;M5;20;34;4207,18755;4208,01000;UP
2026-06-19 01:15:00;M5;20;55;4206,58727;4205,70000;DOWN
2026-06-19 01:25:00;M5;20;34;4205,87362;4204,05000;DOWN
2026-06-19 01:45:00;M5;20;21;4204,96348;4208,74000;UP
2026-06-19 02:05:00;M5;20;89;4205,51785;4200,16000;DOWN
2026-06-19 03:30:00;M5;20;21;4189,49135;4189,87000;UP
2026-06-19 03:45:00;M5;20;34;4190,39825;4190,42000;UP
2026-06-19 04:05:00;M5;20;34;4188,00622;4184,94000;DOWN
2026-06-19 04:25:00;M5;20;34;4185,91389;4190,73000;UP
2026-06-19 04:45:00;M5;20;89;4187,79840;4184,71000;DOWN
2026-06-19 05:05:00;M5;20;55;4183,31620;4184,04000;UP
2026-06-19 05:10:00;M5;20;34;4181,97346;4179,90000;DOWN
2026-06-19 05:25:00;M5;20;21;4177,28718;4179,42000;UP
2026-06-19 05:25:00;M5;20;55;4181,41980;4179,42000;DOWN
2026-06-19 06:00:00;M5;20;21;4175,70241;4169,51000;DOWN
2026-06-19 08:25:00;M5;20;21;4131,22989;4133,65000;UP
2026-06-19 08:50:00;M5;20;34;4137,83209;4138,94000;UP
2026-06-19 09:05:00;M5;20;55;4143,14914;4143,42000;UP
2026-06-19 09:30:00;M5;20;55;4139,39502;4138,66000;DOWN
2026-06-19 09:45:00;M5;20;55;4136,32694;4145,38000;UP
2026-06-19 12:05:00;M5;20;21;4166,55254;4165,27000;DOWN
2026-06-19 13:10:00;M5;20;34;4155,71617;4155,30000;DOWN
2026-06-19 15:00:00;M5;20;21;4153,43123;4157,52000;UP
2026-06-19 15:05:00;M5;20;34;4158,13628;4158,43000;UP
2026-06-19 15:25:00;M5;20;34;4157,52391;4151,56000;DOWN
2026-06-19 15:50:00;M5;20;34;4158,26694;4172,99000;UP
2026-06-19 15:45:00;M5;20;21;4151,65560;4148,76000;DOWN
2026-06-19 16:05:00;M5;20;21;4154,48161;4182,44000;UP
2026-06-19 16:40:00;M5;20;34;4160,01940;4158,55000;DOWN
2026-06-19 16:45:00;M5;20;21;4158,93282;4156,84000;DOWN
2026-06-19 17:05:00;M5;20;55;4152,56784;4150,15000;DOWN
2026-06-19 18:45:00;M5;20;21;4150,93514;4151,55000;UP
2026-06-19 19:05:00;M5;20;21;4148,98104;4145,98000;DOWN
2026-06-19 19:30:00;M5;20;21;4147,75628;4149,58000;UP
2026-06-19 19:45:00;M5;20;55;4152,60303;4156,93000;UP
2026-06-22 01:10:00;M5;20;55;4152,34706;4151,48000;DOWN
2026-06-22 01:25:00;M5;20;34;4150,49264;4152,12000;UP
2026-06-22 02:30:00;M5;20;55;4151,85969;4147,84000;DOWN
2026-06-22 02:45:00;M5;20;89;4141,58759;4137,13000;DOWN
2026-06-22 03:10:00;M5;20;21;4151,05972;4161,04000;UP
2026-06-22 04:55:00;M5;20;21;4191,13739;4190,91000;DOWN
2026-06-22 05:55:00;M5;20;34;4188,84208;4188,43000;DOWN
2026-06-22 06:15:00;M5;20;55;4177,49310;4176,14000;DOWN
2026-06-22 06:25:00;M5;20;55;4179,55301;4180,02000;UP
2026-06-22 06:45:00;M5;20;55;4181,06091;4177,24000;DOWN
2026-06-22 07:55:00;M5;20;21;4181,38454;4181,79000;UP
2026-06-22 08:10:00;M5;20;55;4185,33403;4185,36000;UP
2026-06-22 08:25:00;M5;20;34;4192,23299;4193,94000;UP
2026-06-22 09:00:00;M5;20;34;4192,80163;4191,46000;DOWN
2026-06-22 09:05:00;M5;20;34;4193,47314;4196,59000;UP
2026-06-22 10:25:00;M5;20;55;4197,89703;4197,60000;DOWN
2026-06-22 12:00:00;M5;20;21;4197,96909;4202,17000;UP
2026-06-22 13:45:00;M5;20;55;4206,70507;4205,35000;DOWN
2026-06-22 14:05:00;M5;20;21;4209,98459;4210,85000;UP
2026-06-22 14:25:00;M5;20;89;4205,05752;4203,96000;DOWN
2026-06-22 15:00:00;M5;20;34;4209,38851;4210,61000;UP
2026-06-22 15:05:00;M5;20;89;4207,95301;4207,71000;DOWN
2026-06-22 16:45:00;M5;20;21;4199,23283;4199,86000;UP
2026-06-22 17:05:00;M5;20;34;4204,62077;4206,13000;UP
2026-06-22 17:15:00;M5;20;21;4197,22871;4195,96000;DOWN
2026-06-22 17:25:00;M5;20;34;4202,85517;4191,92000;DOWN
2026-06-22 17:45:00;M5;20;21;4193,82460;4201,09000;UP
2026-06-22 18:15:00;M5;20;21;4192,48072;4192,13000;DOWN
2026-06-22 19:30:00;M5;20;21;4182,72181;4184,62000;UP
2026-06-22 19:50:00;M5;20;34;4186,92141;4186,97000;UP
2026-06-22 20:30:00;M5;20;34;4184,07692;4178,91000;DOWN
2026-06-22 20:45:00;M5;20;21;4181,02880;4182,40000;UP
2026-06-22 21:40:00;M5;20;55;4189,50016;4189,75000;UP
2026-06-22 22:40:00;M5;20;55;4186,51791;4184,36000;DOWN
2026-06-22 22:55:00;M5;20;21;4187,63740;4190,48000;UP
2026-06-22 23:45:00;M5;20;21;4191,43723;4191,12000;DOWN
2026-06-23 01:05:00;M5;20;21;4192,50103;4192,62000;UP
2026-06-23 01:25:00;M5;20;21;4193,20960;4192,80000;DOWN
2026-06-23 01:45:00;M5;20;34;4189,12824;4188,65000;DOWN
2026-06-23 02:05:00;M5;20;34;4189,94823;4191,80000;UP
2026-06-23 02:35:00;M5;20;21;4193,40496;4194,90000;UP
2026-06-23 02:45:00;M5;20;89;4193,63572;4190,76000;DOWN
2026-06-23 03:05:00;M5;20;55;4186,35783;4184,46000;DOWN
2026-06-23 03:40:00;M5;20;21;4190,00628;4192,63000;UP
2026-06-23 03:45:00;M5;20;89;4191,76151;4191,12000;DOWN
2026-06-23 04:10:00;M5;20;55;4186,33655;4185,30000;DOWN
2026-06-23 06:45:00;M5;20;21;4138,05003;4139,04000;UP
2026-06-23 07:45:00;M5;20;34;4138,63390;4138,80000;UP
2026-06-23 07:55:00;M5;20;21;4126,92844;4118,09000;DOWN
2026-06-23 08:05:00;M5;20;21;4123,56548;4127,99000;UP
2026-06-23 08:05:00;M5;20;34;4133,63597;4127,99000;DOWN
2026-06-23 08:30:00;M5;20;34;4128,88523;4131,33000;UP
2026-06-23 08:45:00;M5;20;34;4124,38178;4118,89000;DOWN
2026-06-23 09:10:00;M5;20;34;4120,40145;4122,50000;UP
2026-06-23 09:05:00;M5;20;21;4116,47201;4113,46000;DOWN
2026-06-23 09:25:00;M5;20;21;4114,76945;4116,42000;UP
2026-06-23 09:25:00;M5;20;34;4116,76551;4116,42000;DOWN
2026-06-23 09:45:00;M5;20;34;4113,45710;4115,48000;UP
2026-06-23 10:40:00;M5;20;34;4108,37881;4104,90000;DOWN
2026-06-23 10:45:00;M5;20;34;4105,59506;4106,44000;UP
2026-06-23 11:05:00;M5;20;34;4102,65711;4094,21000;DOWN
2026-06-23 11:30:00;M5;20;21;4100,93536;4101,71000;UP
2026-06-23 11:45:00;M5;20;55;4104,77887;4104,35000;DOWN
2026-06-23 12:05:00;M5;20;55;4101,56499;4109,87000;UP
2026-06-23 12:45:00;M5;20;89;4116,85476;4117,45000;UP
2026-06-23 14:30:00;M5;20;21;4125,88851;4123,52000;DOWN
2026-06-23 15:10:00;M5;20;34;4116,02820;4114,05000;DOWN
2026-06-23 15:35:00;M5;20;34;4117,86229;4121,99000;UP
2026-06-23 15:45:00;M5;20;34;4118,97913;4118,13000;DOWN
2026-06-23 16:30:00;M5;20;21;4120,54546;4122,41000;UP
2026-06-23 17:35:00;M5;20;34;4124,75973;4124,21000;DOWN
2026-06-23 17:45:00;M5;20;21;4126,63275;4126,71000;UP
2026-06-23 18:05:00;M5;20;34;4127,69209;4123,67000;DOWN
2026-06-23 18:30:00;M5;20;21;4129,87278;4132,97000;UP
2026-06-23 19:05:00;M5;20;21;4135,37409;4134,76000;DOWN
2026-06-23 19:30:00;M5;20;21;4138,34906;4140,55000;UP
2026-06-23 19:55:00;M5;20;34;4135,28855;4134,29000;DOWN
2026-06-23 20:10:00;M5;20;34;4136,64613;4138,48000;UP
2026-06-23 20:25:00;M5;20;34;4137,44168;4130,99000;DOWN
2026-06-23 20:50:00;M5;20;55;4130,88373;4128,53000;DOWN
2026-06-23 22:35:00;M5;20;21;4121,78805;4122,53000;UP
2026-06-23 22:55:00;M5;20;89;4114,29656;4111,55000;DOWN
2026-06-23 23:45:00;M5;20;21;4109,11655;4110,33000;UP
2026-06-24 01:20:00;M5;20;21;4107,39574;4106,29000;DOWN
2026-06-24 01:25:00;M5;20;21;4105,30385;4105,93000;UP
2026-06-24 02:00:00;M5;20;21;4103,43836;4100,21000;DOWN
2026-06-24 02:45:00;M5;20;21;4095,00431;4095,69000;UP
2026-06-24 03:20:00;M5;20;34;4098,14010;4096,33000;DOWN
2026-06-24 03:25:00;M5;20;34;4096,05420;4099,70000;UP
2026-06-24 04:00:00;M5;20;34;4094,39876;4073,50000;DOWN
2026-06-24 04:25:00;M5;20;21;4090,79491;4098,47000;UP
2026-06-24 04:45:00;M5;20;34;4089,62633;4085,88000;DOWN
2026-06-24 06:40:00;M5;20;21;4062,58741;4068,38000;UP
2026-06-24 06:45:00;M5;20;34;4066,07131;4066,61000;UP
2026-06-24 07:05:00;M5;20;34;4062,28465;4058,70000;DOWN
2026-06-24 07:25:00;M5;20;34;4059,33558;4063,16000;UP
2026-06-24 08:05:00;M5;20;55;4062,57538;4069,41000;UP
2026-06-24 08:30:00;M5;20;89;4077,99974;4082,06000;UP
2026-06-24 08:45:00;M5;20;89;4075,83708;4074,87000;DOWN
2026-06-24 09:05:00;M5;20;89;4074,05846;4090,56000;UP
2026-06-24 10:25:00;M5;20;21;4085,85299;4084,39000;DOWN
2026-06-24 11:55:00;M5;20;34;4076,69794;4076,24000;DOWN
2026-06-24 12:15:00;M5;20;34;4078,12176;4078,38000;UP
2026-06-24 12:25:00;M5;20;34;4078,77450;4069,29000;DOWN
2026-06-24 13:00:00;M5;20;89;4064,50773;4062,09000;DOWN
2026-06-24 13:40:00;M5;20;89;4062,52669;4064,82000;UP
2026-06-24 13:45:00;M5;20;21;4063,11146;4063,43000;UP
2026-06-24 13:50:00;M5;20;89;4061,38796;4058,65000;DOWN
2026-06-24 14:05:00;M5;20;21;4057,59654;4049,17000;DOWN
2026-06-24 14:50:00;M5;20;21;4048,17009;4054,60000;UP
2026-06-24 15:05:00;M5;20;21;4043,86689;4040,73000;DOWN
2026-06-24 16:35:00;M5;20;21;4001,63610;4005,06000;UP
2026-06-24 16:45:00;M5;20;34;4016,98071;4019,61000;UP
2026-06-24 17:05:00;M5;20;55;4031,70395;4027,79000;DOWN
2026-06-24 17:30:00;M5;20;55;4027,45341;4030,83000;UP
2026-06-24 17:45:00;M5;20;55;4023,40948;4011,14000;DOWN
2026-06-24 18:15:00;M5;20;34;4002,57209;4010,92000;UP
2026-06-24 18:45:00;M5;20;55;4012,45496;4013,06000;UP
2026-06-24 19:05:00;M5;20;55;4008,79971;4000,37000;DOWN
2026-06-24 19:25:00;M5;20;21;4003,54974;4016,05000;UP
2026-06-24 19:45:00;M5;20;89;4014,93631;4007,44000;DOWN
2026-06-24 20:15:00;M5;20;55;4000,12390;3999,98000;DOWN
2026-06-24 21:10:00;M5;20;34;3988,24527;3988,84000;UP
2026-06-24 21:25:00;M5;20;21;3986,77947;3990,20000;UP
2026-06-24 21:35:00;M5;20;34;3986,30523;3984,55000;DOWN
2026-06-24 21:45:00;M5;20;55;3983,86592;3979,26000;DOWN
2026-06-24 22:25:00;M5;20;21;3976,92465;3984,00000;UP
2026-06-24 22:50:00;M5;20;89;3989,35287;3990,59000;UP
2026-06-25 01:50:00;M5;20;21;3995,84541;3994,92000;DOWN
2026-06-25 02:20:00;M5;20;21;3998,54818;3999,85000;UP
2026-06-25 02:25:00;M5;20;21;4002,39737;3998,17000;DOWN
2026-06-25 02:45:00;M5;20;21;4006,35896;4010,77000;UP
2026-06-25 03:10:00;M5;20;21;4008,97383;4005,44000;DOWN
2026-06-25 03:25:00;M5;20;34;3997,73713;3996,17000;DOWN
2026-06-25 03:50:00;M5;20;34;3998,58347;3999,56000;UP
2026-06-25 03:45:00;M5;20;55;3983,51670;3983,48000;DOWN
2026-06-25 04:05:00;M5;20;55;3984,40483;3991,23000;UP
2026-06-25 04:05:00;M5;20;34;3998,88041;3991,23000;DOWN
2026-06-25 04:30:00;M5;20;55;3985,00793;3983,48000;DOWN
2026-06-25 04:45:00;M5;20;55;3985,09212;3985,44000;UP
2026-06-25 05:05:00;M5;20;89;3973,23045;3965,75000;DOWN
2026-06-25 05:25:00;M5;20;21;3985,63651;3986,40000;UP
2026-06-25 05:45:00;M5;20;55;3984,55239;3983,14000;DOWN
2026-06-25 06:15:00;M5;20;21;3979,80380;3981,86000;UP
2026-06-25 06:10:00;M5;20;89;3971,66303;3970,60000;DOWN
2026-06-25 06:25:00;M5;20;89;3971,11276;3976,33000;UP
2026-06-25 06:25:00;M5;20;21;3977,02943;3976,33000;DOWN
2026-06-25 06:45:00;M5;20;21;3976,96804;3986,55000;UP
2026-06-25 08:35:00;M5;20;55;3985,52448;3984,80000;DOWN
2026-06-25 08:50:00;M5;20;34;3984,31686;3988,32000;UP
2026-06-25 09:10:00;M5;20;55;3985,42469;3980,12000;DOWN
2026-06-25 09:25:00;M5;20;34;3983,01287;3984,22000;UP
2026-06-25 09:50:00;M5;20;34;3982,10796;3977,70000;DOWN
2026-06-25 10:05:00;M5;20;21;3983,10204;3984,79000;UP
2026-06-25 10:35:00;M5;20;55;3982,44021;3978,15000;DOWN
2026-06-25 10:55:00;M5;20;21;3980,97092;3987,88000;UP
2026-06-25 12:40:00;M5;20;21;3991,29558;3988,38000;DOWN
2026-06-25 12:55:00;M5;20;34;3988,29135;3988,10000;DOWN
2026-06-25 13:10:00;M5;20;55;3984,88638;3984,35000;DOWN
2026-06-25 13:25:00;M5;20;34;3988,68240;3989,16000;UP
2026-06-25 13:45:00;M5;20;55;3985,59044;3984,35000;DOWN
2026-06-25 14:25:00;M5;20;89;3979,04284;3977,17000;DOWN
2026-06-25 14:45:00;M5;20;21;3984,77284;3985,63000;UP
2026-06-25 15:05:00;M5;20;55;3985,12027;3983,21000;DOWN
2026-06-25 15:25:00;M5;20;21;3983,44375;3984,54000;UP
2026-06-25 16:55:00;M5;20;21;4007,20604;4002,20000;DOWN
2026-06-25 17:05:00;M5;20;21;4012,41999;4016,93000;UP
2026-06-25 17:45:00;M5;20;21;4019,84730;4016,45000;DOWN
2026-06-25 18:20:00;M5;20;21;4022,18255;4037,79000;UP
2026-06-25 18:10:00;M5;20;34;4011,34169;4007,98000;DOWN
2026-06-25 18:25:00;M5;20;34;4014,63104;4026,90000;UP
2026-06-25 18:30:00;M5;20;21;4024,85869;4022,15000;DOWN
2026-06-25 18:45:00;M5;20;21;4028,72818;4031,59000;UP
2026-06-25 19:30:00;M5;20;21;4036,23645;4034,86000;DOWN
2026-06-25 19:45:00;M5;20;34;4031,81531;4031,49000;DOWN
2026-06-25 21:25:00;M5;20;21;4040,58414;4043,97000;UP
2026-06-25 21:40:00;M5;20;55;4032,87461;4032,70000;DOWN
2026-06-25 21:45:00;M5;20;34;4042,74579;4032,22000;DOWN
2026-06-25 22:10:00;M5;20;21;4039,79059;4040,09000;UP
2026-06-25 22:25:00;M5;20;55;4039,47663;4036,01000;DOWN
2026-06-25 23:30:00;M5;20;89;4028,83482;4026,79000;DOWN
2026-06-26 01:30:00;M5;20;21;4027,63453;4029,62000;UP
2026-06-26 01:45:00;M5;20;89;4033,84600;4024,86000;DOWN
2026-06-26 02:15:00;M5;20;21;4025,72689;4026,18000;UP
2026-06-26 02:30:00;M5;20;21;4024,90156;4021,37000;DOWN
2026-06-26 03:15:00;M5;20;21;4021,57547;4021,95000;UP
2026-06-26 03:25:00;M5;20;21;4019,87738;4015,45000;DOWN
2026-06-26 03:45:00;M5;20;21;4018,64658;4019,04000;UP
2026-06-26 04:15:00;M5;20;34;4021,87924;4024,55000;UP
2026-06-26 04:05:00;M5;20;21;4018,36235;4017,41000;DOWN
2026-06-26 04:25:00;M5;20;21;4018,31205;4022,61000;UP
2026-06-26 04:30:00;M5;20;34;4020,82085;4020,25000;DOWN
2026-06-26 04:55:00;M5;20;34;4019,97127;4020,87000;UP
2026-06-26 04:45:00;M5;20;21;4018,36206;4016,32000;DOWN
2026-06-26 05:05:00;M5;20;34;4018,69602;4016,92000;DOWN
2026-06-26 06:40:00;M5;20;21;3999,98516;4000,25000;UP
2026-06-26 06:55:00;M5;20;34;4003,50413;4004,25000;UP
2026-06-26 07:05:00;M5;20;34;4001,67926;4000,92000;DOWN
2026-06-26 07:25:00;M5;20;34;4000,33414;4007,43000;UP
2026-06-26 07:45:00;M5;20;55;4008,81487;4009,34000;UP
2026-06-26 09:20:00;M5;20;89;4021,68714;4023,06000;UP
2026-06-26 10:45:00;M5;20;21;4030,14436;4028,93000;DOWN
2026-06-26 12:15:00;M5;20;21;4040,37364;4046,43000;UP
2026-06-26 13:15:00;M5;20;21;4049,08383;4044,52000;DOWN
2026-06-26 13:30:00;M5;20;21;4050,77325;4054,03000;UP
2026-06-26 13:45:00;M5;20;21;4052,67079;4048,82000;DOWN
2026-06-26 14:10:00;M5;20;34;4051,46795;4047,18000;DOWN
2026-06-26 14:30:00;M5;20;34;4053,76873;4053,83000;UP
2026-06-26 14:45:00;M5;20;34;4055,37045;4045,78000;DOWN
2026-06-26 15:15:00;M5;20;55;4044,51000;4044,39000;DOWN
2026-06-26 15:55:00;M5;20;21;4052,94844;4059,01000;UP
2026-06-26 16:05:00;M5;20;55;4051,01663;4044,61000;DOWN
2026-06-26 16:25:00;M5;20;21;4052,44989;4057,16000;UP
2026-06-26 18:30:00;M5;20;21;4083,71974;4082,07000;DOWN
2026-06-26 18:45:00;M5;20;21;4088,95549;4094,65000;UP
2026-06-26 19:05:00;M5;20;21;4093,29679;4089,26000;DOWN
2026-06-26 19:35:00;M5;20;34;4086,64090;4084,54000;DOWN
2026-06-26 19:45:00;M5;20;55;4084,28363;4083,75000;DOWN
2026-06-26 20:05:00;M5;20;55;4086,69829;4086,85000;UP
2026-06-26 20:25:00;M5;20;55;4088,56757;4081,42000;DOWN
2026-06-26 21:15:00;M5;20;89;4076,56378;4074,32000;DOWN
2026-06-26 22:45:00;M5;20;21;4068,57009;4069,99000;UP
2026-06-26 23:05:00;M5;20;21;4066,75939;4066,14000;DOWN
2026-06-26 23:25:00;M5;20;21;4065,69160;4072,03000;UP
2026-06-26 23:50:00;M5;20;34;4076,18939;4081,13000;UP
2026-06-29 01:05:00;M5;20;89;4086,55739;4075,99000;DOWN
2026-06-29 01:45:00;M5;20;21;4066,26328;4069,02000;UP
2026-06-29 02:05:00;M5;20;34;4068,25490;4070,32000;UP
2026-06-29 02:15:00;M5;20;21;4064,78843;4060,08000;DOWN
2026-06-29 02:25:00;M5;20;34;4066,08293;4056,95000;DOWN
2026-06-29 02:50:00;M5;20;21;4062,29536;4064,42000;UP
2026-06-29 03:05:00;M5;20;34;4062,61058;4058,04000;DOWN
2026-06-29 03:35:00;M5;20;21;4059,48791;4060,57000;UP
2026-06-29 04:10:00;M5;20;34;4059,73247;4054,82000;DOWN
2026-06-29 04:25:00;M5;20;21;4059,06188;4059,18000;UP
2026-06-29 05:15:00;M5;20;55;4065,90815;4067,55000;UP
2026-06-29 05:35:00;M5;20;55;4064,68981;4060,19000;DOWN
2026-06-29 05:45:00;M5;20;21;4061,68132;4067,42000;UP
2026-06-29 07:05:00;M5;20;21;4066,83008;4066,23000;DOWN
2026-06-29 07:30:00;M5;20;55;4061,89472;4061,08000;DOWN
2026-06-29 09:00:00;M5;20;21;4055,02291;4058,72000;UP
2026-06-29 10:25:00;M5;20;89;4065,59189;4066,01000;UP
2026-06-29 10:45:00;M5;20;89;4064,68239;4063,53000;DOWN
2026-06-29 11:10:00;M5;20;89;4063,91739;4063,93000;UP
2026-06-29 11:25:00;M5;20;89;4063,26233;4061,21000;DOWN
2026-06-29 14:05:00;M5;20;21;4034,50071;4036,66000;UP
2026-06-29 14:55:00;M5;20;34;4038,02576;4039,16000;UP
2026-06-29 15:20:00;M5;20;55;4041,72034;4039,78000;DOWN
2026-06-29 15:30:00;M5;20;55;4040,54290;4043,22000;UP
2026-06-29 16:00:00;M5;20;89;4045,79200;4050,59000;UP
2026-06-29 16:20:00;M5;20;89;4044,83177;4043,61000;DOWN
2026-06-29 16:25:00;M5;20;55;4038,48075;4037,78000;DOWN
2026-06-29 16:50:00;M5;20;34;4034,60212;4031,90000;DOWN
2026-06-29 18:45:00;M5;20;21;4022,44580;4026,77000;UP
2026-06-29 19:10:00;M5;20;55;4025,91090;4023,67000;DOWN
2026-06-29 19:25:00;M5;20;34;4022,92086;4023,64000;UP
2026-06-29 19:30:00;M5;20;21;4019,72648;4019,39000;DOWN
2026-06-29 19:45:00;M5;20;21;4019,13743;4026,08000;UP
2026-06-29 20:05:00;M5;20;89;4028,28791;4030,40000;UP
2026-06-29 20:25:00;M5;20;89;4027,04851;4023,87000;DOWN
2026-06-29 20:45:00;M5;20;21;4021,30141;4021,29000;DOWN
2026-06-29 21:05:00;M5;20;21;4021,80285;4022,43000;UP
2026-06-29 21:25:00;M5;20;21;4021,80255;4021,06000;DOWN
2026-06-29 21:45:00;M5;20;55;4018,22127;4015,88000;DOWN
2026-06-29 22:25:00;M5;20;21;4016,85299;4017,02000;UP
2026-06-29 22:45:00;M5;20;55;4015,22748;4014,78000;DOWN
2026-06-29 23:15:00;M5;20;21;4014,47175;4016,70000;UP
2026-06-29 23:25:00;M5;20;89;4016,33134;4017,72000;UP
2026-06-29 23:45:00;M5;20;89;4015,24013;4014,73000;DOWN
2026-06-30 01:05:00;M5;20;89;4014,26394;4020,93000;UP
2026-06-30 01:35:00;M5;20;89;4013,31055;4012,67000;DOWN
2026-06-30 01:45:00;M5;20;21;4013,35078;4014,03000;UP
2026-06-30 02:40:00;M5;20;21;4015,14422;4015,13000;DOWN
2026-06-30 02:45:00;M5;20;21;4015,78788;4016,64000;UP
2026-06-30 03:00:00;M5;20;89;4010,41025;4008,43000;DOWN
2026-06-30 03:10:00;M5;20;55;4010,27154;4010,60000;UP
2026-06-30 03:05:00;M5;20;21;4015,03144;4004,54000;DOWN
2026-06-30 03:25:00;M5;20;89;4008,87006;4006,22000;DOWN
2026-06-30 05:45:00;M5;20;21;3959,32242;3963,97000;UP
2026-06-30 06:45:00;M5;20;34;3963,34512;3968,23000;UP
2026-06-30 07:15:00;M5;20;55;3972,98704;3974,33000;UP
2026-06-30 07:25:00;M5;20;89;3980,24872;3982,66000;UP
2026-06-30 08:55:00;M5;20;21;3978,78376;3977,90000;DOWN
2026-06-30 09:05:00;M5;20;21;3981,94805;3987,24000;UP
2026-06-30 11:05:00;M5;20;21;4032,58053;4027,32000;DOWN
2026-06-30 11:45:00;M5;20;34;4020,25541;4018,34000;DOWN
2026-06-30 13:25:00;M5;20;21;4028,34724;4028,50000;UP
2026-06-30 15:10:00;M5;20;55;4028,07065;4026,60000;DOWN
2026-06-30 16:15:00;M5;20;21;4026,46191;4029,85000;UP
2026-06-30 16:25:00;M5;20;21;4024,05999;4023,77000;DOWN
2026-06-30 16:45:00;M5;20;21;4023,12922;4023,90000;UP
2026-06-30 17:05:00;M5;20;34;4030,41684;4043,23000;UP
2026-06-30 17:55:00;M5;20;55;4038,78500;4037,36000;DOWN
2026-06-30 18:15:00;M5;20;34;4034,82414;4027,04000;DOWN
2026-06-30 19:55:00;M5;20;89;4029,88179;4026,08000;DOWN
2026-06-30 20:45:00;M5;20;21;4028,59941;4029,57000;UP
2026-06-30 21:20:00;M5;20;34;4031,81661;4031,67000;DOWN
2026-06-30 21:50:00;M5;20;34;4031,59186;4031,93000;UP
2026-06-30 22:00:00;M5;20;21;4028,18744;4026,68000;DOWN
2026-06-30 22:05:00;M5;20;34;4030,99297;4025,09000;DOWN
2026-07-01 01:05:00;M5;20;21;4013,22606;4017,05000;UP
2026-07-01 02:05:00;M5;20;34;4013,88139;4017,44000;UP
2026-07-01 02:25:00;M5;20;34;4012,49867;4011,00000;DOWN
2026-07-01 02:45:00;M5;20;21;4007,48558;4007,43000;DOWN
2026-07-01 03:05:00;M5;20;21;4005,99390;4007,44000;UP
2026-07-01 03:25:00;M5;20;21;4004,22126;4001,73000;DOWN
2026-07-01 05:20:00;M5;20;21;3981,21285;3981,41000;UP
2026-07-01 06:05:00;M5;20;34;3979,96334;3984,91000;UP
2026-07-01 06:30:00;M5;20;34;3977,94375;3977,02000;DOWN
2026-07-01 06:45:00;M5;20;34;3976,16340;3977,65000;UP
2026-07-01 07:45:00;M5;20;55;3977,21429;3979,71000;UP
2026-07-01 08:05:00;M5;20;55;3975,03144;3973,25000;DOWN
2026-07-01 08:25:00;M5;20;21;3972,39650;3972,72000;UP
2026-07-01 09:05:00;M5;20;55;3969,35999;3966,97000;DOWN
2026-07-01 09:40:00;M5;20;21;3969,70883;3971,69000;UP
2026-07-01 10:00:00;M5;20;21;3968,71405;3966,45000;DOWN
2026-07-01 10:15:00;M5;20;21;3968,02675;3970,24000;UP
2026-07-01 10:05:00;M5;20;55;3964,56590;3964,19000;DOWN
2026-07-01 10:35:00;M5;20;34;3965,26555;3968,91000;UP
2026-07-01 10:25:00;M5;20;21;3967,59053;3964,26000;DOWN
2026-07-01 10:45:00;M5;20;21;3968,05586;3970,85000;UP
2026-07-01 11:05:00;M5;20;89;3973,33677;3971,31000;DOWN
2026-07-01 11:25:00;M5;20;89;3971,67527;3978,78000;UP
2026-07-01 12:05:00;M5;20;21;3973,89865;3973,71000;DOWN
2026-07-01 12:25:00;M5;20;21;3975,76910;3978,76000;UP
2026-07-01 15:25:00;M5;20;21;4026,75027;4025,83000;DOWN
2026-07-01 16:20:00;M5;20;21;4034,98584;4043,65000;UP
2026-07-01 16:05:00;M5;20;34;4020,01649;4017,92000;DOWN
2026-07-01 16:25:00;M5;20;34;4026,74537;4047,08000;UP
2026-07-01 17:45:00;M5;20;21;4092,56841;4089,01000;DOWN
2026-07-01 18:25:00;M5;20;34;4088,35746;4083,87000;DOWN
2026-07-01 19:30:00;M5;20;55;4076,78881;4076,22000;DOWN
2026-07-01 21:45:00;M5;20;89;4063,20394;4061,48000;DOWN
2026-07-01 22:05:00;M5;20;21;4063,56137;4067,43000;UP
2026-07-01 22:25:00;M5;20;89;4069,04035;4058,81000;DOWN
2026-07-02 01:05:00;M5;20;21;4033,00105;4035,58000;UP
2026-07-02 01:45:00;M5;20;34;4041,06508;4043,83000;UP
2026-07-02 02:10:00;M5;20;34;4037,83961;4037,67000;DOWN
2026-07-02 02:25:00;M5;20;34;4035,06341;4037,20000;UP
2026-07-02 04:00:00;M5;20;55;4052,25270;4065,04000;UP
2026-07-02 04:30:00;M5;20;55;4048,09335;4048,07000;DOWN
2026-07-02 04:45:00;M5;20;55;4046,66183;4052,57000;UP
2026-07-02 05:00:00;M5;20;21;4048,94761;4047,02000;DOWN
2026-07-02 05:15:00;M5;20;21;4051,84380;4054,01000;UP
2026-07-02 05:05:00;M5;20;55;4045,64126;4044,56000;DOWN
2026-07-02 05:25:00;M5;20;55;4044,86341;4051,59000;UP
2026-07-02 05:25:00;M5;20;21;4053,80558;4051,59000;DOWN
2026-07-02 05:45:00;M5;20;21;4055,82279;4056,80000;UP
2026-07-02 06:05:00;M5;20;21;4057,90593;4055,77000;DOWN
2026-07-02 06:25:00;M5;20;21;4060,29166;4065,31000;UP
2026-07-02 06:50:00;M5;20;89;4070,17829;4072,02000;UP
2026-07-02 07:15:00;M5;20;89;4069,85141;4067,32000;DOWN
2026-07-02 07:45:00;M5;20;34;4062,10231;4062,04000;DOWN
2026-07-02 09:00:00;M5;20;21;4067,13368;4070,17000;UP
2026-07-02 09:40:00;M5;20;34;4069,37869;4068,13000;DOWN
2026-07-02 09:45:00;M5;20;21;4070,92716;4073,26000;UP
2026-07-02 10:15:00;M5;20;89;4066,81369;4065,07000;DOWN
2026-07-02 10:40:00;M5;20;21;4071,68693;4074,49000;UP
2026-07-02 10:50:00;M5;20;89;4066,88782;4066,27000;DOWN
2026-07-02 11:15:00;M5;20;21;4071,64853;4073,18000;UP
2026-07-02 11:30:00;M5;20;34;4074,05904;4073,80000;DOWN
2026-07-02 11:45:00;M5;20;34;4074,68411;4076,48000;UP
2026-07-02 12:20:00;M5;20;89;4068,22678;4067,57000;DOWN
2026-07-02 12:40:00;M5;20;89;4068,64981;4069,32000;UP
2026-07-02 12:45:00;M5;20;89;4069,02683;4069,00000;DOWN
2026-07-02 14:35:00;M5;20;21;4065,90563;4066,75000;UP
2026-07-02 14:50:00;M5;20;89;4070,58389;4070,52000;DOWN
2026-07-02 15:05:00;M5;20;34;4068,23949;4069,95000;UP
2026-07-02 15:15:00;M5;20;21;4063,97052;4061,80000;DOWN
2026-07-02 15:30:00;M5;20;21;4071,14634;4127,18000;UP
2026-07-02 15:25:00;M5;20;34;4071,24603;4064,94000;DOWN
2026-07-02 15:45:00;M5;20;34;4076,20074;4124,86000;UP
2026-07-02 17:05:00;M5;20;21;4129,47347;4127,90000;DOWN
2026-07-02 18:05:00;M5;20;34;4124,22548;4121,05000;DOWN
2026-07-02 18:30:00;M5;20;34;4128,68659;4129,67000;UP
2026-07-02 18:45:00;M5;20;34;4132,67691;4128,74000;DOWN
2026-07-02 19:20:00;M5;20;55;4120,13206;4117,07000;DOWN
2026-07-02 19:30:00;M5;20;89;4107,32010;4103,02000;DOWN
2026-07-02 19:45:00;M5;20;89;4109,74814;4117,57000;UP
2026-07-02 20:25:00;M5;20;89;4113,94992;4112,61000;DOWN
2026-07-02 21:05:00;M5;20;21;4114,56454;4122,39000;UP
2026-07-02 22:00:00;M5;20;89;4120,39093;4118,39000;DOWN
2026-07-02 22:15:00;M5;20;21;4113,49316;4111,79000;DOWN
2026-07-02 22:40:00;M5;20;21;4113,28132;4113,39000;UP
2026-07-02 22:50:00;M5;20;34;4122,61925;4123,68000;UP
2026-07-02 23:10:00;M5;20;34;4121,37663;4119,89000;DOWN
2026-07-02 23:25:00;M5;20;34;4120,51806;4123,58000;UP
2026-07-02 23:45:00;M5;20;34;4120,17590;4119,65000;DOWN
2026-07-03 01:05:00;M5;20;34;4120,21380;4127,94000;UP
2026-07-03 01:45:00;M5;20;21;4123,90055;4123,86000;DOWN
2026-07-03 02:05:00;M5;20;21;4125,00042;4126,78000;UP
2026-07-03 02:35:00;M5;20;21;4125,78056;4123,27000;DOWN
2026-07-03 02:45:00;M5;20;21;4126,52601;4130,54000;UP
2026-07-03 03:20:00;M5;20;89;4135,97094;4138,54000;UP
2026-07-03 03:05:00;M5;20;55;4130,99850;4128,72000;DOWN
2026-07-03 03:25:00;M5;20;55;4131,15273;4137,19000;UP
2026-07-03 03:30:00;M5;20;89;4137,04174;4134,67000;DOWN
2026-07-03 03:45:00;M5;20;89;4138,27251;4140,98000;UP
2026-07-03 05:25:00;M5;20;21;4181,29178;4179,10000;DOWN
2026-07-03 06:40:00;M5;20;34;4180,42981;4177,35000;DOWN
2026-07-03 07:45:00;M5;20;55;4178,43108;4176,30000;DOWN
2026-07-03 08:35:00;M5;20;89;4174,97293;4174,17000;DOWN
2026-07-03 09:45:00;M5;20;21;4172,43105;4173,09000;UP
2026-07-03 11:00:00;M5;20;34;4181,94345;4183,03000;UP
2026-07-03 11:45:00;M5;20;34;4180,40430;4177,13000;DOWN
2026-07-03 12:10:00;M5;20;21;4178,76650;4180,36000;UP
2026-07-03 12:25:00;M5;20;34;4179,32116;4171,90000;DOWN
2026-07-03 13:05:00;M5;20;21;4178,20901;4178,45000;UP
2026-07-03 13:30:00;M5;20;34;4177,29410;4177,01000;DOWN
2026-07-03 14:00:00;M5;20;21;4177,80778;4178,89000;UP
2026-07-03 15:00:00;M5;20;34;4178,99135;4178,28000;DOWN
2026-07-03 15:05:00;M5;20;21;4180,38056;4181,11000;UP
2026-07-03 15:25:00;M5;20;34;4179,57855;4174,69000;DOWN
2026-07-03 17:45:00;M5;20;21;4165,18517;4166,70000;UP
2026-07-03 18:20:00;M5;20;34;4169,81831;4169,68000;DOWN
2026-07-03 18:45:00;M5;20;34;4167,94800;4168,42000;UP
2026-07-03 19:05:00;M5;20;34;4166,90462;4165,20000;DOWN
2026-07-03 19:25:00;M5;20;34;4166,04549;4166,70000;UP
2026-07-03 19:45:00;M5;20;55;4170,53956;4170,94000;UP
2026-07-06 01:25:00;M5;20;89;4183,57224;4184,96000;UP
2026-07-06 02:45:00;M5;20;89;4183,23297;4181,90000;DOWN
2026-07-06 03:10:00;M5;20;55;4175,67047;4174,90000;DOWN
2026-07-06 03:35:00;M5;20;34;4182,67555;4184,65000;UP
2026-07-06 03:50:00;M5;20;89;4183,71127;4183,60000;DOWN
2026-07-06 04:10:00;M5;20;34;4185,22641;4188,75000;UP
2026-07-06 04:30:00;M5;20;21;4190,84296;4197,74000;UP
2026-07-06 04:55:00;M5;20;34;4188,53422;4186,06000;DOWN
2026-07-06 05:05:00;M5;20;89;4184,79138;4180,96000;DOWN
2026-07-06 08:30:00;M5;20;21;4153,53412;4156,46000;UP
2026-07-06 08:55:00;M5;20;21;4150,55028;4148,04000;DOWN
2026-07-06 09:05:00;M5;20;21;4148,00438;4151,27000;UP
2026-07-06 09:25:00;M5;20;34;4154,43993;4156,47000;UP
2026-07-06 09:55:00;M5;20;34;4151,69535;4150,36000;DOWN
2026-07-06 10:10:00;M5;20;34;4149,43799;4151,01000;UP
2026-07-06 10:40:00;M5;20;55;4160,11518;4163,48000;UP
2026-07-06 11:15:00;M5;20;55;4156,95964;4156,35000;DOWN
2026-07-06 11:35:00;M5;20;21;4152,63530;4151,03000;DOWN
2026-07-06 12:20:00;M5;20;34;4147,10702;4146,97000;DOWN
2026-07-06 13:10:00;M5;20;21;4147,45898;4148,31000;UP
2026-07-06 14:10:00;M5;20;89;4154,75135;4154,79000;UP
2026-07-06 14:40:00;M5;20;89;4153,82329;4153,54000;DOWN
2026-07-06 14:50:00;M5;20;89;4152,99610;4155,15000;UP
2026-07-06 15:20:00;M5;20;89;4152,26330;4147,09000;DOWN
2026-07-06 15:30:00;M5;20;55;4144,46902;4143,63000;DOWN
2026-07-06 16:00:00;M5;20;55;4144,14116;4144,70000;UP
2026-07-06 16:10:00;M5;20;55;4143,61155;4141,24000;DOWN
2026-07-06 16:30:00;M5;20;21;4146,88903;4149,13000;UP
2026-07-06 16:45:00;M5;20;89;4147,08974;4146,58000;DOWN
2026-07-06 17:30:00;M5;20;21;4140,29489;4140,92000;UP
2026-07-06 18:00:00;M5;20;34;4142,31849;4144,11000;UP
2026-07-06 17:45:00;M5;20;21;4138,09831;4133,51000;DOWN
2026-07-06 18:05:00;M5;20;21;4136,65048;4144,28000;UP
2026-07-06 18:10:00;M5;20;89;4142,15838;4139,68000;DOWN
2026-07-06 18:25:00;M5;20;34;4140,76064;4150,48000;UP
2026-07-06 19:10:00;M5;20;34;4140,79436;4140,50000;DOWN
2026-07-06 19:25:00;M5;20;34;4141,11879;4145,49000;UP
2026-07-06 21:05:00;M5;20;21;4157,27828;4156,32000;DOWN
2026-07-06 21:25:00;M5;20;21;4160,60992;4161,70000;UP
2026-07-06 21:50:00;M5;20;21;4163,34913;4162,86000;DOWN
2026-07-06 23:05:00;M5;20;34;4162,57232;4161,68000;DOWN
2026-07-06 23:30:00;M5;20;34;4163,98016;4164,47000;UP
2026-07-06 23:45:00;M5;20;34;4165,21520;4163,33000;DOWN
2026-07-07 01:15:00;M5;20;21;4166,84495;4167,11000;UP
2026-07-07 01:25:00;M5;20;34;4167,51518;4166,05000;DOWN
2026-07-07 02:25:00;M5;20;55;4163,79524;4163,19000;DOWN
2026-07-07 03:35:00;M5;20;89;4154,86489;4151,00000;DOWN
2026-07-07 04:45:00;M5;20;21;4143,52764;4144,25000;UP
2026-07-07 05:05:00;M5;20;21;4140,11767;4138,12000;DOWN
2026-07-07 05:25:00;M5;20;21;4137,77181;4140,59000;UP
2026-07-07 05:45:00;M5;20;21;4135,70451;4135,31000;DOWN
2026-07-07 06:05:00;M5;20;21;4133,90685;4138,40000;UP
2026-07-07 06:40:00;M5;20;21;4132,13138;4129,63000;DOWN
2026-07-07 06:55:00;M5;20;21;4130,49006;4131,06000;UP
2026-07-07 07:05:00;M5;20;34;4134,17047;4139,66000;UP
2026-07-07 07:30:00;M5;20;34;4131,76800;4130,57000;DOWN
2026-07-07 07:55:00;M5;20;21;4127,46436;4126,66000;DOWN
2026-07-07 08:05:00;M5;20;21;4125,79191;4125,99000;UP
2026-07-07 08:25:00;M5;20;34;4124,77420;4128,26000;UP
2026-07-07 08:30:00;M5;20;21;4123,59558;4123,03000;DOWN
2026-07-07 08:50:00;M5;20;21;4121,74604;4125,24000;UP
2026-07-07 08:45:00;M5;20;34;4122,72895;4121,74000;DOWN
2026-07-07 09:05:00;M5;20;34;4121,05527;4123,00000;UP
2026-07-07 09:40:00;M5;20;55;4129,00505;4132,34000;UP
2026-07-07 11:10:00;M5;20;89;4134,50420;4136,92000;UP
2026-07-07 11:35:00;M5;20;89;4133,46870;4131,88000;DOWN
2026-07-07 11:45:00;M5;20;21;4129,04401;4128,14000;DOWN
2026-07-07 12:40:00;M5;20;21;4130,13101;4132,86000;UP
2026-07-07 12:25:00;M5;20;34;4124,36023;4121,50000;DOWN
2026-07-07 12:45:00;M5;20;34;4125,22275;4127,36000;UP
2026-07-07 12:45:00;M5;20;89;4129,46615;4127,36000;DOWN
2026-07-07 13:05:00;M5;20;21;4131,31926;4133,56000;UP
2026-07-07 13:45:00;M5;20;21;4133,84068;4133,45000;DOWN
2026-07-07 14:15:00;M5;20;21;4135,57999;4140,90000;UP
2026-07-07 16:05:00;M5;20;21;4166,63433;4162,56000;DOWN
2026-07-07 16:40:00;M5;20;21;4171,42366;4177,49000;UP
2026-07-07 16:55:00;M5;20;34;4162,62138;4158,53000;DOWN
2026-07-07 17:30:00;M5;20;55;4152,23286;4151,27000;DOWN
2026-07-07 17:45:00;M5;20;55;4154,39203;4156,50000;UP
2026-07-07 18:05:00;M5;20;55;4155,91845;4153,34000;DOWN
2026-07-07 18:45:00;M5;20;89;4142,57378;4142,14000;DOWN
2026-07-07 19:15:00;M5;20;89;4143,21682;4144,18000;UP
2026-07-07 19:25:00;M5;20;21;4144,99112;4146,10000;UP
2026-07-07 19:30:00;M5;20;89;4143,76296;4143,26000;DOWN
2026-07-07 19:45:00;M5;20;89;4144,25880;4144,66000;UP
2026-07-07 20:10:00;M5;20;89;4144,69312;4142,98000;DOWN
2026-07-07 20:25:00;M5;20;89;4145,13041;4146,01000;UP
2026-07-07 20:45:00;M5;20;89;4145,55044;4145,29000;DOWN
2026-07-07 21:30:00;M5;20;21;4139,11662;4138,94000;DOWN
2026-07-07 23:05:00;M5;20;21;4113,77399;4113,95000;UP
2026-07-07 23:30:00;M5;20;21;4108,67155;4107,13000;DOWN
2026-07-07 23:45:00;M5;20;21;4104,24315;4105,15000;UP
2026-07-08 02:05:00;M5;20;34;4099,73207;4105,78000;UP
2026-07-08 03:20:00;M5;20;55;4105,77351;4105,85000;UP
2026-07-08 03:35:00;M5;20;89;4122,19591;4122,76000;UP
2026-07-08 03:50:00;M5;20;89;4120,44862;4115,28000;DOWN
2026-07-08 04:30:00;M5;20;55;4098,79235;4098,02000;DOWN
2026-07-08 04:45:00;M5;20;21;4106,42639;4110,10000;UP
2026-07-08 05:05:00;M5;20;89;4113,97275;4116,68000;UP
2026-07-08 07:10:00;M5;20;21;4124,59896;4124,28000;DOWN
2026-07-08 08:00:00;M5;20;21;4127,86853;4127,89000;UP
2026-07-08 08:05:00;M5;20;21;4129,09211;4128,16000;DOWN
2026-07-08 08:25:00;M5;20;34;4124,86636;4121,94000;DOWN
2026-07-08 08:55:00;M5;20;34;4126,73540;4127,75000;UP
2026-07-08 09:10:00;M5;20;21;4131,06408;4131,41000;UP
2026-07-08 09:05:00;M5;20;34;4128,44354;4125,67000;DOWN
2026-07-08 09:25:00;M5;20;21;4131,04683;4129,55000;DOWN
2026-07-08 10:10:00;M5;20;55;4118,88454;4117,91000;DOWN
2026-07-08 10:40:00;M5;20;21;4126,51801;4127,12000;UP
2026-07-08 10:50:00;M5;20;55;4121,34770;4119,88000;DOWN
2026-07-08 11:05:00;M5;20;21;4119,43817;4120,36000;UP
2026-07-08 11:15:00;M5;20;89;4110,46736;4088,72000;DOWN
2026-07-08 11:25:00;M5;20;21;4110,03656;4088,73000;DOWN
2026-07-08 13:15:00;M5;20;21;4047,84706;4050,75000;UP
2026-07-08 14:25:00;M5;20;34;4047,85319;4050,11000;UP
2026-07-08 15:05:00;M5;20;55;4065,62600;4069,27000;UP
2026-07-08 15:40:00;M5;20;89;4076,00564;4078,00000;UP
2026-07-08 15:55:00;M5;20;89;4073,98453;4072,08000;DOWN
2026-07-08 16:05:00;M5;20;89;4072,20314;4074,25000;UP
2026-07-08 16:25:00;M5;20;89;4070,71524;4066,70000;DOWN
2026-07-08 16:45:00;M5;20;89;4069,36417;4069,55000;UP
2026-07-08 16:45:00;M5;20;21;4070,37620;4069,55000;DOWN
2026-07-08 17:05:00;M5;20;89;4067,90546;4063,64000;DOWN
2026-07-08 17:35:00;M5;20;55;4051,32094;4043,01000;DOWN
2026-07-08 19:05:00;M5;20;21;4036,77863;4039,30000;UP
2026-07-08 19:25:00;M5;20;34;4041,61883;4043,65000;UP
2026-07-08 22:40:00;M5;20;21;4084,34154;4084,05000;DOWN
2026-07-08 23:25:00;M5;20;34;4077,32676;4076,80000;DOWN
2026-07-09 03:00:00;M5;20;21;4077,58940;4080,59000;UP
2026-07-09 02:45:00;M5;20;55;4073,60236;4072,58000;DOWN
2026-07-09 03:10:00;M5;20;34;4084,78270;4087,53000;UP
2026-07-09 03:20:00;M5;20;21;4077,38623;4077,36000;DOWN
2026-07-09 03:25:00;M5;20;21;4077,66920;4077,98000;UP
2026-07-09 03:40:00;M5;20;55;4077,28183;4076,89000;DOWN
2026-07-09 03:45:00;M5;20;21;4077,61237;4077,32000;DOWN
2026-07-09 05:10:00;M5;20;21;4075,09000;4078,41000;UP
2026-07-09 05:30:00;M5;20;34;4078,59794;4072,32000;DOWN
2026-07-09 05:55:00;M5;20;89;4065,62053;4065,00000;DOWN
2026-07-09 07:05:00;M5;20;21;4061,59631;4062,01000;UP
2026-07-09 07:25:00;M5;20;21;4059,92081;4058,91000;DOWN
2026-07-09 07:45:00;M5;20;21;4058,99485;4061,43000;UP
2026-07-09 08:10:00;M5;20;55;4072,44414;4073,46000;UP
2026-07-09 11:00:00;M5;20;21;4107,52039;4106,79000;DOWN
2026-07-09 11:20:00;M5;20;21;4112,51414;4115,73000;UP
2026-07-09 11:25:00;M5;20;21;4116,79906;4114,78000;DOWN
2026-07-09 12:05:00;M5;20;34;4108,26971;4106,55000;DOWN
2026-07-09 13:40:00;M5;20;55;4103,85727;4103,40000;DOWN
2026-07-09 14:45:00;M5;20;21;4105,83958;4106,12000;UP
2026-07-09 15:05:00;M5;20;34;4115,32552;4115,44000;UP
2026-07-09 15:25:00;M5;20;55;4113,14080;4107,07000;DOWN
2026-07-09 15:55:00;M5;20;21;4108,17349;4107,72000;DOWN
2026-07-09 16:05:00;M5;20;21;4110,44182;4116,20000;UP
2026-07-09 16:50:00;M5;20;55;4119,75488;4118,73000;DOWN
2026-07-09 17:05:00;M5;20;55;4121,24803;4126,27000;UP
2026-07-09 17:15:00;M5;20;34;4118,06677;4117,28000;DOWN
2026-07-09 17:25:00;M5;20;21;4121,86916;4124,67000;UP
2026-07-09 17:45:00;M5;20;55;4123,97837;4119,52000;DOWN
2026-07-09 18:05:00;M5;20;21;4126,36876;4126,65000;UP
2026-07-09 18:25:00;M5;20;21;4128,64098;4127,80000;DOWN
2026-07-09 18:50:00;M5;20;55;4127,67163;4127,46000;DOWN
2026-07-09 19:10:00;M5;20;55;4128,77677;4130,16000;UP
2026-07-09 19:25:00;M5;20;21;4132,60904;4132,63000;UP
2026-07-09 19:55:00;M5;20;55;4130,95546;4127,99000;DOWN
2026-07-09 20:15:00;M5;20;89;4127,20613;4126,70000;DOWN
2026-07-09 20:35:00;M5;20;34;4132,72005;4133,19000;UP
2026-07-09 20:45:00;M5;20;21;4133,90842;4136,18000;UP
2026-07-09 21:00:00;M5;20;55;4133,73418;4131,18000;DOWN
2026-07-09 21:05:00;M5;20;89;4131,88140;4130,47000;DOWN
2026-07-09 23:30:00;M5;20;21;4122,34754;4124,04000;UP
2026-07-10 02:05:00;M5;20;34;4123,96201;4124,18000;UP
2026-07-10 02:25:00;M5;20;34;4123,30295;4122,07000;DOWN
2026-07-10 02:45:00;M5;20;21;4122,06227;4124,05000;UP
2026-07-10 03:10:00;M5;20;34;4122,20765;4122,14000;DOWN
2026-07-10 03:40:00;M5;20;21;4121,78819;4123,08000;UP
2026-07-10 04:30:00;M5;20;34;4121,08611;4119,96000;DOWN
2026-07-10 05:05:00;M5;20;21;4120,62610;4124,82000;UP
2026-07-10 05:30:00;M5;20;55;4123,85914;4123,33000;DOWN
2026-07-10 05:45:00;M5;20;55;4123,53522;4125,72000;UP
2026-07-10 06:20:00;M5;20;55;4123,33066;4122,31000;DOWN
2026-07-10 06:25:00;M5;20;21;4123,70662;4125,24000;UP
2026-07-10 06:40:00;M5;20;34;4122,12843;4121,53000;DOWN
2026-07-10 06:45:00;M5;20;55;4122,98130;4121,00000;DOWN
2026-07-10 08:55:00;M5;20;21;4116,18901;4116,78000;UP
2026-07-10 09:15:00;M5;20;34;4118,00118;4119,88000;UP
2026-07-10 09:10:00;M5;20;21;4115,22762;4115,01000;DOWN
2026-07-10 09:35:00;M5;20;21;4114,52809;4115,48000;UP
2026-07-10 09:25:00;M5;20;55;4118,66740;4114,49000;DOWN
2026-07-10 09:45:00;M5;20;21;4113,75375;4113,18000;DOWN
2026-07-10 10:15:00;M5;20;21;4113,09953;4114,10000;UP
2026-07-10 10:35:00;M5;20;21;4112,33521;4111,72000;DOWN
2026-07-10 12:25:00;M5;20;21;4101,32854;4102,73000;UP
2026-07-10 12:45:00;M5;20;34;4103,39600;4103,49000;UP
2026-07-10 13:05:00;M5;20;55;4106,88069;4106,30000;DOWN
2026-07-10 13:25:00;M5;20;55;4105,89064;4109,40000;UP
2026-07-10 13:55:00;M5;20;55;4105,01102;4104,62000;DOWN
2026-07-10 14:05:00;M5;20;55;4104,28749;4105,78000;UP
2026-07-10 14:25:00;M5;20;55;4103,44781;4100,20000;DOWN
2026-07-10 14:45:00;M5;20;21;4101,92425;4105,73000;UP
2026-07-10 15:10:00;M5;20;89;4108,25625;4114,99000;UP
2026-07-10 15:25:00;M5;20;89;4107,41015;4106,03000;DOWN
2026-07-10 15:45:00;M5;20;34;4100,05744;4101,57000;UP
2026-07-10 16:05:00;M5;20;21;4102,71469;4105,61000;UP
2026-07-10 16:20:00;M5;20;55;4100,21804;4096,91000;DOWN
2026-07-10 16:25:00;M5;20;21;4101,74613;4087,27000;DOWN
2026-07-10 16:45:00;M5;20;21;4100,81646;4101,38000;UP
2026-07-10 17:15:00;M5;20;89;4103,21621;4104,30000;UP
2026-07-10 17:05:00;M5;20;21;4100,53327;4100,34000;DOWN
2026-07-10 17:25:00;M5;20;21;4099,79340;4105,42000;UP
2026-07-10 17:30:00;M5;20;89;4102,40113;4089,90000;DOWN
2026-07-10 17:45:00;M5;20;34;4098,77858;4107,29000;UP
2026-07-10 17:55:00;M5;20;21;4098,54763;4092,80000;DOWN
2026-07-10 18:05:00;M5;20;21;4097,64086;4098,51000;UP
2026-07-10 18:05:00;M5;20;89;4100,67300;4098,51000;DOWN
2026-07-10 18:25:00;M5;20;34;4098,28012;4102,05000;UP
2026-07-10 20:00:00;M5;20;34;4102,92834;4102,87000;DOWN
2026-07-10 20:15:00;M5;20;34;4103,87314;4104,45000;UP
2026-07-10 20:35:00;M5;20;34;4104,48318;4104,09000;DOWN
2026-07-10 21:35:00;M5;20;55;4100,99327;4099,74000;DOWN
2026-07-10 21:50:00;M5;20;55;4101,07102;4101,18000;UP
2026-07-10 22:00:00;M5;20;89;4098,26200;4097,95000;DOWN
2026-07-10 22:05:00;M5;20;89;4098,11050;4101,34000;UP
2026-07-10 22:40:00;M5;20;21;4102,22791;4102,46000;UP
2026-07-10 22:45:00;M5;20;34;4104,14943;4104,75000;UP
2026-07-13 01:05:00;M5;20;89;4099,02287;4090,42000;DOWN
2026-07-13 02:55:00;M5;20;21;4080,77919;4084,38000;UP
2026-07-13 03:05:00;M5;20;34;4087,40946;4088,41000;UP
2026-07-13 03:25:00;M5;20;34;4084,24567;4074,64000;DOWN
2026-07-13 03:50:00;M5;20;21;4070,55255;4074,37000;UP
2026-07-13 04:10:00;M5;20;34;4078,32857;4079,46000;UP
2026-07-13 04:35:00;M5;20;55;4085,56195;4087,38000;UP
2026-07-13 04:50:00;M5;20;55;4083,55497;4074,07000;DOWN
2026-07-13 05:05:00;M5;20;34;4072,42429;4073,21000;UP
2026-07-13 05:25:00;M5;20;34;4070,84153;4067,18000;DOWN
2026-07-13 05:45:00;M5;20;34;4069,15878;4069,42000;UP
2026-07-13 06:05:00;M5;20;34;4067,01433;4061,47000;DOWN
2026-07-13 07:55:00;M5;20;21;4056,61833;4058,86000;UP
2026-07-13 08:05:00;M5;20;55;4061,19898;4070,90000;UP
2026-07-13 08:25:00;M5;20;55;4059,38672;4058,15000;DOWN
2026-07-13 08:45:00;M5;20;55;4057,58908;4062,44000;UP
2026-07-13 08:55:00;M5;20;34;4055,33291;4053,79000;DOWN
2026-07-13 09:20:00;M5;20;21;4054,57954;4055,14000;UP
2026-07-13 09:05:00;M5;20;55;4055,83614;4052,87000;DOWN
2026-07-13 09:25:00;M5;20;55;4054,41457;4061,11000;UP
2026-07-13 09:50:00;M5;20;21;4054,70715;4053,86000;DOWN
2026-07-13 10:05:00;M5;20;21;4054,94798;4058,33000;UP
2026-07-13 10:50:00;M5;20;89;4059,13873;4061,39000;UP
2026-07-13 12:30:00;M5;20;21;4072,38551;4071,74000;DOWN
2026-07-13 13:40:00;M5;20;89;4055,64349;4052,20000;DOWN
2026-07-13 13:55:00;M5;20;55;4058,50251;4060,54000;UP
2026-07-13 14:50:00;M5;20;55;4059,80792;4056,52000;DOWN
2026-07-13 15:20:00;M5;20;55;4060,00366;4062,14000;UP
2026-07-13 15:30:00;M5;20;21;4060,59654;4062,86000;UP
2026-07-13 15:25:00;M5;20;55;4060,17856;4058,95000;DOWN
2026-07-13 15:45:00;M5;20;34;4065,46645;4065,66000;UP
2026-07-13 16:05:00;M5;20;34;4064,83026;4063,31000;DOWN
2026-07-13 16:30:00;M5;20;55;4060,92098;4058,35000;DOWN
2026-07-13 16:45:00;M5;20;89;4053,05550;4050,75000;DOWN
2026-07-13 18:45:00;M5;20;21;4011,48576;4013,69000;UP
2026-07-13 19:30:00;M5;20;21;4001,77228;3994,82000;DOWN
2026-07-13 19:45:00;M5;20;21;3996,53872;3998,61000;UP
2026-07-13 20:30:00;M5;20;34;4000,18162;4000,29000;UP
2026-07-13 20:50:00;M5;20;34;3995,43389;3994,85000;DOWN
2026-07-13 21:05:00;M5;20;34;3990,97172;3991,95000;UP
2026-07-13 21:45:00;M5;20;55;4001,05886;4001,71000;UP
2026-07-13 23:55:00;M5;20;89;4001,83916;4001,97000;UP
2026-07-14 01:55:00;M5;20;21;4001,81773;4000,95000;DOWN
2026-07-14 03:15:00;M5;20;89;3990,05907;3987,83000;DOWN
2026-07-14 03:30:00;M5;20;21;3999,09896;4004,90000;UP
2026-07-14 04:00:00;M5;20;21;3999,10610;3998,68000;DOWN
2026-07-14 04:15:00;M5;20;21;3999,49287;4002,89000;UP
2026-07-14 04:05:00;M5;20;34;3997,76912;3995,00000;DOWN
2026-07-14 04:40:00;M5;20;34;3998,47980;4002,02000;UP
2026-07-14 04:25:00;M5;20;21;3999,62207;3997,74000;DOWN
2026-07-14 04:45:00;M5;20;21;4000,72453;4002,40000;UP
2026-07-14 06:45:00;M5;20;21;4016,39215;4015,67000;DOWN
2026-07-14 07:30:00;M5;20;21;4019,44991;4021,78000;UP
2026-07-14 07:45:00;M5;20;21;4020,92996;4017,84000;DOWN
2026-07-14 08:05:00;M5;20;21;4022,14374;4022,75000;UP
2026-07-14 08:25:00;M5;20;21;4023,76285;4022,68000;DOWN
2026-07-14 08:45:00;M5;20;21;4025,89867;4030,65000;UP
2026-07-14 09:20:00;M5;20;21;4027,94818;4027,69000;DOWN
2026-07-14 09:25:00;M5;20;34;4026,58991;4022,91000;DOWN
2026-07-14 10:45:00;M5;20;55;4024,35648;4023,38000;DOWN
2026-07-14 12:45:00;M5;20;21;4018,63096;4023,05000;UP
2026-07-14 13:20:00;M5;20;21;4017,92534;4017,39000;DOWN
2026-07-14 13:25:00;M5;20;21;4017,43546;4017,79000;UP
2026-07-14 14:10:00;M5;20;34;4021,69798;4022,92000;UP
2026-07-14 14:05:00;M5;20;21;4018,06742;4016,21000;DOWN
2026-07-14 14:25:00;M5;20;21;4019,60837;4024,85000;UP
2026-07-14 14:25:00;M5;20;55;4027,11457;4024,85000;DOWN
2026-07-14 14:45:00;M5;20;55;4027,30263;4028,38000;UP
2026-07-14 15:05:00;M5;20;55;4027,52229;4025,75000;DOWN
2026-07-14 15:25:00;M5;20;55;4029,36735;4029,74000;UP
2026-07-14 15:25:00;M5;20;21;4032,65265;4029,74000;DOWN
2026-07-14 15:45:00;M5;20;21;4043,55908;4085,08000;UP
2026-07-14 16:50:00;M5;20;21;4076,61146;4076,36000;DOWN
2026-07-14 18:30:00;M5;20;34;4083,91396;4081,39000;DOWN
2026-07-14 18:50:00;M5;20;55;4070,17212;4067,02000;DOWN
2026-07-14 19:25:00;M5;20;89;4060,34703;4059,33000;DOWN
2026-07-14 20:50:00;M5;20;21;4062,39780;4063,04000;UP
2026-07-14 21:20:00;M5;20;21;4059,65924;4057,13000;DOWN
2026-07-14 21:25:00;M5;20;21;4056,88501;4058,41000;UP
2026-07-14 21:45:00;M5;20;21;4054,50315;4049,30000;DOWN
2026-07-14 22:05:00;M5;20;21;4052,97006;4054,35000;UP
2026-07-14 22:25:00;M5;20;21;4051,65979;4051,57000;DOWN
2026-07-14 22:45:00;M5;20;21;4051,13766;4052,44000;UP
2026-07-15 01:25:00;M5;20;34;4050,36961;4051,64000;UP
2026-07-15 01:55:00;M5;20;34;4049,04325;4048,98000;DOWN
2026-07-15 02:05:00;M5;20;34;4047,89139;4049,55000;UP
2026-07-15 02:10:00;M5;20;21;4048,06519;4047,56000;DOWN
2026-07-15 02:25:00;M5;20;21;4048,19543;4053,87000;UP
2026-07-15 03:25:00;M5;20;55;4056,42780;4058,15000;UP
2026-07-15 03:45:00;M5;20;55;4055,26951;4054,97000;DOWN
2026-07-15 04:05:00;M5;20;55;4054,34492;4056,35000;UP
2026-07-15 04:30:00;M5;20;55;4053,38645;4050,81000;DOWN
2026-07-15 06:45:00;M5;20;21;4031,30232;4032,04000;UP
2026-07-15 07:50:00;M5;20;34;4032,37561;4032,69000;UP
2026-07-15 08:10:00;M5;20;34;4030,74717;4026,08000;DOWN
2026-07-15 08:30:00;M5;20;21;4026,67751;4028,06000;UP
2026-07-15 08:55:00;M5;20;55;4031,60761;4034,79000;UP
2026-07-15 09:05:00;M5;20;55;4030,38073;4029,91000;DOWN
2026-07-15 09:30:00;M5;20;21;4027,56776;4028,03000;UP
2026-07-15 10:20:00;M5;20;55;4027,34299;4026,03000;DOWN
2026-07-15 10:25:00;M5;20;34;4024,82130;4024,04000;DOWN
2026-07-15 10:45:00;M5;20;34;4024,24289;4024,62000;UP
2026-07-15 11:05:00;M5;20;55;4024,23186;4022,44000;DOWN
2026-07-15 11:25:00;M5;20;21;4024,57163;4026,60000;UP
2026-07-15 12:00:00;M5;20;89;4032,12751;4033,23000;UP
2026-07-15 12:10:00;M5;20;89;4030,91849;4030,23000;DOWN
2026-07-15 12:55:00;M5;20;89;4028,73738;4030,22000;UP
2026-07-15 13:25:00;M5;20;21;4028,90825;4028,87000;DOWN
2026-07-15 14:05:00;M5;20;21;4030,54796;4031,22000;UP
2026-07-15 14:25:00;M5;20;21;4031,49814;4030,66000;DOWN
2026-07-15 14:45:00;M5;20;21;4032,88595;4036,43000;UP
2026-07-15 16:25:00;M5;20;21;4058,59268;4055,88000;DOWN
2026-07-15 17:25:00;M5;20;34;4058,67218;4058,18000;DOWN
2026-07-15 18:10:00;M5;20;55;4049,88251;4044,08000;DOWN
2026-07-15 19:10:00;M5;20;89;4039,41767;4038,28000;DOWN
2026-07-15 20:25:00;M5;20;21;4036,31443;4047,52000;UP
2026-07-15 22:15:00;M5;20;55;4058,29870;4056,72000;DOWN
2026-07-15 22:25:00;M5;20;34;4055,21715;4056,00000;UP
2026-07-15 22:45:00;M5;20;34;4055,40716;4052,05000;DOWN
2026-07-15 23:05:00;M5;20;34;4055,75844;4056,90000;UP
2026-07-15 23:25:00;M5;20;55;4060,92156;4061,29000;UP
2026-07-15 23:50:00;M5;20;55;4061,24320;4060,93000;DOWN
2026-07-16 01:05:00;M5;20;55;4061,59118;4063,36000;UP
2026-07-16 01:30:00;M5;20;55;4061,85547;4060,51000;DOWN
2026-07-16 02:20:00;M5;20;89;4057,90588;4057,18000;DOWN
2026-07-16 03:30:00;M5;20;21;4059,04087;4060,66000;UP
2026-07-16 03:50:00;M5;20;21;4056,84444;4053,31000;DOWN
2026-07-16 06:05:00;M5;20;21;4029,82462;4032,62000;UP
2026-07-16 06:45:00;M5;20;34;4034,50904;4034,76000;UP
2026-07-16 07:05:00;M5;20;34;4032,36272;4031,97000;DOWN
2026-07-16 07:25:00;M5;20;34;4030,58293;4033,91000;UP
2026-07-16 08:20:00;M5;20;34;4027,77134;4027,19000;DOWN
2026-07-16 08:30:00;M5;20;21;4027,78734;4030,09000;UP
2026-07-16 08:45:00;M5;20;21;4027,82935;4027,55000;DOWN
2026-07-16 09:05:00;M5;20;21;4027,84078;4034,83000;UP
2026-07-16 09:25:00;M5;20;55;4030,39892;4030,30000;DOWN
2026-07-16 09:45:00;M5;20;21;4027,49228;4028,24000;UP
2026-07-16 10:10:00;M5;20;55;4027,39953;4026,26000;DOWN
2026-07-16 10:40:00;M5;20;55;4026,00061;4026,09000;UP
2026-07-16 10:45:00;M5;20;21;4026,10321;4030,63000;UP
2026-07-16 11:10:00;M5;20;21;4026,22531;4025,83000;DOWN
2026-07-16 11:25:00;M5;20;21;4027,11248;4032,24000;UP
2026-07-16 11:45:00;M5;20;89;4034,61587;4035,50000;UP
2026-07-16 12:20:00;M5;20;89;4033,69682;4032,62000;DOWN
2026-07-16 12:25:00;M5;20;89;4032,83446;4033,11000;UP
2026-07-16 12:30:00;M5;20;21;4031,85481;4031,71000;DOWN
2026-07-16 12:50:00;M5;20;21;4032,85968;4035,71000;UP
2026-07-16 12:55:00;M5;20;89;4032,00579;4031,66000;DOWN
2026-07-16 13:05:00;M5;20;89;4031,23050;4032,37000;UP
2026-07-16 13:05:00;M5;20;21;4033,50306;4032,37000;DOWN
2026-07-16 13:55:00;M5;20;89;4029,77283;4029,48000;DOWN
2026-07-16 14:05:00;M5;20;89;4029,01876;4029,40000;UP
2026-07-16 14:40:00;M5;20;21;4032,02526;4034,88000;UP
2026-07-16 14:25:00;M5;20;89;4028,30051;4024,45000;DOWN
2026-07-16 14:45:00;M5;20;55;4025,34991;4032,09000;UP
2026-07-16 14:45:00;M5;20;21;4032,09557;4032,09000;DOWN
2026-07-16 15:05:00;M5;20;21;4031,82042;4033,28000;UP
2026-07-16 15:20:00;M5;20;89;4027,15760;4020,92000;DOWN
2026-07-16 15:25:00;M5;20;21;4029,83885;4024,89000;DOWN
2026-07-16 17:15:00;M5;20;21;3993,13057;3995,65000;UP
2026-07-16 17:40:00;M5;20;34;4003,64056;4004,72000;UP
2026-07-16 17:45:00;M5;20;34;3999,95771;3999,35000;DOWN
2026-07-16 18:15:00;M5;20;34;3997,01028;3998,72000;UP
2026-07-16 18:25:00;M5;20;89;4009,29857;4011,35000;UP
2026-07-16 18:55:00;M5;20;89;4007,81539;4006,93000;DOWN
2026-07-16 19:10:00;M5;20;34;3993,06608;3989,89000;DOWN
2026-07-16 19:40:00;M5;20;34;3991,40392;3991,96000;UP
2026-07-16 19:50:00;M5;20;21;3993,12759;3994,59000;UP
2026-07-16 20:05:00;M5;20;34;3987,84497;3987,78000;DOWN
2026-07-16 20:25:00;M5;20;34;3985,84134;3987,57000;UP
2026-07-16 21:05:00;M5;20;21;3986,51236;3987,17000;UP
2026-07-16 21:30:00;M5;20;34;3981,88516;3979,24000;DOWN
2026-07-16 21:45:00;M5;20;21;3981,64811;3982,92000;UP
2026-07-16 22:10:00;M5;20;55;3982,46402;3980,50000;DOWN
2026-07-16 22:25:00;M5;20;34;3978,92172;3978,83000;DOWN
2026-07-16 22:50:00;M5;20;21;3976,59294;3981,41000;UP
2026-07-16 23:05:00;M5;20;55;3976,56257;3976,27000;DOWN
2026-07-16 23:25:00;M5;20;21;3973,62040;3974,91000;UP
2026-07-17 01:55:00;M5;20;89;3976,75472;3978,32000;UP
2026-07-17 04:50:00;M5;20;34;3982,65248;3979,99000;DOWN
2026-07-17 05:35:00;M5;20;55;3974,85346;3973,45000;DOWN
2026-07-17 06:00:00;M5;20;21;3986,99920;3988,99000;UP
2026-07-17 07:00:00;M5;20;21;3990,68356;3989,50000;DOWN
2026-07-17 07:05:00;M5;20;34;3990,24992;3987,68000;DOWN
2026-07-17 07:40:00;M5;20;55;3981,92153;3981,85000;DOWN
2026-07-17 08:40:00;M5;20;21;3986,12125;3986,70000;UP
2026-07-17 08:50:00;M5;20;34;3988,17794;3989,90000;UP
2026-07-17 08:55:00;M5;20;21;3985,14459;3984,94000;DOWN
2026-07-17 09:05:00;M5;20;21;3986,29259;3988,67000;UP
2026-07-17 10:55:00;M5;20;34;3994,47512;3992,67000;DOWN
2026-07-17 11:05:00;M5;20;21;3997,38442;3997,49000;UP
2026-07-17 11:15:00;M5;20;55;3992,53302;3990,02000;DOWN
2026-07-17 11:40:00;M5;20;55;3993,10497;3993,33000;UP
2026-07-17 11:25:00;M5;20;34;3994,91850;3992,36000;DOWN
2026-07-17 11:45:00;M5;20;21;3996,46392;3998,51000;UP
2026-07-17 12:05:00;M5;20;21;3996,07768;3995,83000;DOWN
2026-07-17 12:25:00;M5;20;21;3995,90722;3998,98000;UP
2026-07-17 12:45:00;M5;20;34;3995,87413;3995,39000;DOWN
2026-07-17 13:05:00;M5;20;21;3996,06457;3996,64000;UP
2026-07-17 13:15:00;M5;20;55;3995,50601;3994,59000;DOWN
2026-07-17 13:25:00;M5;20;55;3996,01150;3996,12000;UP
2026-07-17 13:25:00;M5;20;34;3996,99382;3996,12000;DOWN
2026-07-17 13:45:00;M5;20;55;3996,37221;3995,58000;DOWN
2026-07-17 14:25:00;M5;20;21;3994,73193;3995,64000;UP
2026-07-17 14:50:00;M5;20;34;3996,24272;3998,58000;UP
2026-07-17 14:45:00;M5;20;21;3994,37363;3993,62000;DOWN
2026-07-17 15:10:00;M5;20;89;3990,28960;3989,89000;DOWN
2026-07-17 16:35:00;M5;20;21;3979,69242;3993,69000;UP
2026-07-17 16:45:00;M5;20;89;3990,25953;3989,91000;DOWN
2026-07-17 17:05:00;M5;20;55;3991,15056;3996,50000;UP
2026-07-17 19:30:00;M5;20;21;4016,32992;4016,19000;DOWN
2026-07-17 19:45:00;M5;20;21;4019,85328;4019,93000;UP
2026-07-17 20:05:00;M5;20;21;4021,67023;4017,61000;DOWN
2026-07-17 20:40:00;M5;20;34;4011,84996;4010,90000;DOWN
2026-07-17 21:40:00;M5;20;55;4008,69545;4008,16000;DOWN
2026-07-17 21:50:00;M5;20;55;4009,90013;4010,34000;UP
2026-07-17 22:05:00;M5;20;89;4006,23894;4005,38000;DOWN
2026-07-17 22:40:00;M5;20;89;4007,03519;4009,85000;UP
2026-07-17 22:50:00;M5;20;21;4011,50875;4015,48000;UP
2026-07-17 23:10:00;M5;20;55;4013,36139;4012,15000;DOWN
2026-07-17 23:25:00;M5;20;21;4009,97397;4010,81000;UP
2026-07-17 23:55:00;M5;20;34;4016,72161;4017,53000;UP
2026-07-20 01:05:00;M5;20;89;4010,54611;3997,67000;DOWN
2026-07-20 02:55:00;M5;20;21;3995,11095;3995,42000;UP
2026-07-20 03:20:00;M5;20;34;4000,64966;4002,63000;UP
2026-07-20 03:05:00;M5;20;21;3993,54814;3988,45000;DOWN
2026-07-20 03:25:00;M5;20;21;3992,94577;4003,84000;UP
2026-07-20 03:40:00;M5;20;34;3999,03932;3998,62000;DOWN
2026-07-20 03:45:00;M5;20;34;3998,31531;3999,59000;UP
2026-07-20 04:15:00;M5;20;89;4009,03142;4004,42000;DOWN
2026-07-20 04:40:00;M5;20;34;3997,89716;3997,00000;DOWN
2026-07-20 04:45:00;M5;20;21;3999,00086;4003,87000;UP
2026-07-20 05:15:00;M5;20;55;4004,69701;4004,57000;DOWN
2026-07-20 05:25:00;M5;20;55;4004,37689;4006,92000;UP
2026-07-20 07:05:00;M5;20;21;4024,29661;4024,12000;DOWN
2026-07-20 07:55:00;M5;20;34;4018,94792;4018,84000;DOWN
2026-07-20 08:10:00;M5;20;89;4014,86096;4014,17000;DOWN
2026-07-20 10:20:00;M5;20;21;4007,54964;4008,48000;UP
2026-07-20 10:35:00;M5;20;34;4015,54973;4016,39000;UP
2026-07-20 12:25:00;M5;20;55;4018,12618;4016,38000;DOWN
2026-07-20 12:45:00;M5;20;21;4020,99741;4022,73000;UP
2026-07-20 13:15:00;M5;20;55;4019,47168;4019,32000;DOWN
2026-07-20 13:25:00;M5;20;55;4020,02697;4021,85000;UP
2026-07-20 13:50:00;M5;20;21;4024,21231;4024,58000;UP
2026-07-20 14:05:00;M5;20;21;4024,69187;4022,62000;DOWN
2026-07-20 14:30:00;M5;20;21;4025,92192;4036,81000;UP
2026-07-20 15:00:00;M5;20;89;4020,32121;4014,35000;DOWN
2026-07-20 17:30:00;M5;20;21;4006,68322;4009,57000;UP
2026-07-20 17:45:00;M5;20;34;4012,41434;4012,80000;UP
2026-07-20 18:05:00;M5;20;55;4016,41624;4019,45000;UP
2026-07-20 18:30:00;M5;20;55;4015,60447;4013,18000;DOWN
2026-07-20 19:00:00;M5;20;55;4014,87700;4015,39000;UP
2026-07-20 19:10:00;M5;20;55;4014,23875;4013,68000;DOWN
2026-07-20 19:50:00;M5;20;21;4008,71191;4008,34000;DOWN
2026-07-20 20:05:00;M5;20;21;4009,53267;4011,73000;UP
2026-07-20 20:25:00;M5;20;55;4011,70292;4012,08000;UP
2026-07-20 20:35:00;M5;20;21;4010,14563;4010,03000;DOWN
2026-07-20 20:45:00;M5;20;55;4010,93150;4005,75000;DOWN
2026-07-20 21:05:00;M5;20;34;4006,72931;4009,53000;UP
2026-07-20 21:30:00;M5;20;34;4006,55692;4004,97000;DOWN
2026-07-20 21:45:00;M5;20;34;4006,43482;4007,87000;UP
2026-07-20 22:15:00;M5;20;21;4007,65941;4008,16000;UP
2026-07-20 22:10:00;M5;20;34;4006,41098;4004,60000;DOWN
2026-07-20 22:25:00;M5;20;34;4006,64779;4012,87000;UP
2026-07-20 22:40:00;M5;20;55;4007,39761;4005,75000;DOWN
2026-07-20 22:45:00;M5;20;21;4007,41443;4008,81000;UP
2026-07-20 22:45:00;M5;20;89;4012,59442;4008,81000;DOWN
2026-07-20 23:05:00;M5;20;34;4006,90384;4006,56000;DOWN
2026-07-20 23:25:00;M5;20;21;4007,24325;4008,16000;UP
2026-07-21 01:05:00;M5;20;34;4007,03058;4006,17000;DOWN
2026-07-21 01:25:00;M5;20;21;4007,50071;4009,84000;UP
2026-07-21 01:40:00;M5;20;55;4005,72292;4004,14000;DOWN
2026-07-21 01:45:00;M5;20;34;4006,61404;4001,84000;DOWN
2026-07-21 02:05:00;M5;20;21;4006,15802;4008,84000;UP
2026-07-21 02:25:00;M5;20;55;4005,11155;4003,56000;DOWN
2026-07-21 02:45:00;M5;20;21;4005,53461;4006,89000;UP
2026-07-21 03:05:00;M5;20;89;4008,21105;4007,68000;DOWN
2026-07-21 03:25:00;M5;20;89;4008,04668;4014,96000;UP
2026-07-21 04:55:00;M5;20;21;4024,33934;4023,15000;DOWN
2026-07-21 05:20:00;M5;20;21;4026,63819;4027,98000;UP
2026-07-21 05:25:00;M5;20;21;4029,52457;4028,78000;DOWN
2026-07-21 05:45:00;M5;20;21;4032,88169;4034,10000;UP
2026-07-21 07:15:00;M5;20;21;4045,50515;4043,93000;DOWN
2026-07-21 08:30:00;M5;20;21;4054,97651;4059,65000;UP
2026-07-21 10:05:00;M5;20;21;4075,44779;4074,63000;DOWN
2026-07-21 10:25:00;M5;20;34;4073,37030;4069,56000;DOWN
2026-07-21 11:05:00;M5;20;55;4068,94075;4066,61000;DOWN
2026-07-21 13:15:00;M5;20;21;4067,33051;4067,40000;UP
2026-07-21 13:05:00;M5;20;89;4063,25329;4061,60000;DOWN
2026-07-21 13:25:00;M5;20;89;4065,13736;4066,69000;UP
2026-07-21 13:45:00;M5;20;89;4066,87399;4062,94000;DOWN
2026-07-21 15:20:00;M5;20;21;4059,41122;4065,05000;UP
2026-07-21 15:35:00;M5;20;21;4057,92217;4055,07000;DOWN
2026-07-21 15:45:00;M5;20;21;4056,32956;4060,00000;UP
2026-07-21 16:20:00;M5;20;21;4055,00126;4052,59000;DOWN
2026-07-21 16:30:00;M5;20;21;4053,62686;4055,92000;UP
2026-07-21 16:45:00;M5;20;21;4052,47517;4050,38000;DOWN
2026-07-21 17:05:00;M5;20;21;4052,82820;4054,93000;UP
2026-07-21 17:25:00;M5;20;55;4068,72949;4069,38000;UP
2026-07-21 18:15:00;M5;20;89;4075,56648;4077,01000;UP
2026-07-21 18:40:00;M5;20;89;4076,16208;4075,78000;DOWN
2026-07-21 19:00:00;M5;20;89;4076,80444;4077,81000;UP
2026-07-21 19:05:00;M5;20;89;4077,51220;4077,04000;DOWN
2026-07-21 19:25:00;M5;20;21;4076,73981;4075,62000;DOWN
2026-07-21 20:15:00;M5;20;55;4069,70652;4069,02000;DOWN
2026-07-21 20:25:00;M5;20;34;4071,80338;4072,20000;UP
2026-07-21 20:45:00;M5;20;55;4070,26489;4067,06000;DOWN
2026-07-21 21:20:00;M5;20;21;4075,81944;4081,22000;UP
2026-07-21 22:10:00;M5;20;89;4080,88613;4080,87000;DOWN
2026-07-21 22:25:00;M5;20;89;4081,26867;4084,11000;UP
2026-07-21 23:20:00;M5;20;34;4082,93152;4082,91000;DOWN
2026-07-21 23:35:00;M5;20;89;4082,65809;4081,91000;DOWN
2026-07-21 23:45:00;M5;20;55;4079,71948;4078,50000;DOWN
2026-07-22 01:25:00;M5;20;55;4081,79938;4082,74000;UP
2026-07-22 01:45:00;M5;20;89;4084,05362;4081,19000;DOWN
2026-07-22 03:05:00;M5;20;21;4084,06754;4088,10000;UP
2026-07-22 06:30:00;M5;20;21;4136,98717;4135,14000;DOWN
2026-07-22 07:05:00;M5;20;34;4131,87939;4127,98000;DOWN
2026-07-22 07:50:00;M5;20;55;4126,20137;4125,94000;DOWN
2026-07-22 08:35:00;M5;20;55;4130,82751;4132,51000;UP
2026-07-22 08:45:00;M5;20;55;4132,91161;4131,97000;DOWN
2026-07-22 09:25:00;M5;20;89;4124,83069;4117,46000;DOWN
2026-07-22 11:20:00;M5;20;21;4115,73750;4116,84000;UP
2026-07-22 12:10:00;M5;20;34;4121,35453;4121,67000;UP
2026-07-22 12:25:00;M5;20;34;4119,72789;4118,69000;DOWN
2026-07-22 13:10:00;M5;20;34;4117,00656;4117,42000;UP
2026-07-22 14:40:00;M5;20;21;4117,12518;4115,10000;DOWN
2026-07-22 14:45:00;M5;20;21;4118,28861;4120,19000;UP
2026-07-22 15:45:00;M5;20;55;4123,25174;4118,73000;DOWN
2026-07-22 16:10:00;M5;20;21;4123,49232;4125,73000;UP
2026-07-22 16:30:00;M5;20;89;4134,74350;4142,13000;UP
2026-07-22 17:45:00;M5;20;21;4148,74375;4148,21000;DOWN
2026-07-22 18:05:00;M5;20;21;4152,87905;4154,83000;UP
2026-07-22 18:55:00;M5;20;21;4160,27793;4159,38000;DOWN
2026-07-22 19:20:00;M5;20;34;4153,17958;4152,46000;DOWN
2026-07-22 20:05:00;M5;20;89;4147,17041;4144,30000;DOWN
2026-07-22 22:25:00;M5;20;21;4134,33675;4134,37000;UP
2026-07-22 22:50:00;M5;20;21;4132,10928;4130,51000;DOWN
2026-07-22 23:05:00;M5;20;21;4130,79836;4133,43000;UP
2026-07-22 23:50:00;M5;20;21;4129,60728;4129,29000;DOWN
2026-07-23 01:25:00;M5;20;21;4126,89120;4128,75000;UP
2026-07-23 01:45:00;M5;20;21;4125,07110;4124,52000;DOWN
2026-07-23 02:10:00;M5;20;21;4123,12876;4123,90000;UP
2026-07-23 02:25:00;M5;20;21;4121,44845;4119,95000;DOWN
2026-07-23 02:45:00;M5;20;21;4121,33221;4129,76000;UP
2026-07-23 03:55:00;M5;20;55;4131,67870;4132,10000;UP
2026-07-23 04:35:00;M5;20;55;4129,51365;4123,05000;DOWN
2026-07-23 05:40:00;M5;20;34;4121,24339;4122,14000;UP
2026-07-23 05:45:00;M5;20;21;4122,52513;4122,69000;UP
2026-07-23 07:00:00;M5;20;21;4124,30732;4123,56000;DOWN
2026-07-23 07:05:00;M5;20;21;4124,61325;4125,29000;UP
2026-07-23 07:40:00;M5;20;34;4123,53357;4123,12000;DOWN
2026-07-23 07:50:00;M5;20;55;4121,23577;4120,72000;DOWN
2026-07-23 08:05:00;M5;20;34;4123,52315;4124,20000;UP
2026-07-23 08:25:00;M5;20;21;4124,55624;4125,46000;UP
2026-07-23 08:55:00;M5;20;21;4124,51292;4124,02000;DOWN
2026-07-23 09:15:00;M5;20;21;4124,62280;4126,83000;UP
2026-07-23 09:05:00;M5;20;34;4123,48327;4122,44000;DOWN
2026-07-23 09:40:00;M5;20;55;4120,48666;4119,94000;DOWN
2026-07-23 09:45:00;M5;20;55;4120,33645;4121,71000;UP
2026-07-23 10:05:00;M5;20;55;4119,88975;4110,35000;DOWN
2026-07-23 12:00:00;M5;20;21;4094,64122;4099,09000;UP
2026-07-23 13:35:00;M5;20;34;4089,81562;4089,93000;UP
2026-07-23 14:15:00;M5;20;34;4085,59996;4085,57000;DOWN
2026-07-23 14:25:00;M5;20;34;4083,37680;4084,31000;UP
2026-07-23 14:30:00;M5;20;21;4082,91066;4080,80000;DOWN
2026-07-23 14:50:00;M5;20;21;4082,35694;4084,52000;UP
2026-07-23 15:15:00;M5;20;34;4079,55310;4077,86000;DOWN
2026-07-23 17:20:00;M5;20;21;4050,66435;4052,13000;UP
2026-07-23 17:25:00;M5;20;34;4054,70803;4056,37000;UP
2026-07-23 18:25:00;M5;20;34;4047,21788;4046,88000;DOWN
2026-07-23 18:45:00;M5;20;34;4045,22834;4049,38000;UP
2026-07-23 19:05:00;M5;20;55;4047,94184;4048,55000;UP
2026-07-23 20:35:00;M5;20;21;4044,79960;4044,24000;DOWN
2026-07-23 20:45:00;M5;20;21;4044,15730;4044,19000;UP
2026-07-23 21:10:00;M5;20;21;4043,23030;4041,82000;DOWN
2026-07-23 21:25:00;M5;20;21;4042,65105;4044,46000;UP
2026-07-24 01:45:00;M5;20;21;4049,94300;4048,68000;DOWN
2026-07-24 02:30:00;M5;20;21;4050,09932;4050,49000;UP
2026-07-24 02:55:00;M5;20;34;4047,24068;4047,01000;DOWN
2026-07-24 03:35:00;M5;20;21;4048,08968;4048,51000;UP
2026-07-24 04:00:00;M5;20;34;4047,83589;4043,90000;DOWN
2026-07-24 04:40:00;M5;20;21;4046,58132;4049,96000;UP
2026-07-24 04:50:00;M5;20;34;4047,21362;4045,99000;DOWN
2026-07-24 05:10:00;M5;20;21;4044,84159;4045,67000;UP
2026-07-24 05:25:00;M5;20;34;4046,06444;4046,45000;UP
2026-07-24 05:35:00;M5;20;21;4044,03834;4042,36000;DOWN
2026-07-24 05:45:00;M5;20;89;4029,11296;4026,38000;DOWN
2026-07-24 06:10:00;M5;20;89;4028,79975;4031,80000;UP
2026-07-24 07:05:00;M5;20;21;4029,25499;4029,27000;UP
2026-07-24 07:40:00;M5;20;89;4027,05893;4026,86000;DOWN
2026-07-24 07:45:00;M5;20;21;4025,24761;4026,88000;UP
2026-07-24 08:15:00;M5;20;89;4026,00503;4024,40000;DOWN
2026-07-24 08:30:00;M5;20;34;4027,26545;4031,25000;UP
2026-07-24 08:50:00;M5;20;89;4024,91840;4023,57000;DOWN
2026-07-24 09:05:00;M5;20;34;4024,38842;4027,21000;UP
2026-07-24 12:10:00;M5;20;21;4054,86352;4054,08000;DOWN
2026-07-24 13:50:00;M5;20;34;4058,18706;4057,74000;DOWN
2026-07-24 14:05:00;M5;20;34;4060,62948;4061,03000;UP
2026-07-24 14:25:00;M5;20;34;4062,48094;4059,15000;DOWN
2026-07-24 15:40:00;M5;20;55;4055,15075;4055,07000;DOWN
2026-07-24 16:45:00;M5;20;21;4056,34194;4058,36000;UP
2026-07-24 17:10:00;M5;20;55;4060,72850;4058,82000;DOWN
2026-07-24 17:25:00;M5;20;34;4062,27444;4066,00000;UP
2026-07-24 17:50:00;M5;20;55;4062,68196;4061,61000;DOWN
2026-07-24 18:05:00;M5;20;34;4063,24296;4063,25000;UP
2026-07-24 19:35:00;M5;20;55;4070,30528;4067,99000;DOWN
2026-07-24 20:50:00;M5;20;89;4064,79720;4063,39000;DOWN
