datetime;fast_tf;slow_tf;period;hma_value;fast_close;direction
2026-04-20 05:05:00;M5;10;21;4810,04421;4803,10000;DOWN
2026-04-20 07:00:00;M5;10;21;4792,86675;4793,42000;UP
2026-04-20 07:30:00;M5;10;21;4791,02592;4789,11000;DOWN
2026-04-20 07:45:00;M5;10;21;4790,96624;4793,01000;UP
2026-04-20 07:55:00;M5;10;21;4790,73189;4788,85000;DOWN
2026-04-20 08:30:00;M5;10;21;4788,50011;4794,52000;UP
2026-04-20 08:40:00;M5;10;34;4790,13933;4780,78000;DOWN
2026-04-20 08:50:00;M5;10;21;4787,87775;4790,61000;UP
2026-04-20 09:15:00;M5;10;34;4787,89751;4787,39000;DOWN
2026-04-20 09:35:00;M5;10;21;4787,86482;4790,40000;UP
2026-04-20 09:50:00;M5;10;34;4787,03740;4787,00000;DOWN
2026-04-20 09:55:00;M5;10;21;4788,64510;4795,38000;UP
2026-04-20 10:30:00;M5;10;21;4794,56689;4794,42000;DOWN
2026-04-20 10:40:00;M5;10;21;4796,31619;4797,53000;UP
2026-04-20 10:45:00;M5;10;34;4793,09526;4792,65000;DOWN
2026-04-20 11:40:00;M5;10;21;4792,32980;4792,36000;UP
2026-04-20 11:45:00;M5;10;34;4792,96476;4794,49000;UP
2026-04-20 12:20:00;M5;10;34;4793,86654;4793,56000;DOWN
2026-04-20 12:25:00;M5;10;55;4792,30413;4792,26000;DOWN
2026-04-20 12:45:00;M5;10;21;4792,78899;4795,26000;UP
2026-04-20 12:55:00;M5;10;55;4792,60482;4791,52000;DOWN
2026-04-20 13:05:00;M5;10;21;4793,31403;4797,79000;UP
2026-04-20 13:35:00;M5;10;21;4796,59571;4796,54000;DOWN
2026-04-20 14:00:00;M5;10;55;4795,09469;4790,84000;DOWN
2026-04-20 14:40:00;M5;10;21;4793,06371;4794,39000;UP
2026-04-20 14:45:00;M5;10;34;4794,35292;4801,81000;UP
2026-04-20 15:35:00;M5;10;21;4806,66368;4803,81000;DOWN
2026-04-20 15:50:00;M5;10;34;4803,89076;4803,46000;DOWN
2026-04-20 16:05:00;M5;10;21;4810,26910;4811,32000;UP
2026-04-20 16:55:00;M5;10;21;4820,38726;4817,86000;DOWN
2026-04-20 17:05:00;M5;10;34;4818,20688;4812,71000;DOWN
2026-04-20 17:20:00;M5;10;21;4821,06132;4825,73000;UP
2026-04-20 17:30:00;M5;10;34;4820,60630;4818,28000;DOWN
2026-04-20 17:35:00;M5;10;55;4816,35690;4814,15000;DOWN
2026-04-20 17:50:00;M5;10;89;4810,66293;4809,11000;DOWN
2026-04-20 18:25:00;M5;10;21;4806,81072;4808,37000;UP
2026-04-20 18:35:00;M5;10;21;4804,10648;4802,06000;DOWN
2026-04-20 19:05:00;M5;10;21;4797,68152;4797,74000;UP
2026-04-20 19:40:00;M5;10;34;4800,49119;4801,99000;UP
2026-04-20 20:05:00;M5;10;55;4807,00675;4809,37000;UP
2026-04-20 20:30:00;M5;10;55;4806,16481;4805,20000;DOWN
2026-04-20 20:35:00;M5;10;55;4805,95496;4809,84000;UP
2026-04-20 21:00:00;M5;10;89;4810,76080;4811,36000;UP
2026-04-20 20:55:00;M5;10;21;4809,80248;4806,79000;DOWN
2026-04-20 21:05:00;M5;10;21;4811,15339;4814,05000;UP
2026-04-20 21:25:00;M5;10;21;4813,59728;4813,52000;DOWN
2026-04-20 21:40:00;M5;10;21;4814,33037;4814,50000;UP
2026-04-20 21:55:00;M5;10;21;4815,36774;4814,08000;DOWN
2026-04-20 22:05:00;M5;10;21;4816,33265;4820,04000;UP
2026-04-20 22:30:00;M5;10;34;4816,36790;4814,64000;DOWN
2026-04-20 22:35:00;M5;10;89;4813,20154;4811,01000;DOWN
2026-04-20 22:45:00;M5;10;55;4812,04310;4812,52000;UP
2026-04-20 22:55:00;M5;10;89;4813,58144;4814,17000;UP
2026-04-20 23:10:00;M5;10;89;4813,73644;4813,56000;DOWN
2026-04-20 23:20:00;M5;10;89;4813,85286;4815,47000;UP
2026-04-20 23:15:00;M5;10;55;4813,96538;4813,17000;DOWN
2026-04-20 23:25:00;M5;10;21;4815,23954;4815,87000;UP
2026-04-20 23:50:00;M5;10;34;4817,42443;4819,91000;UP
2026-04-21 01:50:00;M5;10;21;4829,23818;4827,43000;DOWN
2026-04-21 02:00:00;M5;10;34;4826,34757;4826,32000;DOWN
2026-04-21 02:05:00;M5;10;55;4824,92597;4824,88000;DOWN
2026-04-21 02:20:00;M5;10;55;4825,86138;4825,91000;UP
2026-04-21 02:25:00;M5;10;55;4826,65206;4825,71000;DOWN
2026-04-21 02:45:00;M5;10;89;4823,22486;4821,16000;DOWN
2026-04-21 03:00:00;M5;10;89;4823,82927;4824,38000;UP
2026-04-21 03:05:00;M5;10;21;4825,80404;4828,31000;UP
2026-04-21 03:15:00;M5;10;55;4828,62719;4828,00000;DOWN
2026-04-21 03:25:00;M5;10;89;4825,55300;4819,77000;DOWN
2026-04-21 03:45:00;M5;10;21;4822,93466;4825,20000;UP
2026-04-21 04:00:00;M5;10;21;4822,57886;4818,29000;DOWN
2026-04-21 05:40:00;M5;10;21;4806,21196;4806,45000;UP
2026-04-21 05:45:00;M5;10;21;4804,50670;4803,88000;DOWN
2026-04-21 05:55:00;M5;10;21;4803,37319;4806,86000;UP
2026-04-21 06:05:00;M5;10;34;4805,71418;4803,39000;DOWN
2026-04-21 06:55:00;M5;10;21;4794,82010;4797,13000;UP
2026-04-21 07:05:00;M5;10;34;4795,15938;4794,25000;DOWN
2026-04-21 07:20:00;M5;10;21;4792,58228;4792,24000;DOWN
2026-04-21 07:25:00;M5;10;21;4791,52623;4792,12000;UP
2026-04-21 07:35:00;M5;10;34;4791,35460;4792,96000;UP
2026-04-21 07:45:00;M5;10;34;4790,23016;4789,73000;DOWN
2026-04-21 07:55:00;M5;10;21;4788,93474;4789,00000;UP
2026-04-21 08:30:00;M5;10;55;4788,71252;4791,96000;UP
2026-04-21 08:50:00;M5;10;21;4787,92272;4787,83000;DOWN
2026-04-21 08:55:00;M5;10;55;4785,73982;4784,06000;DOWN
2026-04-21 09:05:00;M5;10;21;4787,40998;4787,48000;UP
2026-04-21 09:15:00;M5;10;55;4783,92031;4780,43000;DOWN
2026-04-21 10:05:00;M5;10;21;4777,62237;4781,29000;UP
2026-04-21 10:15:00;M5;10;89;4784,26323;4784,36000;UP
2026-04-21 10:30:00;M5;10;89;4782,96265;4781,71000;DOWN
2026-04-21 10:35:00;M5;10;89;4781,75361;4781,84000;UP
2026-04-21 11:10:00;M5;10;89;4779,08775;4775,97000;DOWN
2026-04-21 11:20:00;M5;10;21;4783,38343;4786,73000;UP
2026-04-21 11:55:00;M5;10;21;4787,47298;4785,97000;DOWN
2026-04-21 12:25:00;M5;10;34;4785,31205;4782,23000;DOWN
2026-04-21 12:40:00;M5;10;21;4786,90753;4787,24000;UP
2026-04-21 12:45:00;M5;10;34;4785,73618;4785,15000;DOWN
2026-04-21 13:05:00;M5;10;21;4785,18095;4785,33000;UP
2026-04-21 13:15:00;M5;10;21;4784,55110;4782,91000;DOWN
2026-04-21 13:30:00;M5;10;21;4783,88211;4784,63000;UP
2026-04-21 13:35:00;M5;10;34;4785,28786;4786,94000;UP
2026-04-21 14:05:00;M5;10;55;4783,41399;4780,07000;DOWN
2026-04-21 14:30:00;M5;10;21;4784,22016;4787,30000;UP
2026-04-21 15:15:00;M5;10;55;4786,68798;4783,66000;DOWN
2026-04-21 15:30:00;M5;10;55;4787,02990;4787,09000;UP
2026-04-21 15:40:00;M5;10;89;4780,26687;4778,74000;DOWN
2026-04-21 16:25:00;M5;10;21;4774,08006;4774,89000;UP
2026-04-21 16:35:00;M5;10;34;4779,02204;4784,42000;UP
2026-04-21 16:55:00;M5;10;89;4779,61833;4779,06000;DOWN
2026-04-21 17:05:00;M5;10;89;4779,58416;4780,73000;UP
2026-04-21 17:15:00;M5;10;89;4779,54128;4777,75000;DOWN
2026-04-21 18:15:00;M5;10;21;4747,21185;4755,48000;UP
2026-04-21 18:25:00;M5;10;21;4742,55898;4742,47000;DOWN
2026-04-21 18:35:00;M5;10;21;4738,90445;4743,07000;UP
2026-04-21 19:10:00;M5;10;21;4733,06386;4730,27000;DOWN
2026-04-21 19:15:00;M5;10;21;4731,64538;4732,42000;UP
2026-04-21 19:25:00;M5;10;21;4729,31014;4720,81000;DOWN
2026-04-21 20:30:00;M5;10;21;4705,05061;4705,36000;UP
2026-04-21 20:35:00;M5;10;34;4706,35065;4709,02000;UP
2026-04-21 20:45:00;M5;10;55;4713,52532;4711,96000;DOWN
2026-04-21 20:55:00;M5;10;55;4710,08887;4711,15000;UP
2026-04-21 21:10:00;M5;10;55;4706,96506;4704,66000;DOWN
2026-04-21 21:15:00;M5;10;34;4698,42890;4696,22000;DOWN
2026-04-21 21:30:00;M5;10;21;4697,30206;4702,05000;UP
2026-04-21 22:05:00;M5;10;89;4708,43796;4709,66000;UP
2026-04-21 22:35:00;M5;10;89;4701,72349;4701,09000;DOWN
2026-04-21 23:10:00;M5;10;21;4694,06855;4697,17000;UP
2026-04-22 01:35:00;M5;10;21;4720,46538;4718,59000;DOWN
2026-04-22 02:10:00;M5;10;21;4725,84465;4727,42000;UP
2026-04-22 02:35:00;M5;10;21;4731,06449;4730,45000;DOWN
2026-04-22 02:45:00;M5;10;21;4733,26372;4738,23000;UP
2026-04-22 03:25:00;M5;10;21;4744,09168;4742,41000;DOWN
2026-04-22 03:40:00;M5;10;34;4743,01390;4742,12000;DOWN
2026-04-22 04:30:00;M5;10;21;4746,82257;4748,16000;UP
2026-04-22 04:35:00;M5;10;34;4749,91086;4751,52000;UP
2026-04-22 04:55:00;M5;10;34;4752,45128;4752,19000;DOWN
2026-04-22 05:10:00;M5;10;34;4753,66830;4755,66000;UP
2026-04-22 05:25:00;M5;10;34;4756,07011;4755,64000;DOWN
2026-04-22 05:35:00;M5;10;55;4756,38464;4753,27000;DOWN
2026-04-22 06:00:00;M5;10;21;4757,62831;4758,99000;UP
2026-04-22 06:10:00;M5;10;34;4758,41057;4757,51000;DOWN
2026-04-22 06:20:00;M5;10;21;4758,96767;4759,47000;UP
2026-04-22 06:25:00;M5;10;55;4762,46356;4763,11000;UP
2026-04-22 06:35:00;M5;10;55;4763,46214;4758,26000;DOWN
2026-04-22 07:15:00;M5;10;89;4756,77366;4756,42000;DOWN
2026-04-22 08:10:00;M5;10;21;4756,31477;4756,87000;UP
2026-04-22 08:15:00;M5;10;34;4760,09079;4768,51000;UP
2026-04-22 08:30:00;M5;10;55;4765,63689;4765,60000;DOWN
2026-04-22 08:35:00;M5;10;55;4765,96103;4766,36000;UP
2026-04-22 08:55:00;M5;10;89;4768,39657;4767,61000;DOWN
2026-04-22 09:25:00;M5;10;34;4765,19883;4767,02000;UP
2026-04-22 09:35:00;M5;10;34;4765,60420;4764,88000;DOWN
2026-04-22 09:50:00;M5;10;34;4766,05206;4766,56000;UP
2026-04-22 10:00:00;M5;10;21;4767,93644;4768,89000;UP
2026-04-22 10:10:00;M5;10;55;4768,59320;4765,63000;DOWN
2026-04-22 11:50:00;M5;10;21;4756,12216;4757,33000;UP
2026-04-22 12:05:00;M5;10;34;4758,87145;4760,90000;UP
2026-04-22 12:25:00;M5;10;34;4757,59266;4756,42000;DOWN
2026-04-22 12:35:00;M5;10;34;4757,08932;4758,67000;UP
2026-04-22 12:50:00;M5;10;34;4756,63038;4754,59000;DOWN
2026-04-22 13:25:00;M5;10;21;4754,03193;4754,73000;UP
2026-04-22 13:40:00;M5;10;55;4757,13015;4756,51000;DOWN
2026-04-22 13:45:00;M5;10;55;4756,47118;4757,01000;UP
2026-04-22 14:35:00;M5;10;55;4755,01632;4754,90000;DOWN
2026-04-22 15:00:00;M5;10;21;4755,89457;4756,65000;UP
2026-04-22 15:05:00;M5;10;55;4753,93166;4752,77000;DOWN
2026-04-22 15:25:00;M5;10;21;4752,18391;4753,14000;UP
2026-04-22 15:35:00;M5;10;55;4752,44923;4750,50000;DOWN
2026-04-22 16:20:00;M5;10;21;4744,57690;4747,04000;UP
2026-04-22 16:25:00;M5;10;34;4747,25665;4750,07000;UP
2026-04-22 16:40:00;M5;10;89;4752,73344;4755,31000;UP
2026-04-22 17:00:00;M5;10;89;4751,47687;4745,42000;DOWN
2026-04-22 17:15:00;M5;10;34;4746,72841;4746,76000;UP
2026-04-22 17:25:00;M5;10;34;4746,41535;4743,89000;DOWN
2026-04-22 18:25:00;M5;10;21;4735,12964;4735,15000;UP
2026-04-22 18:35:00;M5;10;21;4732,58758;4727,86000;DOWN
2026-04-22 19:00:00;M5;10;21;4728,03407;4730,64000;UP
2026-04-22 19:05:00;M5;10;34;4731,60657;4733,49000;UP
2026-04-22 19:15:00;M5;10;34;4729,87032;4724,80000;DOWN
2026-04-22 19:25:00;M5;10;21;4724,97288;4726,98000;UP
2026-04-22 19:45:00;M5;10;55;4729,87181;4730,03000;UP
2026-04-22 20:00:00;M5;10;89;4734,00940;4735,50000;UP
2026-04-22 19:55:00;M5;10;55;4728,85085;4728,62000;DOWN
2026-04-22 20:05:00;M5;10;55;4728,12839;4736,45000;UP
2026-04-22 21:10:00;M5;10;21;4736,37104;4736,00000;DOWN
2026-04-22 21:25:00;M5;10;34;4731,96492;4730,44000;DOWN
2026-04-22 21:35:00;M5;10;21;4736,74907;4738,00000;UP
2026-04-22 22:05:00;M5;10;21;4740,44499;4740,28000;DOWN
2026-04-22 22:20:00;M5;10;21;4741,38263;4741,86000;UP
2026-04-22 22:30:00;M5;10;21;4742,33684;4741,88000;DOWN
2026-04-22 22:35:00;M5;10;34;4740,84661;4739,52000;DOWN
2026-04-22 23:10:00;M5;10;55;4736,22694;4736,06000;DOWN
2026-04-22 23:30:00;M5;10;55;4737,45470;4738,75000;UP
2026-04-22 23:35:00;M5;10;55;4737,91212;4737,71000;DOWN
2026-04-22 23:45:00;M5;10;21;4738,42326;4738,63000;UP
2026-04-23 01:05:00;M5;10;55;4739,06479;4738,86000;DOWN
2026-04-23 01:35:00;M5;10;89;4732,73349;4730,94000;DOWN
2026-04-23 02:15:00;M5;10;21;4728,33014;4728,97000;UP
2026-04-23 02:35:00;M5;10;21;4725,70976;4724,83000;DOWN
2026-04-23 02:45:00;M5;10;21;4724,88922;4728,02000;UP
2026-04-23 02:55:00;M5;10;34;4727,34712;4727,82000;UP
2026-04-23 03:00:00;M5;10;21;4724,46385;4721,41000;DOWN
2026-04-23 03:05:00;M5;10;34;4725,87366;4715,42000;DOWN
2026-04-23 03:15:00;M5;10;21;4721,92813;4722,68000;UP
2026-04-23 03:25:00;M5;10;55;4729,30995;4741,49000;UP
2026-04-23 04:10:00;M5;10;21;4740,41443;4736,85000;DOWN
2026-04-23 04:20:00;M5;10;34;4734,03240;4733,54000;DOWN
2026-04-23 04:25:00;M5;10;89;4732,32166;4728,17000;DOWN
2026-04-23 04:40:00;M5;10;55;4732,71063;4733,60000;UP
2026-04-23 04:50:00;M5;10;89;4732,83670;4724,68000;DOWN
2026-04-23 06:00:00;M5;10;21;4706,96203;4708,39000;UP
2026-04-23 06:10:00;M5;10;21;4702,80318;4702,01000;DOWN
2026-04-23 06:15:00;M5;10;21;4699,17932;4700,43000;UP
2026-04-23 06:45:00;M5;10;34;4702,33755;4706,65000;UP
2026-04-23 07:25:00;M5;10;55;4705,17262;4705,50000;UP
2026-04-23 07:35:00;M5;10;55;4703,72732;4703,21000;DOWN
2026-04-23 07:50:00;M5;10;55;4702,31027;4702,58000;UP
2026-04-23 08:05:00;M5;10;89;4708,18845;4709,64000;UP
2026-04-23 08:15:00;M5;10;89;4707,19086;4706,90000;DOWN
2026-04-23 08:35:00;M5;10;21;4705,64955;4702,91000;DOWN
2026-04-23 08:45:00;M5;10;21;4706,27141;4710,45000;UP
2026-04-23 09:15:00;M5;10;21;4710,48549;4710,33000;DOWN
2026-04-23 09:25:00;M5;10;21;4711,62710;4712,20000;UP
2026-04-23 09:55:00;M5;10;21;4714,60894;4712,83000;DOWN
2026-04-23 10:05:00;M5;10;34;4711,95234;4710,17000;DOWN
2026-04-23 10:40:00;M5;10;21;4712,89764;4713,72000;UP
2026-04-23 11:30:00;M5;10;55;4711,19782;4709,78000;DOWN
2026-04-23 11:55:00;M5;10;89;4703,93751;4703,25000;DOWN
2026-04-23 12:35:00;M5;10;21;4700,50043;4700,61000;UP
2026-04-23 12:50:00;M5;10;21;4698,31732;4697,23000;DOWN
2026-04-23 12:55:00;M5;10;21;4696,47271;4697,55000;UP
2026-04-23 13:05:00;M5;10;21;4694,45062;4691,49000;DOWN
2026-04-23 13:30:00;M5;10;21;4689,81408;4692,38000;UP
2026-04-23 13:55:00;M5;10;34;4690,33102;4696,60000;UP
2026-04-23 14:05:00;M5;10;55;4697,43809;4697,79000;UP
2026-04-23 14:15:00;M5;10;89;4698,31408;4702,32000;UP
2026-04-23 14:30:00;M5;10;89;4697,92707;4697,60000;DOWN
2026-04-23 14:35:00;M5;10;89;4697,65572;4702,41000;UP
2026-04-23 16:00:00;M5;10;21;4739,92235;4733,51000;DOWN
2026-04-23 16:05:00;M5;10;34;4728,06487;4727,30000;DOWN
2026-04-23 16:55:00;M5;10;55;4725,24849;4724,43000;DOWN
2026-04-23 17:20:00;M5;10;55;4728,54439;4730,60000;UP
2026-04-23 17:25:00;M5;10;21;4729,47281;4731,31000;UP
2026-04-23 17:30:00;M5;10;55;4730,05441;4729,37000;DOWN
2026-04-23 17:50:00;M5;10;55;4732,71868;4735,11000;UP
2026-04-23 17:55:00;M5;10;55;4733,98833;4733,54000;DOWN
2026-04-23 18:15:00;M5;10;34;4735,41125;4738,43000;UP
2026-04-23 18:25:00;M5;10;55;4737,37544;4733,51000;DOWN
2026-04-23 18:35:00;M5;10;21;4732,03620;4731,48000;DOWN
2026-04-23 18:45:00;M5;10;89;4727,62662;4724,93000;DOWN
2026-04-23 19:30:00;M5;10;21;4724,89641;4728,39000;UP
2026-04-23 19:40:00;M5;10;89;4731,01643;4734,02000;UP
2026-04-23 20:00:00;M5;10;89;4732,21828;4725,39000;DOWN
2026-04-23 20:55:00;M5;10;21;4702,50723;4709,32000;UP
2026-04-23 21:25:00;M5;10;55;4715,73470;4716,70000;UP
2026-04-23 21:35:00;M5;10;55;4714,28582;4714,01000;DOWN
2026-04-23 21:55:00;M5;10;34;4704,18516;4701,02000;DOWN
2026-04-23 22:20:00;M5;10;34;4701,16202;4701,46000;UP
2026-04-23 22:30:00;M5;10;34;4699,59644;4694,25000;DOWN
2026-04-23 22:50:00;M5;10;21;4697,93917;4699,17000;UP
2026-04-23 23:10:00;M5;10;34;4694,55521;4690,68000;DOWN
2026-04-23 23:35:00;M5;10;21;4689,98565;4690,24000;UP
2026-04-23 23:55:00;M5;10;34;4689,65781;4692,62000;UP
2026-04-24 01:50:00;M5;10;21;4691,07129;4690,86000;DOWN
2026-04-24 01:55:00;M5;10;21;4691,55714;4693,24000;UP
2026-04-24 02:05:00;M5;10;21;4691,77003;4690,33000;DOWN
2026-04-24 02:15:00;M5;10;34;4688,72123;4688,41000;DOWN
2026-04-24 02:25:00;M5;10;21;4691,52780;4694,32000;UP
2026-04-24 03:00:00;M5;10;21;4693,71434;4691,72000;DOWN
2026-04-24 03:05:00;M5;10;21;4694,57491;4696,25000;UP
2026-04-24 03:45:00;M5;10;21;4700,84114;4699,28000;DOWN
2026-04-24 03:55:00;M5;10;21;4702,43947;4704,49000;UP
2026-04-24 04:20:00;M5;10;21;4704,84175;4704,06000;DOWN
2026-04-24 04:30:00;M5;10;55;4694,78797;4693,61000;DOWN
2026-04-24 04:35:00;M5;10;55;4695,70421;4695,93000;UP
2026-04-24 04:50:00;M5;10;55;4696,45382;4695,58000;DOWN
2026-04-24 04:55:00;M5;10;55;4697,12672;4699,47000;UP
2026-04-24 05:05:00;M5;10;55;4697,58699;4694,66000;DOWN
2026-04-24 05:20:00;M5;10;89;4689,95730;4684,85000;DOWN
2026-04-24 06:25:00;M5;10;21;4671,68971;4674,35000;UP
2026-04-24 07:05:00;M5;10;34;4672,38597;4674,19000;UP
2026-04-24 07:15:00;M5;10;34;4670,53166;4669,23000;DOWN
2026-04-24 07:35:00;M5;10;21;4665,23852;4665,86000;UP
2026-04-24 07:45:00;M5;10;55;4673,89377;4675,92000;UP
2026-04-24 08:05:00;M5;10;55;4670,69638;4670,66000;DOWN
2026-04-24 08:15:00;M5;10;55;4669,42688;4674,76000;UP
2026-04-24 09:20:00;M5;10;34;4674,31715;4673,72000;DOWN
2026-04-24 09:25:00;M5;10;89;4672,86610;4671,35000;DOWN
2026-04-24 09:35:00;M5;10;89;4672,62436;4675,05000;UP
2026-04-24 09:45:00;M5;10;89;4672,27305;4669,66000;DOWN
2026-04-24 09:55:00;M5;10;89;4671,85334;4671,90000;UP
2026-04-24 10:05:00;M5;10;21;4676,68993;4677,50000;UP
2026-04-24 11:30:00;M5;10;34;4686,93567;4686,15000;DOWN
2026-04-24 11:35:00;M5;10;34;4688,03235;4688,20000;UP
2026-04-24 12:10:00;M5;10;21;4694,21254;4695,22000;UP
2026-04-24 12:20:00;M5;10;55;4686,88575;4686,52000;DOWN
2026-04-24 13:30:00;M5;10;89;4681,46717;4675,31000;DOWN
2026-04-24 14:00:00;M5;10;21;4678,47389;4689,54000;UP
2026-04-24 15:05:00;M5;10;21;4706,85762;4705,47000;DOWN
2026-04-24 15:40:00;M5;10;55;4699,82762;4698,82000;DOWN
2026-04-24 15:45:00;M5;10;89;4694,93612;4692,28000;DOWN
2026-04-24 15:55:00;M5;10;89;4696,02703;4700,71000;UP
2026-04-24 16:10:00;M5;10;55;4702,31640;4702,90000;UP
2026-04-24 16:20:00;M5;10;89;4697,92839;4696,21000;DOWN
2026-04-24 16:35:00;M5;10;21;4702,40096;4703,86000;UP
2026-04-24 16:50:00;M5;10;34;4707,96783;4706,14000;DOWN
2026-04-24 16:55:00;M5;10;34;4708,58779;4711,88000;UP
2026-04-24 17:50:00;M5;10;21;4727,46348;4725,69000;DOWN
2026-04-24 18:00:00;M5;10;34;4723,22040;4722,21000;DOWN
2026-04-24 18:15:00;M5;10;55;4723,08366;4721,36000;DOWN
2026-04-24 18:40:00;M5;10;55;4725,65134;4727,83000;UP
2026-04-24 18:50:00;M5;10;21;4728,90139;4729,27000;UP
2026-04-24 18:45:00;M5;10;55;4726,56189;4724,10000;DOWN
2026-04-24 18:55:00;M5;10;34;4729,56741;4727,27000;DOWN
2026-04-24 19:10:00;M5;10;89;4721,67605;4720,43000;DOWN
2026-04-24 19:20:00;M5;10;89;4722,78553;4724,10000;UP
2026-04-24 19:30:00;M5;10;21;4723,87849;4725,74000;UP
2026-04-24 19:25:00;M5;10;89;4723,83942;4723,28000;DOWN
2026-04-24 19:40:00;M5;10;21;4723,19516;4722,50000;DOWN
2026-04-24 19:50:00;M5;10;21;4722,70369;4724,29000;UP
2026-04-24 20:00:00;M5;10;34;4728,09391;4728,16000;UP
2026-04-24 20:05:00;M5;10;34;4727,75742;4727,73000;DOWN
2026-04-24 20:15:00;M5;10;34;4727,65068;4728,88000;UP
2026-04-24 20:20:00;M5;10;89;4728,60958;4726,74000;DOWN
2026-04-24 20:25:00;M5;10;34;4727,39313;4722,88000;DOWN
2026-04-24 21:50:00;M5;10;21;4720,15130;4720,24000;UP
2026-04-24 21:55:00;M5;10;34;4721,85851;4722,68000;UP
2026-04-24 22:20:00;M5;10;34;4721,11557;4717,88000;DOWN
2026-04-24 23:50:00;M5;10;21;4707,53862;4707,84000;UP
2026-04-27 01:05:00;M5;10;21;4702,18380;4681,63000;DOWN
2026-04-27 01:55:00;M5;10;21;4682,39879;4684,50000;UP
2026-04-27 02:45:00;M5;10;34;4676,96176;4680,60000;UP
2026-04-27 03:25:00;M5;10;55;4677,25706;4680,81000;UP
2026-04-27 03:55:00;M5;10;89;4687,76215;4697,83000;UP
2026-04-27 05:05:00;M5;10;21;4703,83576;4698,53000;DOWN
2026-04-27 05:35:00;M5;10;21;4708,93481;4712,19000;UP
2026-04-27 06:15:00;M5;10;21;4719,56687;4716,84000;DOWN
2026-04-27 06:30:00;M5;10;21;4721,01856;4721,86000;UP
2026-04-27 06:25:00;M5;10;34;4717,39412;4715,62000;DOWN
2026-04-27 06:35:00;M5;10;34;4719,75075;4723,74000;UP
2026-04-27 06:45:00;M5;10;21;4724,36455;4724,28000;DOWN
2026-04-27 07:00:00;M5;10;21;4725,93265;4726,27000;UP
2026-04-27 07:05:00;M5;10;21;4727,48462;4727,03000;DOWN
2026-04-27 07:15:00;M5;10;34;4727,60469;4726,47000;DOWN
2026-04-27 07:55:00;M5;10;55;4726,20170;4725,00000;DOWN
2026-04-27 08:35:00;M5;10;89;4712,17201;4710,64000;DOWN
2026-04-27 09:05:00;M5;10;21;4713,06876;4713,21000;UP
2026-04-27 10:00:00;M5;10;34;4714,04405;4717,33000;UP
2026-04-27 10:45:00;M5;10;21;4714,40178;4714,26000;DOWN
2026-04-27 11:05:00;M5;10;34;4711,83354;4711,73000;DOWN
2026-04-27 11:40:00;M5;10;34;4711,15424;4711,80000;UP
2026-04-27 11:45:00;M5;10;21;4711,25316;4712,24000;UP
2026-04-27 11:50:00;M5;10;34;4710,91674;4706,91000;DOWN
2026-04-27 11:55:00;M5;10;21;4710,10572;4706,79000;DOWN
2026-04-27 12:35:00;M5;10;21;4704,16286;4704,24000;UP
2026-04-27 12:45:00;M5;10;21;4702,73928;4700,34000;DOWN
2026-04-27 12:55:00;M5;10;21;4701,71573;4703,58000;UP
2026-04-27 13:10:00;M5;10;34;4703,70947;4701,90000;DOWN
2026-04-27 13:20:00;M5;10;34;4702,84322;4704,36000;UP
2026-04-27 13:25:00;M5;10;55;4704,51507;4705,08000;UP
2026-04-27 14:10:00;M5;10;21;4705,40787;4704,02000;DOWN
2026-04-27 14:35:00;M5;10;55;4702,69306;4701,96000;DOWN
2026-04-27 14:45:00;M5;10;55;4702,40526;4702,82000;UP
2026-04-27 14:55:00;M5;10;34;4703,29579;4704,81000;UP
2026-04-27 15:05:00;M5;10;21;4704,95001;4706,03000;UP
2026-04-27 15:30:00;M5;10;89;4706,49021;4704,32000;DOWN
2026-04-27 15:35:00;M5;10;55;4702,27020;4701,56000;DOWN
2026-04-27 15:45:00;M5;10;55;4702,34656;4703,43000;UP
2026-04-27 15:55:00;M5;10;55;4702,29501;4699,22000;DOWN
2026-04-27 16:55:00;M5;10;21;4694,58365;4696,17000;UP
2026-04-27 17:05:00;M5;10;21;4692,52339;4688,84000;DOWN
2026-04-27 17:15:00;M5;10;21;4691,36999;4695,29000;UP
2026-04-27 17:25:00;M5;10;21;4690,22602;4689,00000;DOWN
2026-04-27 17:35:00;M5;10;21;4689,57706;4693,27000;UP
2026-04-27 17:45:00;M5;10;34;4691,86744;4690,90000;DOWN
2026-04-27 18:25:00;M5;10;21;4678,42122;4681,04000;UP
2026-04-27 18:45:00;M5;10;21;4675,15105;4674,30000;DOWN
2026-04-27 19:05:00;M5;10;21;4671,20970;4672,78000;UP
2026-04-27 19:15:00;M5;10;34;4673,10727;4676,89000;UP
2026-04-27 19:30:00;M5;10;55;4677,36294;4677,95000;UP
2026-04-27 19:40:00;M5;10;55;4675,93189;4674,79000;DOWN
2026-04-27 19:45:00;M5;10;55;4674,64392;4675,88000;UP
2026-04-27 20:15:00;M5;10;55;4671,51916;4671,31000;DOWN
2026-04-27 20:25:00;M5;10;21;4673,52908;4679,70000;UP
2026-04-27 21:40:00;M5;10;21;4683,21347;4682,81000;DOWN
2026-04-27 22:00:00;M5;10;34;4680,42449;4679,04000;DOWN
2026-04-27 22:20:00;M5;10;34;4681,68957;4682,48000;UP
2026-04-27 22:30:00;M5;10;34;4682,16219;4678,86000;DOWN
2026-04-27 23:25:00;M5;10;21;4679,60958;4679,69000;UP
2026-04-27 23:50:00;M5;10;21;4679,17283;4679,06000;DOWN
2026-04-27 23:55:00;M5;10;21;4679,13151;4679,85000;UP
2026-04-28 01:05:00;M5;10;34;4681,04315;4688,85000;UP
2026-04-28 01:45:00;M5;10;21;4687,09034;4686,97000;DOWN
2026-04-28 02:00:00;M5;10;21;4688,25019;4688,48000;UP
2026-04-28 02:05:00;M5;10;21;4689,15278;4688,13000;DOWN
2026-04-28 02:15:00;M5;10;21;4690,12970;4691,02000;UP
2026-04-28 02:25:00;M5;10;21;4691,02182;4690,68000;DOWN
2026-04-28 02:35:00;M5;10;21;4692,01577;4693,48000;UP
2026-04-28 02:55:00;M5;10;21;4693,71428;4691,95000;DOWN
2026-04-28 03:05:00;M5;10;21;4694,99385;4700,13000;UP
2026-04-28 03:25:00;M5;10;34;4695,36133;4694,96000;DOWN
2026-04-28 03:35:00;M5;10;55;4692,60730;4691,85000;DOWN
2026-04-28 03:45:00;M5;10;55;4693,44274;4693,81000;UP
2026-04-28 03:55:00;M5;10;55;4694,09387;4690,54000;DOWN
2026-04-28 04:25:00;M5;10;89;4688,90286;4687,57000;DOWN
2026-04-28 04:35:00;M5;10;89;4689,38593;4690,23000;UP
2026-04-28 04:45:00;M5;10;89;4689,74609;4684,97000;DOWN
2026-04-28 06:00:00;M5;10;21;4669,41912;4671,06000;UP
2026-04-28 06:15:00;M5;10;34;4672,36257;4673,29000;UP
2026-04-28 07:00:00;M5;10;34;4668,20855;4667,78000;DOWN
2026-04-28 07:10:00;M5;10;21;4668,95934;4669,72000;UP
2026-04-28 07:15:00;M5;10;21;4668,76530;4668,57000;DOWN
2026-04-28 07:30:00;M5;10;21;4668,39866;4668,56000;UP
2026-04-28 07:45:00;M5;10;21;4667,70179;4667,54000;DOWN
2026-04-28 07:55:00;M5;10;21;4667,27366;4667,63000;UP
2026-04-28 08:00:00;M5;10;34;4664,98060;4663,22000;DOWN
2026-04-28 08:05:00;M5;10;21;4665,36608;4653,73000;DOWN
2026-04-28 09:05:00;M5;10;21;4637,81911;4640,06000;UP
2026-04-28 09:20:00;M5;10;21;4633,37480;4625,96000;DOWN
2026-04-28 09:25:00;M5;10;21;4629,78390;4631,58000;UP
2026-04-28 10:00:00;M5;10;34;4629,81981;4639,01000;UP
2026-04-28 10:05:00;M5;10;55;4635,26701;4633,82000;DOWN
2026-04-28 10:40:00;M5;10;55;4628,74128;4629,32000;UP
2026-04-28 10:50:00;M5;10;55;4626,82891;4626,51000;DOWN
2026-04-28 10:55:00;M5;10;55;4625,20133;4633,14000;UP
2026-04-28 11:00:00;M5;10;34;4620,89285;4620,30000;DOWN
2026-04-28 11:05:00;M5;10;34;4620,29176;4621,86000;UP
2026-04-28 11:05:00;M5;10;55;4623,52563;4621,86000;DOWN
2026-04-28 11:25:00;M5;10;21;4624,82817;4626,65000;UP
2026-04-28 11:35:00;M5;10;89;4629,34628;4629,16000;DOWN
2026-04-28 11:55:00;M5;10;89;4625,97661;4629,66000;UP
2026-04-28 12:00:00;M5;10;21;4625,20821;4622,68000;DOWN
2026-04-28 12:05:00;M5;10;21;4625,55263;4627,18000;UP
2026-04-28 12:15:00;M5;10;89;4623,03672;4622,08000;DOWN
2026-04-28 12:30:00;M5;10;55;4615,41572;4611,84000;DOWN
2026-04-28 13:10:00;M5;10;21;4611,95224;4612,63000;UP
2026-04-28 13:15:00;M5;10;34;4613,52017;4614,51000;UP
2026-04-28 13:25:00;M5;10;89;4611,64675;4611,43000;DOWN
2026-04-28 13:35:00;M5;10;34;4611,18414;4614,67000;UP
2026-04-28 13:50:00;M5;10;34;4610,47329;4609,54000;DOWN
2026-04-28 13:55:00;M5;10;89;4607,24575;4603,22000;DOWN
2026-04-28 15:10:00;M5;10;21;4571,88454;4581,57000;UP
2026-04-28 15:15:00;M5;10;34;4578,54832;4579,25000;UP
2026-04-28 15:35:00;M5;10;55;4581,37655;4583,86000;UP
2026-04-28 16:05:00;M5;10;89;4580,47369;4572,96000;DOWN
2026-04-28 16:15:00;M5;10;55;4575,62657;4576,58000;UP
2026-04-28 16:25:00;M5;10;21;4578,79903;4581,83000;UP
2026-04-28 16:35:00;M5;10;21;4580,06638;4579,74000;DOWN
2026-04-28 16:45:00;M5;10;21;4581,69589;4586,41000;UP
2026-04-28 17:00:00;M5;10;89;4574,30878;4565,96000;DOWN
2026-04-28 17:15:00;M5;10;55;4569,67437;4571,44000;UP
2026-04-28 17:25:00;M5;10;89;4570,60921;4571,42000;UP
2026-04-28 17:35:00;M5;10;89;4569,20561;4560,33000;DOWN
2026-04-28 17:55:00;M5;10;21;4567,60781;4574,47000;UP
2026-04-28 19:15:00;M5;10;21;4581,14892;4580,68000;DOWN
2026-04-28 19:45:00;M5;10;21;4586,46126;4586,55000;UP
2026-04-28 20:15:00;M5;10;21;4591,33212;4588,38000;DOWN
2026-04-28 20:25:00;M5;10;21;4592,54510;4593,55000;UP
2026-04-28 21:00:00;M5;10;34;4593,89256;4593,75000;DOWN
2026-04-28 21:05:00;M5;10;34;4595,61555;4596,29000;UP
2026-04-28 21:30:00;M5;10;34;4598,47251;4595,08000;DOWN
2026-04-28 21:55:00;M5;10;55;4594,29155;4594,29000;DOWN
2026-04-28 22:05:00;M5;10;55;4595,72471;4596,76000;UP
2026-04-28 22:15:00;M5;10;55;4596,95280;4594,84000;DOWN
2026-04-28 22:35:00;M5;10;21;4597,84423;4598,54000;UP
2026-04-28 22:50:00;M5;10;21;4597,68981;4595,13000;DOWN
2026-04-28 23:05:00;M5;10;21;4597,31347;4598,02000;UP
2026-04-28 23:15:00;M5;10;21;4596,92178;4594,26000;DOWN
2026-04-28 23:50:00;M5;10;21;4594,89629;4595,87000;UP
2026-04-29 01:15:00;M5;10;34;4596,23961;4596,63000;UP
2026-04-29 01:25:00;M5;10;34;4595,99642;4595,80000;DOWN
2026-04-29 01:35:00;M5;10;89;4594,76956;4594,21000;DOWN
2026-04-29 01:50:00;M5;10;21;4594,58718;4595,06000;UP
2026-04-29 01:55:00;M5;10;21;4594,48641;4594,11000;DOWN
2026-04-29 02:50:00;M5;10;21;4590,97477;4592,29000;UP
2026-04-29 03:00:00;M5;10;55;4595,74997;4606,75000;UP
2026-04-29 03:50:00;M5;10;89;4599,25898;4598,24000;DOWN
2026-04-29 03:55:00;M5;10;89;4599,63537;4600,25000;UP
2026-04-29 04:00:00;M5;10;55;4597,05168;4582,53000;DOWN
2026-04-29 04:05:00;M5;10;89;4599,74070;4581,24000;DOWN
2026-04-29 04:55:00;M5;10;21;4584,66581;4584,81000;UP
2026-04-29 05:05:00;M5;10;55;4591,72912;4598,82000;UP
2026-04-29 05:35:00;M5;10;89;4596,00963;4595,95000;DOWN
2026-04-29 05:45:00;M5;10;89;4595,94352;4599,22000;UP
2026-04-29 05:50:00;M5;10;21;4593,10313;4592,96000;DOWN
2026-04-29 06:00:00;M5;10;21;4594,99882;4596,49000;UP
2026-04-29 05:55:00;M5;10;89;4595,89693;4593,57000;DOWN
2026-04-29 06:05:00;M5;10;89;4595,93094;4599,60000;UP
2026-04-29 06:25:00;M5;10;21;4600,04035;4598,76000;DOWN
2026-04-29 06:35:00;M5;10;89;4596,21190;4594,96000;DOWN
2026-04-29 06:50:00;M5;10;55;4594,59647;4595,03000;UP
2026-04-29 07:00:00;M5;10;34;4596,25885;4597,83000;UP
2026-04-29 07:05:00;M5;10;21;4598,47566;4599,88000;UP
2026-04-29 08:10:00;M5;10;34;4602,08536;4600,91000;DOWN
2026-04-29 08:30:00;M5;10;89;4598,31019;4595,45000;DOWN
2026-04-29 08:40:00;M5;10;89;4598,56246;4599,02000;UP
2026-04-29 08:50:00;M5;10;89;4598,78260;4597,48000;DOWN
2026-04-29 09:55:00;M5;10;21;4584,10602;4584,52000;UP
2026-04-29 10:05:00;M5;10;21;4581,90830;4579,63000;DOWN
2026-04-29 10:30:00;M5;10;21;4577,16959;4577,87000;UP
2026-04-29 10:35:00;M5;10;21;4574,65381;4571,61000;DOWN
2026-04-29 11:15:00;M5;10;21;4565,96004;4569,63000;UP
2026-04-29 11:30:00;M5;10;21;4564,52337;4562,38000;DOWN
2026-04-29 11:40:00;M5;10;21;4562,94625;4568,31000;UP
2026-04-29 11:50:00;M5;10;55;4573,41410;4574,83000;UP
2026-04-29 12:15:00;M5;10;89;4579,04628;4579,51000;UP
2026-04-29 12:25:00;M5;10;89;4577,88084;4565,80000;DOWN
2026-04-29 12:40:00;M5;10;34;4563,55888;4558,88000;DOWN
2026-04-29 13:00:00;M5;10;34;4561,99950;4562,32000;UP
2026-04-29 13:05:00;M5;10;21;4563,94818;4565,30000;UP
2026-04-29 13:20:00;M5;10;89;4571,25885;4571,60000;UP
2026-04-29 13:40:00;M5;10;89;4568,99343;4566,33000;DOWN
2026-04-29 13:55:00;M5;10;89;4567,06437;4569,80000;UP
2026-04-29 14:05:00;M5;10;21;4567,39918;4567,06000;DOWN
2026-04-29 14:15:00;M5;10;21;4567,97320;4568,11000;UP
2026-04-29 14:25:00;M5;10;34;4565,68049;4564,69000;DOWN
2026-04-29 14:35:00;M5;10;34;4565,83636;4567,04000;UP
2026-04-29 14:50:00;M5;10;89;4563,20383;4560,47000;DOWN
2026-04-29 15:00:00;M5;10;89;4562,43148;4563,51000;UP
2026-04-29 15:15:00;M5;10;21;4564,27158;4565,87000;UP
2026-04-29 15:25:00;M5;10;89;4560,25496;4559,46000;DOWN
2026-04-29 17:10:00;M5;10;21;4521,35683;4526,17000;UP
2026-04-29 17:15:00;M5;10;34;4529,79956;4534,37000;UP
2026-04-29 17:30:00;M5;10;55;4537,64653;4539,53000;UP
2026-04-29 17:35:00;M5;10;89;4540,60761;4540,90000;UP
2026-04-29 17:45:00;M5;10;89;4538,95216;4532,85000;DOWN
2026-04-29 17:55:00;M5;10;55;4532,01187;4539,34000;UP
2026-04-29 18:55:00;M5;10;21;4548,20853;4547,62000;DOWN
2026-04-29 19:05:00;M5;10;21;4552,09278;4561,16000;UP
2026-04-29 19:30:00;M5;10;21;4559,15918;4550,60000;DOWN
2026-04-29 19:45:00;M5;10;34;4551,27339;4546,27000;DOWN
2026-04-29 20:45:00;M5;10;55;4543,99919;4543,33000;DOWN
2026-04-29 20:55:00;M5;10;21;4546,98002;4547,60000;UP
2026-04-29 21:05:00;M5;10;89;4536,79396;4533,54000;DOWN
2026-04-29 21:50:00;M5;10;21;4531,42382;4532,20000;UP
2026-04-29 21:55:00;M5;10;89;4534,96078;4538,07000;UP
2026-04-29 22:05:00;M5;10;34;4536,68678;4538,97000;UP
2026-04-29 22:30:00;M5;10;55;4541,25040;4539,13000;DOWN
2026-04-29 22:45:00;M5;10;55;4540,95620;4548,03000;UP
2026-04-29 23:15:00;M5;10;21;4546,76211;4544,89000;DOWN
2026-04-29 23:45:00;M5;10;55;4542,00617;4541,76000;DOWN
2026-04-29 23:55:00;M5;10;34;4543,04256;4543,30000;UP
2026-04-30 01:15:00;M5;10;21;4547,44608;4549,89000;UP
2026-04-30 02:20:00;M5;10;21;4551,43330;4550,88000;DOWN
2026-04-30 02:30:00;M5;10;21;4552,22239;4552,61000;UP
2026-04-30 03:10:00;M5;10;21;4558,13028;4558,08000;DOWN
2026-04-30 03:15:00;M5;10;21;4560,06790;4561,84000;UP
2026-04-30 04:00:00;M5;10;21;4568,61214;4567,92000;DOWN
2026-04-30 04:05:00;M5;10;34;4566,38398;4565,59000;DOWN
2026-04-30 04:15:00;M5;10;34;4568,02660;4570,96000;UP
2026-04-30 04:25:00;M5;10;21;4573,55905;4579,84000;UP
2026-04-30 04:55:00;M5;10;21;4579,29695;4579,10000;DOWN
2026-04-30 05:05:00;M5;10;34;4577,95327;4576,65000;DOWN
2026-04-30 05:25:00;M5;10;55;4575,72659;4573,06000;DOWN
2026-04-30 05:35:00;M5;10;89;4567,47098;4563,70000;DOWN
2026-04-30 07:45:00;M5;10;21;4546,45920;4546,92000;UP
2026-04-30 07:55:00;M5;10;21;4543,83012;4542,02000;DOWN
2026-04-30 08:05:00;M5;10;21;4542,72519;4552,58000;UP
2026-04-30 08:30:00;M5;10;55;4557,06862;4562,28000;UP
2026-04-30 08:35:00;M5;10;89;4565,53032;4565,67000;UP
2026-04-30 08:55:00;M5;10;89;4564,75617;4562,54000;DOWN
2026-04-30 09:05:00;M5;10;89;4564,55844;4565,19000;UP
2026-04-30 10:30:00;M5;10;21;4591,33582;4588,93000;DOWN
2026-04-30 10:40:00;M5;10;21;4594,26923;4596,78000;UP
2026-04-30 10:55:00;M5;10;21;4600,33265;4598,48000;DOWN
2026-04-30 11:05:00;M5;10;21;4604,99442;4619,89000;UP
2026-04-30 11:35:00;M5;10;21;4618,25972;4616,17000;DOWN
2026-04-30 11:55:00;M5;10;34;4618,58274;4616,35000;DOWN
2026-04-30 13:05:00;M5;10;55;4626,27129;4625,86000;DOWN
2026-04-30 13:20:00;M5;10;21;4629,34723;4634,23000;UP
2026-04-30 13:40:00;M5;10;34;4637,28151;4636,53000;DOWN
2026-04-30 13:45:00;M5;10;55;4637,38733;4636,79000;DOWN
2026-04-30 13:55:00;M5;10;21;4639,14201;4639,75000;UP
2026-04-30 14:10:00;M5;10;55;4642,47694;4635,93000;DOWN
2026-04-30 14:35:00;M5;10;89;4632,19954;4629,25000;DOWN
2026-04-30 14:45:00;M5;10;89;4634,64972;4634,99000;UP
2026-04-30 14:55:00;M5;10;89;4636,85655;4630,18000;DOWN
2026-04-30 15:50:00;M5;10;21;4630,23399;4635,15000;UP
2026-04-30 15:55:00;M5;10;34;4637,10897;4639,57000;UP
2026-04-30 16:20:00;M5;10;34;4636,53326;4635,38000;DOWN
2026-04-30 16:25:00;M5;10;21;4633,86987;4633,56000;DOWN
2026-04-30 17:15:00;M5;10;21;4621,89883;4622,08000;UP
2026-04-30 17:30:00;M5;10;21;4620,17300;4617,26000;DOWN
2026-04-30 17:45:00;M5;10;21;4616,05957;4619,27000;UP
2026-04-30 17:55:00;M5;10;34;4619,92583;4619,81000;DOWN
2026-04-30 18:05:00;M5;10;34;4618,92596;4623,39000;UP
2026-04-30 18:35:00;M5;10;34;4616,89232;4615,29000;DOWN
2026-04-30 18:55:00;M5;10;34;4615,10388;4615,30000;UP
2026-04-30 19:05:00;M5;10;34;4614,23176;4613,92000;DOWN
2026-04-30 19:30:00;M5;10;21;4612,55536;4612,92000;UP
2026-04-30 19:35:00;M5;10;34;4611,10965;4610,69000;DOWN
2026-04-30 19:45:00;M5;10;21;4609,93310;4613,31000;UP
2026-04-30 19:55:00;M5;10;55;4612,80653;4607,59000;DOWN
2026-04-30 20:05:00;M5;10;21;4608,93549;4617,70000;UP
2026-04-30 21:00:00;M5;10;89;4623,16853;4623,53000;UP
2026-04-30 21:10:00;M5;10;89;4622,23620;4620,65000;DOWN
2026-04-30 21:15:00;M5;10;89;4621,44959;4623,93000;UP
2026-04-30 21:25:00;M5;10;89;4620,75205;4620,75000;DOWN
2026-04-30 21:35:00;M5;10;89;4620,13048;4620,89000;UP
2026-04-30 21:50:00;M5;10;21;4622,70235;4623,59000;UP
2026-04-30 21:55:00;M5;10;21;4623,27131;4622,46000;DOWN
2026-04-30 22:05:00;M5;10;21;4624,05469;4625,56000;UP
2026-04-30 22:20:00;M5;10;34;4621,54152;4620,04000;DOWN
2026-04-30 22:25:00;M5;10;89;4618,23134;4617,68000;DOWN
2026-04-30 22:35:00;M5;10;89;4617,97272;4621,35000;UP
2026-04-30 22:50:00;M5;10;89;4617,74039;4617,19000;DOWN
2026-04-30 23:15:00;M5;10;55;4618,47239;4618,49000;UP
2026-04-30 23:25:00;M5;10;89;4616,70306;4616,65000;DOWN
2026-04-30 23:35:00;M5;10;89;4616,46251;4617,50000;UP
2026-04-30 23:45:00;M5;10;21;4617,18910;4618,53000;UP
2026-05-01 01:55:00;M5;10;21;4630,84531;4630,33000;DOWN
2026-05-01 02:45:00;M5;10;34;4631,53370;4631,32000;DOWN
2026-05-01 02:55:00;M5;10;55;4629,55204;4626,50000;DOWN
2026-05-01 03:10:00;M5;10;89;4624,17220;4622,46000;DOWN
2026-05-01 03:15:00;M5;10;89;4624,76979;4626,07000;UP
2026-05-01 03:25:00;M5;10;89;4625,27650;4623,80000;DOWN
2026-05-01 04:30:00;M5;10;21;4617,03633;4619,42000;UP
2026-05-01 04:55:00;M5;10;34;4619,62037;4620,89000;UP
2026-05-01 05:05:00;M5;10;55;4624,69560;4626,24000;UP
2026-05-01 05:40:00;M5;10;89;4625,56399;4624,23000;DOWN
2026-05-01 05:45:00;M5;10;34;4621,84930;4620,83000;DOWN
2026-05-01 06:20:00;M5;10;34;4621,65746;4623,56000;UP
2026-05-01 06:25:00;M5;10;21;4624,31056;4626,20000;UP
2026-05-01 06:50:00;M5;10;89;4625,73659;4625,61000;DOWN
2026-05-01 06:55:00;M5;10;89;4625,79000;4626,65000;UP
2026-05-01 07:00:00;M5;10;21;4625,61899;4624,86000;DOWN
2026-05-01 07:05:00;M5;10;89;4625,79050;4620,93000;DOWN
2026-05-01 08:15:00;M5;10;21;4612,51474;4613,96000;UP
2026-05-01 08:40:00;M5;10;21;4610,13181;4609,88000;DOWN
2026-05-01 08:45:00;M5;10;21;4609,43051;4611,89000;UP
2026-05-01 08:55:00;M5;10;21;4608,25050;4604,90000;DOWN
2026-05-01 09:55:00;M5;10;21;4592,44747;4594,70000;UP
2026-05-01 10:10:00;M5;10;34;4594,97062;4595,98000;UP
2026-05-01 10:20:00;M5;10;34;4593,23481;4591,24000;DOWN
2026-05-01 10:25:00;M5;10;34;4591,74334;4592,34000;UP
2026-05-01 10:30:00;M5;10;21;4588,67708;4585,74000;DOWN
2026-05-01 10:35:00;M5;10;34;4590,06059;4584,90000;DOWN
2026-05-01 11:45:00;M5;10;21;4569,02458;4571,17000;UP
2026-05-01 12:00:00;M5;10;21;4566,71034;4565,75000;DOWN
2026-05-01 12:05:00;M5;10;21;4564,77828;4566,44000;UP
2026-05-01 12:15:00;M5;10;34;4566,20139;4568,20000;UP
2026-05-01 12:30:00;M5;10;55;4569,37953;4571,56000;UP
2026-05-01 12:50:00;M5;10;55;4565,78116;4560,99000;DOWN
2026-05-01 12:55:00;M5;10;34;4561,97111;4562,67000;UP
2026-05-01 13:05:00;M5;10;21;4563,86950;4566,59000;UP
2026-05-01 13:25:00;M5;10;89;4570,24327;4572,13000;UP
2026-05-01 13:35:00;M5;10;89;4568,61888;4568,22000;DOWN
2026-05-01 13:45:00;M5;10;89;4567,09689;4568,98000;UP
2026-05-01 13:55:00;M5;10;21;4567,41745;4566,83000;DOWN
2026-05-01 14:15:00;M5;10;21;4567,95195;4571,69000;UP
2026-05-01 15:55:00;M5;10;21;4595,35769;4591,13000;DOWN
2026-05-01 16:15:00;M5;10;34;4591,41470;4591,26000;DOWN
2026-05-01 16:30:00;M5;10;34;4593,23177;4598,61000;UP
2026-05-01 16:35:00;M5;10;21;4600,29611;4602,77000;UP
2026-05-01 16:45:00;M5;10;21;4601,34034;4601,18000;DOWN
2026-05-01 16:55:00;M5;10;21;4604,96171;4625,67000;UP
2026-05-01 17:40:00;M5;10;21;4638,33057;4633,21000;DOWN
2026-05-01 17:45:00;M5;10;34;4631,51032;4630,88000;DOWN
2026-05-01 19:05:00;M5;10;55;4643,35723;4639,22000;DOWN
2026-05-01 19:15:00;M5;10;21;4645,57512;4647,15000;UP
2026-05-01 19:25:00;M5;10;55;4648,58737;4637,98000;DOWN
2026-05-01 20:20:00;M5;10;89;4636,37922;4635,09000;DOWN
2026-05-01 21:40:00;M5;10;21;4621,14530;4622,16000;UP
2026-05-01 22:10:00;M5;10;34;4623,22266;4626,21000;UP
2026-05-01 22:30:00;M5;10;34;4621,08017;4618,06000;DOWN
2026-05-01 23:25:00;M5;10;21;4611,72947;4613,23000;UP
2026-05-04 01:05:00;M5;10;55;4614,79787;4621,95000;UP
2026-05-04 01:50:00;M5;10;21;4619,82916;4619,67000;DOWN
2026-05-04 02:05:00;M5;10;34;4616,09510;4615,39000;DOWN
2026-05-04 02:25:00;M5;10;34;4617,02439;4617,08000;UP
2026-05-04 02:35:00;M5;10;34;4617,22532;4614,81000;DOWN
2026-05-04 03:00:00;M5;10;55;4612,75486;4608,42000;DOWN
2026-05-04 03:05:00;M5;10;55;4612,66628;4615,27000;UP
2026-05-04 03:15:00;M5;10;55;4612,42107;4607,71000;DOWN
2026-05-04 03:45:00;M5;10;21;4607,93419;4609,45000;UP
2026-05-04 03:55:00;M5;10;34;4611,78655;4613,02000;UP
2026-05-04 04:00:00;M5;10;21;4607,30032;4601,19000;DOWN
2026-05-04 04:05:00;M5;10;55;4609,89823;4599,07000;DOWN
2026-05-04 04:35:00;M5;10;21;4599,09840;4600,27000;UP
2026-05-04 04:50:00;M5;10;34;4602,12380;4606,17000;UP
2026-05-04 04:55:00;M5;10;89;4609,01044;4613,02000;UP
2026-05-04 05:15:00;M5;10;89;4607,16193;4605,05000;DOWN
2026-05-04 05:40:00;M5;10;21;4600,60470;4603,86000;UP
2026-05-04 05:45:00;M5;10;89;4604,47972;4604,52000;UP
2026-05-04 06:35:00;M5;10;89;4601,89175;4601,37000;DOWN
2026-05-04 06:45:00;M5;10;21;4606,78836;4610,14000;UP
2026-05-04 07:15:00;M5;10;21;4611,22700;4611,22000;DOWN
2026-05-04 07:25:00;M5;10;34;4607,96045;4607,93000;DOWN
2026-05-04 07:35:00;M5;10;34;4608,83511;4610,21000;UP
2026-05-04 07:45:00;M5;10;34;4609,35348;4607,54000;DOWN
2026-05-04 08:00:00;M5;10;55;4604,57230;4604,32000;DOWN
2026-05-04 08:05:00;M5;10;55;4604,94618;4606,11000;UP
2026-05-04 08:15:00;M5;10;21;4609,53523;4611,03000;UP
2026-05-04 08:20:00;M5;10;55;4605,38759;4604,70000;DOWN
2026-05-04 08:25:00;M5;10;89;4601,97760;4596,51000;DOWN
2026-05-04 09:15:00;M5;10;21;4596,66593;4596,68000;UP
2026-05-04 09:25:00;M5;10;21;4595,09939;4593,95000;DOWN
2026-05-04 10:05:00;M5;10;21;4587,60714;4590,89000;UP
2026-05-04 10:40:00;M5;10;34;4587,35683;4587,90000;UP
2026-05-04 10:50:00;M5;10;34;4586,01430;4582,13000;DOWN
2026-05-04 11:35:00;M5;10;21;4576,22243;4579,00000;UP
2026-05-04 12:00:00;M5;10;55;4580,09181;4580,66000;UP
2026-05-04 12:35:00;M5;10;89;4582,44034;4583,69000;UP
2026-05-04 12:50:00;M5;10;89;4581,63442;4579,17000;DOWN
2026-05-04 13:00:00;M5;10;55;4574,78775;4560,19000;DOWN
2026-05-04 13:35:00;M5;10;21;4556,28693;4561,26000;UP
2026-05-04 13:45:00;M5;10;34;4560,26099;4566,56000;UP
2026-05-04 14:15:00;M5;10;89;4566,70298;4568,72000;UP
2026-05-04 14:25:00;M5;10;89;4565,26247;4562,26000;DOWN
2026-05-04 14:35:00;M5;10;21;4556,27873;4553,65000;DOWN
2026-05-04 14:50:00;M5;10;21;4556,80705;4558,84000;UP
2026-05-04 15:00:00;M5;10;89;4561,20549;4563,05000;UP
2026-05-04 16:00:00;M5;10;21;4567,78192;4565,38000;DOWN
2026-05-04 16:05:00;M5;10;21;4569,53282;4572,17000;UP
2026-05-04 16:20:00;M5;10;34;4564,43826;4562,58000;DOWN
2026-05-04 16:30:00;M5;10;34;4565,26284;4570,16000;UP
2026-05-04 16:40:00;M5;10;34;4565,82978;4565,42000;DOWN
2026-05-04 17:05:00;M5;10;89;4555,24148;4555,02000;DOWN
2026-05-04 17:15:00;M5;10;21;4564,07359;4572,92000;UP
2026-05-04 17:55:00;M5;10;55;4563,26335;4561,41000;DOWN
2026-05-04 18:10:00;M5;10;89;4556,04634;4548,52000;DOWN
2026-05-04 19:15:00;M5;10;21;4519,83143;4522,48000;UP
2026-05-04 20:00:00;M5;10;34;4515,81583;4521,00000;UP
2026-05-04 20:15:00;M5;10;55;4525,35446;4528,99000;UP
2026-05-04 21:05:00;M5;10;21;4519,79930;4519,26000;DOWN
2026-05-04 21:25:00;M5;10;55;4511,95586;4511,92000;DOWN
2026-05-04 21:35:00;M5;10;55;4510,34782;4514,82000;UP
2026-05-04 22:05:00;M5;10;21;4515,98749;4517,89000;UP
2026-05-04 23:00:00;M5;10;34;4516,83879;4515,15000;DOWN
2026-05-04 23:30:00;M5;10;34;4516,70112;4517,27000;UP
2026-05-04 23:40:00;M5;10;21;4517,00314;4518,58000;UP
2026-05-05 01:25:00;M5;10;21;4519,88245;4519,79000;DOWN
2026-05-05 01:40:00;M5;10;34;4519,47042;4519,06000;DOWN
2026-05-05 02:10:00;M5;10;21;4520,15250;4520,41000;UP
2026-05-05 02:15:00;M5;10;21;4519,98272;4519,85000;DOWN
2026-05-05 02:25:00;M5;10;21;4519,94268;4521,01000;UP
2026-05-05 02:40:00;M5;10;34;4519,62002;4518,44000;DOWN
2026-05-05 02:45:00;M5;10;21;4519,99628;4520,11000;UP
2026-05-05 02:55:00;M5;10;34;4520,04444;4518,88000;DOWN
2026-05-05 03:05:00;M5;10;21;4520,60526;4526,28000;UP
2026-05-05 03:20:00;M5;10;34;4521,08795;4519,46000;DOWN
2026-05-05 03:25:00;M5;10;55;4519,06815;4517,06000;DOWN
2026-05-05 03:40:00;M5;10;21;4521,67492;4523,78000;UP
2026-05-05 05:00:00;M5;10;21;4539,62856;4539,23000;DOWN
2026-05-05 05:15:00;M5;10;34;4537,45463;4535,46000;DOWN
2026-05-05 05:25:00;M5;10;34;4538,95903;4541,46000;UP
2026-05-05 05:40:00;M5;10;21;4543,69603;4544,41000;UP
2026-05-05 05:45:00;M5;10;21;4544,32898;4544,09000;DOWN
2026-05-05 05:55:00;M5;10;34;4543,05671;4539,02000;DOWN
2026-05-05 06:20:00;M5;10;55;4540,08301;4538,29000;DOWN
2026-05-05 07:05:00;M5;10;89;4534,76507;4533,78000;DOWN
2026-05-05 07:45:00;M5;10;21;4531,32021;4534,53000;UP
2026-05-05 08:00:00;M5;10;34;4536,05054;4536,96000;UP
2026-05-05 08:05:00;M5;10;55;4541,25424;4543,07000;UP
2026-05-05 08:15:00;M5;10;89;4538,25984;4536,59000;DOWN
2026-05-05 08:30:00;M5;10;55;4540,85166;4547,05000;UP
2026-05-05 09:05:00;M5;10;21;4544,72180;4543,97000;DOWN
2026-05-05 09:15:00;M5;10;89;4542,33337;4538,98000;DOWN
2026-05-05 09:30:00;M5;10;34;4540,85633;4542,89000;UP
2026-05-05 09:35:00;M5;10;21;4545,58098;4548,00000;UP
2026-05-05 10:25:00;M5;10;21;4550,90261;4548,83000;DOWN
2026-05-05 10:35:00;M5;10;21;4552,19045;4554,52000;UP
2026-05-05 10:45:00;M5;10;89;4548,14180;4545,53000;DOWN
2026-05-05 11:00:00;M5;10;55;4548,11645;4550,01000;UP
2026-05-05 11:05:00;M5;10;89;4549,16641;4547,81000;DOWN
2026-05-05 11:20:00;M5;10;21;4551,25580;4551,90000;UP
2026-05-05 11:25:00;M5;10;34;4551,95266;4551,22000;DOWN
2026-05-05 11:35:00;M5;10;89;4550,40112;4549,99000;DOWN
2026-05-05 11:45:00;M5;10;21;4550,90149;4551,78000;UP
2026-05-05 12:15:00;M5;10;34;4554,82100;4554,13000;DOWN
2026-05-05 12:25:00;M5;10;89;4552,84194;4552,32000;DOWN
2026-05-05 12:35:00;M5;10;55;4554,89630;4555,11000;UP
2026-05-05 12:45:00;M5;10;55;4555,45985;4553,90000;DOWN
2026-05-05 12:55:00;M5;10;34;4556,03671;4556,24000;UP
2026-05-05 13:05:00;M5;10;89;4554,86825;4552,21000;DOWN
2026-05-05 14:05:00;M5;10;21;4548,06602;4549,90000;UP
2026-05-05 14:15:00;M5;10;34;4551,29878;4550,06000;DOWN
2026-05-05 14:25:00;M5;10;34;4550,95177;4556,02000;UP
2026-05-05 15:45:00;M5;10;21;4568,05891;4563,76000;DOWN
2026-05-05 16:00:00;M5;10;21;4569,51413;4574,14000;UP
2026-05-05 16:35:00;M5;10;21;4578,04341;4574,42000;DOWN
2026-05-05 16:50:00;M5;10;21;4579,26590;4580,80000;UP
2026-05-05 16:55:00;M5;10;21;4580,26085;4579,36000;DOWN
2026-05-05 17:05:00;M5;10;21;4581,55003;4583,66000;UP
2026-05-05 17:10:00;M5;10;34;4578,75910;4573,66000;DOWN
2026-05-05 17:15:00;M5;10;55;4573,19441;4570,36000;DOWN
2026-05-05 17:25:00;M5;10;21;4582,19057;4584,05000;UP
2026-05-05 17:35:00;M5;10;34;4582,50023;4581,22000;DOWN
2026-05-05 17:45:00;M5;10;55;4577,90726;4577,63000;DOWN
2026-05-05 18:00:00;M5;10;21;4582,75701;4583,65000;UP
2026-05-05 18:05:00;M5;10;55;4580,72694;4580,22000;DOWN
2026-05-05 18:35:00;M5;10;89;4577,91422;4575,80000;DOWN
2026-05-05 19:55:00;M5;10;21;4557,81522;4561,20000;UP
2026-05-05 20:05:00;M5;10;21;4555,40150;4554,72000;DOWN
2026-05-05 20:15:00;M5;10;21;4554,09231;4560,86000;UP
2026-05-05 20:30:00;M5;10;34;4559,94412;4561,44000;UP
2026-05-05 21:30:00;M5;10;21;4559,03832;4558,97000;DOWN
2026-05-05 21:40:00;M5;10;21;4559,89712;4561,56000;UP
2026-05-05 21:45:00;M5;10;55;4561,06447;4562,85000;UP
2026-05-05 21:50:00;M5;10;21;4560,76170;4560,65000;DOWN
2026-05-05 22:00:00;M5;10;55;4560,21689;4558,77000;DOWN
2026-05-05 22:25:00;M5;10;34;4557,14314;4556,23000;DOWN
2026-05-05 22:45:00;M5;10;21;4558,43936;4558,86000;UP
2026-05-05 22:55:00;M5;10;55;4555,62596;4554,61000;DOWN
2026-05-05 23:10:00;M5;10;21;4556,63348;4556,94000;UP
2026-05-05 23:15:00;M5;10;34;4556,63986;4556,45000;DOWN
2026-05-05 23:25:00;M5;10;34;4556,55210;4559,24000;UP
2026-05-05 23:35:00;M5;10;34;4556,39732;4555,90000;DOWN
2026-05-05 23:45:00;M5;10;21;4555,52010;4555,97000;UP
2026-05-06 01:05:00;M5;10;55;4553,60858;4551,49000;DOWN
2026-05-06 01:50:00;M5;10;21;4549,34876;4558,63000;UP
2026-05-06 03:05:00;M5;10;21;4593,96759;4592,47000;DOWN
2026-05-06 03:20:00;M5;10;21;4598,63965;4602,33000;UP
2026-05-06 03:25:00;M5;10;21;4602,70260;4602,18000;DOWN
2026-05-06 03:35:00;M5;10;21;4606,46898;4608,30000;UP
2026-05-06 03:45:00;M5;10;21;4609,92603;4609,83000;DOWN
2026-05-06 03:55:00;M5;10;21;4613,80732;4618,73000;UP
2026-05-06 04:05:00;M5;10;21;4616,96325;4612,50000;DOWN
2026-05-06 04:20:00;M5;10;21;4619,79383;4623,54000;UP
2026-05-06 04:30:00;M5;10;21;4622,86874;4622,59000;DOWN
2026-05-06 04:50:00;M5;10;34;4625,38343;4624,74000;DOWN
2026-05-06 05:10:00;M5;10;21;4633,18135;4633,37000;UP
2026-05-06 05:15:00;M5;10;34;4634,62517;4634,14000;DOWN
2026-05-06 05:50:00;M5;10;21;4638,38632;4638,66000;UP
2026-05-06 06:05:00;M5;10;34;4644,23736;4644,71000;UP
2026-05-06 06:20:00;M5;10;34;4646,37432;4645,76000;DOWN
2026-05-06 06:30:00;M5;10;55;4645,62733;4643,89000;DOWN
2026-05-06 06:35:00;M5;10;21;4648,83322;4651,35000;UP
2026-05-06 06:45:00;M5;10;55;4651,22834;4644,37000;DOWN
2026-05-06 07:25:00;M5;10;21;4651,80288;4652,81000;UP
2026-05-06 07:35:00;M5;10;21;4652,09532;4649,25000;DOWN
2026-05-06 07:55:00;M5;10;89;4649,84145;4648,97000;DOWN
2026-05-06 08:05:00;M5;10;21;4652,60409;4655,54000;UP
2026-05-06 08:15:00;M5;10;89;4654,80238;4651,93000;DOWN
2026-05-06 08:50:00;M5;10;21;4652,50340;4652,94000;UP
2026-05-06 08:55:00;M5;10;34;4656,28872;4662,98000;UP
2026-05-06 09:05:00;M5;10;89;4664,62961;4663,48000;DOWN
2026-05-06 09:55:00;M5;10;55;4668,43784;4669,21000;UP
2026-05-06 10:05:00;M5;10;55;4669,22772;4666,89000;DOWN
2026-05-06 10:25:00;M5;10;34;4667,10476;4667,54000;UP
2026-05-06 10:40:00;M5;10;21;4669,55644;4670,58000;UP
2026-05-06 10:35:00;M5;10;34;4667,86933;4664,92000;DOWN
2026-05-06 10:45:00;M5;10;34;4669,01484;4675,29000;UP
2026-05-06 10:55:00;M5;10;89;4679,69685;4681,51000;UP
2026-05-06 11:05:00;M5;10;89;4680,79778;4677,48000;DOWN
2026-05-06 11:30:00;M5;10;34;4676,59380;4675,87000;DOWN
2026-05-06 11:35:00;M5;10;55;4676,96484;4675,76000;DOWN
2026-05-06 11:50:00;M5;10;21;4680,45488;4697,33000;UP
2026-05-06 12:40:00;M5;10;21;4699,76961;4696,03000;DOWN
2026-05-06 13:05:00;M5;10;89;4697,32753;4696,54000;DOWN
2026-05-06 13:20:00;M5;10;55;4698,68255;4701,26000;UP
2026-05-06 13:30:00;M5;10;21;4707,55404;4709,35000;UP
2026-05-06 14:10:00;M5;10;34;4713,78886;4712,03000;DOWN
2026-05-06 14:20:00;M5;10;55;4711,71199;4710,03000;DOWN
2026-05-06 14:25:00;M5;10;89;4710,56961;4705,67000;DOWN
2026-05-06 15:45:00;M5;10;21;4679,74297;4681,14000;UP
2026-05-06 16:05:00;M5;10;21;4673,55652;4673,51000;DOWN
2026-05-06 16:15:00;M5;10;21;4672,04328;4682,88000;UP
2026-05-06 16:25:00;M5;10;34;4682,72778;4685,13000;UP
2026-05-06 16:45:00;M5;10;55;4696,26115;4700,78000;UP
2026-05-06 17:05:00;M5;10;89;4707,63767;4708,02000;UP
2026-05-06 17:25:00;M5;10;89;4707,94832;4705,67000;DOWN
2026-05-06 17:40:00;M5;10;89;4708,28119;4713,27000;UP
2026-05-06 17:45:00;M5;10;89;4708,64132;4705,76000;DOWN
2026-05-06 18:10:00;M5;10;55;4697,81182;4696,77000;DOWN
2026-05-06 18:15:00;M5;10;55;4698,07617;4701,17000;UP
2026-05-06 18:25:00;M5;10;55;4698,12359;4695,43000;DOWN
2026-05-06 19:25:00;M5;10;21;4686,57959;4688,03000;UP
2026-05-06 20:20:00;M5;10;21;4681,40457;4681,34000;DOWN
2026-05-06 20:25:00;M5;10;21;4680,94879;4682,99000;UP
2026-05-06 20:35:00;M5;10;21;4680,39405;4679,51000;DOWN
2026-05-06 20:45:00;M5;10;21;4679,90931;4680,89000;UP
2026-05-06 20:55:00;M5;10;34;4680,75727;4684,05000;UP
2026-05-06 21:10:00;M5;10;55;4686,63666;4686,79000;UP
2026-05-06 22:00:00;M5;10;89;4689,60532;4691,22000;UP
2026-05-06 21:55:00;M5;10;21;4686,12426;4686,04000;DOWN
2026-05-06 22:05:00;M5;10;21;4687,69099;4694,36000;UP
2026-05-06 22:45:00;M5;10;21;4696,46472;4694,81000;DOWN
2026-05-06 23:10:00;M5;10;21;4697,84287;4699,03000;UP
2026-05-06 23:15:00;M5;10;21;4698,47407;4698,04000;DOWN
2026-05-06 23:25:00;M5;10;34;4695,43098;4692,61000;DOWN
2026-05-06 23:40:00;M5;10;89;4690,04948;4688,61000;DOWN
2026-05-06 23:50:00;M5;10;55;4690,44999;4690,97000;UP
2026-05-06 23:55:00;M5;10;55;4690,88487;4690,56000;DOWN
2026-05-07 01:05:00;M5;10;21;4693,68519;4694,42000;UP
2026-05-07 01:25:00;M5;10;34;4696,41479;4695,52000;DOWN
2026-05-07 01:35:00;M5;10;34;4696,73686;4697,11000;UP
2026-05-07 01:50:00;M5;10;34;4697,06752;4696,05000;DOWN
2026-05-07 01:55:00;M5;10;21;4695,66219;4694,84000;DOWN
2026-05-07 02:05:00;M5;10;21;4696,21708;4697,42000;UP
2026-05-07 02:10:00;M5;10;55;4695,20284;4694,34000;DOWN
2026-05-07 02:15:00;M5;10;55;4695,80673;4696,89000;UP
2026-05-07 02:15:00;M5;10;34;4697,26927;4696,89000;DOWN
2026-05-07 02:25:00;M5;10;55;4696,24608;4693,32000;DOWN
2026-05-07 02:45:00;M5;10;21;4696,37181;4697,02000;UP
2026-05-07 03:00:00;M5;10;55;4697,12867;4693,46000;DOWN
2026-05-07 03:10:00;M5;10;21;4696,47440;4699,92000;UP
2026-05-07 03:25:00;M5;10;89;4693,43940;4692,43000;DOWN
2026-05-07 04:05:00;M5;10;21;4692,59509;4697,52000;UP
2026-05-07 05:10:00;M5;10;34;4705,63889;4704,08000;DOWN
2026-05-07 05:20:00;M5;10;55;4703,98758;4703,50000;DOWN
2026-05-07 05:30:00;M5;10;89;4701,28820;4701,09000;DOWN
2026-05-07 05:40:00;M5;10;89;4702,13711;4704,11000;UP
2026-05-07 05:45:00;M5;10;55;4706,46352;4706,61000;UP
2026-05-07 06:10:00;M5;10;55;4707,46874;4705,87000;DOWN
2026-05-07 06:15:00;M5;10;55;4707,95893;4708,26000;UP
2026-05-07 06:25:00;M5;10;89;4705,30512;4704,39000;DOWN
2026-05-07 07:40:00;M5;10;21;4697,65069;4697,91000;UP
2026-05-07 07:45:00;M5;10;21;4696,01140;4695,42000;DOWN
2026-05-07 07:55:00;M5;10;21;4694,80557;4696,37000;UP
2026-05-07 08:15:00;M5;10;34;4697,57842;4695,98000;DOWN
2026-05-07 08:30:00;M5;10;34;4696,68043;4703,28000;UP
2026-05-07 08:35:00;M5;10;89;4704,82235;4705,10000;UP
2026-05-07 08:50:00;M5;10;89;4704,70390;4704,64000;DOWN
2026-05-07 09:00:00;M5;10;89;4704,61119;4705,87000;UP
2026-05-07 08:55:00;M5;10;55;4701,55231;4701,00000;DOWN
2026-05-07 09:05:00;M5;10;55;4701,33347;4707,76000;UP
2026-05-07 10:20:00;M5;10;21;4741,42593;4739,61000;DOWN
2026-05-07 11:10:00;M5;10;34;4745,43215;4742,60000;DOWN
2026-05-07 11:35:00;M5;10;55;4738,31456;4736,53000;DOWN
2026-05-07 12:00:00;M5;10;89;4730,94244;4726,38000;DOWN
2026-05-07 12:05:00;M5;10;89;4732,14912;4732,79000;UP
2026-05-07 12:25:00;M5;10;21;4735,36344;4735,64000;UP
2026-05-07 12:45:00;M5;10;89;4736,29779;4735,74000;DOWN
2026-05-07 12:55:00;M5;10;21;4732,60153;4729,04000;DOWN
2026-05-07 13:05:00;M5;10;21;4731,94556;4733,27000;UP
2026-05-07 13:15:00;M5;10;21;4731,39450;4731,34000;DOWN
2026-05-07 13:25:00;M5;10;21;4731,10732;4732,49000;UP
2026-05-07 13:35:00;M5;10;34;4735,50946;4736,37000;UP
2026-05-07 14:05:00;M5;10;34;4733,75974;4733,73000;DOWN
2026-05-07 14:20:00;M5;10;21;4733,40025;4734,33000;UP
2026-05-07 14:25:00;M5;10;34;4732,79361;4732,76000;DOWN
2026-05-07 14:35:00;M5;10;21;4733,39106;4735,29000;UP
2026-05-07 14:55:00;M5;10;55;4739,99749;4742,78000;UP
2026-05-07 15:20:00;M5;10;55;4739,52716;4735,47000;DOWN
2026-05-07 15:30:00;M5;10;21;4739,62835;4747,28000;UP
2026-05-07 16:00:00;M5;10;89;4747,02621;4738,88000;DOWN
2026-05-07 16:20:00;M5;10;34;4743,92505;4744,74000;UP
2026-05-07 16:30:00;M5;10;21;4747,88643;4756,03000;UP
2026-05-07 16:40:00;M5;10;89;4748,63655;4748,51000;DOWN
2026-05-07 16:45:00;M5;10;55;4743,76512;4742,54000;DOWN
2026-05-07 16:55:00;M5;10;55;4744,30903;4746,40000;UP
2026-05-07 17:10:00;M5;10;21;4748,38939;4751,87000;UP
2026-05-07 17:30:00;M5;10;89;4749,79454;4749,32000;DOWN
2026-05-07 17:35:00;M5;10;21;4751,22402;4753,88000;UP
2026-05-07 18:10:00;M5;10;34;4755,79802;4754,81000;DOWN
2026-05-07 18:20:00;M5;10;89;4752,70360;4747,15000;DOWN
2026-05-07 19:45:00;M5;10;21;4711,59523;4714,21000;UP
2026-05-07 20:25:00;M5;10;21;4701,40027;4699,14000;DOWN
2026-05-07 20:35:00;M5;10;21;4699,46256;4703,28000;UP
2026-05-07 20:50:00;M5;10;34;4703,79534;4704,29000;UP
2026-05-07 21:25:00;M5;10;55;4709,51638;4712,82000;UP
2026-05-07 21:40:00;M5;10;55;4707,49557;4706,12000;DOWN
2026-05-07 21:45:00;M5;10;21;4704,52375;4700,76000;DOWN
2026-05-07 21:55:00;M5;10;21;4705,62930;4709,69000;UP
2026-05-07 22:20:00;M5;10;55;4700,54368;4700,51000;DOWN
2026-05-07 22:30:00;M5;10;21;4706,99565;4707,80000;UP
2026-05-07 22:50:00;M5;10;21;4707,26321;4706,36000;DOWN
2026-05-07 23:00:00;M5;10;21;4706,89752;4716,36000;UP
2026-05-07 23:35:00;M5;10;89;4705,68726;4698,53000;DOWN
2026-05-07 23:50:00;M5;10;55;4697,19139;4695,45000;DOWN
2026-05-08 01:20:00;M5;10;55;4695,88056;4696,28000;UP
2026-05-08 01:25:00;M5;10;55;4695,18260;4693,81000;DOWN
2026-05-08 02:00:00;M5;10;21;4686,71842;4689,09000;UP
2026-05-08 02:10:00;M5;10;34;4691,45888;4691,52000;UP
2026-05-08 02:15:00;M5;10;89;4690,93982;4693,79000;UP
2026-05-08 03:15:00;M5;10;21;4699,39070;4695,19000;DOWN
2026-05-08 03:30:00;M5;10;21;4700,91345;4703,13000;UP
2026-05-08 03:45:00;M5;10;21;4703,12431;4700,04000;DOWN
2026-05-08 04:00:00;M5;10;21;4703,66882;4712,90000;UP
2026-05-08 04:35:00;M5;10;21;4711,86236;4707,96000;DOWN
2026-05-08 04:45:00;M5;10;21;4713,88626;4719,95000;UP
2026-05-08 05:15:00;M5;10;21;4723,00373;4719,23000;DOWN
2026-05-08 05:30:00;M5;10;34;4719,59286;4719,52000;DOWN
2026-05-08 05:40:00;M5;10;55;4710,80870;4710,25000;DOWN
2026-05-08 05:45:00;M5;10;55;4712,63536;4716,36000;UP
2026-05-08 05:55:00;M5;10;55;4714,16268;4713,33000;DOWN
2026-05-08 06:05:00;M5;10;55;4715,53585;4717,76000;UP
2026-05-08 06:25:00;M5;10;21;4720,26121;4720,34000;UP
2026-05-08 06:35:00;M5;10;34;4723,86145;4723,74000;DOWN
2026-05-08 06:45:00;M5;10;55;4720,52109;4720,46000;DOWN
2026-05-08 07:40:00;M5;10;89;4712,39264;4712,06000;DOWN
2026-05-08 07:45:00;M5;10;89;4713,27348;4713,69000;UP
2026-05-08 07:55:00;M5;10;89;4714,03754;4711,04000;DOWN
2026-05-08 08:05:00;M5;10;21;4714,60089;4714,76000;UP
2026-05-08 08:15:00;M5;10;89;4715,40873;4714,39000;DOWN
2026-05-08 08:25:00;M5;10;34;4716,85593;4719,37000;UP
2026-05-08 09:10:00;M5;10;55;4723,10827;4722,90000;DOWN
2026-05-08 09:15:00;M5;10;55;4723,58469;4727,62000;UP
2026-05-08 09:30:00;M5;10;21;4727,10785;4726,49000;DOWN
2026-05-08 09:45:00;M5;10;55;4725,50428;4725,11000;DOWN
2026-05-08 10:00:00;M5;10;89;4724,73333;4723,89000;DOWN
2026-05-08 11:05:00;M5;10;21;4710,18199;4710,67000;UP
2026-05-08 11:20:00;M5;10;34;4716,80850;4720,01000;UP
2026-05-08 11:35:00;M5;10;55;4718,89872;4721,39000;UP
2026-05-08 11:50:00;M5;10;55;4718,50683;4716,51000;DOWN
2026-05-08 12:00:00;M5;10;55;4718,17333;4719,21000;UP
2026-05-08 12:05:00;M5;10;55;4717,88729;4716,02000;DOWN
2026-05-08 12:15:00;M5;10;55;4717,70641;4719,72000;UP
2026-05-08 12:30:00;M5;10;55;4717,53927;4714,74000;DOWN
2026-05-08 12:35:00;M5;10;34;4713,75834;4713,42000;DOWN
2026-05-08 13:10:00;M5;10;21;4715,14036;4718,82000;UP
2026-05-08 13:20:00;M5;10;89;4720,36317;4721,40000;UP
2026-05-08 13:45:00;M5;10;89;4719,74876;4719,64000;DOWN
2026-05-08 13:55:00;M5;10;89;4719,66120;4719,76000;UP
2026-05-08 14:30:00;M5;10;21;4723,29194;4722,33000;DOWN
2026-05-08 14:40:00;M5;10;34;4721,09248;4721,08000;DOWN
2026-05-08 14:45:00;M5;10;89;4720,15018;4717,64000;DOWN
2026-05-08 15:30:00;M5;10;21;4715,89984;4723,31000;UP
2026-05-08 17:05:00;M5;10;34;4729,38530;4726,60000;DOWN
2026-05-08 17:20:00;M5;10;55;4726,89984;4725,74000;DOWN
2026-05-08 17:25:00;M5;10;89;4723,23426;4717,49000;DOWN
2026-05-08 18:35:00;M5;10;21;4711,88241;4712,68000;UP
2026-05-08 18:45:00;M5;10;21;4709,12804;4708,58000;DOWN
2026-05-08 18:55:00;M5;10;21;4706,96887;4707,02000;UP
2026-05-08 19:20:00;M5;10;34;4712,57914;4714,58000;UP
2026-05-08 20:15:00;M5;10;55;4714,77906;4718,65000;UP
2026-05-08 21:35:00;M5;10;21;4726,23195;4725,95000;DOWN
2026-05-08 21:55:00;M5;10;34;4723,26933;4721,88000;DOWN
2026-05-08 22:05:00;M5;10;34;4724,26454;4724,67000;UP
2026-05-08 22:15:00;M5;10;34;4725,06145;4724,10000;DOWN
2026-05-08 23:10:00;M5;10;89;4720,63450;4718,65000;DOWN
2026-05-11 01:45:00;M5;10;21;4690,99249;4693,90000;UP
2026-05-11 02:15:00;M5;10;34;4693,10543;4695,25000;UP
2026-05-11 03:00:00;M5;10;34;4687,77585;4687,34000;DOWN
2026-05-11 03:30:00;M5;10;21;4686,94036;4692,94000;UP
2026-05-11 03:35:00;M5;10;55;4689,05447;4687,41000;DOWN
2026-05-11 03:45:00;M5;10;55;4687,24699;4690,31000;UP
2026-05-11 03:50:00;M5;10;21;4684,99352;4682,35000;DOWN
2026-05-11 04:00:00;M5;10;21;4684,36483;4691,33000;UP
2026-05-11 03:55:00;M5;10;55;4685,49110;4683,35000;DOWN
2026-05-11 04:05:00;M5;10;55;4684,05513;4690,98000;UP
2026-05-11 04:15:00;M5;10;89;4693,85932;4695,87000;UP
2026-05-11 04:50:00;M5;10;89;4691,03442;4686,57000;DOWN
2026-05-11 05:00:00;M5;10;34;4687,49621;4688,96000;UP
2026-05-11 05:05:00;M5;10;34;4687,70329;4683,90000;DOWN
2026-05-11 05:30:00;M5;10;21;4689,86122;4691,99000;UP
2026-05-11 05:40:00;M5;10;21;4690,11996;4688,46000;DOWN
2026-05-11 05:45:00;M5;10;89;4685,81140;4685,35000;DOWN
2026-05-11 06:00:00;M5;10;55;4682,21222;4683,53000;UP
2026-05-11 06:05:00;M5;10;89;4684,13426;4686,23000;UP
2026-05-11 06:15:00;M5;10;21;4686,38778;4688,35000;UP
2026-05-11 06:30:00;M5;10;34;4687,82288;4686,72000;DOWN
2026-05-11 06:40:00;M5;10;34;4687,51901;4687,71000;UP
2026-05-11 06:35:00;M5;10;21;4685,93609;4683,93000;DOWN
2026-05-11 06:45:00;M5;10;89;4681,47615;4681,22000;DOWN
2026-05-11 07:45:00;M5;10;21;4672,90090;4674,99000;UP
2026-05-11 08:15:00;M5;10;34;4672,99050;4673,67000;UP
2026-05-11 08:30:00;M5;10;55;4674,98816;4678,60000;UP
2026-05-11 08:25:00;M5;10;89;4673,45614;4670,66000;DOWN
2026-05-11 08:35:00;M5;10;34;4670,84167;4673,94000;UP
2026-05-11 08:35:00;M5;10;55;4674,09710;4673,94000;DOWN
2026-05-11 08:45:00;M5;10;89;4672,01511;4660,87000;DOWN
2026-05-11 09:10:00;M5;10;21;4663,06494;4665,30000;UP
2026-05-11 09:15:00;M5;10;55;4668,25652;4670,39000;UP
2026-05-11 09:25:00;M5;10;89;4668,17336;4667,31000;DOWN
2026-05-11 09:35:00;M5;10;89;4667,38449;4672,77000;UP
2026-05-11 10:35:00;M5;10;21;4675,10428;4674,78000;DOWN
2026-05-11 10:45:00;M5;10;34;4669,35500;4667,53000;DOWN
2026-05-11 11:10:00;M5;10;34;4669,70526;4671,97000;UP
2026-05-11 11:05:00;M5;10;89;4664,87927;4664,81000;DOWN
2026-05-11 11:15:00;M5;10;21;4672,48453;4675,29000;UP
2026-05-11 11:25:00;M5;10;21;4671,87249;4671,77000;DOWN
2026-05-11 11:35:00;M5;10;34;4670,82756;4670,11000;DOWN
2026-05-11 12:20:00;M5;10;89;4663,56533;4659,04000;DOWN
2026-05-11 12:40:00;M5;10;89;4662,84773;4662,90000;UP
2026-05-11 12:45:00;M5;10;89;4662,41592;4661,89000;DOWN
2026-05-11 13:05:00;M5;10;21;4658,89157;4660,97000;UP
2026-05-11 13:15:00;M5;10;34;4661,96837;4662,58000;UP
2026-05-11 15:00:00;M5;10;21;4673,15258;4671,15000;DOWN
2026-05-11 15:20:00;M5;10;21;4675,00930;4692,40000;UP
2026-05-11 16:55:00;M5;10;21;4738,27244;4735,91000;DOWN
2026-05-11 17:05:00;M5;10;34;4726,62079;4724,36000;DOWN
2026-05-11 17:20:00;M5;10;34;4731,51448;4733,63000;UP
2026-05-11 17:25:00;M5;10;34;4735,26619;4725,01000;DOWN
2026-05-11 17:55:00;M5;10;55;4727,28765;4725,54000;DOWN
2026-05-11 18:20:00;M5;10;21;4734,99827;4736,80000;UP
2026-05-11 18:25:00;M5;10;55;4735,82135;4732,91000;DOWN
2026-05-11 18:55:00;M5;10;21;4731,68496;4732,18000;UP
2026-05-11 19:05:00;M5;10;21;4731,39500;4729,35000;DOWN
2026-05-11 19:20:00;M5;10;89;4725,78798;4724,48000;DOWN
2026-05-11 20:20:00;M5;10;21;4717,84926;4719,53000;UP
2026-05-11 20:40:00;M5;10;34;4722,19904;4723,87000;UP
2026-05-11 21:55:00;M5;10;21;4726,14318;4724,84000;DOWN
2026-05-11 22:35:00;M5;10;21;4727,48688;4727,64000;UP
2026-05-11 23:50:00;M5;10;21;4736,60710;4734,68000;DOWN
2026-05-12 01:05:00;M5;10;21;4738,93857;4741,32000;UP
2026-05-12 01:15:00;M5;10;89;4740,40672;4738,78000;DOWN
2026-05-12 01:30:00;M5;10;21;4740,77339;4741,49000;UP
2026-05-12 03:20:00;M5;10;34;4761,57917;4759,81000;DOWN
2026-05-12 03:35:00;M5;10;55;4759,45755;4759,17000;DOWN
2026-05-12 03:50:00;M5;10;89;4754,54472;4752,76000;DOWN
2026-05-12 05:05:00;M5;10;21;4729,37446;4730,15000;UP
2026-05-12 05:50:00;M5;10;34;4730,52654;4732,32000;UP
2026-05-12 06:45:00;M5;10;21;4722,27709;4720,49000;DOWN
2026-05-12 07:00:00;M5;10;21;4721,85423;4722,27000;UP
2026-05-12 07:15:00;M5;10;55;4725,77606;4726,79000;UP
2026-05-12 07:25:00;M5;10;55;4723,87267;4722,48000;DOWN
2026-05-12 07:35:00;M5;10;55;4722,21761;4725,55000;UP
2026-05-12 07:45:00;M5;10;55;4720,66360;4719,81000;DOWN
2026-05-12 08:00:00;M5;10;34;4717,44522;4718,48000;UP
2026-05-12 08:05:00;M5;10;34;4716,74043;4711,09000;DOWN
2026-05-12 08:25:00;M5;10;21;4715,04951;4715,28000;UP
2026-05-12 09:00:00;M5;10;55;4711,33460;4706,68000;DOWN
2026-05-12 10:10:00;M5;10;21;4695,77590;4695,93000;UP
2026-05-12 10:15:00;M5;10;34;4698,19881;4699,17000;UP
2026-05-12 10:30:00;M5;10;55;4698,55612;4699,69000;UP
2026-05-12 11:00:00;M5;10;89;4702,28046;4704,70000;UP
2026-05-12 11:10:00;M5;10;89;4700,84304;4699,91000;DOWN
2026-05-12 11:20:00;M5;10;89;4699,53114;4701,81000;UP
2026-05-12 12:00:00;M5;10;21;4701,56624;4701,45000;DOWN
2026-05-12 12:30:00;M5;10;21;4701,68141;4702,19000;UP
2026-05-12 12:40:00;M5;10;34;4698,30620;4695,29000;DOWN
2026-05-12 12:45:00;M5;10;34;4698,81858;4700,65000;UP
2026-05-12 13:00:00;M5;10;21;4700,96494;4703,49000;UP
2026-05-12 13:15:00;M5;10;21;4701,76806;4700,95000;DOWN
2026-05-12 13:25:00;M5;10;34;4700,97148;4700,13000;DOWN
2026-05-12 13:35:00;M5;10;89;4691,14683;4686,52000;DOWN
2026-05-12 13:45:00;M5;10;89;4690,71195;4691,31000;UP
2026-05-12 14:15:00;M5;10;21;4693,42752;4697,88000;UP
2026-05-12 15:20:00;M5;10;55;4697,07368;4696,88000;DOWN
2026-05-12 15:35:00;M5;10;34;4700,20678;4701,63000;UP
2026-05-12 15:45:00;M5;10;21;4704,40454;4707,19000;UP
2026-05-12 16:00:00;M5;10;55;4699,15207;4696,18000;DOWN
2026-05-12 16:10:00;M5;10;89;4691,98139;4688,90000;DOWN
2026-05-12 16:35:00;M5;10;21;4696,80997;4698,06000;UP
2026-05-12 16:50:00;M5;10;89;4692,55690;4691,41000;DOWN
2026-05-12 17:05:00;M5;10;21;4689,68570;4691,50000;UP
2026-05-12 17:15:00;M5;10;89;4691,97335;4688,50000;DOWN
2026-05-12 17:35:00;M5;10;21;4684,13894;4687,01000;UP
2026-05-12 17:45:00;M5;10;21;4682,41203;4678,50000;DOWN
2026-05-12 18:35:00;M5;10;21;4664,79968;4667,05000;UP
2026-05-12 19:00:00;M5;10;34;4666,07055;4670,84000;UP
2026-05-12 19:15:00;M5;10;55;4671,65417;4671,71000;UP
2026-05-12 19:25:00;M5;10;55;4669,77316;4668,28000;DOWN
2026-05-12 19:35:00;M5;10;55;4668,16476;4670,37000;UP
2026-05-12 20:00:00;M5;10;89;4673,86806;4676,26000;UP
2026-05-12 20:45:00;M5;10;21;4678,60669;4678,50000;DOWN
2026-05-12 21:10:00;M5;10;21;4681,13224;4681,28000;UP
2026-05-12 23:10:00;M5;10;21;4713,92526;4713,45000;DOWN
2026-05-12 23:35:00;M5;10;34;4715,41911;4714,16000;DOWN
2026-05-13 01:40:00;M5;10;55;4717,51980;4716,30000;DOWN
2026-05-13 01:50:00;M5;10;21;4719,52853;4721,14000;UP
2026-05-13 01:55:00;M5;10;55;4720,96158;4717,00000;DOWN
2026-05-13 02:05:00;M5;10;21;4719,41805;4720,05000;UP
2026-05-13 02:15:00;M5;10;21;4719,42890;4717,35000;DOWN
2026-05-13 02:25:00;M5;10;21;4719,66507;4720,17000;UP
2026-05-13 02:45:00;M5;10;21;4719,95218;4715,92000;DOWN
2026-05-13 03:00:00;M5;10;21;4719,64059;4724,73000;UP
2026-05-13 03:05:00;M5;10;34;4722,68517;4721,08000;DOWN
2026-05-13 03:15:00;M5;10;34;4722,67564;4724,44000;UP
2026-05-13 03:25:00;M5;10;34;4722,79538;4722,51000;DOWN
2026-05-13 03:35:00;M5;10;21;4721,80931;4722,29000;UP
2026-05-13 03:45:00;M5;10;89;4721,43811;4716,85000;DOWN
2026-05-13 04:45:00;M5;10;21;4708,78189;4709,85000;UP
2026-05-13 04:55:00;M5;10;21;4706,31224;4702,52000;DOWN
2026-05-13 05:15:00;M5;10;21;4701,54223;4702,91000;UP
2026-05-13 05:30:00;M5;10;21;4699,69103;4696,22000;DOWN
2026-05-13 05:45:00;M5;10;21;4696,12981;4696,47000;UP
2026-05-13 05:55:00;M5;10;21;4694,31099;4692,01000;DOWN
2026-05-13 06:10:00;M5;10;21;4692,28056;4692,31000;UP
2026-05-13 06:20:00;M5;10;34;4694,61160;4695,12000;UP
2026-05-13 06:30:00;M5;10;55;4703,14600;4703,58000;UP
2026-05-13 06:50:00;M5;10;55;4700,17533;4697,28000;DOWN
2026-05-13 07:10:00;M5;10;55;4697,78106;4698,32000;UP
2026-05-13 07:40:00;M5;10;21;4699,64590;4698,65000;DOWN
2026-05-13 07:45:00;M5;10;21;4700,83893;4701,36000;UP
2026-05-13 07:55:00;M5;10;21;4701,42284;4699,55000;DOWN
2026-05-13 08:05:00;M5;10;21;4702,05631;4704,45000;UP
2026-05-13 08:15:00;M5;10;21;4702,37635;4701,25000;DOWN
2026-05-13 08:25:00;M5;10;34;4698,50368;4698,05000;DOWN
2026-05-13 08:35:00;M5;10;34;4699,19205;4701,06000;UP
2026-05-13 08:45:00;M5;10;34;4699,68154;4698,43000;DOWN
2026-05-13 08:55:00;M5;10;21;4701,57271;4703,95000;UP
2026-05-13 09:50:00;M5;10;34;4706,86222;4702,57000;DOWN
2026-05-13 09:55:00;M5;10;89;4701,76301;4701,63000;DOWN
2026-05-13 10:10:00;M5;10;55;4701,72993;4702,28000;UP
2026-05-13 10:25:00;M5;10;21;4707,54810;4707,57000;UP
2026-05-13 10:35:00;M5;10;55;4703,57429;4703,51000;DOWN
2026-05-13 11:05:00;M5;10;89;4700,87626;4700,45000;DOWN
2026-05-13 11:50:00;M5;10;21;4698,40823;4700,70000;UP
2026-05-13 12:05:00;M5;10;89;4699,82586;4698,38000;DOWN
2026-05-13 12:40:00;M5;10;21;4692,58889;4694,10000;UP
2026-05-13 12:45:00;M5;10;34;4694,75295;4696,83000;UP
2026-05-13 12:55:00;M5;10;55;4698,99727;4700,88000;UP
2026-05-13 13:30:00;M5;10;89;4697,98902;4696,21000;DOWN
2026-05-13 13:40:00;M5;10;34;4695,94897;4695,70000;DOWN
2026-05-13 14:10:00;M5;10;21;4697,93365;4699,03000;UP
2026-05-13 14:55:00;M5;10;34;4697,80540;4697,39000;DOWN
2026-05-13 15:05:00;M5;10;34;4698,40790;4699,18000;UP
2026-05-13 15:10:00;M5;10;89;4697,26151;4693,95000;DOWN
2026-05-13 15:15:00;M5;10;34;4698,46180;4691,68000;DOWN
2026-05-13 16:00:00;M5;10;21;4686,36414;4687,88000;UP
2026-05-13 16:10:00;M5;10;34;4689,42767;4689,86000;UP
2026-05-13 16:15:00;M5;10;55;4690,70691;4692,07000;UP
2026-05-13 16:25:00;M5;10;89;4692,63833;4688,68000;DOWN
2026-05-13 16:35:00;M5;10;21;4681,28443;4674,18000;DOWN
2026-05-13 16:50:00;M5;10;21;4679,16546;4682,72000;UP
2026-05-13 17:00:00;M5;10;21;4677,44296;4676,64000;DOWN
2026-05-13 17:05:00;M5;10;21;4676,18949;4677,67000;UP
2026-05-13 17:15:00;M5;10;34;4678,23551;4673,98000;DOWN
2026-05-13 17:25:00;M5;10;21;4675,24107;4684,23000;UP
2026-05-13 17:40:00;M5;10;89;4685,75701;4683,78000;DOWN
2026-05-13 18:00:00;M5;10;89;4684,15117;4684,17000;UP
2026-05-13 19:35:00;M5;10;21;4704,49237;4702,87000;DOWN
2026-05-13 19:50:00;M5;10;34;4698,52823;4696,35000;DOWN
2026-05-13 20:30:00;M5;10;55;4694,41992;4690,40000;DOWN
2026-05-13 20:50:00;M5;10;89;4689,36167;4688,83000;DOWN
2026-05-13 21:05:00;M5;10;89;4689,75451;4690,65000;UP
2026-05-13 21:25:00;M5;10;21;4689,74929;4691,98000;UP
2026-05-13 21:35:00;M5;10;89;4690,08114;4690,07000;DOWN
2026-05-13 22:05:00;M5;10;21;4683,97281;4686,53000;UP
2026-05-13 22:35:00;M5;10;34;4686,44169;4688,87000;UP
2026-05-13 22:50:00;M5;10;34;4685,84372;4685,64000;DOWN
2026-05-13 22:55:00;M5;10;34;4685,43090;4688,27000;UP
2026-05-13 23:10:00;M5;10;89;4689,53083;4690,89000;UP
2026-05-13 23:15:00;M5;10;55;4690,71400;4690,99000;UP
2026-05-13 23:30:00;M5;10;89;4689,76190;4689,72000;DOWN
2026-05-13 23:35:00;M5;10;55;4689,90671;4691,38000;UP
2026-05-13 23:45:00;M5;10;89;4690,05898;4688,81000;DOWN
2026-05-14 01:10:00;M5;10;21;4690,58021;4691,13000;UP
2026-05-14 02:20:00;M5;10;21;4700,08083;4699,65000;DOWN
2026-05-14 02:25:00;M5;10;34;4697,66096;4697,31000;DOWN
2026-05-14 02:45:00;M5;10;55;4694,35972;4693,79000;DOWN
2026-05-14 02:55:00;M5;10;55;4694,92451;4696,58000;UP
2026-05-14 03:00:00;M5;10;89;4693,98524;4691,76000;DOWN
2026-05-14 03:05:00;M5;10;89;4694,20460;4696,06000;UP
2026-05-14 03:15:00;M5;10;21;4698,79291;4701,11000;UP
2026-05-14 03:30:00;M5;10;34;4699,98351;4697,47000;DOWN
2026-05-14 03:40:00;M5;10;21;4698,69368;4700,18000;UP
2026-05-14 03:35:00;M5;10;55;4697,14829;4695,52000;DOWN
2026-05-14 03:45:00;M5;10;34;4700,63914;4703,64000;UP
2026-05-14 04:00:00;M5;10;34;4701,25799;4698,62000;DOWN
2026-05-14 04:05:00;M5;10;89;4695,97193;4688,35000;DOWN
2026-05-14 04:45:00;M5;10;21;4693,14737;4694,54000;UP
2026-05-14 04:55:00;M5;10;21;4691,73353;4688,73000;DOWN
2026-05-14 05:05:00;M5;10;21;4690,52136;4690,91000;UP
2026-05-14 05:25:00;M5;10;34;4692,53207;4693,54000;UP
2026-05-14 05:35:00;M5;10;89;4695,71220;4695,26000;DOWN
2026-05-14 05:45:00;M5;10;21;4688,89358;4682,62000;DOWN
2026-05-14 06:20:00;M5;10;21;4685,79733;4688,31000;UP
2026-05-14 06:30:00;M5;10;34;4686,67280;4684,92000;DOWN
2026-05-14 07:10:00;M5;10;21;4678,82981;4682,14000;UP
2026-05-14 07:20:00;M5;10;55;4685,25525;4691,50000;UP
2026-05-14 08:15:00;M5;10;21;4701,68186;4697,75000;DOWN
2026-05-14 08:25:00;M5;10;34;4694,14164;4693,64000;DOWN
2026-05-14 08:35:00;M5;10;34;4695,64736;4699,92000;UP
2026-05-14 08:55:00;M5;10;89;4692,33432;4689,60000;DOWN
2026-05-14 09:30:00;M5;10;55;4692,92310;4694,05000;UP
2026-05-14 09:35:00;M5;10;21;4693,47496;4694,30000;UP
2026-05-14 09:45:00;M5;10;34;4697,59827;4695,46000;DOWN
2026-05-14 09:55:00;M5;10;34;4697,72323;4700,20000;UP
2026-05-14 10:10:00;M5;10;34;4697,90798;4695,30000;DOWN
2026-05-14 10:20:00;M5;10;34;4697,94891;4699,76000;UP
2026-05-14 10:50:00;M5;10;34;4700,36564;4700,03000;DOWN
2026-05-14 10:55:00;M5;10;89;4694,79315;4693,03000;DOWN
2026-05-14 11:05:00;M5;10;89;4695,29896;4697,42000;UP
2026-05-14 11:20:00;M5;10;55;4700,61718;4701,06000;UP
2026-05-14 11:25:00;M5;10;21;4703,01333;4703,08000;UP
2026-05-14 11:40:00;M5;10;55;4701,63187;4696,90000;DOWN
2026-05-14 11:45:00;M5;10;89;4697,25237;4695,13000;DOWN
2026-05-14 12:40:00;M5;10;21;4694,19763;4695,51000;UP
2026-05-14 12:45:00;M5;10;34;4697,56554;4700,38000;UP
2026-05-14 13:00:00;M5;10;55;4699,53183;4698,99000;DOWN
2026-05-14 13:05:00;M5;10;89;4698,49203;4698,45000;DOWN
2026-05-14 13:20:00;M5;10;34;4696,73537;4694,37000;DOWN
2026-05-14 13:25:00;M5;10;21;4695,80174;4697,56000;UP
2026-05-14 13:35:00;M5;10;34;4696,40947;4696,16000;DOWN
2026-05-14 13:50:00;M5;10;21;4696,16853;4696,71000;UP
2026-05-14 14:00:00;M5;10;34;4695,81223;4695,08000;DOWN
2026-05-14 14:05:00;M5;10;21;4696,41342;4697,18000;UP
2026-05-14 14:15:00;M5;10;34;4695,52068;4695,21000;DOWN
2026-05-14 14:35:00;M5;10;21;4695,24846;4695,40000;UP
2026-05-14 14:45:00;M5;10;55;4696,81073;4698,08000;UP
2026-05-14 14:55:00;M5;10;89;4698,53633;4694,36000;DOWN
2026-05-14 15:05:00;M5;10;21;4695,19163;4697,12000;UP
2026-05-14 15:40:00;M5;10;89;4698,47063;4698,05000;DOWN
2026-05-14 15:45:00;M5;10;21;4701,04250;4702,80000;UP
2026-05-14 16:00:00;M5;10;89;4698,96098;4697,43000;DOWN
2026-05-14 16:10:00;M5;10;21;4703,86967;4704,08000;UP
2026-05-14 16:15:00;M5;10;89;4699,44547;4693,33000;DOWN
2026-05-14 17:15:00;M5;10;21;4685,77558;4694,60000;UP
2026-05-14 17:25:00;M5;10;55;4693,61715;4691,44000;DOWN
2026-05-14 17:55:00;M5;10;21;4683,99960;4679,46000;DOWN
2026-05-14 18:05:00;M5;10;21;4683,31448;4683,61000;UP
2026-05-14 18:15:00;M5;10;34;4685,36919;4687,49000;UP
2026-05-14 18:40:00;M5;10;34;4683,51675;4682,55000;DOWN
2026-05-14 18:50:00;M5;10;21;4683,86474;4684,65000;UP
2026-05-14 19:00:00;M5;10;34;4682,51735;4678,98000;DOWN
2026-05-14 19:50:00;M5;10;21;4677,29392;4677,56000;UP
2026-05-14 19:55:00;M5;10;34;4677,34748;4678,49000;UP
2026-05-14 20:10:00;M5;10;55;4678,75297;4678,68000;DOWN
2026-05-14 20:15:00;M5;10;55;4677,88429;4680,03000;UP
2026-05-14 21:00:00;M5;10;55;4675,74446;4670,04000;DOWN
2026-05-14 21:15:00;M5;10;34;4675,27126;4675,77000;UP
2026-05-14 21:25:00;M5;10;55;4674,39275;4673,47000;DOWN
2026-05-14 23:40:00;M5;10;21;4647,45299;4650,68000;UP
2026-05-14 23:50:00;M5;10;34;4651,06570;4651,13000;UP
2026-05-15 01:05:00;M5;10;55;4653,14405;4655,85000;UP
2026-05-15 01:15:00;M5;10;89;4657,38781;4659,25000;UP
2026-05-15 02:10:00;M5;10;21;4659,26928;4658,94000;DOWN
2026-05-15 02:25:00;M5;10;21;4662,45591;4663,94000;UP
2026-05-15 02:30:00;M5;10;89;4652,67493;4651,09000;DOWN
2026-05-15 02:40:00;M5;10;34;4654,86705;4657,31000;UP
2026-05-15 02:35:00;M5;10;21;4662,48981;4652,70000;DOWN
2026-05-15 02:45:00;M5;10;34;4655,55925;4654,42000;DOWN
2026-05-15 03:00:00;M5;10;89;4651,40022;4649,44000;DOWN
2026-05-15 03:05:00;M5;10;55;4650,40063;4650,70000;UP
2026-05-15 03:15:00;M5;10;89;4650,35050;4654,00000;UP
2026-05-15 03:20:00;M5;10;55;4650,22268;4644,68000;DOWN
2026-05-15 03:25:00;M5;10;89;4649,52335;4630,13000;DOWN
2026-05-15 04:30:00;M5;10;21;4614,97446;4616,22000;UP
2026-05-15 05:05:00;M5;10;34;4613,65524;4618,16000;UP
2026-05-15 05:40:00;M5;10;55;4617,09766;4617,85000;UP
2026-05-15 05:45:00;M5;10;55;4614,84160;4614,59000;DOWN
2026-05-15 05:55:00;M5;10;55;4612,84469;4618,08000;UP
2026-05-15 06:25:00;M5;10;21;4613,13464;4612,77000;DOWN
2026-05-15 06:35:00;M5;10;21;4613,61932;4614,62000;UP
2026-05-15 06:50:00;M5;10;89;4612,94716;4612,90000;DOWN
2026-05-15 06:55:00;M5;10;21;4614,47473;4615,47000;UP
2026-05-15 07:15:00;M5;10;21;4616,10585;4614,16000;DOWN
2026-05-15 07:40:00;M5;10;89;4607,93756;4605,68000;DOWN
2026-05-15 07:45:00;M5;10;89;4607,00035;4609,61000;UP
2026-05-15 07:55:00;M5;10;89;4606,01359;4605,76000;DOWN
2026-05-15 09:05:00;M5;10;21;4566,35505;4566,55000;UP
2026-05-15 09:25:00;M5;10;34;4573,47527;4575,07000;UP
2026-05-15 09:40:00;M5;10;34;4570,09054;4567,64000;DOWN
2026-05-15 09:45:00;M5;10;34;4567,35717;4573,01000;UP
2026-05-15 10:05:00;M5;10;55;4571,77983;4575,97000;UP
2026-05-15 10:45:00;M5;10;21;4576,02562;4574,91000;DOWN
2026-05-15 11:00:00;M5;10;89;4569,36465;4561,03000;DOWN
2026-05-15 11:05:00;M5;10;34;4565,31059;4566,43000;UP
2026-05-15 11:15:00;M5;10;55;4563,76485;4556,68000;DOWN
2026-05-15 11:40:00;M5;10;55;4560,39311;4562,50000;UP
2026-05-15 11:50:00;M5;10;55;4558,77688;4557,71000;DOWN
2026-05-15 12:00:00;M5;10;55;4557,12929;4557,96000;UP
2026-05-15 12:05:00;M5;10;55;4555,54712;4554,81000;DOWN
2026-05-15 12:25:00;M5;10;21;4550,13145;4553,38000;UP
2026-05-15 12:35:00;M5;10;55;4550,88679;4546,66000;DOWN
2026-05-15 12:55:00;M5;10;21;4542,64883;4545,71000;UP
2026-05-15 13:05:00;M5;10;34;4546,83122;4558,50000;UP
2026-05-15 14:25:00;M5;10;21;4562,37139;4562,29000;DOWN
2026-05-15 14:40:00;M5;10;34;4553,91906;4551,53000;DOWN
2026-05-15 14:45:00;M5;10;34;4555,00354;4556,60000;UP
2026-05-15 14:55:00;M5;10;34;4555,60581;4551,94000;DOWN
2026-05-15 15:10:00;M5;10;55;4548,22021;4545,56000;DOWN
2026-05-15 15:15:00;M5;10;55;4548,28454;4548,66000;UP
2026-05-15 15:35:00;M5;10;55;4548,46671;4548,20000;DOWN
2026-05-15 15:50:00;M5;10;21;4551,73852;4554,26000;UP
2026-05-15 15:55:00;M5;10;55;4548,43632;4545,88000;DOWN
2026-05-15 16:05:00;M5;10;89;4539,98809;4538,23000;DOWN
2026-05-15 16:15:00;M5;10;21;4545,04340;4550,85000;UP
2026-05-15 16:30:00;M5;10;55;4547,64844;4542,45000;DOWN
2026-05-15 16:35:00;M5;10;89;4539,18345;4528,51000;DOWN
2026-05-15 17:05:00;M5;10;21;4532,81466;4534,17000;UP
2026-05-15 18:10:00;M5;10;21;4552,89025;4552,38000;DOWN
2026-05-15 18:20:00;M5;10;34;4546,55809;4545,76000;DOWN
2026-05-15 18:30:00;M5;10;55;4545,09087;4543,68000;DOWN
2026-05-15 18:50:00;M5;10;89;4539,06662;4537,94000;DOWN
2026-05-15 18:55:00;M5;10;89;4539,19892;4539,64000;UP
2026-05-15 19:05:00;M5;10;89;4539,10651;4531,36000;DOWN
2026-05-15 19:20:00;M5;10;89;4538,86133;4540,45000;UP
2026-05-15 19:25:00;M5;10;21;4538,69209;4540,87000;UP
2026-05-15 19:50:00;M5;10;34;4542,84046;4542,68000;DOWN
2026-05-15 19:55:00;M5;10;34;4542,67538;4544,35000;UP
2026-05-15 21:00:00;M5;10;21;4559,18010;4559,06000;DOWN
2026-05-15 21:15:00;M5;10;34;4554,52796;4554,46000;DOWN
2026-05-15 21:25:00;M5;10;34;4556,05158;4558,14000;UP
2026-05-15 21:55:00;M5;10;34;4559,99636;4559,21000;DOWN
2026-05-15 22:05:00;M5;10;55;4554,91067;4551,74000;DOWN
2026-05-15 22:50:00;M5;10;89;4549,88151;4549,26000;DOWN
2026-05-15 23:35:00;M5;10;21;4539,35075;4540,78000;UP
2026-05-18 01:05:00;M5;10;34;4542,19520;4552,86000;UP
2026-05-18 01:15:00;M5;10;89;4548,44475;4545,04000;DOWN
2026-05-18 01:35:00;M5;10;55;4547,32607;4551,24000;UP
2026-05-18 01:50:00;M5;10;89;4547,88840;4547,23000;DOWN
2026-05-18 01:55:00;M5;10;55;4546,41706;4546,12000;DOWN
2026-05-18 02:05:00;M5;10;21;4546,22800;4541,54000;DOWN
2026-05-18 02:15:00;M5;10;34;4541,36438;4539,60000;DOWN
2026-05-18 02:50:00;M5;10;34;4540,09679;4541,23000;UP
2026-05-18 02:55:00;M5;10;34;4539,66177;4537,12000;DOWN
2026-05-18 03:55:00;M5;10;21;4506,34932;4515,98000;UP
2026-05-18 04:10:00;M5;10;21;4501,35066;4496,01000;DOWN
2026-05-18 04:15:00;M5;10;21;4497,30118;4498,41000;UP
2026-05-18 04:30:00;M5;10;34;4506,37467;4509,96000;UP
2026-05-18 04:45:00;M5;10;55;4512,00785;4528,21000;UP
2026-05-18 05:45:00;M5;10;21;4532,78670;4530,58000;DOWN
2026-05-18 06:30:00;M5;10;34;4527,55141;4526,92000;DOWN
2026-05-18 06:40:00;M5;10;21;4540,54726;4545,58000;UP
2026-05-18 06:55:00;M5;10;21;4541,41982;4541,05000;DOWN
2026-05-18 07:05:00;M5;10;21;4542,46761;4545,70000;UP
2026-05-18 07:20:00;M5;10;34;4541,74842;4537,19000;DOWN
2026-05-18 08:15:00;M5;10;21;4543,12158;4545,90000;UP
2026-05-18 08:30:00;M5;10;34;4546,51611;4542,61000;DOWN
2026-05-18 08:40:00;M5;10;55;4541,24494;4539,68000;DOWN
2026-05-18 09:20:00;M5;10;21;4539,86749;4543,30000;UP
2026-05-18 09:25:00;M5;10;21;4538,63175;4537,52000;DOWN
2026-05-18 09:35:00;M5;10;21;4537,80086;4538,11000;UP
2026-05-18 09:45:00;M5;10;34;4541,46112;4543,60000;UP
2026-05-18 10:00:00;M5;10;55;4544,86183;4543,96000;DOWN
2026-05-18 10:05:00;M5;10;55;4545,17697;4546,23000;UP
2026-05-18 10:15:00;M5;10;55;4545,46488;4541,95000;DOWN
2026-05-18 10:25:00;M5;10;21;4543,04123;4550,52000;UP
2026-05-18 10:45:00;M5;10;55;4547,13853;4543,90000;DOWN
2026-05-18 10:55:00;M5;10;34;4545,17406;4546,21000;UP
2026-05-18 11:05:00;M5;10;34;4545,64106;4543,98000;DOWN
2026-05-18 11:20:00;M5;10;21;4548,62960;4549,77000;UP
2026-05-18 11:25:00;M5;10;55;4548,31112;4547,94000;DOWN
2026-05-18 11:35:00;M5;10;21;4548,97146;4551,35000;UP
2026-05-18 12:00:00;M5;10;89;4546,15100;4542,47000;DOWN
2026-05-18 12:05:00;M5;10;89;4546,93154;4547,07000;UP
2026-05-18 12:15:00;M5;10;89;4547,61331;4546,21000;DOWN
2026-05-18 13:40:00;M5;10;21;4539,74071;4543,72000;UP
2026-05-18 14:00:00;M5;10;21;4538,66263;4538,25000;DOWN
2026-05-18 14:10:00;M5;10;21;4537,63599;4539,48000;UP
2026-05-18 14:20:00;M5;10;21;4536,93923;4535,97000;DOWN
2026-05-18 14:25:00;M5;10;21;4536,22937;4536,30000;UP
2026-05-18 14:35:00;M5;10;55;4543,22081;4555,69000;UP
2026-05-18 15:15:00;M5;10;89;4547,90418;4547,37000;DOWN
2026-05-18 15:30:00;M5;10;21;4551,56293;4562,10000;UP
2026-05-18 16:05:00;M5;10;21;4566,29201;4563,82000;DOWN
2026-05-18 16:20:00;M5;10;21;4568,74330;4572,86000;UP
2026-05-18 16:40:00;M5;10;21;4572,97168;4566,33000;DOWN
2026-05-18 16:50:00;M5;10;21;4575,10523;4583,54000;UP
2026-05-18 17:00:00;M5;10;34;4571,51443;4565,42000;DOWN
2026-05-18 17:20:00;M5;10;89;4560,20175;4559,24000;DOWN
2026-05-18 17:25:00;M5;10;89;4561,23228;4561,65000;UP
2026-05-18 17:35:00;M5;10;89;4561,91555;4546,41000;DOWN
2026-05-18 18:30:00;M5;10;21;4539,90218;4540,89000;UP
2026-05-18 19:05:00;M5;10;34;4542,86746;4543,50000;UP
2026-05-18 19:25:00;M5;10;34;4538,99495;4536,92000;DOWN
2026-05-18 19:35:00;M5;10;34;4537,50902;4544,23000;UP
2026-05-18 19:50:00;M5;10;55;4549,32519;4553,04000;UP
2026-05-18 20:00:00;M5;10;89;4553,75405;4556,77000;UP
2026-05-18 20:10:00;M5;10;89;4553,45542;4553,21000;DOWN
2026-05-18 20:15:00;M5;10;89;4553,27897;4554,58000;UP
2026-05-18 20:30:00;M5;10;89;4553,18989;4548,93000;DOWN
2026-05-18 21:05:00;M5;10;34;4546,25371;4545,06000;DOWN
2026-05-18 21:15:00;M5;10;55;4544,34202;4542,60000;DOWN
2026-05-18 22:00:00;M5;10;21;4541,48980;4553,47000;UP
2026-05-18 23:35:00;M5;10;21;4564,76584;4562,64000;DOWN
2026-05-19 01:05:00;M5;10;21;4568,86832;4571,72000;UP
2026-05-19 01:45:00;M5;10;21;4575,96523;4575,54000;DOWN
2026-05-19 02:00:00;M5;10;21;4577,10709;4580,94000;UP
2026-05-19 01:55:00;M5;10;34;4574,74254;4573,90000;DOWN
2026-05-19 02:05:00;M5;10;34;4576,52442;4580,19000;UP
2026-05-19 02:35:00;M5;10;21;4585,07419;4584,94000;DOWN
2026-05-19 02:45:00;M5;10;34;4584,56404;4583,41000;DOWN
2026-05-19 03:00:00;M5;10;55;4580,09421;4579,07000;DOWN
2026-05-19 03:05:00;M5;10;55;4582,08386;4584,12000;UP
2026-05-19 03:15:00;M5;10;55;4583,76752;4580,07000;DOWN
2026-05-19 03:35:00;M5;10;89;4574,27043;4568,77000;DOWN
2026-05-19 04:35:00;M5;10;21;4561,30964;4568,28000;UP
2026-05-19 05:05:00;M5;10;21;4558,23935;4555,20000;DOWN
2026-05-19 05:15:00;M5;10;21;4557,04903;4557,14000;UP
2026-05-19 05:30:00;M5;10;21;4556,20673;4555,05000;DOWN
2026-05-19 05:40:00;M5;10;21;4555,21928;4556,04000;UP
2026-05-19 05:45:00;M5;10;21;4554,10055;4552,11000;DOWN
2026-05-19 06:10:00;M5;10;21;4550,43746;4551,81000;UP
2026-05-19 06:15:00;M5;10;34;4550,47861;4551,06000;UP
2026-05-19 06:20:00;M5;10;21;4548,84304;4548,33000;DOWN
2026-05-19 06:25:00;M5;10;21;4547,51949;4549,11000;UP
2026-05-19 06:40:00;M5;10;34;4547,91812;4547,75000;DOWN
2026-05-19 06:45:00;M5;10;34;4547,02683;4547,06000;UP
2026-05-19 06:55:00;M5;10;34;4546,07062;4544,99000;DOWN
2026-05-19 07:35:00;M5;10;21;4540,46740;4540,56000;UP
2026-05-19 07:45:00;M5;10;34;4539,49557;4540,57000;UP
2026-05-19 07:55:00;M5;10;55;4542,20886;4542,43000;UP
2026-05-19 08:20:00;M5;10;55;4539,67282;4535,31000;DOWN
2026-05-19 08:25:00;M5;10;34;4537,69543;4538,56000;UP
2026-05-19 08:35:00;M5;10;21;4538,75650;4539,85000;UP
2026-05-19 08:45:00;M5;10;55;4536,59715;4533,54000;DOWN
2026-05-19 08:55:00;M5;10;21;4537,71064;4540,78000;UP
2026-05-19 09:15:00;M5;10;89;4545,74289;4550,14000;UP
2026-05-19 09:45:00;M5;10;21;4544,36364;4543,12000;DOWN
2026-05-19 09:55:00;M5;10;21;4545,85833;4548,01000;UP
2026-05-19 10:15:00;M5;10;21;4549,26321;4548,66000;DOWN
2026-05-19 10:30:00;M5;10;34;4545,15023;4544,08000;DOWN
2026-05-19 10:45:00;M5;10;21;4550,64130;4550,95000;UP
2026-05-19 11:05:00;M5;10;34;4548,90977;4544,31000;DOWN
2026-05-19 11:20:00;M5;10;55;4542,23712;4540,56000;DOWN
2026-05-19 11:30:00;M5;10;55;4542,72503;4544,25000;UP
2026-05-19 11:25:00;M5;10;89;4539,30721;4538,32000;DOWN
2026-05-19 11:35:00;M5;10;89;4539,12698;4543,18000;UP
2026-05-19 11:45:00;M5;10;21;4545,53093;4545,99000;UP
2026-05-19 11:50:00;M5;10;55;4543,50087;4542,53000;DOWN
2026-05-19 11:55:00;M5;10;21;4544,35981;4542,75000;DOWN
2026-05-19 12:20:00;M5;10;21;4541,92932;4546,48000;UP
2026-05-19 12:25:00;M5;10;55;4543,83323;4540,54000;DOWN
2026-05-19 12:45:00;M5;10;21;4538,89582;4540,69000;UP
2026-05-19 13:00:00;M5;10;89;4537,74281;4536,52000;DOWN
2026-05-19 13:05:00;M5;10;21;4538,79159;4540,20000;UP
2026-05-19 13:15:00;M5;10;34;4540,48652;4539,46000;DOWN
2026-05-19 13:30:00;M5;10;34;4539,87494;4541,33000;UP
2026-05-19 13:40:00;M5;10;89;4537,35630;4529,10000;DOWN
2026-05-19 13:55:00;M5;10;21;4538,39958;4544,65000;UP
2026-05-19 14:10:00;M5;10;89;4537,17137;4536,70000;DOWN
2026-05-19 14:15:00;M5;10;21;4539,33199;4541,04000;UP
2026-05-19 14:25:00;M5;10;55;4540,14899;4539,29000;DOWN
2026-05-19 14:40:00;M5;10;21;4539,61639;4541,96000;UP
2026-05-19 14:35:00;M5;10;34;4538,27363;4538,00000;DOWN
2026-05-19 14:45:00;M5;10;34;4538,26722;4539,89000;UP
2026-05-19 14:50:00;M5;10;89;4537,27601;4534,85000;DOWN
2026-05-19 14:55:00;M5;10;34;4537,80752;4530,75000;DOWN
2026-05-19 15:05:00;M5;10;21;4538,17945;4542,14000;UP
2026-05-19 15:40:00;M5;10;55;4538,04944;4537,36000;DOWN
2026-05-19 15:50:00;M5;10;21;4539,98677;4541,14000;UP
2026-05-19 15:55:00;M5;10;89;4537,35200;4537,19000;DOWN
2026-05-19 16:55:00;M5;10;21;4497,31315;4504,06000;UP
2026-05-19 17:20:00;M5;10;21;4487,91672;4486,60000;DOWN
2026-05-19 17:25:00;M5;10;21;4484,79543;4490,07000;UP
2026-05-19 17:55:00;M5;10;34;4488,35099;4494,12000;UP
2026-05-19 18:15:00;M5;10;55;4496,66797;4500,57000;UP
2026-05-19 18:55:00;M5;10;89;4503,06021;4508,38000;UP
2026-05-19 19:05:00;M5;10;89;4501,72485;4498,43000;DOWN
2026-05-19 19:20:00;M5;10;21;4502,64184;4505,57000;UP
2026-05-19 19:40:00;M5;10;21;4506,23877;4505,97000;DOWN
2026-05-19 20:10:00;M5;10;21;4509,13599;4510,37000;UP
2026-05-19 20:15:00;M5;10;21;4509,56354;4508,33000;DOWN
2026-05-19 20:30:00;M5;10;34;4504,84077;4504,15000;DOWN
2026-05-19 20:35:00;M5;10;34;4506,26164;4506,80000;UP
2026-05-19 20:45:00;M5;10;34;4507,05034;4500,75000;DOWN
2026-05-19 21:25:00;M5;10;55;4497,17465;4496,00000;DOWN
2026-05-19 21:35:00;M5;10;55;4497,66987;4499,86000;UP
2026-05-19 21:45:00;M5;10;21;4499,27296;4499,34000;UP
2026-05-19 21:50:00;M5;10;55;4498,07956;4493,86000;DOWN
2026-05-19 21:55:00;M5;10;21;4497,61702;4493,56000;DOWN
2026-05-19 22:10:00;M5;10;21;4496,16756;4496,98000;UP
2026-05-19 22:20:00;M5;10;89;4490,23820;4486,64000;DOWN
2026-05-19 23:05:00;M5;10;21;4484,60317;4485,46000;UP
2026-05-19 23:20:00;M5;10;89;4486,46565;4487,38000;UP
2026-05-19 23:25:00;M5;10;34;4485,85048;4486,29000;UP
2026-05-19 23:30:00;M5;10;89;4485,89138;4484,01000;DOWN
2026-05-19 23:35:00;M5;10;34;4484,42813;4483,36000;DOWN
2026-05-20 01:05:00;M5;10;34;4481,05101;4484,56000;UP
2026-05-20 01:15:00;M5;10;89;4483,42536;4480,21000;DOWN
2026-05-20 01:30:00;M5;10;21;4479,92158;4483,64000;UP
2026-05-20 01:35:00;M5;10;89;4482,40413;4480,81000;DOWN
2026-05-20 01:45:00;M5;10;55;4481,80855;4482,23000;UP
2026-05-20 03:00:00;M5;10;21;4489,06325;4486,09000;DOWN
2026-05-20 03:05:00;M5;10;34;4484,60790;4484,13000;DOWN
2026-05-20 03:20:00;M5;10;21;4489,85828;4491,27000;UP
2026-05-20 04:00:00;M5;10;21;4499,23422;4493,81000;DOWN
2026-05-20 04:05:00;M5;10;34;4495,41020;4495,15000;DOWN
2026-05-20 04:20:00;M5;10;55;4488,06612;4484,69000;DOWN
2026-05-20 04:25:00;M5;10;89;4483,13655;4473,59000;DOWN
2026-05-20 05:00:00;M5;10;21;4483,50626;4485,11000;UP
2026-05-20 05:05:00;M5;10;89;4482,23920;4479,51000;DOWN
2026-05-20 05:15:00;M5;10;21;4476,83196;4477,27000;UP
2026-05-20 05:30:00;M5;10;89;4481,33630;4470,45000;DOWN
2026-05-20 06:15:00;M5;10;21;4461,95147;4462,67000;UP
2026-05-20 06:30:00;M5;10;21;4459,89298;4458,75000;DOWN
2026-05-20 06:35:00;M5;10;21;4458,50395;4464,54000;UP
2026-05-20 06:45:00;M5;10;34;4461,18373;4459,70000;DOWN
2026-05-20 06:55:00;M5;10;34;4459,37735;4463,65000;UP
2026-05-20 07:10:00;M5;10;55;4467,93773;4469,14000;UP
2026-05-20 07:15:00;M5;10;55;4466,39150;4465,83000;DOWN
2026-05-20 07:25:00;M5;10;55;4464,99713;4465,26000;UP
2026-05-20 07:40:00;M5;10;55;4463,71643;4463,05000;DOWN
2026-05-20 07:45:00;M5;10;21;4461,77211;4459,87000;DOWN
2026-05-20 07:55:00;M5;10;21;4462,02419;4462,03000;UP
2026-05-20 08:45:00;M5;10;21;4469,11882;4465,38000;DOWN
2026-05-20 08:55:00;M5;10;21;4470,33403;4472,78000;UP
2026-05-20 09:05:00;M5;10;21;4471,18514;4469,65000;DOWN
2026-05-20 09:15:00;M5;10;21;4472,49661;4477,11000;UP
2026-05-20 09:30:00;M5;10;34;4468,84136;4466,85000;DOWN
2026-05-20 09:45:00;M5;10;21;4473,83443;4473,93000;UP
2026-05-20 10:30:00;M5;10;21;4478,39703;4478,24000;DOWN
2026-05-20 10:35:00;M5;10;21;4479,98486;4480,29000;UP
2026-05-20 10:45:00;M5;10;34;4478,93842;4477,99000;DOWN
2026-05-20 11:00:00;M5;10;34;4479,85609;4481,22000;UP
2026-05-20 11:10:00;M5;10;21;4481,66155;4482,39000;UP
2026-05-20 11:05:00;M5;10;34;4480,53446;4478,85000;DOWN
2026-05-20 11:15:00;M5;10;34;4481,16151;4481,69000;UP
2026-05-20 11:15:00;M5;10;21;4482,04241;4481,69000;DOWN
2026-05-20 11:25:00;M5;10;21;4482,89944;4486,02000;UP
2026-05-20 11:40:00;M5;10;34;4482,87591;4479,23000;DOWN
2026-05-20 11:50:00;M5;10;21;4484,08758;4489,17000;UP
2026-05-20 11:55:00;M5;10;34;4484,29962;4484,06000;DOWN
2026-05-20 12:10:00;M5;10;55;4480,86351;4480,23000;DOWN
2026-05-20 12:15:00;M5;10;55;4481,86827;4482,46000;UP
2026-05-20 12:25:00;M5;10;55;4482,52938;4474,18000;DOWN
2026-05-20 12:35:00;M5;10;21;4482,79426;4483,25000;UP
2026-05-20 12:50:00;M5;10;34;4484,53525;4489,41000;UP
2026-05-20 12:45:00;M5;10;55;4483,67138;4483,11000;DOWN
2026-05-20 12:55:00;M5;10;55;4484,21781;4484,95000;UP
2026-05-20 14:10:00;M5;10;21;4494,05726;4493,04000;DOWN
2026-05-20 14:20:00;M5;10;21;4495,23502;4495,80000;UP
2026-05-20 14:15:00;M5;10;34;4492,03444;4491,90000;DOWN
2026-05-20 14:25:00;M5;10;34;4493,30910;4499,95000;UP
2026-05-20 14:35:00;M5;10;21;4497,96054;4497,54000;DOWN
2026-05-20 14:45:00;M5;10;55;4494,34340;4493,10000;DOWN
2026-05-20 14:55:00;M5;10;21;4499,09548;4499,13000;UP
2026-05-20 15:05:00;M5;10;34;4497,79114;4497,55000;DOWN
2026-05-20 15:15:00;M5;10;55;4496,84603;4494,40000;DOWN
2026-05-20 15:25:00;M5;10;21;4499,36581;4499,39000;UP
2026-05-20 15:50:00;M5;10;55;4499,37056;4498,62000;DOWN
2026-05-20 16:10:00;M5;10;21;4501,22106;4505,14000;UP
2026-05-20 16:20:00;M5;10;89;4497,17997;4494,30000;DOWN
2026-05-20 17:15:00;M5;10;21;4485,74532;4498,37000;UP
2026-05-20 18:25:00;M5;10;21;4530,79221;4529,48000;DOWN
2026-05-20 18:35:00;M5;10;21;4537,23390;4537,71000;UP
2026-05-20 18:45:00;M5;10;21;4542,35553;4537,25000;DOWN
2026-05-20 19:15:00;M5;10;34;4535,44492;4530,87000;DOWN
2026-05-20 19:25:00;M5;10;55;4526,86681;4525,89000;DOWN
2026-05-20 19:40:00;M5;10;55;4528,76358;4533,51000;UP
2026-05-20 20:00:00;M5;10;55;4532,25516;4532,07000;DOWN
2026-05-20 20:05:00;M5;10;21;4535,14813;4535,64000;UP
2026-05-20 20:15:00;M5;10;55;4535,63899;4535,15000;DOWN
2026-05-20 20:35:00;M5;10;21;4534,22049;4536,00000;UP
2026-05-20 20:50:00;M5;10;89;4532,37322;4531,98000;DOWN
2026-05-20 21:15:00;M5;10;21;4534,43002;4536,25000;UP
2026-05-20 21:30:00;M5;10;34;4538,63816;4539,73000;UP
2026-05-20 21:25:00;M5;10;89;4536,99816;4534,99000;DOWN
2026-05-20 21:35:00;M5;10;89;4538,11917;4542,91000;UP
2026-05-20 21:40:00;M5;10;34;4538,57899;4537,02000;DOWN
2026-05-20 21:45:00;M5;10;34;4538,78746;4539,76000;UP
2026-05-20 22:35:00;M5;10;55;4547,47062;4548,19000;UP
2026-05-20 22:45:00;M5;10;89;4546,39561;4546,33000;DOWN
2026-05-20 23:20:00;M5;10;34;4546,87709;4545,24000;DOWN
2026-05-21 01:35:00;M5;10;21;4540,84493;4542,73000;UP
2026-05-21 02:05:00;M5;10;21;4538,98559;4538,66000;DOWN
2026-05-21 02:15:00;M5;10;21;4538,50174;4539,03000;UP
2026-05-21 02:35:00;M5;10;34;4540,76003;4545,33000;UP
2026-05-21 02:55:00;M5;10;55;4545,25930;4546,54000;UP
2026-05-21 03:05:00;M5;10;55;4545,07971;4544,35000;DOWN
2026-05-21 03:15:00;M5;10;55;4544,99020;4545,98000;UP
2026-05-21 03:20:00;M5;10;34;4541,73318;4541,22000;DOWN
2026-05-21 03:25:00;M5;10;34;4542,16765;4543,64000;UP
2026-05-21 03:25:00;M5;10;55;4544,90418;4543,64000;DOWN
2026-05-21 03:35:00;M5;10;34;4542,47471;4542,38000;DOWN
2026-05-21 03:50:00;M5;10;21;4545,25715;4547,62000;UP
2026-05-21 04:00:00;M5;10;55;4544,56368;4543,71000;DOWN
2026-05-21 04:05:00;M5;10;21;4546,21302;4549,50000;UP
2026-05-21 04:50:00;M5;10;21;4559,92155;4559,88000;DOWN
2026-05-21 05:10:00;M5;10;89;4554,79824;4551,74000;DOWN
2026-05-21 06:20:00;M5;10;21;4537,03964;4537,79000;UP
2026-05-21 06:50:00;M5;10;21;4529,00803;4528,04000;DOWN
2026-05-21 06:55:00;M5;10;21;4527,31654;4528,29000;UP
2026-05-21 07:10:00;M5;10;34;4535,20236;4536,04000;UP
2026-05-21 07:55:00;M5;10;55;4537,72816;4538,40000;UP
2026-05-21 08:05:00;M5;10;55;4536,83139;4531,63000;DOWN
2026-05-21 08:15:00;M5;10;34;4529,39590;4527,12000;DOWN
2026-05-21 08:50:00;M5;10;21;4528,49690;4529,74000;UP
2026-05-21 09:00:00;M5;10;55;4529,69068;4533,50000;UP
2026-05-21 09:40:00;M5;10;55;4525,83774;4524,86000;DOWN
2026-05-21 10:45:00;M5;10;21;4517,53396;4518,09000;UP
2026-05-21 11:05:00;M5;10;89;4524,70022;4528,66000;UP
2026-05-21 12:30:00;M5;10;21;4536,60679;4535,20000;DOWN
2026-05-21 12:40:00;M5;10;34;4530,60760;4529,82000;DOWN
2026-05-21 12:50:00;M5;10;34;4532,02946;4532,70000;UP
2026-05-21 12:55:00;M5;10;34;4533,09841;4530,64000;DOWN
2026-05-21 13:05:00;M5;10;34;4534,06849;4534,77000;UP
2026-05-21 13:15:00;M5;10;34;4534,95993;4534,44000;DOWN
2026-05-21 13:25:00;M5;10;89;4523,82697;4518,05000;DOWN
2026-05-21 14:15:00;M5;10;21;4514,41413;4519,20000;UP
2026-05-21 14:30:00;M5;10;21;4512,52012;4510,73000;DOWN
2026-05-21 14:40:00;M5;10;21;4510,75919;4512,21000;UP
2026-05-21 15:00:00;M5;10;34;4515,46305;4515,53000;UP
2026-05-21 15:15:00;M5;10;34;4512,60579;4512,56000;DOWN
2026-05-21 15:30:00;M5;10;21;4509,84474;4514,60000;UP
2026-05-21 15:50:00;M5;10;34;4508,82027;4508,11000;DOWN
2026-05-21 16:00:00;M5;10;21;4508,58996;4512,11000;UP
2026-05-21 16:05:00;M5;10;34;4506,33571;4504,74000;DOWN
2026-05-21 16:45:00;M5;10;21;4498,39534;4500,08000;UP
2026-05-21 17:00:00;M5;10;89;4509,45188;4507,25000;DOWN
2026-05-21 17:25:00;M5;10;89;4506,78650;4507,44000;UP
2026-05-21 17:40:00;M5;10;89;4506,09388;4504,79000;DOWN
2026-05-21 17:50:00;M5;10;89;4505,44565;4509,06000;UP
2026-05-21 18:00:00;M5;10;89;4504,89009;4504,71000;DOWN
2026-05-21 18:10:00;M5;10;89;4504,31263;4510,05000;UP
2026-05-21 18:05:00;M5;10;21;4505,34718;4501,56000;DOWN
2026-05-21 18:15:00;M5;10;21;4506,15190;4508,10000;UP
2026-05-21 18:25:00;M5;10;21;4506,36215;4503,37000;DOWN
2026-05-21 18:35:00;M5;10;21;4506,68694;4509,27000;UP
2026-05-21 19:35:00;M5;10;21;4516,76382;4516,69000;DOWN
2026-05-21 19:55:00;M5;10;21;4519,43750;4519,45000;UP
2026-05-21 20:05:00;M5;10;21;4520,38877;4517,96000;DOWN
2026-05-21 20:15:00;M5;10;21;4522,84471;4535,21000;UP
2026-05-21 21:10:00;M5;10;21;4548,42695;4546,00000;DOWN
2026-05-21 21:35:00;M5;10;34;4549,10148;4543,40000;DOWN
2026-05-21 21:45:00;M5;10;55;4539,04209;4538,22000;DOWN
2026-05-21 22:35:00;M5;10;21;4541,71556;4542,15000;UP
2026-05-21 22:50:00;M5;10;21;4540,49682;4536,38000;DOWN
2026-05-21 22:55:00;M5;10;21;4539,91833;4543,06000;UP
2026-05-21 23:40:00;M5;10;21;4540,67393;4540,65000;DOWN
2026-05-21 23:50:00;M5;10;21;4540,98156;4541,66000;UP
2026-05-22 01:05:00;M5;10;89;4542,67841;4540,45000;DOWN
2026-05-22 01:15:00;M5;10;21;4541,63043;4542,50000;UP
2026-05-22 01:25:00;M5;10;21;4541,69597;4541,01000;DOWN
2026-05-22 01:40:00;M5;10;21;4541,56665;4542,58000;UP
2026-05-22 01:50:00;M5;10;34;4541,93390;4540,92000;DOWN
2026-05-22 01:55:00;M5;10;21;4541,70669;4543,22000;UP
2026-05-22 02:15:00;M5;10;34;4541,97667;4541,51000;DOWN
2026-05-22 03:25:00;M5;10;21;4534,85091;4536,25000;UP
2026-05-22 03:35:00;M5;10;34;4536,97057;4540,09000;UP
2026-05-22 03:45:00;M5;10;34;4536,46469;4534,64000;DOWN
2026-05-22 04:15:00;M5;10;21;4529,89669;4531,60000;UP
2026-05-22 04:30:00;M5;10;21;4528,79552;4525,71000;DOWN
2026-05-22 04:45:00;M5;10;21;4526,39618;4527,86000;UP
2026-05-22 05:10:00;M5;10;34;4526,53938;4527,56000;UP
2026-05-22 05:15:00;M5;10;34;4525,50576;4523,99000;DOWN
2026-05-22 05:30:00;M5;10;21;4523,21099;4520,01000;DOWN
2026-05-22 05:40:00;M5;10;21;4522,58671;4522,78000;UP
2026-05-22 05:45:00;M5;10;34;4522,94083;4525,03000;UP
2026-05-22 05:50:00;M5;10;21;4522,31083;4522,15000;DOWN
2026-05-22 05:55:00;M5;10;21;4522,06318;4523,16000;UP
2026-05-22 06:10:00;M5;10;34;4521,65551;4521,09000;DOWN
2026-05-22 06:15:00;M5;10;21;4521,48621;4521,64000;UP
2026-05-22 06:30:00;M5;10;55;4522,60826;4524,04000;UP
2026-05-22 07:25:00;M5;10;89;4528,03108;4532,22000;UP
2026-05-22 07:35:00;M5;10;89;4527,53100;4526,47000;DOWN
2026-05-22 07:45:00;M5;10;89;4527,08017;4528,32000;UP
2026-05-22 08:00:00;M5;10;89;4526,65386;4525,54000;DOWN
2026-05-22 08:05:00;M5;10;89;4526,23642;4526,54000;UP
2026-05-22 08:20:00;M5;10;34;4526,95759;4527,05000;UP
2026-05-22 08:30:00;M5;10;21;4528,63452;4528,71000;UP
2026-05-22 08:25:00;M5;10;34;4527,21024;4526,11000;DOWN
2026-05-22 08:35:00;M5;10;34;4527,78432;4533,69000;UP
2026-05-22 08:50:00;M5;10;21;4529,32154;4528,88000;DOWN
2026-05-22 08:55:00;M5;10;89;4524,50412;4511,21000;DOWN
2026-05-22 09:25:00;M5;10;21;4522,72392;4525,24000;UP
2026-05-22 09:40:00;M5;10;34;4525,09909;4526,57000;UP
2026-05-22 09:35:00;M5;10;55;4523,77309;4523,06000;DOWN
2026-05-22 09:45:00;M5;10;55;4523,72669;4527,16000;UP
2026-05-22 10:10:00;M5;10;55;4523,92748;4522,40000;DOWN
2026-05-22 10:15:00;M5;10;21;4523,36327;4524,97000;UP
2026-05-22 10:30:00;M5;10;55;4524,24297;4522,58000;DOWN
2026-05-22 10:35:00;M5;10;89;4521,54561;4517,25000;DOWN
2026-05-22 10:50:00;M5;10;89;4521,35080;4521,71000;UP
2026-05-22 11:00:00;M5;10;21;4522,28261;4524,97000;UP
2026-05-22 11:30:00;M5;10;89;4521,05266;4519,99000;DOWN
2026-05-22 11:35:00;M5;10;89;4521,07602;4521,91000;UP
2026-05-22 11:50:00;M5;10;21;4523,98958;4524,04000;UP
2026-05-22 11:55:00;M5;10;55;4523,18159;4521,84000;DOWN
2026-05-22 12:10:00;M5;10;89;4521,15744;4517,26000;DOWN
2026-05-22 12:35:00;M5;10;21;4521,36840;4524,42000;UP
2026-05-22 13:30:00;M5;10;89;4522,20604;4518,76000;DOWN
2026-05-22 14:30:00;M5;10;21;4516,21943;4517,19000;UP
2026-05-22 14:40:00;M5;10;34;4519,07098;4521,67000;UP
2026-05-22 15:30:00;M5;10;89;4519,88079;4518,11000;DOWN
2026-05-22 15:50:00;M5;10;34;4519,04469;4519,86000;UP
2026-05-22 15:55:00;M5;10;21;4522,62823;4528,25000;UP
2026-05-22 16:20:00;M5;10;21;4526,25599;4523,49000;DOWN
2026-05-22 16:25:00;M5;10;34;4522,34297;4522,04000;DOWN
2026-05-22 16:35:00;M5;10;89;4520,83545;4519,75000;DOWN
2026-05-22 17:45:00;M5;10;21;4501,56860;4504,05000;UP
2026-05-22 18:05:00;M5;10;34;4506,16241;4510,94000;UP
2026-05-22 18:15:00;M5;10;89;4514,05389;4515,84000;UP
2026-05-22 19:15:00;M5;10;21;4518,20645;4517,07000;DOWN
2026-05-22 19:25:00;M5;10;21;4520,53787;4523,71000;UP
2026-05-22 19:35:00;M5;10;21;4522,16545;4519,58000;DOWN
2026-05-22 19:45:00;M5;10;34;4514,38696;4513,55000;DOWN
2026-05-22 20:00:00;M5;10;34;4515,45767;4518,67000;UP
2026-05-22 20:15:00;M5;10;34;4517,44237;4514,82000;DOWN
2026-05-22 20:25:00;M5;10;21;4520,23701;4525,35000;UP
2026-05-22 20:50:00;M5;10;34;4520,92273;4519,74000;DOWN
2026-05-22 21:10:00;M5;10;89;4513,98121;4513,79000;DOWN
2026-05-22 21:20:00;M5;10;55;4516,54111;4516,59000;UP
2026-05-22 21:25:00;M5;10;55;4516,99665;4515,35000;DOWN
2026-05-22 21:35:00;M5;10;21;4518,17043;4518,22000;UP
2026-05-22 21:45:00;M5;10;89;4514,56307;4513,12000;DOWN
2026-05-22 21:55:00;M5;10;89;4514,58999;4515,09000;UP
2026-05-22 22:05:00;M5;10;89;4514,49728;4508,61000;DOWN
2026-05-22 22:35:00;M5;10;21;4509,15996;4509,35000;UP
2026-05-22 22:45:00;M5;10;21;4507,87370;4507,54000;DOWN
2026-05-22 22:55:00;M5;10;21;4506,93126;4508,29000;UP
2026-05-22 23:15:00;M5;10;34;4508,70829;4509,01000;UP
2026-05-22 23:30:00;M5;10;34;4507,85562;4507,30000;DOWN
2026-05-22 23:40:00;M5;10;21;4505,78738;4504,90000;DOWN
2026-05-22 23:45:00;M5;10;21;4505,88391;4506,70000;UP
2026-05-25 01:05:00;M5;10;55;4510,73601;4554,14000;UP
2026-05-25 02:15:00;M5;10;21;4574,26786;4574,21000;DOWN
2026-05-25 02:55:00;M5;10;34;4576,62743;4566,99000;DOWN
2026-05-25 03:50:00;M5;10;55;4573,74322;4573,43000;DOWN
2026-05-25 04:25:00;M5;10;21;4571,05076;4573,37000;UP
2026-05-25 04:40:00;M5;10;89;4565,16981;4563,39000;DOWN
2026-05-25 05:05:00;M5;10;21;4566,15637;4567,69000;UP
2026-05-25 05:15:00;M5;10;21;4564,71726;4561,65000;DOWN
2026-05-25 05:30:00;M5;10;21;4563,51345;4563,78000;UP
2026-05-25 05:50:00;M5;10;21;4562,44477;4562,02000;DOWN
2026-05-25 06:00:00;M5;10;21;4561,93775;4563,22000;UP
2026-05-25 06:25:00;M5;10;21;4560,76666;4560,64000;DOWN
2026-05-25 06:35:00;M5;10;21;4560,67849;4562,82000;UP
2026-05-25 06:45:00;M5;10;34;4560,94269;4558,57000;DOWN
2026-05-25 07:00:00;M5;10;21;4559,88883;4561,25000;UP
2026-05-25 08:20:00;M5;10;34;4561,05135;4556,51000;DOWN
2026-05-25 09:20:00;M5;10;21;4555,10003;4556,41000;UP
2026-05-25 09:40:00;M5;10;34;4555,78558;4556,43000;UP
2026-05-25 09:45:00;M5;10;55;4556,37075;4557,66000;UP
2026-05-25 10:15:00;M5;10;55;4555,62904;4555,36000;DOWN
2026-05-25 10:30:00;M5;10;21;4556,47940;4559,04000;UP
2026-05-25 10:55:00;M5;10;89;4564,07733;4564,80000;UP
2026-05-25 11:05:00;M5;10;89;4563,57581;4561,43000;DOWN
2026-05-25 11:20:00;M5;10;55;4556,30300;4555,37000;DOWN
2026-05-25 11:30:00;M5;10;55;4556,51464;4557,06000;UP
2026-05-25 11:35:00;M5;10;55;4556,63216;4556,08000;DOWN
2026-05-25 12:00:00;M5;10;55;4556,51335;4557,08000;UP
2026-05-25 12:05:00;M5;10;55;4556,34031;4555,04000;DOWN
2026-05-25 12:15:00;M5;10;55;4556,17405;4556,49000;UP
2026-05-25 12:25:00;M5;10;21;4556,22886;4558,87000;UP
2026-05-25 13:35:00;M5;10;21;4571,03904;4570,86000;DOWN
2026-05-25 13:55:00;M5;10;34;4568,65018;4568,63000;DOWN
2026-05-25 14:10:00;M5;10;34;4569,58665;4572,07000;UP
2026-05-25 14:15:00;M5;10;21;4574,09471;4574,83000;UP
2026-05-25 14:25:00;M5;10;34;4571,77272;4571,66000;DOWN
2026-05-25 14:35:00;M5;10;21;4574,71501;4575,97000;UP
2026-05-25 14:45:00;M5;10;34;4573,93102;4571,20000;DOWN
2026-05-25 15:00:00;M5;10;89;4564,70711;4564,55000;DOWN
2026-05-25 15:35:00;M5;10;21;4564,31603;4568,80000;UP
2026-05-25 16:00:00;M5;10;89;4566,06249;4564,52000;DOWN
2026-05-25 16:05:00;M5;10;34;4567,78989;4568,44000;UP
2026-05-25 16:15:00;M5;10;89;4566,47252;4562,02000;DOWN
2026-05-25 16:30:00;M5;10;21;4562,76664;4564,25000;UP
2026-05-25 16:45:00;M5;10;21;4562,54871;4561,58000;DOWN
2026-05-25 16:55:00;M5;10;21;4562,62796;4563,10000;UP
2026-05-25 17:05:00;M5;10;55;4568,15583;4569,61000;UP
2026-05-25 17:40:00;M5;10;89;4567,55830;4567,01000;DOWN
2026-05-25 17:45:00;M5;10;55;4567,30025;4568,20000;UP
2026-05-25 17:50:00;M5;10;21;4566,86386;4565,84000;DOWN
2026-05-25 18:00:00;M5;10;21;4567,49777;4568,15000;UP
2026-05-25 17:55:00;M5;10;89;4567,94763;4566,77000;DOWN
2026-05-25 18:10:00;M5;10;55;4567,05433;4570,08000;UP
2026-05-25 18:05:00;M5;10;21;4567,94003;4566,72000;DOWN
2026-05-25 18:15:00;M5;10;21;4568,57279;4570,45000;UP
2026-05-25 18:35:00;M5;10;89;4568,83557;4568,75000;DOWN
2026-05-25 18:50:00;M5;10;21;4570,70931;4571,91000;UP
2026-05-25 18:55:00;M5;10;21;4571,04740;4570,88000;DOWN
2026-05-25 19:05:00;M5;10;89;4569,57234;4569,41000;DOWN
2026-05-25 19:30:00;M5;10;89;4569,93329;4570,12000;UP
2026-05-25 19:25:00;M5;10;55;4568,49115;4568,18000;DOWN
2026-05-25 19:35:00;M5;10;21;4570,72230;4571,08000;UP
2026-05-25 19:50:00;M5;10;34;4570,94433;4570,87000;DOWN
2026-05-25 19:55:00;M5;10;21;4571,40070;4573,59000;UP
2026-05-25 20:20:00;M5;10;34;4572,69438;4571,35000;DOWN
2026-05-25 20:30:00;M5;10;89;4571,10445;4569,80000;DOWN
2026-05-25 21:05:00;M5;10;21;4569,66047;4570,15000;UP
2026-05-25 21:20:00;M5;10;21;4568,88434;4567,69000;DOWN
2026-05-25 21:25:00;M5;10;21;4568,55084;4570,87000;UP
2026-05-26 01:05:00;M5;10;55;4571,21059;4572,59000;UP
2026-05-26 01:30:00;M5;10;89;4571,29411;4571,05000;DOWN
2026-05-26 01:35:00;M5;10;55;4571,76221;4572,75000;UP
2026-05-26 02:20:00;M5;10;21;4575,40717;4574,17000;DOWN
2026-05-26 02:25:00;M5;10;89;4572,82302;4568,37000;DOWN
2026-05-26 03:55:00;M5;10;21;4543,60572;4549,60000;UP
2026-05-26 04:30:00;M5;10;21;4540,05223;4538,83000;DOWN
2026-05-26 04:55:00;M5;10;21;4534,24067;4537,04000;UP
2026-05-26 05:05:00;M5;10;34;4535,24139;4538,58000;UP
2026-05-26 05:45:00;M5;10;21;4532,56774;4532,55000;DOWN
2026-05-26 05:55:00;M5;10;21;4532,06562;4532,28000;UP
2026-05-26 06:05:00;M5;10;55;4533,56736;4535,77000;UP
2026-05-26 06:30:00;M5;10;89;4542,50252;4544,38000;UP
2026-05-26 07:10:00;M5;10;89;4538,27069;4537,28000;DOWN
2026-05-26 07:15:00;M5;10;89;4537,40647;4538,03000;UP
2026-05-26 07:25:00;M5;10;89;4536,51294;4532,59000;DOWN
2026-05-26 07:35:00;M5;10;55;4529,62888;4527,78000;DOWN
2026-05-26 08:05:00;M5;10;55;4528,10989;4530,40000;UP
2026-05-26 08:15:00;M5;10;21;4528,94664;4529,37000;UP
2026-05-26 08:30:00;M5;10;34;4531,21189;4533,35000;UP
2026-05-26 08:40:00;M5;10;34;4530,74978;4529,77000;DOWN
2026-05-26 08:45:00;M5;10;89;4527,84183;4527,79000;DOWN
2026-05-26 09:00:00;M5;10;34;4529,47288;4531,03000;UP
2026-05-26 10:05:00;M5;10;34;4527,63059;4527,63000;DOWN
2026-05-26 10:20:00;M5;10;21;4529,41999;4530,09000;UP
2026-05-26 10:30:00;M5;10;55;4526,28651;4526,03000;DOWN
2026-05-26 10:40:00;M5;10;55;4526,06531;4526,63000;UP
2026-05-26 10:45:00;M5;10;21;4528,37599;4533,36000;UP
2026-05-26 11:10:00;M5;10;34;4528,77970;4527,52000;DOWN
2026-05-26 11:15:00;M5;10;34;4529,35067;4529,62000;UP
2026-05-26 11:30:00;M5;10;89;4522,03164;4521,34000;DOWN
2026-05-26 11:35:00;M5;10;89;4521,98087;4522,33000;UP
2026-05-26 12:10:00;M5;10;89;4521,56741;4520,49000;DOWN
2026-05-26 12:15:00;M5;10;21;4523,79862;4524,70000;UP
2026-05-26 12:30:00;M5;10;89;4521,19037;4518,10000;DOWN
2026-05-26 12:55:00;M5;10;21;4519,45451;4522,66000;UP
2026-05-26 13:05:00;M5;10;55;4522,97970;4525,40000;UP
2026-05-26 14:10:00;M5;10;21;4533,49332;4531,75000;DOWN
2026-05-26 14:20:00;M5;10;55;4526,09724;4525,69000;DOWN
2026-05-26 14:30:00;M5;10;89;4522,24249;4519,39000;DOWN
2026-05-26 15:30:00;M5;10;21;4510,05265;4510,34000;UP
2026-05-26 15:35:00;M5;10;21;4506,22984;4502,27000;DOWN
2026-05-26 15:45:00;M5;10;21;4504,68695;4519,78000;UP
2026-05-26 16:50:00;M5;10;89;4516,65639;4515,84000;DOWN
2026-05-26 17:00:00;M5;10;55;4516,29782;4517,47000;UP
2026-05-26 16:55:00;M5;10;34;4514,62629;4514,03000;DOWN
2026-05-26 17:05:00;M5;10;34;4515,00354;4515,49000;UP
2026-05-26 17:05:00;M5;10;89;4516,55908;4515,49000;DOWN
2026-05-26 17:15:00;M5;10;34;4515,21177;4514,22000;DOWN
2026-05-26 17:25:00;M5;10;34;4515,51238;4517,67000;UP
2026-05-26 17:35:00;M5;10;21;4520,42642;4522,25000;UP
2026-05-26 17:50:00;M5;10;89;4516,00472;4515,84000;DOWN
2026-05-26 17:55:00;M5;10;55;4515,21064;4515,21000;DOWN
2026-05-26 18:50:00;M5;10;21;4508,55277;4509,74000;UP
2026-05-26 18:55:00;M5;10;21;4506,81442;4506,40000;DOWN
2026-05-26 19:15:00;M5;10;21;4503,46294;4505,05000;UP
2026-05-26 19:25:00;M5;10;34;4507,15402;4508,00000;UP
2026-05-26 19:35:00;M5;10;55;4508,47319;4508,22000;DOWN
2026-05-26 19:45:00;M5;10;34;4505,31352;4503,34000;DOWN
2026-05-26 19:55:00;M5;10;34;4504,51675;4504,89000;UP
2026-05-26 20:10:00;M5;10;34;4503,76135;4503,72000;DOWN
2026-05-26 20:15:00;M5;10;34;4503,04181;4504,39000;UP
2026-05-26 20:25:00;M5;10;55;4505,07722;4501,44000;DOWN
2026-05-26 21:25:00;M5;10;21;4492,45129;4495,20000;UP
2026-05-26 21:35:00;M5;10;55;4496,43148;4496,45000;UP
2026-05-26 21:55:00;M5;10;89;4498,50587;4499,28000;UP
2026-05-26 23:25:00;M5;10;21;4509,06526;4506,67000;DOWN
2026-05-27 01:05:00;M5;10;34;4507,38943;4504,62000;DOWN
2026-05-27 01:30:00;M5;10;55;4501,90445;4500,37000;DOWN
2026-05-27 01:50:00;M5;10;21;4505,79284;4506,96000;UP
2026-05-27 01:55:00;M5;10;34;4508,06504;4510,99000;UP
2026-05-27 02:20:00;M5;10;34;4508,49117;4505,66000;DOWN
2026-05-27 02:25:00;M5;10;21;4507,52413;4512,19000;UP
2026-05-27 03:20:00;M5;10;21;4519,90351;4516,19000;DOWN
2026-05-27 03:35:00;M5;10;34;4518,16832;4517,67000;DOWN
2026-05-27 03:55:00;M5;10;55;4517,02000;4515,06000;DOWN
2026-05-27 04:10:00;M5;10;55;4517,74453;4519,39000;UP
2026-05-27 04:15:00;M5;10;55;4518,31683;4516,01000;DOWN
2026-05-27 04:40:00;M5;10;89;4511,61359;4509,95000;DOWN
2026-05-27 05:25:00;M5;10;21;4505,40716;4505,51000;UP
2026-05-27 05:35:00;M5;10;21;4502,97118;4500,36000;DOWN
2026-05-27 05:45:00;M5;10;21;4501,00225;4501,74000;UP
2026-05-27 06:00:00;M5;10;34;4506,59927;4507,68000;UP
2026-05-27 06:35:00;M5;10;34;4503,73408;4502,94000;DOWN
2026-05-27 06:45:00;M5;10;21;4503,90050;4504,35000;UP
2026-05-27 06:55:00;M5;10;34;4502,32715;4497,12000;DOWN
2026-05-27 07:10:00;M5;10;21;4502,87503;4503,02000;UP
2026-05-27 07:15:00;M5;10;21;4502,26017;4501,07000;DOWN
2026-05-27 07:25:00;M5;10;34;4500,01802;4499,66000;DOWN
2026-05-27 07:35:00;M5;10;21;4500,98507;4502,92000;UP
2026-05-27 07:45:00;M5;10;89;4509,20023;4516,57000;UP
2026-05-27 08:15:00;M5;10;89;4508,64235;4505,47000;DOWN
2026-05-27 08:30:00;M5;10;55;4503,17414;4496,64000;DOWN
2026-05-27 10:00:00;M5;10;21;4485,59440;4486,94000;UP
2026-05-27 10:10:00;M5;10;21;4483,32949;4480,33000;DOWN
2026-05-27 10:15:00;M5;10;21;4481,65162;4484,13000;UP
2026-05-27 10:55:00;M5;10;34;4481,39342;4481,90000;UP
2026-05-27 11:05:00;M5;10;55;4485,51614;4485,93000;UP
2026-05-27 11:35:00;M5;10;89;4489,07100;4492,73000;UP
2026-05-27 12:05:00;M5;10;21;4491,98463;4489,42000;DOWN
2026-05-27 12:15:00;M5;10;21;4493,75866;4494,60000;UP
2026-05-27 12:25:00;M5;10;21;4494,66838;4490,10000;DOWN
2026-05-27 13:00:00;M5;10;34;4489,97184;4486,48000;DOWN
2026-05-27 13:10:00;M5;10;89;4485,99935;4485,44000;DOWN
2026-05-27 13:15:00;M5;10;55;4484,72158;4479,69000;DOWN
2026-05-27 14:35:00;M5;10;21;4440,00576;4441,05000;UP
2026-05-27 14:50:00;M5;10;21;4435,34602;4433,60000;DOWN
2026-05-27 15:00:00;M5;10;21;4430,70603;4434,40000;UP
2026-05-27 15:15:00;M5;10;34;4436,62596;4447,44000;UP
2026-05-27 15:30:00;M5;10;55;4448,88692;4447,29000;DOWN
2026-05-27 15:35:00;M5;10;55;4446,43683;4452,02000;UP
2026-05-27 15:55:00;M5;10;55;4442,06717;4438,80000;DOWN
2026-05-27 16:05:00;M5;10;34;4429,77405;4414,34000;DOWN
2026-05-27 16:30:00;M5;10;34;4422,97889;4423,79000;UP
2026-05-27 16:35:00;M5;10;34;4419,55681;4418,16000;DOWN
2026-05-27 16:45:00;M5;10;21;4416,99152;4420,25000;UP
2026-05-27 17:00:00;M5;10;89;4436,29384;4438,15000;UP
2026-05-27 17:55:00;M5;10;21;4439,35609;4433,91000;DOWN
2026-05-27 18:35:00;M5;10;21;4439,80091;4440,72000;UP
2026-05-27 18:45:00;M5;10;21;4438,81308;4432,78000;DOWN
2026-05-27 19:10:00;M5;10;21;4437,01814;4440,15000;UP
2026-05-27 20:05:00;M5;10;34;4444,96612;4442,97000;DOWN
2026-05-27 20:15:00;M5;10;34;4445,95955;4446,73000;UP
2026-05-27 20:30:00;M5;10;21;4450,30578;4452,05000;UP
2026-05-27 20:35:00;M5;10;21;4451,33035;4451,00000;DOWN
2026-05-27 20:50:00;M5;10;21;4452,31945;4452,86000;UP
2026-05-27 20:55:00;M5;10;34;4450,52336;4450,33000;DOWN
2026-05-27 21:20:00;M5;10;21;4452,75413;4454,94000;UP
2026-05-27 21:30:00;M5;10;34;4453,30111;4452,68000;DOWN
2026-05-27 22:10:00;M5;10;55;4452,24921;4451,73000;DOWN
2026-05-27 22:20:00;M5;10;55;4453,16232;4453,17000;UP
2026-05-27 22:25:00;M5;10;55;4453,93772;4450,97000;DOWN
2026-05-27 22:35:00;M5;10;21;4453,78086;4454,64000;UP
2026-05-27 22:45:00;M5;10;21;4453,56461;4451,97000;DOWN
2026-05-27 23:05:00;M5;10;21;4452,91683;4452,95000;UP
2026-05-27 23:15:00;M5;10;55;4456,60995;4458,14000;UP
2026-05-27 23:25:00;M5;10;55;4457,01999;4454,93000;DOWN
2026-05-27 23:35:00;M5;10;21;4454,01863;4452,36000;DOWN
2026-05-27 23:45:00;M5;10;21;4454,24804;4454,26000;UP
2026-05-27 23:55:00;M5;10;34;4455,35444;4455,98000;UP
2026-05-28 01:05:00;M5;10;55;4457,91794;4458,72000;UP
2026-05-28 01:30:00;M5;10;55;4458,54646;4457,28000;DOWN
2026-05-28 01:35:00;M5;10;21;4458,88160;4461,26000;UP
2026-05-28 01:45:00;M5;10;55;4459,32670;4456,57000;DOWN
2026-05-28 02:05:00;M5;10;89;4455,15731;4452,74000;DOWN
2026-05-28 03:15:00;M5;10;21;4448,94196;4452,24000;UP
2026-05-28 03:25:00;M5;10;21;4447,86343;4446,21000;DOWN
2026-05-28 03:35:00;M5;10;21;4447,37131;4450,75000;UP
2026-05-28 03:55:00;M5;10;55;4454,10470;4457,09000;UP
2026-05-28 04:00:00;M5;10;34;4450,55883;4445,93000;DOWN
2026-05-28 04:05:00;M5;10;55;4453,61759;4444,44000;DOWN
2026-05-28 05:25:00;M5;10;21;4405,13725;4406,19000;UP
2026-05-28 05:45:00;M5;10;21;4396,58188;4396,05000;DOWN
2026-05-28 05:55:00;M5;10;21;4393,06952;4394,39000;UP
2026-05-28 06:15:00;M5;10;21;4387,43948;4384,55000;DOWN
2026-05-28 06:25:00;M5;10;21;4384,82050;4387,65000;UP
2026-05-28 06:35:00;M5;10;21;4381,19465;4373,33000;DOWN
2026-05-28 06:55:00;M5;10;21;4373,86147;4374,85000;UP
2026-05-28 07:05:00;M5;10;34;4373,92651;4381,05000;UP
2026-05-28 07:15:00;M5;10;34;4370,74051;4369,19000;DOWN
2026-05-28 07:25:00;M5;10;21;4367,08457;4368,45000;UP
2026-05-28 07:55:00;M5;10;55;4368,83282;4373,03000;UP
2026-05-28 08:30:00;M5;10;89;4382,97426;4386,70000;UP
2026-05-28 09:05:00;M5;10;21;4383,13929;4379,89000;DOWN
2026-05-28 10:00:00;M5;10;21;4385,84579;4387,47000;UP
2026-05-28 10:35:00;M5;10;21;4390,38410;4389,08000;DOWN
2026-05-28 10:45:00;M5;10;34;4388,72545;4387,95000;DOWN
2026-05-28 11:05:00;M5;10;21;4391,97280;4393,58000;UP
2026-05-28 11:15:00;M5;10;21;4392,55808;4391,81000;DOWN
2026-05-28 11:25:00;M5;10;34;4392,11625;4389,80000;DOWN
2026-05-28 12:20:00;M5;10;21;4390,92382;4395,36000;UP
2026-05-28 12:30:00;M5;10;34;4393,30564;4392,87000;DOWN
2026-05-28 12:40:00;M5;10;21;4391,77489;4391,07000;DOWN
2026-05-28 12:45:00;M5;10;21;4392,21108;4392,87000;UP
2026-05-28 12:55:00;M5;10;34;4393,81058;4393,50000;DOWN
2026-05-28 13:05:00;M5;10;34;4394,34991;4401,56000;UP
2026-05-28 13:40:00;M5;10;55;4395,58794;4389,09000;DOWN
2026-05-28 14:35:00;M5;10;21;4387,50808;4388,42000;UP
2026-05-28 14:45:00;M5;10;89;4383,87827;4383,24000;DOWN
2026-05-28 14:55:00;M5;10;21;4384,61123;4387,91000;UP
2026-05-28 15:20:00;M5;10;89;4385,44981;4381,24000;DOWN
2026-05-28 15:25:00;M5;10;21;4385,10548;4385,28000;UP
2026-05-28 16:30:00;M5;10;21;4422,49548;4418,72000;DOWN
2026-05-28 17:10:00;M5;10;21;4439,43850;4464,04000;UP
2026-05-28 18:10:00;M5;10;21;4472,71469;4471,37000;DOWN
2026-05-28 18:35:00;M5;10;34;4478,46522;4478,40000;DOWN
2026-05-28 19:15:00;M5;10;21;4491,14046;4497,04000;UP
2026-05-28 20:10:00;M5;10;34;4509,66685;4503,90000;DOWN
2026-05-28 20:15:00;M5;10;55;4507,14752;4504,50000;DOWN
2026-05-28 21:25:00;M5;10;89;4508,15278;4506,14000;DOWN
2026-05-28 22:35:00;M5;10;21;4499,99527;4500,77000;UP
2026-05-28 22:45:00;M5;10;21;4498,88118;4498,64000;DOWN
2026-05-28 23:10:00;M5;10;21;4497,00923;4497,15000;UP
2026-05-28 23:40:00;M5;10;21;4496,05308;4495,39000;DOWN
2026-05-28 23:45:00;M5;10;21;4495,84138;4496,02000;UP
2026-05-29 01:05:00;M5;10;21;4495,07523;4493,68000;DOWN
2026-05-29 01:25:00;M5;10;21;4494,16486;4495,86000;UP
2026-05-29 01:50:00;M5;10;21;4493,74006;4493,70000;DOWN
2026-05-29 02:00:00;M5;10;21;4493,26377;4495,28000;UP
2026-05-29 01:55:00;M5;10;34;4493,11906;4491,20000;DOWN
2026-05-29 02:05:00;M5;10;34;4492,72910;4494,29000;UP
2026-05-29 02:25:00;M5;10;34;4492,30222;4492,28000;DOWN
2026-05-29 02:50:00;M5;10;21;4492,17372;4492,22000;UP
2026-05-29 02:55:00;M5;10;55;4495,03542;4495,14000;UP
2026-05-29 03:35:00;M5;10;21;4495,45480;4494,18000;DOWN
2026-05-29 04:00:00;M5;10;21;4496,36760;4500,81000;UP
2026-05-29 04:10:00;M5;10;89;4510,01541;4514,95000;UP
2026-05-29 04:25:00;M5;10;89;4508,91403;4505,43000;DOWN
2026-05-29 04:45:00;M5;10;34;4503,09212;4502,07000;DOWN
2026-05-29 05:00:00;M5;10;21;4508,94009;4510,74000;UP
2026-05-29 05:05:00;M5;10;89;4507,53390;4505,79000;DOWN
2026-05-29 05:15:00;M5;10;34;4506,38886;4505,81000;DOWN
2026-05-29 05:55:00;M5;10;55;4503,79973;4501,68000;DOWN
2026-05-29 06:45:00;M5;10;21;4497,90666;4499,88000;UP
2026-05-29 07:00:00;M5;10;34;4502,44648;4502,62000;UP
2026-05-29 07:15:00;M5;10;55;4503,89025;4504,58000;UP
2026-05-29 08:20:00;M5;10;21;4511,45705;4509,89000;DOWN
2026-05-29 08:35:00;M5;10;89;4505,98386;4503,69000;DOWN
2026-05-29 08:50:00;M5;10;21;4512,00257;4514,88000;UP
2026-05-29 09:15:00;M5;10;21;4512,58659;4511,44000;DOWN
2026-05-29 09:25:00;M5;10;21;4513,32147;4516,56000;UP
2026-05-29 10:10:00;M5;10;34;4517,07223;4516,30000;DOWN
2026-05-29 10:20:00;M5;10;89;4511,86300;4511,82000;DOWN
2026-05-29 10:30:00;M5;10;21;4519,71036;4520,67000;UP
2026-05-29 11:00:00;M5;10;34;4521,02446;4519,14000;DOWN
2026-05-29 11:10:00;M5;10;89;4515,71910;4515,13000;DOWN
2026-05-29 11:25:00;M5;10;89;4516,91246;4516,99000;UP
2026-05-29 11:35:00;M5;10;89;4517,39762;4515,04000;DOWN
2026-05-29 12:00:00;M5;10;21;4516,43668;4518,78000;UP
2026-05-29 12:05:00;M5;10;34;4519,64130;4523,76000;UP
2026-05-29 13:00:00;M5;10;21;4528,51198;4525,96000;DOWN
2026-05-29 13:05:00;M5;10;34;4526,67838;4526,41000;DOWN
2026-05-29 13:15:00;M5;10;55;4526,97776;4526,71000;DOWN
2026-05-29 13:30:00;M5;10;21;4532,72243;4538,74000;UP
2026-05-29 14:00:00;M5;10;21;4537,74757;4535,92000;DOWN
2026-05-29 14:05:00;M5;10;55;4532,44719;4532,44000;DOWN
2026-05-29 14:25:00;M5;10;89;4531,28833;4528,01000;DOWN
2026-05-29 14:50:00;M5;10;89;4532,64178;4533,77000;UP
2026-05-29 14:55:00;M5;10;21;4533,56101;4538,32000;UP
2026-05-29 15:00:00;M5;10;89;4533,28796;4529,38000;DOWN
2026-05-29 15:05:00;M5;10;55;4535,59342;4530,14000;DOWN
2026-05-29 15:55:00;M5;10;21;4522,08662;4522,94000;UP
2026-05-29 16:20:00;M5;10;34;4525,86794;4526,21000;UP
2026-05-29 16:35:00;M5;10;55;4530,79263;4531,46000;UP
2026-05-29 16:45:00;M5;10;89;4533,56856;4535,87000;UP
2026-05-29 17:20:00;M5;10;89;4534,61528;4531,11000;DOWN
2026-05-29 17:30:00;M5;10;55;4532,40088;4536,03000;UP
2026-05-29 17:25:00;M5;10;34;4530,92710;4529,75000;DOWN
2026-05-29 17:40:00;M5;10;21;4539,03961;4540,28000;UP
2026-05-29 17:35:00;M5;10;89;4535,43696;4531,82000;DOWN
2026-05-29 17:45:00;M5;10;55;4533,24194;4539,74000;UP
2026-05-29 17:45:00;M5;10;21;4539,74046;4539,74000;DOWN
2026-05-29 17:55:00;M5;10;21;4543,17622;4564,22000;UP
2026-05-29 18:35:00;M5;10;21;4576,99301;4573,00000;DOWN
2026-05-29 18:45:00;M5;10;34;4566,13727;4564,93000;DOWN
2026-05-29 18:55:00;M5;10;34;4570,21541;4571,01000;UP
2026-05-29 19:05:00;M5;10;34;4573,10363;4564,20000;DOWN
2026-05-29 19:25:00;M5;10;55;4563,58210;4563,05000;DOWN
2026-05-29 19:35:00;M5;10;55;4565,83755;4572,00000;UP
2026-05-29 19:45:00;M5;10;55;4567,85949;4564,78000;DOWN
2026-05-29 20:25:00;M5;10;89;4564,19841;4561,85000;DOWN
2026-05-29 21:05:00;M5;10;21;4557,73195;4557,80000;UP
2026-05-29 21:45:00;M5;10;21;4554,83908;4552,96000;DOWN
2026-05-29 22:00:00;M5;10;21;4554,13224;4554,44000;UP
2026-05-29 22:05:00;M5;10;34;4557,41675;4558,40000;UP
2026-05-29 22:25:00;M5;10;34;4555,43184;4555,25000;DOWN
2026-06-01 01:15:00;M5;10;21;4535,36636;4536,32000;UP
2026-06-01 01:25:00;M5;10;21;4533,19431;4533,19000;DOWN
2026-06-01 01:35:00;M5;10;21;4531,36273;4531,82000;UP
2026-06-01 02:00:00;M5;10;55;4538,47773;4539,63000;UP
2026-06-01 02:55:00;M5;10;21;4540,23623;4539,53000;DOWN
2026-06-01 03:25:00;M5;10;21;4541,98729;4543,18000;UP
2026-06-01 03:35:00;M5;10;34;4537,15437;4536,80000;DOWN
2026-06-01 03:45:00;M5;10;34;4537,81913;4541,36000;UP
2026-06-01 04:00:00;M5;10;34;4538,50670;4534,27000;DOWN
2026-06-01 04:05:00;M5;10;55;4533,34526;4529,05000;DOWN
2026-06-01 04:40:00;M5;10;21;4532,81760;4533,15000;UP
2026-06-01 04:45:00;M5;10;55;4531,79214;4528,56000;DOWN
2026-06-01 05:05:00;M5;10;21;4526,93448;4528,52000;UP
2026-06-01 05:30:00;M5;10;55;4529,62295;4527,33000;DOWN
2026-06-01 05:40:00;M5;10;21;4525,86495;4523,01000;DOWN
2026-06-01 06:25:00;M5;10;21;4520,11941;4520,36000;UP
2026-06-01 06:35:00;M5;10;21;4518,54611;4515,57000;DOWN
2026-06-01 06:55:00;M5;10;21;4514,95321;4516,35000;UP
2026-06-01 07:15:00;M5;10;34;4514,60938;4516,84000;UP
2026-06-01 07:45:00;M5;10;34;4512,17806;4510,47000;DOWN
2026-06-01 07:55:00;M5;10;21;4511,63303;4514,45000;UP
2026-06-01 08:05:00;M5;10;89;4515,61812;4516,38000;UP
2026-06-01 08:30:00;M5;10;89;4514,30851;4513,87000;DOWN
2026-06-01 08:35:00;M5;10;21;4516,16418;4520,12000;UP
2026-06-01 08:55:00;M5;10;21;4519,38323;4518,22000;DOWN
2026-06-01 09:10:00;M5;10;34;4515,22872;4514,07000;DOWN
2026-06-01 09:15:00;M5;10;89;4512,45714;4511,06000;DOWN
2026-06-01 09:25:00;M5;10;55;4512,05662;4513,86000;UP
2026-06-01 09:35:00;M5;10;89;4511,52215;4504,61000;DOWN
2026-06-01 10:15:00;M5;10;21;4505,12289;4506,74000;UP
2026-06-01 10:40:00;M5;10;21;4501,95680;4498,15000;DOWN
2026-06-01 10:55:00;M5;10;21;4498,72697;4503,00000;UP
2026-06-01 11:05:00;M5;10;21;4497,16059;4493,99000;DOWN
2026-06-01 11:25:00;M5;10;21;4494,58767;4496,01000;UP
2026-06-01 11:40:00;M5;10;34;4496,23597;4500,04000;UP
2026-06-01 11:45:00;M5;10;89;4499,86169;4501,25000;UP
2026-06-01 11:50:00;M5;10;55;4498,87534;4497,13000;DOWN
2026-06-01 11:55:00;M5;10;55;4497,91372;4497,98000;UP
2026-06-01 11:55:00;M5;10;89;4498,98081;4497,98000;DOWN
2026-06-01 12:05:00;M5;10;89;4498,17922;4499,58000;UP
2026-06-01 12:25:00;M5;10;89;4496,91637;4496,41000;DOWN
2026-06-01 12:35:00;M5;10;21;4497,57355;4497,85000;UP
2026-06-01 12:45:00;M5;10;89;4495,76846;4495,40000;DOWN
2026-06-01 13:00:00;M5;10;21;4497,62265;4498,11000;UP
2026-06-01 14:00:00;M5;10;21;4502,46061;4500,14000;DOWN
2026-06-01 14:05:00;M5;10;21;4503,92600;4505,66000;UP
2026-06-01 14:30:00;M5;10;21;4507,47763;4506,74000;DOWN
2026-06-01 14:35:00;M5;10;21;4509,21416;4510,13000;UP
2026-06-01 14:45:00;M5;10;21;4510,46318;4508,61000;DOWN
2026-06-01 14:55:00;M5;10;34;4507,22026;4505,79000;DOWN
2026-06-01 15:20:00;M5;10;55;4502,10259;4501,85000;DOWN
2026-06-01 15:25:00;M5;10;55;4502,84933;4505,53000;UP
2026-06-01 15:35:00;M5;10;55;4503,45250;4503,25000;DOWN
2026-06-01 15:45:00;M5;10;55;4504,02863;4506,78000;UP
2026-06-01 15:55:00;M5;10;55;4504,45798;4502,14000;DOWN
2026-06-01 16:10:00;M5;10;89;4497,60299;4484,09000;DOWN
2026-06-01 17:15:00;M5;10;21;4456,91568;4457,13000;UP
2026-06-01 17:55:00;M5;10;34;4455,00559;4458,63000;UP
2026-06-01 18:20:00;M5;10;55;4466,01781;4467,03000;UP
2026-06-01 18:30:00;M5;10;89;4474,44940;4477,10000;UP
2026-06-01 18:40:00;M5;10;89;4472,96278;4472,33000;DOWN
2026-06-01 18:55:00;M5;10;89;4470,49661;4474,10000;UP
2026-06-01 19:05:00;M5;10;89;4469,44756;4468,65000;DOWN
2026-06-01 19:20:00;M5;10;89;4468,44089;4468,53000;UP
2026-06-01 19:50:00;M5;10;21;4472,82720;4479,91000;UP
2026-06-01 20:05:00;M5;10;21;4474,80370;4473,42000;DOWN
2026-06-01 20:15:00;M5;10;21;4475,51180;4475,78000;UP
2026-06-01 21:15:00;M5;10;21;4489,64501;4489,15000;DOWN
2026-06-01 21:30:00;M5;10;34;4486,54872;4486,05000;DOWN
2026-06-01 22:35:00;M5;10;55;4484,71088;4484,30000;DOWN
2026-06-01 23:25:00;M5;10;21;4482,61302;4483,07000;UP
2026-06-02 01:25:00;M5;10;21;4482,53794;4481,45000;DOWN
2026-06-02 01:35:00;M5;10;21;4482,54022;4482,67000;UP
2026-06-02 01:45:00;M5;10;34;4483,05365;4484,09000;UP
2026-06-02 02:20:00;M5;10;55;4487,47831;4487,62000;UP
2026-06-02 02:25:00;M5;10;55;4487,29477;4487,20000;DOWN
2026-06-02 02:40:00;M5;10;89;4483,70837;4483,40000;DOWN
2026-06-02 02:50:00;M5;10;34;4484,09731;4484,68000;UP
2026-06-02 02:55:00;M5;10;89;4484,56709;4484,39000;DOWN
2026-06-02 03:05:00;M5;10;34;4483,88390;4478,47000;DOWN
2026-06-02 03:15:00;M5;10;21;4483,90171;4485,21000;UP
2026-06-02 03:45:00;M5;10;89;4486,08685;4481,42000;DOWN
2026-06-02 04:10:00;M5;10;21;4484,61770;4489,61000;UP
2026-06-02 04:15:00;M5;10;89;4486,44831;4486,02000;DOWN
2026-06-02 04:25:00;M5;10;21;4484,10209;4486,33000;UP
2026-06-02 04:35:00;M5;10;89;4486,55227;4481,99000;DOWN
2026-06-02 05:10:00;M5;10;21;4478,84113;4480,52000;UP
2026-06-02 05:15:00;M5;10;34;4480,63660;4480,94000;UP
2026-06-02 05:25:00;M5;10;55;4481,99318;4481,91000;DOWN
2026-06-02 05:35:00;M5;10;34;4479,44280;4478,85000;DOWN
2026-06-02 05:50:00;M5;10;21;4476,72884;4478,75000;UP
2026-06-02 05:55:00;M5;10;34;4478,65089;4485,90000;UP
2026-06-02 07:25:00;M5;10;21;4504,77050;4504,57000;DOWN
2026-06-02 07:35:00;M5;10;21;4507,71358;4508,88000;UP
2026-06-02 08:05:00;M5;10;21;4516,26117;4515,92000;DOWN
2026-06-02 08:20:00;M5;10;21;4518,76734;4518,77000;UP
2026-06-02 08:25:00;M5;10;21;4520,94359;4519,69000;DOWN
2026-06-02 08:35:00;M5;10;21;4523,08458;4523,57000;UP
2026-06-02 08:50:00;M5;10;34;4520,99744;4519,51000;DOWN
2026-06-02 09:20:00;M5;10;21;4526,09644;4529,40000;UP
2026-06-02 10:20:00;M5;10;34;4537,57120;4536,84000;DOWN
2026-06-02 10:25:00;M5;10;55;4534,94689;4534,01000;DOWN
2026-06-02 11:25:00;M5;10;89;4531,96923;4531,15000;DOWN
2026-06-02 12:10:00;M5;10;21;4530,34776;4533,94000;UP
2026-06-02 12:20:00;M5;10;21;4529,80630;4529,22000;DOWN
2026-06-02 12:50:00;M5;10;21;4526,96135;4530,54000;UP
2026-06-02 13:20:00;M5;10;21;4526,69346;4525,27000;DOWN
2026-06-02 13:25:00;M5;10;21;4527,03527;4528,36000;UP
2026-06-02 13:40:00;M5;10;34;4528,12502;4528,75000;UP
2026-06-02 13:35:00;M5;10;21;4527,12623;4526,64000;DOWN
2026-06-02 13:45:00;M5;10;21;4527,45825;4530,63000;UP
2026-06-02 14:10:00;M5;10;21;4528,99995;4528,73000;DOWN
2026-06-02 14:15:00;M5;10;34;4527,98032;4527,86000;DOWN
2026-06-02 14:30:00;M5;10;21;4529,74665;4529,90000;UP
2026-06-02 14:35:00;M5;10;34;4528,09868;4527,32000;DOWN
2026-06-02 14:45:00;M5;10;34;4528,11428;4529,07000;UP
2026-06-02 14:55:00;M5;10;34;4528,08243;4527,50000;DOWN
2026-06-02 15:20:00;M5;10;21;4528,29328;4530,94000;UP
2026-06-02 15:25:00;M5;10;55;4529,73757;4529,27000;DOWN
2026-06-02 17:30:00;M5;10;21;4498,73371;4499,40000;UP
2026-06-02 17:40:00;M5;10;34;4502,94602;4504,32000;UP
2026-06-02 18:05:00;M5;10;55;4505,15478;4506,69000;UP
2026-06-02 18:20:00;M5;10;55;4503,76300;4503,71000;DOWN
2026-06-02 18:25:00;M5;10;55;4502,58863;4505,35000;UP
2026-06-02 18:55:00;M5;10;21;4502,97778;4502,04000;DOWN
2026-06-02 19:10:00;M5;10;55;4499,11494;4498,17000;DOWN
2026-06-02 19:15:00;M5;10;34;4497,77164;4494,80000;DOWN
2026-06-02 20:20:00;M5;10;21;4487,89386;4488,17000;UP
2026-06-02 20:25:00;M5;10;34;4490,09919;4491,22000;UP
2026-06-02 20:35:00;M5;10;55;4488,01886;4482,81000;DOWN
2026-06-02 20:45:00;M5;10;21;4483,70631;4485,90000;UP
2026-06-02 21:00:00;M5;10;34;4485,99802;4486,43000;UP
2026-06-02 21:25:00;M5;10;89;4488,21149;4488,40000;UP
2026-06-02 21:35:00;M5;10;89;4486,95345;4485,35000;DOWN
2026-06-02 21:45:00;M5;10;21;4483,74836;4486,54000;UP
2026-06-02 22:30:00;M5;10;21;4486,54312;4486,42000;DOWN
2026-06-02 22:40:00;M5;10;21;4486,83641;4487,30000;UP
2026-06-02 22:45:00;M5;10;21;4486,97390;4486,95000;DOWN
2026-06-02 22:55:00;M5;10;21;4487,13896;4487,91000;UP
2026-06-02 23:45:00;M5;10;21;4489,27455;4488,76000;DOWN
2026-06-03 01:05:00;M5;10;21;4489,78034;4491,84000;UP
2026-06-03 01:20:00;M5;10;34;4488,72103;4488,72000;DOWN
2026-06-03 01:25:00;M5;10;34;4489,16715;4490,22000;UP
2026-06-03 01:35:00;M5;10;34;4489,48767;4488,67000;DOWN
2026-06-03 01:55:00;M5;10;55;4485,74614;4484,87000;DOWN
2026-06-03 02:10:00;M5;10;89;4479,59489;4477,18000;DOWN
2026-06-03 02:50:00;M5;10;21;4472,79508;4473,87000;UP
2026-06-03 03:00:00;M5;10;34;4477,74333;4478,71000;UP
2026-06-03 03:10:00;M5;10;89;4476,33625;4475,95000;DOWN
2026-06-03 03:15:00;M5;10;34;4474,68386;4477,46000;UP
2026-06-03 04:00:00;M5;10;89;4475,43468;4473,68000;DOWN
2026-06-03 04:45:00;M5;10;21;4475,61575;4475,63000;UP
2026-06-03 04:55:00;M5;10;55;4474,97377;4475,72000;UP
2026-06-03 05:00:00;M5;10;89;4474,48945;4473,79000;DOWN
2026-06-03 05:05:00;M5;10;21;4473,51276;4478,73000;UP
2026-06-03 06:45:00;M5;10;21;4484,92804;4482,92000;DOWN
2026-06-03 07:00:00;M5;10;21;4485,61219;4485,87000;UP
2026-06-03 07:05:00;M5;10;21;4486,31631;4486,19000;DOWN
2026-06-03 07:15:00;M5;10;34;4483,63231;4481,28000;DOWN
2026-06-03 07:30:00;M5;10;89;4476,01887;4474,72000;DOWN
2026-06-03 08:15:00;M5;10;21;4472,07830;4472,21000;UP
2026-06-03 08:25:00;M5;10;21;4470,00374;4468,52000;DOWN
2026-06-03 09:00:00;M5;10;21;4463,72960;4466,92000;UP
2026-06-03 09:15:00;M5;10;34;4466,60491;4468,27000;UP
2026-06-03 09:20:00;M5;10;21;4461,34023;4460,31000;DOWN
2026-06-03 09:25:00;M5;10;21;4460,89186;4462,52000;UP
2026-06-03 09:25:00;M5;10;34;4464,97496;4462,52000;DOWN
2026-06-03 09:40:00;M5;10;21;4460,68637;4460,51000;DOWN
2026-06-03 09:55:00;M5;10;21;4459,59896;4462,94000;UP
2026-06-03 10:05:00;M5;10;55;4466,19558;4468,77000;UP
2026-06-03 10:15:00;M5;10;89;4468,14177;4463,51000;DOWN
2026-06-03 10:25:00;M5;10;34;4459,17699;4456,13000;DOWN
2026-06-03 10:40:00;M5;10;34;4458,57545;4458,79000;UP
2026-06-03 10:50:00;M5;10;21;4459,59862;4459,69000;UP
2026-06-03 10:55:00;M5;10;34;4457,07697;4453,24000;DOWN
2026-06-03 11:25:00;M5;10;21;4454,73844;4457,44000;UP
2026-06-03 11:35:00;M5;10;55;4455,61515;4455,57000;DOWN
2026-06-03 11:50:00;M5;10;34;4453,74522;4444,84000;DOWN
2026-06-03 12:05:00;M5;10;21;4451,19295;4456,84000;UP
2026-06-03 12:15:00;M5;10;55;4451,70280;4450,14000;DOWN
2026-06-03 12:45:00;M5;10;21;4445,83050;4447,02000;UP
2026-06-03 13:00:00;M5;10;34;4446,21590;4447,88000;UP
2026-06-03 12:55:00;M5;10;21;4444,44466;4443,04000;DOWN
2026-06-03 13:05:00;M5;10;21;4445,24933;4461,63000;UP
2026-06-03 14:15:00;M5;10;21;4461,27090;4460,96000;DOWN
2026-06-03 14:25:00;M5;10;21;4463,07148;4464,54000;UP
2026-06-03 14:35:00;M5;10;21;4464,44579;4463,35000;DOWN
2026-06-03 15:05:00;M5;10;34;4461,81867;4458,30000;DOWN
2026-06-03 15:25:00;M5;10;55;4455,79800;4452,76000;DOWN
2026-06-03 15:40:00;M5;10;55;4456,03652;4458,90000;UP
2026-06-03 15:35:00;M5;10;89;4450,88219;4449,43000;DOWN
2026-06-03 15:45:00;M5;10;21;4457,82353;4461,18000;UP
2026-06-03 15:55:00;M5;10;34;4460,78409;4460,28000;DOWN
2026-06-03 16:05:00;M5;10;34;4460,67152;4462,74000;UP
2026-06-03 16:20:00;M5;10;89;4451,60057;4450,14000;DOWN
2026-06-03 17:05:00;M5;10;21;4447,03262;4450,46000;UP
2026-06-03 17:15:00;M5;10;89;4450,63709;4448,44000;DOWN
2026-06-03 17:25:00;M5;10;34;4449,45459;4451,84000;UP
2026-06-03 17:40:00;M5;10;89;4450,09950;4448,18000;DOWN
2026-06-03 17:45:00;M5;10;34;4448,42066;4453,96000;UP
2026-06-03 18:05:00;M5;10;89;4449,91051;4449,33000;DOWN
2026-06-03 19:30:00;M5;10;21;4438,95013;4440,14000;UP
2026-06-03 19:35:00;M5;10;21;4437,15292;4436,20000;DOWN
2026-06-03 19:45:00;M5;10;21;4435,88386;4437,94000;UP
2026-06-03 19:55:00;M5;10;34;4438,34580;4441,78000;UP
2026-06-03 20:05:00;M5;10;89;4444,23498;4446,94000;UP
2026-06-03 20:15:00;M5;10;89;4443,68435;4442,40000;DOWN
2026-06-03 20:25:00;M5;10;55;4439,07525;4438,92000;DOWN
2026-06-03 20:35:00;M5;10;55;4438,60765;4440,15000;UP
2026-06-03 20:50:00;M5;10;55;4438,15625;4437,93000;DOWN
2026-06-03 21:00:00;M5;10;21;4439,37441;4439,39000;UP
2026-06-03 21:10:00;M5;10;55;4437,29424;4436,85000;DOWN
2026-06-03 21:15:00;M5;10;34;4436,87299;4437,95000;UP
2026-06-03 21:25:00;M5;10;21;4438,90501;4440,06000;UP
2026-06-03 21:35:00;M5;10;89;4439,14446;4438,50000;DOWN
2026-06-03 21:45:00;M5;10;21;4438,53573;4439,89000;UP
2026-06-03 22:45:00;M5;10;21;4447,70647;4446,86000;DOWN
2026-06-03 22:55:00;M5;10;34;4444,49996;4443,87000;DOWN
2026-06-03 23:10:00;M5;10;55;4440,10497;4439,89000;DOWN
2026-06-03 23:15:00;M5;10;89;4438,38152;4437,51000;DOWN
2026-06-03 23:25:00;M5;10;89;4438,35975;4438,97000;UP
2026-06-03 23:35:00;M5;10;89;4438,21707;4433,92000;DOWN
2026-06-04 01:25:00;M5;10;21;4430,82571;4434,11000;UP
2026-06-04 01:35:00;M5;10;55;4437,47160;4436,20000;DOWN
2026-06-04 01:45:00;M5;10;55;4437,02769;4438,66000;UP
2026-06-04 03:05:00;M5;10;21;4456,89824;4456,12000;DOWN
2026-06-04 03:25:00;M5;10;34;4451,77047;4450,65000;DOWN
2026-06-04 03:35:00;M5;10;55;4447,33340;4446,57000;DOWN
2026-06-04 03:45:00;M5;10;55;4448,15740;4449,90000;UP
2026-06-04 03:55:00;M5;10;55;4448,80838;4448,45000;DOWN
2026-06-04 04:05:00;M5;10;21;4455,25847;4459,52000;UP
2026-06-04 04:40:00;M5;10;34;4460,43115;4459,28000;DOWN
2026-06-04 04:45:00;M5;10;21;4462,73257;4466,12000;UP
2026-06-04 05:00:00;M5;10;34;4464,03208;4462,31000;DOWN
2026-06-04 05:05:00;M5;10;55;4459,35620;4458,37000;DOWN
2026-06-04 05:15:00;M5;10;55;4460,86215;4461,81000;UP
2026-06-04 05:25:00;M5;10;55;4462,13683;4460,53000;DOWN
2026-06-04 05:45:00;M5;10;21;4465,74750;4470,27000;UP
2026-06-04 06:20:00;M5;10;55;4468,09208;4467,83000;DOWN
2026-06-04 06:40:00;M5;10;89;4461,89827;4460,99000;DOWN
2026-06-04 06:50:00;M5;10;89;4462,95002;4463,40000;UP
2026-06-04 06:55:00;M5;10;89;4463,91680;4463,78000;DOWN
2026-06-04 07:10:00;M5;10;21;4467,80983;4471,07000;UP
2026-06-04 07:15:00;M5;10;55;4471,55082;4471,65000;UP
2026-06-04 08:05:00;M5;10;55;4475,74979;4473,72000;DOWN
2026-06-04 08:15:00;M5;10;34;4476,23985;4476,35000;UP
2026-06-04 08:25:00;M5;10;89;4473,73158;4473,33000;DOWN
2026-06-04 09:05:00;M5;10;21;4474,51243;4475,99000;UP
2026-06-04 09:15:00;M5;10;34;4475,35158;4469,45000;DOWN
2026-06-04 09:25:00;M5;10;21;4472,17385;4472,19000;UP
2026-06-04 09:40:00;M5;10;21;4471,58026;4469,29000;DOWN
2026-06-04 10:00:00;M5;10;21;4469,69886;4470,15000;UP
2026-06-04 10:05:00;M5;10;21;4468,56529;4465,75000;DOWN
2026-06-04 10:15:00;M5;10;21;4467,80006;4469,19000;UP
2026-06-04 10:25:00;M5;10;21;4466,99818;4465,11000;DOWN
2026-06-04 11:00:00;M5;10;21;4463,19265;4465,70000;UP
2026-06-04 11:05:00;M5;10;34;4465,23514;4465,65000;UP
2026-06-04 11:10:00;M5;10;21;4462,36342;4460,70000;DOWN
2026-06-04 11:15:00;M5;10;21;4461,90472;4464,07000;UP
2026-06-04 11:15:00;M5;10;34;4464,33456;4464,07000;DOWN
2026-06-04 11:30:00;M5;10;34;4463,60470;4464,61000;UP
2026-06-04 11:35:00;M5;10;34;4462,87162;4460,70000;DOWN
2026-06-04 11:50:00;M5;10;21;4460,79472;4463,46000;UP
2026-06-04 12:00:00;M5;10;55;4466,42550;4467,18000;UP
2026-06-04 12:10:00;M5;10;55;4465,65985;4463,46000;DOWN
2026-06-04 12:15:00;M5;10;55;4465,00658;4466,05000;UP
2026-06-04 12:50:00;M5;10;89;4471,59067;4474,95000;UP
2026-06-04 12:55:00;M5;10;89;4471,29117;4470,37000;DOWN
2026-06-04 13:10:00;M5;10;89;4471,03654;4471,17000;UP
2026-06-04 13:15:00;M5;10;89;4470,80783;4468,81000;DOWN
2026-06-04 13:40:00;M5;10;21;4470,29917;4471,26000;UP
2026-06-04 15:10:00;M5;10;21;4497,12008;4493,84000;DOWN
2026-06-04 15:50:00;M5;10;21;4506,58512;4508,48000;UP
2026-06-04 15:55:00;M5;10;21;4507,97957;4504,13000;DOWN
2026-06-04 16:10:00;M5;10;34;4504,60138;4503,15000;DOWN
2026-06-04 16:15:00;M5;10;34;4506,95035;4507,78000;UP
2026-06-04 16:25:00;M5;10;34;4508,91918;4504,60000;DOWN
2026-06-04 16:40:00;M5;10;21;4510,09193;4514,40000;UP
2026-06-04 16:50:00;M5;10;55;4504,04142;4498,49000;DOWN
2026-06-04 17:05:00;M5;10;89;4494,50521;4489,95000;DOWN
2026-06-04 18:15:00;M5;10;21;4468,94105;4473,44000;UP
2026-06-04 18:50:00;M5;10;34;4475,15992;4477,89000;UP
2026-06-04 19:55:00;M5;10;55;4481,11999;4482,68000;UP
2026-06-04 20:00:00;M5;10;21;4481,43583;4481,40000;DOWN
2026-06-04 20:05:00;M5;10;55;4480,11815;4479,56000;DOWN
2026-06-04 20:30:00;M5;10;55;4477,96030;4479,90000;UP
2026-06-04 20:40:00;M5;10;55;4476,95156;4476,79000;DOWN
2026-06-04 20:45:00;M5;10;55;4476,05353;4478,57000;UP
2026-06-04 21:10:00;M5;10;21;4478,68819;4478,76000;UP
2026-06-04 21:30:00;M5;10;55;4473,86714;4473,72000;DOWN
2026-06-04 21:35:00;M5;10;55;4473,61721;4473,79000;UP
2026-06-04 21:50:00;M5;10;21;4476,24686;4477,93000;UP
2026-06-04 22:55:00;M5;10;89;4478,94409;4480,75000;UP
2026-06-04 23:10:00;M5;10;89;4478,46914;4477,89000;DOWN
2026-06-04 23:25:00;M5;10;89;4477,60449;4477,68000;UP
2026-06-04 23:30:00;M5;10;55;4476,00807;4475,86000;DOWN
2026-06-04 23:35:00;M5;10;89;4477,19646;4476,13000;DOWN
2026-06-05 01:15:00;M5;10;21;4476,13165;4477,92000;UP
2026-06-05 01:40:00;M5;10;89;4475,37464;4475,08000;DOWN
2026-06-05 03:30:00;M5;10;21;4457,91052;4460,63000;UP
2026-06-05 03:35:00;M5;10;34;4461,51924;4464,24000;UP
2026-06-05 04:00:00;M5;10;55;4464,11987;4466,13000;UP
2026-06-05 04:10:00;M5;10;55;4463,04138;4459,92000;DOWN
2026-06-05 04:15:00;M5;10;55;4462,12117;4462,97000;UP
2026-06-05 04:20:00;M5;10;34;4457,90683;4455,21000;DOWN
2026-06-05 04:25:00;M5;10;21;4458,12178;4458,56000;UP
2026-06-05 04:25:00;M5;10;55;4461,23404;4458,56000;DOWN
2026-06-05 04:35:00;M5;10;34;4456,44364;4449,52000;DOWN
2026-06-05 05:20:00;M5;10;21;4448,72905;4452,99000;UP
2026-06-05 05:30:00;M5;10;34;4448,70641;4444,99000;DOWN
2026-06-05 05:45:00;M5;10;21;4444,49886;4445,56000;UP
2026-06-05 05:55:00;M5;10;21;4442,88787;4440,49000;DOWN
2026-06-05 06:30:00;M5;10;21;4438,19743;4439,78000;UP
2026-06-05 06:35:00;M5;10;34;4439,02198;4440,62000;UP
2026-06-05 06:45:00;M5;10;55;4440,21395;4441,17000;UP
2026-06-05 07:35:00;M5;10;89;4441,26952;4441,61000;UP
2026-06-05 08:30:00;M5;10;21;4443,90234;4442,74000;DOWN
2026-06-05 08:35:00;M5;10;21;4444,84906;4445,54000;UP
2026-06-05 08:50:00;M5;10;21;4445,82574;4443,55000;DOWN
2026-06-05 08:55:00;M5;10;34;4441,86735;4439,93000;DOWN
2026-06-05 09:20:00;M5;10;34;4442,29823;4444,03000;UP
2026-06-05 09:30:00;M5;10;21;4443,14249;4446,60000;UP
2026-06-05 10:50:00;M5;10;21;4462,59326;4461,83000;DOWN
2026-06-05 11:35:00;M5;10;34;4464,54142;4461,86000;DOWN
2026-06-05 12:05:00;M5;10;55;4461,32972;4460,71000;DOWN
2026-06-05 12:15:00;M5;10;21;4465,85147;4467,64000;UP
2026-06-05 12:25:00;M5;10;55;4463,71640;4462,93000;DOWN
2026-06-05 12:40:00;M5;10;21;4465,16637;4465,89000;UP
2026-06-05 12:45:00;M5;10;55;4465,65650;4465,23000;DOWN
2026-06-05 12:55:00;M5;10;21;4464,94638;4464,84000;DOWN
2026-06-05 13:10:00;M5;10;21;4464,92858;4465,16000;UP
2026-06-05 13:30:00;M5;10;21;4465,31245;4462,90000;DOWN
2026-06-05 13:45:00;M5;10;21;4465,56271;4466,75000;UP
2026-06-05 14:00:00;M5;10;21;4465,86830;4463,88000;DOWN
2026-06-05 14:05:00;M5;10;21;4466,22828;4466,71000;UP
2026-06-05 14:10:00;M5;10;89;4462,07851;4461,35000;DOWN
2026-06-05 14:15:00;M5;10;21;4466,05218;4461,73000;DOWN
2026-06-05 14:25:00;M5;10;21;4465,89855;4466,01000;UP
2026-06-05 14:35:00;M5;10;89;4464,57735;4463,43000;DOWN
2026-06-05 14:45:00;M5;10;21;4465,44700;4466,93000;UP
2026-06-05 15:00:00;M5;10;89;4466,06224;4465,22000;DOWN
2026-06-05 15:05:00;M5;10;21;4466,56699;4467,88000;UP
2026-06-05 15:15:00;M5;10;55;4470,17618;4472,84000;UP
2026-06-05 15:25:00;M5;10;89;4468,20174;4464,80000;DOWN
2026-06-05 17:15:00;M5;10;21;4366,24763;4369,32000;UP
2026-06-05 17:30:00;M5;10;21;4358,60171;4352,98000;DOWN
2026-06-05 17:45:00;M5;10;21;4345,66569;4356,60000;UP
2026-06-05 17:55:00;M5;10;34;4357,01976;4369,67000;UP
2026-06-05 18:35:00;M5;10;21;4341,45461;4340,00000;DOWN
2026-06-05 18:50:00;M5;10;21;4339,63522;4340,97000;UP
2026-06-05 18:55:00;M5;10;21;4337,21936;4335,48000;DOWN
2026-06-05 19:25:00;M5;10;21;4328,64629;4329,65000;UP
2026-06-05 19:35:00;M5;10;55;4326,05983;4331,65000;UP
2026-06-05 20:25:00;M5;10;89;4341,35384;4342,35000;UP
2026-06-05 21:00:00;M5;10;21;4339,13634;4333,52000;DOWN
2026-06-05 21:10:00;M5;10;89;4327,42910;4322,75000;DOWN
2026-06-05 21:15:00;M5;10;89;4324,27089;4326,09000;UP
2026-06-05 21:40:00;M5;10;89;4318,11133;4318,03000;DOWN
2026-06-05 21:45:00;M5;10;89;4315,11914;4321,71000;UP
2026-06-05 22:25:00;M5;10;21;4317,66708;4323,78000;UP
2026-06-05 22:40:00;M5;10;34;4321,30045;4318,83000;DOWN
2026-06-05 22:45:00;M5;10;34;4320,21676;4320,78000;UP
2026-06-05 22:55:00;M5;10;34;4319,09226;4318,52000;DOWN
2026-06-05 23:15:00;M5;10;21;4314,99655;4315,36000;UP
2026-06-08 01:05:00;M5;10;21;4321,45426;4318,89000;DOWN
2026-06-08 01:15:00;M5;10;21;4322,87933;4327,28000;UP
2026-06-08 01:25:00;M5;10;34;4318,32298;4316,68000;DOWN
2026-06-08 01:35:00;M5;10;21;4323,64841;4325,76000;UP
2026-06-08 01:45:00;M5;10;21;4324,04147;4322,44000;DOWN
2026-06-08 02:00:00;M5;10;21;4323,58397;4325,86000;UP
2026-06-08 01:55:00;M5;10;34;4319,82925;4317,35000;DOWN
2026-06-08 02:05:00;M5;10;34;4320,35722;4326,70000;UP
2026-06-08 03:35:00;M5;10;21;4350,01030;4347,67000;DOWN
2026-06-08 03:45:00;M5;10;34;4344,23969;4342,55000;DOWN
2026-06-08 04:05:00;M5;10;55;4337,31876;4336,99000;DOWN
2026-06-08 04:25:00;M5;10;89;4317,83659;4314,62000;DOWN
2026-06-08 04:40:00;M5;10;89;4318,67089;4326,08000;UP
2026-06-08 04:55:00;M5;10;21;4323,25914;4325,52000;UP
2026-06-08 05:05:00;M5;10;89;4320,28487;4319,00000;DOWN
2026-06-08 05:20:00;M5;10;21;4316,13121;4316,33000;UP
2026-06-08 05:30:00;M5;10;21;4313,08052;4309,60000;DOWN
2026-06-08 05:35:00;M5;10;21;4310,44891;4311,82000;UP
2026-06-08 06:10:00;M5;10;21;4307,73438;4304,73000;DOWN
2026-06-08 06:15:00;M5;10;21;4306,83019;4307,47000;UP
2026-06-08 06:35:00;M5;10;34;4306,70405;4307,59000;UP
2026-06-08 06:55:00;M5;10;55;4316,02676;4316,91000;UP
2026-06-08 07:05:00;M5;10;89;4317,72063;4318,04000;UP
2026-06-08 07:30:00;M5;10;89;4317,22804;4313,41000;DOWN
2026-06-08 07:35:00;M5;10;55;4311,50343;4311,11000;DOWN
2026-06-08 07:50:00;M5;10;55;4310,58064;4311,57000;UP
2026-06-08 08:00:00;M5;10;21;4314,87878;4315,23000;UP
2026-06-08 08:10:00;M5;10;55;4308,89960;4304,56000;DOWN
2026-06-08 08:15:00;M5;10;34;4309,08439;4309,37000;UP
2026-06-08 08:30:00;M5;10;55;4307,46432;4286,93000;DOWN
2026-06-08 09:00:00;M5;10;21;4300,10631;4303,58000;UP
2026-06-08 09:10:00;M5;10;34;4302,61271;4303,35000;UP
2026-06-08 09:30:00;M5;10;55;4299,84220;4299,30000;DOWN
2026-06-08 09:55:00;M5;10;34;4297,65025;4300,03000;UP
2026-06-08 10:10:00;M5;10;89;4302,57263;4305,22000;UP
2026-06-08 10:40:00;M5;10;21;4301,78033;4301,71000;DOWN
2026-06-08 10:45:00;M5;10;89;4299,33879;4298,43000;DOWN
2026-06-08 12:00:00;M5;10;21;4289,94952;4290,79000;UP
2026-06-08 12:05:00;M5;10;21;4287,69844;4285,28000;DOWN
2026-06-08 12:15:00;M5;10;21;4285,94974;4287,88000;UP
2026-06-08 12:25:00;M5;10;21;4283,91781;4279,80000;DOWN
2026-06-08 12:35:00;M5;10;21;4283,45921;4293,74000;UP
2026-06-08 13:15:00;M5;10;21;4290,63598;4290,10000;DOWN
2026-06-08 13:25:00;M5;10;21;4291,75054;4293,80000;UP
2026-06-08 15:05:00;M5;10;21;4330,81302;4330,58000;DOWN
2026-06-08 15:50:00;M5;10;34;4331,79196;4330,00000;DOWN
2026-06-08 16:15:00;M5;10;55;4325,43548;4325,36000;DOWN
2026-06-08 16:25:00;M5;10;55;4327,64661;4331,31000;UP
2026-06-08 16:35:00;M5;10;21;4334,19703;4340,50000;UP
2026-06-08 16:45:00;M5;10;34;4339,60312;4332,48000;DOWN
2026-06-08 16:55:00;M5;10;55;4333,86710;4326,71000;DOWN
2026-06-08 17:20:00;M5;10;89;4319,81610;4318,73000;DOWN
2026-06-08 17:30:00;M5;10;89;4321,10843;4322,09000;UP
2026-06-08 17:35:00;M5;10;89;4322,25088;4319,73000;DOWN
2026-06-08 17:50:00;M5;10;21;4322,19742;4326,47000;UP
2026-06-08 17:55:00;M5;10;34;4329,41278;4331,26000;UP
2026-06-08 18:10:00;M5;10;34;4328,37806;4325,43000;DOWN
2026-06-08 18:15:00;M5;10;34;4327,88896;4331,61000;UP
2026-06-08 18:35:00;M5;10;55;4336,15843;4336,54000;UP
2026-06-08 18:45:00;M5;10;55;4336,35852;4335,36000;DOWN
2026-06-08 18:55:00;M5;10;55;4336,75845;4341,82000;UP
2026-06-08 19:25:00;M5;10;21;4341,53592;4340,89000;DOWN
2026-06-08 19:40:00;M5;10;21;4343,29399;4343,97000;UP
2026-06-08 19:50:00;M5;10;89;4338,20115;4338,05000;DOWN
2026-06-08 19:55:00;M5;10;34;4339,84499;4340,65000;UP
2026-06-08 20:05:00;M5;10;89;4340,66582;4338,49000;DOWN
2026-06-08 21:00:00;M5;10;21;4339,81766;4343,79000;UP
2026-06-08 21:10:00;M5;10;55;4342,44930;4341,29000;DOWN
2026-06-08 21:20:00;M5;10;34;4343,15560;4343,93000;UP
2026-06-08 21:25:00;M5;10;55;4343,11069;4342,63000;DOWN
2026-06-08 21:35:00;M5;10;21;4340,06888;4337,17000;DOWN
2026-06-08 23:00:00;M5;10;21;4326,70261;4329,66000;UP
2026-06-08 23:30:00;M5;10;34;4327,65807;4327,86000;UP
2026-06-08 23:40:00;M5;10;34;4326,59680;4326,24000;DOWN
2026-06-08 23:45:00;M5;10;34;4325,70031;4327,33000;UP
2026-06-09 01:15:00;M5;10;21;4325,25459;4324,54000;DOWN
2026-06-09 01:30:00;M5;10;21;4325,31728;4325,52000;UP
2026-06-09 01:50:00;M5;10;55;4326,90780;4328,11000;UP
2026-06-09 02:20:00;M5;10;55;4325,19281;4325,01000;DOWN
2026-06-09 02:25:00;M5;10;34;4323,96944;4320,47000;DOWN
2026-06-09 03:10:00;M5;10;21;4319,42882;4322,67000;UP
2026-06-09 03:15:00;M5;10;55;4320,43866;4320,08000;DOWN
2026-06-09 03:25:00;M5;10;21;4317,23237;4316,68000;DOWN
2026-06-09 03:35:00;M5;10;21;4316,51811;4318,94000;UP
2026-06-09 03:45:00;M5;10;55;4318,25443;4316,95000;DOWN
2026-06-09 03:55:00;M5;10;21;4315,75223;4319,82000;UP
2026-06-09 04:05:00;M5;10;89;4323,39045;4325,19000;UP
2026-06-09 05:05:00;M5;10;21;4333,84494;4331,03000;DOWN
2026-06-09 05:40:00;M5;10;21;4337,86759;4338,76000;UP
2026-06-09 05:45:00;M5;10;21;4338,73847;4337,61000;DOWN
2026-06-09 06:00:00;M5;10;34;4334,78502;4331,93000;DOWN
2026-06-09 06:05:00;M5;10;34;4336,29724;4338,34000;UP
2026-06-09 06:20:00;M5;10;34;4337,75541;4334,83000;DOWN
2026-06-09 06:50:00;M5;10;21;4339,48871;4339,54000;UP
2026-06-09 06:55:00;M5;10;21;4339,20408;4336,50000;DOWN
2026-06-09 07:10:00;M5;10;55;4336,01655;4332,25000;DOWN
2026-06-09 07:30:00;M5;10;89;4330,06825;4325,25000;DOWN
2026-06-09 07:55:00;M5;10;21;4331,41772;4332,37000;UP
2026-06-09 08:30:00;M5;10;34;4334,07818;4342,73000;UP
2026-06-09 09:30:00;M5;10;89;4335,91222;4333,72000;DOWN
2026-06-09 09:35:00;M5;10;89;4336,64328;4337,87000;UP
2026-06-09 09:50:00;M5;10;89;4337,33706;4335,27000;DOWN
2026-06-09 11:05:00;M5;10;21;4325,36077;4326,54000;UP
2026-06-09 11:15:00;M5;10;34;4330,79208;4332,38000;UP
2026-06-09 11:25:00;M5;10;55;4333,87361;4334,35000;UP
2026-06-09 11:45:00;M5;10;55;4332,93841;4328,19000;DOWN
2026-06-09 12:00:00;M5;10;34;4328,45401;4328,86000;UP
2026-06-09 11:55:00;M5;10;21;4327,93988;4326,46000;DOWN
2026-06-09 12:05:00;M5;10;21;4328,31036;4330,07000;UP
2026-06-09 12:20:00;M5;10;55;4331,42789;4333,26000;UP
2026-06-09 12:25:00;M5;10;55;4330,84877;4326,81000;DOWN
2026-06-09 12:35:00;M5;10;21;4328,97189;4329,14000;UP
2026-06-09 12:45:00;M5;10;55;4329,71366;4329,79000;UP
2026-06-09 13:10:00;M5;10;89;4333,43123;4335,34000;UP
2026-06-09 13:05:00;M5;10;55;4328,81191;4327,25000;DOWN
2026-06-09 13:15:00;M5;10;21;4329,70604;4334,79000;UP
2026-06-09 13:20:00;M5;10;89;4333,12778;4332,59000;DOWN
2026-06-09 13:25:00;M5;10;89;4332,88791;4333,82000;UP
2026-06-09 13:35:00;M5;10;89;4332,67475;4331,87000;DOWN
2026-06-09 13:50:00;M5;10;89;4332,47020;4335,05000;UP
2026-06-09 13:45:00;M5;10;21;4331,84918;4330,60000;DOWN
2026-06-09 13:55:00;M5;10;21;4332,95282;4339,13000;UP
2026-06-09 14:35:00;M5;10;21;4338,30773;4337,36000;DOWN
2026-06-09 14:45:00;M5;10;21;4339,35021;4340,07000;UP
2026-06-09 14:55:00;M5;10;21;4340,18634;4339,70000;DOWN
2026-06-09 15:05:00;M5;10;21;4341,28778;4343,65000;UP
2026-06-09 15:20:00;M5;10;34;4339,77538;4338,52000;DOWN
2026-06-09 15:25:00;M5;10;55;4335,88055;4335,84000;DOWN
2026-06-09 15:35:00;M5;10;55;4336,71565;4340,62000;UP
2026-06-09 15:50:00;M5;10;55;4337,51767;4337,36000;DOWN
2026-06-09 15:55:00;M5;10;55;4338,27847;4341,37000;UP
2026-06-09 16:15:00;M5;10;89;4336,11966;4334,06000;DOWN
2026-06-09 16:45:00;M5;10;21;4337,81914;4352,18000;UP
2026-06-09 16:55:00;M5;10;89;4336,73666;4328,87000;DOWN
2026-06-09 18:45:00;M5;10;21;4274,78526;4280,88000;UP
2026-06-09 19:05:00;M5;10;21;4265,64626;4263,68000;DOWN
2026-06-09 19:20:00;M5;10;21;4260,78927;4262,05000;UP
2026-06-09 19:35:00;M5;10;21;4251,66620;4241,28000;DOWN
2026-06-09 19:45:00;M5;10;21;4247,04532;4249,81000;UP
2026-06-09 19:55:00;M5;10;34;4249,38569;4252,02000;UP
2026-06-09 20:15:00;M5;10;55;4260,68733;4263,96000;UP
2026-06-09 21:15:00;M5;10;89;4267,78896;4269,16000;UP
2026-06-09 21:40:00;M5;10;21;4266,62797;4264,29000;DOWN
2026-06-09 21:55:00;M5;10;21;4269,49151;4269,89000;UP
2026-06-09 22:05:00;M5;10;21;4269,90881;4265,09000;DOWN
2026-06-09 22:15:00;M5;10;89;4255,77304;4255,35000;DOWN
2026-06-09 22:25:00;M5;10;89;4254,00593;4257,32000;UP
2026-06-09 22:40:00;M5;10;89;4252,21789;4250,97000;DOWN
2026-06-09 22:45:00;M5;10;89;4250,39815;4250,84000;UP
2026-06-09 22:55:00;M5;10;21;4258,05345;4258,53000;UP
2026-06-09 23:05:00;M5;10;34;4259,46709;4257,62000;DOWN
2026-06-09 23:25:00;M5;10;34;4258,62247;4259,02000;UP
2026-06-10 01:05:00;M5;10;34;4257,84948;4253,45000;DOWN
2026-06-10 01:25:00;M5;10;21;4256,66242;4256,74000;UP
2026-06-10 01:40:00;M5;10;55;4251,68744;4248,99000;DOWN
2026-06-10 01:50:00;M5;10;89;4238,97138;4235,04000;DOWN
2026-06-10 02:00:00;M5;10;89;4238,36448;4246,26000;UP
2026-06-10 02:10:00;M5;10;89;4237,73417;4236,09000;DOWN
2026-06-10 02:55:00;M5;10;21;4220,51579;4222,00000;UP
2026-06-10 03:15:00;M5;10;34;4224,77733;4227,51000;UP
2026-06-10 03:25:00;M5;10;34;4221,90717;4217,91000;DOWN
2026-06-10 03:55:00;M5;10;21;4207,75984;4218,18000;UP
2026-06-10 04:05:00;M5;10;34;4208,55918;4195,09000;DOWN
2026-06-10 04:15:00;M5;10;21;4203,82792;4213,18000;UP
2026-06-10 04:25:00;M5;10;34;4203,26603;4201,88000;DOWN
2026-06-10 05:25:00;M5;10;21;4183,20139;4187,93000;UP
2026-06-10 05:45:00;M5;10;55;4186,58566;4187,49000;UP
2026-06-10 05:50:00;M5;10;34;4181,41053;4174,90000;DOWN
2026-06-10 05:55:00;M5;10;55;4183,49996;4173,97000;DOWN
2026-06-10 06:05:00;M5;10;21;4175,15044;4175,29000;UP
2026-06-10 06:25:00;M5;10;55;4175,24972;4177,15000;UP
2026-06-10 06:45:00;M5;10;89;4182,26896;4185,39000;UP
2026-06-10 07:25:00;M5;10;89;4174,67282;4174,46000;DOWN
2026-06-10 07:35:00;M5;10;89;4172,95907;4174,73000;UP
2026-06-10 08:05:00;M5;10;21;4176,28562;4176,63000;UP
2026-06-10 09:35:00;M5;10;21;4213,16835;4208,98000;DOWN
2026-06-10 09:50:00;M5;10;34;4202,60329;4202,08000;DOWN
2026-06-10 10:25:00;M5;10;55;4195,20704;4194,82000;DOWN
2026-06-10 11:00:00;M5;10;89;4177,94552;4164,18000;DOWN
2026-06-10 11:45:00;M5;10;21;4169,34636;4174,17000;UP
2026-06-10 12:30:00;M5;10;34;4171,20649;4176,84000;UP
2026-06-10 12:35:00;M5;10;89;4175,75516;4172,43000;DOWN
2026-06-10 12:50:00;M5;10;34;4166,32043;4166,06000;DOWN
2026-06-10 12:55:00;M5;10;34;4164,48054;4168,63000;UP
2026-06-10 13:05:00;M5;10;34;4162,56227;4159,60000;DOWN
2026-06-10 13:15:00;M5;10;21;4163,05435;4164,41000;UP
2026-06-10 13:40:00;M5;10;55;4169,84295;4171,37000;UP
2026-06-10 13:45:00;M5;10;89;4171,69045;4177,16000;UP
2026-06-10 14:00:00;M5;10;89;4171,24950;4161,14000;DOWN
2026-06-10 14:10:00;M5;10;21;4167,00638;4168,55000;UP
2026-06-10 14:20:00;M5;10;55;4163,97264;4163,35000;DOWN
2026-06-10 14:25:00;M5;10;55;4162,87006;4166,48000;UP
2026-06-10 14:35:00;M5;10;55;4161,65156;4156,36000;DOWN
2026-06-10 15:30:00;M5;10;21;4146,11615;4162,37000;UP
2026-06-10 15:40:00;M5;10;89;4160,55680;4160,35000;DOWN
2026-06-10 15:55:00;M5;10;55;4148,56971;4146,91000;DOWN
2026-06-10 16:05:00;M5;10;34;4147,98801;4153,99000;UP
2026-06-10 16:15:00;M5;10;55;4146,54597;4135,65000;DOWN
2026-06-10 16:25:00;M5;10;21;4143,78636;4149,81000;UP
2026-06-10 16:35:00;M5;10;89;4151,49873;4166,24000;UP
2026-06-10 17:15:00;M5;10;21;4170,80072;4168,26000;DOWN
2026-06-10 17:40:00;M5;10;89;4150,99577;4149,94000;DOWN
2026-06-10 18:40:00;M5;10;21;4126,42832;4128,58000;UP
2026-06-10 18:45:00;M5;10;21;4119,63401;4118,18000;DOWN
2026-06-10 18:55:00;M5;10;21;4115,54746;4128,77000;UP
2026-06-10 19:15:00;M5;10;34;4128,09065;4132,87000;UP
2026-06-10 19:40:00;M5;10;34;4123,32874;4122,18000;DOWN
2026-06-10 19:55:00;M5;10;34;4118,82222;4121,92000;UP
2026-06-10 20:05:00;M5;10;89;4129,58099;4120,12000;DOWN
2026-06-10 20:15:00;M5;10;34;4115,11715;4113,95000;DOWN
2026-06-10 20:45:00;M5;10;34;4109,90550;4111,32000;UP
2026-06-10 20:55:00;M5;10;21;4110,06032;4111,63000;UP
2026-06-10 21:40:00;M5;10;55;4106,78090;4104,91000;DOWN
2026-06-10 22:45:00;M5;10;21;4087,92719;4088,35000;UP
2026-06-10 22:55:00;M5;10;21;4084,54108;4082,67000;DOWN
2026-06-10 23:20:00;M5;10;21;4076,33446;4076,41000;UP
2026-06-10 23:45:00;M5;10;21;4069,01798;4067,87000;DOWN
2026-06-10 23:55:00;M5;10;21;4067,33150;4070,51000;UP
2026-06-11 01:05:00;M5;10;21;4063,89050;4051,08000;DOWN
2026-06-11 01:35:00;M5;10;21;4050,82381;4065,39000;UP
2026-06-11 01:50:00;M5;10;55;4059,74375;4053,78000;DOWN
2026-06-11 01:55:00;M5;10;34;4050,62068;4046,43000;DOWN
2026-06-11 02:20:00;M5;10;21;4042,73839;4043,44000;UP
2026-06-11 02:25:00;M5;10;34;4043,25243;4061,52000;UP
2026-06-11 02:45:00;M5;10;89;4052,86804;4050,10000;DOWN
2026-06-11 03:00:00;M5;10;21;4046,30152;4043,59000;DOWN
2026-06-11 03:10:00;M5;10;21;4046,20181;4052,20000;UP
2026-06-11 04:55:00;M5;10;21;4108,60313;4101,88000;DOWN
2026-06-11 05:10:00;M5;10;34;4094,01326;4089,51000;DOWN
2026-06-11 05:30:00;M5;10;55;4075,92927;4073,17000;DOWN
2026-06-11 05:45:00;M5;10;89;4057,59487;4054,98000;DOWN
2026-06-11 05:55:00;M5;10;89;4058,40658;4067,91000;UP
2026-06-11 06:30:00;M5;10;21;4067,00642;4067,32000;UP
2026-06-11 07:05:00;M5;10;34;4075,24638;4079,91000;UP
2026-06-11 07:20:00;M5;10;55;4081,45279;4081,22000;DOWN
2026-06-11 07:40:00;M5;10;55;4081,73819;4082,07000;UP
2026-06-11 08:00:00;M5;10;55;4082,10728;4077,86000;DOWN
2026-06-11 08:30:00;M5;10;21;4082,57261;4095,10000;UP
2026-06-11 09:00:00;M5;10;21;4090,03719;4084,64000;DOWN
2026-06-11 09:05:00;M5;10;55;4082,84292;4080,86000;DOWN
2026-06-11 09:15:00;M5;10;34;4085,88299;4086,65000;UP
2026-06-11 09:25:00;M5;10;34;4087,26186;4086,68000;DOWN
2026-06-11 09:40:00;M5;10;21;4091,24267;4092,72000;UP
2026-06-11 10:45:00;M5;10;21;4103,11340;4102,93000;DOWN
2026-06-11 11:00:00;M5;10;21;4105,33509;4106,09000;UP
2026-06-11 11:10:00;M5;10;21;4107,79637;4106,17000;DOWN
2026-06-11 11:15:00;M5;10;34;4106,28033;4105,77000;DOWN
2026-06-11 11:25:00;M5;10;55;4101,62817;4097,30000;DOWN
2026-06-11 11:35:00;M5;10;89;4095,88829;4095,37000;DOWN
2026-06-11 12:35:00;M5;10;21;4084,02541;4088,63000;UP
2026-06-11 12:45:00;M5;10;34;4093,42874;4093,99000;UP
2026-06-11 12:55:00;M5;10;34;4092,01094;4091,59000;DOWN
2026-06-11 13:10:00;M5;10;34;4090,78696;4092,09000;UP
2026-06-11 13:15:00;M5;10;34;4089,55823;4086,82000;DOWN
2026-06-11 13:30:00;M5;10;34;4088,34969;4092,25000;UP
2026-06-11 14:10:00;M5;10;21;4088,87920;4086,13000;DOWN
2026-06-11 14:25:00;M5;10;21;4089,39803;4090,31000;UP
2026-06-11 14:35:00;M5;10;34;4085,98181;4083,39000;DOWN
2026-06-11 14:50:00;M5;10;34;4085,90091;4086,13000;UP
2026-06-11 14:55:00;M5;10;34;4085,48935;4080,29000;DOWN
2026-06-11 15:45:00;M5;10;21;4072,66548;4077,23000;UP
2026-06-11 15:55:00;M5;10;55;4080,04972;4081,87000;UP
2026-06-11 16:10:00;M5;10;55;4079,09634;4073,15000;DOWN
2026-06-11 16:20:00;M5;10;34;4075,47712;4075,85000;UP
2026-06-11 16:15:00;M5;10;21;4072,87553;4072,67000;DOWN
2026-06-11 16:25:00;M5;10;21;4073,19200;4075,42000;UP
2026-06-11 16:35:00;M5;10;34;4074,23600;4072,47000;DOWN
2026-06-11 16:45:00;M5;10;21;4073,94874;4083,70000;UP
2026-06-11 16:55:00;M5;10;89;4084,09147;4083,16000;DOWN
2026-06-11 17:05:00;M5;10;55;4075,03354;4062,54000;DOWN
2026-06-11 17:20:00;M5;10;21;4074,11224;4079,55000;UP
2026-06-11 17:30:00;M5;10;55;4073,06695;4072,65000;DOWN
2026-06-11 17:35:00;M5;10;21;4072,21763;4078,70000;UP
2026-06-11 18:05:00;M5;10;89;4077,12834;4080,89000;UP
2026-06-11 19:20:00;M5;10;21;4090,84832;4087,76000;DOWN
2026-06-11 19:25:00;M5;10;34;4085,45185;4079,61000;DOWN
2026-06-11 19:50:00;M5;10;55;4080,30000;4079,66000;DOWN
2026-06-11 20:00:00;M5;10;89;4077,84125;4074,74000;DOWN
2026-06-11 20:15:00;M5;10;89;4077,93272;4078,38000;UP
2026-06-11 20:25:00;M5;10;21;4084,31402;4101,89000;UP
2026-06-11 21:35:00;M5;10;21;4161,23926;4156,41000;DOWN
2026-06-11 22:10:00;M5;10;21;4179,58018;4188,21000;UP
2026-06-11 22:55:00;M5;10;21;4211,65331;4208,85000;DOWN
2026-06-11 23:15:00;M5;10;34;4216,68929;4213,33000;DOWN
2026-06-11 23:45:00;M5;10;55;4211,22253;4211,15000;DOWN
2026-06-12 01:40:00;M5;10;21;4218,95541;4225,85000;UP
2026-06-12 01:50:00;M5;10;34;4233,48971;4235,47000;UP
2026-06-12 01:55:00;M5;10;55;4239,94943;4243,25000;UP
2026-06-12 02:00:00;M5;10;34;4235,04506;4227,13000;DOWN
2026-06-12 02:05:00;M5;10;55;4242,89425;4225,83000;DOWN
2026-06-12 02:20:00;M5;10;89;4218,28973;4215,99000;DOWN
2026-06-12 03:20:00;M5;10;21;4222,25401;4223,97000;UP
2026-06-12 03:25:00;M5;10;21;4220,57918;4220,37000;DOWN
2026-06-12 04:45:00;M5;10;21;4185,60615;4191,41000;UP
2026-06-12 05:05:00;M5;10;34;4191,58599;4197,37000;UP
2026-06-12 05:30:00;M5;10;34;4187,35589;4182,92000;DOWN
2026-06-12 05:35:00;M5;10;34;4185,66046;4188,97000;UP
2026-06-12 06:15:00;M5;10;55;4195,17883;4196,11000;UP
2026-06-12 06:55:00;M5;10;21;4198,54425;4197,08000;DOWN
2026-06-12 07:45:00;M5;10;34;4193,83811;4190,93000;DOWN
2026-06-12 08:05:00;M5;10;55;4187,36792;4185,17000;DOWN
2026-06-12 08:20:00;M5;10;55;4186,97066;4187,05000;UP
2026-06-12 08:30:00;M5;10;55;4186,63191;4180,30000;DOWN
2026-06-12 09:00:00;M5;10;21;4179,53055;4181,15000;UP
2026-06-12 09:25:00;M5;10;34;4180,89270;4182,05000;UP
2026-06-12 09:35:00;M5;10;55;4181,25032;4177,86000;DOWN
2026-06-12 09:50:00;M5;10;34;4178,23345;4178,36000;UP
2026-06-12 09:55:00;M5;10;55;4179,81820;4184,11000;UP
2026-06-12 10:10:00;M5;10;55;4179,25804;4178,22000;DOWN
2026-06-12 10:25:00;M5;10;34;4175,48984;4174,09000;DOWN
2026-06-12 10:35:00;M5;10;21;4177,07875;4178,50000;UP
2026-06-12 10:45:00;M5;10;89;4181,61933;4175,07000;DOWN
2026-06-12 10:55:00;M5;10;21;4178,23205;4194,20000;UP
2026-06-12 12:05:00;M5;10;21;4223,22009;4223,12000;DOWN
2026-06-12 12:50:00;M5;10;34;4223,61215;4223,45000;DOWN
2026-06-12 13:20:00;M5;10;55;4215,80603;4213,41000;DOWN
2026-06-12 14:15:00;M5;10;89;4207,95357;4205,95000;DOWN
2026-06-12 14:40:00;M5;10;21;4205,31426;4209,66000;UP
2026-06-12 14:55:00;M5;10;89;4210,78104;4206,83000;DOWN
2026-06-12 15:10:00;M5;10;34;4211,13082;4214,27000;UP
2026-06-12 15:15:00;M5;10;89;4212,00989;4211,68000;DOWN
2026-06-12 15:25:00;M5;10;21;4203,33826;4201,04000;DOWN
2026-06-12 16:05:00;M5;10;21;4196,62279;4199,82000;UP
2026-06-12 16:40:00;M5;10;34;4196,80591;4190,95000;DOWN
2026-06-12 17:05:00;M5;10;21;4194,74600;4198,17000;UP
2026-06-12 17:15:00;M5;10;34;4193,50766;4190,09000;DOWN
2026-06-12 17:35:00;M5;10;21;4191,29617;4192,12000;UP
2026-06-12 17:50:00;M5;10;55;4195,35644;4207,52000;UP
2026-06-12 17:45:00;M5;10;34;4189,99332;4182,89000;DOWN
2026-06-12 17:55:00;M5;10;21;4189,30307;4203,92000;UP
2026-06-12 18:05:00;M5;10;89;4206,34064;4208,61000;UP
2026-06-12 18:45:00;M5;10;21;4212,26361;4207,73000;DOWN
2026-06-12 19:10:00;M5;10;21;4217,46017;4221,62000;UP
2026-06-12 19:20:00;M5;10;21;4219,97589;4218,33000;DOWN
2026-06-12 19:40:00;M5;10;34;4214,49664;4213,26000;DOWN
2026-06-12 20:00:00;M5;10;34;4218,10979;4220,44000;UP
2026-06-12 20:10:00;M5;10;34;4219,66978;4218,45000;DOWN
2026-06-12 20:20:00;M5;10;21;4220,79405;4220,95000;UP
2026-06-12 20:25:00;M5;10;21;4220,66724;4218,84000;DOWN
2026-06-12 20:40:00;M5;10;21;4220,54915;4222,35000;UP
2026-06-12 21:00:00;M5;10;21;4221,10968;4219,76000;DOWN
2026-06-12 21:10:00;M5;10;21;4221,37842;4227,06000;UP
2026-06-12 21:45:00;M5;10;55;4224,44336;4222,87000;DOWN
2026-06-12 21:55:00;M5;10;89;4216,81106;4215,61000;DOWN
2026-06-12 22:55:00;M5;10;21;4210,08140;4210,72000;UP
2026-06-12 23:15:00;M5;10;34;4214,06711;4214,36000;UP
2026-06-12 23:55:00;M5;10;55;4218,38572;4218,87000;UP
2026-06-15 01:05:00;M5;10;89;4220,35144;4306,58000;UP
2026-06-15 01:55:00;M5;10;21;4296,42785;4285,53000;DOWN
2026-06-15 02:25:00;M5;10;34;4286,13847;4283,26000;DOWN
2026-06-15 03:15:00;M5;10;21;4301,82989;4304,20000;UP
2026-06-15 03:25:00;M5;10;21;4302,53655;4300,95000;DOWN
2026-06-15 03:45:00;M5;10;55;4299,81036;4296,58000;DOWN
2026-06-15 04:20:00;M5;10;21;4299,46258;4302,60000;UP
2026-06-15 04:30:00;M5;10;34;4309,68905;4312,48000;UP
2026-06-15 04:55:00;M5;10;55;4318,61396;4316,73000;DOWN
2026-06-15 05:05:00;M5;10;55;4321,11959;4321,53000;UP
2026-06-15 05:50:00;M5;10;55;4330,52832;4330,05000;DOWN
2026-06-15 06:00:00;M5;10;34;4327,53625;4326,46000;DOWN
2026-06-15 06:20:00;M5;10;89;4326,25949;4325,18000;DOWN
2026-06-15 07:25:00;M5;10;21;4326,60670;4326,98000;UP
2026-06-15 08:30:00;M5;10;21;4328,14597;4327,42000;DOWN
2026-06-15 09:40:00;M5;10;21;4306,20348;4306,43000;UP
2026-06-15 10:00:00;M5;10;34;4309,84825;4310,39000;UP
2026-06-15 10:40:00;M5;10;55;4316,21999;4316,58000;UP
2026-06-15 10:45:00;M5;10;55;4315,22996;4313,39000;DOWN
2026-06-15 10:55:00;M5;10;55;4314,62002;4323,10000;UP
2026-06-15 11:30:00;M5;10;89;4333,43464;4343,34000;UP
2026-06-15 11:55:00;M5;10;21;4337,08936;4334,10000;DOWN
2026-06-15 12:05:00;M5;10;21;4340,07527;4340,17000;UP
2026-06-15 12:15:00;M5;10;21;4342,30924;4339,33000;DOWN
2026-06-15 12:40:00;M5;10;34;4337,55181;4335,63000;DOWN
2026-06-15 12:45:00;M5;10;34;4339,89246;4339,98000;UP
2026-06-15 12:55:00;M5;10;34;4341,65667;4336,59000;DOWN
2026-06-15 13:50:00;M5;10;55;4337,85151;4337,22000;DOWN
2026-06-15 14:25:00;M5;10;21;4339,13434;4340,97000;UP
2026-06-15 14:40:00;M5;10;89;4338,47186;4338,47000;DOWN
2026-06-15 15:25:00;M5;10;21;4335,53560;4337,46000;UP
2026-06-15 15:40:00;M5;10;55;4344,08172;4345,10000;UP
2026-06-15 16:00:00;M5;10;55;4344,21386;4343,01000;DOWN
2026-06-15 16:05:00;M5;10;55;4344,49163;4345,23000;UP
2026-06-15 16:55:00;M5;10;21;4358,52819;4355,25000;DOWN
2026-06-15 17:05:00;M5;10;21;4361,77533;4365,90000;UP
2026-06-15 17:15:00;M5;10;21;4364,09827;4361,49000;DOWN
2026-06-15 17:30:00;M5;10;34;4358,45738;4357,25000;DOWN
2026-06-15 18:00:00;M5;10;89;4355,68304;4354,82000;DOWN
2026-06-15 18:45:00;M5;10;21;4356,20303;4356,83000;UP
2026-06-15 19:05:00;M5;10;21;4354,22753;4352,24000;DOWN
2026-06-15 20:55:00;M5;10;21;4322,55839;4324,75000;UP
2026-06-15 21:15:00;M5;10;34;4324,22260;4324,83000;UP
2026-06-15 22:35:00;M5;10;21;4321,09992;4320,75000;DOWN
2026-06-15 22:50:00;M5;10;55;4319,67672;4319,96000;UP
2026-06-15 22:55:00;M5;10;21;4320,32683;4320,68000;UP
2026-06-15 23:10:00;M5;10;55;4317,03647;4315,90000;DOWN
2026-06-15 23:15:00;M5;10;34;4316,01974;4317,74000;UP
2026-06-15 23:25:00;M5;10;55;4314,64192;4312,71000;DOWN
2026-06-16 01:05:00;M5;10;21;4310,59718;4313,32000;UP
2026-06-16 01:20:00;M5;10;55;4308,93993;4307,60000;DOWN
2026-06-16 01:30:00;M5;10;21;4308,52693;4309,79000;UP
2026-06-16 01:35:00;M5;10;34;4309,54130;4311,13000;UP
2026-06-16 02:00:00;M5;10;89;4313,57367;4315,60000;UP
2026-06-16 03:10:00;M5;10;21;4315,55430;4313,42000;DOWN
2026-06-16 03:15:00;M5;10;34;4311,79840;4311,54000;DOWN
2026-06-16 03:50:00;M5;10;34;4312,19006;4313,35000;UP
2026-06-16 03:55:00;M5;10;21;4313,80455;4319,14000;UP
2026-06-16 04:30:00;M5;10;21;4316,54478;4315,54000;DOWN
2026-06-16 04:35:00;M5;10;21;4317,38232;4317,62000;UP
2026-06-16 04:40:00;M5;10;34;4316,06599;4314,93000;DOWN
2026-06-16 04:45:00;M5;10;34;4316,73428;4317,56000;UP
2026-06-16 04:45:00;M5;10;21;4318,03235;4317,56000;DOWN
2026-06-16 05:00:00;M5;10;55;4312,31464;4310,34000;DOWN
2026-06-16 05:30:00;M5;10;21;4315,27612;4317,81000;UP
2026-06-16 05:40:00;M5;10;55;4313,46459;4311,95000;DOWN
2026-06-16 05:50:00;M5;10;21;4313,23226;4316,12000;UP
2026-06-16 07:15:00;M5;10;21;4329,00323;4326,22000;DOWN
2026-06-16 07:25:00;M5;10;34;4324,61913;4322,77000;DOWN
2026-06-16 07:50:00;M5;10;55;4322,94700;4321,78000;DOWN
2026-06-16 08:00:00;M5;10;55;4323,56768;4325,09000;UP
2026-06-16 08:05:00;M5;10;21;4328,06836;4328,32000;UP
2026-06-16 08:15:00;M5;10;34;4327,72992;4326,67000;DOWN
2026-06-16 08:25:00;M5;10;21;4327,28031;4327,33000;UP
2026-06-16 08:30:00;M5;10;55;4325,44886;4321,93000;DOWN
2026-06-16 08:35:00;M5;10;89;4318,91345;4316,94000;DOWN
2026-06-16 09:30:00;M5;10;21;4317,10285;4318,45000;UP
2026-06-16 09:55:00;M5;10;34;4319,32180;4323,86000;UP
2026-06-16 11:45:00;M5;10;21;4342,66137;4342,61000;DOWN
2026-06-16 11:55:00;M5;10;21;4344,80308;4346,93000;UP
2026-06-16 12:10:00;M5;10;21;4346,82298;4346,06000;DOWN
2026-06-16 12:15:00;M5;10;34;4342,88623;4342,61000;DOWN
2026-06-16 12:30:00;M5;10;34;4344,55754;4344,69000;UP
2026-06-16 12:40:00;M5;10;34;4346,04605;4341,98000;DOWN
2026-06-16 12:50:00;M5;10;34;4347,17913;4348,15000;UP
2026-06-16 12:55:00;M5;10;34;4348,08986;4345,15000;DOWN
2026-06-16 13:25:00;M5;10;55;4345,40576;4344,17000;DOWN
2026-06-16 13:40:00;M5;10;21;4346,45545;4346,60000;UP
2026-06-16 13:45:00;M5;10;55;4347,47351;4346,67000;DOWN
2026-06-16 13:55:00;M5;10;55;4348,45114;4348,89000;UP
2026-06-16 14:00:00;M5;10;21;4346,58260;4344,22000;DOWN
2026-06-16 14:05:00;M5;10;89;4343,42606;4340,46000;DOWN
2026-06-16 14:55:00;M5;10;21;4340,56965;4340,90000;UP
2026-06-16 15:10:00;M5;10;34;4343,87938;4344,51000;UP
2026-06-16 15:15:00;M5;10;34;4343,15833;4341,45000;DOWN
2026-06-16 15:25:00;M5;10;34;4342,69490;4343,70000;UP
2026-06-16 15:40:00;M5;10;55;4348,02583;4349,48000;UP
2026-06-16 16:00:00;M5;10;89;4348,26089;4347,17000;DOWN
2026-06-16 16:05:00;M5;10;34;4344,28487;4343,13000;DOWN
2026-06-16 17:45:00;M5;10;21;4323,42369;4325,05000;UP
2026-06-16 18:15:00;M5;10;34;4325,18452;4325,31000;UP
2026-06-16 18:50:00;M5;10;55;4327,90538;4337,92000;UP
2026-06-16 19:00:00;M5;10;89;4337,33701;4337,48000;UP
2026-06-16 19:50:00;M5;10;21;4342,95705;4341,44000;DOWN
2026-06-16 20:10:00;M5;10;89;4335,81246;4335,59000;DOWN
2026-06-16 20:15:00;M5;10;55;4331,49197;4331,25000;DOWN
2026-06-16 20:25:00;M5;10;55;4331,93051;4334,63000;UP
2026-06-16 20:55:00;M5;10;21;4339,76554;4340,22000;UP
2026-06-16 21:05:00;M5;10;34;4340,93693;4340,32000;DOWN
2026-06-16 21:35:00;M5;10;21;4338,91518;4338,57000;DOWN
2026-06-16 21:45:00;M5;10;55;4337,15153;4336,57000;DOWN
2026-06-16 22:00:00;M5;10;21;4338,77483;4341,86000;UP
2026-06-16 22:05:00;M5;10;34;4341,23704;4340,96000;DOWN
2026-06-16 22:15:00;M5;10;55;4339,08301;4338,82000;DOWN
2026-06-16 22:25:00;M5;10;21;4339,33990;4339,46000;UP
2026-06-16 22:35:00;M5;10;21;4339,22902;4337,60000;DOWN
2026-06-16 22:50:00;M5;10;89;4336,06649;4333,89000;DOWN
2026-06-16 23:35:00;M5;10;21;4333,77366;4334,31000;UP
2026-06-16 23:45:00;M5;10;21;4332,85145;4331,83000;DOWN
2026-06-17 01:05:00;M5;10;21;4331,17659;4332,36000;UP
2026-06-17 01:20:00;M5;10;21;4330,58809;4329,18000;DOWN
2026-06-17 01:25:00;M5;10;21;4330,07928;4330,10000;UP
2026-06-17 01:55:00;M5;10;55;4334,15443;4335,37000;UP
2026-06-17 02:35:00;M5;10;89;4334,79743;4333,64000;DOWN
2026-06-17 02:50:00;M5;10;55;4333,34382;4332,42000;DOWN
2026-06-17 03:00:00;M5;10;34;4332,58250;4334,43000;UP
2026-06-17 03:05:00;M5;10;21;4335,03097;4338,13000;UP
2026-06-17 03:35:00;M5;10;21;4336,86941;4334,97000;DOWN
2026-06-17 03:45:00;M5;10;89;4334,62657;4333,83000;DOWN
2026-06-17 03:55:00;M5;10;21;4336,66099;4337,11000;UP
2026-06-17 04:30:00;M5;10;21;4341,11849;4339,10000;DOWN
2026-06-17 04:40:00;M5;10;34;4339,88543;4339,52000;DOWN
2026-06-17 05:05:00;M5;10;34;4341,34626;4341,76000;UP
2026-06-17 05:20:00;M5;10;34;4341,78229;4340,72000;DOWN
2026-06-17 05:35:00;M5;10;55;4339,81770;4339,26000;DOWN
2026-06-17 05:45:00;M5;10;89;4337,69523;4334,64000;DOWN
2026-06-17 06:40:00;M5;10;21;4331,91097;4333,22000;UP
2026-06-17 07:25:00;M5;10;21;4328,43795;4324,51000;DOWN
2026-06-17 07:55:00;M5;10;21;4324,97909;4326,73000;UP
2026-06-17 08:10:00;M5;10;21;4324,15807;4322,50000;DOWN
2026-06-17 08:15:00;M5;10;21;4323,67028;4326,05000;UP
2026-06-17 08:30:00;M5;10;55;4329,16039;4329,85000;UP
2026-06-17 08:45:00;M5;10;89;4331,68302;4331,80000;UP
2026-06-17 08:55:00;M5;10;89;4331,23153;4326,61000;DOWN
2026-06-17 09:05:00;M5;10;55;4326,55932;4327,59000;UP
2026-06-17 09:15:00;M5;10;55;4326,00814;4323,77000;DOWN
2026-06-17 09:25:00;M5;10;34;4324,24098;4324,35000;UP
2026-06-17 09:40:00;M5;10;21;4326,17064;4327,64000;UP
2026-06-17 09:45:00;M5;10;89;4328,91750;4329,24000;UP
2026-06-17 10:10:00;M5;10;89;4328,24104;4327,19000;DOWN
2026-06-17 10:20:00;M5;10;21;4328,44688;4328,98000;UP
2026-06-17 10:30:00;M5;10;89;4327,66471;4325,64000;DOWN
2026-06-17 10:35:00;M5;10;21;4329,30475;4330,98000;UP
2026-06-17 10:45:00;M5;10;89;4327,22811;4326,44000;DOWN
2026-06-17 11:05:00;M5;10;89;4326,72220;4327,10000;UP
2026-06-17 11:10:00;M5;10;55;4325,03155;4322,84000;DOWN
2026-06-17 11:15:00;M5;10;89;4326,40624;4322,99000;DOWN
2026-06-17 11:50:00;M5;10;21;4323,34091;4324,51000;UP
2026-06-17 11:55:00;M5;10;89;4324,67070;4324,68000;UP
2026-06-17 12:00:00;M5;10;55;4323,96727;4323,41000;DOWN
2026-06-17 12:10:00;M5;10;34;4324,19235;4325,19000;UP
2026-06-17 12:05:00;M5;10;89;4324,20600;4321,94000;DOWN
2026-06-17 12:15:00;M5;10;89;4323,81524;4326,69000;UP
2026-06-17 13:15:00;M5;10;21;4328,64251;4327,98000;DOWN
2026-06-17 13:40:00;M5;10;21;4330,05327;4330,80000;UP
2026-06-17 14:00:00;M5;10;34;4328,52584;4328,38000;DOWN
2026-06-17 14:15:00;M5;10;34;4329,76748;4330,29000;UP
2026-06-17 14:30:00;M5;10;55;4327,87673;4325,60000;DOWN
2026-06-17 14:45:00;M5;10;89;4325,46112;4325,17000;DOWN
2026-06-17 15:20:00;M5;10;21;4325,33815;4326,85000;UP
2026-06-17 15:30:00;M5;10;34;4327,37690;4328,92000;UP
2026-06-17 15:25:00;M5;10;89;4325,46403;4325,01000;DOWN
2026-06-17 15:35:00;M5;10;89;4325,46475;4330,53000;UP
2026-06-17 16:05:00;M5;10;55;4328,14653;4327,56000;DOWN
2026-06-17 16:15:00;M5;10;21;4329,02550;4331,96000;UP
2026-06-17 17:45:00;M5;10;21;4350,92104;4345,83000;DOWN
2026-06-17 17:55:00;M5;10;34;4346,30560;4344,47000;DOWN
2026-06-17 18:10:00;M5;10;34;4347,84554;4348,03000;UP
2026-06-17 18:15:00;M5;10;21;4352,70092;4353,68000;UP
2026-06-17 19:30:00;M5;10;34;4363,36152;4361,59000;DOWN
2026-06-17 19:40:00;M5;10;55;4358,85190;4357,53000;DOWN
2026-06-17 20:30:00;M5;10;21;4363,31048;4377,63000;UP
2026-06-17 21:00:00;M5;10;89;4360,74342;4316,70000;DOWN
2026-06-17 21:45:00;M5;10;21;4314,31412;4318,96000;UP
2026-06-17 21:55:00;M5;10;21;4303,77066;4286,28000;DOWN
2026-06-17 22:45:00;M5;10;21;4228,83797;4238,54000;UP
2026-06-17 23:05:00;M5;10;34;4242,21997;4254,12000;UP
2026-06-17 23:35:00;M5;10;55;4262,36132;4264,12000;UP
2026-06-18 01:40:00;M5;10;21;4265,18412;4263,94000;DOWN
2026-06-18 01:50:00;M5;10;21;4267,68618;4267,82000;UP
2026-06-18 01:55:00;M5;10;21;4269,09056;4266,70000;DOWN
2026-06-18 02:05:00;M5;10;21;4270,74720;4274,00000;UP
2026-06-18 02:35:00;M5;10;21;4277,33900;4274,59000;DOWN
2026-06-18 03:00:00;M5;10;21;4278,99965;4292,20000;UP
2026-06-18 04:25:00;M5;10;21;4321,74924;4319,17000;DOWN
2026-06-18 04:50:00;M5;10;34;4320,07634;4318,61000;DOWN
2026-06-18 05:10:00;M5;10;34;4325,92811;4327,05000;UP
2026-06-18 05:15:00;M5;10;34;4328,50562;4326,37000;DOWN
2026-06-18 05:40:00;M5;10;55;4317,13213;4316,46000;DOWN
2026-06-18 06:30:00;M5;10;21;4317,36206;4319,44000;UP
2026-06-18 07:15:00;M5;10;21;4315,74633;4315,33000;DOWN
2026-06-18 07:30:00;M5;10;21;4315,60815;4316,47000;UP
2026-06-18 07:40:00;M5;10;89;4310,26305;4309,98000;DOWN
2026-06-18 07:50:00;M5;10;21;4314,89050;4315,53000;UP
2026-06-18 08:05:00;M5;10;34;4316,56763;4317,62000;UP
2026-06-18 08:35:00;M5;10;89;4319,86230;4316,49000;DOWN
2026-06-18 09:45:00;M5;10;21;4301,42745;4304,24000;UP
2026-06-18 09:55:00;M5;10;34;4305,08257;4306,46000;UP
2026-06-18 10:30:00;M5;10;34;4303,19601;4298,43000;DOWN
2026-06-18 12:15:00;M5;10;21;4270,85151;4272,31000;UP
2026-06-18 12:25:00;M5;10;21;4267,24124;4266,30000;DOWN
2026-06-18 12:35:00;M5;10;21;4264,50892;4267,29000;UP
2026-06-18 12:45:00;M5;10;34;4268,92438;4269,09000;UP
2026-06-18 13:15:00;M5;10;55;4269,62150;4269,83000;UP
2026-06-18 13:30:00;M5;10;55;4267,67864;4265,78000;DOWN
2026-06-18 13:35:00;M5;10;55;4265,91919;4266,93000;UP
2026-06-18 13:45:00;M5;10;55;4264,20211;4262,46000;DOWN
2026-06-18 13:55:00;M5;10;34;4258,49798;4255,47000;DOWN
2026-06-18 14:55:00;M5;10;21;4241,88974;4241,94000;UP
2026-06-18 15:05:00;M5;10;34;4243,08197;4244,11000;UP
2026-06-18 15:15:00;M5;10;89;4256,78719;4260,05000;UP
2026-06-18 15:30:00;M5;10;89;4254,48894;4250,12000;DOWN
2026-06-18 16:05:00;M5;10;89;4246,37556;4251,79000;UP
2026-06-18 17:00:00;M5;10;34;4251,01635;4247,50000;DOWN
2026-06-18 17:10:00;M5;10;55;4242,55121;4241,56000;DOWN
2026-06-18 17:15:00;M5;10;55;4243,15029;4249,37000;UP
2026-06-18 17:45:00;M5;10;55;4243,59699;4243,44000;DOWN
2026-06-18 17:55:00;M5;10;21;4250,36665;4252,31000;UP
2026-06-18 18:10:00;M5;10;34;4251,82941;4246,57000;DOWN
2026-06-18 18:15:00;M5;10;55;4244,17113;4242,36000;DOWN
2026-06-18 18:25:00;M5;10;89;4236,66626;4235,65000;DOWN
2026-06-18 19:05:00;M5;10;21;4229,56541;4231,99000;UP
2026-06-18 19:15:00;M5;10;21;4226,41121;4223,03000;DOWN
2026-06-18 19:25:00;M5;10;21;4223,69405;4224,94000;UP
2026-06-18 19:45:00;M5;10;21;4218,71390;4217,81000;DOWN
2026-06-18 19:55:00;M5;10;21;4216,80698;4219,40000;UP
2026-06-18 20:10:00;M5;10;89;4226,16937;4227,87000;UP
2026-06-18 20:15:00;M5;10;55;4227,42271;4230,09000;UP
2026-06-18 20:30:00;M5;10;89;4224,17738;4222,95000;DOWN
2026-06-18 20:40:00;M5;10;55;4224,49886;4229,79000;UP
2026-06-18 21:25:00;M5;10;21;4228,24889;4226,27000;DOWN
2026-06-18 21:35:00;M5;10;34;4221,25479;4221,09000;DOWN
2026-06-18 21:45:00;M5;10;34;4221,57378;4221,58000;UP
2026-06-18 21:55:00;M5;10;89;4219,38413;4218,37000;DOWN
2026-06-18 22:40:00;M5;10;21;4210,27814;4213,99000;UP
2026-06-18 22:45:00;M5;10;34;4213,74293;4215,87000;UP
2026-06-18 23:50:00;M5;10;55;4209,83309;4209,76000;DOWN
2026-06-18 23:55:00;M5;10;89;4208,68944;4208,12000;DOWN
2026-06-19 01:10:00;M5;10;89;4207,95896;4208,01000;UP
2026-06-19 01:15:00;M5;10;89;4207,18962;4205,70000;DOWN
2026-06-19 01:45:00;M5;10;21;4205,65722;4208,74000;UP
2026-06-19 02:00:00;M5;10;89;4204,01782;4200,34000;DOWN
2026-06-19 03:20:00;M5;10;21;4187,62465;4187,89000;UP
2026-06-19 03:30:00;M5;10;34;4189,66122;4189,87000;UP
2026-06-19 03:25:00;M5;10;21;4185,10831;4185,08000;DOWN
2026-06-19 03:35:00;M5;10;21;4183,27738;4186,75000;UP
2026-06-19 03:35:00;M5;10;34;4187,65689;4186,75000;DOWN
2026-06-19 03:45:00;M5;10;34;4186,18291;4190,42000;UP
2026-06-19 04:05:00;M5;10;55;4187,69777;4184,94000;DOWN
2026-06-19 04:20:00;M5;10;55;4186,46864;4186,95000;UP
2026-06-19 04:25:00;M5;10;89;4187,79835;4190,73000;UP
2026-06-19 04:35:00;M5;10;89;4186,77789;4185,23000;DOWN
2026-06-19 04:55:00;M5;10;89;4184,80732;4184,86000;UP
2026-06-19 05:10:00;M5;10;89;4183,85178;4179,90000;DOWN
2026-06-19 05:30:00;M5;10;34;4179,79478;4179,84000;UP
2026-06-19 05:45:00;M5;10;55;4177,54515;4176,24000;DOWN
2026-06-19 08:10:00;M5;10;21;4130,15971;4130,32000;UP
2026-06-19 08:25:00;M5;10;34;4130,71926;4133,65000;UP
2026-06-19 08:45:00;M5;10;55;4134,65249;4137,56000;UP
2026-06-19 09:05:00;M5;10;89;4139,74320;4143,42000;UP
2026-06-19 09:35:00;M5;10;89;4134,80186;4133,71000;DOWN
2026-06-19 09:45:00;M5;10;21;4138,21203;4145,38000;UP
2026-06-19 10:40:00;M5;10;21;4154,76939;4153,94000;DOWN
2026-06-19 11:00:00;M5;10;21;4158,23554;4159,81000;UP
2026-06-19 11:35:00;M5;10;21;4170,09232;4168,89000;DOWN
2026-06-19 11:50:00;M5;10;34;4165,62189;4165,57000;DOWN
2026-06-19 11:55:00;M5;10;34;4168,29602;4169,04000;UP
2026-06-19 12:05:00;M5;10;34;4170,28543;4165,27000;DOWN
2026-06-19 12:55:00;M5;10;55;4163,51526;4162,83000;DOWN
2026-06-19 14:00:00;M5;10;89;4148,69499;4148,32000;DOWN
2026-06-19 14:20:00;M5;10;21;4147,56715;4147,95000;UP
2026-06-19 14:25:00;M5;10;21;4145,52664;4144,20000;DOWN
2026-06-19 14:35:00;M5;10;21;4144,10337;4147,47000;UP
2026-06-19 14:45:00;M5;10;34;4149,27816;4153,06000;UP
2026-06-19 15:05:00;M5;10;55;4157,87273;4158,43000;UP
2026-06-19 15:15:00;M5;10;55;4157,11348;4155,46000;DOWN
2026-06-19 15:25:00;M5;10;89;4152,20235;4151,56000;DOWN
2026-06-19 15:35:00;M5;10;21;4151,33732;4150,81000;DOWN
2026-06-19 15:50:00;M5;10;21;4151,71920;4172,99000;UP
2026-06-19 16:15:00;M5;10;21;4164,95163;4164,47000;DOWN
2026-06-19 16:40:00;M5;10;34;4160,36850;4158,55000;DOWN
2026-06-19 16:45:00;M5;10;89;4157,97979;4156,84000;DOWN
2026-06-19 17:50:00;M5;10;21;4149,48188;4149,81000;UP
2026-06-19 18:20:00;M5;10;34;4152,90385;4153,18000;UP
2026-06-19 18:25:00;M5;10;34;4151,91599;4151,27000;DOWN
2026-06-19 18:45:00;M5;10;34;4149,98791;4151,55000;UP
2026-06-19 19:00:00;M5;10;34;4149,13079;4147,14000;DOWN
2026-06-19 19:30:00;M5;10;21;4147,64549;4149,58000;UP
2026-06-19 19:35:00;M5;10;55;4150,01319;4151,74000;UP
2026-06-19 19:45:00;M5;10;89;4152,31522;4156,93000;UP
2026-06-22 01:10:00;M5;10;89;4151,98766;4151,48000;DOWN
2026-06-22 01:15:00;M5;10;21;4152,89757;4153,54000;UP
2026-06-22 01:25:00;M5;10;21;4153,53809;4152,12000;DOWN
2026-06-22 01:40:00;M5;10;21;4153,87209;4153,88000;UP
2026-06-22 02:15:00;M5;10;21;4157,26131;4154,76000;DOWN
2026-06-22 02:30:00;M5;10;89;4152,45342;4147,84000;DOWN
2026-06-22 03:05:00;M5;10;21;4147,87183;4148,83000;UP
2026-06-22 04:30:00;M5;10;21;4201,53448;4197,61000;DOWN
2026-06-22 04:55:00;M5;10;34;4197,89905;4190,91000;DOWN
2026-06-22 05:10:00;M5;10;55;4185,79588;4184,15000;DOWN
2026-06-22 05:20:00;M5;10;55;4188,54107;4188,93000;UP
2026-06-22 05:25:00;M5;10;55;4190,84715;4188,80000;DOWN
2026-06-22 05:35:00;M5;10;55;4193,00233;4196,11000;UP
2026-06-22 05:45:00;M5;10;55;4194,91317;4190,88000;DOWN
2026-06-22 06:05:00;M5;10;89;4182,97650;4182,63000;DOWN
2026-06-22 07:05:00;M5;10;21;4173,40890;4177,58000;UP
2026-06-22 07:45:00;M5;10;34;4176,97237;4178,98000;UP
2026-06-22 08:25:00;M5;10;55;4188,21068;4193,94000;UP
2026-06-22 09:00:00;M5;10;89;4192,85425;4191,46000;DOWN
2026-06-22 09:05:00;M5;10;21;4195,01952;4196,59000;UP
2026-06-22 09:25:00;M5;10;21;4199,22479;4196,60000;DOWN
2026-06-22 09:40:00;M5;10;21;4200,65431;4202,11000;UP
2026-06-22 09:55:00;M5;10;89;4197,72789;4197,49000;DOWN
2026-06-22 10:05:00;M5;10;89;4198,47416;4199,83000;UP
2026-06-22 10:20:00;M5;10;89;4199,17998;4197,07000;DOWN
2026-06-22 10:35:00;M5;10;55;4195,90672;4194,80000;DOWN
2026-06-22 11:40:00;M5;10;21;4191,69302;4193,59000;UP
2026-06-22 11:55:00;M5;10;34;4196,37914;4197,37000;UP
2026-06-22 13:15:00;M5;10;21;4211,39938;4210,24000;DOWN
2026-06-22 13:45:00;M5;10;89;4206,33965;4205,35000;DOWN
2026-06-22 14:00:00;M5;10;55;4208,13265;4209,30000;UP
2026-06-22 14:05:00;M5;10;34;4210,67089;4210,85000;UP
2026-06-22 14:10:00;M5;10;55;4208,72502;4207,97000;DOWN
2026-06-22 14:15:00;M5;10;89;4208,36482;4207,95000;DOWN
2026-06-22 14:55:00;M5;10;21;4206,72021;4207,39000;UP
2026-06-22 15:05:00;M5;10;89;4210,40794;4207,71000;DOWN
2026-06-22 15:20:00;M5;10;34;4209,84673;4210,78000;UP
2026-06-22 15:25:00;M5;10;89;4210,94661;4208,50000;DOWN
2026-06-22 16:45:00;M5;10;21;4191,54167;4199,86000;UP
2026-06-22 17:05:00;M5;10;55;4202,02322;4206,13000;UP
2026-06-22 17:15:00;M5;10;55;4201,22088;4195,96000;DOWN
2026-06-22 17:45:00;M5;10;21;4194,72021;4201,09000;UP
2026-06-22 18:05:00;M5;10;55;4197,28178;4195,38000;DOWN
2026-06-22 18:15:00;M5;10;34;4193,22366;4192,13000;DOWN
2026-06-22 19:15:00;M5;10;21;4178,67826;4179,21000;UP
2026-06-22 19:25:00;M5;10;34;4182,22142;4182,55000;UP
2026-06-22 19:45:00;M5;10;55;4183,26869;4184,81000;UP
2026-06-22 20:30:00;M5;10;55;4181,27654;4178,91000;DOWN
2026-06-22 20:35:00;M5;10;34;4180,57605;4181,05000;UP
2026-06-22 21:15:00;M5;10;21;4184,76746;4185,46000;UP
2026-06-22 22:20:00;M5;10;21;4190,31330;4188,39000;DOWN
2026-06-22 22:25:00;M5;10;34;4188,20086;4187,35000;DOWN
2026-06-22 22:55:00;M5;10;21;4190,44022;4190,48000;UP
2026-06-22 23:20:00;M5;10;21;4190,45203;4190,37000;DOWN
2026-06-22 23:30:00;M5;10;21;4190,54837;4191,43000;UP
2026-06-22 23:25:00;M5;10;34;4190,47822;4190,27000;DOWN
2026-06-22 23:35:00;M5;10;34;4191,07877;4193,36000;UP
2026-06-22 23:45:00;M5;10;34;4191,56547;4191,12000;DOWN
2026-06-22 23:55:00;M5;10;21;4191,56864;4192,21000;UP
2026-06-23 01:10:00;M5;10;34;4192,33502;4192,31000;DOWN
2026-06-23 01:15:00;M5;10;21;4192,43120;4192,04000;DOWN
2026-06-23 01:25:00;M5;10;34;4192,78263;4192,80000;UP
2026-06-23 01:40:00;M5;10;55;4190,84010;4189,93000;DOWN
2026-06-23 02:05:00;M5;10;21;4191,76229;4191,80000;UP
2026-06-23 02:15:00;M5;10;55;4192,01809;4191,38000;DOWN
2026-06-23 02:30:00;M5;10;21;4191,31791;4192,37000;UP
2026-06-23 02:45:00;M5;10;55;4192,65916;4190,76000;DOWN
2026-06-23 02:55:00;M5;10;89;4187,61956;4187,59000;DOWN
2026-06-23 03:35:00;M5;10;21;4185,66279;4186,05000;UP
2026-06-23 04:00:00;M5;10;55;4190,34226;4190,03000;DOWN
2026-06-23 04:10:00;M5;10;89;4188,46099;4185,30000;DOWN
2026-06-23 05:15:00;M5;10;21;4157,60495;4158,24000;UP
2026-06-23 05:55:00;M5;10;21;4147,90923;4146,90000;DOWN
2026-06-23 06:25:00;M5;10;21;4138,97134;4140,83000;UP
2026-06-23 06:45:00;M5;10;34;4137,48057;4139,04000;UP
2026-06-23 07:05:00;M5;10;55;4143,62638;4144,08000;UP
2026-06-23 07:15:00;M5;10;55;4141,16947;4139,81000;DOWN
2026-06-23 07:25:00;M5;10;55;4138,96430;4140,02000;UP
2026-06-23 07:50:00;M5;10;55;4135,11904;4134,44000;DOWN
2026-06-23 08:00:00;M5;10;21;4134,25730;4134,51000;UP
2026-06-23 07:55:00;M5;10;34;4130,18656;4118,09000;DOWN
2026-06-23 08:10:00;M5;10;34;4128,70603;4129,82000;UP
2026-06-23 08:05:00;M5;10;55;4130,67052;4127,99000;DOWN
2026-06-23 08:30:00;M5;10;21;4127,54716;4131,33000;UP
2026-06-23 08:25:00;M5;10;34;4125,69314;4125,16000;DOWN
2026-06-23 08:35:00;M5;10;34;4124,35763;4125,10000;UP
2026-06-23 08:35:00;M5;10;21;4125,53272;4125,10000;DOWN
2026-06-23 08:45:00;M5;10;55;4122,31190;4118,89000;DOWN
2026-06-23 08:55:00;M5;10;21;4120,87682;4121,13000;UP
2026-06-23 09:05:00;M5;10;55;4118,61461;4113,46000;DOWN
2026-06-23 09:15:00;M5;10;21;4116,57692;4122,46000;UP
2026-06-23 09:25:00;M5;10;34;4117,41060;4116,42000;DOWN
2026-06-23 09:40:00;M5;10;55;4114,04463;4113,41000;DOWN
2026-06-23 09:45:00;M5;10;21;4113,40443;4115,48000;UP
2026-06-23 10:05:00;M5;10;89;4117,88833;4121,29000;UP
2026-06-23 10:35:00;M5;10;89;4112,59699;4111,43000;DOWN
2026-06-23 11:30:00;M5;10;21;4099,89261;4101,71000;UP
2026-06-23 11:35:00;M5;10;34;4100,74707;4102,29000;UP
2026-06-23 13:35:00;M5;10;21;4130,40176;4128,74000;DOWN
2026-06-23 13:55:00;M5;10;34;4123,47695;4119,70000;DOWN
2026-06-23 14:05:00;M5;10;34;4125,40330;4125,66000;UP
2026-06-23 14:25:00;M5;10;34;4128,61263;4127,22000;DOWN
2026-06-23 15:05:00;M5;10;55;4121,67305;4119,85000;DOWN
2026-06-23 15:35:00;M5;10;21;4120,13048;4121,99000;UP
2026-06-23 15:45:00;M5;10;21;4118,87204;4118,13000;DOWN
2026-06-23 16:05:00;M5;10;21;4115,99921;4116,43000;UP
2026-06-23 16:15:00;M5;10;89;4110,69970;4107,29000;DOWN
2026-06-23 16:25:00;M5;10;21;4112,66262;4115,81000;UP
2026-06-23 16:40:00;M5;10;55;4122,92921;4126,43000;UP
2026-06-23 17:25:00;M5;10;21;4132,63718;4132,57000;DOWN
2026-06-23 17:35:00;M5;10;55;4126,94106;4124,21000;DOWN
2026-06-23 17:50:00;M5;10;34;4127,75424;4127,78000;UP
2026-06-23 18:05:00;M5;10;55;4128,44460;4123,67000;DOWN
2026-06-23 18:30:00;M5;10;21;4132,20845;4132,97000;UP
2026-06-23 19:25:00;M5;10;34;4136,64613;4136,32000;DOWN
2026-06-23 19:35:00;M5;10;34;4137,49500;4141,86000;UP
2026-06-23 19:55:00;M5;10;55;4136,26133;4134,29000;DOWN
2026-06-23 20:10:00;M5;10;55;4136,97749;4138,48000;UP
2026-06-23 20:05:00;M5;10;89;4133,08483;4132,39000;DOWN
2026-06-23 20:15:00;M5;10;89;4133,77760;4136,57000;UP
2026-06-23 20:15:00;M5;10;55;4137,61615;4136,57000;DOWN
2026-06-23 20:25:00;M5;10;89;4134,34069;4130,99000;DOWN
2026-06-23 22:00:00;M5;10;21;4118,24199;4123,22000;UP
2026-06-23 22:25:00;M5;10;34;4119,79126;4121,65000;UP
2026-06-23 22:50:00;M5;10;34;4117,99307;4115,56000;DOWN
2026-06-23 23:45:00;M5;10;21;4110,15779;4110,33000;UP
2026-06-24 01:10:00;M5;10;55;4113,26794;4113,79000;UP
2026-06-24 01:15:00;M5;10;55;4111,98030;4111,33000;DOWN
2026-06-24 01:45:00;M5;10;21;4105,38636;4105,86000;UP
2026-06-24 01:55:00;M5;10;34;4104,81592;4104,24000;DOWN
2026-06-24 02:45:00;M5;10;21;4093,86795;4095,69000;UP
2026-06-24 02:55:00;M5;10;34;4095,46973;4099,18000;UP
2026-06-24 03:05:00;M5;10;89;4106,11104;4110,23000;UP
2026-06-24 03:15:00;M5;10;89;4104,79873;4103,98000;DOWN
2026-06-24 03:40:00;M5;10;34;4095,59869;4095,15000;DOWN
2026-06-24 03:45:00;M5;10;21;4097,90362;4098,57000;UP
2026-06-24 04:00:00;M5;10;55;4094,24074;4073,50000;DOWN
2026-06-24 04:25:00;M5;10;21;4092,52414;4098,47000;UP
2026-06-24 04:35:00;M5;10;89;4095,21919;4095,08000;DOWN
2026-06-24 04:45:00;M5;10;55;4089,72157;4085,88000;DOWN
2026-06-24 04:55:00;M5;10;55;4088,93840;4089,00000;UP
2026-06-24 05:05:00;M5;10;55;4088,00444;4080,99000;DOWN
2026-06-24 06:25:00;M5;10;21;4052,56801;4056,50000;UP
2026-06-24 06:35:00;M5;10;34;4058,96010;4062,05000;UP
2026-06-24 06:50:00;M5;10;55;4064,68395;4063,49000;DOWN
2026-06-24 06:55:00;M5;10;55;4062,67067;4062,69000;UP
2026-06-24 07:05:00;M5;10;55;4060,78356;4058,70000;DOWN
2026-06-24 07:20:00;M5;10;55;4058,92895;4061,06000;UP
2026-06-24 07:30:00;M5;10;89;4064,18836;4065,08000;UP
2026-06-24 09:45:00;M5;10;21;4090,62715;4088,99000;DOWN
2026-06-24 10:10:00;M5;10;34;4087,11726;4086,11000;DOWN
2026-06-24 10:50:00;M5;10;55;4079,75373;4078,81000;DOWN
2026-06-24 11:25:00;M5;10;21;4078,48116;4080,57000;UP
2026-06-24 11:35:00;M5;10;55;4083,70481;4082,08000;DOWN
2026-06-24 11:50:00;M5;10;21;4076,75047;4076,74000;DOWN
2026-06-24 11:55:00;M5;10;21;4076,21312;4076,24000;UP
2026-06-24 12:05:00;M5;10;89;4070,34907;4069,84000;DOWN
2026-06-24 12:15:00;M5;10;21;4074,35330;4078,38000;UP
2026-06-24 12:25:00;M5;10;89;4071,41468;4069,29000;DOWN
2026-06-24 13:30:00;M5;10;21;4061,36201;4061,77000;UP
2026-06-24 13:40:00;M5;10;34;4063,58272;4064,82000;UP
2026-06-24 13:35:00;M5;10;21;4059,15140;4058,20000;DOWN
2026-06-24 13:45:00;M5;10;21;4057,94245;4063,43000;UP
2026-06-24 13:50:00;M5;10;34;4061,87744;4058,65000;DOWN
2026-06-24 13:55:00;M5;10;21;4056,60351;4055,63000;DOWN
2026-06-24 14:35:00;M5;10;21;4045,88043;4050,01000;UP
2026-06-24 14:50:00;M5;10;34;4047,70587;4054,60000;UP
2026-06-24 15:00:00;M5;10;34;4045,75571;4044,67000;DOWN
2026-06-24 15:05:00;M5;10;21;4041,39294;4040,73000;DOWN
2026-06-24 15:15:00;M5;10;21;4039,91705;4041,01000;UP
2026-06-24 15:25:00;M5;10;21;4035,82224;4015,18000;DOWN
2026-06-24 16:30:00;M5;10;21;3981,14853;3986,47000;UP
2026-06-24 16:35:00;M5;10;34;3992,81224;4005,06000;UP
2026-06-24 16:50:00;M5;10;89;4028,93720;4029,03000;UP
2026-06-24 17:00:00;M5;10;89;4025,53281;4024,53000;DOWN
2026-06-24 17:05:00;M5;10;89;4022,64255;4027,79000;UP
2026-06-24 17:15:00;M5;10;89;4020,10941;4018,24000;DOWN
2026-06-24 17:25:00;M5;10;89;4017,98046;4023,64000;UP
2026-06-24 17:40:00;M5;10;89;4016,14339;4015,72000;DOWN
2026-06-24 17:45:00;M5;10;21;4019,15573;4011,14000;DOWN
2026-06-24 18:05:00;M5;10;34;4001,39749;3999,84000;DOWN
2026-06-24 18:15:00;M5;10;34;4002,40744;4010,92000;UP
2026-06-24 18:45:00;M5;10;21;4012,54619;4013,06000;UP
2026-06-24 18:50:00;M5;10;34;4007,14433;4004,97000;DOWN
2026-06-24 19:00:00;M5;10;89;4002,34638;4002,00000;DOWN
2026-06-24 19:10:00;M5;10;89;4000,72556;4002,61000;UP
2026-06-24 19:20:00;M5;10;21;4005,06992;4010,86000;UP
2026-06-24 19:45:00;M5;10;34;4008,66942;4007,44000;DOWN
2026-06-24 20:00:00;M5;10;34;4008,45735;4009,45000;UP
2026-06-24 19:55:00;M5;10;21;4007,40739;4006,57000;DOWN
2026-06-24 20:05:00;M5;10;34;4008,15702;4006,84000;DOWN
2026-06-24 20:20:00;M5;10;89;3993,37532;3993,00000;DOWN
2026-06-24 21:10:00;M5;10;21;3984,50768;3988,84000;UP
2026-06-24 21:25:00;M5;10;34;3987,55325;3990,20000;UP
2026-06-24 21:35:00;M5;10;34;3985,47442;3984,55000;DOWN
2026-06-24 21:45:00;M5;10;89;3981,77444;3979,26000;DOWN
2026-06-24 22:00:00;M5;10;34;3981,51280;3982,62000;UP
2026-06-24 22:05:00;M5;10;89;3979,47950;3976,77000;DOWN
2026-06-24 22:15:00;M5;10;34;3977,40311;3977,41000;UP
2026-06-24 22:25:00;M5;10;55;3981,73594;3984,00000;UP
2026-06-25 01:15:00;M5;10;21;4003,17060;4000,89000;DOWN
2026-06-25 01:45:00;M5;10;34;4000,08193;3997,74000;DOWN
2026-06-25 02:30:00;M5;10;21;4000,38790;4008,74000;UP
2026-06-25 03:10:00;M5;10;34;4008,31414;4005,44000;DOWN
2026-06-25 03:20:00;M5;10;55;4002,20003;4001,31000;DOWN
2026-06-25 03:30:00;M5;10;89;3989,66388;3987,60000;DOWN
2026-06-25 03:50:00;M5;10;89;3991,05590;3999,56000;UP
2026-06-25 03:55:00;M5;10;89;3991,47408;3991,37000;DOWN
2026-06-25 04:15:00;M5;10;21;3991,35574;3994,35000;UP
2026-06-25 04:25:00;M5;10;89;3992,21002;3990,70000;DOWN
2026-06-25 05:15:00;M5;10;21;3977,00866;3981,23000;UP
2026-06-25 05:40:00;M5;10;34;3980,19743;3978,47000;DOWN
2026-06-25 05:45:00;M5;10;34;3978,88597;3983,14000;UP
2026-06-25 06:05:00;M5;10;34;3977,07273;3973,37000;DOWN
2026-06-25 06:15:00;M5;10;21;3977,31831;3981,86000;UP
2026-06-25 06:30:00;M5;10;34;3975,75817;3975,59000;DOWN
2026-06-25 06:40:00;M5;10;34;3974,85963;3975,20000;UP
2026-06-25 06:45:00;M5;10;21;3977,23923;3986,55000;UP
2026-06-25 07:35:00;M5;10;21;3990,77610;3987,54000;DOWN
2026-06-25 07:50:00;M5;10;21;3992,51814;3995,60000;UP
2026-06-25 08:15:00;M5;10;21;3997,64042;3992,23000;DOWN
2026-06-25 08:35:00;M5;10;89;3986,18013;3984,80000;DOWN
2026-06-25 08:50:00;M5;10;55;3985,75022;3988,32000;UP
2026-06-25 09:05:00;M5;10;89;3985,97453;3985,97000;DOWN
2026-06-25 09:45:00;M5;10;21;3980,67521;3982,85000;UP
2026-06-25 09:55:00;M5;10;21;3979,06181;3977,29000;DOWN
2026-06-25 10:05:00;M5;10;21;3978,38262;3984,79000;UP
2026-06-25 10:25:00;M5;10;55;3985,05736;3985,16000;UP
2026-06-25 10:35:00;M5;10;89;3982,64039;3978,15000;DOWN
2026-06-25 10:55:00;M5;10;21;3980,21858;3987,88000;UP
2026-06-25 11:45:00;M5;10;21;3992,79525;3992,48000;DOWN
2026-06-25 12:00:00;M5;10;21;3994,32101;3995,71000;UP
2026-06-25 12:05:00;M5;10;21;3995,16040;3991,30000;DOWN
2026-06-25 12:40:00;M5;10;55;3988,71695;3988,38000;DOWN
2026-06-25 12:50:00;M5;10;55;3989,11098;3990,89000;UP
2026-06-25 13:00:00;M5;10;89;3986,93050;3986,45000;DOWN
2026-06-25 13:25:00;M5;10;21;3988,68513;3989,16000;UP
2026-06-25 13:40:00;M5;10;89;3987,61485;3985,50000;DOWN
2026-06-25 14:35:00;M5;10;21;3980,88256;3982,36000;UP
2026-06-25 14:45:00;M5;10;34;3983,86246;3985,63000;UP
2026-06-25 14:55:00;M5;10;34;3982,87116;3980,01000;DOWN
2026-06-25 15:05:00;M5;10;21;3980,23687;3983,21000;UP
2026-06-25 15:20:00;M5;10;34;3981,56930;3980,23000;DOWN
2026-06-25 15:25:00;M5;10;21;3980,75043;3984,54000;UP
2026-06-25 16:30:00;M5;10;21;4017,92691;4013,88000;DOWN
2026-06-25 16:50:00;M5;10;34;4011,88867;4008,17000;DOWN
2026-06-25 17:00:00;M5;10;34;4014,60202;4014,67000;UP
2026-06-25 16:55:00;M5;10;55;4003,44040;4002,20000;DOWN
2026-06-25 17:05:00;M5;10;55;4005,69891;4016,93000;UP
2026-06-25 17:05:00;M5;10;34;4016,98813;4016,93000;DOWN
2026-06-25 17:25:00;M5;10;21;4025,82277;4026,57000;UP
2026-06-25 17:35:00;M5;10;34;4023,61849;4017,56000;DOWN
2026-06-25 17:55:00;M5;10;55;4015,97498;4011,96000;DOWN
2026-06-25 18:10:00;M5;10;89;4008,03383;4007,98000;DOWN
2026-06-25 18:20:00;M5;10;21;4018,38025;4037,79000;UP
2026-06-25 18:30:00;M5;10;34;4026,24522;4022,15000;DOWN
2026-06-25 18:35:00;M5;10;34;4026,55036;4028,84000;UP
2026-06-25 19:30:00;M5;10;21;4037,24271;4034,86000;DOWN
2026-06-25 19:35:00;M5;10;55;4035,20938;4031,77000;DOWN
2026-06-25 20:50:00;M5;10;21;4033,56284;4033,74000;UP
2026-06-25 20:45:00;M5;10;89;4033,87715;4031,52000;DOWN
2026-06-25 21:00:00;M5;10;21;4032,97432;4028,58000;DOWN
2026-06-25 21:05:00;M5;10;21;4032,58325;4032,74000;UP
2026-06-25 21:15:00;M5;10;34;4037,26237;4037,87000;UP
2026-06-25 21:25:00;M5;10;55;4041,31691;4043,97000;UP
2026-06-25 21:30:00;M5;10;89;4038,56183;4034,00000;DOWN
2026-06-25 21:35:00;M5;10;21;4036,00743;4036,33000;UP
2026-06-25 21:35:00;M5;10;55;4041,78250;4036,33000;DOWN
2026-06-25 21:45:00;M5;10;21;4036,66077;4032,22000;DOWN
2026-06-25 22:05:00;M5;10;21;4037,15741;4038,75000;UP
2026-06-25 22:15:00;M5;10;34;4037,66054;4037,01000;DOWN
2026-06-25 23:25:00;M5;10;21;4029,01072;4030,78000;UP
2026-06-25 23:35:00;M5;10;21;4027,80566;4025,90000;DOWN
2026-06-25 23:55:00;M5;10;21;4025,38349;4026,66000;UP
2026-06-26 01:10:00;M5;10;21;4024,52541;4022,86000;DOWN
2026-06-26 01:25:00;M5;10;21;4023,11177;4024,72000;UP
2026-06-26 01:35:00;M5;10;55;4031,03021;4034,11000;UP
2026-06-26 01:45:00;M5;10;55;4030,26545;4024,86000;DOWN
2026-06-26 01:55:00;M5;10;21;4024,88482;4026,30000;UP
2026-06-26 02:05:00;M5;10;34;4024,29904;4022,75000;DOWN
2026-06-26 02:15:00;M5;10;21;4024,79251;4026,18000;UP
2026-06-26 02:30:00;M5;10;55;4027,52454;4021,37000;DOWN
2026-06-26 02:35:00;M5;10;34;4023,90065;4023,98000;UP
2026-06-26 02:45:00;M5;10;34;4023,50715;4017,90000;DOWN
2026-06-26 03:15:00;M5;10;21;4019,26417;4021,95000;UP
2026-06-26 03:25:00;M5;10;34;4019,49836;4015,45000;DOWN
2026-06-26 03:40:00;M5;10;21;4016,48453;4019,04000;UP
2026-06-26 03:50:00;M5;10;34;4017,86184;4016,12000;DOWN
2026-06-26 03:55:00;M5;10;34;4017,41091;4020,29000;UP
2026-06-26 04:05:00;M5;10;55;4018,23651;4017,41000;DOWN
2026-06-26 04:15:00;M5;10;55;4017,82160;4024,55000;UP
2026-06-26 04:45:00;M5;10;55;4017,25050;4016,32000;DOWN
2026-06-26 04:55:00;M5;10;21;4019,89522;4020,87000;UP
2026-06-26 05:05:00;M5;10;55;4016,95160;4016,92000;DOWN
2026-06-26 06:15:00;M5;10;21;3994,25931;3998,46000;UP
2026-06-26 06:40:00;M5;10;34;3997,90786;4000,25000;UP
2026-06-26 06:50:00;M5;10;55;4001,21407;4002,12000;UP
2026-06-26 07:10:00;M5;10;89;4005,62363;4008,51000;UP
2026-06-26 08:35:00;M5;10;21;4015,50350;4013,74000;DOWN
2026-06-26 08:55:00;M5;10;34;4010,02958;4007,98000;DOWN
2026-06-26 09:20:00;M5;10;21;4014,39468;4023,06000;UP
2026-06-26 10:40:00;M5;10;21;4034,25243;4031,41000;DOWN
2026-06-26 10:45:00;M5;10;34;4031,33169;4028,93000;DOWN
2026-06-26 11:50:00;M5;10;55;4032,82174;4032,72000;DOWN
2026-06-26 12:00:00;M5;10;55;4034,07510;4034,25000;UP
2026-06-26 12:05:00;M5;10;21;4035,74397;4038,59000;UP
2026-06-26 12:55:00;M5;10;21;4047,73586;4047,14000;DOWN
2026-06-26 13:05:00;M5;10;21;4049,69458;4049,80000;UP
2026-06-26 13:15:00;M5;10;55;4047,39422;4044,52000;DOWN
2026-06-26 13:30:00;M5;10;21;4051,50499;4054,03000;UP
2026-06-26 13:35:00;M5;10;55;4050,10395;4049,18000;DOWN
2026-06-26 13:50:00;M5;10;21;4052,25246;4052,82000;UP
2026-06-26 14:05:00;M5;10;55;4053,41996;4053,18000;DOWN
2026-06-26 14:40:00;M5;10;89;4048,41412;4046,71000;DOWN
2026-06-26 15:50:00;M5;10;21;4045,35588;4045,90000;UP
2026-06-26 15:55:00;M5;10;34;4050,01246;4059,01000;UP
2026-06-26 16:05:00;M5;10;89;4055,78892;4044,61000;DOWN
2026-06-26 16:15:00;M5;10;21;4047,05784;4050,88000;UP
2026-06-26 16:30:00;M5;10;89;4056,83637;4050,47000;DOWN
2026-06-26 16:40:00;M5;10;55;4054,89643;4062,22000;UP
2026-06-26 16:35:00;M5;10;34;4049,90712;4048,04000;DOWN
2026-06-26 16:45:00;M5;10;21;4051,76496;4062,06000;UP
2026-06-26 17:35:00;M5;10;21;4080,49630;4079,20000;DOWN
2026-06-26 17:45:00;M5;10;21;4085,44190;4088,11000;UP
2026-06-26 17:55:00;M5;10;21;4088,71975;4080,48000;DOWN
2026-06-26 18:10:00;M5;10;34;4079,75842;4079,54000;DOWN
2026-06-26 18:40:00;M5;10;21;4092,43135;4095,06000;UP
2026-06-26 18:50:00;M5;10;34;4090,42402;4086,30000;DOWN
2026-06-26 19:20:00;M5;10;55;4087,77538;4085,42000;DOWN
2026-06-26 19:35:00;M5;10;89;4085,40935;4084,54000;DOWN
2026-06-26 21:05:00;M5;10;21;4076,57190;4077,33000;UP
2026-06-26 21:15:00;M5;10;21;4075,05942;4074,32000;DOWN
2026-06-26 21:30:00;M5;10;21;4073,68533;4074,48000;UP
2026-06-26 21:45:00;M5;10;21;4071,12781;4069,34000;DOWN
2026-06-26 22:10:00;M5;10;21;4068,04383;4069,48000;UP
2026-06-26 22:20:00;M5;10;21;4066,83640;4065,56000;DOWN
2026-06-26 22:25:00;M5;10;21;4065,81035;4066,38000;UP
2026-06-26 23:25:00;M5;10;55;4071,57829;4072,03000;UP
2026-06-26 23:35:00;M5;10;55;4070,46519;4069,37000;DOWN
2026-06-26 23:45:00;M5;10;55;4069,64404;4075,90000;UP
2026-06-26 23:55:00;M5;10;89;4083,22381;4088,42000;UP
2026-06-29 01:05:00;M5;10;89;4082,70131;4075,99000;DOWN
2026-06-29 01:15:00;M5;10;55;4069,02756;4060,23000;DOWN
2026-06-29 01:45:00;M5;10;21;4068,32682;4069,02000;UP
2026-06-29 01:55:00;M5;10;34;4067,24990;4066,36000;DOWN
2026-06-29 02:05:00;M5;10;21;4066,52578;4070,32000;UP
2026-06-29 02:15:00;M5;10;55;4064,93211;4060,08000;DOWN
2026-06-29 02:40:00;M5;10;21;4061,19134;4062,71000;UP
2026-06-29 02:50:00;M5;10;34;4063,83783;4064,42000;UP
2026-06-29 03:00:00;M5;10;55;4062,35620;4062,02000;DOWN
2026-06-29 03:05:00;M5;10;21;4058,96344;4058,04000;DOWN
2026-06-29 03:35:00;M5;10;21;4055,38507;4060,57000;UP
2026-06-29 04:05:00;M5;10;89;4063,50393;4061,83000;DOWN
2026-06-29 04:20:00;M5;10;21;4060,28012;4061,05000;UP
2026-06-29 04:25:00;M5;10;21;4060,64671;4059,18000;DOWN
2026-06-29 04:35:00;M5;10;21;4060,86971;4061,74000;UP
2026-06-29 04:45:00;M5;10;89;4060,96786;4060,05000;DOWN
2026-06-29 04:55:00;M5;10;21;4061,30390;4061,36000;UP
2026-06-29 05:10:00;M5;10;21;4061,64500;4060,99000;DOWN
2026-06-29 05:15:00;M5;10;21;4062,41808;4067,55000;UP
2026-06-29 05:35:00;M5;10;34;4061,32280;4060,19000;DOWN
2026-06-29 05:45:00;M5;10;21;4064,69030;4067,42000;UP
2026-06-29 06:30:00;M5;10;21;4069,20668;4069,15000;DOWN
2026-06-29 06:35:00;M5;10;34;4067,41413;4067,18000;DOWN
2026-06-29 06:50:00;M5;10;34;4068,13830;4069,93000;UP
2026-06-29 07:00:00;M5;10;34;4068,75316;4067,28000;DOWN
2026-06-29 07:15:00;M5;10;55;4065,44592;4064,56000;DOWN
2026-06-29 07:30:00;M5;10;89;4061,17234;4061,08000;DOWN
2026-06-29 08:40:00;M5;10;21;4049,74020;4050,38000;UP
2026-06-29 08:55:00;M5;10;34;4053,00384;4054,35000;UP
2026-06-29 10:05:00;M5;10;21;4060,62913;4059,53000;DOWN
2026-06-29 10:20:00;M5;10;21;4062,00389;4062,65000;UP
2026-06-29 10:30:00;M5;10;21;4063,40924;4063,00000;DOWN
2026-06-29 11:25:00;M5;10;34;4063,27614;4061,21000;DOWN
2026-06-29 11:40:00;M5;10;89;4058,82961;4055,65000;DOWN
2026-06-29 13:10:00;M5;10;21;4037,94535;4038,40000;UP
2026-06-29 13:50:00;M5;10;34;4036,19751;4037,90000;UP
2026-06-29 14:20:00;M5;10;34;4031,54922;4029,11000;DOWN
2026-06-29 14:25:00;M5;10;21;4030,79823;4032,00000;UP
2026-06-29 14:45:00;M5;10;55;4034,92781;4035,06000;UP
2026-06-29 15:00:00;M5;10;89;4040,76312;4045,28000;UP
2026-06-29 15:25:00;M5;10;89;4038,75251;4038,30000;DOWN
2026-06-29 15:35:00;M5;10;21;4040,57690;4044,96000;UP
2026-06-29 16:20:00;M5;10;21;4046,45659;4043,61000;DOWN
2026-06-29 16:25:00;M5;10;34;4041,19926;4037,78000;DOWN
2026-06-29 16:35:00;M5;10;89;4036,74532;4036,05000;DOWN
2026-06-29 16:50:00;M5;10;55;4034,81842;4031,90000;DOWN
2026-06-29 17:35:00;M5;10;21;4023,33796;4023,68000;UP
2026-06-29 17:45:00;M5;10;21;4020,27786;4019,71000;DOWN
2026-06-29 17:55:00;M5;10;21;4018,43894;4025,58000;UP
2026-06-29 18:25:00;M5;10;34;4022,31183;4024,23000;UP
2026-06-29 18:45:00;M5;10;55;4024,36386;4026,77000;UP
2026-06-29 19:30:00;M5;10;89;4022,24341;4019,39000;DOWN
2026-06-29 19:35:00;M5;10;34;4019,87379;4021,14000;UP
2026-06-29 19:45:00;M5;10;21;4024,89821;4026,08000;UP
2026-06-29 19:55:00;M5;10;21;4024,92248;4023,79000;DOWN
2026-06-29 20:05:00;M5;10;21;4025,55716;4030,40000;UP
2026-06-29 20:25:00;M5;10;21;4026,92214;4023,87000;DOWN
2026-06-29 20:40:00;M5;10;34;4023,96789;4022,02000;DOWN
2026-06-29 21:15:00;M5;10;21;4023,55141;4024,42000;UP
2026-06-29 21:25:00;M5;10;34;4023,61009;4021,06000;DOWN
2026-06-29 21:45:00;M5;10;89;4018,80290;4015,88000;DOWN
2026-06-29 22:25:00;M5;10;21;4012,93993;4017,02000;UP
2026-06-29 22:35:00;M5;10;55;4017,12512;4017,20000;UP
2026-06-29 22:45:00;M5;10;89;4015,26727;4014,78000;DOWN
2026-06-29 22:55:00;M5;10;34;4014,36510;4015,86000;UP
2026-06-29 23:05:00;M5;10;89;4014,17084;4014,06000;DOWN
2026-06-29 23:15:00;M5;10;55;4014,94880;4016,70000;UP
2026-06-30 01:30:00;M5;10;34;4014,33095;4013,69000;DOWN
2026-06-30 01:40:00;M5;10;89;4012,34179;4010,41000;DOWN
2026-06-30 01:50:00;M5;10;34;4014,83060;4015,39000;UP
2026-06-30 02:00:00;M5;10;21;4016,32516;4017,81000;UP
2026-06-30 01:55:00;M5;10;34;4014,87301;4014,11000;DOWN
2026-06-30 02:05:00;M5;10;34;4015,11231;4019,21000;UP
2026-06-30 02:25:00;M5;10;21;4017,16286;4016,72000;DOWN
2026-06-30 02:35:00;M5;10;21;4017,56637;4018,57000;UP
2026-06-30 02:40:00;M5;10;34;4016,56800;4015,13000;DOWN
2026-06-30 02:45:00;M5;10;21;4017,63598;4016,64000;DOWN
2026-06-30 03:00:00;M5;10;89;4012,45508;4008,43000;DOWN
2026-06-30 04:25:00;M5;10;21;3976,86211;3978,89000;UP
2026-06-30 04:35:00;M5;10;21;3971,41504;3971,09000;DOWN
2026-06-30 04:55:00;M5;10;21;3962,60503;3969,40000;UP
2026-06-30 05:10:00;M5;10;21;3958,79374;3957,35000;DOWN
2026-06-30 05:15:00;M5;10;21;3955,76828;3960,63000;UP
2026-06-30 05:35:00;M5;10;34;3958,78380;3962,47000;UP
2026-06-30 06:00:00;M5;10;55;3967,28014;3968,05000;UP
2026-06-30 06:55:00;M5;10;89;3969,10274;3969,77000;UP
2026-06-30 08:05:00;M5;10;21;3987,57604;3987,41000;DOWN
2026-06-30 08:30:00;M5;10;34;3981,28201;3977,13000;DOWN
2026-06-30 09:05:00;M5;10;21;3986,40645;3987,24000;UP
2026-06-30 09:15:00;M5;10;34;3987,09536;3987,00000;DOWN
2026-06-30 09:25:00;M5;10;34;3989,37860;4012,01000;UP
2026-06-30 10:25:00;M5;10;21;4033,27945;4028,44000;DOWN
2026-06-30 11:05:00;M5;10;34;4034,57499;4027,32000;DOWN
2026-06-30 11:15:00;M5;10;55;4023,82633;4021,92000;DOWN
2026-06-30 12:40:00;M5;10;21;4016,31778;4018,56000;UP
2026-06-30 13:05:00;M5;10;34;4024,38471;4024,47000;UP
2026-06-30 14:15:00;M5;10;89;4031,02856;4030,50000;DOWN
2026-06-30 14:40:00;M5;10;21;4033,02080;4034,49000;UP
2026-06-30 14:45:00;M5;10;89;4034,87740;4032,72000;DOWN
2026-06-30 15:05:00;M5;10;34;4031,47392;4028,27000;DOWN
2026-06-30 16:05:00;M5;10;21;4018,11967;4023,44000;UP
2026-06-30 16:15:00;M5;10;34;4024,29949;4029,85000;UP
2026-06-30 16:25:00;M5;10;55;4027,90117;4023,77000;DOWN
2026-06-30 16:40:00;M5;10;34;4022,60576;4025,10000;UP
2026-06-30 16:35:00;M5;10;21;4017,28932;4013,66000;DOWN
2026-06-30 16:45:00;M5;10;21;4017,45064;4023,90000;UP
2026-06-30 17:05:00;M5;10;89;4036,05577;4043,23000;UP
2026-06-30 17:45:00;M5;10;21;4046,29217;4044,00000;DOWN
2026-06-30 17:55:00;M5;10;89;4038,53338;4037,36000;DOWN
2026-06-30 18:15:00;M5;10;55;4035,36417;4027,04000;DOWN
2026-06-30 19:15:00;M5;10;21;4029,43032;4030,15000;UP
2026-06-30 19:55:00;M5;10;21;4026,68779;4026,08000;DOWN
2026-06-30 20:15:00;M5;10;21;4025,27648;4026,45000;UP
2026-06-30 20:35:00;M5;10;34;4026,75553;4026,80000;UP
2026-06-30 21:00:00;M5;10;55;4031,72969;4032,20000;UP
2026-06-30 21:30:00;M5;10;55;4030,72651;4030,05000;DOWN
2026-06-30 21:40:00;M5;10;55;4030,39554;4030,84000;UP
2026-06-30 21:35:00;M5;10;21;4030,30696;4029,69000;DOWN
2026-06-30 21:45:00;M5;10;21;4031,08211;4031,57000;UP
2026-06-30 21:55:00;M5;10;55;4029,74478;4028,46000;DOWN
2026-07-01 01:05:00;M5;10;21;4009,14904;4017,05000;UP
2026-07-01 01:35:00;M5;10;55;4014,75025;4016,42000;UP
2026-07-01 01:45:00;M5;10;55;4013,94598;4013,21000;DOWN
2026-07-01 02:05:00;M5;10;55;4012,60904;4017,44000;UP
2026-07-01 02:20:00;M5;10;55;4012,00082;4010,06000;DOWN
2026-07-01 02:25:00;M5;10;34;4010,02122;4011,00000;UP
2026-07-01 02:35:00;M5;10;55;4010,70729;4010,30000;DOWN
2026-07-01 04:55:00;M5;10;21;3976,82012;3977,76000;UP
2026-07-01 05:05:00;M5;10;21;3973,74827;3972,52000;DOWN
2026-07-01 05:15:00;M5;10;21;3971,97644;3980,44000;UP
2026-07-01 05:35:00;M5;10;55;3981,71142;3983,90000;UP
2026-07-01 06:05:00;M5;10;89;3984,85739;3984,91000;UP
2026-07-01 06:20:00;M5;10;89;3983,50340;3982,63000;DOWN
2026-07-01 06:30:00;M5;10;21;3979,55456;3977,02000;DOWN
2026-07-01 06:35:00;M5;10;21;3980,75354;3981,31000;UP
2026-07-01 06:45:00;M5;10;89;3979,93522;3977,65000;DOWN
2026-07-01 06:55:00;M5;10;89;3978,85448;3980,49000;UP
2026-07-01 07:05:00;M5;10;89;3977,77051;3975,60000;DOWN
2026-07-01 07:20:00;M5;10;89;3976,70272;3976,81000;UP
2026-07-01 07:35:00;M5;10;89;3974,65031;3974,35000;DOWN
2026-07-01 07:45:00;M5;10;21;3976,83667;3979,71000;UP
2026-07-01 08:00:00;M5;10;34;3975,74015;3973,47000;DOWN
2026-07-01 08:10:00;M5;10;89;3971,94433;3971,88000;DOWN
2026-07-01 08:15:00;M5;10;89;3971,06560;3971,89000;UP
2026-07-01 08:30:00;M5;10;21;3973,54103;3977,01000;UP
2026-07-01 09:05:00;M5;10;89;3967,28960;3966,97000;DOWN
2026-07-01 09:20:00;M5;10;55;3969,04658;3969,27000;UP
2026-07-01 09:30:00;M5;10;89;3965,79298;3964,97000;DOWN
2026-07-01 09:40:00;M5;10;21;3968,02550;3971,69000;UP
2026-07-01 10:00:00;M5;10;55;3967,49920;3966,45000;DOWN
2026-07-01 10:10:00;M5;10;89;3963,21628;3961,42000;DOWN
2026-07-01 10:15:00;M5;10;21;3966,64618;3970,24000;UP
2026-07-01 10:25:00;M5;10;55;3966,25727;3964,26000;DOWN
2026-07-01 10:35:00;M5;10;21;3965,90777;3968,91000;UP
2026-07-01 11:35:00;M5;10;21;3975,33230;3972,92000;DOWN
2026-07-01 11:50:00;M5;10;21;3976,49320;3977,17000;UP
2026-07-01 11:55:00;M5;10;21;3977,07082;3974,51000;DOWN
2026-07-01 12:15:00;M5;10;21;3977,67667;3978,38000;UP
2026-07-01 13:15:00;M5;10;34;3982,39863;3982,17000;DOWN
2026-07-01 13:25:00;M5;10;21;3986,01820;3987,14000;UP
2026-07-01 13:40:00;M5;10;21;3987,49244;3987,24000;DOWN
2026-07-01 13:45:00;M5;10;21;3989,09143;3991,16000;UP
2026-07-01 15:00:00;M5;10;21;4029,47733;4024,18000;DOWN
2026-07-01 15:25:00;M5;10;34;4028,76583;4025,83000;DOWN
2026-07-01 15:55:00;M5;10;55;4024,33260;4022,78000;DOWN
2026-07-01 16:20:00;M5;10;21;4030,14847;4043,65000;UP
2026-07-01 17:40:00;M5;10;21;4103,78135;4092,95000;DOWN
2026-07-01 17:45:00;M5;10;34;4090,67850;4089,01000;DOWN
2026-07-01 18:05:00;M5;10;55;4087,92958;4084,36000;DOWN
2026-07-01 18:55:00;M5;10;89;4081,59696;4081,00000;DOWN
2026-07-01 20:30:00;M5;10;21;4069,26758;4070,66000;UP
2026-07-01 21:20:00;M5;10;21;4065,21718;4064,97000;DOWN
2026-07-01 21:30:00;M5;10;21;4064,29710;4064,77000;UP
2026-07-01 21:40:00;M5;10;21;4063,41385;4062,94000;DOWN
2026-07-01 21:55:00;M5;10;21;4061,49586;4062,11000;UP
2026-07-01 22:20:00;M5;10;34;4060,11935;4056,68000;DOWN
2026-07-01 23:45:00;M5;10;21;4032,57637;4033,01000;UP
2026-07-02 01:05:00;M5;10;34;4034,36421;4035,58000;UP
2026-07-02 01:25:00;M5;10;55;4037,64669;4038,26000;UP
2026-07-02 02:20:00;M5;10;21;4038,75643;4035,84000;DOWN
2026-07-02 03:05:00;M5;10;21;4037,99376;4038,96000;UP
2026-07-02 03:15:00;M5;10;89;4042,10664;4040,89000;DOWN
2026-07-02 03:25:00;M5;10;89;4040,64079;4046,35000;UP
2026-07-02 03:40:00;M5;10;89;4039,33877;4039,18000;DOWN
2026-07-02 03:45:00;M5;10;21;4041,47821;4050,54000;UP
2026-07-02 04:20:00;M5;10;21;4052,51350;4052,31000;DOWN
2026-07-02 04:30:00;M5;10;34;4048,55813;4048,07000;DOWN
2026-07-02 04:35:00;M5;10;34;4050,77152;4053,62000;UP
2026-07-02 04:55:00;M5;10;34;4053,74840;4050,12000;DOWN
2026-07-02 05:40:00;M5;10;21;4054,23176;4056,33000;UP
2026-07-02 06:05:00;M5;10;34;4057,22233;4055,77000;DOWN
2026-07-02 06:15:00;M5;10;34;4057,73728;4059,12000;UP
2026-07-02 07:20:00;M5;10;34;4065,62530;4064,69000;DOWN
2026-07-02 07:30:00;M5;10;55;4064,23803;4063,32000;DOWN
2026-07-02 08:30:00;M5;10;89;4057,30187;4056,05000;DOWN
2026-07-02 08:35:00;M5;10;21;4060,77086;4062,73000;UP
2026-07-02 08:55:00;M5;10;34;4064,78692;4066,05000;UP
2026-07-02 09:40:00;M5;10;55;4069,39550;4068,13000;DOWN
2026-07-02 09:45:00;M5;10;21;4071,13312;4073,26000;UP
2026-07-02 10:00:00;M5;10;55;4071,06309;4069,24000;DOWN
2026-07-02 10:05:00;M5;10;34;4070,44877;4071,88000;UP
2026-07-02 10:15:00;M5;10;89;4068,40452;4065,07000;DOWN
2026-07-02 10:40:00;M5;10;21;4072,50191;4074,49000;UP
2026-07-02 10:45:00;M5;10;89;4070,56027;4069,76000;DOWN
2026-07-02 11:05:00;M5;10;21;4069,39245;4071,18000;UP
2026-07-02 11:15:00;M5;10;55;4072,07129;4073,18000;UP
2026-07-02 12:05:00;M5;10;89;4074,69590;4071,12000;DOWN
2026-07-02 13:25:00;M5;10;21;4065,69222;4066,14000;UP
2026-07-02 13:35:00;M5;10;21;4064,49624;4063,62000;DOWN
2026-07-02 13:50:00;M5;10;21;4063,32837;4063,94000;UP
2026-07-02 14:00:00;M5;10;21;4062,73879;4060,11000;DOWN
2026-07-02 14:10:00;M5;10;21;4061,89778;4063,26000;UP
2026-07-02 14:15:00;M5;10;34;4064,30659;4065,42000;UP
2026-07-02 14:40:00;M5;10;55;4067,22323;4071,04000;UP
2026-07-02 14:55:00;M5;10;55;4066,60565;4065,23000;DOWN
2026-07-02 15:05:00;M5;10;55;4066,44909;4069,95000;UP
2026-07-02 15:10:00;M5;10;21;4065,83043;4064,12000;DOWN
2026-07-02 15:20:00;M5;10;21;4066,22666;4067,31000;UP
2026-07-02 15:15:00;M5;10;55;4066,18978;4061,80000;DOWN
2026-07-02 15:25:00;M5;10;34;4064,07756;4064,94000;UP
2026-07-02 15:25:00;M5;10;21;4066,31858;4064,94000;DOWN
2026-07-02 15:35:00;M5;10;21;4074,11641;4137,03000;UP
2026-07-02 16:20:00;M5;10;21;4116,89414;4114,00000;DOWN
2026-07-02 16:30:00;M5;10;21;4122,95761;4127,82000;UP
2026-07-02 16:50:00;M5;10;21;4136,38845;4133,45000;DOWN
2026-07-02 17:05:00;M5;10;34;4129,14916;4127,90000;DOWN
2026-07-02 17:25:00;M5;10;55;4116,64373;4116,24000;DOWN
2026-07-02 17:50:00;M5;10;55;4123,56309;4123,77000;UP
2026-07-02 18:05:00;M5;10;55;4129,14664;4121,05000;DOWN
2026-07-02 18:20:00;M5;10;21;4128,17454;4129,56000;UP
2026-07-02 18:25:00;M5;10;21;4125,56830;4122,45000;DOWN
2026-07-02 18:35:00;M5;10;21;4123,95169;4127,42000;UP
2026-07-02 19:05:00;M5;10;89;4123,17850;4122,57000;DOWN
2026-07-02 20:10:00;M5;10;21;4116,84709;4117,96000;UP
2026-07-02 20:20:00;M5;10;21;4115,88934;4114,65000;DOWN
2026-07-02 21:00:00;M5;10;21;4109,41433;4114,45000;UP
2026-07-02 21:30:00;M5;10;55;4123,91174;4125,01000;UP
2026-07-02 21:40:00;M5;10;55;4122,97965;4121,26000;DOWN
2026-07-02 21:55:00;M5;10;55;4121,83822;4122,56000;UP
2026-07-02 22:00:00;M5;10;21;4119,41076;4118,39000;DOWN
2026-07-02 22:05:00;M5;10;55;4121,36550;4116,90000;DOWN
2026-07-02 22:50:00;M5;10;21;4117,40195;4123,68000;UP
2026-07-02 23:45:00;M5;10;34;4119,88373;4119,65000;DOWN
2026-07-02 23:55:00;M5;10;21;4121,67102;4123,89000;UP
2026-07-03 01:20:00;M5;10;21;4124,49876;4123,59000;DOWN
2026-07-03 01:30:00;M5;10;21;4125,48318;4126,10000;UP
2026-07-03 01:40:00;M5;10;34;4123,58668;4123,04000;DOWN
2026-07-03 02:00:00;M5;10;34;4124,75512;4125,08000;UP
2026-07-03 02:05:00;M5;10;21;4126,43472;4126,78000;UP
2026-07-03 02:10:00;M5;10;34;4125,39792;4125,37000;DOWN
2026-07-03 02:20:00;M5;10;34;4125,97667;4127,34000;UP
2026-07-03 02:15:00;M5;10;21;4126,60935;4125,32000;DOWN
2026-07-03 02:25:00;M5;10;21;4127,18767;4129,79000;UP
2026-07-03 02:30:00;M5;10;89;4126,87567;4126,55000;DOWN
2026-07-03 02:35:00;M5;10;55;4124,21447;4123,27000;DOWN
2026-07-03 02:45:00;M5;10;21;4127,55537;4130,54000;UP
2026-07-03 02:55:00;M5;10;89;4126,95501;4126,15000;DOWN
2026-07-03 03:05:00;M5;10;21;4128,00998;4128,72000;UP
2026-07-03 04:45:00;M5;10;21;4180,99703;4180,72000;DOWN
2026-07-03 05:15:00;M5;10;34;4179,70116;4176,59000;DOWN
2026-07-03 06:15:00;M5;10;55;4184,27595;4181,49000;DOWN
2026-07-03 07:00:00;M5;10;89;4175,88697;4174,43000;DOWN
2026-07-03 07:05:00;M5;10;89;4177,80845;4178,10000;UP
2026-07-03 07:15:00;M5;10;21;4179,34995;4181,34000;UP
2026-07-03 07:20:00;M5;10;89;4179,64977;4178,59000;DOWN
2026-07-03 07:25:00;M5;10;21;4178,66514;4178,46000;DOWN
2026-07-03 07:55:00;M5;10;21;4176,98837;4178,79000;UP
2026-07-03 08:20:00;M5;10;21;4177,17792;4174,31000;DOWN
2026-07-03 08:30:00;M5;10;21;4177,22970;4178,67000;UP
2026-07-03 08:35:00;M5;10;21;4176,86495;4174,17000;DOWN
2026-07-03 09:30:00;M5;10;21;4169,27948;4169,54000;UP
2026-07-03 09:40:00;M5;10;34;4170,84792;4171,04000;UP
2026-07-03 10:05:00;M5;10;55;4178,54124;4180,37000;UP
2026-07-03 10:15:00;M5;10;55;4177,55801;4171,67000;DOWN
2026-07-03 10:35:00;M5;10;55;4176,20017;4179,18000;UP
2026-07-03 11:35:00;M5;10;21;4183,61657;4181,99000;DOWN
2026-07-03 11:45:00;M5;10;34;4179,30196;4177,13000;DOWN
2026-07-03 11:55:00;M5;10;34;4180,27917;4180,98000;UP
2026-07-03 12:05:00;M5;10;34;4180,90520;4177,39000;DOWN
2026-07-03 12:15:00;M5;10;55;4177,52335;4175,92000;DOWN
2026-07-03 13:00:00;M5;10;21;4174,03159;4175,81000;UP
2026-07-03 13:05:00;M5;10;34;4177,72973;4178,45000;UP
2026-07-03 13:30:00;M5;10;34;4177,29119;4177,01000;DOWN
2026-07-03 13:40:00;M5;10;34;4177,17003;4177,65000;UP
2026-07-03 13:35:00;M5;10;55;4177,01514;4176,99000;DOWN
2026-07-03 13:45:00;M5;10;34;4176,96815;4175,74000;DOWN
2026-07-03 13:55:00;M5;10;34;4176,72189;4177,08000;UP
2026-07-03 14:10:00;M5;10;89;4181,51241;4183,27000;UP
2026-07-03 14:50:00;M5;10;21;4182,80216;4181,39000;DOWN
2026-07-03 14:55:00;M5;10;89;4181,25761;4180,92000;DOWN
2026-07-03 15:05:00;M5;10;34;4180,89821;4181,11000;UP
2026-07-03 15:15:00;M5;10;55;4180,36240;4175,51000;DOWN
2026-07-03 16:25:00;M5;10;21;4171,28013;4171,55000;UP
2026-07-03 16:35:00;M5;10;21;4169,51394;4167,74000;DOWN
2026-07-03 17:00:00;M5;10;21;4166,14157;4166,56000;UP
2026-07-03 17:05:00;M5;10;21;4163,99903;4158,85000;DOWN
2026-07-03 17:15:00;M5;10;21;4162,10826;4162,26000;UP
2026-07-03 17:25:00;M5;10;34;4165,52737;4166,16000;UP
2026-07-03 17:40:00;M5;10;34;4164,13127;4163,85000;DOWN
2026-07-03 17:45:00;M5;10;34;4163,14808;4166,70000;UP
2026-07-03 17:55:00;M5;10;55;4168,01653;4169,76000;UP
2026-07-03 18:10:00;M5;10;89;4171,78441;4172,22000;UP
2026-07-03 18:20:00;M5;10;89;4171,24111;4169,68000;DOWN
2026-07-03 18:35:00;M5;10;21;4167,70740;4167,25000;DOWN
2026-07-03 18:55:00;M5;10;55;4165,24218;4164,88000;DOWN
2026-07-03 19:05:00;M5;10;55;4164,79546;4165,20000;UP
2026-07-03 19:10:00;M5;10;34;4164,55742;4164,16000;DOWN
2026-07-03 19:15:00;M5;10;34;4164,63887;4164,78000;UP
2026-07-03 19:30:00;M5;10;21;4167,21311;4168,92000;UP
2026-07-06 02:10:00;M5;10;21;4188,75056;4187,39000;DOWN
2026-07-06 02:25:00;M5;10;21;4193,51116;4200,35000;UP
2026-07-06 02:45:00;M5;10;55;4182,17467;4181,90000;DOWN
2026-07-06 03:00:00;M5;10;89;4175,81464;4175,37000;DOWN
2026-07-06 03:15:00;M5;10;89;4177,36497;4178,22000;UP
2026-07-06 03:25:00;M5;10;89;4177,90163;4174,48000;DOWN
2026-07-06 03:35:00;M5;10;21;4183,56435;4184,65000;UP
2026-07-06 04:00:00;M5;10;55;4187,05541;4187,21000;UP
2026-07-06 03:55:00;M5;10;21;4180,65257;4179,74000;DOWN
2026-07-06 04:05:00;M5;10;21;4179,57977;4181,00000;UP
2026-07-06 04:05:00;M5;10;55;4187,25462;4181,00000;DOWN
2026-07-06 04:15:00;M5;10;55;4187,62342;4188,65000;UP
2026-07-06 04:20:00;M5;10;34;4186,60929;4184,33000;DOWN
2026-07-06 04:25:00;M5;10;34;4186,29419;4189,46000;UP
2026-07-06 04:55:00;M5;10;55;4190,46651;4186,06000;DOWN
2026-07-06 05:05:00;M5;10;89;4184,43232;4180,96000;DOWN
2026-07-06 06:35:00;M5;10;21;4165,58394;4165,60000;UP
2026-07-06 06:50:00;M5;10;21;4163,15952;4162,57000;DOWN
2026-07-06 06:55:00;M5;10;21;4161,48451;4165,19000;UP
2026-07-06 07:45:00;M5;10;34;4159,19084;4160,07000;UP
2026-07-06 08:00:00;M5;10;34;4157,88761;4154,02000;DOWN
2026-07-06 08:30:00;M5;10;21;4153,78746;4156,46000;UP
2026-07-06 08:55:00;M5;10;34;4150,38902;4148,04000;DOWN
2026-07-06 09:05:00;M5;10;21;4149,93296;4151,27000;UP
2026-07-06 09:20:00;M5;10;55;4151,43871;4152,55000;UP
2026-07-06 09:55:00;M5;10;21;4151,20541;4150,36000;DOWN
2026-07-06 10:15:00;M5;10;21;4151,23492;4153,25000;UP
2026-07-06 10:30:00;M5;10;89;4154,85227;4157,07000;UP
2026-07-06 11:10:00;M5;10;21;4159,38116;4157,98000;DOWN
2026-07-06 11:20:00;M5;10;34;4155,35441;4154,81000;DOWN
2026-07-06 11:40:00;M5;10;89;4150,89997;4149,01000;DOWN
2026-07-06 11:50:00;M5;10;55;4150,12419;4152,42000;UP
2026-07-06 12:00:00;M5;10;89;4149,82236;4148,84000;DOWN
2026-07-06 12:05:00;M5;10;55;4150,15683;4150,17000;UP
2026-07-06 12:15:00;M5;10;89;4148,60000;4147,21000;DOWN
2026-07-06 12:55:00;M5;10;21;4141,68077;4143,17000;UP
2026-07-06 13:10:00;M5;10;34;4146,70808;4148,31000;UP
2026-07-06 14:35:00;M5;10;21;4155,96684;4155,14000;DOWN
2026-07-06 15:20:00;M5;10;55;4150,25677;4147,09000;DOWN
2026-07-06 15:30:00;M5;10;89;4145,70027;4143,63000;DOWN
2026-07-06 16:05:00;M5;10;21;4143,31783;4145,53000;UP
2026-07-06 16:15:00;M5;10;89;4144,97114;4139,92000;DOWN
2026-07-06 16:25:00;M5;10;21;4139,51272;4142,24000;UP
2026-07-06 16:50:00;M5;10;55;4146,04766;4145,97000;DOWN
2026-07-06 16:55:00;M5;10;89;4143,83793;4140,79000;DOWN
2026-07-06 17:05:00;M5;10;21;4139,58880;4136,18000;DOWN
2026-07-06 17:30:00;M5;10;21;4138,24214;4140,92000;UP
2026-07-06 17:35:00;M5;10;34;4138,52283;4137,50000;DOWN
2026-07-06 17:55:00;M5;10;21;4135,85052;4138,07000;UP
2026-07-06 18:10:00;M5;10;89;4140,63750;4139,68000;DOWN
2026-07-06 18:15:00;M5;10;55;4139,16703;4139,96000;UP
2026-07-06 19:00:00;M5;10;21;4145,78633;4143,95000;DOWN
2026-07-06 19:10:00;M5;10;34;4141,78859;4140,50000;DOWN
2026-07-06 19:15:00;M5;10;34;4142,59478;4143,53000;UP
2026-07-06 19:35:00;M5;10;21;4148,55215;4149,46000;UP
2026-07-06 20:15:00;M5;10;21;4152,55988;4151,57000;DOWN
2026-07-06 20:25:00;M5;10;21;4153,63416;4155,46000;UP
2026-07-06 21:00:00;M5;10;21;4158,67218;4157,36000;DOWN
2026-07-06 21:05:00;M5;10;34;4157,34861;4156,32000;DOWN
2026-07-06 21:15:00;M5;10;21;4160,98851;4161,17000;UP
2026-07-06 21:25:00;M5;10;21;4161,92339;4161,70000;DOWN
2026-07-06 21:35:00;M5;10;21;4163,06896;4165,13000;UP
2026-07-06 21:50:00;M5;10;21;4164,27072;4162,86000;DOWN
2026-07-06 22:00:00;M5;10;34;4163,62832;4161,63000;DOWN
2026-07-06 22:10:00;M5;10;55;4159,57034;4159,33000;DOWN
2026-07-06 22:15:00;M5;10;55;4160,79035;4161,06000;UP
2026-07-06 22:35:00;M5;10;55;4162,79618;4160,00000;DOWN
2026-07-06 23:25:00;M5;10;21;4162,86072;4162,92000;UP
2026-07-07 01:05:00;M5;10;34;4165,17910;4165,73000;UP
2026-07-07 01:30:00;M5;10;55;4168,09822;4168,31000;UP
2026-07-07 01:35:00;M5;10;55;4168,39468;4167,30000;DOWN
2026-07-07 01:50:00;M5;10;89;4164,89334;4164,71000;DOWN
2026-07-07 03:25:00;M5;10;21;4158,69501;4159,81000;UP
2026-07-07 03:35:00;M5;10;21;4156,97826;4151,00000;DOWN
2026-07-07 04:35:00;M5;10;21;4137,78159;4138,92000;UP
2026-07-07 04:45:00;M5;10;34;4142,94425;4144,25000;UP
2026-07-07 05:05:00;M5;10;34;4139,11172;4138,12000;DOWN
2026-07-07 05:15:00;M5;10;34;4137,75299;4141,86000;UP
2026-07-07 05:50:00;M5;10;34;4134,94325;4133,51000;DOWN
2026-07-07 05:55:00;M5;10;21;4136,37365;4136,63000;UP
2026-07-07 06:20:00;M5;10;34;4133,04922;4132,29000;DOWN
2026-07-07 06:30:00;M5;10;34;4132,46730;4133,86000;UP
2026-07-07 06:40:00;M5;10;34;4131,93035;4129,63000;DOWN
2026-07-07 07:00:00;M5;10;21;4131,40353;4132,93000;UP
2026-07-07 07:30:00;M5;10;21;4130,97087;4130,57000;DOWN
2026-07-07 07:40:00;M5;10;34;4130,02450;4128,73000;DOWN
2026-07-07 07:55:00;M5;10;55;4126,94907;4126,66000;DOWN
2026-07-07 08:20:00;M5;10;55;4125,47660;4126,40000;UP
2026-07-07 08:25:00;M5;10;21;4126,04625;4128,26000;UP
2026-07-07 08:30:00;M5;10;55;4124,80460;4123,03000;DOWN
2026-07-07 08:35:00;M5;10;34;4125,45477;4120,05000;DOWN
2026-07-07 08:50:00;M5;10;21;4123,09141;4125,24000;UP
2026-07-07 09:20:00;M5;10;89;4124,93764;4128,05000;UP
2026-07-07 10:20:00;M5;10;21;4127,46520;4127,07000;DOWN
2026-07-07 10:40:00;M5;10;21;4128,94013;4130,07000;UP
2026-07-07 10:45:00;M5;10;21;4129,27771;4127,16000;DOWN
2026-07-07 10:55:00;M5;10;34;4125,86949;4124,73000;DOWN
2026-07-07 11:05:00;M5;10;21;4128,97211;4130,13000;UP
2026-07-07 11:35:00;M5;10;21;4132,38904;4131,88000;DOWN
2026-07-07 11:50:00;M5;10;55;4125,32982;4123,99000;DOWN
2026-07-07 11:55:00;M5;10;55;4125,90988;4125,96000;UP
2026-07-07 12:25:00;M5;10;55;4126,91646;4121,50000;DOWN
2026-07-07 12:35:00;M5;10;21;4128,28630;4129,29000;UP
2026-07-07 12:45:00;M5;10;34;4129,40447;4127,36000;DOWN
2026-07-07 12:55:00;M5;10;21;4127,16626;4131,13000;UP
2026-07-07 13:45:00;M5;10;21;4134,32370;4133,45000;DOWN
2026-07-07 13:55:00;M5;10;21;4135,52016;4135,62000;UP
2026-07-07 14:05:00;M5;10;34;4133,61858;4132,29000;DOWN
2026-07-07 14:15:00;M5;10;21;4137,08831;4140,90000;UP
2026-07-07 15:35:00;M5;10;21;4166,77217;4166,11000;DOWN
2026-07-07 16:05:00;M5;10;34;4166,68711;4162,56000;DOWN
2026-07-07 16:40:00;M5;10;21;4174,74919;4177,49000;UP
2026-07-07 16:50:00;M5;10;55;4166,15360;4165,99000;DOWN
2026-07-07 17:00:00;M5;10;89;4154,72573;4154,69000;DOWN
2026-07-07 17:15:00;M5;10;89;4157,86326;4158,71000;UP
2026-07-07 17:25:00;M5;10;89;4159,17736;4158,13000;DOWN
2026-07-07 18:40:00;M5;10;21;4145,67375;4146,64000;UP
2026-07-07 18:45:00;M5;10;21;4143,49586;4142,14000;DOWN
2026-07-07 19:05:00;M5;10;21;4139,49017;4140,28000;UP
2026-07-07 19:15:00;M5;10;34;4144,11701;4144,18000;UP
2026-07-07 20:35:00;M5;10;55;4145,69030;4146,05000;UP
2026-07-07 20:50:00;M5;10;55;4144,66057;4143,65000;DOWN
2026-07-07 20:55:00;M5;10;55;4143,73760;4144,45000;UP
2026-07-07 21:05:00;M5;10;55;4142,84882;4141,71000;DOWN
2026-07-07 21:20:00;M5;10;55;4142,01771;4142,88000;UP
2026-07-07 21:30:00;M5;10;55;4141,26907;4138,94000;DOWN
2026-07-07 21:35:00;M5;10;34;4141,23540;4141,32000;UP
2026-07-07 21:45:00;M5;10;55;4139,80413;4134,74000;DOWN
2026-07-07 22:45:00;M5;10;21;4106,77256;4112,19000;UP
2026-07-07 23:05:00;M5;10;34;4113,14935;4113,95000;UP
2026-07-07 23:15:00;M5;10;34;4110,59112;4109,11000;DOWN
2026-07-07 23:25:00;M5;10;34;4108,32652;4110,83000;UP
2026-07-07 23:35:00;M5;10;34;4106,03059;4104,78000;DOWN
2026-07-07 23:45:00;M5;10;34;4103,83432;4105,15000;UP
2026-07-08 01:05:00;M5;10;21;4102,10310;4101,03000;DOWN
2026-07-08 01:15:00;M5;10;21;4101,78709;4102,83000;UP
2026-07-08 01:25:00;M5;10;21;4100,92557;4099,55000;DOWN
2026-07-08 01:35:00;M5;10;21;4100,14168;4102,53000;UP
2026-07-08 01:45:00;M5;10;55;4099,56182;4097,83000;DOWN
2026-07-08 01:55:00;M5;10;21;4098,19756;4098,34000;UP
2026-07-08 02:25:00;M5;10;89;4104,48133;4104,93000;UP
2026-07-08 02:35:00;M5;10;89;4102,95359;4102,07000;DOWN
2026-07-08 03:00:00;M5;10;21;4099,85092;4102,53000;UP
2026-07-08 04:00:00;M5;10;21;4110,88877;4108,40000;DOWN
2026-07-08 04:05:00;M5;10;34;4105,98593;4104,02000;DOWN
2026-07-08 04:30:00;M5;10;55;4098,25528;4098,02000;DOWN
2026-07-08 04:35:00;M5;10;55;4098,88306;4100,11000;UP
2026-07-08 04:45:00;M5;10;21;4109,73901;4110,10000;UP
2026-07-08 05:00:00;M5;10;21;4109,30416;4108,30000;DOWN
2026-07-08 05:05:00;M5;10;21;4109,81384;4116,68000;UP
2026-07-08 05:55:00;M5;10;34;4115,75756;4114,54000;DOWN
2026-07-08 06:05:00;M5;10;21;4119,44180;4127,16000;UP
2026-07-08 06:35:00;M5;10;21;4127,03258;4126,62000;DOWN
2026-07-08 06:55:00;M5;10;34;4125,76809;4123,39000;DOWN
2026-07-08 07:05:00;M5;10;34;4127,22711;4128,58000;UP
2026-07-08 07:15:00;M5;10;34;4128,26977;4123,06000;DOWN
2026-07-08 07:35:00;M5;10;55;4125,43559;4125,23000;DOWN
2026-07-08 08:00:00;M5;10;21;4127,84862;4127,89000;UP
2026-07-08 08:10:00;M5;10;55;4128,00792;4125,86000;DOWN
2026-07-08 08:15:00;M5;10;21;4127,04857;4127,32000;UP
2026-07-08 08:25:00;M5;10;21;4126,43870;4121,94000;DOWN
2026-07-08 08:35:00;M5;10;21;4126,21653;4127,53000;UP
2026-07-08 08:45:00;M5;10;21;4125,95733;4125,24000;DOWN
2026-07-08 08:55:00;M5;10;21;4126,04032;4127,75000;UP
2026-07-08 09:10:00;M5;10;34;4128,73889;4131,41000;UP
2026-07-08 09:05:00;M5;10;21;4126,13443;4125,67000;DOWN
2026-07-08 09:15:00;M5;10;21;4126,63728;4130,33000;UP
2026-07-08 09:15:00;M5;10;55;4131,28171;4130,33000;DOWN
2026-07-08 09:30:00;M5;10;34;4128,67336;4126,18000;DOWN
2026-07-08 09:45:00;M5;10;89;4125,31085;4124,85000;DOWN
2026-07-08 10:30:00;M5;10;21;4122,65077;4123,88000;UP
2026-07-08 10:40:00;M5;10;34;4123,99490;4127,12000;UP
2026-07-08 10:35:00;M5;10;21;4121,12821;4120,17000;DOWN
2026-07-08 10:45:00;M5;10;21;4120,38144;4124,42000;UP
2026-07-08 10:50:00;M5;10;34;4123,23248;4119,88000;DOWN
2026-07-08 11:00:00;M5;10;21;4119,87942;4117,20000;DOWN
2026-07-08 11:05:00;M5;10;21;4119,46037;4120,36000;UP
2026-07-08 11:15:00;M5;10;21;4115,72012;4088,72000;DOWN
2026-07-08 12:15:00;M5;10;21;4058,66445;4059,03000;UP
2026-07-08 13:15:00;M5;10;34;4042,02668;4050,75000;UP
2026-07-08 13:35:00;M5;10;55;4054,90149;4055,18000;UP
2026-07-08 14:30:00;M5;10;21;4048,29297;4047,23000;DOWN
2026-07-08 14:40:00;M5;10;21;4048,70714;4064,31000;UP
2026-07-08 15:55:00;M5;10;21;4076,23064;4072,08000;DOWN
2026-07-08 16:25:00;M5;10;34;4071,95039;4066,70000;DOWN
2026-07-08 16:35:00;M5;10;34;4074,00562;4079,06000;UP
2026-07-08 16:45:00;M5;10;34;4075,53466;4069,55000;DOWN
2026-07-08 17:10:00;M5;10;55;4059,11179;4057,43000;DOWN
2026-07-08 17:35:00;M5;10;89;4046,77456;4043,01000;DOWN
2026-07-08 18:35:00;M5;10;21;4028,64023;4029,41000;UP
2026-07-08 19:00:00;M5;10;34;4035,80709;4036,51000;UP
2026-07-08 19:05:00;M5;10;89;4037,69372;4039,30000;UP
2026-07-08 19:25:00;M5;10;55;4042,90751;4043,65000;UP
2026-07-08 20:45:00;M5;10;21;4072,56056;4067,81000;DOWN
2026-07-08 21:40:00;M5;10;21;4077,25556;4079,47000;UP
2026-07-08 22:30:00;M5;10;34;4087,69114;4086,83000;DOWN
2026-07-08 22:55:00;M5;10;55;4080,12052;4079,91000;DOWN
2026-07-09 01:05:00;M5;10;21;4076,06841;4077,44000;UP
2026-07-09 01:20:00;M5;10;21;4075,11656;4074,69000;DOWN
2026-07-09 01:30:00;M5;10;21;4074,35019;4076,42000;UP
2026-07-09 01:25:00;M5;10;89;4075,12245;4074,28000;DOWN
2026-07-09 01:35:00;M5;10;89;4076,15856;4077,23000;UP
2026-07-09 01:55:00;M5;10;89;4078,21299;4076,50000;DOWN
2026-07-09 02:25:00;M5;10;34;4076,31018;4077,51000;UP
2026-07-09 02:30:00;M5;10;21;4075,90027;4075,32000;DOWN
2026-07-09 02:35:00;M5;10;21;4076,15859;4076,27000;UP
2026-07-09 02:40:00;M5;10;34;4075,93175;4075,10000;DOWN
2026-07-09 02:50:00;M5;10;34;4075,47764;4075,61000;UP
2026-07-09 02:45:00;M5;10;21;4075,91511;4072,58000;DOWN
2026-07-09 02:55:00;M5;10;21;4075,75016;4076,15000;UP
2026-07-09 03:10:00;M5;10;55;4082,59094;4087,53000;UP
2026-07-09 03:20:00;M5;10;89;4083,84374;4077,36000;DOWN
2026-07-09 03:40:00;M5;10;21;4078,19881;4076,89000;DOWN
2026-07-09 03:50:00;M5;10;34;4076,81098;4070,61000;DOWN
2026-07-09 04:45:00;M5;10;21;4072,58065;4073,74000;UP
2026-07-09 05:00:00;M5;10;34;4073,81304;4074,76000;UP
2026-07-09 05:10:00;M5;10;55;4075,16559;4078,41000;UP
2026-07-09 05:30:00;M5;10;55;4074,80608;4072,32000;DOWN
2026-07-09 06:40:00;M5;10;21;4061,61542;4061,91000;UP
2026-07-09 06:55:00;M5;10;34;4062,77062;4064,12000;UP
2026-07-09 07:10:00;M5;10;34;4061,77496;4060,48000;DOWN
2026-07-09 07:30:00;M5;10;34;4059,67037;4062,86000;UP
2026-07-09 07:35:00;M5;10;55;4062,46356;4063,77000;UP
2026-07-09 07:40:00;M5;10;34;4058,89693;4057,79000;DOWN
2026-07-09 07:45:00;M5;10;34;4058,24663;4061,43000;UP
2026-07-09 07:45:00;M5;10;55;4061,62678;4061,43000;DOWN
2026-07-09 07:55:00;M5;10;55;4060,95013;4064,22000;UP
2026-07-09 08:05:00;M5;10;89;4067,75953;4068,11000;UP
2026-07-09 10:05:00;M5;10;21;4108,19207;4105,71000;DOWN
2026-07-09 10:45:00;M5;10;34;4110,65121;4110,49000;DOWN
2026-07-09 11:20:00;M5;10;21;4115,28351;4115,73000;UP
2026-07-09 11:25:00;M5;10;21;4115,19561;4114,78000;DOWN
2026-07-09 11:45:00;M5;10;55;4111,96237;4109,65000;DOWN
2026-07-09 13:00:00;M5;10;21;4107,90941;4109,85000;UP
2026-07-09 12:55:00;M5;10;89;4106,45054;4106,31000;DOWN
2026-07-09 13:05:00;M5;10;21;4106,92668;4106,91000;DOWN
2026-07-09 14:00:00;M5;10;21;4102,46498;4103,47000;UP
2026-07-09 14:15:00;M5;10;34;4104,23932;4105,01000;UP
2026-07-09 14:20:00;M5;10;21;4101,16007;4099,77000;DOWN
2026-07-09 14:30:00;M5;10;21;4100,81581;4101,32000;UP
2026-07-09 14:25:00;M5;10;34;4103,22085;4100,50000;DOWN
2026-07-09 14:35:00;M5;10;34;4102,59077;4105,31000;UP
2026-07-09 15:05:00;M5;10;55;4110,69862;4115,44000;UP
2026-07-09 15:15:00;M5;10;55;4110,30694;4108,01000;DOWN
2026-07-09 15:30:00;M5;10;55;4109,93997;4115,78000;UP
2026-07-09 15:25:00;M5;10;21;4108,02665;4107,07000;DOWN
2026-07-09 15:35:00;M5;10;21;4110,39418;4120,86000;UP
2026-07-09 15:45:00;M5;10;89;4117,48563;4112,45000;DOWN
2026-07-09 15:55:00;M5;10;55;4110,07962;4107,72000;DOWN
2026-07-09 16:05:00;M5;10;21;4114,42119;4116,20000;UP
2026-07-09 16:50:00;M5;10;89;4119,87063;4118,73000;DOWN
2026-07-09 17:00:00;M5;10;21;4124,54919;4131,16000;UP
2026-07-09 17:10:00;M5;10;21;4125,98441;4122,17000;DOWN
2026-07-09 17:15:00;M5;10;89;4121,48542;4117,28000;DOWN
2026-07-09 17:25:00;M5;10;34;4124,21384;4124,67000;UP
2026-07-09 17:35:00;M5;10;34;4125,12858;4123,02000;DOWN
2026-07-09 17:45:00;M5;10;89;4122,90686;4119,52000;DOWN
2026-07-09 17:55:00;M5;10;21;4125,92477;4127,69000;UP
2026-07-09 18:05:00;M5;10;34;4127,01620;4126,65000;DOWN
2026-07-09 18:15:00;M5;10;21;4126,29593;4127,43000;UP
2026-07-09 18:25:00;M5;10;34;4128,42434;4127,80000;DOWN
2026-07-09 18:35:00;M5;10;34;4129,22035;4130,41000;UP
2026-07-09 18:45:00;M5;10;34;4129,92226;4129,23000;DOWN
2026-07-09 19:00:00;M5;10;89;4126,69854;4125,75000;DOWN
2026-07-09 19:10:00;M5;10;21;4129,72385;4130,16000;UP
2026-07-09 19:15:00;M5;10;55;4129,98957;4129,53000;DOWN
2026-07-09 19:25:00;M5;10;21;4130,77237;4132,63000;UP
2026-07-09 19:45:00;M5;10;55;4132,42784;4131,15000;DOWN
2026-07-09 19:55:00;M5;10;89;4130,61811;4127,99000;DOWN
2026-07-09 20:25:00;M5;10;21;4130,57028;4131,58000;UP
2026-07-09 20:35:00;M5;10;34;4132,16622;4133,19000;UP
2026-07-09 20:45:00;M5;10;55;4134,53997;4136,18000;UP
2026-07-09 21:00:00;M5;10;89;4133,86823;4131,18000;DOWN
2026-07-09 22:45:00;M5;10;21;4120,23825;4122,11000;UP
2026-07-09 23:15:00;M5;10;34;4121,59702;4121,75000;UP
2026-07-10 01:10:00;M5;10;55;4123,43662;4123,52000;UP
2026-07-10 01:45:00;M5;10;21;4123,37248;4122,37000;DOWN
2026-07-10 02:00:00;M5;10;21;4123,30033;4123,31000;UP
2026-07-10 02:20:00;M5;10;21;4123,43842;4122,37000;DOWN
2026-07-10 02:25:00;M5;10;34;4122,20986;4122,07000;DOWN
2026-07-10 02:35:00;M5;10;34;4122,41347;4122,82000;UP
2026-07-10 02:45:00;M5;10;21;4123,30432;4124,05000;UP
2026-07-10 03:05:00;M5;10;34;4122,97952;4122,75000;DOWN
2026-07-10 03:15:00;M5;10;55;4121,22674;4120,86000;DOWN
2026-07-10 03:40:00;M5;10;21;4121,64068;4123,08000;UP
2026-07-10 03:45:00;M5;10;89;4124,03620;4124,32000;UP
2026-07-10 04:00:00;M5;10;89;4123,73796;4122,01000;DOWN
2026-07-10 04:05:00;M5;10;34;4122,54547;4125,47000;UP
2026-07-10 04:20:00;M5;10;89;4123,31659;4122,51000;DOWN
2026-07-10 04:25:00;M5;10;55;4121,89092;4121,65000;DOWN
2026-07-10 05:05:00;M5;10;21;4118,71046;4124,82000;UP
2026-07-10 06:20:00;M5;10;55;4122,83701;4122,31000;DOWN
2026-07-10 06:25:00;M5;10;34;4124,99373;4125,24000;UP
2026-07-10 06:40:00;M5;10;89;4122,13836;4121,53000;DOWN
2026-07-10 08:15:00;M5;10;21;4114,65778;4117,04000;UP
2026-07-10 08:30:00;M5;10;21;4113,94258;4113,10000;DOWN
2026-07-10 08:40:00;M5;10;21;4112,88387;4114,04000;UP
2026-07-10 08:45:00;M5;10;21;4111,91500;4111,80000;DOWN
2026-07-10 08:55:00;M5;10;21;4111,57935;4116,78000;UP
2026-07-10 09:05:00;M5;10;55;4117,00540;4117,72000;UP
2026-07-10 09:15:00;M5;10;89;4118,18773;4119,88000;UP
2026-07-10 09:25:00;M5;10;89;4117,86350;4114,49000;DOWN
2026-07-10 09:35:00;M5;10;21;4114,46391;4115,48000;UP
2026-07-10 09:40:00;M5;10;34;4113,16042;4111,53000;DOWN
2026-07-10 09:45:00;M5;10;34;4113,08951;4113,18000;UP
2026-07-10 09:45:00;M5;10;21;4114,67539;4113,18000;DOWN
2026-07-10 09:55:00;M5;10;34;4112,84803;4111,72000;DOWN
2026-07-10 10:15:00;M5;10;21;4113,62044;4114,10000;UP
2026-07-10 10:25:00;M5;10;55;4113,10561;4112,40000;DOWN
2026-07-10 10:35:00;M5;10;34;4111,78134;4111,72000;DOWN
2026-07-10 12:05:00;M5;10;21;4098,98976;4099,14000;UP
2026-07-10 12:15:00;M5;10;34;4101,26828;4101,38000;UP
2026-07-10 12:40:00;M5;10;55;4102,02382;4102,83000;UP
2026-07-10 13:00:00;M5;10;89;4104,71487;4108,44000;UP
2026-07-10 13:55:00;M5;10;21;4107,76874;4104,62000;DOWN
2026-07-10 14:25:00;M5;10;89;4101,66111;4100,20000;DOWN
2026-07-10 14:40:00;M5;10;21;4106,01350;4106,67000;UP
2026-07-10 14:55:00;M5;10;34;4104,29597;4102,26000;DOWN
2026-07-10 15:05:00;M5;10;21;4103,12736;4103,83000;UP
2026-07-10 15:30:00;M5;10;34;4104,78784;4101,98000;DOWN
2026-07-10 15:40:00;M5;10;89;4100,20863;4098,41000;DOWN
2026-07-10 15:45:00;M5;10;89;4100,08205;4101,57000;UP
2026-07-10 16:05:00;M5;10;21;4102,81000;4105,61000;UP
2026-07-10 16:20:00;M5;10;89;4099,75783;4096,91000;DOWN
2026-07-10 16:45:00;M5;10;21;4098,16083;4101,38000;UP
2026-07-10 16:55:00;M5;10;55;4100,81631;4099,82000;DOWN
2026-07-10 17:15:00;M5;10;55;4100,27411;4104,30000;UP
2026-07-10 17:30:00;M5;10;89;4098,07268;4089,90000;DOWN
2026-07-10 17:40:00;M5;10;89;4097,96961;4099,17000;UP
2026-07-10 17:45:00;M5;10;21;4100,49299;4107,29000;UP
2026-07-10 17:55:00;M5;10;89;4097,94380;4092,80000;DOWN
2026-07-10 18:05:00;M5;10;89;4097,88568;4098,51000;UP
2026-07-10 18:20:00;M5;10;21;4099,93245;4105,62000;UP
2026-07-10 19:35:00;M5;10;21;4112,93058;4112,35000;DOWN
2026-07-10 19:45:00;M5;10;34;4109,38889;4107,60000;DOWN
2026-07-10 19:55:00;M5;10;55;4105,67510;4104,49000;DOWN
2026-07-10 20:45:00;M5;10;89;4103,51451;4103,31000;DOWN
2026-07-10 21:05:00;M5;10;21;4102,93632;4103,15000;UP
2026-07-10 21:15:00;M5;10;89;4103,71372;4103,19000;DOWN
2026-07-10 21:35:00;M5;10;21;4100,82418;4099,74000;DOWN
2026-07-10 21:50:00;M5;10;21;4100,26582;4101,18000;UP
2026-07-10 22:00:00;M5;10;21;4099,85888;4097,95000;DOWN
2026-07-10 22:05:00;M5;10;21;4099,63562;4101,34000;UP
2026-07-10 22:15:00;M5;10;34;4101,35584;4102,71000;UP
2026-07-10 22:45:00;M5;10;55;4103,91365;4104,75000;UP
2026-07-13 01:05:00;M5;10;89;4106,21958;4090,42000;DOWN
2026-07-13 02:25:00;M5;10;21;4069,04328;4074,70000;UP
2026-07-13 02:45:00;M5;10;34;4077,07688;4078,52000;UP
2026-07-13 03:05:00;M5;10;55;4083,40416;4088,41000;UP
2026-07-13 03:25:00;M5;10;55;4080,76106;4074,64000;DOWN
2026-07-13 03:40:00;M5;10;34;4071,19775;4073,08000;UP
2026-07-13 03:45:00;M5;10;34;4069,88139;4069,03000;DOWN
2026-07-13 03:55:00;M5;10;34;4068,90896;4073,99000;UP
2026-07-13 04:05:00;M5;10;21;4074,12016;4077,39000;UP
2026-07-13 04:15:00;M5;10;21;4073,90464;4073,45000;DOWN
2026-07-13 04:25:00;M5;10;21;4074,21896;4079,81000;UP
2026-07-13 04:50:00;M5;10;89;4079,27578;4074,07000;DOWN
2026-07-13 04:55:00;M5;10;34;4073,29318;4072,13000;DOWN
2026-07-13 05:25:00;M5;10;55;4068,94718;4067,18000;DOWN
2026-07-13 05:35:00;M5;10;21;4075,26742;4075,47000;UP
2026-07-13 05:45:00;M5;10;89;4073,95220;4069,42000;DOWN
2026-07-13 06:00:00;M5;10;55;4067,92685;4064,46000;DOWN
2026-07-13 06:45:00;M5;10;21;4059,57621;4060,00000;UP
2026-07-13 07:00:00;M5;10;21;4058,19459;4057,27000;DOWN
2026-07-13 07:15:00;M5;10;21;4055,45738;4057,09000;UP
2026-07-13 07:35:00;M5;10;34;4056,44745;4056,54000;UP
2026-07-13 07:45:00;M5;10;34;4054,94181;4053,20000;DOWN
2026-07-13 07:55:00;M5;10;34;4053,89884;4058,86000;UP
2026-07-13 08:25:00;M5;10;21;4058,76658;4058,15000;DOWN
2026-07-13 08:35:00;M5;10;21;4060,26882;4063,41000;UP
2026-07-13 08:50:00;M5;10;21;4061,38362;4058,14000;DOWN
2026-07-13 08:55:00;M5;10;89;4054,36080;4053,79000;DOWN
2026-07-13 09:20:00;M5;10;55;4054,37298;4055,14000;UP
2026-07-13 09:25:00;M5;10;21;4058,39062;4061,11000;UP
2026-07-13 09:45:00;M5;10;34;4056,65781;4056,39000;DOWN
2026-07-13 10:00:00;M5;10;55;4053,59921;4053,46000;DOWN
2026-07-13 10:05:00;M5;10;21;4056,93386;4058,33000;UP
2026-07-13 10:15:00;M5;10;34;4057,08723;4057,04000;DOWN
2026-07-13 10:25:00;M5;10;34;4057,15482;4058,75000;UP
2026-07-13 10:40:00;M5;10;34;4057,32982;4057,32000;DOWN
2026-07-13 10:50:00;M5;10;34;4057,38859;4061,39000;UP
2026-07-13 10:45:00;M5;10;21;4057,58757;4057,29000;DOWN
2026-07-13 10:55:00;M5;10;21;4058,59474;4064,77000;UP
2026-07-13 11:55:00;M5;10;21;4075,74173;4074,54000;DOWN
2026-07-13 12:25:00;M5;10;34;4073,91605;4072,65000;DOWN
2026-07-13 12:55:00;M5;10;55;4069,97760;4068,19000;DOWN
2026-07-13 13:40:00;M5;10;89;4062,98327;4052,20000;DOWN
2026-07-13 14:00:00;M5;10;21;4063,34979;4063,64000;UP
2026-07-13 14:05:00;M5;10;89;4063,92107;4064,98000;UP
2026-07-13 14:15:00;M5;10;89;4064,12319;4061,69000;DOWN
2026-07-13 14:25:00;M5;10;21;4059,75350;4062,81000;UP
2026-07-13 14:35:00;M5;10;89;4064,45475;4064,01000;DOWN
2026-07-13 14:50:00;M5;10;21;4059,72534;4056,52000;DOWN
2026-07-13 15:15:00;M5;10;21;4057,95303;4059,27000;UP
2026-07-13 15:45:00;M5;10;55;4063,71142;4065,66000;UP
2026-07-13 16:00:00;M5;10;89;4064,14143;4062,94000;DOWN
2026-07-13 16:05:00;M5;10;55;4062,65539;4063,31000;UP
2026-07-13 16:15:00;M5;10;55;4062,20861;4061,01000;DOWN
2026-07-13 16:25:00;M5;10;55;4061,81418;4062,18000;UP
2026-07-13 16:30:00;M5;10;34;4059,51548;4058,35000;DOWN
2026-07-13 16:35:00;M5;10;55;4061,26103;4054,49000;DOWN
2026-07-13 17:55:00;M5;10;21;4012,05493;4015,26000;UP
2026-07-13 18:25:00;M5;10;34;4015,41390;4016,41000;UP
2026-07-13 19:30:00;M5;10;34;4002,12433;3994,82000;DOWN
2026-07-13 19:40:00;M5;10;34;4000,32457;4000,65000;UP
2026-07-13 19:50:00;M5;10;34;3998,53757;3992,23000;DOWN
2026-07-13 20:05:00;M5;10;34;3995,08394;3998,08000;UP
2026-07-13 20:15:00;M5;10;21;3996,66981;4001,03000;UP
2026-07-13 21:00:00;M5;10;34;3991,74299;3990,73000;DOWN
2026-07-13 21:05:00;M5;10;21;3991,52197;3991,95000;UP
2026-07-13 21:15:00;M5;10;34;3989,69945;3988,32000;DOWN
2026-07-13 21:25:00;M5;10;21;3989,97855;3995,18000;UP
2026-07-13 21:35:00;M5;10;89;3995,28407;3998,86000;UP
2026-07-13 22:35:00;M5;10;21;3998,77890;3995,18000;DOWN
2026-07-13 22:50:00;M5;10;21;3999,00194;4000,38000;UP
2026-07-13 23:10:00;M5;10;21;4000,17696;3998,69000;DOWN
2026-07-13 23:50:00;M5;10;21;4000,44287;4000,81000;UP
2026-07-14 01:50:00;M5;10;21;4003,69931;4002,98000;DOWN
2026-07-14 01:55:00;M5;10;34;4003,08496;4000,95000;DOWN
2026-07-14 02:25:00;M5;10;55;3999,15545;3997,40000;DOWN
2026-07-14 02:55:00;M5;10;21;3998,83386;4001,05000;UP
2026-07-14 03:05:00;M5;10;55;3999,83181;3994,74000;DOWN
2026-07-14 03:25:00;M5;10;21;3994,45346;3995,31000;UP
2026-07-14 04:00:00;M5;10;55;3998,94809;3998,68000;DOWN
2026-07-14 04:05:00;M5;10;34;3997,68436;3995,00000;DOWN
2026-07-14 04:15:00;M5;10;21;3998,64558;4002,89000;UP
2026-07-14 04:25:00;M5;10;55;3999,19325;3997,74000;DOWN
2026-07-14 04:40:00;M5;10;21;3999,37483;4002,02000;UP
2026-07-14 05:40:00;M5;10;21;4013,35515;4010,83000;DOWN
2026-07-14 06:15:00;M5;10;34;4013,49779;4013,49000;DOWN
2026-07-14 06:25:00;M5;10;34;4014,77764;4017,95000;UP
2026-07-14 06:35:00;M5;10;34;4015,93839;4015,21000;DOWN
2026-07-14 06:50:00;M5;10;34;4016,96726;4017,58000;UP
2026-07-14 06:55:00;M5;10;34;4017,90385;4016,58000;DOWN
2026-07-14 07:30:00;M5;10;21;4017,24608;4021,78000;UP
2026-07-14 07:45:00;M5;10;34;4020,14830;4017,84000;DOWN
2026-07-14 07:55:00;M5;10;21;4018,74495;4020,18000;UP
2026-07-14 08:05:00;M5;10;34;4020,87794;4022,75000;UP
2026-07-14 08:15:00;M5;10;34;4021,31286;4021,30000;DOWN
2026-07-14 08:25:00;M5;10;34;4021,80813;4022,68000;UP
2026-07-14 09:20:00;M5;10;34;4028,02041;4027,69000;DOWN
2026-07-14 09:25:00;M5;10;55;4027,92045;4022,91000;DOWN
2026-07-14 09:50:00;M5;10;89;4023,88435;4023,39000;DOWN
2026-07-14 10:00:00;M5;10;89;4024,77330;4025,50000;UP
2026-07-14 10:05:00;M5;10;21;4028,18266;4028,93000;UP
2026-07-14 10:10:00;M5;10;89;4025,63494;4024,66000;DOWN
2026-07-14 10:15:00;M5;10;89;4026,44256;4027,19000;UP
2026-07-14 10:15:00;M5;10;21;4027,72075;4027,19000;DOWN
2026-07-14 10:25:00;M5;10;89;4027,19017;4026,32000;DOWN
2026-07-14 11:25:00;M5;10;21;4020,69675;4021,68000;UP
2026-07-14 11:35:00;M5;10;21;4019,68373;4019,36000;DOWN
2026-07-14 11:45:00;M5;10;21;4018,84314;4019,21000;UP
2026-07-14 11:55:00;M5;10;21;4017,79692;4015,91000;DOWN
2026-07-14 12:05:00;M5;10;21;4017,27758;4021,16000;UP
2026-07-14 12:20:00;M5;10;34;4019,79850;4018,36000;DOWN
2026-07-14 12:25:00;M5;10;21;4016,94735;4015,75000;DOWN
2026-07-14 12:40:00;M5;10;21;4016,67542;4017,20000;UP
2026-07-14 12:45:00;M5;10;34;4017,84599;4023,05000;UP
2026-07-14 13:05:00;M5;10;21;4018,22865;4018,03000;DOWN
2026-07-14 13:15:00;M5;10;21;4018,57861;4018,89000;UP
2026-07-14 13:30:00;M5;10;34;4017,23948;4016,13000;DOWN
2026-07-14 13:35:00;M5;10;21;4018,67271;4019,00000;UP
2026-07-14 13:45:00;M5;10;55;4019,69535;4021,65000;UP
2026-07-14 14:05:00;M5;10;55;4019,03702;4016,21000;DOWN
2026-07-14 14:15:00;M5;10;21;4020,00817;4022,89000;UP
2026-07-14 14:25:00;M5;10;89;4025,05001;4024,85000;DOWN
2026-07-14 14:35:00;M5;10;89;4024,91586;4028,39000;UP
2026-07-14 15:05:00;M5;10;21;4027,41823;4025,75000;DOWN
2026-07-14 15:20:00;M5;10;21;4028,47912;4028,74000;UP
2026-07-14 16:15:00;M5;10;21;4076,67069;4076,21000;DOWN
2026-07-14 16:50:00;M5;10;34;4076,85930;4076,36000;DOWN
2026-07-14 17:45:00;M5;10;55;4080,01797;4078,95000;DOWN
2026-07-14 17:55:00;M5;10;21;4084,86422;4085,09000;UP
2026-07-14 18:05:00;M5;10;34;4095,38987;4095,64000;UP
2026-07-14 18:15:00;M5;10;55;4088,75583;4086,97000;DOWN
2026-07-14 18:25:00;M5;10;21;4087,01166;4084,85000;DOWN
2026-07-14 18:40:00;M5;10;89;4074,17849;4074,11000;DOWN
2026-07-14 19:50:00;M5;10;21;4059,79022;4060,19000;UP
2026-07-14 20:25:00;M5;10;34;4061,43794;4062,78000;UP
2026-07-14 21:20:00;M5;10;21;4058,82901;4057,13000;DOWN
2026-07-14 21:35:00;M5;10;34;4054,92651;4053,04000;DOWN
2026-07-14 21:55:00;M5;10;34;4053,60854;4054,11000;UP
2026-07-14 22:10:00;M5;10;21;4054,83958;4056,53000;UP
2026-07-14 22:20:00;M5;10;34;4052,75466;4052,49000;DOWN
2026-07-14 22:40:00;M5;10;21;4052,02491;4052,56000;UP
2026-07-14 22:50:00;M5;10;55;4053,97863;4055,42000;UP
2026-07-14 23:30:00;M5;10;21;4051,78967;4051,45000;DOWN
2026-07-14 23:35:00;M5;10;34;4050,77618;4050,42000;DOWN
2026-07-14 23:50:00;M5;10;21;4051,36043;4052,25000;UP
2026-07-15 01:10:00;M5;10;21;4051,07057;4050,68000;DOWN
2026-07-15 01:25:00;M5;10;21;4050,85871;4051,64000;UP
2026-07-15 01:40:00;M5;10;21;4050,67897;4050,50000;DOWN
2026-07-15 01:45:00;M5;10;34;4049,75404;4049,14000;DOWN
2026-07-15 02:05:00;M5;10;21;4049,50707;4049,55000;UP
2026-07-15 02:15:00;M5;10;34;4049,00662;4047,91000;DOWN
2026-07-15 02:25:00;M5;10;21;4049,22410;4053,87000;UP
2026-07-15 03:10:00;M5;10;21;4051,99510;4051,28000;DOWN
2026-07-15 03:20:00;M5;10;21;4052,53714;4055,60000;UP
2026-07-15 03:35:00;M5;10;21;4054,44143;4054,19000;DOWN
2026-07-15 03:50:00;M5;10;21;4055,15638;4057,75000;UP
2026-07-15 04:05:00;M5;10;21;4056,79574;4056,35000;DOWN
2026-07-15 04:20:00;M5;10;34;4055,05620;4053,83000;DOWN
2026-07-15 04:30:00;M5;10;55;4052,12496;4050,81000;DOWN
2026-07-15 04:35:00;M5;10;89;4049,48736;4046,29000;DOWN
2026-07-15 05:35:00;M5;10;21;4035,16372;4037,79000;UP
2026-07-15 06:00:00;M5;10;34;4039,42960;4039,49000;UP
2026-07-15 06:05:00;M5;10;34;4037,76644;4036,65000;DOWN
2026-07-15 06:40:00;M5;10;21;4029,80815;4029,34000;DOWN
2026-07-15 06:45:00;M5;10;21;4029,63054;4032,04000;UP
2026-07-15 07:15:00;M5;10;55;4033,83455;4034,03000;UP
2026-07-15 07:30:00;M5;10;55;4032,76142;4031,61000;DOWN
2026-07-15 07:40:00;M5;10;21;4030,48438;4030,20000;DOWN
2026-07-15 07:45:00;M5;10;21;4030,63890;4031,46000;UP
2026-07-15 08:10:00;M5;10;55;4029,15478;4026,08000;DOWN
2026-07-15 08:30:00;M5;10;34;4027,76182;4028,06000;UP
2026-07-15 08:35:00;M5;10;21;4029,27011;4031,34000;UP
2026-07-15 08:55:00;M5;10;89;4030,14640;4034,79000;UP
2026-07-15 09:10:00;M5;10;89;4029,56706;4027,56000;DOWN
2026-07-15 09:30:00;M5;10;34;4028,00299;4028,03000;UP
2026-07-15 09:35:00;M5;10;21;4028,27693;4029,13000;UP
2026-07-15 10:20:00;M5;10;34;4028,31232;4026,03000;DOWN
2026-07-15 10:25:00;M5;10;89;4025,41023;4024,04000;DOWN
2026-07-15 10:50:00;M5;10;55;4024,70626;4025,56000;UP
2026-07-15 10:55:00;M5;10;55;4024,41834;4024,41000;DOWN
2026-07-15 11:05:00;M5;10;89;4023,23014;4022,44000;DOWN
2026-07-15 11:15:00;M5;10;21;4023,31906;4024,08000;UP
2026-07-15 11:25:00;M5;10;34;4024,41183;4026,60000;UP
2026-07-15 12:25:00;M5;10;21;4029,49448;4027,39000;DOWN
2026-07-15 12:35:00;M5;10;34;4027,01890;4026,29000;DOWN
2026-07-15 12:45:00;M5;10;34;4027,28185;4028,45000;UP
2026-07-15 12:55:00;M5;10;21;4030,16023;4030,22000;UP
2026-07-15 13:20:00;M5;10;21;4030,81866;4029,31000;DOWN
2026-07-15 13:25:00;M5;10;34;4029,27398;4028,87000;DOWN
2026-07-15 13:35:00;M5;10;21;4031,23841;4033,64000;UP
2026-07-15 13:45:00;M5;10;34;4030,43494;4028,39000;DOWN
2026-07-15 14:05:00;M5;10;21;4030,75616;4031,22000;UP
2026-07-15 14:15:00;M5;10;34;4030,93652;4029,32000;DOWN
2026-07-15 14:25:00;M5;10;21;4030,53178;4030,66000;UP
2026-07-15 16:20:00;M5;10;21;4065,41798;4061,72000;DOWN
2026-07-15 16:25:00;M5;10;34;4057,72347;4055,88000;DOWN
2026-07-15 16:35:00;M5;10;34;4060,56839;4061,06000;UP
2026-07-15 16:45:00;M5;10;34;4062,64901;4056,44000;DOWN
2026-07-15 17:20:00;M5;10;55;4059,17766;4057,66000;DOWN
2026-07-15 17:30:00;M5;10;55;4060,80849;4062,05000;UP
2026-07-15 17:35:00;M5;10;55;4062,35097;4062,02000;DOWN
2026-07-15 18:05:00;M5;10;89;4054,95769;4054,55000;DOWN
2026-07-15 19:45:00;M5;10;21;4033,25100;4035,65000;UP
2026-07-15 20:05:00;M5;10;34;4036,43139;4036,70000;UP
2026-07-15 20:25:00;M5;10;55;4046,68650;4047,52000;UP
2026-07-15 21:35:00;M5;10;21;4071,33281;4070,77000;DOWN
2026-07-15 21:55:00;M5;10;34;4061,32959;4059,14000;DOWN
2026-07-15 22:15:00;M5;10;89;4059,99152;4056,72000;DOWN
2026-07-15 23:00:00;M5;10;55;4057,47679;4058,00000;UP
2026-07-15 23:05:00;M5;10;21;4055,67848;4056,90000;UP
2026-07-15 23:05:00;M5;10;55;4057,82818;4056,90000;DOWN
2026-07-15 23:15:00;M5;10;55;4058,27308;4059,26000;UP
2026-07-15 23:35:00;M5;10;34;4062,83527;4062,91000;UP
2026-07-15 23:45:00;M5;10;34;4062,38436;4061,38000;DOWN
2026-07-15 23:55:00;M5;10;55;4061,18405;4059,94000;DOWN
2026-07-16 01:05:00;M5;10;34;4061,53521;4063,36000;UP
2026-07-16 01:20:00;M5;10;55;4062,70719;4061,99000;DOWN
2026-07-16 01:30:00;M5;10;89;4060,62524;4060,51000;DOWN
2026-07-16 02:05:00;M5;10;34;4061,08057;4061,33000;UP
2026-07-16 02:15:00;M5;10;34;4061,03393;4059,02000;DOWN
2026-07-16 03:20:00;M5;10;21;4056,80448;4058,48000;UP
2026-07-16 03:30:00;M5;10;34;4058,33379;4060,66000;UP
2026-07-16 03:40:00;M5;10;34;4058,00116;4055,07000;DOWN
2026-07-16 03:45:00;M5;10;21;4056,59771;4059,19000;UP
2026-07-16 03:55:00;M5;10;34;4056,94792;4044,61000;DOWN
2026-07-16 04:35:00;M5;10;21;4044,00914;4044,45000;UP
2026-07-16 04:45:00;M5;10;21;4041,58455;4041,29000;DOWN
2026-07-16 05:25:00;M5;10;21;4032,36054;4034,60000;UP
2026-07-16 05:35:00;M5;10;21;4030,24124;4027,25000;DOWN
2026-07-16 05:45:00;M5;10;21;4028,51488;4029,43000;UP
2026-07-16 05:55:00;M5;10;34;4031,10722;4031,43000;UP
2026-07-16 06:25:00;M5;10;55;4033,27137;4033,92000;UP
2026-07-16 07:30:00;M5;10;21;4032,93156;4032,89000;DOWN
2026-07-16 07:35:00;M5;10;21;4033,40722;4033,43000;UP
2026-07-16 07:55:00;M5;10;21;4034,06158;4033,16000;DOWN
2026-07-16 08:15:00;M5;10;34;4030,33816;4029,33000;DOWN
2026-07-16 08:40:00;M5;10;21;4031,07675;4032,29000;UP
2026-07-16 08:45:00;M5;10;89;4029,79202;4027,55000;DOWN
2026-07-16 09:00:00;M5;10;21;4028,86949;4031,05000;UP
2026-07-16 09:15:00;M5;10;34;4029,59361;4029,44000;DOWN
2026-07-16 09:25:00;M5;10;34;4029,54171;4030,30000;UP
2026-07-16 09:30:00;M5;10;21;4028,68316;4026,88000;DOWN
2026-07-16 09:35:00;M5;10;34;4029,29503;4026,67000;DOWN
2026-07-16 09:45:00;M5;10;21;4028,16749;4028,24000;UP
2026-07-16 10:10:00;M5;10;34;4028,55019;4026,26000;DOWN
2026-07-16 10:15:00;M5;10;55;4025,94524;4024,69000;DOWN
2026-07-16 10:40:00;M5;10;55;4025,71119;4026,09000;UP
2026-07-16 10:45:00;M5;10;21;4026,38550;4030,63000;UP
2026-07-16 11:10:00;M5;10;34;4026,83369;4025,83000;DOWN
2026-07-16 11:15:00;M5;10;21;4027,63651;4029,24000;UP
2026-07-16 12:20:00;M5;10;21;4035,39957;4032,62000;DOWN
2026-07-16 12:30:00;M5;10;34;4032,68231;4031,71000;DOWN
2026-07-16 12:40:00;M5;10;34;4033,37834;4034,24000;UP
2026-07-16 12:45:00;M5;10;34;4033,86755;4032,34000;DOWN
2026-07-16 13:00:00;M5;10;55;4031,12634;4030,97000;DOWN
2026-07-16 13:05:00;M5;10;55;4031,50028;4032,37000;UP
2026-07-16 13:20:00;M5;10;21;4034,35508;4034,54000;UP
2026-07-16 13:25:00;M5;10;34;4034,56967;4033,25000;DOWN
2026-07-16 13:35:00;M5;10;55;4032,34465;4031,77000;DOWN
2026-07-16 14:15:00;M5;10;89;4027,72012;4026,35000;DOWN
2026-07-16 14:30:00;M5;10;21;4028,51216;4029,78000;UP
2026-07-16 14:35:00;M5;10;34;4030,75510;4030,77000;UP
2026-07-16 15:10:00;M5;10;55;4031,87095;4031,73000;DOWN
2026-07-16 15:20:00;M5;10;89;4028,60314;4020,92000;DOWN
2026-07-16 16:25:00;M5;10;21;3995,79408;4005,46000;UP
2026-07-16 16:35:00;M5;10;21;3990,45592;3983,40000;DOWN
2026-07-16 16:45:00;M5;10;21;3986,43213;3991,91000;UP
2026-07-16 17:00:00;M5;10;34;3995,68437;3996,91000;UP
2026-07-16 17:10:00;M5;10;34;3992,38442;3988,99000;DOWN
2026-07-16 17:15:00;M5;10;34;3989,66823;3995,65000;UP
2026-07-16 17:30:00;M5;10;55;3999,49949;4002,56000;UP
2026-07-16 17:50:00;M5;10;55;3995,59513;3995,30000;DOWN
2026-07-16 17:55:00;M5;10;55;3994,03671;3997,77000;UP
2026-07-16 18:10:00;M5;10;21;3993,60876;3992,82000;DOWN
2026-07-16 18:15:00;M5;10;21;3995,34137;3998,72000;UP
2026-07-16 19:00:00;M5;10;89;3999,96369;3999,37000;DOWN
2026-07-16 19:10:00;M5;10;55;3991,27951;3989,89000;DOWN
2026-07-16 19:35:00;M5;10;55;3990,17831;3991,08000;UP
2026-07-16 20:05:00;M5;10;55;3988,59434;3987,78000;DOWN
2026-07-16 20:25:00;M5;10;21;3986,54319;3987,57000;UP
2026-07-16 20:35:00;M5;10;21;3984,42683;3982,48000;DOWN
2026-07-16 20:45:00;M5;10;21;3983,00089;3984,81000;UP
2026-07-16 21:05:00;M5;10;34;3986,79738;3987,17000;UP
2026-07-16 21:30:00;M5;10;89;3983,96487;3979,24000;DOWN
2026-07-16 21:40:00;M5;10;21;3982,29605;3983,07000;UP
2026-07-16 21:45:00;M5;10;34;3982,09480;3982,92000;UP
2026-07-16 21:50:00;M5;10;89;3982,10559;3981,08000;DOWN
2026-07-16 22:00:00;M5;10;21;3981,31796;3985,03000;UP
2026-07-16 21:55:00;M5;10;34;3981,08080;3980,29000;DOWN
2026-07-16 22:05:00;M5;10;34;3980,33013;3982,64000;UP
2026-07-16 22:10:00;M5;10;55;3982,52834;3980,50000;DOWN
2026-07-16 22:15:00;M5;10;21;3980,93672;3982,60000;UP
2026-07-16 22:25:00;M5;10;89;3978,89377;3978,83000;DOWN
2026-07-16 22:50:00;M5;10;21;3978,04928;3981,41000;UP
2026-07-16 23:00:00;M5;10;55;3978,16311;3978,03000;DOWN
2026-07-16 23:10:00;M5;10;89;3976,07191;3974,93000;DOWN
2026-07-16 23:25:00;M5;10;21;3974,45167;3974,91000;UP
2026-07-16 23:35:00;M5;10;55;3974,59633;3975,09000;UP
2026-07-17 01:40:00;M5;10;21;3974,76334;3973,44000;DOWN
2026-07-17 01:50:00;M5;10;21;3974,82937;3975,17000;UP
2026-07-17 02:30:00;M5;10;21;3977,38067;3977,22000;DOWN
2026-07-17 02:35:00;M5;10;21;3978,08475;3979,58000;UP
2026-07-17 02:45:00;M5;10;21;3978,59899;3978,43000;DOWN
2026-07-17 02:55:00;M5;10;21;3979,77911;3985,89000;UP
2026-07-17 03:25:00;M5;10;21;3984,94380;3984,82000;DOWN
2026-07-17 03:35:00;M5;10;34;3982,17190;3981,28000;DOWN
2026-07-17 03:45:00;M5;10;21;3986,33630;3986,39000;UP
2026-07-17 04:25:00;M5;10;21;3991,89277;3991,00000;DOWN
2026-07-17 04:45:00;M5;10;55;3985,06756;3984,01000;DOWN
2026-07-17 05:30:00;M5;10;89;3978,85904;3977,58000;DOWN
2026-07-17 05:55:00;M5;10;21;3978,88829;3979,18000;UP
2026-07-17 07:00:00;M5;10;55;3990,56213;3989,50000;DOWN
2026-07-17 07:25:00;M5;10;89;3986,54433;3986,21000;DOWN
2026-07-17 08:25:00;M5;10;21;3979,20234;3979,77000;UP
2026-07-17 08:35:00;M5;10;34;3984,78124;3985,73000;UP
2026-07-17 08:45:00;M5;10;55;3986,93864;3987,95000;UP
2026-07-17 08:55:00;M5;10;89;3987,25272;3984,94000;DOWN
2026-07-17 09:05:00;M5;10;55;3986,21918;3988,67000;UP
2026-07-17 09:55:00;M5;10;21;3999,60141;3999,32000;DOWN
2026-07-17 10:35:00;M5;10;34;3997,09174;3996,73000;DOWN
2026-07-17 11:00:00;M5;10;34;3998,64486;3999,10000;UP
2026-07-17 10:55:00;M5;10;89;3993,65574;3992,67000;DOWN
2026-07-17 11:05:00;M5;10;55;3995,13862;3997,49000;UP
2026-07-17 11:05:00;M5;10;34;3999,17460;3997,49000;DOWN
2026-07-17 11:15:00;M5;10;89;3994,38600;3990,02000;DOWN
2026-07-17 11:45:00;M5;10;21;3993,13132;3998,51000;UP
2026-07-17 11:55:00;M5;10;89;3995,18043;3994,07000;DOWN
2026-07-17 12:10:00;M5;10;34;3996,88810;3997,87000;UP
2026-07-17 12:15:00;M5;10;55;3996,69193;3996,06000;DOWN
2026-07-17 12:25:00;M5;10;34;3996,47966;3998,98000;UP
2026-07-17 12:30:00;M5;10;89;3995,89121;3995,59000;DOWN
2026-07-17 12:35:00;M5;10;89;3996,19164;3997,45000;UP
2026-07-17 12:35:00;M5;10;55;3997,53949;3997,45000;DOWN
2026-07-17 12:50:00;M5;10;34;3996,42280;3997,80000;UP
2026-07-17 12:45:00;M5;10;89;3996,48252;3995,39000;DOWN
2026-07-17 12:55:00;M5;10;21;3996,58172;3997,99000;UP
2026-07-17 13:00:00;M5;10;34;3996,49543;3995,99000;DOWN
2026-07-17 13:05:00;M5;10;34;3996,55911;3996,64000;UP
2026-07-17 13:05:00;M5;10;89;3997,07729;3996,64000;DOWN
2026-07-17 13:15:00;M5;10;34;3996,49104;3994,59000;DOWN
2026-07-17 13:30:00;M5;10;34;3996,43138;3996,63000;UP
2026-07-17 13:35:00;M5;10;34;3996,38769;3995,94000;DOWN
2026-07-17 14:25:00;M5;10;21;3993,44130;3995,64000;UP
2026-07-17 14:35:00;M5;10;34;3994,55529;3993,39000;DOWN
2026-07-17 14:45:00;M5;10;21;3992,92823;3993,62000;UP
2026-07-17 14:55:00;M5;10;89;3997,63812;3994,00000;DOWN
2026-07-17 16:25:00;M5;10;21;3967,90847;3968,25000;UP
2026-07-17 16:35:00;M5;10;34;3974,87966;3993,69000;UP
2026-07-17 17:45:00;M5;10;21;3998,52610;3995,58000;DOWN
2026-07-17 18:00:00;M5;10;21;4001,40675;4012,37000;UP
2026-07-17 18:15:00;M5;10;21;4006,66744;4005,55000;DOWN
2026-07-17 18:25:00;M5;10;21;4009,26006;4013,28000;UP
2026-07-17 19:05:00;M5;10;21;4019,38712;4017,68000;DOWN
2026-07-17 19:20:00;M5;10;21;4021,56709;4023,54000;UP
2026-07-17 19:25:00;M5;10;34;4019,05518;4018,62000;DOWN
2026-07-17 20:10:00;M5;10;55;4014,43301;4013,32000;DOWN
2026-07-17 21:15:00;M5;10;21;4011,99678;4012,11000;UP
2026-07-17 21:35:00;M5;10;89;4012,63964;4011,36000;DOWN
2026-07-17 21:55:00;M5;10;21;4010,16553;4011,23000;UP
2026-07-17 22:05:00;M5;10;21;4009,23970;4005,38000;DOWN
2026-07-17 22:35:00;M5;10;21;4006,28662;4006,58000;UP
2026-07-17 23:30:00;M5;10;21;4009,66844;4009,38000;DOWN
2026-07-17 23:35:00;M5;10;21;4010,25477;4010,85000;UP
2026-07-17 23:45:00;M5;10;55;4013,66800;4015,84000;UP
2026-07-20 01:05:00;M5;10;55;4012,84768;3997,67000;DOWN
2026-07-20 02:20:00;M5;10;21;3993,15058;3993,29000;UP
2026-07-20 02:55:00;M5;10;34;3992,58326;3995,42000;UP
2026-07-20 03:00:00;M5;10;21;3988,77976;3987,19000;DOWN
2026-07-20 03:10:00;M5;10;21;3988,58140;3996,02000;UP
2026-07-20 03:05:00;M5;10;34;3991,19726;3988,45000;DOWN
2026-07-20 03:15:00;M5;10;34;3990,44643;3999,89000;UP
2026-07-20 03:55:00;M5;10;89;4002,09094;4008,46000;UP
2026-07-20 04:20:00;M5;10;89;4001,55175;4000,79000;DOWN
2026-07-20 04:25:00;M5;10;89;4001,36863;4003,08000;UP
2026-07-20 04:40:00;M5;10;89;4001,20303;3997,00000;DOWN
2026-07-20 04:45:00;M5;10;34;4001,75903;4003,87000;UP
2026-07-20 05:00:00;M5;10;21;4007,97815;4008,11000;UP
2026-07-20 04:55:00;M5;10;34;4002,66295;4002,08000;DOWN
2026-07-20 05:05:00;M5;10;34;4003,69951;4007,38000;UP
2026-07-20 05:05:00;M5;10;21;4007,75624;4007,38000;DOWN
2026-07-20 05:15:00;M5;10;34;4004,64766;4004,57000;DOWN
2026-07-20 05:30:00;M5;10;21;4007,24073;4010,40000;UP
2026-07-20 06:25:00;M5;10;21;4022,46529;4021,98000;DOWN
2026-07-20 06:40:00;M5;10;21;4024,87529;4026,93000;UP
2026-07-20 06:45:00;M5;10;21;4026,95896;4025,92000;DOWN
2026-07-20 07:05:00;M5;10;34;4025,27528;4024,12000;DOWN
2026-07-20 07:45:00;M5;10;55;4024,05037;4020,03000;DOWN
2026-07-20 08:10:00;M5;10;89;4015,08217;4014,17000;DOWN
2026-07-20 09:00:00;M5;10;21;4009,72315;4010,39000;UP
2026-07-20 09:10:00;M5;10;21;4007,69197;4007,39000;DOWN
2026-07-20 09:15:00;M5;10;21;4006,26809;4008,87000;UP
2026-07-20 09:25:00;M5;10;21;4005,00431;4004,87000;DOWN
2026-07-20 09:35:00;M5;10;21;4003,87471;4004,70000;UP
2026-07-20 10:05:00;M5;10;34;4005,11390;4005,42000;UP
2026-07-20 10:15:00;M5;10;34;4003,78255;4003,75000;DOWN
2026-07-20 10:25:00;M5;10;34;4002,81307;4006,64000;UP
2026-07-20 10:35:00;M5;10;89;4015,71276;4016,39000;UP
2026-07-20 11:40:00;M5;10;21;4022,09668;4021,76000;DOWN
2026-07-20 12:05:00;M5;10;34;4018,72424;4017,90000;DOWN
2026-07-20 12:25:00;M5;10;89;4018,29108;4016,38000;DOWN
2026-07-20 12:35:00;M5;10;89;4018,46972;4019,97000;UP
2026-07-20 12:45:00;M5;10;21;4022,29644;4022,73000;UP
2026-07-20 12:55:00;M5;10;34;4022,98123;4021,17000;DOWN
2026-07-20 13:20:00;M5;10;21;4020,97936;4021,47000;UP
2026-07-20 13:50:00;M5;10;34;4023,68540;4024,58000;UP
2026-07-20 14:05:00;M5;10;34;4023,65363;4022,62000;DOWN
2026-07-20 14:15:00;M5;10;21;4022,67675;4023,13000;UP
2026-07-20 14:20:00;M5;10;55;4022,46014;4021,57000;DOWN
2026-07-20 14:30:00;M5;10;34;4023,63525;4036,81000;UP
2026-07-20 14:25:00;M5;10;21;4022,96063;4022,19000;DOWN
2026-07-20 14:35:00;M5;10;21;4024,21668;4032,50000;UP
2026-07-20 15:00:00;M5;10;89;4021,79065;4014,35000;DOWN
2026-07-20 16:15:00;M5;10;21;4008,76414;4010,03000;UP
2026-07-20 16:30:00;M5;10;34;4013,31317;4013,94000;UP
2026-07-20 16:45:00;M5;10;34;4010,94200;4010,77000;DOWN
2026-07-20 16:55:00;M5;10;21;4006,22206;4005,72000;DOWN
2026-07-20 17:25:00;M5;10;21;4003,32646;4006,62000;UP
2026-07-20 17:45:00;M5;10;55;4009,59108;4012,80000;UP
2026-07-20 17:55:00;M5;10;55;4008,64969;4006,17000;DOWN
2026-07-20 18:05:00;M5;10;55;4008,12900;4019,45000;UP
2026-07-20 18:15:00;M5;10;89;4013,81294;4012,23000;DOWN
2026-07-20 18:25:00;M5;10;89;4013,44441;4016,37000;UP
2026-07-20 18:35:00;M5;10;89;4013,10478;4011,22000;DOWN
2026-07-20 18:45:00;M5;10;21;4013,75284;4014,69000;UP
2026-07-20 18:55:00;M5;10;89;4012,56394;4011,79000;DOWN
2026-07-20 19:05:00;M5;10;21;4015,43986;4017,31000;UP
2026-07-20 19:20:00;M5;10;89;4012,18671;4011,98000;DOWN
2026-07-20 19:25:00;M5;10;89;4012,00052;4012,44000;UP
2026-07-20 19:30:00;M5;10;34;4011,98734;4009,39000;DOWN
2026-07-20 19:40:00;M5;10;89;4011,80081;4009,60000;DOWN
2026-07-20 19:50:00;M5;10;55;4008,57430;4008,34000;DOWN
2026-07-20 19:55:00;M5;10;55;4008,73492;4009,76000;UP
2026-07-20 20:05:00;M5;10;89;4011,02930;4011,73000;UP
2026-07-20 20:15:00;M5;10;89;4010,76508;4010,47000;DOWN
2026-07-20 20:25:00;M5;10;21;4011,05613;4012,08000;UP
2026-07-20 20:35:00;M5;10;89;4010,27743;4010,03000;DOWN
2026-07-20 21:05:00;M5;10;21;4007,77775;4009,53000;UP
2026-07-20 21:15:00;M5;10;89;4008,99061;4007,91000;DOWN
2026-07-20 21:45:00;M5;10;21;4006,24169;4007,87000;UP
2026-07-20 22:00:00;M5;10;21;4006,08070;4005,76000;DOWN
2026-07-20 22:05:00;M5;10;21;4005,94242;4006,44000;UP
2026-07-20 22:15:00;M5;10;34;4006,61054;4008,16000;UP
2026-07-20 22:40:00;M5;10;89;4007,02504;4005,75000;DOWN
2026-07-20 22:45:00;M5;10;21;4008,65039;4008,81000;UP
2026-07-20 22:55:00;M5;10;89;4006,96380;4006,86000;DOWN
2026-07-20 23:10:00;M5;10;34;4007,32785;4007,75000;UP
2026-07-20 23:20:00;M5;10;55;4007,65492;4008,25000;UP
2026-07-20 23:15:00;M5;10;34;4007,25370;4007,24000;DOWN
2026-07-20 23:30:00;M5;10;21;4008,38420;4009,14000;UP
2026-07-20 23:45:00;M5;10;21;4008,27403;4007,99000;DOWN
2026-07-20 23:55:00;M5;10;21;4008,22154;4008,53000;UP
2026-07-21 01:05:00;M5;10;89;4006,69806;4006,17000;DOWN
2026-07-21 01:20:00;M5;10;21;4007,53701;4008,08000;UP
2026-07-21 01:40:00;M5;10;89;4006,60441;4004,14000;DOWN
2026-07-21 02:05:00;M5;10;21;4005,40385;4008,84000;UP
2026-07-21 02:20:00;M5;10;89;4005,98330;4004,79000;DOWN
2026-07-21 02:30:00;M5;10;21;4004,71952;4006,02000;UP
2026-07-21 02:35:00;M5;10;89;4005,59229;4004,94000;DOWN
2026-07-21 02:45:00;M5;10;34;4005,27680;4006,89000;UP
2026-07-21 03:00:00;M5;10;89;4005,31951;4005,09000;DOWN
2026-07-21 03:05:00;M5;10;34;4005,55839;4007,68000;UP
2026-07-21 04:25:00;M5;10;21;4029,11289;4028,15000;DOWN
2026-07-21 04:55:00;M5;10;34;4026,86141;4023,15000;DOWN
2026-07-21 05:30:00;M5;10;21;4029,78855;4030,46000;UP
2026-07-21 06:40:00;M5;10;21;4042,10813;4041,85000;DOWN
2026-07-21 06:45:00;M5;10;21;4044,59088;4045,39000;UP
2026-07-21 07:05:00;M5;10;21;4048,75428;4048,53000;DOWN
2026-07-21 07:15:00;M5;10;34;4046,85561;4043,93000;DOWN
2026-07-21 07:25:00;M5;10;55;4045,29976;4044,64000;DOWN
2026-07-21 07:40:00;M5;10;55;4046,71562;4047,07000;UP
2026-07-21 07:45:00;M5;10;55;4047,97271;4046,43000;DOWN
2026-07-21 07:55:00;M5;10;55;4049,15720;4049,56000;UP
2026-07-21 08:10:00;M5;10;21;4050,32090;4051,49000;UP
2026-07-21 08:05:00;M5;10;55;4050,27468;4050,17000;DOWN
2026-07-21 08:15:00;M5;10;34;4052,19914;4050,41000;DOWN
2026-07-21 08:25:00;M5;10;21;4051,42432;4054,45000;UP
2026-07-21 09:55:00;M5;10;21;4079,16638;4078,40000;DOWN
2026-07-21 10:05:00;M5;10;34;4075,51966;4074,63000;DOWN
2026-07-21 10:15:00;M5;10;55;4073,97588;4073,36000;DOWN
2026-07-21 10:45:00;M5;10;89;4071,82790;4071,41000;DOWN
2026-07-21 12:00:00;M5;10;21;4062,96250;4066,07000;UP
2026-07-21 12:45:00;M5;10;34;4065,17597;4066,36000;UP
2026-07-21 13:00:00;M5;10;34;4064,34854;4063,90000;DOWN
2026-07-21 13:10:00;M5;10;34;4063,53772;4066,28000;UP
2026-07-21 13:05:00;M5;10;21;4062,33518;4061,60000;DOWN
2026-07-21 13:15:00;M5;10;21;4063,15340;4067,40000;UP
2026-07-21 13:45:00;M5;10;34;4063,13558;4062,94000;DOWN
2026-07-21 15:00:00;M5;10;21;4057,69010;4058,32000;UP
2026-07-21 15:10:00;M5;10;34;4058,80943;4059,39000;UP
2026-07-21 15:20:00;M5;10;55;4060,98132;4065,05000;UP
2026-07-21 15:30:00;M5;10;55;4060,33022;4059,39000;DOWN
2026-07-21 15:35:00;M5;10;34;4057,64349;4055,07000;DOWN
2026-07-21 15:45:00;M5;10;21;4056,69706;4060,00000;UP
2026-07-21 15:55:00;M5;10;55;4058,53560;4053,88000;DOWN
2026-07-21 16:05:00;M5;10;21;4056,41094;4057,55000;UP
2026-07-21 16:15:00;M5;10;55;4057,46719;4055,79000;DOWN
2026-07-21 16:30:00;M5;10;21;4055,43540;4055,92000;UP
2026-07-21 16:35:00;M5;10;34;4054,60884;4052,81000;DOWN
2026-07-21 16:55:00;M5;10;21;4052,44504;4053,14000;UP
2026-07-21 17:10:00;M5;10;89;4062,66842;4065,84000;UP
2026-07-21 18:40:00;M5;10;21;4076,45188;4075,78000;DOWN
2026-07-21 19:25:00;M5;10;34;4077,87576;4075,62000;DOWN
2026-07-21 19:55:00;M5;10;55;4073,32978;4071,55000;DOWN
2026-07-21 20:40:00;M5;10;89;4069,18467;4068,12000;DOWN
2026-07-21 21:05:00;M5;10;21;4068,47457;4071,77000;UP
2026-07-21 21:20:00;M5;10;34;4073,26988;4081,22000;UP
2026-07-21 22:30:00;M5;10;21;4083,98592;4083,49000;DOWN
2026-07-21 23:20:00;M5;10;55;4083,47570;4082,91000;DOWN
2026-07-21 23:35:00;M5;10;89;4082,08538;4081,91000;DOWN
2026-07-22 01:20:00;M5;10;21;4080,50934;4080,73000;UP
2026-07-22 01:30:00;M5;10;34;4083,83394;4083,87000;UP
2026-07-22 01:45:00;M5;10;34;4083,28578;4081,19000;DOWN
2026-07-22 01:55:00;M5;10;21;4080,25833;4080,44000;UP
2026-07-22 02:30:00;M5;10;21;4080,96901;4080,63000;DOWN
2026-07-22 02:35:00;M5;10;21;4081,32963;4081,87000;UP
2026-07-22 02:45:00;M5;10;34;4081,56940;4080,96000;DOWN
2026-07-22 03:00:00;M5;10;21;4081,54298;4082,72000;UP
2026-07-22 03:05:00;M5;10;55;4084,17580;4088,10000;UP
2026-07-22 05:05:00;M5;10;21;4124,72813;4121,49000;DOWN
2026-07-22 05:30:00;M5;10;21;4128,40509;4130,15000;UP
2026-07-22 05:35:00;M5;10;34;4124,73390;4124,56000;DOWN
2026-07-22 05:45:00;M5;10;34;4127,30195;4128,38000;UP
2026-07-22 06:00:00;M5;10;21;4131,55718;4133,35000;UP
2026-07-22 06:30:00;M5;10;34;4137,46524;4135,14000;DOWN
2026-07-22 06:45:00;M5;10;55;4133,64333;4132,59000;DOWN
2026-07-22 07:30:00;M5;10;89;4128,31455;4126,71000;DOWN
2026-07-22 08:10:00;M5;10;21;4127,34645;4128,47000;UP
2026-07-22 08:15:00;M5;10;21;4126,00622;4124,02000;DOWN
2026-07-22 08:30:00;M5;10;21;4124,82517;4127,51000;UP
2026-07-22 08:35:00;M5;10;34;4131,42681;4132,51000;UP
2026-07-22 08:50:00;M5;10;34;4130,63455;4129,56000;DOWN
2026-07-22 08:55:00;M5;10;34;4130,06789;4131,01000;UP
2026-07-22 09:20:00;M5;10;34;4129,47213;4125,18000;DOWN
2026-07-22 10:15:00;M5;10;21;4117,41626;4118,79000;UP
2026-07-22 10:40:00;M5;10;21;4114,72817;4112,28000;DOWN
2026-07-22 10:50:00;M5;10;21;4113,18929;4114,08000;UP
2026-07-22 10:55:00;M5;10;21;4111,61843;4110,56000;DOWN
2026-07-22 11:05:00;M5;10;21;4110,72125;4114,48000;UP
2026-07-22 11:50:00;M5;10;55;4116,82875;4117,52000;UP
2026-07-22 12:30:00;M5;10;21;4117,89846;4117,31000;DOWN
2026-07-22 12:55:00;M5;10;34;4115,05704;4114,98000;DOWN
2026-07-22 13:05:00;M5;10;34;4115,27141;4116,11000;UP
2026-07-22 13:20:00;M5;10;21;4117,74147;4121,40000;UP
2026-07-22 13:35:00;M5;10;21;4117,67538;4117,04000;DOWN
2026-07-22 13:45:00;M5;10;21;4117,73371;4118,89000;UP
2026-07-22 14:00:00;M5;10;34;4117,31079;4117,00000;DOWN
2026-07-22 14:05:00;M5;10;21;4117,83008;4118,70000;UP
2026-07-22 14:15:00;M5;10;89;4120,02915;4120,99000;UP
2026-07-22 14:25:00;M5;10;89;4119,59259;4118,59000;DOWN
2026-07-22 14:40:00;M5;10;55;4115,19448;4115,10000;DOWN
2026-07-22 14:45:00;M5;10;21;4119,43988;4120,19000;UP
2026-07-22 15:45:00;M5;10;89;4118,87578;4118,73000;DOWN
2026-07-22 16:00:00;M5;10;89;4118,90343;4119,29000;UP
2026-07-22 16:10:00;M5;10;21;4124,39569;4125,73000;UP
2026-07-22 17:25:00;M5;10;21;4152,10379;4146,33000;DOWN
2026-07-22 17:45:00;M5;10;34;4148,68362;4148,21000;DOWN
2026-07-22 18:00:00;M5;10;34;4150,59488;4154,67000;UP
2026-07-22 18:20:00;M5;10;21;4158,04323;4159,79000;UP
2026-07-22 18:25:00;M5;10;21;4158,37509;4157,13000;DOWN
2026-07-22 18:40:00;M5;10;21;4158,73001;4159,90000;UP
2026-07-22 18:35:00;M5;10;34;4158,31447;4157,31000;DOWN
2026-07-22 18:45:00;M5;10;34;4160,43168;4164,38000;UP
2026-07-22 18:55:00;M5;10;34;4162,21100;4159,38000;DOWN
2026-07-22 19:05:00;M5;10;55;4157,30124;4156,74000;DOWN
2026-07-22 19:30:00;M5;10;89;4148,21468;4146,24000;DOWN
2026-07-22 20:25:00;M5;10;21;4145,41943;4146,04000;UP
2026-07-22 20:35:00;M5;10;21;4143,08028;4138,94000;DOWN
2026-07-22 20:45:00;M5;10;21;4141,35338;4143,14000;UP
2026-07-22 21:00:00;M5;10;21;4140,14054;4137,66000;DOWN
2026-07-22 21:05:00;M5;10;21;4139,07223;4139,22000;UP
2026-07-22 21:20:00;M5;10;21;4138,18469;4136,64000;DOWN
2026-07-22 21:40:00;M5;10;21;4135,86850;4135,89000;UP
2026-07-22 22:05:00;M5;10;34;4135,31183;4135,56000;UP
2026-07-22 22:10:00;M5;10;21;4134,02174;4133,99000;DOWN
2026-07-22 22:15:00;M5;10;21;4133,58620;4134,19000;UP
2026-07-22 22:15:00;M5;10;34;4134,25831;4134,19000;DOWN
2026-07-22 22:25:00;M5;10;34;4133,38092;4134,37000;UP
2026-07-22 22:50:00;M5;10;34;4132,11030;4130,51000;DOWN
2026-07-22 22:55:00;M5;10;34;4131,55359;4131,79000;UP
2026-07-22 23:05:00;M5;10;21;4132,23073;4133,43000;UP
2026-07-22 23:20:00;M5;10;55;4135,78806;4136,53000;UP
2026-07-22 23:40:00;M5;10;55;4133,79639;4130,86000;DOWN
2026-07-23 01:25:00;M5;10;21;4127,82259;4128,75000;UP
2026-07-23 01:35:00;M5;10;34;4127,55635;4125,55000;DOWN
2026-07-23 02:10:00;M5;10;21;4122,12261;4123,90000;UP
2026-07-23 02:15:00;M5;10;21;4120,49476;4120,47000;DOWN
2026-07-23 02:25:00;M5;10;21;4119,19650;4119,95000;UP
2026-07-23 02:35:00;M5;10;34;4120,98440;4121,54000;UP
2026-07-23 02:50:00;M5;10;89;4130,21287;4131,29000;UP
2026-07-23 03:10:00;M5;10;89;4128,20056;4126,77000;DOWN
2026-07-23 03:15:00;M5;10;89;4127,37580;4128,27000;UP
2026-07-23 03:40:00;M5;10;21;4127,94184;4127,92000;DOWN
2026-07-23 03:50:00;M5;10;21;4128,90570;4129,05000;UP
2026-07-23 04:30:00;M5;10;21;4134,20296;4133,18000;DOWN
2026-07-23 04:35:00;M5;10;89;4124,55916;4123,05000;DOWN
2026-07-23 05:35:00;M5;10;21;4117,21823;4118,72000;UP
2026-07-23 05:45:00;M5;10;34;4122,15113;4122,69000;UP
2026-07-23 06:45:00;M5;10;21;4126,66455;4125,48000;DOWN
2026-07-23 07:00:00;M5;10;55;4123,79598;4123,56000;DOWN
2026-07-23 07:05:00;M5;10;34;4123,92013;4125,29000;UP
2026-07-23 07:25:00;M5;10;21;4128,68539;4129,73000;UP
2026-07-23 07:40:00;M5;10;55;4124,45370;4123,12000;DOWN
2026-07-23 07:50:00;M5;10;89;4120,96507;4120,72000;DOWN
2026-07-23 07:55:00;M5;10;89;4121,02560;4121,16000;UP
2026-07-23 08:05:00;M5;10;55;4124,19409;4124,20000;UP
2026-07-23 08:15:00;M5;10;55;4124,01413;4121,99000;DOWN
2026-07-23 08:25:00;M5;10;21;4123,56963;4125,46000;UP
2026-07-23 08:50:00;M5;10;34;4125,25858;4125,25000;DOWN
2026-07-23 09:05:00;M5;10;55;4124,03192;4122,44000;DOWN
2026-07-23 09:15:00;M5;10;21;4123,98768;4126,83000;UP
2026-07-23 09:25:00;M5;10;89;4122,04077;4122,02000;DOWN
2026-07-23 11:25:00;M5;10;21;4090,03500;4091,81000;UP
2026-07-23 11:55:00;M5;10;34;4090,76558;4093,37000;UP
2026-07-23 12:15:00;M5;10;55;4096,52604;4096,85000;UP
2026-07-23 12:25:00;M5;10;55;4094,81788;4091,44000;DOWN
2026-07-23 12:45:00;M5;10;55;4091,76117;4093,33000;UP
2026-07-23 12:55:00;M5;10;55;4090,34627;4089,84000;DOWN
2026-07-23 13:10:00;M5;10;21;4090,27967;4090,77000;UP
2026-07-23 13:15:00;M5;10;21;4090,06406;4088,77000;DOWN
2026-07-23 13:25:00;M5;10;21;4089,74897;4089,81000;UP
2026-07-23 13:40:00;M5;10;21;4089,41418;4089,39000;DOWN
2026-07-23 13:45:00;M5;10;21;4089,49136;4093,46000;UP
2026-07-23 14:00:00;M5;10;89;4092,26763;4092,02000;DOWN
2026-07-23 14:05:00;M5;10;21;4089,94343;4088,58000;DOWN
2026-07-23 14:15:00;M5;10;34;4086,86338;4085,57000;DOWN
2026-07-23 14:30:00;M5;10;55;4082,15420;4080,80000;DOWN
2026-07-23 14:45:00;M5;10;55;4080,89083;4081,75000;UP
2026-07-23 14:55:00;M5;10;21;4083,68866;4085,59000;UP
2026-07-23 15:05:00;M5;10;89;4084,23609;4083,10000;DOWN
2026-07-23 15:15:00;M5;10;55;4079,42385;4077,86000;DOWN
2026-07-23 16:25:00;M5;10;21;4055,34577;4058,69000;UP
2026-07-23 16:55:00;M5;10;21;4046,57800;4043,24000;DOWN
2026-07-23 17:05:00;M5;10;21;4043,89729;4045,53000;UP
2026-07-23 17:20:00;M5;10;34;4047,92197;4052,13000;UP
2026-07-23 17:25:00;M5;10;55;4053,58772;4056,37000;UP
2026-07-23 17:35:00;M5;10;89;4057,16745;4059,07000;UP
2026-07-23 18:05:00;M5;10;89;4052,93965;4052,05000;DOWN
2026-07-23 18:15:00;M5;10;89;4051,73975;4052,50000;UP
2026-07-23 18:20:00;M5;10;21;4051,69850;4050,07000;DOWN
2026-07-23 18:25:00;M5;10;89;4050,55084;4046,88000;DOWN
2026-07-23 18:35:00;M5;10;55;4044,95515;4049,24000;UP
2026-07-23 18:45:00;M5;10;89;4048,26488;4049,38000;UP
2026-07-23 19:25:00;M5;10;21;4048,10943;4049,98000;UP
2026-07-23 20:10:00;M5;10;34;4047,24276;4047,20000;DOWN
2026-07-23 20:20:00;M5;10;21;4048,03059;4048,59000;UP
2026-07-23 20:25:00;M5;10;21;4047,79283;4047,19000;DOWN
2026-07-23 20:35:00;M5;10;34;4046,74619;4044,24000;DOWN
2026-07-23 21:25:00;M5;10;21;4042,69793;4044,46000;UP
2026-07-23 22:10:00;M5;10;34;4043,43677;4043,21000;DOWN
2026-07-23 22:15:00;M5;10;21;4043,89843;4044,95000;UP
2026-07-23 23:45:00;M5;10;21;4050,17757;4049,61000;DOWN
2026-07-24 01:05:00;M5;10;34;4049,04315;4049,03000;DOWN
2026-07-24 01:15:00;M5;10;34;4049,44326;4049,64000;UP
2026-07-24 01:35:00;M5;10;34;4050,07143;4049,77000;DOWN
2026-07-24 02:15:00;M5;10;55;4048,45676;4047,23000;DOWN
2026-07-24 02:25:00;M5;10;21;4049,01377;4049,12000;UP
2026-07-24 02:35:00;M5;10;55;4048,87821;4048,39000;DOWN
2026-07-24 03:10:00;M5;10;89;4043,15231;4041,56000;DOWN
2026-07-24 03:20:00;M5;10;89;4043,39502;4046,08000;UP
2026-07-24 03:25:00;M5;10;21;4046,10388;4046,58000;UP
2026-07-24 03:35:00;M5;10;34;4047,45415;4048,51000;UP
2026-07-24 04:00:00;M5;10;89;4044,40135;4043,90000;DOWN
2026-07-24 04:20:00;M5;10;89;4044,79940;4045,01000;UP
2026-07-24 04:25:00;M5;10;89;4044,92731;4042,73000;DOWN
2026-07-24 04:40:00;M5;10;21;4044,80147;4049,96000;UP
2026-07-24 04:50:00;M5;10;55;4047,08362;4045,99000;DOWN
2026-07-24 04:55:00;M5;10;89;4045,20899;4043,62000;DOWN
2026-07-24 05:05:00;M5;10;21;4044,37794;4044,84000;UP
2026-07-24 05:20:00;M5;10;55;4046,03497;4046,35000;UP
2026-07-24 05:15:00;M5;10;89;4045,30436;4044,92000;DOWN
2026-07-24 05:25:00;M5;10;89;4045,35391;4046,45000;UP
2026-07-24 05:30:00;M5;10;55;4045,78561;4044,21000;DOWN
2026-07-24 05:35:00;M5;10;89;4045,36131;4042,36000;DOWN
2026-07-24 06:25:00;M5;10;21;4028,77373;4030,29000;UP
2026-07-24 06:45:00;M5;10;34;4031,09033;4031,52000;UP
2026-07-24 06:55:00;M5;10;34;4029,87906;4029,28000;DOWN
2026-07-24 07:05:00;M5;10;34;4028,79245;4029,27000;UP
2026-07-24 08:00:00;M5;10;55;4028,17294;4028,67000;UP
2026-07-24 08:15:00;M5;10;55;4026,37238;4024,40000;DOWN
2026-07-24 08:25:00;M5;10;21;4025,92423;4026,15000;UP
2026-07-24 08:40:00;M5;10;21;4025,67030;4024,79000;DOWN
2026-07-24 08:45:00;M5;10;21;4025,67967;4028,09000;UP
2026-07-24 08:50:00;M5;10;55;4024,09722;4023,57000;DOWN
2026-07-24 09:00:00;M5;10;34;4023,62557;4025,19000;UP
2026-07-24 08:55:00;M5;10;21;4025,38373;4023,04000;DOWN
2026-07-24 09:05:00;M5;10;21;4025,28589;4027,21000;UP
2026-07-24 10:45:00;M5;10;21;4048,30311;4047,38000;DOWN
2026-07-24 11:15:00;M5;10;34;4047,14801;4046,64000;DOWN
2026-07-24 11:25:00;M5;10;34;4048,90306;4052,48000;UP
2026-07-24 11:40:00;M5;10;21;4053,52125;4054,61000;UP
2026-07-24 12:10:00;M5;10;34;4055,77878;4054,08000;DOWN
2026-07-24 12:50:00;M5;10;21;4057,87905;4058,19000;UP
2026-07-24 13:00:00;M5;10;34;4059,81907;4059,84000;UP
2026-07-24 13:05:00;M5;10;34;4060,39594;4060,30000;DOWN
2026-07-24 13:20:00;M5;10;21;4059,59414;4060,30000;UP
2026-07-24 13:25:00;M5;10;34;4061,64494;4061,97000;UP
2026-07-24 13:35:00;M5;10;55;4060,96608;4060,03000;DOWN
2026-07-24 14:00:00;M5;10;21;4061,52951;4062,25000;UP
2026-07-24 14:05:00;M5;10;21;4061,78731;4061,03000;DOWN
2026-07-24 14:40:00;M5;10;89;4056,49914;4055,22000;DOWN
2026-07-24 15:20:00;M5;10;21;4057,71057;4058,39000;UP
2026-07-24 15:30:00;M5;10;21;4057,42173;4057,15000;DOWN
2026-07-24 15:55:00;M5;10;21;4055,75157;4056,06000;UP
2026-07-24 16:05:00;M5;10;21;4054,29554;4046,50000;DOWN
2026-07-24 16:35:00;M5;10;21;4049,40522;4056,10000;UP
2026-07-24 16:50:00;M5;10;55;4058,73927;4059,64000;UP
2026-07-24 16:55:00;M5;10;89;4062,55584;4067,58000;UP
2026-07-24 17:05:00;M5;10;89;4062,70276;4062,40000;DOWN
2026-07-24 17:20:00;M5;10;89;4062,84351;4064,71000;UP
2026-07-24 17:15:00;M5;10;55;4058,15456;4058,02000;DOWN
2026-07-24 17:25:00;M5;10;55;4058,35328;4066,00000;UP
2026-07-24 17:35:00;M5;10;89;4063,32610;4060,56000;DOWN
2026-07-24 17:45:00;M5;10;21;4062,51284;4062,93000;UP
2026-07-24 17:55:00;M5;10;21;4064,04697;4063,26000;DOWN
2026-07-24 18:10:00;M5;10;21;4065,09625;4074,68000;UP
2026-07-24 18:40:00;M5;10;21;4072,26506;4072,02000;DOWN
2026-07-24 18:50:00;M5;10;21;4074,44004;4075,24000;UP
2026-07-24 19:05:00;M5;10;21;4077,95650;4076,11000;DOWN
2026-07-24 19:15:00;M5;10;34;4075,09674;4074,78000;DOWN
2026-07-24 19:35:00;M5;10;89;4070,30208;4067,99000;DOWN
2026-07-24 20:25:00;M5;10;21;4068,18562;4068,35000;UP
2026-07-24 20:40:00;M5;10;21;4067,03578;4066,49000;DOWN
