datetime;fast_tf;slow_tf;period;hma_value;fast_close;direction
2026-04-20 08:30:00;M5;15;21;4788,62067;4794,52000;UP
2026-04-20 08:40:00;M5;15;21;4786,50214;4780,78000;DOWN
2026-04-20 08:50:00;M5;15;21;4785,40267;4790,61000;UP
2026-04-20 10:45:00;M5;15;21;4793,47814;4792,65000;DOWN
2026-04-20 10:50:00;M5;15;34;4791,58550;4788,19000;DOWN
2026-04-20 11:25:00;M5;15;34;4791,64778;4792,07000;UP
2026-04-20 11:45:00;M5;15;21;4794,44491;4794,49000;UP
2026-04-20 11:35:00;M5;15;34;4791,65633;4789,59000;DOWN
2026-04-20 11:50:00;M5;15;34;4791,97205;4793,78000;UP
2026-04-20 11:50:00;M5;15;21;4794,58785;4793,78000;DOWN
2026-04-20 12:05:00;M5;15;21;4794,88785;4794,97000;UP
2026-04-20 12:25:00;M5;15;34;4793,06174;4792,26000;DOWN
2026-04-20 12:45:00;M5;15;21;4794,36290;4795,26000;UP
2026-04-20 12:50:00;M5;15;34;4793,72046;4792,04000;DOWN
2026-04-20 13:05:00;M5;15;21;4793,50013;4797,79000;UP
2026-04-20 14:00:00;M5;15;34;4795,23831;4790,84000;DOWN
2026-04-20 14:40:00;M5;15;21;4793,30554;4794,39000;UP
2026-04-20 15:50:00;M5;15;21;4805,38737;4803,46000;DOWN
2026-04-20 16:05:00;M5;15;21;4807,76536;4811,32000;UP
2026-04-20 16:55:00;M5;15;21;4819,44208;4817,86000;DOWN
2026-04-20 17:05:00;M5;15;34;4814,28745;4812,71000;DOWN
2026-04-20 17:20:00;M5;15;21;4823,40635;4825,73000;UP
2026-04-20 17:35:00;M5;15;34;4818,61893;4814,15000;DOWN
2026-04-20 17:50:00;M5;15;55;4812,86237;4809,11000;DOWN
2026-04-20 19:25:00;M5;15;21;4801,01338;4801,14000;UP
2026-04-20 20:05:00;M5;15;34;4806,73700;4809,37000;UP
2026-04-20 20:30:00;M5;15;34;4806,00074;4805,20000;DOWN
2026-04-20 20:35:00;M5;15;34;4805,52746;4809,84000;UP
2026-04-20 21:05:00;M5;15;55;4811,51666;4814,05000;UP
2026-04-20 22:25:00;M5;15;21;4817,35865;4817,11000;DOWN
2026-04-20 22:35:00;M5;15;55;4813,09871;4811,01000;DOWN
2026-04-20 22:55:00;M5;15;34;4813,22706;4814,17000;UP
2026-04-20 23:15:00;M5;15;55;4813,49287;4813,17000;DOWN
2026-04-20 23:20:00;M5;15;34;4815,01219;4815,47000;UP
2026-04-20 23:35:00;M5;15;34;4815,81624;4815,49000;DOWN
2026-04-20 23:50:00;M5;15;21;4817,83477;4819,91000;UP
2026-04-21 02:00:00;M5;15;21;4826,63818;4826,32000;DOWN
2026-04-21 02:05:00;M5;15;34;4825,68160;4824,88000;DOWN
2026-04-21 02:45:00;M5;15;89;4821,80872;4821,16000;DOWN
2026-04-21 03:00:00;M5;15;55;4824,37236;4824,38000;UP
2026-04-21 03:25:00;M5;15;89;4823,72126;4819,77000;DOWN
2026-04-21 03:45:00;M5;15;89;4824,19095;4825,20000;UP
2026-04-21 03:50:00;M5;15;89;4824,61385;4824,13000;DOWN
2026-04-21 05:50:00;M5;15;21;4806,26682;4806,52000;UP
2026-04-21 06:05:00;M5;15;21;4803,90315;4803,39000;DOWN
2026-04-21 06:55:00;M5;15;21;4796,41890;4797,13000;UP
2026-04-21 07:05:00;M5;15;21;4794,32402;4794,25000;DOWN
2026-04-21 07:35:00;M5;15;21;4790,68764;4792,96000;UP
2026-04-21 08:20:00;M5;15;34;4788,45223;4789,42000;UP
2026-04-21 08:55:00;M5;15;34;4785,78550;4784,06000;DOWN
2026-04-21 09:05:00;M5;15;21;4785,00883;4787,48000;UP
2026-04-21 09:20:00;M5;15;34;4783,01672;4781,46000;DOWN
2026-04-21 10:05:00;M5;15;21;4779,11007;4781,29000;UP
2026-04-21 10:30:00;M5;15;55;4781,74595;4781,71000;DOWN
2026-04-21 10:35:00;M5;15;55;4780,23004;4781,84000;UP
2026-04-21 11:10:00;M5;15;55;4777,81163;4775,97000;DOWN
2026-04-21 11:20:00;M5;15;21;4780,23082;4786,73000;UP
2026-04-21 11:40:00;M5;15;89;4788,55156;4791,60000;UP
2026-04-21 11:55:00;M5;15;89;4787,25100;4785,97000;DOWN
2026-04-21 12:15:00;M5;15;89;4786,01099;4787,01000;UP
2026-04-21 12:10:00;M5;15;21;4784,60148;4784,23000;DOWN
2026-04-21 12:20:00;M5;15;21;4785,09709;4785,49000;UP
2026-04-21 12:25:00;M5;15;89;4784,80172;4782,23000;DOWN
2026-04-21 12:40:00;M5;15;89;4783,69612;4787,24000;UP
2026-04-21 12:35:00;M5;15;21;4785,50611;4783,46000;DOWN
2026-04-21 12:50:00;M5;15;21;4785,57853;4787,45000;UP
2026-04-21 13:05:00;M5;15;21;4785,36597;4785,33000;DOWN
2026-04-21 13:35:00;M5;15;21;4784,91852;4786,94000;UP
2026-04-21 14:05:00;M5;15;34;4783,89583;4780,07000;DOWN
2026-04-21 14:30:00;M5;15;21;4784,98604;4787,30000;UP
2026-04-21 15:15:00;M5;15;34;4786,87846;4783,66000;DOWN
2026-04-21 15:25:00;M5;15;55;4780,94478;4780,74000;DOWN
2026-04-21 16:05:00;M5;15;89;4776,27171;4768,02000;DOWN
2026-04-21 16:30:00;M5;15;89;4775,80190;4775,86000;UP
2026-04-21 16:35:00;M5;15;21;4778,27709;4784,42000;UP
2026-04-21 16:55:00;M5;15;55;4780,62249;4779,06000;DOWN
2026-04-21 17:05:00;M5;15;34;4780,56727;4780,73000;UP
2026-04-21 17:20:00;M5;15;89;4774,52779;4772,63000;DOWN
2026-04-21 19:20:00;M5;15;21;4730,32878;4730,49000;UP
2026-04-21 19:35:00;M5;15;21;4724,33715;4723,76000;DOWN
2026-04-21 20:35:00;M5;15;21;4702,80825;4709,02000;UP
2026-04-21 20:50:00;M5;15;34;4708,38133;4707,02000;DOWN
2026-04-21 21:05:00;M5;15;34;4704,15919;4708,39000;UP
2026-04-21 21:15:00;M5;15;21;4698,44278;4696,22000;DOWN
2026-04-21 21:25:00;M5;15;21;4696,14296;4696,23000;UP
2026-04-21 21:20:00;M5;15;34;4700,08212;4695,16000;DOWN
2026-04-21 21:35:00;M5;15;34;4696,68282;4701,35000;UP
2026-04-21 21:50:00;M5;15;55;4708,41399;4709,23000;UP
2026-04-21 22:40:00;M5;15;55;4697,87609;4671,64000;DOWN
2026-04-21 23:10:00;M5;15;21;4690,05354;4697,17000;UP
2026-04-21 23:20:00;M5;15;89;4708,09668;4709,83000;UP
2026-04-22 03:40:00;M5;15;21;4744,06526;4742,12000;DOWN
2026-04-22 04:05:00;M5;15;34;4740,21628;4739,00000;DOWN
2026-04-22 04:20:00;M5;15;34;4743,35294;4746,06000;UP
2026-04-22 04:35:00;M5;15;21;4749,76346;4751,52000;UP
2026-04-22 05:35:00;M5;15;34;4756,34382;4753,27000;DOWN
2026-04-22 06:00:00;M5;15;21;4757,46374;4758,99000;UP
2026-04-22 06:05:00;M5;15;34;4759,87147;4759,41000;DOWN
2026-04-22 06:25:00;M5;15;21;4760,32389;4763,11000;UP
2026-04-22 06:35:00;M5;15;34;4763,00586;4758,26000;DOWN
2026-04-22 07:05:00;M5;15;55;4758,66328;4758,29000;DOWN
2026-04-22 08:15:00;M5;15;21;4759,68712;4768,51000;UP
2026-04-22 08:25:00;M5;15;55;4766,57396;4766,12000;DOWN
2026-04-22 08:45:00;M5;15;55;4767,77676;4769,10000;UP
2026-04-22 08:50:00;M5;15;55;4768,97674;4768,12000;DOWN
2026-04-22 09:25:00;M5;15;21;4765,00688;4767,02000;UP
2026-04-22 09:35:00;M5;15;34;4766,99268;4764,88000;DOWN
2026-04-22 09:55:00;M5;15;21;4766,82552;4767,66000;UP
2026-04-22 10:10:00;M5;15;34;4767,69352;4765,63000;DOWN
2026-04-22 10:45:00;M5;15;89;4761,45095;4761,27000;DOWN
2026-04-22 12:00:00;M5;15;21;4758,99356;4759,83000;UP
2026-04-22 12:25:00;M5;15;21;4756,72032;4756,42000;DOWN
2026-04-22 12:35:00;M5;15;21;4756,05417;4758,67000;UP
2026-04-22 12:50:00;M5;15;21;4755,35357;4754,59000;DOWN
2026-04-22 13:25:00;M5;15;21;4753,06362;4754,73000;UP
2026-04-22 14:40:00;M5;15;34;4753,99003;4748,63000;DOWN
2026-04-22 15:00:00;M5;15;21;4753,54406;4756,65000;UP
2026-04-22 15:10:00;M5;15;34;4752,63055;4752,24000;DOWN
2026-04-22 15:25:00;M5;15;21;4752,28798;4753,14000;UP
2026-04-22 15:35:00;M5;15;34;4751,38146;4750,50000;DOWN
2026-04-22 16:20:00;M5;15;21;4746,40609;4747,04000;UP
2026-04-22 16:40:00;M5;15;55;4751,03163;4755,31000;UP
2026-04-22 17:00:00;M5;15;55;4750,29944;4745,42000;DOWN
2026-04-22 19:05:00;M5;15;21;4729,38208;4733,49000;UP
2026-04-22 19:20:00;M5;15;21;4726,90892;4725,25000;DOWN
2026-04-22 19:35:00;M5;15;21;4725,18636;4730,91000;UP
2026-04-22 20:00:00;M5;15;55;4733,19983;4735,50000;UP
2026-04-22 21:20:00;M5;15;21;4732,75291;4732,37000;DOWN
2026-04-22 21:35:00;M5;15;21;4734,27292;4738,00000;UP
2026-04-22 22:35:00;M5;15;21;4741,00807;4739,52000;DOWN
2026-04-22 23:10:00;M5;15;34;4736,92623;4736,06000;DOWN
2026-04-22 23:30:00;M5;15;34;4737,77061;4738,75000;UP
2026-04-22 23:35:00;M5;15;34;4738,37729;4737,71000;DOWN
2026-04-22 23:55:00;M5;15;34;4738,91414;4739,24000;UP
2026-04-23 01:05:00;M5;15;34;4739,21491;4738,86000;DOWN
2026-04-23 01:25:00;M5;15;55;4732,88452;4732,85000;DOWN
2026-04-23 01:35:00;M5;15;89;4730,95552;4730,94000;DOWN
2026-04-23 01:50:00;M5;15;89;4730,53002;4730,86000;UP
2026-04-23 02:05:00;M5;15;89;4730,03253;4726,09000;DOWN
2026-04-23 02:45:00;M5;15;21;4727,14266;4728,02000;UP
2026-04-23 03:00:00;M5;15;21;4725,67755;4721,41000;DOWN
2026-04-23 03:15:00;M5;15;21;4721,60768;4722,68000;UP
2026-04-23 03:20:00;M5;15;34;4726,85009;4727,24000;UP
2026-04-23 04:25:00;M5;15;55;4730,42026;4728,17000;DOWN
2026-04-23 04:35:00;M5;15;34;4730,20652;4732,59000;UP
2026-04-23 04:50:00;M5;15;89;4726,80290;4724,68000;DOWN
2026-04-23 06:20:00;M5;15;21;4703,31922;4704,10000;UP
2026-04-23 07:10:00;M5;15;34;4705,37716;4706,30000;UP
2026-04-23 08:00:00;M5;15;55;4706,81727;4707,20000;UP
2026-04-23 08:45:00;M5;15;89;4709,62966;4710,45000;UP
2026-04-23 08:40:00;M5;15;55;4702,84501;4701,61000;DOWN
2026-04-23 08:50:00;M5;15;55;4701,95898;4711,94000;UP
2026-04-23 10:05:00;M5;15;21;4713,15834;4710,17000;DOWN
2026-04-23 10:20:00;M5;15;34;4706,28975;4705,65000;DOWN
2026-04-23 10:40:00;M5;15;21;4713,67077;4713,72000;UP
2026-04-23 11:30:00;M5;15;34;4712,14215;4709,78000;DOWN
2026-04-23 11:40:00;M5;15;89;4703,88785;4703,76000;DOWN
2026-04-23 11:50:00;M5;15;55;4704,38655;4704,61000;UP
2026-04-23 12:05:00;M5;15;89;4703,24876;4695,39000;DOWN
2026-04-23 13:35:00;M5;15;21;4690,82835;4693,84000;UP
2026-04-23 14:00:00;M5;15;34;4697,61209;4698,57000;UP
2026-04-23 14:15:00;M5;15;55;4699,11525;4702,32000;UP
2026-04-23 14:30:00;M5;15;55;4698,30352;4697,60000;DOWN
2026-04-23 14:35:00;M5;15;55;4697,81767;4702,41000;UP
2026-04-23 16:05:00;M5;15;21;4734,25647;4727,30000;DOWN
2026-04-23 16:55:00;M5;15;34;4727,28115;4724,43000;DOWN
2026-04-23 18:15:00;M5;15;21;4734,92666;4738,43000;UP
2026-04-23 18:20:00;M5;15;34;4738,67355;4736,99000;DOWN
2026-04-23 18:40:00;M5;15;55;4729,25148;4728,01000;DOWN
2026-04-23 18:50:00;M5;15;89;4718,18705;4717,13000;DOWN
2026-04-23 19:05:00;M5;15;89;4719,25453;4720,40000;UP
2026-04-23 19:30:00;M5;15;21;4726,59644;4728,39000;UP
2026-04-23 19:45:00;M5;15;34;4734,19756;4735,02000;UP
2026-04-23 19:50:00;M5;15;55;4733,87635;4733,57000;DOWN
2026-04-23 20:05:00;M5;15;89;4723,02767;4710,51000;DOWN
2026-04-23 21:00:00;M5;15;21;4709,41411;4714,40000;UP
2026-04-23 21:25:00;M5;15;34;4714,19801;4716,70000;UP
2026-04-23 21:40:00;M5;15;34;4712,07170;4711,29000;DOWN
2026-04-23 21:55:00;M5;15;21;4703,26458;4701,02000;DOWN
2026-04-23 22:20:00;M5;15;21;4698,82540;4701,46000;UP
2026-04-23 22:35:00;M5;15;21;4696,54656;4692,68000;DOWN
2026-04-23 22:50:00;M5;15;21;4695,03905;4699,17000;UP
2026-04-23 23:10:00;M5;15;34;4696,23147;4690,68000;DOWN
2026-04-23 23:20:00;M5;15;21;4691,57043;4692,35000;UP
2026-04-23 23:50:00;M5;15;34;4689,50998;4690,18000;UP
2026-04-24 02:00:00;M5;15;55;4693,27358;4693,94000;UP
2026-04-24 02:05:00;M5;15;55;4691,60106;4690,33000;DOWN
2026-04-24 02:25:00;M5;15;21;4690,19826;4694,32000;UP
2026-04-24 03:00:00;M5;15;21;4692,32653;4691,72000;DOWN
2026-04-24 03:05:00;M5;15;21;4693,68378;4696,25000;UP
2026-04-24 03:20:00;M5;15;89;4700,32273;4700,63000;UP
2026-04-24 03:45:00;M5;15;89;4699,34353;4699,28000;DOWN
2026-04-24 03:50:00;M5;15;89;4698,50767;4703,12000;UP
2026-04-24 04:00:00;M5;15;21;4700,12039;4698,84000;DOWN
2026-04-24 04:05:00;M5;15;21;4702,73209;4703,91000;UP
2026-04-24 04:30:00;M5;15;89;4697,26718;4693,61000;DOWN
2026-04-24 04:45:00;M5;15;89;4696,58305;4697,04000;UP
2026-04-24 04:55:00;M5;15;34;4698,95616;4699,47000;UP
2026-04-24 04:50:00;M5;15;89;4695,94740;4695,58000;DOWN
2026-04-24 05:05:00;M5;15;34;4699,14117;4694,66000;DOWN
2026-04-24 05:20:00;M5;15;55;4690,69797;4684,85000;DOWN
2026-04-24 06:35:00;M5;15;21;4675,23587;4676,86000;UP
2026-04-24 07:00:00;M5;15;21;4671,72645;4670,87000;DOWN
2026-04-24 07:05:00;M5;15;21;4668,88168;4674,19000;UP
2026-04-24 07:20:00;M5;15;21;4665,42464;4661,56000;DOWN
2026-04-24 07:35:00;M5;15;21;4662,85477;4665,86000;UP
2026-04-24 08:20:00;M5;15;55;4674,07036;4676,28000;UP
2026-04-24 09:25:00;M5;15;89;4673,57267;4671,35000;DOWN
2026-04-24 09:35:00;M5;15;55;4671,44344;4675,05000;UP
2026-04-24 09:55:00;M5;15;89;4672,39821;4671,90000;DOWN
2026-04-24 10:10:00;M5;15;21;4678,23487;4680,59000;UP
2026-04-24 11:30:00;M5;15;21;4687,20241;4686,15000;DOWN
2026-04-24 11:45:00;M5;15;21;4688,71179;4691,85000;UP
2026-04-24 12:05:00;M5;15;21;4692,13618;4691,32000;DOWN
2026-04-24 12:20:00;M5;15;34;4688,59585;4686,52000;DOWN
2026-04-24 13:25:00;M5;15;55;4682,45811;4682,25000;DOWN
2026-04-24 14:00:00;M5;15;21;4683,07423;4689,54000;UP
2026-04-24 15:45:00;M5;15;55;4695,92432;4692,28000;DOWN
2026-04-24 15:55:00;M5;15;55;4697,76561;4700,71000;UP
2026-04-24 16:20:00;M5;15;55;4700,66926;4696,21000;DOWN
2026-04-24 16:45:00;M5;15;21;4709,05689;4712,15000;UP
2026-04-24 16:50:00;M5;15;34;4707,05581;4706,14000;DOWN
2026-04-24 17:05:00;M5;15;21;4711,58075;4728,19000;UP
2026-04-24 18:00:00;M5;15;21;4723,83992;4722,21000;DOWN
2026-04-24 18:10:00;M5;15;34;4722,90812;4721,95000;DOWN
2026-04-24 18:40:00;M5;15;34;4726,55860;4727,83000;UP
2026-04-24 18:35:00;M5;15;55;4720,20673;4718,86000;DOWN
2026-04-24 18:50:00;M5;15;55;4722,38811;4729,27000;UP
2026-04-24 18:55:00;M5;15;34;4728,03465;4727,27000;DOWN
2026-04-24 19:05:00;M5;15;55;4724,25623;4721,70000;DOWN
2026-04-24 20:10:00;M5;15;21;4727,80375;4727,92000;UP
2026-04-24 20:20:00;M5;15;21;4727,15986;4726,74000;DOWN
2026-04-24 21:00:00;M5;15;89;4722,98951;4722,64000;DOWN
2026-04-24 21:55:00;M5;15;21;4721,36434;4722,68000;UP
2026-04-24 22:20:00;M5;15;21;4720,34243;4717,88000;DOWN
2026-04-27 02:20:00;M5;15;21;4679,85361;4682,56000;UP
2026-04-27 03:10:00;M5;15;34;4679,31738;4679,89000;UP
2026-04-27 03:50:00;M5;15;55;4685,56827;4688,58000;UP
2026-04-27 04:05:00;M5;15;89;4704,93275;4698,13000;DOWN
2026-04-27 04:50:00;M5;15;89;4700,43900;4702,74000;UP
2026-04-27 05:05:00;M5;15;89;4699,31005;4698,53000;DOWN
2026-04-27 05:20:00;M5;15;89;4698,39062;4705,28000;UP
2026-04-27 06:20:00;M5;15;21;4717,53619;4716,38000;DOWN
2026-04-27 06:35:00;M5;15;21;4721,42274;4723,74000;UP
2026-04-27 06:55:00;M5;15;21;4724,77102;4724,16000;DOWN
2026-04-27 07:45:00;M5;15;34;4724,60163;4724,27000;DOWN
2026-04-27 08:30:00;M5;15;55;4713,17826;4712,70000;DOWN
2026-04-27 09:50:00;M5;15;21;4712,61557;4713,34000;UP
2026-04-27 11:10:00;M5;15;89;4710,88367;4710,87000;DOWN
2026-04-27 11:40:00;M5;15;21;4711,38098;4711,80000;UP
2026-04-27 11:50:00;M5;15;89;4712,50452;4706,91000;DOWN
2026-04-27 13:00:00;M5;15;21;4704,52485;4705,20000;UP
2026-04-27 13:10:00;M5;15;21;4703,03343;4701,90000;DOWN
2026-04-27 13:20:00;M5;15;21;4702,10945;4704,36000;UP
2026-04-27 14:35:00;M5;15;34;4702,69430;4701,96000;DOWN
2026-04-27 14:55:00;M5;15;21;4703,74767;4704,81000;UP
2026-04-27 15:10:00;M5;15;55;4706,10501;4708,78000;UP
2026-04-27 15:30:00;M5;15;55;4705,50981;4704,32000;DOWN
2026-04-27 15:35:00;M5;15;34;4702,63329;4701,56000;DOWN
2026-04-27 15:50:00;M5;15;34;4702,35360;4702,89000;UP
2026-04-27 16:05:00;M5;15;34;4701,72944;4696,20000;DOWN
2026-04-27 17:35:00;M5;15;21;4691,80756;4693,27000;UP
2026-04-27 17:50:00;M5;15;21;4688,94602;4680,72000;DOWN
2026-04-27 18:35:00;M5;15;21;4678,95952;4679,14000;UP
2026-04-27 18:50:00;M5;15;21;4675,72340;4671,62000;DOWN
2026-04-27 19:10:00;M5;15;21;4673,06895;4674,48000;UP
2026-04-27 19:30:00;M5;15;34;4676,91266;4677,95000;UP
2026-04-27 20:15:00;M5;15;34;4671,63850;4671,31000;DOWN
2026-04-27 20:20:00;M5;15;34;4670,75674;4674,28000;UP
2026-04-27 21:20:00;M5;15;89;4681,16555;4684,10000;UP
2026-04-27 22:00:00;M5;15;89;4679,40272;4679,04000;DOWN
2026-04-27 22:05:00;M5;15;89;4678,60889;4679,43000;UP
2026-04-27 23:20:00;M5;15;34;4679,42338;4679,14000;DOWN
2026-04-27 23:40:00;M5;15;34;4679,87179;4680,07000;UP
2026-04-27 23:50:00;M5;15;34;4680,21016;4679,06000;DOWN
2026-04-28 01:05:00;M5;15;21;4681,13225;4688,85000;UP
2026-04-28 02:55:00;M5;15;21;4692,08323;4691,95000;DOWN
2026-04-28 03:05:00;M5;15;21;4693,99298;4700,13000;UP
2026-04-28 03:25:00;M5;15;21;4695,55807;4694,96000;DOWN
2026-04-28 03:35:00;M5;15;34;4693,07383;4691,85000;DOWN
2026-04-28 04:05:00;M5;15;55;4689,08442;4688,89000;DOWN
2026-04-28 04:55:00;M5;15;89;4680,29567;4670,63000;DOWN
2026-04-28 06:05:00;M5;15;21;4671,12803;4672,75000;UP
2026-04-28 07:35:00;M5;15;34;4668,78823;4668,83000;UP
2026-04-28 08:00:00;M5;15;34;4667,26988;4663,22000;DOWN
2026-04-28 09:55:00;M5;15;21;4627,41418;4628,98000;UP
2026-04-28 10:15:00;M5;15;34;4633,66254;4632,60000;DOWN
2026-04-28 10:35:00;M5;15;34;4627,55025;4627,74000;UP
2026-04-28 11:00:00;M5;15;34;4625,28273;4620,30000;DOWN
2026-04-28 11:05:00;M5;15;21;4620,94077;4621,86000;UP
2026-04-28 11:20:00;M5;15;34;4620,77029;4621,40000;UP
2026-04-28 11:45:00;M5;15;55;4627,02565;4625,94000;DOWN
2026-04-28 11:50:00;M5;15;55;4624,75584;4627,48000;UP
2026-04-28 12:15:00;M5;15;55;4622,66585;4622,08000;DOWN
2026-04-28 12:20:00;M5;15;34;4616,69702;4616,07000;DOWN
2026-04-28 13:10:00;M5;15;34;4612,54509;4612,63000;UP
2026-04-28 13:20:00;M5;15;21;4612,11449;4612,65000;UP
2026-04-28 13:55:00;M5;15;55;4606,79686;4603,22000;DOWN
2026-04-28 14:20:00;M5;15;21;4601,68191;4601,74000;UP
2026-04-28 14:35:00;M5;15;21;4595,85275;4569,91000;DOWN
2026-04-28 15:10:00;M5;15;21;4581,22754;4581,57000;UP
2026-04-28 15:35:00;M5;15;34;4582,13516;4583,86000;UP
2026-04-28 15:50:00;M5;15;89;4595,33897;4594,54000;DOWN
2026-04-28 16:05:00;M5;15;55;4581,13719;4572,96000;DOWN
2026-04-28 16:20:00;M5;15;34;4575,87788;4576,21000;UP
2026-04-28 17:00:00;M5;15;55;4575,40070;4565,96000;DOWN
2026-04-28 17:15:00;M5;15;34;4571,35355;4571,44000;UP
2026-04-28 17:20:00;M5;15;34;4569,66241;4568,07000;DOWN
2026-04-28 17:55:00;M5;15;21;4570,29179;4574,47000;UP
2026-04-28 20:55:00;M5;15;21;4596,25652;4594,79000;DOWN
2026-04-28 21:50:00;M5;15;34;4596,09831;4595,19000;DOWN
2026-04-29 01:10:00;M5;15;21;4595,83719;4596,25000;UP
2026-04-29 01:25:00;M5;15;55;4596,27159;4595,80000;DOWN
2026-04-29 01:35:00;M5;15;21;4595,24849;4594,21000;DOWN
2026-04-29 01:50:00;M5;15;21;4594,83519;4595,06000;UP
2026-04-29 02:05:00;M5;15;21;4594,07461;4590,95000;DOWN
2026-04-29 02:50:00;M5;15;21;4592,16496;4592,29000;UP
2026-04-29 04:00:00;M5;15;89;4587,49830;4582,53000;DOWN
2026-04-29 04:40:00;M5;15;89;4590,04201;4590,50000;UP
2026-04-29 05:00:00;M5;15;21;4591,29384;4592,38000;UP
2026-04-29 04:50:00;M5;15;89;4590,56414;4581,81000;DOWN
2026-04-29 05:05:00;M5;15;34;4592,52569;4598,82000;UP
2026-04-29 05:35:00;M5;15;55;4596,08303;4595,95000;DOWN
2026-04-29 06:00:00;M5;15;55;4595,85533;4596,49000;UP
2026-04-29 05:50:00;M5;15;34;4593,30174;4592,96000;DOWN
2026-04-29 06:05:00;M5;15;34;4594,01075;4599,60000;UP
2026-04-29 06:40:00;M5;15;89;4594,61876;4593,75000;DOWN
2026-04-29 07:00:00;M5;15;21;4597,17151;4597,83000;UP
2026-04-29 07:20:00;M5;15;21;4599,11537;4599,01000;DOWN
2026-04-29 07:35:00;M5;15;21;4600,13805;4603,11000;UP
2026-04-29 08:05:00;M5;15;21;4602,29421;4602,20000;DOWN
2026-04-29 08:30:00;M5;15;89;4598,01689;4595,45000;DOWN
2026-04-29 08:40:00;M5;15;55;4598,74375;4599,02000;UP
2026-04-29 08:50:00;M5;15;89;4598,69581;4597,48000;DOWN
2026-04-29 11:15:00;M5;15;21;4569,32120;4569,63000;UP
2026-04-29 11:30:00;M5;15;21;4565,84728;4562,38000;DOWN
2026-04-29 11:40:00;M5;15;21;4563,40824;4568,31000;UP
2026-04-29 11:50:00;M5;15;34;4570,15690;4574,83000;UP
2026-04-29 12:15:00;M5;15;55;4578,39391;4579,51000;UP
2026-04-29 12:20:00;M5;15;55;4576,36429;4572,14000;DOWN
2026-04-29 12:35:00;M5;15;34;4564,23465;4564,49000;UP
2026-04-29 12:40:00;M5;15;21;4562,16269;4558,88000;DOWN
2026-04-29 13:00:00;M5;15;21;4560,61829;4562,32000;UP
2026-04-29 12:50:00;M5;15;34;4561,90435;4555,04000;DOWN
2026-04-29 13:05:00;M5;15;34;4560,17013;4565,30000;UP
2026-04-29 14:25:00;M5;15;21;4564,99650;4564,69000;DOWN
2026-04-29 14:35:00;M5;15;21;4565,43582;4567,04000;UP
2026-04-29 14:50:00;M5;15;21;4565,35023;4560,47000;DOWN
2026-04-29 15:15:00;M5;15;21;4565,29098;4565,87000;UP
2026-04-29 15:30:00;M5;15;55;4558,59272;4554,96000;DOWN
2026-04-29 17:15:00;M5;15;21;4529,41663;4534,37000;UP
2026-04-29 17:30:00;M5;15;34;4537,30993;4539,53000;UP
2026-04-29 17:35:00;M5;15;55;4539,35406;4540,90000;UP
2026-04-29 17:45:00;M5;15;34;4534,01090;4532,85000;DOWN
2026-04-29 17:50:00;M5;15;34;4531,74197;4539,11000;UP
2026-04-29 18:20:00;M5;15;89;4542,36142;4544,08000;UP
2026-04-29 19:35:00;M5;15;21;4552,14960;4550,25000;DOWN
2026-04-29 20:40:00;M5;15;34;4544,98800;4544,73000;DOWN
2026-04-29 20:55:00;M5;15;34;4546,45958;4547,60000;UP
2026-04-29 21:05:00;M5;15;89;4535,27510;4533,54000;DOWN
2026-04-29 21:20:00;M5;15;89;4534,65497;4535,21000;UP
2026-04-29 21:35:00;M5;15;89;4533,78030;4528,91000;DOWN
2026-04-29 21:55:00;M5;15;21;4534,71361;4538,07000;UP
2026-04-29 22:10:00;M5;15;34;4541,14758;4547,73000;UP
2026-04-29 22:30:00;M5;15;34;4540,58576;4539,13000;DOWN
2026-04-29 22:35:00;M5;15;34;4540,11637;4540,81000;UP
2026-04-29 23:50:00;M5;15;21;4543,15207;4542,41000;DOWN
2026-04-30 01:05:00;M5;15;21;4544,74550;4545,99000;UP
2026-04-30 02:20:00;M5;15;21;4551,71389;4550,88000;DOWN
2026-04-30 02:35:00;M5;15;21;4553,05486;4554,65000;UP
2026-04-30 04:05:00;M5;15;21;4567,36663;4565,59000;DOWN
2026-04-30 04:25:00;M5;15;21;4570,83157;4579,84000;UP
2026-04-30 05:05:00;M5;15;21;4580,15449;4576,65000;DOWN
2026-04-30 05:20:00;M5;15;34;4576,66230;4575,33000;DOWN
2026-04-30 05:35:00;M5;15;55;4569,48030;4563,70000;DOWN
2026-04-30 06:35:00;M5;15;89;4560,62003;4558,87000;DOWN
2026-04-30 08:05:00;M5;15;21;4545,76941;4552,58000;UP
2026-04-30 08:20:00;M5;15;34;4555,97790;4556,95000;UP
2026-04-30 08:35:00;M5;15;55;4565,37090;4565,67000;UP
2026-04-30 08:55:00;M5;15;89;4562,77426;4562,54000;DOWN
2026-04-30 09:05:00;M5;15;55;4563,97240;4565,19000;UP
2026-04-30 11:40:00;M5;15;21;4615,90824;4614,96000;DOWN
2026-04-30 12:40:00;M5;15;34;4620,32208;4619,23000;DOWN
2026-04-30 12:50:00;M5;15;34;4624,71479;4626,65000;UP
2026-04-30 13:05:00;M5;15;34;4628,63106;4625,86000;DOWN
2026-04-30 13:25:00;M5;15;21;4635,51372;4643,56000;UP
2026-04-30 13:40:00;M5;15;34;4636,84181;4636,53000;DOWN
2026-04-30 14:00:00;M5;15;21;4640,42300;4641,60000;UP
2026-04-30 14:10:00;M5;15;34;4643,47140;4635,93000;DOWN
2026-04-30 14:30:00;M5;15;55;4631,98365;4629,98000;DOWN
2026-04-30 15:40:00;M5;15;89;4627,17917;4625,82000;DOWN
2026-04-30 15:55:00;M5;15;21;4635,77515;4639,57000;UP
2026-04-30 16:25:00;M5;15;89;4634,02916;4633,56000;DOWN
2026-04-30 17:50:00;M5;15;21;4619,80102;4621,52000;UP
2026-04-30 18:35:00;M5;15;21;4615,98925;4615,29000;DOWN
2026-04-30 18:55:00;M5;15;21;4614,99113;4615,30000;UP
2026-04-30 19:10:00;M5;15;21;4613,86561;4611,72000;DOWN
2026-04-30 19:30:00;M5;15;21;4612,37319;4612,92000;UP
2026-04-30 19:35:00;M5;15;21;4610,78669;4610,69000;DOWN
2026-04-30 19:50:00;M5;15;21;4609,07169;4616,53000;UP
2026-04-30 21:00:00;M5;15;55;4619,98982;4623,53000;UP
2026-04-30 22:20:00;M5;15;21;4622,24712;4620,04000;DOWN
2026-04-30 22:50:00;M5;15;34;4617,77105;4617,19000;DOWN
2026-04-30 23:15:00;M5;15;34;4618,34162;4618,49000;UP
2026-04-30 23:20:00;M5;15;34;4618,71928;4617,26000;DOWN
2026-04-30 23:50:00;M5;15;21;4619,39784;4620,97000;UP
2026-05-01 01:05:00;M5;15;89;4628,26393;4631,16000;UP
2026-05-01 02:20:00;M5;15;21;4630,83946;4630,14000;DOWN
2026-05-01 02:35:00;M5;15;21;4632,31713;4633,26000;UP
2026-05-01 02:55:00;M5;15;89;4626,89325;4626,50000;DOWN
2026-05-01 03:10:00;M5;15;55;4624,95882;4622,46000;DOWN
2026-05-01 04:35:00;M5;15;21;4619,57765;4621,03000;UP
2026-05-01 05:00:00;M5;15;34;4624,40582;4624,61000;UP
2026-05-01 05:05:00;M5;15;55;4625,39491;4626,24000;UP
2026-05-01 05:40:00;M5;15;89;4624,69876;4624,23000;DOWN
2026-05-01 06:20:00;M5;15;21;4622,80693;4623,56000;UP
2026-05-01 06:50:00;M5;15;55;4625,65067;4625,61000;DOWN
2026-05-01 07:05:00;M5;15;89;4624,72540;4620,93000;DOWN
2026-05-01 10:10:00;M5;15;21;4593,43583;4595,98000;UP
2026-05-01 10:20:00;M5;15;21;4591,25794;4591,24000;DOWN
2026-05-01 11:55:00;M5;15;21;4568,64065;4568,88000;UP
2026-05-01 12:20:00;M5;15;34;4568,50400;4570,04000;UP
2026-05-01 12:50:00;M5;15;34;4563,28017;4560,99000;DOWN
2026-05-01 13:05:00;M5;15;34;4561,20513;4566,59000;UP
2026-05-01 13:20:00;M5;15;55;4568,09038;4571,47000;UP
2026-05-01 14:35:00;M5;15;89;4573,90308;4575,88000;UP
2026-05-01 16:10:00;M5;15;21;4592,33737;4591,31000;DOWN
2026-05-01 16:30:00;M5;15;21;4594,71716;4598,61000;UP
2026-05-01 17:40:00;M5;15;21;4634,59397;4633,21000;DOWN
2026-05-01 18:05:00;M5;15;34;4629,35073;4626,64000;DOWN
2026-05-01 18:20:00;M5;15;34;4634,68195;4635,87000;UP
2026-05-01 18:55:00;M5;15;34;4644,02311;4643,18000;DOWN
2026-05-01 20:05:00;M5;15;55;4640,30319;4638,93000;DOWN
2026-05-01 21:10:00;M5;15;89;4618,77385;4615,74000;DOWN
2026-05-01 21:20:00;M5;15;89;4620,86284;4622,31000;UP
2026-05-01 21:35:00;M5;15;89;4622,76473;4617,56000;DOWN
2026-05-01 21:50:00;M5;15;21;4622,30493;4624,02000;UP
2026-05-01 22:10:00;M5;15;89;4626,19552;4626,21000;UP
2026-05-01 22:20:00;M5;15;89;4627,75340;4626,63000;DOWN
2026-05-01 23:25:00;M5;15;21;4611,65791;4613,23000;UP
2026-05-01 23:50:00;M5;15;34;4613,99427;4616,15000;UP
2026-05-04 02:05:00;M5;15;21;4617,51591;4615,39000;DOWN
2026-05-04 03:00:00;M5;15;34;4613,27718;4608,42000;DOWN
2026-05-04 03:05:00;M5;15;34;4613,03531;4615,27000;UP
2026-05-04 03:20:00;M5;15;34;4612,41062;4604,42000;DOWN
2026-05-04 03:55:00;M5;15;21;4610,55069;4613,02000;UP
2026-05-04 04:05:00;M5;15;34;4609,97570;4599,07000;DOWN
2026-05-04 04:50:00;M5;15;21;4601,08172;4606,17000;UP
2026-05-04 05:15:00;M5;15;55;4606,37815;4605,05000;DOWN
2026-05-04 05:20:00;M5;15;34;4603,52725;4598,31000;DOWN
2026-05-04 05:35:00;M5;15;21;4599,71801;4600,57000;UP
2026-05-04 06:35:00;M5;15;55;4601,57731;4601,37000;DOWN
2026-05-04 06:50:00;M5;15;21;4606,03640;4613,36000;UP
2026-05-04 07:05:00;M5;15;89;4612,59352;4610,73000;DOWN
2026-05-04 07:25:00;M5;15;21;4609,17391;4607,93000;DOWN
2026-05-04 07:35:00;M5;15;21;4610,10543;4610,21000;UP
2026-05-04 08:00:00;M5;15;34;4605,60475;4604,32000;DOWN
2026-05-04 08:15:00;M5;15;21;4609,86483;4611,03000;UP
2026-05-04 08:20:00;M5;15;89;4608,58014;4604,70000;DOWN
2026-05-04 10:05:00;M5;15;21;4589,64669;4590,89000;UP
2026-05-04 10:25:00;M5;15;21;4587,40592;4585,87000;DOWN
2026-05-04 10:40:00;M5;15;21;4585,79079;4587,90000;UP
2026-05-04 10:50:00;M5;15;21;4583,70241;4582,13000;DOWN
2026-05-04 11:35:00;M5;15;21;4576,79482;4579,00000;UP
2026-05-04 12:00:00;M5;15;34;4579,47156;4580,66000;UP
2026-05-04 12:35:00;M5;15;55;4581,44706;4583,69000;UP
2026-05-04 12:50:00;M5;15;55;4580,00529;4579,17000;DOWN
2026-05-04 13:35:00;M5;15;21;4560,40982;4561,26000;UP
2026-05-04 14:05:00;M5;15;55;4566,10424;4566,67000;UP
2026-05-04 14:25:00;M5;15;55;4563,69942;4562,26000;DOWN
2026-05-04 14:50:00;M5;15;34;4554,88548;4558,84000;UP
2026-05-04 15:15:00;M5;15;89;4566,71311;4573,31000;UP
2026-05-04 16:20:00;M5;15;21;4564,98405;4562,58000;DOWN
2026-05-04 16:35:00;M5;15;21;4565,60916;4566,72000;UP
2026-05-04 16:50:00;M5;15;21;4565,92603;4563,17000;DOWN
2026-05-04 17:15:00;M5;15;21;4565,71536;4572,92000;UP
2026-05-04 17:05:00;M5;15;89;4557,89552;4555,02000;DOWN
2026-05-04 17:20:00;M5;15;34;4560,32912;4576,86000;UP
2026-05-04 17:55:00;M5;15;34;4563,26068;4561,41000;DOWN
2026-05-04 18:10:00;M5;15;89;4555,26890;4548,52000;DOWN
2026-05-04 20:00:00;M5;15;21;4511,25048;4521,00000;UP
2026-05-04 20:15:00;M5;15;34;4524,74894;4528,99000;UP
2026-05-04 22:00:00;M5;15;21;4511,72517;4511,49000;DOWN
2026-05-04 22:05:00;M5;15;21;4512,77681;4517,89000;UP
2026-05-04 22:20:00;M5;15;89;4518,96076;4524,55000;UP
2026-05-04 23:00:00;M5;15;89;4515,85748;4515,15000;DOWN
2026-05-04 23:10:00;M5;15;89;4514,40527;4514,72000;UP
2026-05-04 23:30:00;M5;15;21;4516,88559;4517,27000;UP
2026-05-04 23:20:00;M5;15;89;4513,02907;4512,93000;DOWN
2026-05-04 23:35:00;M5;15;89;4511,78088;4516,98000;UP
2026-05-05 01:35:00;M5;15;21;4519,75441;4519,66000;DOWN
2026-05-05 02:10:00;M5;15;21;4519,59479;4520,41000;UP
2026-05-05 02:40:00;M5;15;21;4520,04781;4518,44000;DOWN
2026-05-05 03:00:00;M5;15;21;4520,10753;4522,80000;UP
2026-05-05 03:20:00;M5;15;34;4519,92116;4519,46000;DOWN
2026-05-05 03:40:00;M5;15;21;4521,43617;4523,78000;UP
2026-05-05 05:05:00;M5;15;21;4538,45890;4538,43000;DOWN
2026-05-05 05:25:00;M5;15;21;4540,95917;4541,46000;UP
2026-05-05 05:35:00;M5;15;21;4543,34650;4542,37000;DOWN
2026-05-05 06:15:00;M5;15;34;4540,77133;4540,63000;DOWN
2026-05-05 06:50:00;M5;15;55;4536,31205;4535,25000;DOWN
2026-05-05 07:50:00;M5;15;21;4534,31708;4534,82000;UP
2026-05-05 08:05:00;M5;15;34;4540,27165;4543,07000;UP
2026-05-05 08:20:00;M5;15;55;4540,10820;4539,31000;DOWN
2026-05-05 08:35:00;M5;15;34;4539,96007;4548,37000;UP
2026-05-05 09:15:00;M5;15;55;4542,58163;4538,98000;DOWN
2026-05-05 09:30:00;M5;15;21;4540,92200;4542,89000;UP
2026-05-05 09:35:00;M5;15;55;4543,94075;4548,00000;UP
2026-05-05 10:25:00;M5;15;21;4548,87768;4548,83000;DOWN
2026-05-05 10:35:00;M5;15;21;4550,66486;4554,52000;UP
2026-05-05 10:45:00;M5;15;55;4547,20312;4545,53000;DOWN
2026-05-05 11:00:00;M5;15;34;4547,27934;4550,01000;UP
2026-05-05 10:50:00;M5;15;21;4551,39324;4545,76000;DOWN
2026-05-05 11:05:00;M5;15;55;4548,60477;4547,81000;DOWN
2026-05-05 11:20:00;M5;15;34;4549,58068;4551,90000;UP
2026-05-05 11:40:00;M5;15;55;4549,89333;4549,79000;DOWN
2026-05-05 11:50:00;M5;15;21;4553,77841;4557,13000;UP
2026-05-05 12:15:00;M5;15;21;4555,08035;4554,13000;DOWN
2026-05-05 12:25:00;M5;15;55;4552,40702;4552,32000;DOWN
2026-05-05 12:40:00;M5;15;34;4555,44171;4555,49000;UP
2026-05-05 12:50:00;M5;15;55;4554,20014;4554,09000;DOWN
2026-05-05 13:25:00;M5;15;89;4551,74011;4547,89000;DOWN
2026-05-05 14:10:00;M5;15;21;4550,80742;4552,72000;UP
2026-05-05 14:25:00;M5;15;34;4554,28478;4556,02000;UP
2026-05-05 15:00:00;M5;15;55;4556,95330;4556,70000;DOWN
2026-05-05 15:05:00;M5;15;55;4557,76015;4558,24000;UP
2026-05-05 15:50:00;M5;15;21;4566,42820;4563,08000;DOWN
2026-05-05 16:05:00;M5;15;21;4569,96738;4576,22000;UP
2026-05-05 16:35:00;M5;15;21;4576,14166;4574,42000;DOWN
2026-05-05 16:50:00;M5;15;21;4578,65248;4580,80000;UP
2026-05-05 17:15:00;M5;15;34;4573,51492;4570,36000;DOWN
2026-05-05 17:25:00;M5;15;21;4581,55698;4584,05000;UP
2026-05-05 17:45:00;M5;15;34;4578,34493;4577,63000;DOWN
2026-05-05 17:55:00;M5;15;34;4580,66842;4582,30000;UP
2026-05-05 18:05:00;M5;15;34;4582,65862;4580,22000;DOWN
2026-05-05 18:20:00;M5;15;55;4578,49617;4576,55000;DOWN
2026-05-05 18:40:00;M5;15;89;4575,44221;4572,86000;DOWN
2026-05-05 20:20:00;M5;15;21;4557,99477;4559,28000;UP
2026-05-05 21:10:00;M5;15;34;4563,20522;4564,35000;UP
2026-05-05 21:30:00;M5;15;34;4561,61387;4558,97000;DOWN
2026-05-05 21:40:00;M5;15;34;4560,24292;4561,56000;UP
2026-05-05 22:00:00;M5;15;34;4559,06067;4558,77000;DOWN
2026-05-05 22:15:00;M5;15;34;4557,89015;4558,22000;UP
2026-05-05 22:10:00;M5;15;21;4557,68256;4557,29000;DOWN
2026-05-05 22:25:00;M5;15;34;4556,73858;4556,23000;DOWN
2026-05-05 22:45:00;M5;15;21;4557,51300;4558,86000;UP
2026-05-05 22:55:00;M5;15;34;4554,75899;4554,61000;DOWN
2026-05-05 23:10:00;M5;15;21;4556,34569;4556,94000;UP
2026-05-05 23:40:00;M5;15;21;4555,86863;4555,45000;DOWN
2026-05-05 23:55:00;M5;15;21;4555,56667;4556,00000;UP
2026-05-06 01:05:00;M5;15;34;4553,50820;4551,49000;DOWN
2026-05-06 01:50:00;M5;15;21;4552,58739;4558,63000;UP
2026-05-06 04:05:00;M5;15;21;4613,80382;4612,50000;DOWN
2026-05-06 04:20:00;M5;15;21;4620,10059;4623,54000;UP
2026-05-06 04:35:00;M5;15;21;4625,29396;4623,96000;DOWN
2026-05-06 05:15:00;M5;15;21;4633,95403;4634,14000;UP
2026-05-06 05:20:00;M5;15;21;4637,27389;4633,52000;DOWN
2026-05-06 05:35:00;M5;15;34;4631,97782;4630,82000;DOWN
2026-05-06 05:50:00;M5;15;34;4636,91110;4638,66000;UP
2026-05-06 06:10:00;M5;15;21;4645,75311;4647,80000;UP
2026-05-06 06:20:00;M5;15;34;4645,97013;4645,76000;DOWN
2026-05-06 06:35:00;M5;15;21;4651,02500;4651,35000;UP
2026-05-06 06:50:00;M5;15;34;4653,02718;4644,07000;DOWN
2026-05-06 07:35:00;M5;15;55;4649,27802;4649,25000;DOWN
2026-05-06 08:55:00;M5;15;21;4656,80425;4662,98000;UP
2026-05-06 09:25:00;M5;15;34;4665,13572;4666,11000;UP
2026-05-06 09:35:00;M5;15;34;4666,22448;4666,10000;DOWN
2026-05-06 09:55:00;M5;15;34;4667,51918;4669,21000;UP
2026-05-06 09:50:00;M5;15;21;4664,91542;4664,77000;DOWN
2026-05-06 10:05:00;M5;15;21;4666,21969;4666,89000;UP
2026-05-06 10:05:00;M5;15;34;4668,22292;4666,89000;DOWN
2026-05-06 10:20:00;M5;15;21;4667,49381;4664,73000;DOWN
2026-05-06 10:40:00;M5;15;21;4668,98475;4670,58000;UP
2026-05-06 10:55:00;M5;15;55;4679,38871;4681,51000;UP
2026-05-06 11:05:00;M5;15;55;4680,92375;4677,48000;DOWN
2026-05-06 11:25:00;M5;15;21;4677,59382;4677,01000;DOWN
2026-05-06 11:45:00;M5;15;21;4679,65284;4679,84000;UP
2026-05-06 11:35:00;M5;15;34;4677,35920;4675,76000;DOWN
2026-05-06 11:50:00;M5;15;34;4680,30042;4697,33000;UP
2026-05-06 12:40:00;M5;15;21;4697,17154;4696,03000;DOWN
2026-05-06 12:55:00;M5;15;21;4700,92389;4701,85000;UP
2026-05-06 13:05:00;M5;15;55;4697,19113;4696,54000;DOWN
2026-05-06 13:30:00;M5;15;21;4705,96467;4709,35000;UP
2026-05-06 14:10:00;M5;15;21;4715,75937;4712,03000;DOWN
2026-05-06 14:25:00;M5;15;89;4709,00747;4705,67000;DOWN
2026-05-06 16:20:00;M5;15;21;4680,94878;4685,41000;UP
2026-05-06 16:35:00;M5;15;34;4695,14564;4694,30000;DOWN
2026-05-06 16:50:00;M5;15;34;4693,82235;4703,85000;UP
2026-05-06 17:05:00;M5;15;55;4706,48384;4708,02000;UP
2026-05-06 17:25:00;M5;15;55;4706,54661;4705,67000;DOWN
2026-05-06 17:35:00;M5;15;55;4706,98252;4708,18000;UP
2026-05-06 17:50:00;M5;15;55;4707,39789;4701,34000;DOWN
2026-05-06 18:10:00;M5;15;34;4697,60495;4696,77000;DOWN
2026-05-06 18:20:00;M5;15;34;4697,87449;4698,90000;UP
2026-05-06 18:35:00;M5;15;34;4697,80221;4692,06000;DOWN
2026-05-06 20:05:00;M5;15;21;4685,90505;4686,17000;UP
2026-05-06 20:20:00;M5;15;21;4683,44111;4681,34000;DOWN
2026-05-06 20:50:00;M5;15;21;4680,02376;4681,58000;UP
2026-05-06 21:10:00;M5;15;34;4685,82008;4686,79000;UP
2026-05-06 22:00:00;M5;15;55;4688,65793;4691,22000;UP
2026-05-06 23:20:00;M5;15;21;4696,07544;4694,53000;DOWN
2026-05-06 23:40:00;M5;15;55;4688,90045;4688,61000;DOWN
2026-05-06 23:50:00;M5;15;34;4690,90492;4690,97000;UP
2026-05-07 01:10:00;M5;15;21;4695,96132;4697,21000;UP
2026-05-07 01:20:00;M5;15;89;4698,37255;4697,88000;DOWN
2026-05-07 01:35:00;M5;15;21;4696,48104;4697,11000;UP
2026-05-07 01:50:00;M5;15;89;4697,43526;4696,05000;DOWN
2026-05-07 02:05:00;M5;15;21;4696,52083;4697,42000;UP
2026-05-07 02:10:00;M5;15;34;4695,57706;4694,34000;DOWN
2026-05-07 02:20:00;M5;15;89;4696,69475;4693,57000;DOWN
2026-05-07 02:45:00;M5;15;21;4695,64152;4697,02000;UP
2026-05-07 03:00:00;M5;15;89;4696,20934;4693,46000;DOWN
2026-05-07 03:10:00;M5;15;21;4696,51628;4699,92000;UP
2026-05-07 03:25:00;M5;15;89;4696,02843;4692,43000;DOWN
2026-05-07 04:05:00;M5;15;21;4694,86754;4697,52000;UP
2026-05-07 05:10:00;M5;15;21;4706,25382;4704,08000;DOWN
2026-05-07 05:20:00;M5;15;34;4703,92389;4703,50000;DOWN
2026-05-07 05:45:00;M5;15;34;4704,89971;4706,61000;UP
2026-05-07 06:00:00;M5;15;21;4709,13876;4709,33000;UP
2026-05-07 06:10:00;M5;15;34;4706,43083;4705,87000;DOWN
2026-05-07 06:25:00;M5;15;55;4704,50837;4704,39000;DOWN
2026-05-07 06:55:00;M5;15;89;4701,01240;4699,08000;DOWN
2026-05-07 08:00:00;M5;15;21;4698,71263;4699,97000;UP
2026-05-07 08:15:00;M5;15;21;4697,63941;4695,98000;DOWN
2026-05-07 08:30:00;M5;15;21;4696,59114;4703,28000;UP
2026-05-07 08:35:00;M5;15;55;4704,25862;4705,10000;UP
2026-05-07 08:55:00;M5;15;89;4702,47471;4701,00000;DOWN
2026-05-07 09:05:00;M5;15;55;4704,07085;4707,76000;UP
2026-05-07 10:35:00;M5;15;21;4741,89807;4739,98000;DOWN
2026-05-07 11:00:00;M5;15;21;4747,32325;4749,75000;UP
2026-05-07 11:05:00;M5;15;21;4751,14650;4748,13000;DOWN
2026-05-07 11:30:00;M5;15;34;4738,82934;4737,22000;DOWN
2026-05-07 11:55:00;M5;15;55;4732,44999;4730,97000;DOWN
2026-05-07 12:15:00;M5;15;55;4734,41087;4735,60000;UP
2026-05-07 12:25:00;M5;15;55;4736,17332;4735,64000;DOWN
2026-05-07 12:55:00;M5;15;89;4729,85053;4729,04000;DOWN
2026-05-07 13:05:00;M5;15;89;4731,22119;4733,27000;UP
2026-05-07 13:30:00;M5;15;89;4732,47778;4730,48000;DOWN
2026-05-07 13:35:00;M5;15;21;4734,00272;4736,37000;UP
2026-05-07 14:05:00;M5;15;89;4735,97244;4733,73000;DOWN
2026-05-07 14:20:00;M5;15;21;4732,73716;4734,33000;UP
2026-05-07 14:50:00;M5;15;34;4738,93540;4739,67000;UP
2026-05-07 15:30:00;M5;15;55;4746,39636;4747,28000;UP
2026-05-07 15:20:00;M5;15;89;4740,87382;4735,47000;DOWN
2026-05-07 15:35:00;M5;15;21;4740,35008;4746,20000;UP
2026-05-07 15:35:00;M5;15;55;4746,95579;4746,20000;DOWN
2026-05-07 15:50:00;M5;15;55;4747,60312;4747,85000;UP
2026-05-07 16:00:00;M5;15;89;4743,16295;4738,88000;DOWN
2026-05-07 16:05:00;M5;15;55;4747,81796;4741,06000;DOWN
2026-05-07 16:25:00;M5;15;21;4745,22846;4745,30000;UP
2026-05-07 16:45:00;M5;15;89;4746,29833;4742,54000;DOWN
2026-05-07 16:50:00;M5;15;34;4743,72225;4743,91000;UP
2026-05-07 17:10:00;M5;15;21;4748,68739;4751,87000;UP
2026-05-07 17:30:00;M5;15;89;4749,55733;4749,32000;DOWN
2026-05-07 17:35:00;M5;15;21;4752,15609;4753,88000;UP
2026-05-07 18:10:00;M5;15;21;4756,40693;4754,81000;DOWN
2026-05-07 18:20:00;M5;15;89;4754,20910;4747,15000;DOWN
2026-05-07 20:05:00;M5;15;21;4715,41071;4716,78000;UP
2026-05-07 20:25:00;M5;15;21;4708,89735;4699,14000;DOWN
2026-05-07 20:35:00;M5;15;21;4702,89920;4703,28000;UP
2026-05-07 21:25:00;M5;15;34;4708,15796;4712,82000;UP
2026-05-07 21:45:00;M5;15;34;4705,08254;4700,76000;DOWN
2026-05-07 21:50:00;M5;15;34;4702,63894;4703,40000;UP
2026-05-07 22:20:00;M5;15;21;4701,56550;4700,51000;DOWN
2026-05-07 22:35:00;M5;15;21;4703,02093;4710,94000;UP
2026-05-07 23:00:00;M5;15;55;4708,75275;4716,36000;UP
2026-05-07 22:55:00;M5;15;21;4703,89106;4702,93000;DOWN
2026-05-07 23:05:00;M5;15;21;4705,13854;4711,23000;UP
2026-05-07 23:35:00;M5;15;55;4703,49483;4698,53000;DOWN
2026-05-08 02:05:00;M5;15;21;4689,00416;4691,29000;UP
2026-05-08 02:50:00;M5;15;89;4702,35323;4703,34000;UP
2026-05-08 03:15:00;M5;15;89;4700,63492;4695,19000;DOWN
2026-05-08 03:20:00;M5;15;89;4699,03705;4703,72000;UP
2026-05-08 03:50:00;M5;15;21;4698,70510;4698,29000;DOWN
2026-05-08 04:05:00;M5;15;21;4702,08289;4714,71000;UP
2026-05-08 04:35:00;M5;15;21;4708,85953;4707,96000;DOWN
2026-05-08 04:50:00;M5;15;21;4712,65279;4722,07000;UP
2026-05-08 05:30:00;M5;15;21;4720,08075;4719,52000;DOWN
2026-05-08 05:35:00;M5;15;34;4712,27406;4711,37000;DOWN
2026-05-08 05:50:00;M5;15;34;4714,51666;4716,30000;UP
2026-05-08 06:30:00;M5;15;21;4722,82682;4730,66000;UP
2026-05-08 06:45:00;M5;15;21;4723,59461;4720,46000;DOWN
2026-05-08 06:50:00;M5;15;34;4721,86626;4718,94000;DOWN
2026-05-08 07:35:00;M5;15;55;4714,50041;4713,63000;DOWN
2026-05-08 07:50:00;M5;15;55;4715,69875;4715,98000;UP
2026-05-08 08:05:00;M5;15;55;4716,66282;4714,76000;DOWN
2026-05-08 08:25:00;M5;15;21;4715,72171;4719,37000;UP
2026-05-08 10:00:00;M5;15;55;4725,08351;4723,89000;DOWN
2026-05-08 10:20:00;M5;15;89;4712,98255;4706,26000;DOWN
2026-05-08 11:20:00;M5;15;21;4712,87154;4720,01000;UP
2026-05-08 11:55:00;M5;15;89;4716,08408;4715,74000;DOWN
2026-05-08 12:10:00;M5;15;34;4716,07282;4718,50000;UP
2026-05-08 12:30:00;M5;15;89;4716,99801;4714,74000;DOWN
2026-05-08 12:45:00;M5;15;21;4712,89855;4710,61000;DOWN
2026-05-08 13:10:00;M5;15;21;4714,20887;4718,82000;UP
2026-05-08 13:20:00;M5;15;55;4718,85464;4721,40000;UP
2026-05-08 14:45:00;M5;15;89;4720,61424;4717,64000;DOWN
2026-05-08 15:30:00;M5;15;21;4718,77137;4723,31000;UP
2026-05-08 16:05:00;M5;15;89;4720,96458;4720,32000;DOWN
2026-05-08 16:20:00;M5;15;89;4721,08632;4724,74000;UP
2026-05-08 17:05:00;M5;15;21;4731,13694;4726,60000;DOWN
2026-05-08 17:25:00;M5;15;89;4723,54513;4717,49000;DOWN
2026-05-08 19:10:00;M5;15;21;4710,54265;4711,51000;UP
2026-05-08 19:25:00;M5;15;34;4717,39612;4717,61000;UP
2026-05-08 19:40:00;M5;15;34;4716,11369;4713,39000;DOWN
2026-05-08 20:00:00;M5;15;34;4714,90710;4715,25000;UP
2026-05-08 20:15:00;M5;15;55;4717,98260;4718,65000;UP
2026-05-08 20:25:00;M5;15;89;4720,08653;4720,62000;UP
2026-05-08 21:50:00;M5;15;21;4724,84081;4722,36000;DOWN
2026-05-08 23:10:00;M5;15;89;4721,33261;4718,65000;DOWN
2026-05-11 02:05:00;M5;15;21;4692,34412;4694,10000;UP
2026-05-11 03:10:00;M5;15;21;4683,89247;4682,68000;DOWN
2026-05-11 03:20:00;M5;15;21;4682,31705;4684,30000;UP
2026-05-11 03:50:00;M5;15;34;4684,24323;4682,35000;DOWN
2026-05-11 04:05:00;M5;15;34;4682,42455;4690,98000;UP
2026-05-11 04:20:00;M5;15;89;4700,88490;4703,07000;UP
2026-05-11 04:35:00;M5;15;89;4699,50210;4695,40000;DOWN
2026-05-11 04:50:00;M5;15;55;4688,46522;4686,57000;DOWN
2026-05-11 05:25:00;M5;15;21;4687,89002;4688,44000;UP
2026-05-11 05:35:00;M5;15;89;4694,28671;4698,99000;UP
2026-05-11 05:45:00;M5;15;21;4688,11351;4685,35000;DOWN
2026-05-11 05:50:00;M5;15;89;4693,04647;4680,44000;DOWN
2026-05-11 06:15:00;M5;15;21;4687,20466;4688,35000;UP
2026-05-11 06:30:00;M5;15;21;4686,96272;4686,72000;DOWN
2026-05-11 06:40:00;M5;15;21;4686,68585;4687,71000;UP
2026-05-11 06:45:00;M5;15;34;4683,10180;4681,22000;DOWN
2026-05-11 06:50:00;M5;15;55;4679,77048;4677,34000;DOWN
2026-05-11 08:00:00;M5;15;21;4675,60388;4675,61000;UP
2026-05-11 08:05:00;M5;15;21;4673,35066;4672,42000;DOWN
2026-05-11 08:20:00;M5;15;21;4671,34899;4675,10000;UP
2026-05-11 08:40:00;M5;15;55;4672,50609;4663,63000;DOWN
2026-05-11 09:05:00;M5;15;21;4661,88362;4662,76000;UP
2026-05-11 09:20:00;M5;15;55;4667,69523;4667,22000;DOWN
2026-05-11 09:35:00;M5;15;55;4666,51854;4672,77000;UP
2026-05-11 10:45:00;M5;15;21;4669,95948;4667,53000;DOWN
2026-05-11 11:15:00;M5;15;21;4671,99695;4675,29000;UP
2026-05-11 11:05:00;M5;15;89;4665,03967;4664,81000;DOWN
2026-05-11 11:20:00;M5;15;34;4666,71672;4676,59000;UP
2026-05-11 11:25:00;M5;15;21;4672,77491;4671,77000;DOWN
2026-05-11 12:05:00;M5;15;34;4667,67406;4667,64000;DOWN
2026-05-11 12:20:00;M5;15;89;4662,27547;4659,04000;DOWN
2026-05-11 12:40:00;M5;15;89;4661,65249;4662,90000;UP
2026-05-11 12:55:00;M5;15;89;4660,94651;4656,70000;DOWN
2026-05-11 13:10:00;M5;15;21;4661,84755;4662,51000;UP
2026-05-11 13:20:00;M5;15;34;4663,96857;4665,30000;UP
2026-05-11 13:35:00;M5;15;34;4663,26810;4662,95000;DOWN
2026-05-11 13:50:00;M5;15;34;4662,64997;4665,15000;UP
2026-05-11 15:05:00;M5;15;21;4669,54505;4669,23000;DOWN
2026-05-11 15:20:00;M5;15;21;4673,36116;4692,40000;UP
2026-05-11 17:05:00;M5;15;21;4734,94465;4724,36000;DOWN
2026-05-11 17:50:00;M5;15;34;4730,67128;4728,00000;DOWN
2026-05-11 19:10:00;M5;15;55;4728,58665;4727,82000;DOWN
2026-05-11 20:30:00;M5;15;21;4720,13688;4722,89000;UP
2026-05-11 21:55:00;M5;15;89;4726,34324;4724,84000;DOWN
2026-05-11 22:05:00;M5;15;34;4725,85985;4727,01000;UP
2026-05-11 22:20:00;M5;15;34;4725,20774;4723,74000;DOWN
2026-05-11 22:35:00;M5;15;21;4725,48935;4727,64000;UP
2026-05-11 23:30:00;M5;15;55;4737,74613;4737,91000;UP
2026-05-11 23:20:00;M5;15;89;4735,70201;4734,58000;DOWN
2026-05-11 23:35:00;M5;15;89;4737,21342;4737,99000;UP
2026-05-11 23:40:00;M5;15;55;4737,58799;4737,49000;DOWN
2026-05-11 23:50:00;M5;15;89;4738,66552;4734,68000;DOWN
2026-05-12 01:05:00;M5;15;21;4737,06027;4741,32000;UP
2026-05-12 01:20:00;M5;15;89;4741,48521;4739,70000;DOWN
2026-05-12 01:40:00;M5;15;89;4742,87942;4744,73000;UP
2026-05-12 03:20:00;M5;15;21;4764,33667;4759,81000;DOWN
2026-05-12 03:35:00;M5;15;34;4760,23659;4759,17000;DOWN
2026-05-12 03:50:00;M5;15;89;4756,79220;4752,76000;DOWN
2026-05-12 05:40:00;M5;15;21;4729,28876;4731,81000;UP
2026-05-12 06:45:00;M5;15;21;4720,73870;4720,49000;DOWN
2026-05-12 06:50:00;M5;15;21;4719,55598;4719,56000;UP
2026-05-12 07:15:00;M5;15;34;4725,87023;4726,79000;UP
2026-05-12 07:25:00;M5;15;34;4722,98359;4722,48000;DOWN
2026-05-12 07:35:00;M5;15;34;4720,73194;4725,55000;UP
2026-05-12 07:50:00;M5;15;34;4718,53039;4713,48000;DOWN
2026-05-12 08:25:00;M5;15;21;4714,85805;4715,28000;UP
2026-05-12 09:00:00;M5;15;34;4711,87985;4706,68000;DOWN
2026-05-12 10:15:00;M5;15;21;4698,33401;4699,17000;UP
2026-05-12 10:30:00;M5;15;34;4698,93776;4699,69000;UP
2026-05-12 10:50:00;M5;15;55;4701,01114;4701,52000;UP
2026-05-12 12:40:00;M5;15;21;4698,17467;4695,29000;DOWN
2026-05-12 12:55:00;M5;15;21;4698,26208;4699,47000;UP
2026-05-12 13:05:00;M5;15;89;4703,13829;4707,71000;UP
2026-05-12 13:20:00;M5;15;89;4701,51254;4701,23000;DOWN
2026-05-12 13:35:00;M5;15;55;4690,11914;4686,52000;DOWN
2026-05-12 13:50:00;M5;15;55;4689,68629;4692,85000;UP
2026-05-12 14:15:00;M5;15;21;4696,35467;4697,88000;UP
2026-05-12 14:20:00;M5;15;89;4695,26827;4693,76000;DOWN
2026-05-12 14:35:00;M5;15;21;4696,12957;4704,40000;UP
2026-05-12 15:20:00;M5;15;34;4698,02986;4696,88000;DOWN
2026-05-12 15:35:00;M5;15;21;4701,35204;4701,63000;UP
2026-05-12 16:00:00;M5;15;34;4699,66839;4696,18000;DOWN
2026-05-12 16:10:00;M5;15;89;4690,58163;4688,90000;DOWN
2026-05-12 16:20:00;M5;15;89;4690,13221;4690,96000;UP
2026-05-12 16:40:00;M5;15;34;4698,74675;4699,17000;UP
2026-05-12 16:55:00;M5;15;89;4689,12057;4679,05000;DOWN
2026-05-12 17:05:00;M5;15;89;4688,51248;4691,50000;UP
2026-05-12 17:20:00;M5;15;89;4687,80301;4687,43000;DOWN
2026-05-12 18:50:00;M5;15;21;4663,17936;4667,93000;UP
2026-05-12 19:10:00;M5;15;34;4670,94820;4671,91000;UP
2026-05-12 19:20:00;M5;15;34;4668,13139;4667,47000;DOWN
2026-05-12 19:35:00;M5;15;34;4665,97180;4670,37000;UP
2026-05-12 20:00:00;M5;15;55;4672,95095;4676,26000;UP
2026-05-12 23:20:00;M5;15;21;4715,45542;4713,91000;DOWN
2026-05-13 01:05:00;M5;15;34;4714,36385;4714,14000;DOWN
2026-05-13 01:30:00;M5;15;34;4717,35105;4718,64000;UP
2026-05-13 01:35:00;M5;15;34;4719,87657;4718,06000;DOWN
2026-05-13 02:20:00;M5;15;21;4722,51842;4722,58000;UP
2026-05-13 02:35:00;M5;15;21;4722,51995;4720,46000;DOWN
2026-05-13 03:00:00;M5;15;21;4722,21706;4724,73000;UP
2026-05-13 03:05:00;M5;15;21;4722,02843;4721,08000;DOWN
2026-05-13 03:20:00;M5;15;21;4722,13742;4724,72000;UP
2026-05-13 03:30:00;M5;15;55;4721,17794;4720,39000;DOWN
2026-05-13 03:40:00;M5;15;21;4722,22041;4720,43000;DOWN
2026-05-13 04:20:00;M5;15;89;4708,00790;4707,54000;DOWN
2026-05-13 04:45:00;M5;15;89;4709,33109;4709,85000;UP
2026-05-13 04:50:00;M5;15;89;4710,44717;4706,20000;DOWN
2026-05-13 06:15:00;M5;15;21;4693,93216;4694,09000;UP
2026-05-13 06:30:00;M5;15;34;4701,39028;4703,58000;UP
2026-05-13 06:50:00;M5;15;34;4697,50932;4697,28000;DOWN
2026-05-13 07:05:00;M5;15;34;4696,07325;4696,60000;UP
2026-05-13 08:00:00;M5;15;55;4705,43346;4706,43000;UP
2026-05-13 08:15:00;M5;15;55;4704,15783;4701,25000;DOWN
2026-05-13 08:25:00;M5;15;21;4698,83486;4698,05000;DOWN
2026-05-13 08:35:00;M5;15;21;4699,42603;4701,06000;UP
2026-05-13 08:55:00;M5;15;55;4700,62072;4703,95000;UP
2026-05-13 08:50:00;M5;15;21;4700,15819;4699,36000;DOWN
2026-05-13 09:05:00;M5;15;21;4701,68613;4710,53000;UP
2026-05-13 09:20:00;M5;15;89;4710,50633;4708,61000;DOWN
2026-05-13 09:35:00;M5;15;89;4710,32681;4711,73000;UP
2026-05-13 09:50:00;M5;15;89;4710,07543;4702,57000;DOWN
2026-05-13 10:15:00;M5;15;34;4702,28436;4705,99000;UP
2026-05-13 10:05:00;M5;15;55;4699,40582;4698,58000;DOWN
2026-05-13 10:20:00;M5;15;55;4699,54012;4705,25000;UP
2026-05-13 10:35:00;M5;15;34;4704,13455;4703,51000;DOWN
2026-05-13 11:15:00;M5;15;55;4699,93906;4699,03000;DOWN
2026-05-13 11:50:00;M5;15;21;4700,55272;4700,70000;UP
2026-05-13 12:05:00;M5;15;55;4699,50473;4698,38000;DOWN
2026-05-13 12:45:00;M5;15;21;4694,44729;4696,83000;UP
2026-05-13 12:55:00;M5;15;34;4698,72863;4700,88000;UP
2026-05-13 13:05:00;M5;15;89;4702,41830;4708,73000;UP
2026-05-13 13:25:00;M5;15;89;4701,78907;4699,62000;DOWN
2026-05-13 13:50:00;M5;15;21;4695,41141;4695,04000;DOWN
2026-05-13 14:10:00;M5;15;21;4695,75384;4699,03000;UP
2026-05-13 14:30:00;M5;15;89;4699,58392;4702,22000;UP
2026-05-13 14:55:00;M5;15;89;4698,94103;4697,39000;DOWN
2026-05-13 15:05:00;M5;15;21;4698,47003;4699,18000;UP
2026-05-13 15:10:00;M5;15;55;4697,14689;4693,95000;DOWN
2026-05-13 15:20:00;M5;15;89;4698,12712;4687,64000;DOWN
2026-05-13 16:10:00;M5;15;21;4688,59967;4689,86000;UP
2026-05-13 16:20:00;M5;15;55;4692,55821;4693,98000;UP
2026-05-13 16:25:00;M5;15;34;4690,06926;4688,68000;DOWN
2026-05-13 16:35:00;M5;15;55;4691,29702;4674,18000;DOWN
2026-05-13 16:50:00;M5;15;21;4682,62198;4682,72000;UP
2026-05-13 17:05:00;M5;15;21;4680,44471;4677,67000;DOWN
2026-05-13 17:20:00;M5;15;21;4679,13610;4681,77000;UP
2026-05-13 17:40:00;M5;15;55;4686,28471;4683,78000;DOWN
2026-05-13 18:00:00;M5;15;34;4681,40014;4684,17000;UP
2026-05-13 18:05:00;M5;15;55;4684,26011;4688,34000;UP
2026-05-13 18:20:00;M5;15;89;4687,82705;4688,05000;UP
2026-05-13 19:50:00;M5;15;21;4701,61933;4696,35000;DOWN
2026-05-13 20:30:00;M5;15;34;4695,76377;4690,40000;DOWN
2026-05-13 20:55:00;M5;15;89;4688,55087;4685,55000;DOWN
2026-05-13 21:10:00;M5;15;55;4690,86609;4692,43000;UP
2026-05-13 21:20:00;M5;15;55;4691,10879;4690,31000;DOWN
2026-05-13 21:40:00;M5;15;89;4688,61331;4686,06000;DOWN
2026-05-13 22:10:00;M5;15;21;4688,58458;4689,11000;UP
2026-05-13 22:20:00;M5;15;89;4688,13475;4687,96000;DOWN
2026-05-13 22:35:00;M5;15;21;4685,81084;4688,87000;UP
2026-05-13 22:50:00;M5;15;89;4687,81109;4685,64000;DOWN
2026-05-13 23:10:00;M5;15;34;4690,58414;4690,89000;UP
2026-05-13 23:30:00;M5;15;55;4690,86028;4689,72000;DOWN
2026-05-13 23:35:00;M5;15;34;4689,28554;4691,38000;UP
2026-05-13 23:50:00;M5;15;55;4690,95662;4688,03000;DOWN
2026-05-14 01:05:00;M5;15;34;4688,45708;4689,95000;UP
2026-05-14 02:25:00;M5;15;21;4698,53218;4697,31000;DOWN
2026-05-14 02:45:00;M5;15;34;4694,42755;4693,79000;DOWN
2026-05-14 02:50:00;M5;15;34;4695,34507;4695,71000;UP
2026-05-14 03:00:00;M5;15;55;4693,87412;4691,76000;DOWN
2026-05-14 03:15:00;M5;15;21;4699,87755;4701,11000;UP
2026-05-14 03:05:00;M5;15;34;4696,15930;4696,06000;DOWN
2026-05-14 03:20:00;M5;15;34;4697,07457;4701,70000;UP
2026-05-14 03:30:00;M5;15;21;4700,31371;4697,47000;DOWN
2026-05-14 03:45:00;M5;15;21;4700,76433;4703,64000;UP
2026-05-14 03:35:00;M5;15;34;4698,03431;4695,52000;DOWN
2026-05-14 03:50:00;M5;15;34;4699,25042;4700,80000;UP
2026-05-14 03:50:00;M5;15;21;4701,58403;4700,80000;DOWN
2026-05-14 04:05:00;M5;15;89;4693,35103;4688,35000;DOWN
2026-05-14 04:45:00;M5;15;89;4694,04735;4694,54000;UP
2026-05-14 04:50:00;M5;15;89;4694,21076;4685,70000;DOWN
2026-05-14 05:25:00;M5;15;21;4691,24390;4693,54000;UP
2026-05-14 05:40:00;M5;15;89;4694,23241;4691,81000;DOWN
2026-05-14 06:20:00;M5;15;21;4686,28278;4688,31000;UP
2026-05-14 06:35:00;M5;15;34;4689,37987;4680,47000;DOWN
2026-05-14 07:10:00;M5;15;21;4680,52239;4682,14000;UP
2026-05-14 07:20:00;M5;15;34;4684,54382;4691,50000;UP
2026-05-14 08:25:00;M5;15;21;4695,53449;4693,64000;DOWN
2026-05-14 08:35:00;M5;15;21;4697,60385;4699,92000;UP
2026-05-14 08:55:00;M5;15;89;4692,34720;4689,60000;DOWN
2026-05-14 09:30:00;M5;15;34;4692,50186;4694,05000;UP
2026-05-14 09:40:00;M5;15;21;4696,93767;4699,01000;UP
2026-05-14 10:10:00;M5;15;21;4696,82706;4695,30000;DOWN
2026-05-14 10:20:00;M5;15;21;4697,66355;4699,76000;UP
2026-05-14 10:55:00;M5;15;89;4694,39792;4693,03000;DOWN
2026-05-14 11:05:00;M5;15;55;4695,43817;4697,42000;UP
2026-05-14 11:25:00;M5;15;21;4701,72631;4703,08000;UP
2026-05-14 11:45:00;M5;15;89;4695,63611;4695,13000;DOWN
2026-05-14 12:05:00;M5;15;89;4696,10953;4696,44000;UP
2026-05-14 12:20:00;M5;15;89;4696,17981;4693,41000;DOWN
2026-05-14 12:45:00;M5;15;21;4696,40543;4700,38000;UP
2026-05-14 13:10:00;M5;15;55;4698,32071;4697,17000;DOWN
2026-05-14 13:20:00;M5;15;89;4696,38193;4694,37000;DOWN
2026-05-14 13:35:00;M5;15;21;4695,20647;4696,16000;UP
2026-05-14 13:50:00;M5;15;89;4696,47246;4696,71000;UP
2026-05-14 14:00:00;M5;15;21;4695,11173;4695,08000;DOWN
2026-05-14 14:05:00;M5;15;21;4695,28673;4697,18000;UP
2026-05-14 14:15:00;M5;15;89;4696,55700;4695,21000;DOWN
2026-05-14 14:20:00;M5;15;34;4696,66149;4693,58000;DOWN
2026-05-14 14:35:00;M5;15;21;4695,00846;4695,40000;UP
2026-05-14 14:50:00;M5;15;55;4697,83796;4704,11000;UP
2026-05-14 14:55:00;M5;15;89;4696,64580;4694,36000;DOWN
2026-05-14 15:05:00;M5;15;21;4695,65253;4697,12000;UP
2026-05-14 15:05:00;M5;15;55;4697,81126;4697,12000;DOWN
2026-05-14 15:20:00;M5;15;55;4697,97384;4705,53000;UP
2026-05-14 15:40:00;M5;15;55;4698,15092;4698,05000;DOWN
2026-05-14 15:50:00;M5;15;21;4699,60955;4703,38000;UP
2026-05-14 16:00:00;M5;15;89;4697,57514;4697,43000;DOWN
2026-05-14 16:05:00;M5;15;34;4698,50586;4701,38000;UP
2026-05-14 16:15:00;M5;15;55;4698,97698;4693,33000;DOWN
2026-05-14 16:20:00;M5;15;89;4698,21869;4694,83000;DOWN
2026-05-14 17:15:00;M5;15;21;4690,43015;4694,60000;UP
2026-05-14 17:25:00;M5;15;34;4692,18221;4691,44000;DOWN
2026-05-14 17:55:00;M5;15;21;4684,19650;4679,46000;DOWN
2026-05-14 18:05:00;M5;15;21;4682,42769;4683,61000;UP
2026-05-14 18:30:00;M5;15;34;4686,67225;4688,66000;UP
2026-05-14 18:40:00;M5;15;34;4685,37810;4682,55000;DOWN
2026-05-14 18:50:00;M5;15;34;4684,31170;4684,65000;UP
2026-05-14 19:00:00;M5;15;21;4680,51727;4678,98000;DOWN
2026-05-14 19:05:00;M5;15;34;4683,07238;4677,15000;DOWN
2026-05-14 19:50:00;M5;15;21;4677,36414;4677,56000;UP
2026-05-14 20:40:00;M5;15;55;4680,12360;4681,35000;UP
2026-05-14 20:50:00;M5;15;55;4679,12811;4678,02000;DOWN
2026-05-14 21:15:00;M5;15;34;4675,21845;4675,77000;UP
2026-05-14 21:25:00;M5;15;34;4674,68995;4673,47000;DOWN
2026-05-14 23:40:00;M5;15;21;4650,39587;4650,68000;UP
2026-05-15 01:05:00;M5;15;34;4652,41171;4655,85000;UP
2026-05-15 01:50:00;M5;15;89;4661,98195;4662,40000;UP
2026-05-15 02:10:00;M5;15;89;4660,66697;4658,94000;DOWN
2026-05-15 02:25:00;M5;15;89;4659,53671;4663,94000;UP
2026-05-15 02:30:00;M5;15;55;4652,25272;4651,09000;DOWN
2026-05-15 02:35:00;M5;15;55;4651,84713;4652,70000;UP
2026-05-15 02:35:00;M5;15;89;4658,47695;4652,70000;DOWN
2026-05-15 03:00:00;M5;15;55;4651,33784;4649,44000;DOWN
2026-05-15 03:15:00;M5;15;34;4651,42765;4654,00000;UP
2026-05-15 03:20:00;M5;15;55;4649,41628;4644,68000;DOWN
2026-05-15 04:40:00;M5;15;21;4618,77537;4622,91000;UP
2026-05-15 04:50:00;M5;15;21;4613,16764;4610,01000;DOWN
2026-05-15 05:05:00;M5;15;21;4608,81879;4618,16000;UP
2026-05-15 05:40:00;M5;15;34;4614,97586;4617,85000;UP
2026-05-15 05:50:00;M5;15;55;4619,59713;4620,77000;UP
2026-05-15 06:15:00;M5;15;55;4617,31534;4614,68000;DOWN
2026-05-15 06:35:00;M5;15;55;4613,16163;4614,62000;UP
2026-05-15 07:05:00;M5;15;89;4618,38179;4621,41000;UP
2026-05-15 07:20:00;M5;15;89;4616,46461;4610,68000;DOWN
2026-05-15 07:40:00;M5;15;55;4606,76522;4605,68000;DOWN
2026-05-15 07:50:00;M5;15;55;4605,09939;4608,10000;UP
2026-05-15 08:00:00;M5;15;34;4603,81244;4599,93000;DOWN
2026-05-15 08:05:00;M5;15;55;4603,07011;4593,12000;DOWN
2026-05-15 09:20:00;M5;15;21;4571,38002;4575,13000;UP
2026-05-15 10:05:00;M5;15;34;4571,16744;4575,97000;UP
2026-05-15 10:20:00;M5;15;89;4583,26159;4582,45000;DOWN
2026-05-15 11:00:00;M5;15;55;4569,52247;4561,03000;DOWN
2026-05-15 11:05:00;M5;15;34;4565,06027;4566,43000;UP
2026-05-15 11:20:00;M5;15;34;4562,84964;4560,23000;DOWN
2026-05-15 11:40:00;M5;15;34;4560,67843;4562,50000;UP
2026-05-15 11:50:00;M5;15;34;4558,32463;4557,71000;DOWN
2026-05-15 13:05:00;M5;15;21;4545,73239;4558,50000;UP
2026-05-15 14:35:00;M5;15;21;4556,25600;4554,17000;DOWN
2026-05-15 15:10:00;M5;15;34;4549,19505;4545,56000;DOWN
2026-05-15 15:20:00;M5;15;21;4555,49989;4555,61000;UP
2026-05-15 15:35:00;M5;15;34;4548,94187;4548,20000;DOWN
2026-05-15 15:50:00;M5;15;21;4551,95311;4554,26000;UP
2026-05-15 16:05:00;M5;15;55;4541,01395;4538,23000;DOWN
2026-05-15 16:20:00;M5;15;21;4547,94545;4554,37000;UP
2026-05-15 16:35:00;M5;15;89;4534,04758;4528,51000;DOWN
2026-05-15 16:50:00;M5;15;89;4532,62723;4534,58000;UP
2026-05-15 17:10:00;M5;15;21;4536,24278;4543,39000;UP
2026-05-15 18:30:00;M5;15;34;4544,80401;4543,68000;DOWN
2026-05-15 18:50:00;M5;15;55;4540,03716;4537,94000;DOWN
2026-05-15 19:30:00;M5;15;34;4542,82431;4543,98000;UP
2026-05-15 19:35:00;M5;15;21;4544,13166;4545,52000;UP
2026-05-15 19:50:00;M5;15;21;4543,08680;4542,68000;DOWN
2026-05-15 20:05:00;M5;15;21;4543,72272;4554,60000;UP
2026-05-15 21:15:00;M5;15;21;4555,55063;4554,46000;DOWN
2026-05-15 21:20:00;M5;15;21;4558,53254;4558,64000;UP
2026-05-15 21:35:00;M5;15;21;4560,69383;4557,99000;DOWN
2026-05-15 22:00:00;M5;15;34;4555,82875;4554,28000;DOWN
2026-05-15 22:20:00;M5;15;55;4550,60274;4550,00000;DOWN
2026-05-15 22:35:00;M5;15;55;4551,40590;4554,77000;UP
2026-05-15 22:50:00;M5;15;55;4551,89574;4549,26000;DOWN
2026-05-15 23:05:00;M5;15;89;4539,16663;4536,83000;DOWN
2026-05-15 23:30:00;M5;15;89;4539,56388;4541,13000;UP
2026-05-15 23:45:00;M5;15;89;4539,82404;4538,25000;DOWN
2026-05-18 01:05:00;M5;15;21;4539,99350;4552,86000;UP
2026-05-18 01:20:00;M5;15;55;4549,02192;4545,23000;DOWN
2026-05-18 01:35:00;M5;15;34;4545,89862;4551,24000;UP
2026-05-18 01:50:00;M5;15;55;4548,11023;4547,23000;DOWN
2026-05-18 02:15:00;M5;15;89;4540,69314;4539,60000;DOWN
2026-05-18 02:20:00;M5;15;21;4540,40996;4541,48000;UP
2026-05-18 02:35:00;M5;15;89;4540,82627;4539,23000;DOWN
2026-05-18 02:50:00;M5;15;21;4539,65343;4541,23000;UP
2026-05-18 03:05:00;M5;15;89;4540,57281;4523,74000;DOWN
2026-05-18 04:20:00;M5;15;21;4503,12356;4506,55000;UP
2026-05-18 04:40:00;M5;15;34;4511,45840;4512,55000;UP
2026-05-18 04:50:00;M5;15;89;4529,68465;4530,28000;UP
2026-05-18 06:30:00;M5;15;21;4531,23408;4526,92000;DOWN
2026-05-18 06:40:00;M5;15;21;4536,39382;4545,58000;UP
2026-05-18 07:20:00;M5;15;21;4545,58422;4537,19000;DOWN
2026-05-18 08:00:00;M5;15;34;4536,26237;4535,91000;DOWN
2026-05-18 08:15:00;M5;15;21;4545,49475;4545,90000;UP
2026-05-18 08:30:00;M5;15;21;4545,94061;4542,61000;DOWN
2026-05-18 08:40:00;M5;15;34;4543,28245;4539,68000;DOWN
2026-05-18 09:20:00;M5;15;21;4540,60859;4543,30000;UP
2026-05-18 09:35:00;M5;15;21;4539,55316;4538,11000;DOWN
2026-05-18 09:50:00;M5;15;21;4539,93362;4545,94000;UP
2026-05-18 10:10:00;M5;15;34;4544,66568;4543,60000;DOWN
2026-05-18 10:25:00;M5;15;34;4545,40389;4550,52000;UP
2026-05-18 10:20:00;M5;15;21;4542,33202;4539,30000;DOWN
2026-05-18 10:35:00;M5;15;21;4544,21444;4552,78000;UP
2026-05-18 10:45:00;M5;15;34;4546,26030;4543,90000;DOWN
2026-05-18 10:50:00;M5;15;21;4545,70369;4544,61000;DOWN
2026-05-18 11:20:00;M5;15;21;4548,16072;4549,77000;UP
2026-05-18 11:40:00;M5;15;34;4548,35652;4548,07000;DOWN
2026-05-18 11:50:00;M5;15;21;4550,02907;4556,09000;UP
2026-05-18 12:00:00;M5;15;55;4547,38931;4542,47000;DOWN
2026-05-18 12:05:00;M5;15;34;4549,11881;4547,07000;DOWN
2026-05-18 13:05:00;M5;15;89;4539,61633;4538,22000;DOWN
2026-05-18 13:40:00;M5;15;21;4542,78952;4543,72000;UP
2026-05-18 13:50:00;M5;15;89;4541,46324;4539,40000;DOWN
2026-05-18 14:30:00;M5;15;21;4539,12577;4541,73000;UP
2026-05-18 14:35:00;M5;15;34;4543,68681;4555,69000;UP
2026-05-18 15:15:00;M5;15;55;4548,23994;4547,37000;DOWN
2026-05-18 15:20:00;M5;15;55;4548,70665;4551,51000;UP
2026-05-18 16:40:00;M5;15;21;4570,30891;4566,33000;DOWN
2026-05-18 16:50:00;M5;15;21;4573,53780;4583,54000;UP
2026-05-18 17:10:00;M5;15;34;4565,98061;4564,24000;DOWN
2026-05-18 17:30:00;M5;15;89;4556,65104;4549,49000;DOWN
2026-05-18 18:50:00;M5;15;21;4542,66773;4544,31000;UP
2026-05-18 19:50:00;M5;15;34;4546,65971;4553,04000;UP
2026-05-18 20:10:00;M5;15;89;4556,06566;4553,21000;DOWN
2026-05-18 20:20:00;M5;15;55;4552,96928;4553,86000;UP
2026-05-18 20:35:00;M5;15;55;4552,52484;4549,51000;DOWN
2026-05-18 21:00:00;M5;15;21;4545,84581;4545,78000;DOWN
2026-05-18 21:15:00;M5;15;34;4543,21420;4542,60000;DOWN
2026-05-18 21:30:00;M5;15;34;4542,65715;4542,70000;UP
2026-05-18 21:35:00;M5;15;34;4542,09229;4539,69000;DOWN
2026-05-18 22:00:00;M5;15;21;4545,19607;4553,47000;UP
2026-05-18 22:05:00;M5;15;89;4553,54151;4557,12000;UP
2026-05-18 22:20:00;M5;15;89;4553,15587;4550,14000;DOWN
2026-05-18 22:35:00;M5;15;89;4552,92492;4559,38000;UP
2026-05-19 01:50:00;M5;15;21;4576,21354;4573,73000;DOWN
2026-05-19 02:05:00;M5;15;21;4579,29549;4580,19000;UP
2026-05-19 02:35:00;M5;15;21;4585,48761;4584,94000;DOWN
2026-05-19 03:00:00;M5;15;34;4581,58777;4579,07000;DOWN
2026-05-19 03:05:00;M5;15;34;4584,03089;4584,12000;UP
2026-05-19 03:25:00;M5;15;55;4574,12998;4573,52000;DOWN
2026-05-19 03:50:00;M5;15;89;4568,23983;4566,32000;DOWN
2026-05-19 04:40:00;M5;15;21;4569,44566;4570,68000;UP
2026-05-19 04:50:00;M5;15;89;4570,24414;4567,46000;DOWN
2026-05-19 06:10:00;M5;15;21;4551,48528;4551,81000;UP
2026-05-19 06:20:00;M5;15;21;4549,22117;4548,33000;DOWN
2026-05-19 06:35:00;M5;15;21;4547,21046;4554,64000;UP
2026-05-19 06:55:00;M5;15;21;4545,32316;4544,99000;DOWN
2026-05-19 07:20:00;M5;15;21;4540,72940;4542,53000;UP
2026-05-19 07:50:00;M5;15;34;4541,01474;4542,55000;UP
2026-05-19 08:20:00;M5;15;34;4537,79448;4535,31000;DOWN
2026-05-19 08:35:00;M5;15;21;4536,52187;4539,85000;UP
2026-05-19 09:15:00;M5;15;55;4544,09990;4550,14000;UP
2026-05-19 10:30:00;M5;15;21;4546,72919;4544,08000;DOWN
2026-05-19 10:45:00;M5;15;21;4547,37295;4550,95000;UP
2026-05-19 10:50:00;M5;15;89;4550,92097;4552,12000;UP
2026-05-19 11:05:00;M5;15;89;4550,17119;4544,31000;DOWN
2026-05-19 11:25:00;M5;15;55;4538,65310;4538,32000;DOWN
2026-05-19 11:45:00;M5;15;34;4544,43484;4545,99000;UP
2026-05-19 11:50:00;M5;15;34;4544,68457;4542,53000;DOWN
2026-05-19 12:20:00;M5;15;21;4543,48278;4546,48000;UP
2026-05-19 12:35:00;M5;15;89;4544,41030;4539,31000;DOWN
2026-05-19 12:50:00;M5;15;21;4540,69297;4543,18000;UP
2026-05-19 13:00:00;M5;15;55;4537,86744;4536,52000;DOWN
2026-05-19 13:05:00;M5;15;55;4537,85770;4540,20000;UP
2026-05-19 13:15:00;M5;15;21;4539,93015;4539,46000;DOWN
2026-05-19 13:20:00;M5;15;21;4539,23672;4540,73000;UP
2026-05-19 13:35:00;M5;15;89;4540,54270;4540,89000;UP
2026-05-19 13:40:00;M5;15;55;4537,61066;4529,10000;DOWN
2026-05-19 13:55:00;M5;15;21;4537,16266;4544,65000;UP
2026-05-19 13:50:00;M5;15;89;4539,69432;4535,22000;DOWN
2026-05-19 14:05:00;M5;15;89;4538,88579;4541,33000;UP
2026-05-19 14:10:00;M5;15;55;4537,45811;4536,70000;DOWN
2026-05-19 14:20:00;M5;15;21;4536,63516;4541,04000;UP
2026-05-19 14:35:00;M5;15;34;4538,36769;4538,00000;DOWN
2026-05-19 14:50:00;M5;15;89;4536,91026;4534,85000;DOWN
2026-05-19 15:05:00;M5;15;21;4536,83166;4542,14000;UP
2026-05-19 15:40:00;M5;15;21;4537,98207;4537,36000;DOWN
2026-05-19 15:50:00;M5;15;21;4538,29845;4541,14000;UP
2026-05-19 16:00:00;M5;15;89;4535,32759;4523,46000;DOWN
2026-05-19 16:05:00;M5;15;21;4536,92608;4522,64000;DOWN
2026-05-19 17:00:00;M5;15;21;4510,86958;4512,16000;UP
2026-05-19 17:10:00;M5;15;21;4501,99489;4492,64000;DOWN
2026-05-19 17:35:00;M5;15;21;4488,85024;4489,74000;UP
2026-05-19 18:05:00;M5;15;34;4496,16984;4498,34000;UP
2026-05-19 18:45:00;M5;15;55;4503,24348;4504,07000;UP
2026-05-19 19:05:00;M5;15;55;4499,08892;4498,43000;DOWN
2026-05-19 19:20:00;M5;15;55;4497,55509;4505,57000;UP
2026-05-19 19:40:00;M5;15;89;4506,19635;4505,97000;DOWN
2026-05-19 19:50:00;M5;15;89;4504,86777;4505,47000;UP
2026-05-19 20:20:00;M5;15;21;4507,64225;4503,53000;DOWN
2026-05-19 20:45:00;M5;15;89;4501,59190;4500,75000;DOWN
2026-05-19 20:55:00;M5;15;89;4500,55595;4500,86000;UP
2026-05-19 21:25:00;M5;15;89;4498,44281;4496,00000;DOWN
2026-05-19 21:35:00;M5;15;89;4497,36630;4499,86000;UP
2026-05-19 21:50:00;M5;15;89;4496,23520;4493,86000;DOWN
2026-05-19 22:05:00;M5;15;89;4495,12127;4495,46000;UP
2026-05-19 22:20:00;M5;15;89;4493,90791;4486,64000;DOWN
2026-05-19 23:20:00;M5;15;21;4484,61219;4487,38000;UP
2026-05-19 23:35:00;M5;15;55;4486,66857;4483,36000;DOWN
2026-05-20 01:05:00;M5;15;89;4484,51833;4484,56000;UP
2026-05-20 01:30:00;M5;15;34;4483,58995;4483,64000;UP
2026-05-20 01:20:00;M5;15;89;4483,18412;4480,85000;DOWN
2026-05-20 01:40:00;M5;15;89;4481,91569;4482,12000;UP
2026-05-20 01:35:00;M5;15;34;4481,84079;4480,81000;DOWN
2026-05-20 01:50:00;M5;15;34;4480,48790;4481,50000;UP
2026-05-20 03:05:00;M5;15;21;4485,90927;4484,13000;DOWN
2026-05-20 03:20:00;M5;15;21;4488,89583;4491,27000;UP
2026-05-20 04:00:00;M5;15;21;4496,56446;4493,81000;DOWN
2026-05-20 04:25:00;M5;15;89;4478,19294;4473,59000;DOWN
2026-05-20 05:00:00;M5;15;55;4483,47192;4485,11000;UP
2026-05-20 05:15:00;M5;15;89;4477,82132;4477,27000;DOWN
2026-05-20 05:20:00;M5;15;21;4482,68207;4484,54000;UP
2026-05-20 05:35:00;M5;15;89;4476,97707;4469,72000;DOWN
2026-05-20 06:35:00;M5;15;21;4459,13219;4464,54000;UP
2026-05-20 07:00:00;M5;15;34;4468,04020;4468,68000;UP
2026-05-20 07:30:00;M5;15;34;4463,47570;4462,83000;DOWN
2026-05-20 07:35:00;M5;15;34;4461,61323;4464,15000;UP
2026-05-20 08:00:00;M5;15;55;4466,73111;4471,02000;UP
2026-05-20 09:20:00;M5;15;21;4470,25420;4468,59000;DOWN
2026-05-20 09:45:00;M5;15;21;4471,08587;4473,93000;UP
2026-05-20 10:45:00;M5;15;21;4478,67752;4477,99000;DOWN
2026-05-20 11:00:00;M5;15;21;4480,39220;4481,22000;UP
2026-05-20 11:05:00;M5;15;21;4481,79541;4478,85000;DOWN
2026-05-20 11:20:00;M5;15;21;4483,34693;4484,24000;UP
2026-05-20 11:40:00;M5;15;34;4479,47112;4479,23000;DOWN
2026-05-20 11:50:00;M5;15;21;4485,15263;4489,17000;UP
2026-05-20 12:05:00;M5;15;34;4482,49427;4482,08000;DOWN
2026-05-20 12:50:00;M5;15;21;4483,50318;4489,41000;UP
2026-05-20 14:45:00;M5;15;34;4493,50879;4493,10000;DOWN
2026-05-20 14:50:00;M5;15;21;4498,03414;4498,07000;UP
2026-05-20 15:15:00;M5;15;34;4496,32434;4494,40000;DOWN
2026-05-20 15:30:00;M5;15;21;4500,72752;4503,61000;UP
2026-05-20 15:55:00;M5;15;55;4496,42414;4496,15000;DOWN
2026-05-20 16:10:00;M5;15;21;4503,21571;4505,14000;UP
2026-05-20 16:20:00;M5;15;55;4499,08574;4494,30000;DOWN
2026-05-20 16:35:00;M5;15;89;4487,63052;4485,27000;DOWN
2026-05-20 17:15:00;M5;15;21;4493,22848;4498,37000;UP
2026-05-20 17:20:00;M5;15;34;4498,03344;4502,71000;UP
2026-05-20 19:05:00;M5;15;21;4533,79722;4533,43000;DOWN
2026-05-20 19:35:00;M5;15;34;4528,24245;4527,45000;DOWN
2026-05-20 19:50:00;M5;15;34;4531,23428;4532,69000;UP
2026-05-20 20:20:00;M5;15;34;4536,50168;4533,96000;DOWN
2026-05-20 20:50:00;M5;15;55;4533,20580;4531,98000;DOWN
2026-05-20 21:15:00;M5;15;55;4534,93848;4536,25000;UP
2026-05-20 21:30:00;M5;15;21;4537,57075;4539,73000;UP
2026-05-20 21:20:00;M5;15;55;4536,56017;4533,65000;DOWN
2026-05-20 21:35:00;M5;15;55;4538,12171;4542,91000;UP
2026-05-20 21:40:00;M5;15;21;4537,11969;4537,02000;DOWN
2026-05-20 21:50:00;M5;15;21;4537,65248;4542,05000;UP
2026-05-20 22:15:00;M5;15;34;4544,24814;4545,78000;UP
2026-05-20 22:20:00;M5;15;34;4544,97174;4544,20000;DOWN
2026-05-20 22:35:00;M5;15;34;4545,79998;4548,19000;UP
2026-05-20 22:55:00;M5;15;55;4546,84680;4545,71000;DOWN
2026-05-20 23:20:00;M5;15;21;4547,65047;4545,24000;DOWN
2026-05-20 23:35:00;M5;15;89;4543,84014;4543,75000;DOWN
2026-05-21 02:35:00;M5;15;21;4540,33205;4545,33000;UP
2026-05-21 03:00:00;M5;15;34;4544,66194;4542,41000;DOWN
2026-05-21 03:10:00;M5;15;34;4544,48353;4544,90000;UP
2026-05-21 03:20:00;M5;15;34;4544,35594;4541,22000;DOWN
2026-05-21 03:40:00;M5;15;21;4542,60142;4543,69000;UP
2026-05-21 04:00:00;M5;15;34;4544,21331;4543,71000;DOWN
2026-05-21 04:05:00;M5;15;34;4545,03281;4549,50000;UP
2026-05-21 05:00:00;M5;15;89;4559,42344;4557,16000;DOWN
2026-05-21 05:10:00;M5;15;55;4554,92462;4551,74000;DOWN
2026-05-21 07:05:00;M5;15;21;4531,66160;4532,57000;UP
2026-05-21 07:55:00;M5;15;34;4537,70681;4538,40000;UP
2026-05-21 08:05:00;M5;15;34;4536,18672;4531,63000;DOWN
2026-05-21 08:50:00;M5;15;21;4527,18767;4529,74000;UP
2026-05-21 09:40:00;M5;15;34;4525,99953;4524,86000;DOWN
2026-05-21 10:50:00;M5;15;21;4517,54637;4520,89000;UP
2026-05-21 11:05:00;M5;15;55;4523,15473;4528,66000;UP
2026-05-21 12:05:00;M5;15;89;4532,80064;4533,79000;UP
2026-05-21 12:40:00;M5;15;89;4531,66316;4529,82000;DOWN
2026-05-21 12:50:00;M5;15;89;4531,15828;4532,70000;UP
2026-05-21 13:25:00;M5;15;89;4530,05416;4518,05000;DOWN
2026-05-21 14:50:00;M5;15;21;4512,95457;4514,25000;UP
2026-05-21 15:20:00;M5;15;21;4508,93899;4506,63000;DOWN
2026-05-21 15:35:00;M5;15;21;4507,94376;4511,97000;UP
2026-05-21 15:55:00;M5;15;21;4506,69180;4504,11000;DOWN
2026-05-21 16:50:00;M5;15;21;4500,88945;4517,99000;UP
2026-05-21 17:05:00;M5;15;89;4511,41769;4505,11000;DOWN
2026-05-21 17:20:00;M5;15;34;4501,80432;4502,17000;UP
2026-05-21 17:40:00;M5;15;55;4506,14172;4504,79000;DOWN
2026-05-21 17:50:00;M5;15;55;4505,24884;4509,06000;UP
2026-05-21 18:05:00;M5;15;89;4507,53947;4501,56000;DOWN
2026-05-21 18:30:00;M5;15;21;4505,10921;4507,29000;UP
2026-05-21 20:05:00;M5;15;21;4518,20327;4517,96000;DOWN
2026-05-21 20:20:00;M5;15;21;4522,93668;4536,73000;UP
2026-05-21 21:30:00;M5;15;21;4548,25408;4546,48000;DOWN
2026-05-21 21:45:00;M5;15;34;4539,18034;4538,22000;DOWN
2026-05-21 23:35:00;M5;15;55;4541,72037;4541,52000;DOWN
2026-05-21 23:55:00;M5;15;21;4542,46540;4542,54000;UP
2026-05-22 01:05:00;M5;15;21;4542,05316;4540,45000;DOWN
2026-05-22 01:40:00;M5;15;21;4541,97766;4542,58000;UP
2026-05-22 01:50:00;M5;15;21;4542,17390;4540,92000;DOWN
2026-05-22 02:05:00;M5;15;21;4542,47913;4543,20000;UP
2026-05-22 02:20:00;M5;15;21;4542,47803;4539,09000;DOWN
2026-05-22 02:40:00;M5;15;89;4537,04180;4533,39000;DOWN
2026-05-22 03:30:00;M5;15;21;4536,70631;4536,94000;UP
2026-05-22 03:35:00;M5;15;34;4539,74513;4540,09000;UP
2026-05-22 03:45:00;M5;15;21;4535,77862;4534,64000;DOWN
2026-05-22 03:50:00;M5;15;34;4538,21959;4529,10000;DOWN
2026-05-22 04:50:00;M5;15;21;4526,69589;4527,37000;UP
2026-05-22 05:15:00;M5;15;21;4525,54665;4523,99000;DOWN
2026-05-22 05:25:00;M5;15;21;4524,50150;4524,61000;UP
2026-05-22 05:35:00;M5;15;21;4523,43794;4521,91000;DOWN
2026-05-22 05:55:00;M5;15;21;4522,40039;4523,16000;UP
2026-05-22 06:10:00;M5;15;21;4521,29490;4521,09000;DOWN
2026-05-22 06:20:00;M5;15;21;4520,47215;4520,52000;UP
2026-05-22 06:55:00;M5;15;55;4528,28056;4529,41000;UP
2026-05-22 07:55:00;M5;15;21;4527,40174;4527,17000;DOWN
2026-05-22 08:30:00;M5;15;21;4528,18971;4528,71000;UP
2026-05-22 08:40:00;M5;15;89;4534,06093;4534,11000;UP
2026-05-22 08:50:00;M5;15;89;4533,25599;4528,88000;DOWN
2026-05-22 09:25:00;M5;15;21;4524,79551;4525,24000;UP
2026-05-22 09:35:00;M5;15;34;4523,98148;4523,06000;DOWN
2026-05-22 09:50:00;M5;15;21;4523,80775;4525,07000;UP
2026-05-22 10:10:00;M5;15;34;4524,22800;4522,40000;DOWN
2026-05-22 10:20:00;M5;15;21;4523,53369;4526,46000;UP
2026-05-22 10:35:00;M5;15;55;4521,40316;4517,25000;DOWN
2026-05-22 11:00:00;M5;15;21;4522,50235;4524,97000;UP
2026-05-22 11:05:00;M5;15;89;4526,57999;4526,94000;UP
2026-05-22 11:30:00;M5;15;89;4526,02463;4519,99000;DOWN
2026-05-22 11:35:00;M5;15;55;4521,43299;4521,91000;UP
2026-05-22 11:50:00;M5;15;21;4523,12779;4524,04000;UP
2026-05-22 12:10:00;M5;15;55;4521,35869;4517,26000;DOWN
2026-05-22 12:35:00;M5;15;21;4520,81809;4524,42000;UP
2026-05-22 13:30:00;M5;15;89;4522,41480;4518,76000;DOWN
2026-05-22 14:35:00;M5;15;21;4517,95837;4518,74000;UP
2026-05-22 15:30:00;M5;15;89;4519,40803;4518,11000;DOWN
2026-05-22 15:55:00;M5;15;21;4520,34737;4528,25000;UP
2026-05-22 16:20:00;M5;15;21;4523,53205;4523,49000;DOWN
2026-05-22 16:40:00;M5;15;89;4519,23914;4517,66000;DOWN
2026-05-22 18:05:00;M5;15;21;4503,36690;4510,94000;UP
2026-05-22 18:20:00;M5;15;89;4514,54537;4514,30000;DOWN
2026-05-22 18:35:00;M5;15;89;4513,91082;4520,66000;UP
2026-05-22 19:40:00;M5;15;21;4515,83652;4514,94000;DOWN
2026-05-22 20:00:00;M5;15;21;4517,74156;4518,67000;UP
2026-05-22 20:15:00;M5;15;21;4519,26138;4514,82000;DOWN
2026-05-22 20:25:00;M5;15;21;4521,00221;4525,35000;UP
2026-05-22 20:40:00;M5;15;21;4522,41747;4522,19000;DOWN
2026-05-22 21:00:00;M5;15;34;4516,58027;4515,55000;DOWN
2026-05-22 21:10:00;M5;15;89;4513,82746;4513,79000;DOWN
2026-05-22 21:20:00;M5;15;55;4514,79310;4516,59000;UP
2026-05-22 21:45:00;M5;15;89;4513,93682;4513,12000;DOWN
2026-05-22 21:50:00;M5;15;55;4514,97205;4515,39000;UP
2026-05-22 22:05:00;M5;15;89;4513,81122;4508,61000;DOWN
2026-05-22 23:10:00;M5;15;21;4507,86107;4508,01000;UP
2026-05-22 23:40:00;M5;15;21;4505,91850;4504,90000;DOWN
2026-05-22 23:50:00;M5;15;21;4505,29033;4506,88000;UP
2026-05-25 01:05:00;M5;15;34;4511,21811;4554,14000;UP
2026-05-25 02:50:00;M5;15;21;4579,89690;4575,07000;DOWN
2026-05-25 03:40:00;M5;15;34;4572,80648;4571,57000;DOWN
2026-05-25 04:40:00;M5;15;55;4567,50170;4563,39000;DOWN
2026-05-25 05:40:00;M5;15;21;4566,72644;4569,51000;UP
2026-05-25 05:50:00;M5;15;21;4564,87823;4562,02000;DOWN
2026-05-25 06:20:00;M5;15;89;4562,91519;4561,44000;DOWN
2026-05-25 06:35:00;M5;15;21;4560,82644;4562,82000;UP
2026-05-25 07:50:00;M5;15;34;4564,06321;4564,25000;UP
2026-05-25 08:15:00;M5;15;34;4563,27095;4562,78000;DOWN
2026-05-25 08:20:00;M5;15;21;4560,76988;4556,51000;DOWN
2026-05-25 09:20:00;M5;15;21;4555,90239;4556,41000;UP
2026-05-25 09:40:00;M5;15;34;4556,01843;4556,43000;UP
2026-05-25 10:15:00;M5;15;34;4555,65308;4555,36000;DOWN
2026-05-25 10:20:00;M5;15;21;4555,54672;4555,61000;UP
2026-05-25 10:50:00;M5;15;55;4562,27785;4563,83000;UP
2026-05-25 11:05:00;M5;15;55;4561,68466;4561,43000;DOWN
2026-05-25 11:20:00;M5;15;34;4556,98425;4555,37000;DOWN
2026-05-25 12:00:00;M5;15;34;4556,78947;4557,08000;UP
2026-05-25 12:05:00;M5;15;34;4556,51436;4555,04000;DOWN
2026-05-25 12:25:00;M5;15;21;4557,47867;4558,87000;UP
2026-05-25 13:05:00;M5;15;89;4570,27506;4570,92000;UP
2026-05-25 13:55:00;M5;15;89;4569,59969;4568,63000;DOWN
2026-05-25 14:10:00;M5;15;21;4571,08186;4572,07000;UP
2026-05-25 14:20:00;M5;15;21;4572,64371;4571,79000;DOWN
2026-05-25 14:35:00;M5;15;21;4574,14904;4575,97000;UP
2026-05-25 14:55:00;M5;15;89;4569,88660;4569,44000;DOWN
2026-05-25 15:35:00;M5;15;21;4568,79565;4568,80000;UP
2026-05-25 15:50:00;M5;15;55;4566,79492;4566,75000;DOWN
2026-05-25 16:05:00;M5;15;21;4566,19485;4568,44000;UP
2026-05-25 16:20:00;M5;15;55;4567,22453;4563,45000;DOWN
2026-05-25 16:35:00;M5;15;21;4563,99473;4564,30000;UP
2026-05-25 17:05:00;M5;15;34;4567,33317;4569,61000;UP
2026-05-25 17:25:00;M5;15;89;4568,36093;4567,96000;DOWN
2026-05-25 17:35:00;M5;15;55;4567,90516;4567,65000;DOWN
2026-05-25 18:00:00;M5;15;55;4568,07537;4568,15000;UP
2026-05-25 17:50:00;M5;15;34;4566,37112;4565,84000;DOWN
2026-05-25 18:05:00;M5;15;34;4566,40366;4566,72000;UP
2026-05-25 18:05:00;M5;15;55;4568,33084;4566,72000;DOWN
2026-05-25 18:20:00;M5;15;55;4568,71590;4573,01000;UP
2026-05-25 18:35:00;M5;15;55;4569,06880;4568,75000;DOWN
2026-05-25 18:50:00;M5;15;21;4569,96792;4571,91000;UP
2026-05-25 19:15:00;M5;15;89;4569,03880;4568,80000;DOWN
2026-05-25 19:30:00;M5;15;55;4569,93555;4570,12000;UP
2026-05-25 19:25:00;M5;15;34;4568,79835;4568,18000;DOWN
2026-05-25 19:40:00;M5;15;21;4571,62180;4572,09000;UP
2026-05-25 19:50:00;M5;15;21;4572,17631;4570,87000;DOWN
2026-05-25 20:05:00;M5;15;21;4572,86580;4576,00000;UP
2026-05-25 20:30:00;M5;15;89;4570,41269;4569,80000;DOWN
2026-05-25 21:25:00;M5;15;21;4570,03521;4570,87000;UP
2026-05-26 01:05:00;M5;15;34;4571,33679;4572,59000;UP
2026-05-26 01:30:00;M5;15;89;4571,29161;4571,05000;DOWN
2026-05-26 01:35:00;M5;15;34;4571,96602;4572,75000;UP
2026-05-26 02:25:00;M5;15;89;4572,34166;4568,37000;DOWN
2026-05-26 05:05:00;M5;15;21;4534,86821;4538,58000;UP
2026-05-26 06:05:00;M5;15;34;4532,80398;4535,77000;UP
2026-05-26 06:20:00;M5;15;55;4541,78917;4541,90000;UP
2026-05-26 07:25:00;M5;15;55;4535,39007;4532,59000;DOWN
2026-05-26 07:35:00;M5;15;34;4529,59568;4527,78000;DOWN
2026-05-26 08:00:00;M5;15;34;4528,64026;4528,66000;UP
2026-05-26 08:05:00;M5;15;55;4530,18808;4530,40000;UP
2026-05-26 08:25:00;M5;15;21;4530,03305;4531,21000;UP
2026-05-26 08:45:00;M5;15;21;4529,01938;4527,79000;DOWN
2026-05-26 09:00:00;M5;15;21;4527,90667;4531,03000;UP
2026-05-26 09:40:00;M5;15;89;4533,10192;4533,83000;UP
2026-05-26 09:50:00;M5;15;89;4531,79978;4531,51000;DOWN
2026-05-26 10:15:00;M5;15;34;4527,04093;4526,77000;DOWN
2026-05-26 10:20:00;M5;15;21;4529,08343;4530,09000;UP
2026-05-26 10:35:00;M5;15;89;4528,20018;4523,16000;DOWN
2026-05-26 10:50:00;M5;15;21;4529,77172;4531,57000;UP
2026-05-26 11:10:00;M5;15;34;4527,52987;4527,52000;DOWN
2026-05-26 11:25:00;M5;15;89;4525,30960;4522,40000;DOWN
2026-05-26 11:40:00;M5;15;55;4522,45367;4525,39000;UP
2026-05-26 12:10:00;M5;15;89;4522,41034;4520,49000;DOWN
2026-05-26 12:25:00;M5;15;21;4524,29100;4524,81000;UP
2026-05-26 12:35:00;M5;15;89;4520,46388;4516,74000;DOWN
2026-05-26 12:55:00;M5;15;21;4520,56923;4522,66000;UP
2026-05-26 13:05:00;M5;15;34;4522,58573;4525,40000;UP
2026-05-26 14:30:00;M5;15;55;4522,60192;4519,39000;DOWN
2026-05-26 14:35:00;M5;15;89;4517,46890;4510,82000;DOWN
2026-05-26 15:45:00;M5;15;21;4513,12606;4519,78000;UP
2026-05-26 16:50:00;M5;15;55;4516,03254;4515,84000;DOWN
2026-05-26 17:05:00;M5;15;21;4514,88659;4515,49000;UP
2026-05-26 17:10:00;M5;15;89;4512,62511;4511,03000;DOWN
2026-05-26 17:20:00;M5;15;55;4515,38694;4515,88000;UP
2026-05-26 18:00:00;M5;15;89;4512,08339;4511,44000;DOWN
2026-05-26 19:25:00;M5;15;21;4506,26956;4508,00000;UP
2026-05-26 19:35:00;M5;15;89;4508,63696;4508,22000;DOWN
2026-05-26 19:50:00;M5;15;21;4503,76774;4505,10000;UP
2026-05-26 20:20:00;M5;15;34;4504,73890;4506,58000;UP
2026-05-26 20:25:00;M5;15;21;4501,68708;4501,44000;DOWN
2026-05-26 20:35:00;M5;15;89;4505,80900;4499,08000;DOWN
2026-05-26 21:25:00;M5;15;21;4493,53005;4495,20000;UP
2026-05-26 21:50:00;M5;15;55;4497,85379;4498,50000;UP
2026-05-26 22:05:00;M5;15;89;4499,71032;4500,50000;UP
2026-05-26 23:50:00;M5;15;21;4507,92577;4506,37000;DOWN
2026-05-27 01:30:00;M5;15;34;4502,52308;4500,37000;DOWN
2026-05-27 01:55:00;M5;15;21;4508,45948;4510,99000;UP
2026-05-27 02:20:00;M5;15;34;4506,80933;4505,66000;DOWN
2026-05-27 02:35:00;M5;15;21;4511,54238;4515,54000;UP
2026-05-27 03:20:00;M5;15;21;4519,33490;4516,19000;DOWN
2026-05-27 03:50:00;M5;15;34;4518,51521;4516,95000;DOWN
2026-05-27 04:35:00;M5;15;55;4514,18784;4511,93000;DOWN
2026-05-27 05:05:00;M5;15;89;4505,71887;4503,47000;DOWN
2026-05-27 06:00:00;M5;15;21;4505,81489;4507,68000;UP
2026-05-27 06:30:00;M5;15;89;4506,63400;4505,06000;DOWN
2026-05-27 06:55:00;M5;15;21;4501,35639;4497,12000;DOWN
2026-05-27 07:05:00;M5;15;21;4500,46386;4501,65000;UP
2026-05-27 07:40:00;M5;15;34;4502,92908;4508,50000;UP
2026-05-27 08:15:00;M5;15;89;4506,76920;4505,47000;DOWN
2026-05-27 08:25:00;M5;15;89;4506,90494;4507,30000;UP
2026-05-27 08:30:00;M5;15;34;4502,51848;4496,64000;DOWN
2026-05-27 08:35:00;M5;15;89;4506,87434;4499,57000;DOWN
2026-05-27 10:20:00;M5;15;21;4484,52123;4486,41000;UP
2026-05-27 10:45:00;M5;15;21;4481,80646;4479,68000;DOWN
2026-05-27 10:55:00;M5;15;21;4479,71005;4481,90000;UP
2026-05-27 11:20:00;M5;15;55;4488,25549;4490,66000;UP
2026-05-27 11:40:00;M5;15;89;4496,01033;4496,12000;UP
2026-05-27 12:00:00;M5;15;89;4495,12353;4491,90000;DOWN
2026-05-27 12:15:00;M5;15;89;4494,32233;4494,60000;UP
2026-05-27 12:20:00;M5;15;89;4493,57327;4490,96000;DOWN
2026-05-27 12:40:00;M5;15;21;4490,23196;4488,60000;DOWN
2026-05-27 12:50:00;M5;15;21;4491,08480;4492,56000;UP
2026-05-27 13:05:00;M5;15;89;4491,39398;4487,10000;DOWN
2026-05-27 15:15:00;M5;15;21;4435,23894;4447,44000;UP
2026-05-27 15:20:00;M5;15;34;4448,37941;4454,88000;UP
2026-05-27 15:55:00;M5;15;34;4440,54558;4438,80000;DOWN
2026-05-27 16:05:00;M5;15;21;4426,01783;4414,34000;DOWN
2026-05-27 16:30:00;M5;15;21;4421,33817;4423,79000;UP
2026-05-27 16:50:00;M5;15;34;4420,09273;4425,28000;UP
2026-05-27 17:15:00;M5;15;89;4448,05769;4451,10000;UP
2026-05-27 17:20:00;M5;15;89;4445,26096;4444,32000;DOWN
2026-05-27 17:35:00;M5;15;89;4442,72116;4444,16000;UP
2026-05-27 17:50:00;M5;15;89;4440,32804;4439,74000;DOWN
2026-05-27 18:05:00;M5;15;21;4431,12249;4429,55000;DOWN
2026-05-27 18:20:00;M5;15;21;4432,98168;4433,50000;UP
2026-05-27 18:40:00;M5;15;89;4434,09874;4434,07000;DOWN
2026-05-27 18:55:00;M5;15;21;4436,41186;4436,49000;UP
2026-05-27 19:05:00;M5;15;21;4437,99159;4436,77000;DOWN
2026-05-27 19:20:00;M5;15;21;4439,80334;4444,13000;UP
2026-05-27 20:05:00;M5;15;21;4446,25320;4442,97000;DOWN
2026-05-27 20:25:00;M5;15;21;4448,13560;4449,80000;UP
2026-05-27 20:55:00;M5;15;21;4451,55768;4450,33000;DOWN
2026-05-27 21:20:00;M5;15;21;4454,02236;4454,94000;UP
2026-05-27 21:35:00;M5;15;21;4454,91260;4453,10000;DOWN
2026-05-27 21:50:00;M5;15;34;4452,53948;4452,46000;DOWN
2026-05-27 23:10:00;M5;15;21;4454,96380;4455,14000;UP
2026-05-27 23:20:00;M5;15;34;4457,03404;4456,83000;DOWN
2026-05-27 23:55:00;M5;15;21;4455,01477;4455,98000;UP
2026-05-28 01:05:00;M5;15;34;4457,63318;4458,72000;UP
2026-05-28 01:30:00;M5;15;34;4458,04948;4457,28000;DOWN
2026-05-28 01:35:00;M5;15;34;4458,47113;4461,26000;UP
2026-05-28 01:45:00;M5;15;21;4457,35119;4456,57000;DOWN
2026-05-28 01:50:00;M5;15;34;4458,81105;4456,62000;DOWN
2026-05-28 02:05:00;M5;15;55;4457,12828;4452,74000;DOWN
2026-05-28 03:15:00;M5;15;21;4452,19536;4452,24000;UP
2026-05-28 03:20:00;M5;15;21;4449,91726;4445,75000;DOWN
2026-05-28 03:35:00;M5;15;21;4448,47973;4450,75000;UP
2026-05-28 03:55:00;M5;15;55;4456,86275;4457,09000;UP
2026-05-28 03:50:00;M5;15;34;4452,37842;4451,68000;DOWN
2026-05-28 04:05:00;M5;15;89;4445,94382;4444,44000;DOWN
2026-05-28 05:35:00;M5;15;21;4406,78294;4406,81000;UP
2026-05-28 05:50:00;M5;15;21;4399,93883;4395,49000;DOWN
2026-05-28 06:05:00;M5;15;21;4393,76132;4396,60000;UP
2026-05-28 06:20:00;M5;15;21;4387,94143;4386,53000;DOWN
2026-05-28 07:05:00;M5;15;21;4372,25681;4381,05000;UP
2026-05-28 07:40:00;M5;15;34;4373,23905;4374,00000;UP
2026-05-28 08:30:00;M5;15;55;4379,87410;4386,70000;UP
2026-05-28 10:00:00;M5;15;89;4387,46109;4387,47000;UP
2026-05-28 10:50:00;M5;15;21;4388,68783;4385,45000;DOWN
2026-05-28 11:05:00;M5;15;21;4390,26337;4393,58000;UP
2026-05-28 11:25:00;M5;15;21;4391,37956;4389,80000;DOWN
2026-05-28 12:20:00;M5;15;21;4392,95335;4395,36000;UP
2026-05-28 12:35:00;M5;15;21;4393,15253;4392,40000;DOWN
2026-05-28 12:50:00;M5;15;21;4393,44785;4394,95000;UP
2026-05-28 13:20:00;M5;15;21;4395,88736;4395,70000;DOWN
2026-05-28 13:35:00;M5;15;21;4396,38107;4397,83000;UP
2026-05-28 13:40:00;M5;15;34;4395,66928;4389,09000;DOWN
2026-05-28 13:50:00;M5;15;55;4382,23994;4382,07000;DOWN
2026-05-28 14:05:00;M5;15;55;4383,66951;4386,84000;UP
2026-05-28 14:45:00;M5;15;55;4385,66947;4383,24000;DOWN
2026-05-28 15:00:00;M5;15;21;4388,25495;4390,12000;UP
2026-05-28 15:10:00;M5;15;34;4391,76392;4392,61000;UP
2026-05-28 15:20:00;M5;15;55;4387,60773;4381,24000;DOWN
2026-05-28 15:35:00;M5;15;21;4387,87071;4398,83000;UP
2026-05-28 18:10:00;M5;15;21;4472,75853;4471,37000;DOWN
2026-05-28 18:30:00;M5;15;21;4479,35376;4480,97000;UP
2026-05-28 18:35:00;M5;15;21;4484,83002;4478,40000;DOWN
2026-05-28 19:15:00;M5;15;21;4493,28204;4497,04000;UP
2026-05-28 19:35:00;M5;15;21;4502,06640;4499,28000;DOWN
2026-05-28 19:50:00;M5;15;21;4506,97562;4508,29000;UP
2026-05-28 20:10:00;M5;15;34;4506,65909;4503,90000;DOWN
2026-05-28 21:20:00;M5;15;55;4511,88545;4508,20000;DOWN
2026-05-28 22:50:00;M5;15;89;4500,85509;4498,92000;DOWN
2026-05-28 23:30:00;M5;15;21;4499,60380;4500,22000;UP
2026-05-28 23:35:00;M5;15;21;4497,91904;4496,39000;DOWN
2026-05-29 01:25:00;M5;15;21;4494,51829;4495,86000;UP
2026-05-29 01:55:00;M5;15;21;4493,30759;4491,20000;DOWN
2026-05-29 02:05:00;M5;15;21;4492,86234;4494,29000;UP
2026-05-29 02:25:00;M5;15;21;4492,35714;4492,28000;DOWN
2026-05-29 02:35:00;M5;15;21;4491,62637;4492,04000;UP
2026-05-29 02:55:00;M5;15;34;4493,74104;4495,14000;UP
2026-05-29 03:35:00;M5;15;21;4494,33921;4494,18000;DOWN
2026-05-29 03:55:00;M5;15;21;4495,38918;4496,12000;UP
2026-05-29 04:05:00;M5;15;55;4506,26311;4508,81000;UP
2026-05-29 04:25:00;M5;15;55;4505,58593;4505,43000;DOWN
2026-05-29 04:35:00;M5;15;55;4505,12363;4507,08000;UP
2026-05-29 04:45:00;M5;15;21;4503,64859;4502,07000;DOWN
2026-05-29 04:50:00;M5;15;21;4505,96502;4506,00000;UP
2026-05-29 05:05:00;M5;15;21;4507,64588;4505,79000;DOWN
2026-05-29 05:20:00;M5;15;55;4504,61693;4504,55000;DOWN
2026-05-29 05:35:00;M5;15;55;4504,57518;4506,19000;UP
2026-05-29 05:50:00;M5;15;55;4504,46427;4503,18000;DOWN
2026-05-29 06:55:00;M5;15;21;4501,03193;4501,34000;UP
2026-05-29 07:15:00;M5;15;34;4503,76946;4504,58000;UP
2026-05-29 08:30:00;M5;15;21;4508,72128;4508,31000;DOWN
2026-05-29 08:35:00;M5;15;55;4506,35337;4503,69000;DOWN
2026-05-29 08:50:00;M5;15;21;4511,67457;4514,88000;UP
2026-05-29 09:05:00;M5;15;89;4517,61091;4514,25000;DOWN
2026-05-29 09:20:00;M5;15;21;4515,07786;4518,62000;UP
2026-05-29 09:35:00;M5;15;89;4517,53737;4514,93000;DOWN
2026-05-29 09:50:00;M5;15;21;4518,43625;4521,98000;UP
2026-05-29 10:10:00;M5;15;89;4517,88848;4516,30000;DOWN
2026-05-29 10:30:00;M5;15;21;4519,92509;4520,67000;UP
2026-05-29 10:20:00;M5;15;55;4513,84189;4511,82000;DOWN
2026-05-29 10:35:00;M5;15;55;4515,02685;4522,48000;UP
2026-05-29 11:00:00;M5;15;34;4520,08550;4519,14000;DOWN
2026-05-29 11:05:00;M5;15;89;4519,23094;4515,93000;DOWN
2026-05-29 12:05:00;M5;15;21;4520,41973;4523,76000;UP
2026-05-29 12:20:00;M5;15;34;4522,95870;4522,63000;DOWN
2026-05-29 12:35:00;M5;15;34;4524,32185;4528,79000;UP
2026-05-29 13:00:00;M5;15;21;4526,35520;4525,96000;DOWN
2026-05-29 13:10:00;M5;15;21;4528,24741;4528,45000;UP
2026-05-29 13:05:00;M5;15;34;4527,34318;4526,41000;DOWN
2026-05-29 13:25:00;M5;15;34;4528,60155;4530,42000;UP
2026-05-29 13:20:00;M5;15;21;4529,88269;4527,54000;DOWN
2026-05-29 13:35:00;M5;15;21;4532,09471;4541,37000;UP
2026-05-29 14:05:00;M5;15;34;4533,13847;4532,44000;DOWN
2026-05-29 14:30:00;M5;15;89;4527,90430;4527,06000;DOWN
2026-05-29 14:40:00;M5;15;89;4528,80184;4531,08000;UP
2026-05-29 14:55:00;M5;15;21;4536,81444;4538,32000;UP
2026-05-29 15:00:00;M5;15;89;4529,74323;4529,38000;DOWN
2026-05-29 15:05:00;M5;15;55;4534,96325;4530,14000;DOWN
2026-05-29 16:05:00;M5;15;21;4524,94801;4525,66000;UP
2026-05-29 16:35:00;M5;15;34;4529,65462;4531,46000;UP
2026-05-29 17:20:00;M5;15;89;4534,21175;4531,11000;DOWN
2026-05-29 17:40:00;M5;15;21;4532,61773;4540,28000;UP
2026-05-29 18:40:00;M5;15;21;4567,19899;4566,49000;DOWN
2026-05-29 19:20:00;M5;15;34;4564,60025;4564,21000;DOWN
2026-05-29 19:35:00;M5;15;34;4567,87027;4572,00000;UP
2026-05-29 19:50:00;M5;15;34;4570,73164;4565,28000;DOWN
2026-05-29 20:25:00;M5;15;55;4564,50390;4561,85000;DOWN
2026-05-29 20:35:00;M5;15;89;4559,07992;4558,67000;DOWN
2026-05-29 21:30:00;M5;15;21;4560,20522;4560,81000;UP
2026-05-29 21:40:00;M5;15;21;4558,24863;4557,91000;DOWN
2026-05-29 22:05:00;M5;15;21;4555,07966;4558,40000;UP
2026-05-29 22:30:00;M5;15;21;4554,03469;4553,48000;DOWN
2026-06-01 01:40:00;M5;15;21;4535,35127;4535,53000;UP
2026-06-01 02:00:00;M5;15;34;4538,50516;4539,63000;UP
2026-06-01 03:25:00;M5;15;55;4542,22286;4543,18000;UP
2026-06-01 03:35:00;M5;15;55;4540,97147;4536,80000;DOWN
2026-06-01 03:55:00;M5;15;21;4539,44879;4540,58000;UP
2026-06-01 04:00:00;M5;15;34;4534,75708;4534,27000;DOWN
2026-06-01 04:05:00;M5;15;55;4538,68669;4529,05000;DOWN
2026-06-01 05:10:00;M5;15;21;4531,77028;4532,17000;UP
2026-06-01 05:25:00;M5;15;34;4531,29864;4530,28000;DOWN
2026-06-01 05:35:00;M5;15;21;4528,20549;4528,35000;UP
2026-06-01 05:50:00;M5;15;21;4525,92175;4522,08000;DOWN
2026-06-01 06:30:00;M5;15;21;4520,92007;4521,45000;UP
2026-06-01 06:35:00;M5;15;21;4518,03532;4515,57000;DOWN
2026-06-01 06:55:00;M5;15;21;4515,66835;4516,35000;UP
2026-06-01 07:20:00;M5;15;34;4516,50708;4517,61000;UP
2026-06-01 07:40:00;M5;15;34;4514,77451;4514,46000;DOWN
2026-06-01 07:50:00;M5;15;21;4510,57436;4514,16000;UP
2026-06-01 08:05:00;M5;15;55;4515,15427;4516,38000;UP
2026-06-01 08:30:00;M5;15;55;4514,22504;4513,87000;DOWN
2026-06-01 08:35:00;M5;15;55;4513,48368;4520,12000;UP
2026-06-01 08:55:00;M5;15;89;4521,34301;4518,22000;DOWN
2026-06-01 09:15:00;M5;15;55;4512,22943;4511,06000;DOWN
2026-06-01 09:25:00;M5;15;34;4511,59388;4513,86000;UP
2026-06-01 09:35:00;M5;15;55;4510,72185;4504,61000;DOWN
2026-06-01 10:55:00;M5;15;21;4502,51327;4503,00000;UP
2026-06-01 11:05:00;M5;15;21;4499,86408;4493,99000;DOWN
2026-06-01 11:40:00;M5;15;21;4495,76436;4500,04000;UP
2026-06-01 11:50:00;M5;15;55;4499,02902;4497,13000;DOWN
2026-06-01 12:05:00;M5;15;34;4497,34025;4499,58000;UP
2026-06-01 12:20:00;M5;15;89;4500,90078;4499,58000;DOWN
2026-06-01 12:35:00;M5;15;21;4494,19260;4497,85000;UP
2026-06-01 13:05:00;M5;15;89;4497,14049;4500,12000;UP
2026-06-01 14:55:00;M5;15;21;4506,83452;4505,79000;DOWN
2026-06-01 15:05:00;M5;15;21;4507,56929;4507,62000;UP
2026-06-01 15:20:00;M5;15;34;4502,63907;4501,85000;DOWN
2026-06-01 15:40:00;M5;15;34;4503,65571;4507,42000;UP
2026-06-01 15:55:00;M5;15;34;4504,35235;4502,14000;DOWN
2026-06-01 16:10:00;M5;15;89;4492,64762;4484,09000;DOWN
2026-06-01 17:40:00;M5;15;21;4455,93432;4459,89000;UP
2026-06-01 18:15:00;M5;15;34;4464,90739;4465,33000;UP
2026-06-01 18:30:00;M5;15;55;4473,06238;4477,10000;UP
2026-06-01 18:40:00;M5;15;89;4474,89891;4472,33000;DOWN
2026-06-01 18:50:00;M5;15;55;4468,91497;4471,24000;UP
2026-06-01 19:05:00;M5;15;89;4471,80299;4468,65000;DOWN
2026-06-01 19:20:00;M5;15;55;4465,72414;4468,53000;UP
2026-06-01 19:45:00;M5;15;89;4469,17946;4471,91000;UP
2026-06-01 21:25:00;M5;15;21;4488,76230;4486,62000;DOWN
2026-06-01 22:20:00;M5;15;34;4485,89579;4485,70000;DOWN
2026-06-02 01:10:00;M5;15;21;4483,45973;4484,44000;UP
2026-06-02 01:25:00;M5;15;55;4481,53673;4481,45000;DOWN
2026-06-02 01:35:00;M5;15;21;4482,31577;4482,67000;UP
2026-06-02 02:15:00;M5;15;34;4486,39280;4486,55000;UP
2026-06-02 02:30:00;M5;15;55;4484,72695;4484,69000;DOWN
2026-06-02 02:40:00;M5;15;21;4484,11024;4483,40000;DOWN
2026-06-02 02:50:00;M5;15;21;4484,50263;4484,68000;UP
2026-06-02 03:15:00;M5;15;34;4485,01080;4485,21000;UP
2026-06-02 03:05:00;M5;15;21;4484,39548;4478,47000;DOWN
2026-06-02 03:20:00;M5;15;21;4485,31655;4489,71000;UP
2026-06-02 03:45:00;M5;15;55;4487,02820;4481,42000;DOWN
2026-06-02 04:10:00;M5;15;21;4486,94386;4489,61000;UP
2026-06-02 04:20:00;M5;15;55;4487,64618;4483,18000;DOWN
2026-06-02 04:45:00;M5;15;89;4479,02690;4475,52000;DOWN
2026-06-02 05:10:00;M5;15;89;4480,17812;4480,52000;UP
2026-06-02 05:20:00;M5;15;21;4481,70142;4483,94000;UP
2026-06-02 05:35:00;M5;15;89;4481,01370;4478,85000;DOWN
2026-06-02 05:55:00;M5;15;21;4479,82072;4485,90000;UP
2026-06-02 08:50:00;M5;15;21;4524,47523;4519,51000;DOWN
2026-06-02 09:20:00;M5;15;21;4528,67419;4529,40000;UP
2026-06-02 09:50:00;M5;15;21;4534,14262;4532,95000;DOWN
2026-06-02 10:05:00;M5;15;21;4537,22432;4537,79000;UP
2026-06-02 10:25:00;M5;15;34;4535,40509;4534,01000;DOWN
2026-06-02 11:25:00;M5;15;55;4533,89561;4531,15000;DOWN
2026-06-02 12:25:00;M5;15;89;4527,22740;4526,64000;DOWN
2026-06-02 12:50:00;M5;15;21;4529,86274;4530,54000;UP
2026-06-02 13:05:00;M5;15;89;4531,59567;4529,36000;DOWN
2026-06-02 13:20:00;M5;15;21;4527,96525;4525,27000;DOWN
2026-06-02 13:40:00;M5;15;21;4527,53082;4528,75000;UP
2026-06-02 14:15:00;M5;15;21;4528,08032;4527,86000;DOWN
2026-06-02 14:20:00;M5;15;21;4528,43357;4528,64000;UP
2026-06-02 14:35:00;M5;15;21;4528,44517;4527,32000;DOWN
2026-06-02 14:50:00;M5;15;21;4528,31319;4528,52000;UP
2026-06-02 15:05:00;M5;15;21;4528,02289;4527,32000;DOWN
2026-06-02 15:20:00;M5;15;21;4527,91675;4530,94000;UP
2026-06-02 15:35:00;M5;15;34;4528,22477;4524,78000;DOWN
2026-06-02 17:35:00;M5;15;21;4500,41798;4502,37000;UP
2026-06-02 18:05:00;M5;15;34;4503,77932;4506,69000;UP
2026-06-02 19:15:00;M5;15;34;4497,78189;4494,80000;DOWN
2026-06-02 20:25:00;M5;15;21;4489,96035;4491,22000;UP
2026-06-02 20:35:00;M5;15;34;4487,88601;4482,81000;DOWN
2026-06-02 21:00:00;M5;15;21;4486,09472;4486,43000;UP
2026-06-02 21:05:00;M5;15;34;4485,18433;4487,46000;UP
2026-06-02 21:20:00;M5;15;55;4486,88732;4487,57000;UP
2026-06-02 21:40:00;M5;15;55;4485,05097;4480,45000;DOWN
2026-06-02 21:50:00;M5;15;21;4481,72014;4487,53000;UP
2026-06-02 23:35:00;M5;15;89;4488,91183;4489,53000;UP
2026-06-02 23:50:00;M5;15;89;4487,66493;4487,55000;DOWN
2026-06-03 01:05:00;M5;15;21;4489,06325;4491,84000;UP
2026-06-03 01:20:00;M5;15;21;4489,57509;4488,72000;DOWN
2026-06-03 01:55:00;M5;15;34;4486,32879;4484,87000;DOWN
2026-06-03 02:05:00;M5;15;89;4482,54556;4482,21000;DOWN
2026-06-03 03:00:00;M5;15;21;4477,75540;4478,71000;UP
2026-06-03 03:05:00;M5;15;55;4477,26827;4476,56000;DOWN
2026-06-03 03:25:00;M5;15;34;4478,97164;4483,07000;UP
2026-06-03 04:00:00;M5;15;89;4475,17332;4473,68000;DOWN
2026-06-03 04:45:00;M5;15;89;4473,11765;4475,63000;UP
2026-06-03 04:55:00;M5;15;21;4474,57072;4475,72000;UP
2026-06-03 05:05:00;M5;15;55;4475,47816;4478,73000;UP
2026-06-03 05:45:00;M5;15;21;4475,64347;4475,47000;DOWN
2026-06-03 05:50:00;M5;15;21;4476,37774;4479,56000;UP
2026-06-03 07:15:00;M5;15;21;4484,59640;4481,28000;DOWN
2026-06-03 07:25:00;M5;15;55;4477,04484;4477,04000;DOWN
2026-06-03 07:35:00;M5;15;89;4471,64859;4471,57000;DOWN
2026-06-03 08:10:00;M5;15;89;4471,66966;4473,32000;UP
2026-06-03 08:20:00;M5;15;89;4471,51930;4468,57000;DOWN
2026-06-03 09:05:00;M5;15;21;4464,92706;4465,12000;UP
2026-06-03 09:20:00;M5;15;21;4462,00442;4460,31000;DOWN
2026-06-03 09:35:00;M5;15;21;4459,64563;4462,90000;UP
2026-06-03 10:05:00;M5;15;34;4464,28999;4468,77000;UP
2026-06-03 10:20:00;M5;15;89;4466,34889;4463,43000;DOWN
2026-06-03 10:35:00;M5;15;21;4457,38378;4458,37000;UP
2026-06-03 10:50:00;M5;15;34;4459,02338;4459,69000;UP
2026-06-03 10:55:00;M5;15;21;4456,38724;4453,24000;DOWN
2026-06-03 11:10:00;M5;15;21;4455,34544;4455,36000;UP
2026-06-03 11:05:00;M5;15;34;4457,17132;4455,13000;DOWN
2026-06-03 11:25:00;M5;15;34;4455,58363;4457,44000;UP
2026-06-03 11:20:00;M5;15;21;4454,78326;4451,44000;DOWN
2026-06-03 11:35:00;M5;15;21;4454,36016;4455,57000;UP
2026-06-03 11:45:00;M5;15;34;4454,35782;4454,27000;DOWN
2026-06-03 11:50:00;M5;15;21;4452,78235;4444,84000;DOWN
2026-06-03 12:05:00;M5;15;21;4451,24522;4456,84000;UP
2026-06-03 12:20:00;M5;15;55;4454,84796;4447,80000;DOWN
2026-06-03 12:35:00;M5;15;21;4446,22620;4446,83000;UP
2026-06-03 13:00:00;M5;15;34;4446,03901;4447,88000;UP
2026-06-03 12:50:00;M5;15;21;4444,18241;4443,40000;DOWN
2026-06-03 13:05:00;M5;15;21;4444,57617;4461,63000;UP
2026-06-03 15:05:00;M5;15;21;4462,96368;4458,30000;DOWN
2026-06-03 15:25:00;M5;15;34;4455,93834;4452,76000;DOWN
2026-06-03 15:40:00;M5;15;34;4456,78562;4458,90000;UP
2026-06-03 15:35:00;M5;15;89;4450,90089;4449,43000;DOWN
2026-06-03 16:00:00;M5;15;21;4461,79415;4463,29000;UP
2026-06-03 16:15:00;M5;15;34;4458,65865;4457,38000;DOWN
2026-06-03 16:20:00;M5;15;89;4450,48755;4450,14000;DOWN
2026-06-03 17:05:00;M5;15;21;4448,43110;4450,46000;UP
2026-06-03 17:20:00;M5;15;55;4450,17519;4449,56000;DOWN
2026-06-03 17:45:00;M5;15;34;4452,06136;4453,96000;UP
2026-06-03 18:10:00;M5;15;89;4446,58719;4445,91000;DOWN
2026-06-03 19:55:00;M5;15;21;4438,56442;4441,78000;UP
2026-06-03 20:05:00;M5;15;55;4443,71256;4446,94000;UP
2026-06-03 20:10:00;M5;15;89;4442,14161;4441,87000;DOWN
2026-06-03 20:20:00;M5;15;89;4441,54792;4442,04000;UP
2026-06-03 20:20:00;M5;15;55;4442,71863;4442,04000;DOWN
2026-06-03 20:35:00;M5;15;89;4440,99160;4440,15000;DOWN
2026-06-03 21:10:00;M5;15;34;4437,09396;4436,85000;DOWN
2026-06-03 21:20:00;M5;15;21;4437,30196;4438,86000;UP
2026-06-03 21:35:00;M5;15;89;4438,96120;4438,50000;DOWN
2026-06-03 21:50:00;M5;15;89;4438,56912;4440,24000;UP
2026-06-03 22:55:00;M5;15;21;4445,01021;4443,87000;DOWN
2026-06-03 23:15:00;M5;15;89;4438,15872;4437,51000;DOWN
2026-06-03 23:20:00;M5;15;55;4438,41770;4439,48000;UP
2026-06-03 23:35:00;M5;15;89;4437,88107;4433,92000;DOWN
2026-06-04 01:30:00;M5;15;21;4436,68533;4439,78000;UP
2026-06-04 01:35:00;M5;15;34;4437,84259;4436,20000;DOWN
2026-06-04 01:50:00;M5;15;34;4437,86505;4439,43000;UP
2026-06-04 03:20:00;M5;15;21;4452,89547;4449,97000;DOWN
2026-06-04 03:35:00;M5;15;34;4448,04652;4446,57000;DOWN
2026-06-04 03:50:00;M5;15;34;4449,00112;4451,25000;UP
2026-06-04 04:05:00;M5;15;21;4456,55765;4459,52000;UP
2026-06-04 04:40:00;M5;15;21;4460,76854;4459,28000;DOWN
2026-06-04 04:55:00;M5;15;21;4462,82185;4465,69000;UP
2026-06-04 05:05:00;M5;15;34;4460,02960;4458,37000;DOWN
2026-06-04 05:45:00;M5;15;21;4465,65344;4470,27000;UP
2026-06-04 06:20:00;M5;15;34;4468,96438;4467,83000;DOWN
2026-06-04 06:40:00;M5;15;55;4463,29440;4460,99000;DOWN
2026-06-04 07:10:00;M5;15;21;4470,29146;4471,07000;UP
2026-06-04 08:05:00;M5;15;34;4477,01857;4473,72000;DOWN
2026-06-04 08:20:00;M5;15;55;4475,08423;4472,61000;DOWN
2026-06-04 09:20:00;M5;15;89;4469,20983;4467,97000;DOWN
2026-06-04 09:35:00;M5;15;89;4470,35693;4472,98000;UP
2026-06-04 09:50:00;M5;15;89;4471,34508;4467,67000;DOWN
2026-06-04 11:00:00;M5;15;21;4464,36995;4465,70000;UP
2026-06-04 11:10:00;M5;15;21;4462,38279;4460,70000;DOWN
2026-06-04 11:25:00;M5;15;21;4460,99435;4463,35000;UP
2026-06-04 11:45:00;M5;15;21;4460,12192;4460,04000;DOWN
2026-06-04 11:50:00;M5;15;21;4459,69241;4463,46000;UP
2026-06-04 12:10:00;M5;15;34;4463,61933;4463,46000;DOWN
2026-06-04 12:20:00;M5;15;34;4462,71498;4466,03000;UP
2026-06-04 12:45:00;M5;15;55;4470,48101;4470,62000;UP
2026-06-04 12:50:00;M5;15;89;4474,33736;4474,95000;UP
2026-06-04 13:05:00;M5;15;89;4474,41967;4469,39000;DOWN
2026-06-04 13:35:00;M5;15;55;4468,77092;4469,08000;UP
2026-06-04 14:05:00;M5;15;89;4474,84067;4477,47000;UP
2026-06-04 15:35:00;M5;15;21;4500,94701;4498,92000;DOWN
2026-06-04 15:50:00;M5;15;21;4504,63632;4508,48000;UP
2026-06-04 16:05:00;M5;15;21;4507,70149;4504,70000;DOWN
2026-06-04 16:40:00;M5;15;21;4512,56605;4514,40000;UP
2026-06-04 16:50:00;M5;15;34;4506,84129;4498,49000;DOWN
2026-06-04 17:05:00;M5;15;89;4490,53845;4489,95000;DOWN
2026-06-04 18:35:00;M5;15;21;4472,67837;4477,03000;UP
2026-06-04 19:20:00;M5;15;34;4481,71692;4484,21000;UP
2026-06-04 20:10:00;M5;15;34;4476,78808;4476,00000;DOWN
2026-06-04 20:25:00;M5;15;34;4475,41617;4476,76000;UP
2026-06-04 21:05:00;M5;15;21;4477,68307;4477,41000;DOWN
2026-06-04 21:20:00;M5;15;21;4478,12512;4480,19000;UP
2026-06-04 21:35:00;M5;15;21;4477,91632;4473,79000;DOWN
2026-06-04 21:50:00;M5;15;21;4477,66273;4477,93000;UP
2026-06-04 22:05:00;M5;15;55;4479,52984;4478,40000;DOWN
2026-06-04 22:20:00;M5;15;55;4478,54809;4479,23000;UP
2026-06-04 22:50:00;M5;15;21;4478,28214;4478,24000;DOWN
2026-06-04 23:05:00;M5;15;21;4478,52738;4479,34000;UP
2026-06-04 23:30:00;M5;15;55;4475,99542;4475,86000;DOWN
2026-06-04 23:35:00;M5;15;55;4475,60450;4476,13000;UP
2026-06-05 01:15:00;M5;15;21;4477,06319;4477,92000;UP
2026-06-05 01:05:00;M5;15;55;4475,02016;4474,95000;DOWN
2026-06-05 01:20:00;M5;15;55;4474,91352;4479,27000;UP
2026-06-05 01:45:00;M5;15;55;4474,82313;4473,58000;DOWN
2026-06-05 03:35:00;M5;15;21;4459,24339;4464,24000;UP
2026-06-05 03:50:00;M5;15;34;4463,04144;4465,14000;UP
2026-06-05 04:10:00;M5;15;34;4461,34034;4459,92000;DOWN
2026-06-05 04:20:00;M5;15;21;4455,64111;4455,21000;DOWN
2026-06-05 05:10:00;M5;15;21;4449,35218;4449,39000;UP
2026-06-05 05:20:00;M5;15;34;4451,12045;4452,99000;UP
2026-06-05 05:30:00;M5;15;21;4447,91375;4444,99000;DOWN
2026-06-05 05:35:00;M5;15;34;4448,93470;4445,11000;DOWN
2026-06-05 06:30:00;M5;15;21;4439,53090;4439,78000;UP
2026-06-05 06:35:00;M5;15;34;4440,27384;4440,62000;UP
2026-06-05 07:35:00;M5;15;55;4439,71545;4441,61000;UP
2026-06-05 08:00:00;M5;15;89;4447,59534;4447,60000;UP
2026-06-05 08:15:00;M5;15;89;4446,26823;4445,42000;DOWN
2026-06-05 08:35:00;M5;15;89;4443,89879;4445,54000;UP
2026-06-05 08:55:00;M5;15;89;4442,77550;4439,93000;DOWN
2026-06-05 09:10:00;M5;15;34;4437,41423;4436,51000;DOWN
2026-06-05 09:20:00;M5;15;21;4442,06584;4444,03000;UP
2026-06-05 11:05:00;M5;15;21;4461,52274;4460,74000;DOWN
2026-06-05 11:25:00;M5;15;21;4464,38556;4466,77000;UP
2026-06-05 11:35:00;M5;15;21;4466,49450;4461,86000;DOWN
2026-06-05 12:05:00;M5;15;34;4462,70390;4460,71000;DOWN
2026-06-05 12:20:00;M5;15;34;4464,39025;4466,68000;UP
2026-06-05 12:35:00;M5;15;34;4465,93530;4463,26000;DOWN
2026-06-05 14:10:00;M5;15;55;4464,39294;4461,35000;DOWN
2026-06-05 14:25:00;M5;15;55;4465,55172;4466,01000;UP
2026-06-05 14:45:00;M5;15;21;4465,86762;4466,93000;UP
2026-06-05 14:35:00;M5;15;55;4466,57232;4463,43000;DOWN
2026-06-05 14:50:00;M5;15;34;4469,57564;4471,97000;UP
2026-06-05 15:00:00;M5;15;21;4466,12131;4465,22000;DOWN
2026-06-05 15:05:00;M5;15;21;4466,75434;4467,88000;UP
2026-06-05 15:05:00;M5;15;55;4468,59635;4467,88000;DOWN
2026-06-05 15:30:00;M5;15;89;4455,91292;4453,19000;DOWN
2026-06-05 17:50:00;M5;15;21;4348,99177;4362,99000;UP
2026-06-05 19:20:00;M5;15;34;4327,66079;4328,50000;UP
2026-06-05 20:20:00;M5;15;55;4334,81393;4339,13000;UP
2026-06-05 21:10:00;M5;15;21;4329,97410;4322,75000;DOWN
2026-06-05 22:25:00;M5;15;21;4320,53903;4323,78000;UP
2026-06-05 23:00:00;M5;15;21;4316,41134;4313,65000;DOWN
2026-06-05 23:10:00;M5;15;21;4314,69363;4315,52000;UP
2026-06-05 23:20:00;M5;15;89;4318,14732;4319,79000;UP
2026-06-08 01:05:00;M5;15;21;4318,92117;4318,89000;DOWN
2026-06-08 01:20:00;M5;15;21;4320,28588;4322,94000;UP
2026-06-08 01:55:00;M5;15;21;4321,94618;4317,35000;DOWN
2026-06-08 02:05:00;M5;15;21;4323,06712;4326,70000;UP
2026-06-08 03:45:00;M5;15;21;4344,36855;4342,55000;DOWN
2026-06-08 04:15:00;M5;15;55;4319,97528;4318,02000;DOWN
2026-06-08 04:20:00;M5;15;55;4321,77351;4321,83000;UP
2026-06-08 04:35:00;M5;15;55;4323,18721;4317,11000;DOWN
2026-06-08 04:50:00;M5;15;55;4324,29005;4324,38000;UP
2026-06-08 05:05:00;M5;15;55;4324,90787;4319,00000;DOWN
2026-06-08 06:20:00;M5;15;21;4307,23875;4310,51000;UP
2026-06-08 06:55:00;M5;15;34;4314,96857;4316,91000;UP
2026-06-08 07:25:00;M5;15;55;4318,82595;4319,98000;UP
2026-06-08 07:35:00;M5;15;55;4317,87850;4311,11000;DOWN
2026-06-08 07:50:00;M5;15;21;4308,90117;4311,57000;UP
2026-06-08 08:10:00;M5;15;34;4307,51809;4304,56000;DOWN
2026-06-08 08:20:00;M5;15;21;4309,08137;4311,19000;UP
2026-06-08 08:30:00;M5;15;89;4300,24472;4286,93000;DOWN
2026-06-08 08:35:00;M5;15;34;4304,69315;4291,03000;DOWN
2026-06-08 09:00:00;M5;15;34;4302,43646;4303,58000;UP
2026-06-08 09:05:00;M5;15;21;4300,98643;4302,42000;UP
2026-06-08 09:20:00;M5;15;55;4306,35894;4308,36000;UP
2026-06-08 09:30:00;M5;15;34;4299,40653;4299,30000;DOWN
2026-06-08 09:40:00;M5;15;34;4298,34420;4298,38000;UP
2026-06-08 09:35:00;M5;15;89;4298,89337;4296,46000;DOWN
2026-06-08 09:50:00;M5;15;21;4297,02771;4297,84000;UP
2026-06-08 10:10:00;M5;15;55;4300,95336;4305,22000;UP
2026-06-08 10:45:00;M5;15;55;4298,83298;4298,43000;DOWN
2026-06-08 10:50:00;M5;15;89;4297,48515;4296,54000;DOWN
2026-06-08 12:35:00;M5;15;21;4286,02359;4293,74000;UP
2026-06-08 13:00:00;M5;15;89;4291,12999;4290,51000;DOWN
2026-06-08 13:05:00;M5;15;89;4290,26965;4294,90000;UP
2026-06-08 15:10:00;M5;15;21;4324,14602;4322,89000;DOWN
2026-06-08 15:20:00;M5;15;21;4328,99174;4329,04000;UP
2026-06-08 15:35:00;M5;15;21;4333,54870;4329,89000;DOWN
2026-06-08 16:05:00;M5;15;34;4326,64593;4324,32000;DOWN
2026-06-08 16:20:00;M5;15;34;4330,00833;4331,73000;UP
2026-06-08 16:35:00;M5;15;21;4339,90261;4340,50000;UP
2026-06-08 16:45:00;M5;15;34;4333,17185;4332,48000;DOWN
2026-06-08 16:50:00;M5;15;21;4339,11311;4334,21000;DOWN
2026-06-08 17:05:00;M5;15;55;4321,64198;4320,54000;DOWN
2026-06-08 17:55:00;M5;15;21;4328,60956;4331,26000;UP
2026-06-08 18:10:00;M5;15;55;4328,60256;4325,43000;DOWN
2026-06-08 18:20:00;M5;15;21;4326,70242;4335,27000;UP
2026-06-08 18:35:00;M5;15;34;4335,67350;4336,54000;UP
2026-06-08 19:50:00;M5;15;55;4341,21697;4338,05000;DOWN
2026-06-08 21:00:00;M5;15;21;4343,20590;4343,79000;UP
2026-06-08 21:10:00;M5;15;34;4342,06473;4341,29000;DOWN
2026-06-08 21:20:00;M5;15;21;4342,39650;4343,93000;UP
2026-06-08 21:45:00;M5;15;89;4336,27307;4334,61000;DOWN
2026-06-08 23:20:00;M5;15;21;4326,38089;4327,02000;UP
2026-06-09 01:40:00;M5;15;34;4326,40344;4327,37000;UP
2026-06-09 02:25:00;M5;15;34;4324,09758;4320,47000;DOWN
2026-06-09 03:10:00;M5;15;21;4321,26816;4322,67000;UP
2026-06-09 03:20:00;M5;15;34;4320,01197;4318,80000;DOWN
2026-06-09 03:35:00;M5;15;21;4318,93217;4318,94000;UP
2026-06-09 03:55:00;M5;15;34;4318,54824;4319,82000;UP
2026-06-09 03:50:00;M5;15;21;4318,14600;4315,73000;DOWN
2026-06-09 04:05:00;M5;15;21;4318,02848;4325,19000;UP
2026-06-09 04:25:00;M5;15;89;4333,13667;4335,29000;UP
2026-06-09 05:05:00;M5;15;89;4332,01843;4331,03000;DOWN
2026-06-09 05:20:00;M5;15;89;4331,89166;4334,50000;UP
2026-06-09 06:00:00;M5;15;89;4331,96304;4331,93000;DOWN
2026-06-09 06:15:00;M5;15;21;4339,32281;4339,60000;UP
2026-06-09 06:20:00;M5;15;21;4340,59156;4334,83000;DOWN
2026-06-09 06:35:00;M5;15;34;4335,16694;4335,16000;DOWN
2026-06-09 06:50:00;M5;15;34;4336,62169;4339,54000;UP
2026-06-09 07:10:00;M5;15;89;4332,59536;4332,25000;DOWN
2026-06-09 08:00:00;M5;15;21;4334,97223;4336,18000;UP
2026-06-09 08:10:00;M5;15;89;4332,26755;4331,41000;DOWN
2026-06-09 08:20:00;M5;15;21;4332,23898;4333,28000;UP
2026-06-09 09:30:00;M5;15;55;4336,72512;4333,72000;DOWN
2026-06-09 09:35:00;M5;15;55;4337,67193;4337,87000;UP
2026-06-09 09:55:00;M5;15;89;4333,96409;4330,60000;DOWN
2026-06-09 11:10:00;M5;15;21;4330,26423;4331,63000;UP
2026-06-09 11:25:00;M5;15;34;4332,98870;4334,35000;UP
2026-06-09 11:45:00;M5;15;89;4334,11480;4328,19000;DOWN
2026-06-09 11:50:00;M5;15;21;4328,89256;4329,97000;UP
2026-06-09 12:10:00;M5;15;21;4328,48914;4328,20000;DOWN
2026-06-09 12:20:00;M5;15;21;4327,93410;4333,26000;UP
2026-06-09 12:35:00;M5;15;34;4329,56093;4329,14000;DOWN
2026-06-09 12:50:00;M5;15;21;4327,51230;4333,12000;UP
2026-06-09 13:10:00;M5;15;89;4333,46498;4335,34000;UP
2026-06-09 13:05:00;M5;15;55;4332,57528;4327,25000;DOWN
2026-06-09 13:20:00;M5;15;21;4329,60250;4332,59000;UP
2026-06-09 13:20:00;M5;15;89;4333,45863;4332,59000;DOWN
2026-06-09 13:35:00;M5;15;55;4332,04592;4331,87000;DOWN
2026-06-09 13:50:00;M5;15;21;4332,19673;4335,05000;UP
2026-06-09 14:35:00;M5;15;21;4337,41841;4337,36000;DOWN
2026-06-09 14:50:00;M5;15;21;4338,94085;4341,27000;UP
2026-06-09 15:25:00;M5;15;34;4336,71521;4335,84000;DOWN
2026-06-09 15:45:00;M5;15;21;4341,24968;4341,28000;UP
2026-06-09 15:50:00;M5;15;34;4338,62378;4337,36000;DOWN
2026-06-09 16:05:00;M5;15;34;4339,56469;4341,39000;UP
2026-06-09 16:15:00;M5;15;89;4336,23981;4334,06000;DOWN
2026-06-09 16:20:00;M5;15;34;4339,89481;4333,44000;DOWN
2026-06-09 16:45:00;M5;15;21;4339,42889;4352,18000;UP
2026-06-09 16:50:00;M5;15;89;4336,46944;4334,22000;DOWN
2026-06-09 19:55:00;M5;15;21;4248,63511;4252,02000;UP
2026-06-09 20:05:00;M5;15;34;4260,81450;4262,82000;UP
2026-06-09 21:05:00;M5;15;55;4265,67303;4266,73000;UP
2026-06-09 22:10:00;M5;15;21;4261,32061;4258,64000;DOWN
2026-06-09 23:00:00;M5;15;21;4260,23032;4260,70000;UP
2026-06-09 23:05:00;M5;15;21;4259,08463;4257,62000;DOWN
2026-06-09 23:25:00;M5;15;21;4258,23861;4259,02000;UP
2026-06-09 23:40:00;M5;15;89;4260,96423;4261,30000;UP
2026-06-10 01:05:00;M5;15;89;4256,25119;4253,45000;DOWN
2026-06-10 01:25:00;M5;15;21;4256,67859;4256,74000;UP
2026-06-10 01:30:00;M5;15;34;4253,74556;4253,63000;DOWN
2026-06-10 01:40:00;M5;15;89;4251,85800;4248,99000;DOWN
2026-06-10 02:00:00;M5;15;55;4239,73260;4246,26000;UP
2026-06-10 02:10:00;M5;15;55;4239,00599;4236,09000;DOWN
2026-06-10 03:05:00;M5;15;21;4224,06839;4225,43000;UP
2026-06-10 03:25:00;M5;15;21;4219,22102;4217,91000;DOWN
2026-06-10 03:55:00;M5;15;21;4209,83792;4218,18000;UP
2026-06-10 04:05:00;M5;15;21;4205,79474;4195,09000;DOWN
2026-06-10 04:30:00;M5;15;21;4202,12136;4202,52000;UP
2026-06-10 04:40:00;M5;15;21;4197,52524;4187,23000;DOWN
2026-06-10 05:25:00;M5;15;21;4183,53388;4187,93000;UP
2026-06-10 05:45:00;M5;15;34;4186,21567;4187,49000;UP
2026-06-10 05:50:00;M5;15;34;4181,69400;4174,90000;DOWN
2026-06-10 06:05:00;M5;15;21;4173,55204;4175,29000;UP
2026-06-10 06:45:00;M5;15;55;4182,01969;4185,39000;UP
2026-06-10 07:05:00;M5;15;89;4184,00154;4184,29000;UP
2026-06-10 07:20:00;M5;15;89;4181,28676;4178,39000;DOWN
2026-06-10 08:05:00;M5;15;89;4173,68825;4176,63000;UP
2026-06-10 09:45:00;M5;15;21;4203,67075;4203,20000;DOWN
2026-06-10 10:25:00;M5;15;34;4197,44035;4194,82000;DOWN
2026-06-10 11:00:00;M5;15;89;4167,86882;4164,18000;DOWN
2026-06-10 11:15:00;M5;15;89;4167,54111;4173,40000;UP
2026-06-10 12:15:00;M5;15;21;4170,63713;4171,26000;UP
2026-06-10 13:05:00;M5;15;89;4160,65383;4159,60000;DOWN
2026-06-10 13:20:00;M5;15;89;4159,86025;4166,68000;UP
2026-06-10 13:35:00;M5;15;34;4166,02181;4167,34000;UP
2026-06-10 14:00:00;M5;15;55;4171,54021;4161,14000;DOWN
2026-06-10 14:10:00;M5;15;34;4162,75142;4168,55000;UP
2026-06-10 14:05:00;M5;15;21;4162,38609;4161,34000;DOWN
2026-06-10 14:25:00;M5;15;21;4163,99937;4166,48000;UP
2026-06-10 14:35:00;M5;15;89;4157,77312;4156,36000;DOWN
2026-06-10 15:30:00;M5;15;21;4151,68755;4162,37000;UP
2026-06-10 15:45:00;M5;15;55;4158,58487;4157,77000;DOWN
2026-06-10 15:50:00;M5;15;89;4153,20906;4151,78000;DOWN
2026-06-10 16:05:00;M5;15;34;4146,90657;4153,99000;UP
2026-06-10 16:15:00;M5;15;21;4145,22275;4135,65000;DOWN
2026-06-10 16:25:00;M5;15;21;4144,27171;4149,81000;UP
2026-06-10 16:20:00;M5;15;89;4151,11690;4144,13000;DOWN
2026-06-10 16:35:00;M5;15;34;4146,80532;4166,24000;UP
2026-06-10 17:25:00;M5;15;21;4163,33438;4161,13000;DOWN
2026-06-10 17:40:00;M5;15;89;4150,39937;4149,94000;DOWN
2026-06-10 19:05:00;M5;15;21;4128,39573;4130,08000;UP
2026-06-10 20:00:00;M5;15;34;4129,04510;4132,08000;UP
2026-06-10 20:05:00;M5;15;55;4129,40351;4120,12000;DOWN
2026-06-10 20:45:00;M5;15;21;4109,93357;4111,32000;UP
2026-06-10 21:00:00;M5;15;34;4113,63474;4119,73000;UP
2026-06-10 21:40:00;M5;15;34;4105,13000;4104,91000;DOWN
2026-06-10 23:35:00;M5;15;21;4074,39713;4076,36000;UP
2026-06-10 23:50:00;M5;15;21;4070,28927;4069,01000;DOWN
2026-06-11 01:35:00;M5;15;21;4054,84240;4065,39000;UP
2026-06-11 01:50:00;M5;15;34;4057,43930;4053,78000;DOWN
2026-06-11 02:20:00;M5;15;21;4041,42523;4043,44000;UP
2026-06-11 02:45:00;M5;15;55;4052,66944;4050,10000;DOWN
2026-06-11 02:50:00;M5;15;55;4049,17415;4050,98000;UP
2026-06-11 03:15:00;M5;15;89;4061,14679;4065,02000;UP
2026-06-11 03:05:00;M5;15;55;4046,08044;4043,01000;DOWN
2026-06-11 03:20:00;M5;15;55;4043,76644;4061,44000;UP
2026-06-11 05:05:00;M5;15;21;4099,89999;4094,70000;DOWN
2026-06-11 05:30:00;M5;15;34;4078,20868;4073,17000;DOWN
2026-06-11 05:45:00;M5;15;55;4057,77233;4054,98000;DOWN
2026-06-11 05:50:00;M5;15;55;4059,56285;4062,56000;UP
2026-06-11 06:50:00;M5;15;21;4072,22900;4073,02000;UP
2026-06-11 07:10:00;M5;15;34;4081,04890;4082,75000;UP
2026-06-11 07:25:00;M5;15;34;4080,99280;4077,66000;DOWN
2026-06-11 07:40:00;M5;15;34;4081,07771;4082,07000;UP
2026-06-11 08:00:00;M5;15;34;4081,18269;4077,86000;DOWN
2026-06-11 08:30:00;M5;15;34;4080,03736;4095,10000;UP
2026-06-11 08:25:00;M5;15;21;4075,49709;4075,08000;DOWN
2026-06-11 08:35:00;M5;15;21;4079,24179;4093,73000;UP
2026-06-11 09:05:00;M5;15;34;4082,04303;4080,86000;DOWN
2026-06-11 09:20:00;M5;15;21;4089,17582;4091,15000;UP
2026-06-11 09:35:00;M5;15;21;4090,99627;4088,22000;DOWN
2026-06-11 09:50:00;M5;15;21;4092,85674;4097,44000;UP
2026-06-11 10:05:00;M5;15;21;4094,92787;4093,56000;DOWN
2026-06-11 10:20:00;M5;15;21;4098,03758;4107,73000;UP
2026-06-11 10:50:00;M5;15;21;4104,53741;4103,03000;DOWN
2026-06-11 11:05:00;M5;15;21;4106,90172;4111,72000;UP
2026-06-11 11:30:00;M5;15;55;4095,70970;4095,27000;DOWN
2026-06-11 12:25:00;M5;15;89;4082,02472;4079,44000;DOWN
2026-06-11 12:45:00;M5;15;21;4092,02175;4093,99000;UP
2026-06-11 13:15:00;M5;15;21;4087,81584;4086,82000;DOWN
2026-06-11 13:20:00;M5;15;21;4086,62123;4093,64000;UP
2026-06-11 14:10:00;M5;15;89;4089,36583;4086,13000;DOWN
2026-06-11 14:25:00;M5;15;89;4090,04674;4090,31000;UP
2026-06-11 14:20:00;M5;15;21;4086,46138;4086,26000;DOWN
2026-06-11 14:35:00;M5;15;89;4090,58736;4083,39000;DOWN
2026-06-11 14:50:00;M5;15;21;4085,88269;4086,13000;UP
2026-06-11 15:05:00;M5;15;21;4084,15155;4079,89000;DOWN
2026-06-11 15:50:00;M5;15;21;4076,03445;4080,06000;UP
2026-06-11 16:10:00;M5;15;34;4077,85874;4073,15000;DOWN
2026-06-11 16:20:00;M5;15;21;4073,16144;4075,85000;UP
2026-06-11 16:40:00;M5;15;34;4075,43806;4076,33000;UP
2026-06-11 17:00:00;M5;15;55;4082,16246;4078,01000;DOWN
2026-06-11 17:05:00;M5;15;34;4073,46132;4062,54000;DOWN
2026-06-11 17:20:00;M5;15;21;4070,89627;4079,55000;UP
2026-06-11 17:40:00;M5;15;55;4077,39109;4076,23000;DOWN
2026-06-11 17:50:00;M5;15;55;4076,09282;4076,92000;UP
2026-06-11 18:35:00;M5;15;89;4083,95024;4085,85000;UP
2026-06-11 19:25:00;M5;15;89;4083,58903;4079,61000;DOWN
2026-06-11 20:00:00;M5;15;55;4077,05139;4074,74000;DOWN
2026-06-11 20:15:00;M5;15;55;4077,27431;4078,38000;UP
2026-06-11 20:25:00;M5;15;21;4088,64669;4101,89000;UP
2026-06-11 23:05:00;M5;15;21;4216,89780;4214,77000;DOWN
2026-06-11 23:35:00;M5;15;34;4211,41881;4210,98000;DOWN
2026-06-12 01:50:00;M5;15;21;4234,79267;4235,47000;UP
2026-06-12 02:15:00;M5;15;55;4222,42756;4222,36000;DOWN
2026-06-12 03:40:00;M5;15;89;4211,02231;4203,84000;DOWN
2026-06-12 05:00:00;M5;15;21;4189,53019;4191,15000;UP
2026-06-12 06:05:00;M5;15;34;4190,68243;4192,71000;UP
2026-06-12 07:15:00;M5;15;21;4192,66436;4192,07000;DOWN
2026-06-12 07:30:00;M5;15;21;4194,34889;4195,65000;UP
2026-06-12 07:40:00;M5;15;21;4195,21320;4193,43000;DOWN
2026-06-12 08:05:00;M5;15;34;4187,06607;4185,17000;DOWN
2026-06-12 09:25:00;M5;15;21;4181,29523;4182,05000;UP
2026-06-12 09:35:00;M5;15;21;4178,93001;4177,86000;DOWN
2026-06-12 09:50:00;M5;15;21;4177,76365;4178,36000;UP
2026-06-12 10:05:00;M5;15;34;4180,65138;4180,61000;DOWN
2026-06-12 10:25:00;M5;15;21;4175,51817;4174,09000;DOWN
2026-06-12 10:35:00;M5;15;21;4175,30568;4178,50000;UP
2026-06-12 10:50:00;M5;15;55;4179,43423;4175,59000;DOWN
2026-06-12 11:05:00;M5;15;21;4181,18420;4201,90000;UP
2026-06-12 12:35:00;M5;15;21;4224,58152;4223,21000;DOWN
2026-06-12 13:25:00;M5;15;89;4208,11393;4206,77000;DOWN
2026-06-12 13:35:00;M5;15;89;4208,60309;4215,46000;UP
2026-06-12 14:00:00;M5;15;89;4209,01996;4206,11000;DOWN
2026-06-12 14:20:00;M5;15;89;4209,49641;4209,71000;UP
2026-06-12 14:35:00;M5;15;89;4209,64439;4202,37000;DOWN
2026-06-12 14:50:00;M5;15;21;4210,99039;4214,84000;UP
2026-06-12 15:05:00;M5;15;89;4209,93945;4207,69000;DOWN
2026-06-12 16:05:00;M5;15;21;4198,02466;4199,82000;UP
2026-06-12 16:35:00;M5;15;34;4204,44733;4207,26000;UP
2026-06-12 16:40:00;M5;15;21;4194,91499;4190,95000;DOWN
2026-06-12 17:00:00;M5;15;21;4192,68629;4194,36000;UP
2026-06-12 16:50:00;M5;15;34;4201,20761;4189,39000;DOWN
2026-06-12 17:15:00;M5;15;21;4190,75697;4190,09000;DOWN
2026-06-12 17:35:00;M5;15;21;4186,71150;4192,12000;UP
2026-06-12 17:50:00;M5;15;34;4191,15632;4207,52000;UP
2026-06-12 19:35:00;M5;15;21;4218,83980;4216,90000;DOWN
2026-06-12 21:10:00;M5;15;21;4224,85812;4227,06000;UP
2026-06-12 21:05:00;M5;15;34;4221,05485;4220,57000;DOWN
2026-06-12 21:20:00;M5;15;34;4223,45500;4228,99000;UP
2026-06-12 21:45:00;M5;15;34;4225,77281;4222,87000;DOWN
2026-06-12 21:55:00;M5;15;89;4215,77028;4215,61000;DOWN
2026-06-12 22:05:00;M5;15;89;4216,53828;4217,50000;UP
2026-06-12 22:20:00;M5;15;89;4217,06624;4210,34000;DOWN
2026-06-12 23:15:00;M5;15;21;4213,85039;4214,36000;UP
2026-06-12 23:55:00;M5;15;34;4217,96394;4218,87000;UP
2026-06-15 01:05:00;M5;15;55;4222,48685;4306,58000;UP
2026-06-15 02:20:00;M5;15;21;4288,52123;4282,96000;DOWN
2026-06-15 03:45:00;M5;15;34;4297,43898;4296,58000;DOWN
2026-06-15 04:30:00;M5;15;21;4309,73354;4312,48000;UP
2026-06-15 04:50:00;M5;15;34;4318,90580;4316,15000;DOWN
2026-06-15 05:10:00;M5;15;34;4322,63642;4326,54000;UP
2026-06-15 05:50:00;M5;15;34;4332,22230;4330,05000;DOWN
2026-06-15 06:05:00;M5;15;55;4327,08618;4323,68000;DOWN
2026-06-15 07:50:00;M5;15;89;4327,32363;4326,88000;DOWN
2026-06-15 08:20:00;M5;15;21;4330,45266;4330,51000;UP
2026-06-15 08:35:00;M5;15;21;4328,59486;4320,58000;DOWN
2026-06-15 10:00:00;M5;15;21;4308,82675;4310,39000;UP
2026-06-15 10:20:00;M5;15;34;4316,05504;4316,30000;UP
2026-06-15 10:45:00;M5;15;34;4314,61776;4313,39000;DOWN
2026-06-15 10:50:00;M5;15;34;4313,98514;4323,06000;UP
2026-06-15 11:30:00;M5;15;55;4331,03498;4343,34000;UP
2026-06-15 12:30:00;M5;15;21;4336,98825;4335,95000;DOWN
2026-06-15 13:35:00;M5;15;34;4337,53838;4336,61000;DOWN
2026-06-15 14:30:00;M5;15;21;4342,39052;4345,91000;UP
2026-06-15 14:45:00;M5;15;55;4337,31456;4333,78000;DOWN
2026-06-15 15:30:00;M5;15;21;4338,11670;4342,38000;UP
2026-06-15 15:35:00;M5;15;34;4343,01284;4343,95000;UP
2026-06-15 16:00:00;M5;15;34;4343,38852;4343,01000;DOWN
2026-06-15 16:05:00;M5;15;34;4344,18506;4345,23000;UP
2026-06-15 17:20:00;M5;15;21;4359,04202;4357,40000;DOWN
2026-06-15 17:45:00;M5;15;21;4361,50675;4361,93000;UP
2026-06-15 18:00:00;M5;15;89;4355,95650;4354,82000;DOWN
2026-06-15 21:15:00;M5;15;21;4324,51583;4324,83000;UP
2026-06-15 22:20:00;M5;15;34;4322,18361;4323,40000;UP
2026-06-15 22:40:00;M5;15;34;4319,88032;4319,08000;DOWN
2026-06-15 22:50:00;M5;15;34;4317,87275;4319,96000;UP
2026-06-15 23:10:00;M5;15;34;4315,95401;4315,90000;DOWN
2026-06-16 01:05:00;M5;15;21;4309,99897;4313,32000;UP
2026-06-16 01:20:00;M5;15;21;4308,34023;4307,60000;DOWN
2026-06-16 01:35:00;M5;15;21;4307,40039;4311,13000;UP
2026-06-16 01:50:00;M5;15;55;4311,24435;4313,54000;UP
2026-06-16 03:15:00;M5;15;21;4312,49911;4311,54000;DOWN
2026-06-16 03:55:00;M5;15;21;4313,47925;4319,14000;UP
2026-06-16 04:30:00;M5;15;21;4316,01828;4315,54000;DOWN
2026-06-16 04:35:00;M5;15;21;4316,85687;4317,62000;UP
2026-06-16 05:00:00;M5;15;89;4312,75203;4310,34000;DOWN
2026-06-16 05:30:00;M5;15;21;4315,25941;4317,81000;UP
2026-06-16 05:35:00;M5;15;34;4313,73753;4313,57000;DOWN
2026-06-16 05:50:00;M5;15;21;4314,38389;4316,12000;UP
2026-06-16 07:20:00;M5;15;21;4326,11780;4324,83000;DOWN
2026-06-16 07:40:00;M5;15;34;4323,29701;4323,12000;DOWN
2026-06-16 08:00:00;M5;15;34;4324,14168;4325,09000;UP
2026-06-16 08:05:00;M5;15;21;4328,08015;4328,32000;UP
2026-06-16 08:20:00;M5;15;34;4325,66841;4325,51000;DOWN
2026-06-16 08:35:00;M5;15;55;4320,68558;4316,94000;DOWN
2026-06-16 09:50:00;M5;15;21;4318,54425;4319,31000;UP
2026-06-16 12:15:00;M5;15;21;4344,00966;4342,61000;DOWN
2026-06-16 13:25:00;M5;15;34;4345,73185;4344,17000;DOWN
2026-06-16 13:55:00;M5;15;34;4348,79372;4348,89000;UP
2026-06-16 14:05:00;M5;15;55;4344,30754;4340,46000;DOWN
2026-06-16 14:45:00;M5;15;89;4337,49286;4337,25000;DOWN
2026-06-16 14:50:00;M5;15;89;4338,61076;4339,83000;UP
2026-06-16 15:10:00;M5;15;21;4343,91462;4344,51000;UP
2026-06-16 15:20:00;M5;15;21;4343,30936;4341,98000;DOWN
2026-06-16 15:35:00;M5;15;21;4343,61905;4346,88000;UP
2026-06-16 16:00:00;M5;15;55;4349,54128;4347,17000;DOWN
2026-06-16 16:05:00;M5;15;89;4343,91443;4343,13000;DOWN
2026-06-16 18:15:00;M5;15;21;4324,81997;4325,31000;UP
2026-06-16 18:20:00;M5;15;21;4322,32547;4321,51000;DOWN
2026-06-16 18:35:00;M5;15;21;4320,87407;4325,81000;UP
2026-06-16 18:50:00;M5;15;34;4327,06804;4337,92000;UP
2026-06-16 19:10:00;M5;15;89;4342,78695;4345,90000;UP
2026-06-16 19:30:00;M5;15;89;4342,59567;4340,81000;DOWN
2026-06-16 19:35:00;M5;15;89;4342,57194;4344,34000;UP
2026-06-16 19:50:00;M5;15;89;4342,62521;4341,44000;DOWN
2026-06-16 20:15:00;M5;15;55;4335,30714;4331,25000;DOWN
2026-06-16 20:25:00;M5;15;34;4332,46041;4334,63000;UP
2026-06-16 21:45:00;M5;15;34;4338,18082;4336,57000;DOWN
2026-06-16 22:00:00;M5;15;21;4341,84949;4341,86000;UP
2026-06-16 22:10:00;M5;15;34;4340,06704;4339,17000;DOWN
2026-06-16 22:50:00;M5;15;55;4336,41095;4333,89000;DOWN
2026-06-17 01:05:00;M5;15;21;4332,09517;4332,36000;UP
2026-06-17 01:20:00;M5;15;21;4331,04248;4329,18000;DOWN
2026-06-17 01:35:00;M5;15;21;4330,37219;4332,57000;UP
2026-06-17 01:50:00;M5;15;34;4333,62246;4334,24000;UP
2026-06-17 02:35:00;M5;15;55;4334,83593;4333,64000;DOWN
2026-06-17 02:50:00;M5;15;34;4332,67629;4332,42000;DOWN
2026-06-17 03:05:00;M5;15;21;4333,80039;4338,13000;UP
2026-06-17 03:35:00;M5;15;89;4335,23584;4334,97000;DOWN
2026-06-17 03:55:00;M5;15;21;4336,08750;4337,11000;UP
2026-06-17 04:30:00;M5;15;21;4339,63042;4339,10000;DOWN
2026-06-17 05:45:00;M5;15;89;4336,96736;4334,64000;DOWN
2026-06-17 07:15:00;M5;15;21;4332,00524;4332,01000;UP
2026-06-17 07:20:00;M5;15;21;4330,02677;4329,42000;DOWN
2026-06-17 07:55:00;M5;15;21;4325,82200;4326,73000;UP
2026-06-17 08:10:00;M5;15;21;4324,02695;4322,50000;DOWN
2026-06-17 08:20:00;M5;15;21;4323,10351;4324,86000;UP
2026-06-17 08:45:00;M5;15;55;4331,52460;4331,80000;UP
2026-06-17 08:50:00;M5;15;55;4330,66841;4330,11000;DOWN
2026-06-17 09:15:00;M5;15;34;4325,33777;4323,77000;DOWN
2026-06-17 09:25:00;M5;15;21;4324,16203;4324,35000;UP
2026-06-17 09:45:00;M5;15;55;4328,54631;4329,24000;UP
2026-06-17 09:55:00;M5;15;89;4330,47302;4331,69000;UP
2026-06-17 10:10:00;M5;15;89;4330,10972;4327,19000;DOWN
2026-06-17 10:20:00;M5;15;55;4327,12514;4328,98000;UP
2026-06-17 10:30:00;M5;15;21;4327,45291;4325,64000;DOWN
2026-06-17 10:35:00;M5;15;21;4328,16402;4330,98000;UP
2026-06-17 10:45:00;M5;15;55;4326,74694;4326,44000;DOWN
2026-06-17 10:50:00;M5;15;89;4329,20139;4325,23000;DOWN
2026-06-17 11:05:00;M5;15;55;4325,80222;4327,10000;UP
2026-06-17 11:10:00;M5;15;34;4324,94479;4322,84000;DOWN
2026-06-17 11:20:00;M5;15;55;4325,25079;4323,91000;DOWN
2026-06-17 11:50:00;M5;15;21;4324,33978;4324,51000;UP
2026-06-17 12:05:00;M5;15;55;4323,48737;4321,94000;DOWN
2026-06-17 12:20:00;M5;15;21;4324,09884;4327,26000;UP
2026-06-17 13:30:00;M5;15;21;4327,97405;4327,53000;DOWN
2026-06-17 13:35:00;M5;15;21;4329,07557;4329,56000;UP
2026-06-17 14:00:00;M5;15;21;4330,17793;4328,38000;DOWN
2026-06-17 14:05:00;M5;15;34;4328,33436;4328,29000;DOWN
2026-06-17 14:20:00;M5;15;34;4328,76030;4329,00000;UP
2026-06-17 14:30:00;M5;15;89;4325,72646;4325,60000;DOWN
2026-06-17 14:35:00;M5;15;55;4326,09162;4326,62000;UP
2026-06-17 14:35:00;M5;15;34;4328,93765;4326,62000;DOWN
2026-06-17 14:55:00;M5;15;89;4325,52026;4323,11000;DOWN
2026-06-17 15:30:00;M5;15;21;4326,92539;4328,92000;UP
2026-06-17 16:05:00;M5;15;34;4328,74773;4327,56000;DOWN
2026-06-17 16:20:00;M5;15;21;4329,39412;4336,29000;UP
2026-06-17 17:45:00;M5;15;21;4346,29356;4345,83000;DOWN
2026-06-17 18:15:00;M5;15;21;4351,79826;4353,68000;UP
2026-06-17 18:50:00;M5;15;21;4358,84172;4358,79000;DOWN
2026-06-17 19:05:00;M5;15;21;4361,53079;4362,54000;UP
2026-06-17 19:30:00;M5;15;21;4364,07755;4361,59000;DOWN
2026-06-17 19:35:00;M5;15;34;4360,74265;4359,59000;DOWN
2026-06-17 20:30:00;M5;15;21;4365,42785;4377,63000;UP
2026-06-17 21:00:00;M5;15;89;4350,22290;4316,70000;DOWN
2026-06-17 23:05:00;M5;15;21;4231,04419;4254,12000;UP
2026-06-17 23:35:00;M5;15;34;4254,59480;4264,12000;UP
2026-06-18 01:50:00;M5;15;55;4263,82284;4267,82000;UP
2026-06-18 03:00:00;M5;15;89;4284,23090;4292,20000;UP
2026-06-18 04:35:00;M5;15;21;4321,93564;4320,08000;DOWN
2026-06-18 05:35:00;M5;15;34;4323,25640;4321,49000;DOWN
2026-06-18 07:20:00;M5;15;55;4313,45556;4313,31000;DOWN
2026-06-18 07:50:00;M5;15;21;4315,28337;4315,53000;UP
2026-06-18 08:15:00;M5;15;55;4320,33761;4321,34000;UP
2026-06-18 08:20:00;M5;15;55;4322,20381;4319,13000;DOWN
2026-06-18 08:40:00;M5;15;21;4315,14785;4310,49000;DOWN
2026-06-18 09:50:00;M5;15;21;4304,65497;4305,52000;UP
2026-06-18 10:30:00;M5;15;89;4303,34529;4298,43000;DOWN
2026-06-18 12:35:00;M5;15;21;4266,76855;4267,29000;UP
2026-06-18 13:15:00;M5;15;34;4269,43746;4269,83000;UP
2026-06-18 13:20:00;M5;15;34;4266,67368;4265,90000;DOWN
2026-06-18 13:35:00;M5;15;34;4264,11917;4266,93000;UP
2026-06-18 13:50:00;M5;15;34;4261,30239;4261,19000;DOWN
2026-06-18 15:05:00;M5;15;21;4243,75800;4244,11000;UP
2026-06-18 15:30:00;M5;15;55;4252,11748;4250,12000;DOWN
2026-06-18 15:35:00;M5;15;21;4242,78318;4242,55000;DOWN
2026-06-18 15:50:00;M5;15;21;4242,29977;4244,01000;UP
2026-06-18 16:30:00;M5;15;89;4263,63382;4272,22000;UP
2026-06-18 16:45:00;M5;15;89;4261,59356;4260,00000;DOWN
2026-06-18 16:50:00;M5;15;89;4259,71504;4260,95000;UP
2026-06-18 17:00:00;M5;15;21;4253,34296;4247,50000;DOWN
2026-06-18 17:05:00;M5;15;89;4257,77363;4243,59000;DOWN
2026-06-18 17:20:00;M5;15;34;4245,14600;4252,81000;UP
2026-06-18 17:40:00;M5;15;34;4244,84807;4244,66000;DOWN
2026-06-18 17:55:00;M5;15;21;4250,61110;4252,31000;UP
2026-06-18 18:10:00;M5;15;89;4250,17365;4246,57000;DOWN
2026-06-18 18:25:00;M5;15;55;4236,90732;4235,65000;DOWN
2026-06-18 20:00:00;M5;15;21;4221,99062;4223,99000;UP
2026-06-18 20:10:00;M5;15;34;4227,83417;4227,87000;UP
2026-06-18 20:30:00;M5;15;55;4225,18979;4222,95000;DOWN
2026-06-18 20:35:00;M5;15;34;4223,59508;4224,23000;UP
2026-06-18 21:35:00;M5;15;55;4221,09702;4221,09000;DOWN
2026-06-18 21:50:00;M5;15;55;4220,28501;4220,47000;UP
2026-06-18 21:55:00;M5;15;89;4219,49698;4218,37000;DOWN
2026-06-18 22:05:00;M5;15;55;4219,03732;4208,27000;DOWN
2026-06-18 22:45:00;M5;15;21;4215,08043;4215,87000;UP
2026-06-18 23:45:00;M5;15;55;4210,39339;4209,98000;DOWN
2026-06-18 23:50:00;M5;15;55;4209,37656;4209,76000;UP
2026-06-19 01:05:00;M5;15;89;4206,81950;4206,61000;DOWN
2026-06-19 01:45:00;M5;15;21;4206,65699;4208,74000;UP
2026-06-19 02:00:00;M5;15;89;4203,38265;4200,34000;DOWN
2026-06-19 03:30:00;M5;15;21;4188,25358;4189,87000;UP
2026-06-19 03:50:00;M5;15;34;4188,71762;4190,52000;UP
2026-06-19 04:05:00;M5;15;34;4186,80775;4184,94000;DOWN
2026-06-19 04:20:00;M5;15;34;4185,33242;4186,95000;UP
2026-06-19 04:35:00;M5;15;89;4186,91511;4185,23000;DOWN
2026-06-19 04:50:00;M5;15;55;4184,83499;4184,90000;UP
2026-06-19 05:10:00;M5;15;55;4183,33200;4179,90000;DOWN
2026-06-19 05:35:00;M5;15;34;4178,64943;4179,63000;UP
2026-06-19 05:50:00;M5;15;34;4177,31152;4176,67000;DOWN
2026-06-19 08:20:00;M5;15;21;4128,15156;4129,15000;UP
2026-06-19 08:45:00;M5;15;34;4135,56370;4137,56000;UP
2026-06-19 09:05:00;M5;15;55;4138,42757;4143,42000;UP
2026-06-19 09:45:00;M5;15;89;4142,95831;4145,38000;UP
2026-06-19 09:35:00;M5;15;55;4133,80858;4133,71000;DOWN
2026-06-19 09:50:00;M5;15;55;4132,12723;4145,71000;UP
2026-06-19 11:50:00;M5;15;21;4169,95914;4165,57000;DOWN
2026-06-19 12:40:00;M5;15;34;4163,14134;4162,62000;DOWN
2026-06-19 13:50:00;M5;15;55;4151,19342;4149,76000;DOWN
2026-06-19 14:40:00;M5;15;21;4147,94954;4149,93000;UP
2026-06-19 14:50:00;M5;15;55;4153,19524;4149,81000;DOWN
2026-06-19 15:05:00;M5;15;34;4156,06213;4158,43000;UP
2026-06-19 15:20:00;M5;15;55;4153,94081;4153,63000;DOWN
2026-06-19 15:50:00;M5;15;34;4153,63109;4172,99000;UP
2026-06-19 16:45:00;M5;15;55;4158,35007;4156,84000;DOWN
2026-06-19 16:50:00;M5;15;34;4157,46724;4158,13000;UP
2026-06-19 17:05:00;M5;15;34;4157,14466;4150,15000;DOWN
2026-06-19 17:40:00;M5;15;89;4145,49778;4144,45000;DOWN
2026-06-19 17:50:00;M5;15;89;4146,02315;4149,81000;UP
2026-06-19 18:05:00;M5;15;21;4151,91040;4152,06000;UP
2026-06-19 18:20:00;M5;15;34;4152,90597;4153,18000;UP
2026-06-19 18:35:00;M5;15;34;4152,26406;4149,78000;DOWN
2026-06-19 18:50:00;M5;15;21;4147,12050;4150,45000;UP
2026-06-19 19:00:00;M5;15;89;4147,60289;4147,14000;DOWN
2026-06-19 19:05:00;M5;15;21;4146,15956;4145,98000;DOWN
2026-06-19 19:20:00;M5;15;21;4145,58130;4146,77000;UP
2026-06-19 19:35:00;M5;15;34;4149,13737;4151,74000;UP
2026-06-22 01:20:00;M5;15;55;4150,94665;4150,01000;DOWN
2026-06-22 01:35:00;M5;15;55;4150,86917;4152,04000;UP
2026-06-22 02:30:00;M5;15;89;4149,99316;4147,84000;DOWN
2026-06-22 03:10:00;M5;15;21;4153,46802;4161,04000;UP
2026-06-22 04:45:00;M5;15;21;4195,93184;4195,20000;DOWN
2026-06-22 05:10:00;M5;15;34;4189,49929;4184,15000;DOWN
2026-06-22 05:30:00;M5;15;34;4192,76564;4194,77000;UP
2026-06-22 05:40:00;M5;15;34;4195,42591;4191,80000;DOWN
2026-06-22 06:05:00;M5;15;55;4185,59854;4182,63000;DOWN
2026-06-22 06:40:00;M5;15;89;4175,86760;4175,57000;DOWN
2026-06-22 07:35:00;M5;15;21;4174,52171;4177,88000;UP
2026-06-22 07:55:00;M5;15;89;4180,40722;4181,79000;UP
2026-06-22 08:15:00;M5;15;34;4186,43294;4186,54000;UP
2026-06-22 08:25:00;M5;15;55;4191,32754;4193,94000;UP
2026-06-22 09:00:00;M5;15;55;4192,88765;4191,46000;DOWN
2026-06-22 09:05:00;M5;15;55;4193,80396;4196,59000;UP
2026-06-22 09:55:00;M5;15;21;4198,54087;4197,49000;DOWN
2026-06-22 10:20:00;M5;15;55;4198,31611;4197,07000;DOWN
2026-06-22 10:40:00;M5;15;89;4194,61490;4194,34000;DOWN
2026-06-22 11:50:00;M5;15;21;4195,27304;4195,43000;UP
2026-06-22 13:45:00;M5;15;89;4206,07501;4205,35000;DOWN
2026-06-22 13:50:00;M5;15;34;4207,87899;4208,00000;UP
2026-06-22 13:55:00;M5;15;55;4206,51595;4204,64000;DOWN
2026-06-22 14:05:00;M5;15;55;4207,57813;4210,85000;UP
2026-06-22 14:10:00;M5;15;89;4207,98404;4207,97000;DOWN
2026-06-22 14:20:00;M5;15;55;4208,39203;4207,90000;DOWN
2026-06-22 15:00:00;M5;15;21;4210,33627;4210,61000;UP
2026-06-22 15:05:00;M5;15;89;4210,50347;4207,71000;DOWN
2026-06-22 15:20:00;M5;15;21;4209,17986;4210,78000;UP
2026-06-22 15:35:00;M5;15;55;4210,60694;4203,63000;DOWN
2026-06-22 16:45:00;M5;15;21;4195,89977;4199,86000;UP
2026-06-22 16:50:00;M5;15;34;4201,52053;4203,79000;UP
2026-06-22 17:05:00;M5;15;55;4206,11617;4206,13000;UP
2026-06-22 17:15:00;M5;15;34;4200,24924;4195,96000;DOWN
2026-06-22 17:20:00;M5;15;55;4205,26521;4192,50000;DOWN
2026-06-22 17:40:00;M5;15;21;4192,48363;4192,88000;UP
2026-06-22 18:05:00;M5;15;34;4195,77964;4195,38000;DOWN
2026-06-22 19:30:00;M5;15;21;4183,62076;4184,62000;UP
2026-06-22 19:45:00;M5;15;34;4184,33554;4184,81000;UP
2026-06-22 20:20:00;M5;15;55;4188,12364;4189,13000;UP
2026-06-22 20:30:00;M5;15;34;4181,90978;4178,91000;DOWN
2026-06-22 20:35:00;M5;15;21;4180,60148;4181,05000;UP
2026-06-22 20:35:00;M5;15;55;4186,73234;4181,05000;DOWN
2026-06-22 21:05:00;M5;15;55;4184,30469;4184,32000;UP
2026-06-22 22:25:00;M5;15;21;4188,26454;4187,35000;DOWN
2026-06-22 22:55:00;M5;15;21;4189,12230;4190,48000;UP
2026-06-22 23:20:00;M5;15;21;4190,41160;4190,37000;DOWN
2026-06-22 23:35:00;M5;15;21;4191,20476;4193,36000;UP
2026-06-22 23:50:00;M5;15;21;4191,81109;4191,53000;DOWN
2026-06-23 01:05:00;M5;15;21;4192,27415;4192,62000;UP
2026-06-23 01:20:00;M5;15;21;4192,69303;4191,52000;DOWN
2026-06-23 01:40:00;M5;15;34;4191,21939;4189,93000;DOWN
2026-06-23 02:30:00;M5;15;21;4192,24883;4192,37000;UP
2026-06-23 02:45:00;M5;15;34;4192,59264;4190,76000;DOWN
2026-06-23 02:50:00;M5;15;55;4188,32789;4187,45000;DOWN
2026-06-23 03:05:00;M5;15;89;4186,43471;4184,46000;DOWN
2026-06-23 03:40:00;M5;15;21;4187,38217;4192,63000;UP
2026-06-23 04:00:00;M5;15;34;4190,12629;4190,03000;DOWN
2026-06-23 04:10:00;M5;15;89;4185,91260;4185,30000;DOWN
2026-06-23 06:40:00;M5;15;21;4138,39338;4138,85000;UP
2026-06-23 07:05:00;M5;15;34;4142,90296;4144,08000;UP
2026-06-23 07:30:00;M5;15;34;4139,62176;4136,48000;DOWN
2026-06-23 07:35:00;M5;15;34;4136,69625;4138,84000;UP
2026-06-23 07:55:00;M5;15;34;4133,01060;4118,09000;DOWN
2026-06-23 08:05:00;M5;15;21;4127,55617;4127,99000;UP
2026-06-23 08:25:00;M5;15;34;4126,26920;4125,16000;DOWN
2026-06-23 08:35:00;M5;15;21;4123,47857;4125,10000;UP
2026-06-23 08:50:00;M5;15;34;4121,08352;4120,61000;DOWN
2026-06-23 09:10:00;M5;15;21;4120,31780;4122,50000;UP
2026-06-23 09:25:00;M5;15;34;4117,04798;4116,42000;DOWN
2026-06-23 09:35:00;M5;15;21;4115,76745;4115,91000;UP
2026-06-23 10:00:00;M5;15;55;4118,96244;4119,69000;UP
2026-06-23 10:10:00;M5;15;55;4115,92256;4115,64000;DOWN
2026-06-23 10:20:00;M5;15;55;4113,19281;4119,31000;UP
2026-06-23 10:40:00;M5;15;55;4110,46289;4104,90000;DOWN
2026-06-23 11:30:00;M5;15;21;4099,71630;4101,71000;UP
2026-06-23 11:35:00;M5;15;55;4099,52047;4102,29000;UP
2026-06-23 12:10:00;M5;15;89;4110,33400;4111,02000;UP
2026-06-23 13:50:00;M5;15;21;4125,96502;4122,09000;DOWN
2026-06-23 14:10:00;M5;15;21;4128,59557;4129,12000;UP
2026-06-23 14:20:00;M5;15;21;4130,44822;4129,42000;DOWN
2026-06-23 14:50:00;M5;15;34;4122,12586;4121,89000;DOWN
2026-06-23 16:15:00;M5;15;55;4111,81604;4107,29000;DOWN
2026-06-23 16:20:00;M5;15;21;4115,83044;4116,52000;UP
2026-06-23 16:35:00;M5;15;34;4121,99877;4118,51000;DOWN
2026-06-23 16:50:00;M5;15;34;4122,47985;4137,15000;UP
2026-06-23 17:35:00;M5;15;34;4126,29884;4124,21000;DOWN
2026-06-23 17:55:00;M5;15;21;4129,92451;4130,03000;UP
2026-06-23 18:05:00;M5;15;55;4123,94845;4123,67000;DOWN
2026-06-23 18:30:00;M5;15;21;4132,18161;4132,97000;UP
2026-06-23 19:05:00;M5;15;21;4136,73364;4134,76000;DOWN
2026-06-23 19:30:00;M5;15;21;4137,59160;4140,55000;UP
2026-06-23 20:00:00;M5;15;55;4133,23944;4132,57000;DOWN
2026-06-23 20:10:00;M5;15;34;4138,34779;4138,48000;UP
2026-06-23 20:20:00;M5;15;55;4135,32705;4133,49000;DOWN
2026-06-23 21:20:00;M5;15;89;4123,98519;4123,67000;DOWN
2026-06-23 22:05:00;M5;15;21;4120,37377;4122,12000;UP
2026-06-23 22:55:00;M5;15;21;4115,37183;4111,55000;DOWN
2026-06-23 23:35:00;M5;15;21;4109,67350;4110,75000;UP
2026-06-24 01:05:00;M5;15;34;4111,28506;4112,44000;UP
2026-06-24 01:20:00;M5;15;34;4109,45700;4106,29000;DOWN
2026-06-24 01:50:00;M5;15;21;4104,66230;4106,16000;UP
2026-06-24 02:05:00;M5;15;34;4104,19314;4096,67000;DOWN
2026-06-24 02:50:00;M5;15;21;4095,56953;4095,98000;UP
2026-06-24 03:05:00;M5;15;55;4103,90704;4110,23000;UP
2026-06-24 03:20:00;M5;15;55;4101,97492;4096,33000;DOWN
2026-06-24 04:00:00;M5;15;34;4094,04840;4073,50000;DOWN
2026-06-24 04:25:00;M5;15;21;4093,14306;4098,47000;UP
2026-06-24 04:40:00;M5;15;55;4093,97538;4092,78000;DOWN
2026-06-24 06:35:00;M5;15;21;4057,41477;4062,05000;UP
2026-06-24 06:50:00;M5;15;34;4064,03714;4063,49000;DOWN
2026-06-24 07:20:00;M5;15;34;4058,72154;4061,06000;UP
2026-06-24 08:20:00;M5;15;89;4069,39384;4070,78000;UP
2026-06-24 09:55:00;M5;15;21;4088,45586;4087,04000;DOWN
2026-06-24 10:35:00;M5;15;34;4081,71268;4078,83000;DOWN
2026-06-24 12:05:00;M5;15;55;4073,42725;4069,84000;DOWN
2026-06-24 12:20:00;M5;15;55;4074,20568;4074,37000;UP
2026-06-24 12:35:00;M5;15;55;4074,74759;4068,23000;DOWN
2026-06-24 13:00:00;M5;15;89;4064,07778;4062,09000;DOWN
2026-06-24 13:40:00;M5;15;21;4062,51608;4064,82000;UP
2026-06-24 13:50:00;M5;15;89;4062,28823;4058,65000;DOWN
2026-06-24 14:35:00;M5;15;21;4047,97003;4050,01000;UP
2026-06-24 14:50:00;M5;15;34;4053,56165;4054,60000;UP
2026-06-24 15:00:00;M5;15;21;4044,80632;4044,67000;DOWN
2026-06-24 15:05:00;M5;15;34;4049,80811;4040,73000;DOWN
2026-06-24 16:35:00;M5;15;21;3985,97628;4005,06000;UP
2026-06-24 16:50:00;M5;15;55;4022,81579;4029,03000;UP
2026-06-24 17:05:00;M5;15;89;4033,58156;4027,79000;DOWN
2026-06-24 17:20:00;M5;15;55;4014,86339;4024,20000;UP
2026-06-24 17:45:00;M5;15;55;4011,96383;4011,14000;DOWN
2026-06-24 18:15:00;M5;15;55;4006,68833;4010,92000;UP
2026-06-24 18:05:00;M5;15;21;4004,85240;3999,84000;DOWN
2026-06-24 18:20:00;M5;15;21;4007,61165;4008,89000;UP
2026-06-24 18:35:00;M5;15;21;4009,56096;4006,88000;DOWN
2026-06-24 19:20:00;M5;15;21;4008,15448;4010,86000;UP
2026-06-24 19:45:00;M5;15;89;4009,94366;4007,44000;DOWN
2026-06-24 19:50:00;M5;15;21;4007,57695;4007,60000;UP
2026-06-24 20:10:00;M5;15;89;4005,78217;4005,74000;DOWN
2026-06-24 20:25:00;M5;15;55;3990,98138;3990,47000;DOWN
2026-06-24 21:10:00;M5;15;55;3986,01419;3988,84000;UP
2026-06-24 21:20:00;M5;15;21;3986,35275;3986,99000;UP
2026-06-24 21:45:00;M5;15;55;3982,88178;3979,26000;DOWN
2026-06-24 21:50:00;M5;15;21;3980,63163;3981,63000;UP
2026-06-24 22:05:00;M5;15;55;3980,09145;3976,77000;DOWN
2026-06-24 22:20:00;M5;15;21;3975,99254;3978,85000;UP
2026-06-25 01:45:00;M5;15;21;4001,81678;3997,74000;DOWN
2026-06-25 02:30:00;M5;15;21;4003,78537;4008,74000;UP
2026-06-25 03:15:00;M5;15;34;4002,73406;4002,39000;DOWN
2026-06-25 03:30:00;M5;15;55;3991,72505;3987,60000;DOWN
2026-06-25 03:50:00;M5;15;55;3993,63288;3999,56000;UP
2026-06-25 04:05:00;M5;15;55;3994,10128;3991,23000;DOWN
2026-06-25 04:20:00;M5;15;21;3994,91196;3995,81000;UP
2026-06-25 04:35:00;M5;15;55;3994,23867;3987,12000;DOWN
2026-06-25 04:55:00;M5;15;89;3979,84197;3976,66000;DOWN
2026-06-25 05:15:00;M5;15;89;3979,43072;3981,23000;UP
2026-06-25 05:20:00;M5;15;21;3977,89201;3984,76000;UP
2026-06-25 05:40:00;M5;15;89;3978,60627;3978,47000;DOWN
2026-06-25 05:50:00;M5;15;89;3978,22038;3979,06000;UP
2026-06-25 06:15:00;M5;15;34;3981,69519;3981,86000;UP
2026-06-25 06:05:00;M5;15;89;3977,71907;3973,37000;DOWN
2026-06-25 06:20:00;M5;15;21;3972,21568;3973,14000;UP
2026-06-25 06:20:00;M5;15;34;3979,33669;3973,14000;DOWN
2026-06-25 06:45:00;M5;15;34;3977,02788;3986,55000;UP
2026-06-25 06:35:00;M5;15;21;3971,53032;3971,33000;DOWN
2026-06-25 06:50:00;M5;15;21;3973,30287;3997,27000;UP
2026-06-25 08:25:00;M5;15;21;3994,93410;3994,77000;DOWN
2026-06-25 08:40:00;M5;15;55;3984,38516;3983,08000;DOWN
2026-06-25 08:50:00;M5;15;34;3986,98647;3988,32000;UP
2026-06-25 09:10:00;M5;15;89;3980,77940;3980,12000;DOWN
2026-06-25 09:25:00;M5;15;55;3984,21080;3984,22000;UP
2026-06-25 09:35:00;M5;15;89;3981,38248;3980,59000;DOWN
2026-06-25 10:05:00;M5;15;21;3983,33966;3984,79000;UP
2026-06-25 10:35:00;M5;15;89;3981,12457;3978,15000;DOWN
2026-06-25 10:55:00;M5;15;21;3978,77886;3987,88000;UP
2026-06-25 12:40:00;M5;15;34;3988,40858;3988,38000;DOWN
2026-06-25 12:50:00;M5;15;34;3988,89622;3990,89000;UP
2026-06-25 13:00:00;M5;15;55;3987,00716;3986,45000;DOWN
2026-06-25 13:05:00;M5;15;34;3989,09068;3986,45000;DOWN
2026-06-25 13:25:00;M5;15;55;3987,59404;3989,16000;UP
2026-06-25 13:40:00;M5;15;55;3987,68260;3985,50000;DOWN
2026-06-25 13:50:00;M5;15;89;3983,73052;3982,56000;DOWN
2026-06-25 14:05:00;M5;15;89;3983,80793;3984,35000;UP
2026-06-25 14:20:00;M5;15;89;3983,76852;3980,21000;DOWN
2026-06-25 14:40:00;M5;15;21;3983,41523;3984,70000;UP
2026-06-25 14:50:00;M5;15;89;3983,65322;3982,58000;DOWN
2026-06-25 15:05:00;M5;15;21;3980,78470;3983,21000;UP
2026-06-25 15:25:00;M5;15;34;3984,42972;3984,54000;UP
2026-06-25 15:20:00;M5;15;21;3980,45117;3980,23000;DOWN
2026-06-25 15:35:00;M5;15;21;3982,80344;3997,89000;UP
2026-06-25 16:55:00;M5;15;34;4003,28766;4002,20000;DOWN
2026-06-25 17:05:00;M5;15;34;4006,45221;4016,93000;UP
2026-06-25 17:25:00;M5;15;21;4022,33232;4026,57000;UP
2026-06-25 17:35:00;M5;15;21;4025,21336;4017,56000;DOWN
2026-06-25 17:55:00;M5;15;34;4016,01275;4011,96000;DOWN
2026-06-25 18:10:00;M5;15;55;4008,60944;4007,98000;DOWN
2026-06-25 18:20:00;M5;15;21;4024,52440;4037,79000;UP
2026-06-25 19:35:00;M5;15;34;4035,72306;4031,77000;DOWN
2026-06-25 20:10:00;M5;15;55;4029,99784;4029,38000;DOWN
2026-06-25 20:25:00;M5;15;55;4032,28910;4032,53000;UP
2026-06-25 20:35:00;M5;15;55;4034,37133;4033,36000;DOWN
2026-06-25 21:15:00;M5;15;21;4037,34749;4037,87000;UP
2026-06-25 21:25:00;M5;15;34;4040,95128;4043,97000;UP
2026-06-25 21:30:00;M5;15;21;4037,74268;4034,00000;DOWN
2026-06-25 21:35:00;M5;15;55;4041,22052;4036,33000;DOWN
2026-06-25 22:05:00;M5;15;21;4037,69386;4038,75000;UP
2026-06-25 22:25:00;M5;15;21;4037,91361;4036,01000;DOWN
2026-06-25 22:35:00;M5;15;89;4034,85095;4034,68000;DOWN
2026-06-26 01:30:00;M5;15;21;4025,70637;4029,62000;UP
2026-06-26 01:35:00;M5;15;34;4030,28979;4034,11000;UP
2026-06-26 01:50:00;M5;15;34;4029,07823;4022,39000;DOWN
2026-06-26 02:10:00;M5;15;21;4023,33515;4023,51000;UP
2026-06-26 02:20:00;M5;15;34;4026,94466;4028,28000;UP
2026-06-26 02:30:00;M5;15;21;4023,55281;4021,37000;DOWN
2026-06-26 02:35:00;M5;15;21;4023,64534;4023,98000;UP
2026-06-26 02:35:00;M5;15;34;4026,04083;4023,98000;DOWN
2026-06-26 02:50:00;M5;15;21;4022,59867;4017,42000;DOWN
2026-06-26 03:15:00;M5;15;21;4021,43865;4021,95000;UP
2026-06-26 03:20:00;M5;15;21;4019,79097;4018,19000;DOWN
2026-06-26 03:40:00;M5;15;21;4018,50377;4019,04000;UP
2026-06-26 03:55:00;M5;15;34;4019,03039;4020,29000;UP
2026-06-26 03:50:00;M5;15;21;4017,75687;4016,12000;DOWN
2026-06-26 04:05:00;M5;15;21;4017,25836;4017,41000;UP
2026-06-26 04:05:00;M5;15;34;4018,25124;4017,41000;DOWN
2026-06-26 04:20:00;M5;15;34;4017,85819;4022,80000;UP
2026-06-26 04:45:00;M5;15;34;4017,65143;4016,32000;DOWN
2026-06-26 04:50:00;M5;15;21;4017,98617;4018,20000;UP
2026-06-26 05:05:00;M5;15;34;4017,24414;4016,92000;DOWN
2026-06-26 06:35:00;M5;15;21;3995,27688;3996,23000;UP
2026-06-26 06:50:00;M5;15;34;3999,99651;4002,12000;UP
2026-06-26 07:10:00;M5;15;55;4004,54020;4008,51000;UP
2026-06-26 08:10:00;M5;15;89;4014,78094;4015,23000;UP
2026-06-26 08:20:00;M5;15;89;4013,77741;4013,31000;DOWN
2026-06-26 08:35:00;M5;15;89;4012,87573;4013,74000;UP
2026-06-26 08:55:00;M5;15;89;4012,00716;4007,98000;DOWN
2026-06-26 09:20:00;M5;15;21;4015,23058;4023,06000;UP
2026-06-26 10:40:00;M5;15;21;4031,73334;4031,41000;DOWN
2026-06-26 11:20:00;M5;15;34;4031,27844;4030,80000;DOWN
2026-06-26 11:40:00;M5;15;34;4033,45512;4035,59000;UP
2026-06-26 11:50:00;M5;15;34;4035,17390;4032,72000;DOWN
2026-06-26 12:10:00;M5;15;21;4039,29096;4039,41000;UP
2026-06-26 13:15:00;M5;15;34;4046,53492;4044,52000;DOWN
2026-06-26 13:30:00;M5;15;21;4049,71618;4054,03000;UP
2026-06-26 13:35:00;M5;15;34;4050,41163;4049,18000;DOWN
2026-06-26 13:55:00;M5;15;21;4053,04975;4054,66000;UP
2026-06-26 14:05:00;M5;15;34;4053,22365;4053,18000;DOWN
2026-06-26 14:35:00;M5;15;55;4050,42605;4048,49000;DOWN
2026-06-26 15:55:00;M5;15;21;4049,55181;4059,01000;UP
2026-06-26 16:05:00;M5;15;55;4056,62066;4044,61000;DOWN
2026-06-26 16:20:00;M5;15;21;4050,58494;4057,20000;UP
2026-06-26 16:40:00;M5;15;55;4058,34609;4062,22000;UP
2026-06-26 16:35:00;M5;15;34;4055,37892;4048,04000;DOWN
2026-06-26 16:50:00;M5;15;21;4056,36165;4064,06000;UP
2026-06-26 18:00:00;M5;15;21;4080,47980;4079,27000;DOWN
2026-06-26 18:35:00;M5;15;21;4090,94199;4091,64000;UP
2026-06-26 18:50:00;M5;15;21;4093,87184;4086,30000;DOWN
2026-06-26 19:20:00;M5;15;34;4090,92319;4085,42000;DOWN
2026-06-26 19:35:00;M5;15;55;4086,73281;4084,54000;DOWN
2026-06-26 20:15:00;M5;15;89;4081,90492;4081,57000;DOWN
2026-06-26 20:20:00;M5;15;89;4083,81294;4084,69000;UP
2026-06-26 20:35:00;M5;15;89;4085,45309;4075,57000;DOWN
2026-06-26 22:30:00;M5;15;21;4068,11376;4070,12000;UP
2026-06-26 23:20:00;M5;15;34;4070,33373;4071,53000;UP
2026-06-26 23:55:00;M5;15;55;4081,74971;4088,42000;UP
2026-06-29 01:05:00;M5;15;55;4080,69417;4075,99000;DOWN
2026-06-29 01:45:00;M5;15;34;4067,22811;4069,02000;UP
2026-06-29 01:50:00;M5;15;34;4066,29351;4064,50000;DOWN
2026-06-29 02:05:00;M5;15;21;4066,98894;4070,32000;UP
2026-06-29 02:20:00;M5;15;34;4064,26000;4057,64000;DOWN
2026-06-29 02:50:00;M5;15;21;4062,07784;4064,42000;UP
2026-06-29 03:05:00;M5;15;34;4061,81113;4058,04000;DOWN
2026-06-29 03:35:00;M5;15;21;4057,16501;4060,57000;UP
2026-06-29 04:05:00;M5;15;55;4062,06654;4061,83000;DOWN
2026-06-29 04:20:00;M5;15;21;4058,48983;4061,05000;UP
2026-06-29 04:35:00;M5;15;55;4060,31010;4061,74000;UP
2026-06-29 05:35:00;M5;15;21;4061,85372;4060,19000;DOWN
2026-06-29 05:50:00;M5;15;21;4062,97483;4067,32000;UP
2026-06-29 06:05:00;M5;15;89;4069,30682;4069,76000;UP
2026-06-29 06:35:00;M5;15;89;4067,90745;4067,18000;DOWN
2026-06-29 06:50:00;M5;15;21;4068,89301;4069,93000;UP
2026-06-29 07:05:00;M5;15;89;4066,82505;4066,23000;DOWN
2026-06-29 07:35:00;M5;15;55;4061,19006;4055,05000;DOWN
2026-06-29 08:50:00;M5;15;21;4053,13724;4053,29000;UP
2026-06-29 09:05:00;M5;15;34;4058,08068;4061,68000;UP
2026-06-29 09:20:00;M5;15;89;4059,95813;4058,22000;DOWN
2026-06-29 09:35:00;M5;15;34;4057,00142;4059,71000;UP
2026-06-29 11:20:00;M5;15;21;4063,71964;4062,55000;DOWN
2026-06-29 11:40:00;M5;15;89;4057,68626;4055,65000;DOWN
2026-06-29 13:35:00;M5;15;21;4035,28168;4038,26000;UP
2026-06-29 14:20:00;M5;15;21;4029,57749;4029,11000;DOWN
2026-06-29 14:35:00;M5;15;21;4028,87705;4032,21000;UP
2026-06-29 15:00:00;M5;15;55;4039,99608;4045,28000;UP
2026-06-29 15:15:00;M5;15;89;4044,02007;4043,55000;DOWN
2026-06-29 15:30:00;M5;15;89;4043,03461;4043,22000;UP
2026-06-29 16:25:00;M5;15;89;4040,29616;4037,78000;DOWN
2026-06-29 16:45:00;M5;15;55;4035,51504;4035,12000;DOWN
2026-06-29 17:50:00;M5;15;21;4025,10951;4026,23000;UP
2026-06-29 18:10:00;M5;15;21;4022,25449;4021,92000;DOWN
2026-06-29 18:25:00;M5;15;21;4020,13803;4024,23000;UP
2026-06-29 18:45:00;M5;15;34;4024,56418;4026,77000;UP
2026-06-29 19:30:00;M5;15;55;4021,91006;4019,39000;DOWN
2026-06-29 19:35:00;M5;15;34;4020,75374;4021,14000;UP
2026-06-29 19:55:00;M5;15;89;4024,49520;4023,79000;DOWN
2026-06-29 20:05:00;M5;15;89;4023,58943;4030,40000;UP
2026-06-29 20:45:00;M5;15;89;4021,88465;4021,29000;DOWN
2026-06-29 21:00:00;M5;15;21;4023,12550;4023,62000;UP
2026-06-29 21:05:00;M5;15;21;4023,10789;4022,43000;DOWN
2026-06-29 21:20:00;M5;15;21;4022,84825;4024,33000;UP
2026-06-29 21:45:00;M5;15;89;4018,80654;4015,88000;DOWN
2026-06-29 21:50:00;M5;15;55;4017,50204;4017,56000;UP
2026-06-29 22:05:00;M5;15;55;4016,61349;4011,66000;DOWN
2026-06-29 22:25:00;M5;15;21;4016,70170;4017,02000;UP
2026-06-29 22:35:00;M5;15;34;4016,76245;4017,20000;UP
2026-06-29 22:45:00;M5;15;89;4015,47195;4014,78000;DOWN
2026-06-29 22:55:00;M5;15;21;4014,35360;4015,86000;UP
2026-06-29 22:50:00;M5;15;34;4016,06856;4013,73000;DOWN
2026-06-29 23:15:00;M5;15;34;4015,43690;4016,70000;UP
2026-06-30 01:30:00;M5;15;34;4014,21255;4013,69000;DOWN
2026-06-30 01:45:00;M5;15;34;4013,83214;4014,03000;UP
2026-06-30 01:40:00;M5;15;89;4010,94775;4010,41000;DOWN
2026-06-30 01:50:00;M5;15;21;4014,45066;4015,39000;UP
2026-06-30 02:40:00;M5;15;21;4015,67166;4015,13000;DOWN
2026-06-30 03:00:00;M5;15;89;4009,42137;4008,43000;DOWN
2026-06-30 03:10:00;M5;15;89;4009,13095;4010,60000;UP
2026-06-30 03:20:00;M5;15;89;4008,75597;4008,05000;DOWN
2026-06-30 05:20:00;M5;15;21;3959,34211;3963,54000;UP
2026-06-30 05:50:00;M5;15;34;3965,64899;3966,43000;UP
2026-06-30 06:50:00;M5;15;55;3966,83977;3967,17000;UP
2026-06-30 07:20:00;M5;15;89;3974,59539;3977,28000;UP
2026-06-30 08:25:00;M5;15;21;3983,09637;3982,84000;DOWN
2026-06-30 09:10:00;M5;15;21;3987,55211;3987,73000;UP
2026-06-30 10:45:00;M5;15;21;4028,51541;4028,49000;DOWN
2026-06-30 11:00:00;M5;15;21;4034,14218;4035,71000;UP
2026-06-30 11:15:00;M5;15;34;4024,22237;4021,92000;DOWN
2026-06-30 12:30:00;M5;15;55;4016,89775;4013,40000;DOWN
2026-06-30 12:55:00;M5;15;21;4023,86881;4023,88000;UP
2026-06-30 13:05:00;M5;15;55;4024,57357;4024,47000;DOWN
2026-06-30 13:25:00;M5;15;55;4026,91937;4028,50000;UP
2026-06-30 13:35:00;M5;15;55;4029,13709;4027,82000;DOWN
2026-06-30 14:10:00;M5;15;55;4033,25732;4033,35000;UP
2026-06-30 14:20:00;M5;15;55;4035,12237;4031,04000;DOWN
2026-06-30 14:40:00;M5;15;34;4033,59568;4034,49000;UP
2026-06-30 14:50:00;M5;15;34;4033,85608;4031,78000;DOWN
2026-06-30 15:20:00;M5;15;89;4019,26740;4018,02000;DOWN
2026-06-30 16:15:00;M5;15;21;4023,61057;4029,85000;UP
2026-06-30 16:20:00;M5;15;89;4025,77987;4019,57000;DOWN
2026-06-30 16:40:00;M5;15;21;4020,65330;4025,10000;UP
2026-06-30 16:50:00;M5;15;34;4025,68558;4028,69000;UP
2026-06-30 17:05:00;M5;15;55;4035,46322;4043,23000;UP
2026-06-30 18:00:00;M5;15;89;4035,01372;4034,71000;DOWN
2026-06-30 18:05:00;M5;15;34;4035,64198;4035,20000;DOWN
2026-06-30 19:50:00;M5;15;21;4031,30687;4031,47000;UP
2026-06-30 20:05:00;M5;15;21;4028,54456;4022,33000;DOWN
2026-06-30 20:30:00;M5;15;21;4026,32574;4027,37000;UP
2026-06-30 21:00:00;M5;15;34;4031,29095;4032,20000;UP
2026-06-30 21:55:00;M5;15;34;4028,99808;4028,46000;DOWN
2026-07-01 01:05:00;M5;15;21;4011,15615;4017,05000;UP
2026-07-01 01:20:00;M5;15;34;4014,63053;4013,10000;DOWN
2026-07-01 01:35:00;M5;15;34;4013,26279;4016,42000;UP
2026-07-01 01:50:00;M5;15;34;4012,10363;4011,76000;DOWN
2026-07-01 02:05:00;M5;15;34;4011,19393;4017,44000;UP
2026-07-01 02:20:00;M5;15;55;4015,12347;4010,06000;DOWN
2026-07-01 02:35:00;M5;15;34;4009,37993;4010,30000;UP
2026-07-01 02:45:00;M5;15;21;4009,02963;4007,43000;DOWN
2026-07-01 02:50:00;M5;15;34;4008,31955;4007,19000;DOWN
2026-07-01 03:10:00;M5;15;21;4007,99597;4008,26000;UP
2026-07-01 03:20:00;M5;15;34;4006,19283;4005,23000;DOWN
2026-07-01 05:15:00;M5;15;21;3979,35155;3980,44000;UP
2026-07-01 05:35:00;M5;15;34;3981,33366;3983,90000;UP
2026-07-01 06:05:00;M5;15;55;3983,35818;3984,91000;UP
2026-07-01 06:30:00;M5;15;55;3981,39234;3977,02000;DOWN
2026-07-01 06:35:00;M5;15;55;3979,55698;3981,31000;UP
2026-07-01 06:50:00;M5;15;55;3977,92402;3977,77000;DOWN
2026-07-01 07:20:00;M5;15;55;3974,90527;3976,81000;UP
2026-07-01 07:35:00;M5;15;21;3975,64769;3974,35000;DOWN
2026-07-01 07:50:00;M5;15;21;3975,49725;3980,59000;UP
2026-07-01 08:05:00;M5;15;21;3974,81231;3973,25000;DOWN
2026-07-01 08:20:00;M5;15;21;3973,93741;3974,54000;UP
2026-07-01 09:10:00;M5;15;55;3966,41265;3965,09000;DOWN
2026-07-01 09:20:00;M5;15;34;3968,78829;3969,27000;UP
2026-07-01 09:40:00;M5;15;21;3968,89031;3971,69000;UP
2026-07-01 09:35:00;M5;15;34;3968,31314;3967,52000;DOWN
2026-07-01 09:50:00;M5;15;34;3967,95676;3973,15000;UP
2026-07-01 10:00:00;M5;15;89;3969,28309;3966,45000;DOWN
2026-07-01 10:15:00;M5;15;21;3967,19436;3970,24000;UP
2026-07-01 10:10:00;M5;15;55;3963,02687;3961,42000;DOWN
2026-07-01 10:20:00;M5;15;34;3966,33981;3967,71000;UP
2026-07-01 10:25:00;M5;15;89;3966,36478;3964,26000;DOWN
2026-07-01 10:35:00;M5;15;21;3965,35918;3968,91000;UP
2026-07-01 12:05:00;M5;15;21;3974,97579;3973,71000;DOWN
2026-07-01 12:20:00;M5;15;21;3976,41274;3977,48000;UP
2026-07-01 15:05:00;M5;15;21;4025,63182;4023,13000;DOWN
2026-07-01 15:55:00;M5;15;34;4024,96711;4022,78000;DOWN
2026-07-01 16:20:00;M5;15;21;4039,03088;4043,65000;UP
2026-07-01 17:40:00;M5;15;21;4093,72889;4092,95000;DOWN
2026-07-01 18:05:00;M5;15;34;4092,56164;4084,36000;DOWN
2026-07-01 18:35:00;M5;15;55;4080,95855;4080,77000;DOWN
2026-07-01 20:05:00;M5;15;89;4069,99219;4068,93000;DOWN
2026-07-01 20:50:00;M5;15;21;4069,98478;4070,09000;UP
2026-07-01 21:15:00;M5;15;21;4067,53083;4066,83000;DOWN
2026-07-01 21:35:00;M5;15;21;4062,77557;4063,50000;UP
2026-07-01 21:50:00;M5;15;21;4060,99843;4058,44000;DOWN
2026-07-01 22:05:00;M5;15;21;4060,09349;4067,43000;UP
2026-07-01 22:20:00;M5;15;21;4059,23834;4056,68000;DOWN
2026-07-02 01:05:00;M5;15;21;4031,72036;4035,58000;UP
2026-07-02 01:20:00;M5;15;34;4036,25479;4038,57000;UP
2026-07-02 03:00:00;M5;15;21;4033,54532;4032,94000;DOWN
2026-07-02 03:05:00;M5;15;21;4035,11485;4038,96000;UP
2026-07-02 04:30:00;M5;15;21;4049,22065;4048,07000;DOWN
2026-07-02 04:35:00;M5;15;21;4051,92699;4053,62000;UP
2026-07-02 04:55:00;M5;15;21;4053,66074;4050,12000;DOWN
2026-07-02 05:05:00;M5;15;34;4045,76197;4044,56000;DOWN
2026-07-02 05:20:00;M5;15;34;4047,38884;4050,96000;UP
2026-07-02 05:40:00;M5;15;21;4055,31713;4056,33000;UP
2026-07-02 06:05:00;M5;15;21;4057,10810;4055,77000;DOWN
2026-07-02 06:20:00;M5;15;21;4058,68191;4061,60000;UP
2026-07-02 07:20:00;M5;15;34;4064,94340;4064,69000;DOWN
2026-07-02 08:10:00;M5;15;55;4057,96658;4055,67000;DOWN
2026-07-02 08:20:00;M5;15;55;4059,36139;4061,38000;UP
2026-07-02 08:50:00;M5;15;21;4063,80000;4064,05000;UP
2026-07-02 09:40:00;M5;15;34;4068,89444;4068,13000;DOWN
2026-07-02 09:50:00;M5;15;34;4069,82504;4072,73000;UP
2026-07-02 10:10:00;M5;15;55;4068,52651;4067,81000;DOWN
2026-07-02 10:35:00;M5;15;21;4070,31525;4070,92000;UP
2026-07-02 10:50:00;M5;15;55;4071,15904;4066,27000;DOWN
2026-07-02 11:05:00;M5;15;21;4070,57401;4071,18000;UP
2026-07-02 12:05:00;M5;15;55;4074,67166;4071,12000;DOWN
2026-07-02 12:30:00;M5;15;89;4066,95084;4065,86000;DOWN
2026-07-02 12:40:00;M5;15;89;4067,86359;4069,32000;UP
2026-07-02 12:50:00;M5;15;89;4068,64532;4066,10000;DOWN
2026-07-02 13:55:00;M5;15;21;4066,09335;4066,33000;UP
2026-07-02 14:05:00;M5;15;21;4064,81467;4059,47000;DOWN
2026-07-02 14:20:00;M5;15;21;4063,89321;4064,10000;UP
2026-07-02 14:40:00;M5;15;34;4067,53520;4071,04000;UP
2026-07-02 14:55:00;M5;15;34;4067,09951;4065,23000;DOWN
2026-07-02 15:05:00;M5;15;34;4066,59225;4069,95000;UP
2026-07-02 15:10:00;M5;15;21;4064,34062;4064,12000;DOWN
2026-07-02 15:20:00;M5;15;21;4064,42664;4067,31000;UP
2026-07-02 15:25:00;M5;15;34;4066,06631;4064,94000;DOWN
2026-07-02 15:35:00;M5;15;34;4069,21556;4137,03000;UP
2026-07-02 17:05:00;M5;15;21;4134,65799;4127,90000;DOWN
2026-07-02 17:25:00;M5;15;34;4117,29612;4116,24000;DOWN
2026-07-02 17:45:00;M5;15;34;4122,39851;4122,46000;UP
2026-07-02 17:50:00;M5;15;34;4126,93122;4123,77000;DOWN
2026-07-02 19:05:00;M5;15;55;4125,78387;4122,57000;DOWN
2026-07-02 19:30:00;M5;15;89;4113,72959;4103,02000;DOWN
2026-07-02 19:45:00;M5;15;89;4115,82322;4117,57000;UP
2026-07-02 19:50:00;M5;15;89;4117,74582;4117,28000;DOWN
2026-07-02 21:00:00;M5;15;21;4112,27055;4114,45000;UP
2026-07-02 21:25:00;M5;15;34;4121,53435;4123,09000;UP
2026-07-02 22:00:00;M5;15;34;4119,59049;4118,39000;DOWN
2026-07-02 22:10:00;M5;15;21;4115,54315;4114,42000;DOWN
2026-07-02 22:50:00;M5;15;21;4116,25304;4123,68000;UP
2026-07-02 23:45:00;M5;15;21;4119,75770;4119,65000;DOWN
2026-07-02 23:50:00;M5;15;21;4120,81612;4121,60000;UP
2026-07-03 01:05:00;M5;15;55;4125,81893;4127,94000;UP
2026-07-03 01:20:00;M5;15;55;4125,49180;4123,59000;DOWN
2026-07-03 01:40:00;M5;15;21;4124,01837;4123,04000;DOWN
2026-07-03 02:00:00;M5;15;21;4124,91474;4125,08000;UP
2026-07-03 02:10:00;M5;15;21;4125,68117;4125,37000;DOWN
2026-07-03 02:20:00;M5;15;21;4126,70137;4127,34000;UP
2026-07-03 02:35:00;M5;15;55;4125,16346;4123,27000;DOWN
2026-07-03 02:50:00;M5;15;21;4127,62264;4128,57000;UP
2026-07-03 03:05:00;M5;15;21;4128,73932;4128,72000;DOWN
2026-07-03 03:20:00;M5;15;21;4130,55035;4138,54000;UP
2026-07-03 03:40:00;M5;15;89;4136,79413;4136,35000;DOWN
2026-07-03 03:50:00;M5;15;89;4137,21457;4147,42000;UP
2026-07-03 05:05:00;M5;15;21;4180,80971;4179,35000;DOWN
2026-07-03 06:05:00;M5;15;34;4184,18745;4181,75000;DOWN
2026-07-03 06:50:00;M5;15;55;4178,04566;4176,72000;DOWN
2026-07-03 07:15:00;M5;15;55;4180,95126;4181,34000;UP
2026-07-03 07:20:00;M5;15;55;4183,53790;4178,59000;DOWN
2026-07-03 08:20:00;M5;15;89;4178,13386;4174,31000;DOWN
2026-07-03 09:35:00;M5;15;21;4168,79176;4170,19000;UP
2026-07-03 10:05:00;M5;15;34;4175,05007;4180,37000;UP
2026-07-03 10:20:00;M5;15;34;4173,91152;4173,18000;DOWN
2026-07-03 10:35:00;M5;15;34;4173,39985;4179,18000;UP
2026-07-03 11:45:00;M5;15;21;4179,78957;4177,13000;DOWN
2026-07-03 12:05:00;M5;15;34;4177,39875;4177,39000;DOWN
2026-07-03 13:10:00;M5;15;21;4178,51185;4179,74000;UP
2026-07-03 13:30:00;M5;15;34;4177,93716;4177,01000;DOWN
2026-07-03 13:40:00;M5;15;21;4177,23715;4177,65000;UP
2026-07-03 14:00:00;M5;15;34;4178,47990;4178,89000;UP
2026-07-03 13:50:00;M5;15;21;4176,82090;4176,49000;DOWN
2026-07-03 14:05:00;M5;15;21;4177,10759;4179,74000;UP
2026-07-03 15:00:00;M5;15;55;4180,68231;4178,28000;DOWN
2026-07-03 15:05:00;M5;15;34;4180,94696;4181,11000;UP
2026-07-03 15:20:00;M5;15;55;4180,80963;4174,38000;DOWN
2026-07-03 17:25:00;M5;15;21;4164,96363;4166,16000;UP
2026-07-03 17:50:00;M5;15;34;4167,71919;4168,53000;UP
2026-07-03 18:10:00;M5;15;55;4171,45381;4172,22000;UP
2026-07-03 18:20:00;M5;15;55;4170,62852;4169,68000;DOWN
2026-07-03 18:55:00;M5;15;34;4164,89416;4164,88000;DOWN
2026-07-03 19:05:00;M5;15;34;4164,22978;4165,20000;UP
2026-07-03 19:10:00;M5;15;21;4164,82956;4164,16000;DOWN
2026-07-03 19:20:00;M5;15;21;4165,07256;4167,32000;UP
2026-07-06 01:05:00;M5;15;89;4174,76061;4179,92000;UP
2026-07-06 02:45:00;M5;15;34;4183,22332;4181,90000;DOWN
2026-07-06 03:00:00;M5;15;89;4176,97833;4175,37000;DOWN
2026-07-06 03:15:00;M5;15;55;4178,16953;4178,22000;UP
2026-07-06 03:20:00;M5;15;89;4177,86686;4177,12000;DOWN
2026-07-06 03:35:00;M5;15;55;4180,18897;4184,65000;UP
2026-07-06 03:55:00;M5;15;55;4180,98478;4179,74000;DOWN
2026-07-06 04:10:00;M5;15;21;4186,35767;4188,75000;UP
2026-07-06 04:25:00;M5;15;34;4189,43324;4189,46000;UP
2026-07-06 04:20:00;M5;15;21;4185,90815;4184,33000;DOWN
2026-07-06 04:35:00;M5;15;21;4186,86833;4196,31000;UP
2026-07-06 05:00:00;M5;15;55;4185,49260;4185,31000;DOWN
2026-07-06 05:10:00;M5;15;89;4180,80972;4180,77000;DOWN
2026-07-06 07:10:00;M5;15;21;4163,27263;4163,39000;UP
2026-07-06 07:30:00;M5;15;21;4160,63596;4159,64000;DOWN
2026-07-06 07:35:00;M5;15;21;4158,58517;4159,45000;UP
2026-07-06 08:00:00;M5;15;21;4157,00548;4154,02000;DOWN
2026-07-06 08:30:00;M5;15;21;4153,17848;4156,46000;UP
2026-07-06 08:50:00;M5;15;34;4153,56483;4156,04000;UP
2026-07-06 08:55:00;M5;15;21;4150,11316;4148,04000;DOWN
2026-07-06 09:05:00;M5;15;21;4148,91835;4151,27000;UP
2026-07-06 09:15:00;M5;15;34;4151,25708;4149,12000;DOWN
2026-07-06 09:20:00;M5;15;34;4149,66421;4152,55000;UP
2026-07-06 10:05:00;M5;15;21;4149,10024;4148,81000;DOWN
2026-07-06 10:20:00;M5;15;21;4149,27602;4154,35000;UP
2026-07-06 10:45:00;M5;15;89;4163,54319;4165,88000;UP
2026-07-06 11:00:00;M5;15;89;4162,58165;4160,96000;DOWN
2026-07-06 11:20:00;M5;15;21;4157,08732;4154,81000;DOWN
2026-07-06 11:40:00;M5;15;55;4149,27616;4149,01000;DOWN
2026-07-06 11:50:00;M5;15;34;4151,05053;4152,42000;UP
2026-07-06 12:15:00;M5;15;55;4148,00637;4147,21000;DOWN
2026-07-06 13:10:00;M5;15;21;4144,98380;4148,31000;UP
2026-07-06 13:30:00;M5;15;89;4150,94041;4154,18000;UP
2026-07-06 15:30:00;M5;15;89;4145,69748;4143,63000;DOWN
2026-07-06 16:00:00;M5;15;89;4144,47091;4144,70000;UP
2026-07-06 16:05:00;M5;15;55;4145,47677;4145,53000;UP
2026-07-06 16:10:00;M5;15;89;4143,77306;4141,24000;DOWN
2026-07-06 16:20:00;M5;15;21;4143,72917;4146,58000;UP
2026-07-06 16:25:00;M5;15;55;4144,86393;4142,24000;DOWN
2026-07-06 16:35:00;M5;15;55;4144,39920;4149,00000;UP
2026-07-06 16:55:00;M5;15;89;4141,87599;4140,79000;DOWN
2026-07-06 17:10:00;M5;15;21;4140,38038;4140,54000;UP
2026-07-06 17:30:00;M5;15;89;4140,68076;4140,92000;UP
2026-07-06 17:20:00;M5;15;21;4139,04354;4132,61000;DOWN
2026-07-06 17:35:00;M5;15;21;4136,90805;4137,50000;UP
2026-07-06 17:35:00;M5;15;89;4139,98610;4137,50000;DOWN
2026-07-06 18:00:00;M5;15;34;4139,83072;4144,11000;UP
2026-07-06 18:10:00;M5;15;55;4140,25506;4139,68000;DOWN
2026-07-06 18:20:00;M5;15;55;4139,86113;4143,59000;UP
2026-07-06 19:10:00;M5;15;21;4142,57388;4140,50000;DOWN
2026-07-06 19:20:00;M5;15;21;4143,76012;4145,48000;UP
2026-07-06 21:05:00;M5;15;21;4158,51837;4156,32000;DOWN
2026-07-06 21:20:00;M5;15;21;4160,38003;4161,68000;UP
2026-07-06 21:50:00;M5;15;21;4164,21141;4162,86000;DOWN
2026-07-06 22:05:00;M5;15;34;4160,79643;4160,67000;DOWN
2026-07-06 22:25:00;M5;15;34;4162,38056;4162,80000;UP
2026-07-06 22:35:00;M5;15;34;4163,59010;4160,00000;DOWN
2026-07-07 01:05:00;M5;15;21;4164,77965;4165,73000;UP
2026-07-07 01:30:00;M5;15;34;4167,59541;4168,31000;UP
2026-07-07 01:35:00;M5;15;34;4167,93410;4167,30000;DOWN
2026-07-07 01:50:00;M5;15;55;4166,40636;4164,71000;DOWN
2026-07-07 02:55:00;M5;15;89;4160,14871;4157,38000;DOWN
2026-07-07 04:45:00;M5;15;21;4142,67893;4144,25000;UP
2026-07-07 05:35:00;M5;15;34;4141,49100;4141,87000;UP
2026-07-07 05:50:00;M5;15;34;4139,41012;4133,51000;DOWN
2026-07-07 06:05:00;M5;15;21;4133,61013;4138,40000;UP
2026-07-07 06:20:00;M5;15;34;4135,46059;4132,29000;DOWN
2026-07-07 06:35:00;M5;15;21;4131,78894;4132,48000;UP
2026-07-07 07:00:00;M5;15;34;4131,49587;4132,93000;UP
2026-07-07 06:50:00;M5;15;21;4130,80045;4127,92000;DOWN
2026-07-07 07:05:00;M5;15;21;4130,39295;4139,66000;UP
2026-07-07 07:20:00;M5;15;55;4137,50797;4133,17000;DOWN
2026-07-07 07:40:00;M5;15;21;4129,46957;4128,73000;DOWN
2026-07-07 07:55:00;M5;15;34;4127,05734;4126,66000;DOWN
2026-07-07 08:05:00;M5;15;34;4125,89377;4125,99000;UP
2026-07-07 08:20:00;M5;15;21;4125,70937;4126,40000;UP
2026-07-07 08:30:00;M5;15;34;4124,94094;4123,03000;DOWN
2026-07-07 08:35:00;M5;15;21;4124,44348;4120,05000;DOWN
2026-07-07 08:50:00;M5;15;21;4123,38593;4125,24000;UP
2026-07-07 09:05:00;M5;15;55;4124,27575;4123,00000;DOWN
2026-07-07 09:20:00;M5;15;55;4122,85224;4128,05000;UP
2026-07-07 10:40:00;M5;15;89;4129,83521;4130,07000;UP
2026-07-07 10:45:00;M5;15;21;4127,25660;4127,16000;DOWN
2026-07-07 11:00:00;M5;15;21;4127,64856;4128,31000;UP
2026-07-07 10:50:00;M5;15;89;4128,72851;4126,77000;DOWN
2026-07-07 11:05:00;M5;15;89;4127,80914;4130,13000;UP
2026-07-07 11:35:00;M5;15;21;4132,44750;4131,88000;DOWN
2026-07-07 11:50:00;M5;15;89;4125,72447;4123,99000;DOWN
2026-07-07 12:15:00;M5;15;34;4128,67660;4129,01000;UP
2026-07-07 12:25:00;M5;15;89;4124,34819;4121,50000;DOWN
2026-07-07 12:40:00;M5;15;21;4130,00807;4132,86000;UP
2026-07-07 14:05:00;M5;15;34;4132,94170;4132,29000;DOWN
2026-07-07 14:20:00;M5;15;21;4135,61863;4144,10000;UP
2026-07-07 16:00:00;M5;15;21;4167,04370;4165,75000;DOWN
2026-07-07 17:00:00;M5;15;55;4157,63658;4154,69000;DOWN
2026-07-07 18:10:00;M5;15;89;4148,82398;4148,69000;DOWN
2026-07-07 19:15:00;M5;15;21;4142,34403;4144,18000;UP
2026-07-07 20:20:00;M5;15;34;4144,55267;4145,27000;UP
2026-07-07 21:30:00;M5;15;34;4140,21665;4138,94000;DOWN
2026-07-07 21:35:00;M5;15;34;4139,58503;4141,32000;UP
2026-07-07 21:50:00;M5;15;34;4138,28934;4126,94000;DOWN
2026-07-07 22:50:00;M5;15;21;4114,27100;4115,41000;UP
2026-07-07 23:15:00;M5;15;21;4109,67942;4109,11000;DOWN
2026-07-07 23:20:00;M5;15;21;4106,24383;4108,55000;UP
2026-07-08 01:35:00;M5;15;34;4100,91686;4102,53000;UP
2026-07-08 01:50:00;M5;15;34;4098,24239;4097,90000;DOWN
2026-07-08 02:05:00;M5;15;34;4096,26397;4105,78000;UP
2026-07-08 02:30:00;M5;15;55;4103,16726;4101,17000;DOWN
2026-07-08 02:35:00;M5;15;55;4100,88188;4102,07000;UP
2026-07-08 02:50:00;M5;15;55;4098,72435;4098,52000;DOWN
2026-07-08 03:05:00;M5;15;55;4096,75539;4099,94000;UP
2026-07-08 03:35:00;M5;15;89;4111,77755;4122,76000;UP
2026-07-08 04:00:00;M5;15;89;4110,00448;4108,40000;DOWN
2026-07-08 04:05:00;M5;15;21;4107,18331;4104,02000;DOWN
2026-07-08 04:30:00;M5;15;34;4099,38616;4098,02000;DOWN
2026-07-08 04:45:00;M5;15;21;4108,41732;4110,10000;UP
2026-07-08 04:50:00;M5;15;21;4108,78666;4108,77000;DOWN
2026-07-08 05:05:00;M5;15;21;4109,66646;4116,68000;UP
2026-07-08 05:55:00;M5;15;21;4115,54769;4114,54000;DOWN
2026-07-08 06:05:00;M5;15;21;4117,94382;4127,16000;UP
2026-07-08 06:55:00;M5;15;21;4126,63310;4123,39000;DOWN
2026-07-08 07:05:00;M5;15;21;4128,30199;4128,58000;UP
2026-07-08 07:20:00;M5;15;21;4129,33135;4125,97000;DOWN
2026-07-08 07:35:00;M5;15;34;4126,00236;4125,23000;DOWN
2026-07-08 08:00:00;M5;15;34;4127,13144;4127,89000;UP
2026-07-08 08:10:00;M5;15;34;4128,12618;4125,86000;DOWN
2026-07-08 09:10:00;M5;15;21;4128,37473;4131,41000;UP
2026-07-08 09:25:00;M5;15;34;4131,42128;4129,55000;DOWN
2026-07-08 09:35:00;M5;15;55;4126,56277;4126,19000;DOWN
2026-07-08 10:40:00;M5;15;21;4124,62021;4127,12000;UP
2026-07-08 10:50:00;M5;15;21;4123,66690;4119,88000;DOWN
2026-07-08 11:15:00;M5;15;89;4115,85128;4088,72000;DOWN
2026-07-08 13:05:00;M5;15;21;4039,23205;4041,94000;UP
2026-07-08 13:35:00;M5;15;34;4050,89713;4055,18000;UP
2026-07-08 14:40:00;M5;15;55;4058,51364;4064,31000;UP
2026-07-08 15:30:00;M5;15;89;4073,12720;4073,32000;UP
2026-07-08 16:20:00;M5;15;21;4074,40567;4071,74000;DOWN
2026-07-08 16:35:00;M5;15;21;4076,07702;4079,06000;UP
2026-07-08 16:50:00;M5;15;21;4076,89921;4069,97000;DOWN
2026-07-08 17:10:00;M5;15;89;4062,36071;4057,43000;DOWN
2026-07-08 17:35:00;M5;15;55;4046,10075;4043,01000;DOWN
2026-07-08 18:50:00;M5;15;21;4032,25167;4034,60000;UP
2026-07-08 19:05:00;M5;15;55;4038,81217;4039,30000;UP
2026-07-08 19:25:00;M5;15;34;4041,64815;4043,65000;UP
2026-07-08 21:05:00;M5;15;21;4068,97794;4067,93000;DOWN
2026-07-08 21:40:00;M5;15;21;4077,39862;4079,47000;UP
2026-07-08 22:20:00;M5;15;21;4088,32155;4087,15000;DOWN
2026-07-08 22:55:00;M5;15;34;4082,17493;4079,91000;DOWN
2026-07-09 01:15:00;M5;15;55;4076,40113;4075,97000;DOWN
2026-07-09 01:45:00;M5;15;21;4078,34006;4079,07000;UP
2026-07-09 01:55:00;M5;15;21;4076,75179;4076,50000;DOWN
2026-07-09 02:05:00;M5;15;21;4075,75781;4076,99000;UP
2026-07-09 02:30:00;M5;15;21;4075,37209;4075,32000;DOWN
2026-07-09 02:35:00;M5;15;21;4075,11112;4076,27000;UP
2026-07-09 03:10:00;M5;15;34;4081,19141;4087,53000;UP
2026-07-09 03:20:00;M5;15;55;4085,19256;4077,36000;DOWN
2026-07-09 03:40:00;M5;15;21;4078,04651;4076,89000;DOWN
2026-07-09 03:50:00;M5;15;89;4070,82896;4070,61000;DOWN
2026-07-09 04:05:00;M5;15;89;4071,84516;4073,32000;UP
2026-07-09 04:25:00;M5;15;89;4072,69722;4066,68000;DOWN
2026-07-09 04:45:00;M5;15;89;4073,49346;4073,74000;UP
2026-07-09 05:00:00;M5;15;21;4073,53299;4074,76000;UP
2026-07-09 04:50:00;M5;15;89;4074,23448;4069,67000;DOWN
2026-07-09 05:05:00;M5;15;34;4074,62455;4074,87000;UP
2026-07-09 05:30:00;M5;15;89;4075,80586;4072,32000;DOWN
2026-07-09 06:50:00;M5;15;21;4062,48374;4062,62000;UP
2026-07-09 07:10:00;M5;15;21;4060,82751;4060,48000;DOWN
2026-07-09 07:20:00;M5;15;21;4059,22402;4059,93000;UP
2026-07-09 07:35:00;M5;15;34;4061,66250;4063,77000;UP
2026-07-09 08:05:00;M5;15;55;4066,29917;4068,11000;UP
2026-07-09 08:35:00;M5;15;89;4073,60297;4075,82000;UP
2026-07-09 10:10:00;M5;15;21;4102,27625;4101,47000;DOWN
2026-07-09 10:25:00;M5;15;21;4107,76715;4108,98000;UP
2026-07-09 10:35:00;M5;15;21;4112,15923;4108,20000;DOWN
2026-07-09 11:45:00;M5;15;34;4112,42963;4109,65000;DOWN
2026-07-09 12:35:00;M5;15;55;4106,65840;4106,16000;DOWN
2026-07-09 13:00:00;M5;15;55;4108,84246;4109,85000;UP
2026-07-09 13:05:00;M5;15;55;4110,73269;4106,91000;DOWN
2026-07-09 13:45:00;M5;15;89;4100,96642;4100,85000;DOWN
2026-07-09 14:00:00;M5;15;89;4102,06910;4103,47000;UP
2026-07-09 14:10:00;M5;15;21;4103,42258;4104,89000;UP
2026-07-09 14:05:00;M5;15;89;4103,12413;4102,46000;DOWN
2026-07-09 14:20:00;M5;15;21;4102,07471;4099,77000;DOWN
2026-07-09 14:35:00;M5;15;21;4101,60474;4105,31000;UP
2026-07-09 15:05:00;M5;15;34;4108,67048;4115,44000;UP
2026-07-09 15:20:00;M5;15;89;4108,06829;4106,88000;DOWN
2026-07-09 15:35:00;M5;15;34;4108,15314;4120,86000;UP
2026-07-09 15:55:00;M5;15;89;4110,17496;4107,72000;DOWN
2026-07-09 16:05:00;M5;15;21;4110,31819;4116,20000;UP
2026-07-09 16:50:00;M5;15;55;4119,07585;4118,73000;DOWN
2026-07-09 17:05:00;M5;15;21;4123,94248;4126,27000;UP
2026-07-09 17:20:00;M5;15;21;4125,86264;4123,25000;DOWN
2026-07-09 17:45:00;M5;15;89;4120,07489;4119,52000;DOWN
2026-07-09 17:50:00;M5;15;34;4122,66797;4124,02000;UP
2026-07-09 19:00:00;M5;15;89;4126,81655;4125,75000;DOWN
2026-07-09 19:05:00;M5;15;55;4127,53033;4128,76000;UP
2026-07-09 19:25:00;M5;15;21;4131,56251;4132,63000;UP
2026-07-09 19:35:00;M5;15;34;4132,96263;4132,62000;DOWN
2026-07-09 19:50:00;M5;15;21;4132,66185;4133,11000;UP
2026-07-09 19:55:00;M5;15;89;4131,19697;4127,99000;DOWN
2026-07-09 20:05:00;M5;15;21;4132,43790;4127,82000;DOWN
2026-07-09 20:35:00;M5;15;21;4132,23821;4133,19000;UP
2026-07-09 21:00:00;M5;15;89;4134,37619;4131,18000;DOWN
2026-07-09 23:05:00;M5;15;21;4121,03296;4121,73000;UP
2026-07-09 23:35:00;M5;15;34;4123,83314;4123,84000;UP
2026-07-10 01:55:00;M5;15;21;4121,79306;4121,68000;DOWN
2026-07-10 02:05:00;M5;15;21;4122,21682;4124,18000;UP
2026-07-10 02:20:00;M5;15;21;4122,45566;4122,37000;DOWN
2026-07-10 02:35:00;M5;15;21;4122,62742;4122,82000;UP
2026-07-10 03:15:00;M5;15;34;4121,09779;4120,86000;DOWN
2026-07-10 03:40:00;M5;15;21;4122,18736;4123,08000;UP
2026-07-10 04:00:00;M5;15;55;4122,75890;4122,01000;DOWN
2026-07-10 04:05:00;M5;15;21;4122,95841;4125,47000;UP
2026-07-10 04:25:00;M5;15;55;4122,25938;4121,65000;DOWN
2026-07-10 05:05:00;M5;15;21;4119,99581;4124,82000;UP
2026-07-10 05:50:00;M5;15;89;4126,92819;4127,60000;UP
2026-07-10 06:10:00;M5;15;89;4126,57967;4126,53000;DOWN
2026-07-10 06:30:00;M5;15;89;4126,27893;4127,34000;UP
2026-07-10 06:20:00;M5;15;34;4123,22042;4122,31000;DOWN
2026-07-10 06:35:00;M5;15;89;4125,97702;4122,98000;DOWN
2026-07-10 08:50:00;M5;15;21;4113,87819;4114,15000;UP
2026-07-10 09:05:00;M5;15;34;4116,84032;4117,72000;UP
2026-07-10 09:20:00;M5;15;55;4117,83716;4117,66000;DOWN
2026-07-10 09:35:00;M5;15;34;4115,06747;4115,48000;UP
2026-07-10 09:40:00;M5;15;21;4112,31730;4111,53000;DOWN
2026-07-10 09:50:00;M5;15;21;4111,69974;4113,64000;UP
2026-07-10 09:50:00;M5;15;34;4114,05060;4113,64000;DOWN
2026-07-10 10:15:00;M5;15;34;4113,02103;4114,10000;UP
2026-07-10 10:40:00;M5;15;34;4111,08804;4106,72000;DOWN
2026-07-10 12:20:00;M5;15;21;4100,27934;4102,15000;UP
2026-07-10 12:35:00;M5;15;34;4101,60359;4101,29000;DOWN
2026-07-10 12:50:00;M5;15;34;4100,86799;4104,55000;UP
2026-07-10 13:20:00;M5;15;89;4107,56511;4111,12000;UP
2026-07-10 13:55:00;M5;15;89;4106,29943;4104,62000;DOWN
2026-07-10 14:05:00;M5;15;89;4105,75299;4105,78000;UP
2026-07-10 14:25:00;M5;15;89;4105,17516;4100,20000;DOWN
2026-07-10 14:40:00;M5;15;21;4105,52210;4106,67000;UP
2026-07-10 14:55:00;M5;15;89;4104,12111;4102,26000;DOWN
2026-07-10 15:10:00;M5;15;21;4106,28971;4114,99000;UP
2026-07-10 15:30:00;M5;15;89;4103,40995;4101,98000;DOWN
2026-07-10 15:40:00;M5;15;55;4101,04566;4098,41000;DOWN
2026-07-10 16:05:00;M5;15;21;4104,39749;4105,61000;UP
2026-07-10 16:20:00;M5;15;89;4101,48212;4096,91000;DOWN
2026-07-10 16:45:00;M5;15;21;4099,86953;4101,38000;UP
2026-07-10 16:50:00;M5;15;34;4101,03400;4102,85000;UP
2026-07-10 16:55:00;M5;15;89;4100,20820;4099,82000;DOWN
2026-07-10 17:05:00;M5;15;89;4099,60151;4100,34000;UP
2026-07-10 17:10:00;M5;15;34;4100,26563;4100,00000;DOWN
2026-07-10 17:20:00;M5;15;34;4099,94070;4102,81000;UP
2026-07-10 17:30:00;M5;15;89;4099,09734;4089,90000;DOWN
2026-07-10 17:40:00;M5;15;21;4097,67429;4099,17000;UP
2026-07-10 17:35:00;M5;15;34;4099,69204;4095,66000;DOWN
2026-07-10 17:50:00;M5;15;34;4099,06070;4101,38000;UP
2026-07-10 17:55:00;M5;15;89;4098,11179;4092,80000;DOWN
2026-07-10 18:05:00;M5;15;21;4096,66093;4098,51000;UP
2026-07-10 18:10:00;M5;15;34;4098,41113;4097,47000;DOWN
2026-07-10 18:20:00;M5;15;34;4098,02316;4105,62000;UP
2026-07-10 19:45:00;M5;15;21;4108,91268;4107,60000;DOWN
2026-07-10 19:55:00;M5;15;34;4104,64702;4104,49000;DOWN
2026-07-10 20:55:00;M5;15;55;4103,25266;4100,59000;DOWN
2026-07-10 21:10:00;M5;15;55;4103,41617;4104,69000;UP
2026-07-10 21:20:00;M5;15;55;4103,52976;4102,55000;DOWN
2026-07-10 21:40:00;M5;15;89;4099,62502;4098,94000;DOWN
2026-07-10 21:50:00;M5;15;89;4099,67973;4101,18000;UP
2026-07-10 22:05:00;M5;15;21;4101,18984;4101,34000;UP
2026-07-10 22:45:00;M5;15;34;4103,91023;4104,75000;UP
2026-07-13 01:05:00;M5;15;89;4101,97692;4090,42000;DOWN
2026-07-13 02:35:00;M5;15;21;4075,23599;4077,24000;UP
2026-07-13 02:55:00;M5;15;34;4083,86319;4084,38000;UP
2026-07-13 03:25:00;M5;15;34;4079,71060;4074,64000;DOWN
2026-07-13 03:40:00;M5;15;21;4070,28099;4073,08000;UP
2026-07-13 04:05:00;M5;15;34;4073,42970;4077,39000;UP
2026-07-13 04:30:00;M5;15;55;4080,63582;4084,88000;UP
2026-07-13 04:35:00;M5;15;89;4087,13163;4087,38000;UP
2026-07-13 04:50:00;M5;15;89;4086,00874;4074,07000;DOWN
2026-07-13 05:25:00;M5;15;34;4069,42959;4067,18000;DOWN
2026-07-13 05:35:00;M5;15;21;4072,83744;4075,47000;UP
2026-07-13 05:50:00;M5;15;55;4071,82667;4070,27000;DOWN
2026-07-13 07:20:00;M5;15;21;4055,52525;4056,97000;UP
2026-07-13 07:45:00;M5;15;21;4053,48523;4053,20000;DOWN
2026-07-13 07:50:00;M5;15;21;4052,39186;4054,50000;UP
2026-07-13 08:05:00;M5;15;89;4065,24299;4070,90000;UP
2026-07-13 08:20:00;M5;15;89;4063,69922;4061,08000;DOWN
2026-07-13 08:35:00;M5;15;89;4062,30001;4063,41000;UP
2026-07-13 08:50:00;M5;15;89;4060,90932;4058,14000;DOWN
2026-07-13 09:15:00;M5;15;55;4053,02725;4053,49000;UP
2026-07-13 09:25:00;M5;15;21;4056,15648;4061,11000;UP
2026-07-13 09:45:00;M5;15;89;4057,01399;4056,39000;DOWN
2026-07-13 10:05:00;M5;15;21;4056,91251;4058,33000;UP
2026-07-13 12:15:00;M5;15;21;4073,33629;4072,91000;DOWN
2026-07-13 12:35:00;M5;15;34;4069,82996;4069,46000;DOWN
2026-07-13 12:50:00;M5;15;34;4071,19054;4071,30000;UP
2026-07-13 13:05:00;M5;15;34;4072,14747;4068,99000;DOWN
2026-07-13 13:40:00;M5;15;89;4055,08619;4052,20000;DOWN
2026-07-13 13:50:00;M5;15;89;4055,27218;4058,11000;UP
2026-07-13 14:05:00;M5;15;21;4064,86771;4064,98000;UP
2026-07-13 14:30:00;M5;15;55;4065,14336;4067,68000;UP
2026-07-13 14:20:00;M5;15;21;4062,63623;4059,11000;DOWN
2026-07-13 14:35:00;M5;15;21;4061,48359;4064,01000;UP
2026-07-13 14:35:00;M5;15;55;4065,29331;4064,01000;DOWN
2026-07-13 14:50:00;M5;15;21;4060,01399;4056,52000;DOWN
2026-07-13 15:15:00;M5;15;21;4058,38389;4059,27000;UP
2026-07-13 15:40:00;M5;15;34;4062,56783;4062,79000;UP
2026-07-13 16:00:00;M5;15;55;4064,36655;4062,94000;DOWN
2026-07-13 16:15:00;M5;15;34;4061,07366;4061,01000;DOWN
2026-07-13 16:20:00;M5;15;34;4060,63916;4061,98000;UP
2026-07-13 16:30:00;M5;15;21;4059,95799;4058,35000;DOWN
2026-07-13 16:35:00;M5;15;89;4056,68841;4054,49000;DOWN
2026-07-13 18:20:00;M5;15;21;4012,88524;4016,00000;UP
2026-07-13 19:05:00;M5;15;34;4014,87676;4015,15000;UP
2026-07-13 19:20:00;M5;15;34;4010,91550;4009,45000;DOWN
2026-07-13 19:40:00;M5;15;21;3998,81488;4000,65000;UP
2026-07-13 19:50:00;M5;15;21;3996,60958;3992,23000;DOWN
2026-07-13 20:05:00;M5;15;21;3994,70801;3998,08000;UP
2026-07-13 21:00:00;M5;15;21;3990,97964;3990,73000;DOWN
2026-07-13 21:05:00;M5;15;21;3989,88330;3991,95000;UP
2026-07-13 21:30:00;M5;15;55;3995,32382;3996,92000;UP
2026-07-13 22:50:00;M5;15;89;3999,92881;4000,38000;UP
2026-07-13 23:20:00;M5;15;21;3998,67311;3998,31000;DOWN
2026-07-13 23:40:00;M5;15;21;3999,51333;4000,06000;UP
2026-07-14 01:50:00;M5;15;21;4003,57489;4002,98000;DOWN
2026-07-14 02:15:00;M5;15;34;3999,94503;3999,38000;DOWN
2026-07-14 02:55:00;M5;15;21;4000,76528;4001,05000;UP
2026-07-14 03:15:00;M5;15;55;3989,66773;3987,83000;DOWN
2026-07-14 03:30:00;M5;15;21;3998,33369;4004,90000;UP
2026-07-14 04:00:00;M5;15;34;3999,84919;3998,68000;DOWN
2026-07-14 04:15:00;M5;15;34;3999,73294;4002,89000;UP
2026-07-14 04:05:00;M5;15;21;3998,08357;3995,00000;DOWN
2026-07-14 04:30:00;M5;15;21;3997,99274;3998,46000;UP
2026-07-14 04:20:00;M5;15;34;3999,55467;3997,59000;DOWN
2026-07-14 04:40:00;M5;15;34;3999,52079;4002,02000;UP
2026-07-14 04:35:00;M5;15;21;3998,26838;3997,50000;DOWN
2026-07-14 04:50:00;M5;15;21;3999,77089;4004,07000;UP
2026-07-14 05:50:00;M5;15;21;4012,43334;4010,84000;DOWN
2026-07-14 06:25:00;M5;15;21;4016,23961;4017,95000;UP
2026-07-14 06:35:00;M5;15;21;4017,85783;4015,21000;DOWN
2026-07-14 07:05:00;M5;15;34;4015,21602;4015,11000;DOWN
2026-07-14 07:30:00;M5;15;21;4019,83938;4021,78000;UP
2026-07-14 07:45:00;M5;15;34;4017,85311;4017,84000;DOWN
2026-07-14 07:50:00;M5;15;34;4019,13563;4019,79000;UP
2026-07-14 08:05:00;M5;15;21;4021,16767;4022,75000;UP
2026-07-14 08:20:00;M5;15;34;4021,81318;4020,80000;DOWN
2026-07-14 08:35:00;M5;15;21;4024,02421;4027,93000;UP
2026-07-14 09:15:00;M5;15;21;4028,61069;4028,20000;DOWN
2026-07-14 09:25:00;M5;15;55;4023,40215;4022,91000;DOWN
2026-07-14 09:40:00;M5;15;55;4024,93036;4025,18000;UP
2026-07-14 09:50:00;M5;15;55;4026,23879;4023,39000;DOWN
2026-07-14 10:05:00;M5;15;55;4027,34324;4028,93000;UP
2026-07-14 10:25:00;M5;15;55;4028,27978;4026,32000;DOWN
2026-07-14 11:05:00;M5;15;89;4018,34214;4015,92000;DOWN
2026-07-14 11:20:00;M5;15;89;4019,37090;4019,63000;UP
2026-07-14 11:35:00;M5;15;89;4020,29270;4019,36000;DOWN
2026-07-14 12:05:00;M5;15;21;4018,82283;4021,16000;UP
2026-07-14 12:25:00;M5;15;21;4017,66675;4015,75000;DOWN
2026-07-14 12:40:00;M5;15;21;4016,70406;4017,20000;UP
2026-07-14 12:50:00;M5;15;89;4023,36962;4021,03000;DOWN
2026-07-14 13:30:00;M5;15;21;4016,51135;4016,13000;DOWN
2026-07-14 13:35:00;M5;15;21;4016,79838;4019,00000;UP
2026-07-14 14:05:00;M5;15;34;4018,06919;4016,21000;DOWN
2026-07-14 14:20:00;M5;15;21;4019,81821;4027,95000;UP
2026-07-14 15:05:00;M5;15;89;4026,94738;4025,75000;DOWN
2026-07-14 15:20:00;M5;15;21;4027,63629;4028,74000;UP
2026-07-14 16:50:00;M5;15;21;4085,29119;4076,36000;DOWN
2026-07-14 17:35:00;M5;15;34;4081,18144;4079,59000;DOWN
2026-07-14 18:00:00;M5;15;34;4085,50721;4088,86000;UP
2026-07-14 18:15:00;M5;15;34;4089,65594;4086,97000;DOWN
2026-07-14 18:35:00;M5;15;55;4078,02492;4076,08000;DOWN
2026-07-14 19:00:00;M5;15;89;4065,20623;4063,97000;DOWN
2026-07-14 20:20:00;M5;15;21;4058,93641;4060,84000;UP
2026-07-14 21:35:00;M5;15;21;4053,85146;4053,04000;DOWN
2026-07-14 21:55:00;M5;15;21;4052,90634;4054,11000;UP
2026-07-14 22:25:00;M5;15;21;4051,67674;4051,57000;DOWN
2026-07-14 22:40:00;M5;15;21;4051,21804;4052,56000;UP
2026-07-14 23:35:00;M5;15;21;4050,81541;4050,42000;DOWN
2026-07-14 23:50:00;M5;15;21;4050,72732;4052,25000;UP
2026-07-15 01:15:00;M5;15;21;4050,62450;4050,39000;DOWN
2026-07-15 01:25:00;M5;15;21;4050,54224;4051,64000;UP
2026-07-15 01:45:00;M5;15;21;4050,36948;4049,14000;DOWN
2026-07-15 02:05:00;M5;15;21;4049,35717;4049,55000;UP
2026-07-15 02:25:00;M5;15;55;4051,11253;4053,87000;UP
2026-07-15 04:15:00;M5;15;21;4055,60128;4055,54000;DOWN
2026-07-15 04:30:00;M5;15;34;4053,07224;4050,81000;DOWN
2026-07-15 04:35:00;M5;15;55;4048,84163;4046,29000;DOWN
2026-07-15 05:40:00;M5;15;21;4040,54934;4041,59000;UP
2026-07-15 05:50:00;M5;15;21;4037,58203;4035,11000;DOWN
2026-07-15 06:05:00;M5;15;21;4034,90630;4036,65000;UP
2026-07-15 06:20:00;M5;15;21;4032,30432;4030,97000;DOWN
2026-07-15 06:35:00;M5;15;21;4029,79611;4032,49000;UP
2026-07-15 07:15:00;M5;15;34;4033,03963;4034,03000;UP
2026-07-15 08:10:00;M5;15;34;4027,39735;4026,08000;DOWN
2026-07-15 08:20:00;M5;15;21;4026,74266;4027,35000;UP
2026-07-15 08:35:00;M5;15;55;4029,97525;4031,34000;UP
2026-07-15 09:10:00;M5;15;55;4028,03963;4027,56000;DOWN
2026-07-15 09:30:00;M5;15;21;4027,66289;4028,03000;UP
2026-07-15 09:40:00;M5;15;89;4032,16130;4032,43000;UP
2026-07-15 10:05:00;M5;15;89;4030,29188;4029,38000;DOWN
2026-07-15 10:25:00;M5;15;55;4024,47925;4024,04000;DOWN
2026-07-15 10:45:00;M5;15;55;4023,79270;4024,62000;UP
2026-07-15 10:50:00;M5;15;34;4025,10725;4025,56000;UP
2026-07-15 11:10:00;M5;15;55;4022,37590;4017,90000;DOWN
2026-07-15 11:20:00;M5;15;21;4023,84353;4024,50000;UP
2026-07-15 12:35:00;M5;15;21;4026,55950;4026,29000;DOWN
2026-07-15 12:50:00;M5;15;21;4027,40367;4028,57000;UP
2026-07-15 13:20:00;M5;15;21;4029,79805;4029,31000;DOWN
2026-07-15 13:35:00;M5;15;21;4030,75283;4033,64000;UP
2026-07-15 13:55:00;M5;15;34;4028,17053;4028,08000;DOWN
2026-07-15 14:05:00;M5;15;21;4031,12881;4031,22000;UP
2026-07-15 14:20:00;M5;15;21;4031,15338;4030,04000;DOWN
2026-07-15 14:35:00;M5;15;21;4031,91018;4035,43000;UP
2026-07-15 16:25:00;M5;15;21;4057,79906;4055,88000;DOWN
2026-07-15 17:20:00;M5;15;34;4060,77367;4057,66000;DOWN
2026-07-15 18:05:00;M5;15;55;4056,29341;4054,55000;DOWN
2026-07-15 19:00:00;M5;15;89;4045,40808;4043,34000;DOWN
2026-07-15 20:00:00;M5;15;21;4035,93480;4037,83000;UP
2026-07-15 20:25:00;M5;15;34;4044,08478;4047,52000;UP
2026-07-15 21:50:00;M5;15;21;4064,39450;4063,23000;DOWN
2026-07-15 22:15:00;M5;15;55;4058,34104;4056,72000;DOWN
2026-07-15 22:20:00;M5;15;89;4055,87696;4054,64000;DOWN
2026-07-15 23:00:00;M5;15;89;4057,82600;4058,00000;UP
2026-07-15 23:15:00;M5;15;34;4059,24775;4059,26000;UP
2026-07-15 23:05:00;M5;15;89;4058,60716;4056,90000;DOWN
2026-07-15 23:20:00;M5;15;89;4059,32684;4060,33000;UP
2026-07-15 23:35:00;M5;15;21;4061,62706;4062,91000;UP
2026-07-15 23:55:00;M5;15;89;4060,62321;4059,94000;DOWN
2026-07-16 01:05:00;M5;15;21;4060,44618;4063,36000;UP
2026-07-16 01:30:00;M5;15;89;4061,87508;4060,51000;DOWN
2026-07-16 01:35:00;M5;15;55;4060,93614;4059,85000;DOWN
2026-07-16 02:05:00;M5;15;21;4060,94774;4061,33000;UP
2026-07-16 02:20:00;M5;15;21;4060,65627;4057,18000;DOWN
2026-07-16 03:20:00;M5;15;21;4058,21491;4058,48000;UP
2026-07-16 03:35:00;M5;15;34;4059,99486;4058,35000;DOWN
2026-07-16 05:55:00;M5;15;21;4029,46524;4031,43000;UP
2026-07-16 06:25:00;M5;15;34;4032,08619;4033,92000;UP
2026-07-16 07:45:00;M5;15;55;4034,26858;4034,45000;UP
2026-07-16 08:00:00;M5;15;55;4033,00561;4031,94000;DOWN
2026-07-16 08:05:00;M5;15;21;4031,94648;4031,41000;DOWN
2026-07-16 08:40:00;M5;15;21;4031,47685;4032,29000;UP
2026-07-16 08:50:00;M5;15;55;4028,13908;4026,81000;DOWN
2026-07-16 09:05:00;M5;15;21;4030,25098;4034,83000;UP
2026-07-16 09:30:00;M5;15;34;4027,06237;4026,88000;DOWN
2026-07-16 09:45:00;M5;15;34;4027,14065;4028,24000;UP
2026-07-16 09:50:00;M5;15;21;4028,76583;4030,08000;UP
2026-07-16 10:10:00;M5;15;34;4027,26866;4026,26000;DOWN
2026-07-16 10:45:00;M5;15;21;4026,49126;4030,63000;UP
2026-07-16 10:55:00;M5;15;89;4029,91170;4030,67000;UP
2026-07-16 11:05:00;M5;15;89;4028,85145;4028,36000;DOWN
2026-07-16 11:20:00;M5;15;21;4026,56303;4031,57000;UP
2026-07-16 12:30:00;M5;15;21;4032,51967;4031,71000;DOWN
2026-07-16 12:40:00;M5;15;21;4033,83362;4034,24000;UP
2026-07-16 13:00:00;M5;15;34;4031,07158;4030,97000;DOWN
2026-07-16 13:05:00;M5;15;34;4031,59700;4032,37000;UP
2026-07-16 13:35:00;M5;15;34;4032,46971;4031,77000;DOWN
2026-07-16 14:10:00;M5;15;55;4028,38891;4028,09000;DOWN
2026-07-16 14:30:00;M5;15;55;4028,48711;4029,78000;UP
2026-07-16 14:35:00;M5;15;21;4030,54288;4030,77000;UP
2026-07-16 15:15:00;M5;15;55;4029,58742;4028,77000;DOWN
2026-07-16 15:20:00;M5;15;89;4024,38916;4020,92000;DOWN
2026-07-16 16:50:00;M5;15;21;3993,81251;3994,14000;UP
2026-07-16 17:25:00;M5;15;34;3998,56981;3999,23000;UP
2026-07-16 18:00:00;M5;15;34;3993,40399;3992,91000;DOWN
2026-07-16 18:05:00;M5;15;34;3991,34683;3995,22000;UP
2026-07-16 18:20:00;M5;15;55;4001,21572;4007,69000;UP
2026-07-16 19:00:00;M5;15;89;4005,24031;3999,37000;DOWN
2026-07-16 19:10:00;M5;15;55;3997,42788;3989,89000;DOWN
2026-07-16 19:35:00;M5;15;34;3989,72828;3991,08000;UP
2026-07-16 19:50:00;M5;15;55;3992,66238;3994,59000;UP
2026-07-16 20:05:00;M5;15;55;3990,89484;3987,78000;DOWN
2026-07-16 20:50:00;M5;15;21;3985,99912;3986,47000;UP
2026-07-16 21:05:00;M5;15;34;3985,67979;3987,17000;UP
2026-07-16 21:30:00;M5;15;55;3982,60133;3979,24000;DOWN
2026-07-16 21:40:00;M5;15;21;3981,17740;3983,07000;UP
2026-07-16 22:00:00;M5;15;34;3982,94493;3985,03000;UP
2026-07-16 21:55:00;M5;15;21;3980,32134;3980,29000;DOWN
2026-07-16 22:05:00;M5;15;21;3979,48463;3982,64000;UP
2026-07-16 22:10:00;M5;15;34;3981,78999;3980,50000;DOWN
2026-07-16 22:20:00;M5;15;34;3980,52709;3981,14000;UP
2026-07-16 22:30:00;M5;15;55;3978,20154;3974,98000;DOWN
2026-07-16 22:35:00;M5;15;34;3979,05653;3975,16000;DOWN
2026-07-16 22:50:00;M5;15;21;3976,78445;3981,41000;UP
2026-07-16 23:10:00;M5;15;55;3975,61467;3974,93000;DOWN
2026-07-16 23:25:00;M5;15;55;3974,76489;3974,91000;UP
2026-07-16 23:35:00;M5;15;21;3974,26311;3975,09000;UP
2026-07-16 23:55:00;M5;15;89;3976,23356;3976,41000;UP
2026-07-17 03:30:00;M5;15;21;3982,08699;3981,35000;DOWN
2026-07-17 03:45:00;M5;15;21;3983,35292;3986,39000;UP
2026-07-17 04:45:00;M5;15;34;3985,53535;3984,01000;DOWN
2026-07-17 05:30:00;M5;15;55;3980,39404;3977,58000;DOWN
2026-07-17 06:00:00;M5;15;21;3984,78385;3988,99000;UP
2026-07-17 07:00:00;M5;15;34;3989,65084;3989,50000;DOWN
2026-07-17 07:05:00;M5;15;21;3990,32476;3987,68000;DOWN
2026-07-17 07:20:00;M5;15;55;3987,03943;3986,73000;DOWN
2026-07-17 08:15:00;M5;15;89;3977,68603;3975,97000;DOWN
2026-07-17 08:20:00;M5;15;89;3978,11318;3979,13000;UP
2026-07-17 08:35:00;M5;15;21;3984,18168;3985,73000;UP
2026-07-17 08:55:00;M5;15;55;3987,64869;3984,94000;DOWN
2026-07-17 09:05:00;M5;15;34;3986,29316;3988,67000;UP
2026-07-17 10:05:00;M5;15;21;3996,04027;3994,97000;DOWN
2026-07-17 10:55:00;M5;15;55;3994,00477;3992,67000;DOWN
2026-07-17 11:05:00;M5;15;34;3995,92684;3997,49000;UP
2026-07-17 11:20:00;M5;15;55;3994,97414;3992,41000;DOWN
2026-07-17 11:45:00;M5;15;21;3997,79690;3998,51000;UP
2026-07-17 11:35:00;M5;15;89;3989,59704;3989,05000;DOWN
2026-07-17 11:50:00;M5;15;89;3990,34157;3994,97000;UP
2026-07-17 11:50:00;M5;15;55;3995,61140;3994,97000;DOWN
2026-07-17 12:10:00;M5;15;21;3995,98518;3997,87000;UP
2026-07-17 12:30:00;M5;15;55;3996,40833;3995,59000;DOWN
2026-07-17 12:35:00;M5;15;21;3996,06319;3997,45000;UP
2026-07-17 13:00:00;M5;15;55;3997,21818;3995,99000;DOWN
2026-07-17 13:05:00;M5;15;21;3996,62565;3996,64000;UP
2026-07-17 13:20:00;M5;15;21;3996,82253;3995,28000;DOWN
2026-07-17 13:50:00;M5;15;89;3995,52449;3993,37000;DOWN
2026-07-17 14:25:00;M5;15;21;3995,02857;3995,64000;UP
2026-07-17 14:35:00;M5;15;21;3994,24913;3993,39000;DOWN
2026-07-17 14:50:00;M5;15;21;3993,69579;3998,58000;UP
2026-07-17 15:05:00;M5;15;89;3996,73169;3990,85000;DOWN
2026-07-17 16:35:00;M5;15;21;3971,29687;3993,69000;UP
2026-07-17 16:50:00;M5;15;89;3992,12434;3989,05000;DOWN
2026-07-17 17:05:00;M5;15;89;3991,55576;3996,50000;UP
2026-07-17 19:05:00;M5;15;21;4017,78606;4017,68000;DOWN
2026-07-17 19:20:00;M5;15;21;4021,31766;4023,54000;UP
2026-07-17 19:35:00;M5;15;21;4023,70582;4013,74000;DOWN
2026-07-17 20:10:00;M5;15;34;4016,70552;4013,32000;DOWN
2026-07-17 20:50:00;M5;15;55;4009,54354;4009,31000;DOWN
2026-07-17 21:05:00;M5;15;55;4010,95067;4012,01000;UP
2026-07-17 21:20:00;M5;15;55;4012,34288;4011,96000;DOWN
2026-07-17 22:05:00;M5;15;89;4008,14468;4005,38000;DOWN
2026-07-17 22:40:00;M5;15;21;4007,92722;4009,85000;UP
2026-07-17 22:50:00;M5;15;34;4015,43202;4015,48000;UP
2026-07-17 23:15:00;M5;15;89;4010,40253;4009,23000;DOWN
2026-07-17 23:40:00;M5;15;34;4013,10832;4013,51000;UP
2026-07-20 01:05:00;M5;15;89;4012,66283;3997,67000;DOWN
2026-07-20 02:35:00;M5;15;21;3992,66320;3993,28000;UP
2026-07-20 03:00:00;M5;15;21;3990,72307;3987,19000;DOWN
2026-07-20 03:10:00;M5;15;21;3989,69774;3996,02000;UP
2026-07-20 03:25:00;M5;15;55;4003,34318;4003,84000;UP
2026-07-20 03:35:00;M5;15;55;4002,07745;3999,91000;DOWN
2026-07-20 03:50:00;M5;15;55;4001,25455;4001,80000;UP
2026-07-20 04:15:00;M5;15;89;4008,73182;4004,42000;DOWN
2026-07-20 04:40:00;M5;15;55;4000,15869;3997,00000;DOWN
2026-07-20 05:00:00;M5;15;21;4003,21593;4008,11000;UP
2026-07-20 05:05:00;M5;15;89;4007,75290;4007,38000;DOWN
2026-07-20 05:30:00;M5;15;89;4007,50441;4010,40000;UP
2026-07-20 06:55:00;M5;15;21;4024,26010;4024,02000;DOWN
2026-07-20 07:20:00;M5;15;34;4021,50220;4021,33000;DOWN
2026-07-20 08:05:00;M5;15;55;4015,90802;4015,85000;DOWN
2026-07-20 08:20:00;M5;15;89;4013,67236;4012,00000;DOWN
2026-07-20 09:50:00;M5;15;21;4004,74877;4005,25000;UP
2026-07-20 10:30:00;M5;15;34;4010,88654;4012,91000;UP
2026-07-20 10:35:00;M5;15;55;4015,71120;4016,39000;UP
2026-07-20 11:50:00;M5;15;21;4019,04818;4018,87000;DOWN
2026-07-20 12:25:00;M5;15;55;4017,87534;4016,38000;DOWN
2026-07-20 12:35:00;M5;15;55;4018,04149;4019,97000;UP
2026-07-20 13:50:00;M5;15;21;4023,17049;4024,58000;UP
2026-07-20 14:05:00;M5;15;34;4022,67293;4022,62000;DOWN
2026-07-20 14:30:00;M5;15;21;4023,41212;4036,81000;UP
2026-07-20 15:00:00;M5;15;89;4021,61545;4014,35000;DOWN
2026-07-20 16:20:00;M5;15;21;4011,38989;4011,87000;UP
2026-07-20 16:55:00;M5;15;21;4007,56744;4005,72000;DOWN
2026-07-20 17:25:00;M5;15;21;4003,11585;4006,62000;UP
2026-07-20 17:35:00;M5;15;34;4008,33009;4009,67000;UP
2026-07-20 17:55:00;M5;15;34;4006,68827;4006,17000;DOWN
2026-07-20 18:05:00;M5;15;34;4005,76626;4019,45000;UP
2026-07-20 18:20:00;M5;15;89;4016,09854;4014,91000;DOWN
2026-07-20 19:00:00;M5;15;89;4015,35452;4015,39000;UP
2026-07-20 19:10:00;M5;15;89;4015,10053;4013,68000;DOWN
2026-07-20 19:30:00;M5;15;55;4010,18550;4009,39000;DOWN
2026-07-20 19:35:00;M5;15;55;4009,91327;4011,94000;UP
2026-07-20 19:50:00;M5;15;55;4009,59310;4008,34000;DOWN
2026-07-20 20:05:00;M5;15;55;4009,25475;4011,73000;UP
2026-07-20 20:40:00;M5;15;55;4008,65439;4007,94000;DOWN
2026-07-20 21:05:00;M5;15;34;4009,27461;4009,53000;UP
2026-07-20 21:20:00;M5;15;55;4007,46936;4004,98000;DOWN
2026-07-20 21:45:00;M5;15;21;4007,56255;4007,87000;UP
2026-07-20 22:00:00;M5;15;55;4006,80418;4005,76000;DOWN
2026-07-20 22:05:00;M5;15;21;4006,07810;4006,44000;UP
2026-07-20 22:25:00;M5;15;89;4010,29043;4012,87000;UP
2026-07-20 22:20:00;M5;15;34;4007,93212;4007,88000;DOWN
2026-07-20 22:35:00;M5;15;34;4007,64999;4010,87000;UP
2026-07-20 22:40:00;M5;15;89;4009,78978;4005,75000;DOWN
2026-07-20 22:50:00;M5;15;21;4006,19880;4009,66000;UP
2026-07-20 22:55:00;M5;15;34;4007,36987;4006,86000;DOWN
2026-07-20 23:10:00;M5;15;34;4007,15007;4007,75000;UP
2026-07-20 23:05:00;M5;15;89;4008,84802;4006,56000;DOWN
2026-07-20 23:30:00;M5;15;89;4008,42507;4009,14000;UP
2026-07-20 23:45:00;M5;15;89;4008,04353;4007,99000;DOWN
2026-07-20 23:50:00;M5;15;89;4007,69812;4008,25000;UP
2026-07-21 01:05:00;M5;15;89;4007,36582;4006,17000;DOWN
2026-07-21 01:20:00;M5;15;21;4008,05858;4008,08000;UP
2026-07-21 01:40:00;M5;15;89;4006,77662;4004,14000;DOWN
2026-07-21 02:05:00;M5;15;21;4005,74368;4008,84000;UP
2026-07-21 02:20:00;M5;15;89;4005,62085;4004,79000;DOWN
2026-07-21 02:35:00;M5;15;21;4004,24758;4004,94000;UP
2026-07-21 04:35:00;M5;15;21;4025,58425;4023,75000;DOWN
2026-07-21 04:50:00;M5;15;21;4027,91412;4028,04000;UP
2026-07-21 05:05:00;M5;15;21;4029,31958;4025,88000;DOWN
2026-07-21 05:35:00;M5;15;21;4032,20365;4037,17000;UP
2026-07-21 05:50:00;M5;15;21;4034,33959;4033,35000;DOWN
2026-07-21 06:05:00;M5;15;21;4036,46585;4040,73000;UP
2026-07-21 07:10:00;M5;15;21;4046,81297;4046,06000;DOWN
2026-07-21 07:20:00;M5;15;34;4045,51070;4044,98000;DOWN
2026-07-21 07:55:00;M5;15;34;4049,24687;4049,56000;UP
2026-07-21 08:05:00;M5;15;34;4050,94180;4050,17000;DOWN
2026-07-21 08:25:00;M5;15;21;4053,79252;4054,45000;UP
2026-07-21 10:10:00;M5;15;34;4073,18335;4072,08000;DOWN
2026-07-21 10:25:00;M5;15;55;4069,65713;4069,56000;DOWN
2026-07-21 10:35:00;M5;15;55;4072,13454;4073,00000;UP
2026-07-21 10:50:00;M5;15;55;4074,30552;4070,42000;DOWN
2026-07-21 11:30:00;M5;15;89;4063,49386;4062,67000;DOWN
2026-07-21 12:20:00;M5;15;21;4065,77630;4067,00000;UP
2026-07-21 12:35:00;M5;15;21;4063,89516;4062,44000;DOWN
2026-07-21 12:50:00;M5;15;21;4062,81056;4069,03000;UP
2026-07-21 13:05:00;M5;15;21;4062,36384;4061,60000;DOWN
2026-07-21 13:20:00;M5;15;21;4062,49213;4067,35000;UP
2026-07-21 13:45:00;M5;15;21;4063,06651;4062,94000;DOWN
2026-07-21 13:50:00;M5;15;21;4063,42339;4064,79000;UP
2026-07-21 14:05:00;M5;15;21;4063,10038;4056,22000;DOWN
2026-07-21 15:05:00;M5;15;21;4058,21151;4058,60000;UP
2026-07-21 15:20:00;M5;15;34;4059,63145;4065,05000;UP
2026-07-21 15:35:00;M5;15;34;4058,67115;4055,07000;DOWN
2026-07-21 16:00:00;M5;15;21;4055,69876;4056,84000;UP
2026-07-21 16:05:00;M5;15;34;4056,97641;4057,55000;UP
2026-07-21 16:20:00;M5;15;34;4056,01647;4052,59000;DOWN
2026-07-21 16:35:00;M5;15;21;4052,80973;4052,81000;UP
2026-07-21 17:00:00;M5;15;34;4053,47760;4056,45000;UP
2026-07-21 17:10:00;M5;15;55;4059,93754;4065,84000;UP
2026-07-21 18:10:00;M5;15;89;4072,75092;4073,23000;UP
2026-07-21 18:55:00;M5;15;21;4074,92681;4074,09000;DOWN
2026-07-21 19:10:00;M5;15;21;4077,74632;4078,42000;UP
2026-07-21 19:20:00;M5;15;21;4079,62932;4077,96000;DOWN
2026-07-21 19:40:00;M5;15;89;4073,68347;4072,04000;DOWN
2026-07-21 20:35:00;M5;15;55;4069,78697;4069,35000;DOWN
2026-07-21 21:15:00;M5;15;21;4072,48664;4073,25000;UP
2026-07-21 21:20:00;M5;15;34;4076,84429;4081,22000;UP
2026-07-21 23:05:00;M5;15;21;4085,23613;4085,08000;DOWN
2026-07-21 23:20:00;M5;15;34;4083,68810;4082,91000;DOWN
2026-07-21 23:45:00;M5;15;89;4078,85561;4078,50000;DOWN
2026-07-22 01:15:00;M5;15;89;4080,01941;4080,13000;UP
2026-07-22 01:30:00;M5;15;21;4083,49463;4083,87000;UP
2026-07-22 01:45:00;M5;15;21;4083,05226;4081,19000;DOWN
2026-07-22 01:50:00;M5;15;89;4081,64070;4079,72000;DOWN
2026-07-22 02:15:00;M5;15;21;4082,14806;4082,35000;UP
2026-07-22 02:20:00;M5;15;89;4082,61578;4082,14000;DOWN
2026-07-22 02:35:00;M5;15;21;4081,20726;4081,87000;UP
2026-07-22 02:50:00;M5;15;21;4080,89559;4080,42000;DOWN
2026-07-22 03:05:00;M5;15;21;4081,95478;4088,10000;UP
2026-07-22 05:15:00;M5;15;21;4121,15150;4120,42000;DOWN
2026-07-22 05:30:00;M5;15;21;4125,78504;4130,15000;UP
2026-07-22 05:35:00;M5;15;21;4129,68656;4124,56000;DOWN
2026-07-22 06:00:00;M5;15;21;4133,01557;4133,35000;UP
2026-07-22 06:20:00;M5;15;21;4139,50190;4138,90000;DOWN
2026-07-22 06:35:00;M5;15;34;4134,19579;4133,59000;DOWN
2026-07-22 07:10:00;M5;15;55;4127,51454;4126,90000;DOWN
2026-07-22 08:15:00;M5;15;89;4124,20029;4124,02000;DOWN
2026-07-22 08:30:00;M5;15;89;4125,94339;4127,51000;UP
2026-07-22 08:35:00;M5;15;21;4129,88761;4132,51000;UP
2026-07-22 09:05:00;M5;15;89;4130,79926;4130,75000;DOWN
2026-07-22 09:20:00;M5;15;21;4127,42676;4125,18000;DOWN
2026-07-22 10:25:00;M5;15;21;4118,92508;4119,67000;UP
2026-07-22 10:35:00;M5;15;21;4116,84792;4114,95000;DOWN
2026-07-22 11:00:00;M5;15;21;4114,56304;4114,96000;UP
2026-07-22 11:30:00;M5;15;34;4117,48418;4117,86000;UP
2026-07-22 11:40:00;M5;15;34;4115,88652;4114,44000;DOWN
2026-07-22 11:50:00;M5;15;34;4114,78023;4117,52000;UP
2026-07-22 12:35:00;M5;15;21;4115,08529;4114,55000;DOWN
2026-07-22 13:00:00;M5;15;21;4115,63456;4116,28000;UP
2026-07-22 13:05:00;M5;15;21;4116,13749;4116,11000;DOWN
2026-07-22 13:20:00;M5;15;21;4116,84427;4121,40000;UP
2026-07-22 13:35:00;M5;15;55;4119,99154;4117,04000;DOWN
2026-07-22 13:50:00;M5;15;21;4117,75407;4118,16000;UP
2026-07-22 14:05:00;M5;15;55;4118,37758;4118,70000;UP
2026-07-22 14:40:00;M5;15;55;4117,17795;4115,10000;DOWN
2026-07-22 14:50:00;M5;15;21;4118,48231;4119,68000;UP
2026-07-22 15:25:00;M5;15;89;4129,80393;4132,61000;UP
2026-07-22 15:35:00;M5;15;89;4129,46419;4127,11000;DOWN
2026-07-22 15:55:00;M5;15;55;4117,85799;4112,89000;DOWN
2026-07-22 16:10:00;M5;15;21;4125,12390;4125,73000;UP
2026-07-22 17:45:00;M5;15;21;4149,67125;4148,21000;DOWN
2026-07-22 18:00:00;M5;15;21;4152,66629;4154,67000;UP
2026-07-22 18:05:00;M5;15;21;4155,73657;4154,83000;DOWN
2026-07-22 18:20:00;M5;15;21;4158,77997;4159,79000;UP
2026-07-22 18:35:00;M5;15;21;4161,51350;4157,31000;DOWN
2026-07-22 19:05:00;M5;15;34;4159,13117;4156,74000;DOWN
2026-07-22 19:25:00;M5;15;55;4149,95328;4149,14000;DOWN
2026-07-22 20:05:00;M5;15;89;4145,16885;4144,30000;DOWN
2026-07-22 21:45:00;M5;15;21;4137,32674;4137,50000;UP
2026-07-22 22:00:00;M5;15;21;4135,24826;4134,93000;DOWN
2026-07-22 22:05:00;M5;15;21;4133,58551;4135,56000;UP
2026-07-22 22:50:00;M5;15;21;4130,52251;4130,51000;DOWN
2026-07-22 23:05:00;M5;15;21;4130,14907;4133,43000;UP
2026-07-22 23:40:00;M5;15;34;4131,84187;4130,86000;DOWN
2026-07-23 01:25:00;M5;15;21;4128,37719;4128,75000;UP
2026-07-23 01:35:00;M5;15;34;4126,62632;4125,55000;DOWN
2026-07-23 02:10:00;M5;15;21;4123,52264;4123,90000;UP
2026-07-23 02:20:00;M5;15;34;4122,63816;4120,63000;DOWN
2026-07-23 02:35:00;M5;15;21;4120,75009;4121,54000;UP
2026-07-23 04:15:00;M5;15;89;4135,82782;4135,90000;UP
2026-07-23 04:30:00;M5;15;89;4135,22391;4133,18000;DOWN
2026-07-23 04:35:00;M5;15;55;4123,65174;4123,05000;DOWN
2026-07-23 05:40:00;M5;15;55;4121,43916;4122,14000;UP
2026-07-23 05:50:00;M5;15;21;4122,08240;4125,29000;UP
2026-07-23 06:15:00;M5;15;89;4128,31766;4131,07000;UP
2026-07-23 06:45:00;M5;15;89;4126,70787;4125,48000;DOWN
2026-07-23 06:55:00;M5;15;34;4124,82548;4124,64000;DOWN
2026-07-23 07:05:00;M5;15;21;4125,10709;4125,29000;UP
2026-07-23 07:40:00;M5;15;89;4124,61814;4123,12000;DOWN
2026-07-23 08:05:00;M5;15;55;4122,57916;4124,20000;UP
2026-07-23 08:30:00;M5;15;21;4125,80277;4127,50000;UP
2026-07-23 08:20:00;M5;15;89;4123,36850;4121,43000;DOWN
2026-07-23 08:35:00;M5;15;55;4122,99966;4126,27000;UP
2026-07-23 08:55:00;M5;15;34;4124,86447;4124,02000;DOWN
2026-07-23 09:15:00;M5;15;21;4124,95598;4126,83000;UP
2026-07-23 09:05:00;M5;15;89;4122,46728;4122,44000;DOWN
2026-07-23 09:20:00;M5;15;55;4123,32660;4124,85000;UP
2026-07-23 09:20:00;M5;15;34;4124,86711;4124,85000;DOWN
2026-07-23 09:35:00;M5;15;89;4121,86155;4120,84000;DOWN
2026-07-23 11:35:00;M5;15;21;4091,72998;4091,95000;UP
2026-07-23 12:00:00;M5;15;34;4098,80227;4099,09000;UP
2026-07-23 12:10:00;M5;15;34;4095,89293;4094,90000;DOWN
2026-07-23 12:20:00;M5;15;34;4093,25814;4093,37000;UP
2026-07-23 13:45:00;M5;15;55;4092,15425;4093,46000;UP
2026-07-23 14:05:00;M5;15;55;4088,72769;4088,58000;DOWN
2026-07-23 14:30:00;M5;15;34;4082,23694;4080,80000;DOWN
2026-07-23 14:45:00;M5;15;34;4081,47260;4081,75000;UP
2026-07-23 14:55:00;M5;15;21;4084,59755;4085,59000;UP
2026-07-23 15:10:00;M5;15;55;4082,01748;4081,39000;DOWN
2026-07-23 16:30:00;M5;15;21;4061,50702;4063,35000;UP
2026-07-23 16:40:00;M5;15;21;4056,35241;4056,19000;DOWN
2026-07-23 16:50:00;M5;15;21;4051,10366;4056,11000;UP
2026-07-23 17:05:00;M5;15;21;4046,84200;4045,53000;DOWN
2026-07-23 17:20:00;M5;15;21;4044,17223;4052,13000;UP
2026-07-23 17:35:00;M5;15;55;4055,74646;4059,07000;UP
2026-07-23 18:10:00;M5;15;55;4051,79151;4051,38000;DOWN
2026-07-23 18:20:00;M5;15;55;4049,89228;4050,07000;UP
2026-07-23 18:40:00;M5;15;55;4048,07217;4048,02000;DOWN
2026-07-23 18:50:00;M5;15;55;4046,32996;4050,22000;UP
2026-07-23 19:35:00;M5;15;89;4049,30749;4050,29000;UP
2026-07-23 20:10:00;M5;15;21;4047,82936;4047,20000;DOWN
2026-07-23 20:20:00;M5;15;21;4047,63221;4048,59000;UP
2026-07-23 20:35:00;M5;15;21;4046,91387;4044,24000;DOWN
2026-07-23 20:55:00;M5;15;34;4042,20297;4041,78000;DOWN
2026-07-23 21:05:00;M5;15;34;4041,90408;4043,24000;UP
2026-07-23 21:25:00;M5;15;21;4043,46823;4044,46000;UP
2026-07-23 23:50:00;M5;15;21;4049,27571;4048,17000;DOWN
2026-07-24 02:05:00;M5;15;34;4048,81557;4048,29000;DOWN
2026-07-24 02:30:00;M5;15;21;4050,43513;4050,49000;UP
2026-07-24 02:35:00;M5;15;34;4049,47315;4048,39000;DOWN
2026-07-24 03:10:00;M5;15;55;4044,58025;4041,56000;DOWN
2026-07-24 03:20:00;M5;15;55;4044,86102;4046,08000;UP
2026-07-24 03:35:00;M5;15;21;4046,68907;4048,51000;UP
2026-07-24 04:00:00;M5;15;55;4045,56027;4043,90000;DOWN
2026-07-24 04:40:00;M5;15;21;4045,35055;4049,96000;UP
2026-07-24 04:50:00;M5;15;55;4046,22615;4045,99000;DOWN
2026-07-24 05:10:00;M5;15;21;4044,90105;4045,67000;UP
2026-07-24 05:20:00;M5;15;34;4045,94873;4046,35000;UP
2026-07-24 05:30:00;M5;15;21;4045,00487;4044,21000;DOWN
2026-07-24 05:45:00;M5;15;89;4037,01942;4026,38000;DOWN
2026-07-24 07:05:00;M5;15;21;4028,51144;4029,27000;UP
2026-07-24 08:00:00;M5;15;34;4028,66968;4028,67000;UP
2026-07-24 08:15:00;M5;15;34;4027,22696;4024,40000;DOWN
2026-07-24 08:20:00;M5;15;34;4025,92206;4027,41000;UP
2026-07-24 08:55:00;M5;15;34;4023,47481;4023,04000;DOWN
2026-07-24 09:05:00;M5;15;34;4022,78795;4027,21000;UP
2026-07-24 11:05:00;M5;15;21;4047,85701;4047,47000;DOWN
2026-07-24 11:25:00;M5;15;21;4050,71498;4052,48000;UP
2026-07-24 11:35:00;M5;15;21;4053,34967;4052,63000;DOWN
2026-07-24 11:50:00;M5;15;21;4055,92662;4056,28000;UP
2026-07-24 12:05:00;M5;15;21;4057,88509;4057,48000;DOWN
2026-07-24 13:10:00;M5;15;34;4058,51730;4058,11000;DOWN
2026-07-24 13:25:00;M5;15;21;4061,57608;4061,97000;UP
2026-07-24 13:35:00;M5;15;34;4061,90773;4060,03000;DOWN
2026-07-24 14:35:00;M5;15;55;4058,43914;4057,14000;DOWN
2026-07-24 16:05:00;M5;15;89;4052,51800;4046,50000;DOWN
2026-07-24 16:35:00;M5;15;21;4052,18574;4056,10000;UP
2026-07-24 16:55:00;M5;15;55;4062,92953;4067,58000;UP
2026-07-24 17:05:00;M5;15;55;4062,85579;4062,40000;DOWN
2026-07-24 17:20:00;M5;15;55;4063,00076;4064,71000;UP
2026-07-24 17:35:00;M5;15;55;4063,17298;4060,56000;DOWN
2026-07-24 18:00:00;M5;15;55;4063,44144;4063,87000;UP
2026-07-24 18:05:00;M5;15;55;4064,05347;4063,25000;DOWN
2026-07-24 18:20:00;M5;15;55;4064,90310;4073,92000;UP
2026-07-24 19:10:00;M5;15;21;4075,61962;4074,86000;DOWN
2026-07-24 19:45:00;M5;15;89;4067,21818;4065,26000;DOWN
