datetime;fast_tf;slow_tf;period;hma_value;fast_close;direction
2026-04-20 03:55:00;M1;6;21;4763,50959;4762,62000;DOWN
2026-04-20 04:01:00;M1;6;21;4768,14681;4780,02000;UP
2026-04-20 04:37:00;M1;6;21;4805,14359;4804,70000;DOWN
2026-04-20 04:46:00;M1;6;21;4810,74230;4811,43000;UP
2026-04-20 04:49:00;M1;6;21;4815,46074;4810,38000;DOWN
2026-04-20 05:01:00;M1;6;34;4809,17581;4807,70000;DOWN
2026-04-20 06:02:00;M1;6;21;4795,60173;4796,25000;UP
2026-04-20 06:09:00;M1;6;21;4794,05665;4793,70000;DOWN
2026-04-20 06:19:00;M1;6;21;4791,54986;4791,80000;UP
2026-04-20 06:50:00;M1;6;34;4793,23716;4793,86000;UP
2026-04-20 06:55:00;M1;6;34;4792,19051;4791,53000;DOWN
2026-04-20 07:01:00;M1;6;21;4791,19206;4791,81000;UP
2026-04-20 07:21:00;M1;6;21;4792,36024;4792,34000;DOWN
2026-04-20 07:25:00;M1;6;21;4792,75315;4793,94000;UP
2026-04-20 07:32:00;M1;6;34;4790,70540;4789,62000;DOWN
2026-04-20 07:39:00;M1;6;34;4790,58982;4790,62000;UP
2026-04-20 07:47:00;M1;6;21;4791,97508;4792,29000;UP
2026-04-20 07:43:00;M1;6;34;4790,54949;4790,16000;DOWN
2026-04-20 07:49:00;M1;6;34;4790,47029;4793,01000;UP
2026-04-20 07:51:00;M1;6;21;4791,57867;4788,74000;DOWN
2026-04-20 07:55:00;M1;6;34;4790,28953;4789,56000;DOWN
2026-04-20 08:17:00;M1;6;21;4788,17901;4788,61000;UP
2026-04-20 08:20:00;M1;6;21;4787,41906;4787,30000;DOWN
2026-04-20 08:25:00;M1;6;21;4786,90092;4787,21000;UP
2026-04-20 08:42:00;M1;6;55;4788,82216;4784,44000;DOWN
2026-04-20 08:54:00;M1;6;21;4786,92128;4790,61000;UP
2026-04-20 09:00:00;M1;6;55;4787,43197;4787,41000;DOWN
2026-04-20 09:01:00;M1;6;55;4787,18311;4788,59000;UP
2026-04-20 09:16:00;M1;6;21;4788,99843;4788,19000;DOWN
2026-04-20 09:20:00;M1;6;55;4786,83986;4786,16000;DOWN
2026-04-20 09:30:00;M1;6;21;4788,83598;4791,48000;UP
2026-04-20 09:34:00;M1;6;34;4787,53764;4787,25000;DOWN
2026-04-20 09:39:00;M1;6;21;4788,17986;4790,40000;UP
2026-04-20 09:47:00;M1;6;34;4787,41062;4786,42000;DOWN
2026-04-20 09:53:00;M1;6;21;4787,74145;4787,85000;UP
2026-04-20 09:50:00;M1;6;55;4786,25695;4785,89000;DOWN
2026-04-20 09:55:00;M1;6;55;4786,39799;4788,92000;UP
2026-04-20 10:30:00;M1;6;34;4793,88426;4793,74000;DOWN
2026-04-20 10:38:00;M1;6;34;4795,90122;4796,00000;UP
2026-04-20 10:45:00;M1;6;34;4796,43783;4794,87000;DOWN
2026-04-20 10:50:00;M1;6;89;4791,79994;4790,94000;DOWN
2026-04-20 11:25:00;M1;6;21;4788,75827;4789,32000;UP
2026-04-20 11:31:00;M1;6;89;4791,17672;4790,04000;DOWN
2026-04-20 11:41:00;M1;6;89;4791,03256;4791,16000;UP
2026-04-20 11:44:00;M1;6;34;4791,60492;4792,36000;UP
2026-04-20 12:15:00;M1;6;55;4793,80305;4793,48000;DOWN
2026-04-20 12:19:00;M1;6;55;4794,04465;4794,37000;UP
2026-04-20 12:30:00;M1;6;89;4792,09524;4789,77000;DOWN
2026-04-20 12:46:00;M1;6;21;4793,25728;4793,53000;UP
2026-04-20 12:54:00;M1;6;89;4792,52140;4792,04000;DOWN
2026-04-20 12:58:00;M1;6;21;4792,81529;4793,23000;UP
2026-04-20 13:02:00;M1;6;55;4793,16445;4793,30000;UP
2026-04-20 13:01:00;M1;6;89;4792,70675;4792,03000;DOWN
2026-04-20 13:07:00;M1;6;21;4792,77072;4796,89000;UP
2026-04-20 13:34:00;M1;6;21;4797,39817;4797,03000;DOWN
2026-04-20 13:37:00;M1;6;34;4796,36184;4796,36000;DOWN
2026-04-20 13:44:00;M1;6;55;4795,46502;4795,02000;DOWN
2026-04-20 13:49:00;M1;6;55;4795,77262;4796,36000;UP
2026-04-20 13:51:00;M1;6;89;4794,93711;4794,52000;DOWN
2026-04-20 13:55:00;M1;6;89;4795,17605;4795,77000;UP
2026-04-20 13:55:00;M1;6;55;4796,01653;4795,77000;DOWN
2026-04-20 14:01:00;M1;6;89;4795,31700;4792,22000;DOWN
2026-04-20 14:33:00;M1;6;21;4789,23435;4790,22000;UP
2026-04-20 14:41:00;M1;6;34;4792,21163;4792,42000;UP
2026-04-20 14:44:00;M1;6;55;4793,60028;4794,39000;UP
2026-04-20 15:27:00;M1;6;34;4805,33805;4803,97000;DOWN
2026-04-20 15:31:00;M1;6;34;4806,87681;4807,10000;UP
2026-04-20 15:37:00;M1;6;55;4803,62722;4801,31000;DOWN
2026-04-20 15:43:00;M1;6;55;4804,52562;4806,80000;UP
2026-04-20 15:52:00;M1;6;55;4805,20355;4801,84000;DOWN
2026-04-20 15:57:00;M1;6;89;4802,38859;4801,96000;DOWN
2026-04-20 16:06:00;M1;6;21;4808,14596;4808,59000;UP
2026-04-20 16:08:00;M1;6;34;4810,41423;4811,96000;UP
2026-04-20 16:38:00;M1;6;21;4817,96597;4817,88000;DOWN
2026-04-20 16:43:00;M1;6;21;4820,58944;4821,99000;UP
2026-04-20 16:51:00;M1;6;34;4819,28710;4818,01000;DOWN
2026-04-20 16:55:00;M1;6;34;4820,16651;4822,31000;UP
2026-04-20 17:00:00;M1;6;55;4817,70415;4814,86000;DOWN
2026-04-20 17:01:00;M1;6;34;4820,77739;4813,51000;DOWN
2026-04-20 17:08:00;M1;6;89;4813,41535;4812,86000;DOWN
2026-04-20 17:14:00;M1;6;89;4814,25876;4816,22000;UP
2026-04-20 17:21:00;M1;6;21;4820,36228;4820,80000;UP
2026-04-20 17:35:00;M1;6;89;4816,79071;4815,49000;DOWN
2026-04-20 18:22:00;M1;6;21;4799,67539;4800,84000;UP
2026-04-20 18:25:00;M1;6;34;4805,75440;4806,71000;UP
2026-04-20 18:34:00;M1;6;34;4804,34272;4804,33000;DOWN
2026-04-20 18:40:00;M1;6;34;4803,14761;4803,76000;UP
2026-04-20 18:43:00;M1;6;34;4801,97700;4801,29000;DOWN
2026-04-20 18:49:00;M1;6;21;4798,10511;4799,94000;UP
2026-04-20 18:57:00;M1;6;34;4799,24363;4799,86000;UP
2026-04-20 19:01:00;M1;6;34;4797,88823;4797,66000;DOWN
2026-04-20 19:09:00;M1;6;21;4797,14345;4797,74000;UP
2026-04-20 19:17:00;M1;6;34;4795,72369;4795,30000;DOWN
2026-04-20 19:19:00;M1;6;21;4796,35264;4796,81000;UP
2026-04-20 19:27:00;M1;6;55;4800,50274;4801,66000;UP
2026-04-20 19:35:00;M1;6;55;4799,41148;4799,18000;DOWN
2026-04-20 19:37:00;M1;6;55;4798,54493;4799,35000;UP
2026-04-20 20:00:00;M1;6;89;4806,58712;4806,87000;UP
2026-04-20 20:01:00;M1;6;89;4806,14455;4804,89000;DOWN
2026-04-20 20:07:00;M1;6;89;4805,81836;4808,86000;UP
2026-04-20 20:20:00;M1;6;21;4808,89367;4807,60000;DOWN
2026-04-20 20:30:00;M1;6;21;4810,32900;4810,57000;UP
2026-04-20 20:34:00;M1;6;89;4805,21629;4805,20000;DOWN
2026-04-20 20:37:00;M1;6;34;4807,44895;4808,49000;UP
2026-04-20 20:47:00;M1;6;34;4808,47738;4808,25000;DOWN
2026-04-20 21:03:00;M1;6;21;4811,03232;4811,87000;UP
2026-04-20 21:25:00;M1;6;34;4813,43408;4813,14000;DOWN
2026-04-20 21:33:00;M1;6;34;4813,97506;4814,54000;UP
2026-04-20 21:31:00;M1;6;21;4813,65845;4813,19000;DOWN
2026-04-20 21:41:00;M1;6;21;4814,26807;4814,58000;UP
2026-04-20 21:37:00;M1;6;34;4814,46478;4812,00000;DOWN
2026-04-20 21:46:00;M1;6;34;4814,93202;4815,42000;UP
2026-04-20 21:43:00;M1;6;21;4814,94015;4814,63000;DOWN
2026-04-20 21:51:00;M1;6;21;4815,57405;4816,36000;UP
2026-04-20 21:49:00;M1;6;34;4815,37935;4814,96000;DOWN
2026-04-20 21:55:00;M1;6;34;4815,71856;4815,74000;UP
2026-04-20 21:55:00;M1;6;21;4815,94034;4815,74000;DOWN
2026-04-20 22:01:00;M1;6;21;4816,54762;4818,63000;UP
2026-04-20 22:16:00;M1;6;21;4818,18316;4818,08000;DOWN
2026-04-20 22:22:00;M1;6;21;4818,92073;4818,97000;UP
2026-04-20 22:20:00;M1;6;34;4818,23216;4817,41000;DOWN
2026-04-20 22:26:00;M1;6;55;4817,40649;4817,22000;DOWN
2026-04-20 22:36:00;M1;6;89;4811,63983;4811,21000;DOWN
2026-04-20 22:46:00;M1;6;89;4812,69662;4812,93000;UP
2026-04-20 22:49:00;M1;6;89;4813,11851;4812,52000;DOWN
2026-04-20 23:00:00;M1;6;21;4814,32339;4815,82000;UP
2026-04-20 23:11:00;M1;6;89;4814,22101;4813,85000;DOWN
2026-04-20 23:15:00;M1;6;21;4813,06439;4812,89000;DOWN
2026-04-20 23:19:00;M1;6;21;4812,95436;4813,17000;UP
2026-04-20 23:33:00;M1;6;89;4815,47028;4815,45000;DOWN
2026-04-20 23:37:00;M1;6;34;4814,75644;4815,09000;UP
2026-04-20 23:43:00;M1;6;89;4816,07049;4816,83000;UP
2026-04-20 23:50:00;M1;6;55;4817,48946;4818,61000;UP
2026-04-21 01:27:00;M1;6;21;4830,14950;4828,97000;DOWN
2026-04-21 01:49:00;M1;6;34;4830,03670;4829,59000;DOWN
2026-04-21 01:55:00;M1;6;55;4826,80290;4826,53000;DOWN
2026-04-21 02:01:00;M1;6;55;4827,51287;4828,43000;UP
2026-04-21 02:08:00;M1;6;89;4825,95572;4824,26000;DOWN
2026-04-21 02:44:00;M1;6;21;4823,81119;4824,09000;UP
2026-04-21 02:49:00;M1;6;21;4822,76271;4821,16000;DOWN
2026-04-21 03:00:00;M1;6;21;4821,89840;4824,31000;UP
2026-04-21 03:05:00;M1;6;34;4825,61202;4826,45000;UP
2026-04-21 03:10:00;M1;6;89;4828,55753;4828,79000;UP
2026-04-21 03:07:00;M1;6;34;4825,14955;4825,09000;DOWN
2026-04-21 03:13:00;M1;6;34;4824,95565;4830,05000;UP
2026-04-21 03:14:00;M1;6;89;4828,69893;4828,56000;DOWN
2026-04-21 03:19:00;M1;6;55;4828,77293;4828,00000;DOWN
2026-04-21 03:25:00;M1;6;34;4824,70888;4821,35000;DOWN
2026-04-21 03:41:00;M1;6;21;4823,44293;4823,87000;UP
2026-04-21 03:43:00;M1;6;34;4823,07144;4822,79000;DOWN
2026-04-21 03:49:00;M1;6;21;4823,01614;4825,20000;UP
2026-04-21 04:00:00;M1;6;34;4822,61177;4821,86000;DOWN
2026-04-21 04:28:00;M1;6;21;4817,03901;4817,28000;UP
2026-04-21 04:38:00;M1;6;21;4815,47507;4814,71000;DOWN
2026-04-21 04:50:00;M1;6;21;4812,41567;4812,44000;UP
2026-04-21 04:55:00;M1;6;21;4810,88947;4808,12000;DOWN
2026-04-21 05:07:00;M1;6;21;4808,28091;4808,36000;UP
2026-04-21 05:13:00;M1;6;21;4807,20248;4807,11000;DOWN
2026-04-21 05:19:00;M1;6;21;4806,16998;4807,06000;UP
2026-04-21 05:27:00;M1;6;34;4807,40819;4807,78000;UP
2026-04-21 05:30:00;M1;6;21;4805,39126;4804,03000;DOWN
2026-04-21 05:32:00;M1;6;21;4804,63281;4804,84000;UP
2026-04-21 05:31:00;M1;6;34;4806,33236;4803,57000;DOWN
2026-04-21 05:39:00;M1;6;34;4805,37500;4806,10000;UP
2026-04-21 05:38:00;M1;6;21;4804,11014;4804,06000;DOWN
2026-04-21 05:43:00;M1;6;21;4803,66276;4806,66000;UP
2026-04-21 05:47:00;M1;6;34;4804,49231;4804,37000;DOWN
2026-04-21 05:49:00;M1;6;34;4803,76576;4803,88000;UP
2026-04-21 05:55:00;M1;6;55;4805,92952;4807,59000;UP
2026-04-21 06:05:00;M1;6;55;4805,05358;4804,77000;DOWN
2026-04-21 06:07:00;M1;6;55;4804,19283;4805,04000;UP
2026-04-21 06:12:00;M1;6;34;4802,35812;4801,00000;DOWN
2026-04-21 06:13:00;M1;6;55;4803,32826;4801,60000;DOWN
2026-04-21 06:31:00;M1;6;21;4799,05952;4799,35000;UP
2026-04-21 06:37:00;M1;6;34;4798,16710;4796,82000;DOWN
2026-04-21 06:49:00;M1;6;21;4794,89949;4795,41000;UP
2026-04-21 06:55:00;M1;6;55;4796,20311;4796,27000;UP
2026-04-21 07:08:00;M1;6;55;4794,63983;4794,29000;DOWN
2026-04-21 07:13:00;M1;6;34;4793,87527;4794,41000;UP
2026-04-21 07:19:00;M1;6;55;4793,31492;4793,01000;DOWN
2026-04-21 07:25:00;M1;6;21;4792,85166;4793,76000;UP
2026-04-21 07:31:00;M1;6;55;4792,02667;4790,56000;DOWN
2026-04-21 07:37:00;M1;6;21;4792,14700;4792,61000;UP
2026-04-21 07:48:00;M1;6;55;4790,86674;4789,56000;DOWN
2026-04-21 07:57:00;M1;6;21;4790,51604;4791,52000;UP
2026-04-21 08:05:00;M1;6;89;4791,75457;4792,33000;UP
2026-04-21 08:01:00;M1;6;55;4789,11803;4786,54000;DOWN
2026-04-21 08:07:00;M1;6;21;4789,57882;4790,44000;UP
2026-04-21 08:07:00;M1;6;89;4790,91378;4790,44000;DOWN
2026-04-21 08:17:00;M1;6;89;4790,12906;4791,22000;UP
2026-04-21 08:13:00;M1;6;34;4789,06356;4788,90000;DOWN
2026-04-21 08:19:00;M1;6;21;4788,90398;4788,98000;UP
2026-04-21 08:19:00;M1;6;89;4789,34466;4788,98000;DOWN
2026-04-21 08:25:00;M1;6;55;4787,14843;4789,94000;UP
2026-04-21 08:27:00;M1;6;34;4788,23959;4787,33000;DOWN
2026-04-21 08:31:00;M1;6;21;4788,35481;4790,21000;UP
2026-04-21 08:52:00;M1;6;89;4786,47303;4785,91000;DOWN
2026-04-21 09:09:00;M1;6;21;4787,33015;4787,48000;UP
2026-04-21 09:13:00;M1;6;89;4784,41981;4784,32000;DOWN
2026-04-21 09:44:00;M1;6;21;4778,75217;4780,37000;UP
2026-04-21 09:49:00;M1;6;89;4780,58596;4777,67000;DOWN
2026-04-21 09:55:00;M1;6;21;4776,73106;4778,53000;UP
2026-04-21 10:06:00;M1;6;34;4778,51873;4779,14000;UP
2026-04-21 10:02:00;M1;6;21;4776,10724;4774,36000;DOWN
2026-04-21 10:07:00;M1;6;21;4776,29864;4778,33000;UP
2026-04-21 10:40:00;M1;6;21;4781,79815;4781,62000;DOWN
2026-04-21 10:43:00;M1;6;21;4783,22582;4785,98000;UP
2026-04-21 10:57:00;M1;6;21;4786,27919;4786,03000;DOWN
2026-04-21 11:06:00;M1;6;34;4782,52144;4780,37000;DOWN
2026-04-21 11:11:00;M1;6;89;4777,25826;4775,89000;DOWN
2026-04-21 11:18:00;M1;6;55;4779,80036;4780,85000;UP
2026-04-21 11:20:00;M1;6;21;4784,62009;4785,84000;UP
2026-04-21 11:32:00;M1;6;21;4785,19299;4784,90000;DOWN
2026-04-21 11:37:00;M1;6;21;4786,00190;4787,92000;UP
2026-04-21 11:53:00;M1;6;34;4786,84058;4786,70000;DOWN
2026-04-21 11:56:00;M1;6;34;4787,32031;4787,48000;UP
2026-04-21 12:01:00;M1;6;55;4783,79825;4783,78000;DOWN
2026-04-21 12:07:00;M1;6;55;4784,32917;4785,19000;UP
2026-04-21 12:14:00;M1;6;55;4784,79335;4784,23000;DOWN
2026-04-21 12:19:00;M1;6;55;4785,19865;4787,01000;UP
2026-04-21 12:25:00;M1;6;55;4785,44814;4784,65000;DOWN
2026-04-21 12:42:00;M1;6;21;4785,12008;4785,64000;UP
2026-04-21 12:43:00;M1;6;34;4786,42401;4786,75000;UP
2026-04-21 12:48:00;M1;6;21;4784,58527;4784,05000;DOWN
2026-04-21 12:49:00;M1;6;21;4784,59255;4785,15000;UP
2026-04-21 12:49:00;M1;6;55;4785,98740;4785,15000;DOWN
2026-04-21 12:55:00;M1;6;34;4786,15477;4787,84000;UP
2026-04-21 12:59:00;M1;6;21;4784,51101;4783,65000;DOWN
2026-04-21 13:01:00;M1;6;21;4784,43747;4785,19000;UP
2026-04-21 13:01:00;M1;6;55;4786,05539;4785,19000;DOWN
2026-04-21 13:10:00;M1;6;21;4784,38058;4784,38000;DOWN
2026-04-21 13:18:00;M1;6;89;4781,96541;4781,38000;DOWN
2026-04-21 13:22:00;M1;6;21;4783,76300;4784,33000;UP
2026-04-21 13:25:00;M1;6;21;4783,50249;4782,58000;DOWN
2026-04-21 13:31:00;M1;6;21;4783,48211;4785,35000;UP
2026-04-21 13:37:00;M1;6;55;4785,42726;4787,32000;UP
2026-04-21 14:03:00;M1;6;21;4787,46841;4786,92000;DOWN
2026-04-21 14:07:00;M1;6;21;4787,56142;4787,67000;UP
2026-04-21 14:09:00;M1;6;89;4784,17626;4780,07000;DOWN
2026-04-21 14:13:00;M1;6;21;4787,06667;4780,34000;DOWN
2026-04-21 14:30:00;M1;6;21;4785,39841;4786,98000;UP
2026-04-21 15:05:00;M1;6;21;4792,62670;4792,12000;DOWN
2026-04-21 15:07:00;M1;6;21;4793,67703;4793,74000;UP
2026-04-21 15:18:00;M1;6;89;4787,55911;4786,97000;DOWN
2026-04-21 15:36:00;M1;6;89;4788,20243;4789,56000;UP
2026-04-21 15:37:00;M1;6;89;4788,19610;4787,68000;DOWN
2026-04-21 15:55:00;M1;6;21;4781,29153;4781,32000;UP
2026-04-21 16:05:00;M1;6;21;4779,13835;4775,77000;DOWN
2026-04-21 16:25:00;M1;6;21;4770,06212;4771,16000;UP
2026-04-21 16:31:00;M1;6;55;4780,48782;4780,78000;UP
2026-04-21 16:35:00;M1;6;34;4774,28730;4772,70000;DOWN
2026-04-21 16:37:00;M1;6;34;4773,59804;4774,94000;UP
2026-04-21 16:37:00;M1;6;55;4779,59708;4774,94000;DOWN
2026-04-21 16:43:00;M1;6;55;4779,16781;4788,84000;UP
2026-04-21 16:58:00;M1;6;89;4782,34519;4781,30000;DOWN
2026-04-21 17:01:00;M1;6;34;4776,94568;4779,07000;UP
2026-04-21 17:10:00;M1;6;55;4779,22051;4778,00000;DOWN
2026-04-21 17:16:00;M1;6;55;4779,06276;4779,60000;UP
2026-04-21 17:15:00;M1;6;34;4777,93039;4777,91000;DOWN
2026-04-21 17:19:00;M1;6;55;4778,62311;4777,75000;DOWN
2026-04-21 18:07:00;M1;6;21;4735,01742;4737,20000;UP
2026-04-21 18:13:00;M1;6;34;4747,25124;4748,52000;UP
2026-04-21 18:19:00;M1;6;55;4753,87204;4755,48000;UP
2026-04-21 18:25:00;M1;6;55;4751,38621;4747,77000;DOWN
2026-04-21 18:43:00;M1;6;55;4744,92210;4745,83000;UP
2026-04-21 18:52:00;M1;6;55;4743,04294;4742,06000;DOWN
2026-04-21 18:59:00;M1;6;55;4741,24830;4741,60000;UP
2026-04-21 19:06:00;M1;6;55;4739,50826;4739,39000;DOWN
2026-04-21 19:07:00;M1;6;21;4738,68613;4739,67000;UP
2026-04-21 19:11:00;M1;6;34;4731,67761;4730,35000;DOWN
2026-04-21 19:16:00;M1;6;34;4730,91646;4731,13000;UP
2026-04-21 19:13:00;M1;6;55;4735,67388;4729,58000;DOWN
2026-04-21 19:20:00;M1;6;34;4730,12843;4729,40000;DOWN
2026-04-21 19:49:00;M1;6;21;4719,98148;4721,58000;UP
2026-04-21 19:55:00;M1;6;21;4716,06853;4712,36000;DOWN
2026-04-21 20:01:00;M1;6;21;4712,32820;4717,38000;UP
2026-04-21 20:10:00;M1;6;21;4708,76012;4707,33000;DOWN
2026-04-21 20:14:00;M1;6;21;4705,69556;4706,37000;UP
2026-04-21 20:19:00;M1;6;21;4703,08978;4700,93000;DOWN
2026-04-21 20:25:00;M1;6;21;4700,57119;4703,55000;UP
2026-04-21 20:32:00;M1;6;34;4703,54929;4705,01000;UP
2026-04-21 20:37:00;M1;6;55;4704,48337;4705,16000;UP
2026-04-21 20:53:00;M1;6;89;4709,55423;4709,27000;DOWN
2026-04-21 20:57:00;M1;6;89;4707,64183;4710,09000;UP
2026-04-21 21:10:00;M1;6;21;4706,24630;4705,62000;DOWN
2026-04-21 21:16:00;M1;6;89;4702,51399;4699,02000;DOWN
2026-04-21 21:30:00;M1;6;34;4698,19308;4698,36000;UP
2026-04-21 21:31:00;M1;6;21;4700,68344;4701,07000;UP
2026-04-21 22:19:00;M1;6;21;4707,48019;4706,65000;DOWN
2026-04-21 22:25:00;M1;6;21;4709,84283;4713,95000;UP
2026-04-21 22:36:00;M1;6;34;4705,24196;4704,46000;DOWN
2026-04-21 22:42:00;M1;6;89;4690,07541;4678,78000;DOWN
2026-04-21 23:10:00;M1;6;21;4683,45242;4693,28000;UP
2026-04-22 01:07:00;M1;6;21;4722,26222;4720,98000;DOWN
2026-04-22 01:27:00;M1;6;34;4717,59335;4717,43000;DOWN
2026-04-22 02:01:00;M1;6;21;4721,06147;4721,63000;UP
2026-04-22 02:09:00;M1;6;34;4725,13381;4725,14000;UP
2026-04-22 02:38:00;M1;6;34;4730,19716;4730,01000;DOWN
2026-04-22 02:45:00;M1;6;21;4732,41464;4734,68000;UP
2026-04-22 03:14:00;M1;6;21;4744,28020;4742,86000;DOWN
2026-04-22 03:24:00;M1;6;34;4742,05526;4741,77000;DOWN
2026-04-22 03:26:00;M1;6;34;4743,66620;4744,12000;UP
2026-04-22 03:33:00;M1;6;34;4745,08465;4744,44000;DOWN
2026-04-22 03:40:00;M1;6;55;4743,90157;4743,86000;DOWN
2026-04-22 03:47:00;M1;6;55;4745,18720;4745,92000;UP
2026-04-22 03:49:00;M1;6;55;4746,24875;4743,69000;DOWN
2026-04-22 04:07:00;M1;6;89;4740,33496;4736,19000;DOWN
2026-04-22 04:17:00;M1;6;21;4742,41190;4742,58000;UP
2026-04-22 04:23:00;M1;6;34;4747,09258;4748,77000;UP
2026-04-22 04:19:00;M1;6;89;4742,94468;4740,40000;DOWN
2026-04-22 04:25:00;M1;6;21;4742,90543;4746,85000;UP
2026-04-22 04:25:00;M1;6;34;4747,14401;4746,85000;DOWN
2026-04-22 04:31:00;M1;6;34;4747,44276;4749,54000;UP
2026-04-22 04:37:00;M1;6;55;4750,87672;4750,15000;DOWN
2026-04-22 04:48:00;M1;6;55;4751,60630;4751,91000;UP
2026-04-22 04:45:00;M1;6;34;4748,62606;4748,57000;DOWN
2026-04-22 04:49:00;M1;6;34;4749,39191;4752,82000;UP
2026-04-22 04:55:00;M1;6;55;4753,12908;4752,82000;DOWN
2026-04-22 05:02:00;M1;6;89;4751,36403;4751,02000;DOWN
2026-04-22 05:10:00;M1;6;21;4754,28759;4755,02000;UP
2026-04-22 05:15:00;M1;6;55;4755,10292;4754,94000;DOWN
2026-04-22 05:19:00;M1;6;21;4756,75837;4757,66000;UP
2026-04-22 05:26:00;M1;6;89;4755,66153;4755,43000;DOWN
2026-04-22 05:32:00;M1;6;55;4756,95603;4757,63000;UP
2026-04-22 05:35:00;M1;6;34;4755,87743;4755,68000;DOWN
2026-04-22 05:37:00;M1;6;89;4757,51306;4755,18000;DOWN
2026-04-22 05:55:00;M1;6;21;4756,39136;4756,75000;UP
2026-04-22 06:04:00;M1;6;34;4757,84700;4758,99000;UP
2026-04-22 06:01:00;M1;6;21;4756,52420;4753,41000;DOWN
2026-04-22 06:07:00;M1;6;21;4756,90431;4759,30000;UP
2026-04-22 06:10:00;M1;6;55;4758,93785;4758,05000;DOWN
2026-04-22 06:16:00;M1;6;34;4758,74289;4759,37000;UP
2026-04-22 06:19:00;M1;6;34;4759,23490;4758,58000;DOWN
2026-04-22 06:25:00;M1;6;21;4759,22141;4759,83000;UP
2026-04-22 06:33:00;M1;6;89;4763,55167;4762,58000;DOWN
2026-04-22 06:37:00;M1;6;34;4760,91452;4758,83000;DOWN
2026-04-22 07:43:00;M1;6;21;4755,69998;4755,80000;UP
2026-04-22 07:50:00;M1;6;34;4757,79881;4755,64000;DOWN
2026-04-22 08:01:00;M1;6;21;4754,37393;4754,40000;UP
2026-04-22 08:12:00;M1;6;34;4755,85053;4756,49000;UP
2026-04-22 08:16:00;M1;6;55;4759,32638;4761,79000;UP
2026-04-22 08:30:00;M1;6;89;4764,89854;4764,46000;DOWN
2026-04-22 08:32:00;M1;6;89;4765,05428;4766,75000;UP
2026-04-22 08:41:00;M1;6;89;4765,24623;4764,95000;DOWN
2026-04-22 08:43:00;M1;6;89;4765,52948;4767,47000;UP
2026-04-22 08:55:00;M1;6;89;4766,25121;4766,25000;DOWN
2026-04-22 09:01:00;M1;6;55;4763,57165;4761,40000;DOWN
2026-04-22 09:29:00;M1;6;21;4766,14051;4767,02000;UP
2026-04-22 09:31:00;M1;6;34;4766,93112;4766,38000;DOWN
2026-04-22 09:38:00;M1;6;21;4765,28207;4765,33000;UP
2026-04-22 09:37:00;M1;6;55;4765,19980;4764,92000;DOWN
2026-04-22 09:46:00;M1;6;55;4765,48294;4766,28000;UP
2026-04-22 09:44:00;M1;6;21;4764,92736;4763,69000;DOWN
2026-04-22 09:49:00;M1;6;21;4764,79998;4766,05000;UP
2026-04-22 09:59:00;M1;6;34;4767,47391;4767,66000;UP
2026-04-22 09:55:00;M1;6;89;4767,46773;4766,38000;DOWN
2026-04-22 10:01:00;M1;6;89;4767,63178;4768,60000;UP
2026-04-22 10:11:00;M1;6;89;4767,78821;4765,72000;DOWN
2026-04-22 10:13:00;M1;6;21;4766,38113;4766,63000;UP
2026-04-22 10:19:00;M1;6;21;4766,17317;4763,83000;DOWN
2026-04-22 10:28:00;M1;6;21;4765,97323;4766,52000;UP
2026-04-22 10:31:00;M1;6;21;4765,76983;4764,91000;DOWN
2026-04-22 11:11:00;M1;6;21;4761,37925;4761,96000;UP
2026-04-22 11:13:00;M1;6;21;4760,62394;4759,45000;DOWN
2026-04-22 11:42:00;M1;6;21;4754,43037;4754,77000;UP
2026-04-22 11:46:00;M1;6;34;4756,43794;4756,61000;UP
2026-04-22 11:49:00;M1;6;34;4755,48061;4755,36000;DOWN
2026-04-22 11:55:00;M1;6;34;4754,81943;4757,25000;UP
2026-04-22 12:01:00;M1;6;55;4758,53207;4759,76000;UP
2026-04-22 12:27:00;M1;6;55;4757,30357;4757,29000;DOWN
2026-04-22 12:31:00;M1;6;34;4755,82512;4756,02000;UP
2026-04-22 12:40:00;M1;6;21;4759,44124;4759,67000;UP
2026-04-22 12:43:00;M1;6;89;4760,96574;4759,66000;DOWN
2026-04-22 12:49:00;M1;6;55;4756,40902;4757,87000;UP
2026-04-22 12:52:00;M1;6;34;4756,55572;4756,41000;DOWN
2026-04-22 12:55:00;M1;6;55;4756,10887;4753,63000;DOWN
2026-04-22 13:19:00;M1;6;21;4752,28620;4753,60000;UP
2026-04-22 13:25:00;M1;6;55;4753,48446;4751,50000;DOWN
2026-04-22 13:31:00;M1;6;21;4751,97254;4756,03000;UP
2026-04-22 13:40:00;M1;6;89;4756,39733;4756,07000;DOWN
2026-04-22 13:44:00;M1;6;89;4756,01140;4756,51000;UP
2026-04-22 14:09:00;M1;6;21;4757,09760;4756,57000;DOWN
2026-04-22 14:13:00;M1;6;21;4758,05505;4758,63000;UP
2026-04-22 14:22:00;M1;6;21;4758,73561;4758,53000;DOWN
2026-04-22 14:31:00;M1;6;21;4759,18506;4759,49000;UP
2026-04-22 14:40:00;M1;6;89;4754,77555;4752,62000;DOWN
2026-04-22 15:01:00;M1;6;21;4752,50469;4754,51000;UP
2026-04-22 15:08:00;M1;6;89;4753,52771;4752,68000;DOWN
2026-04-22 15:13:00;M1;6;21;4750,48170;4752,08000;UP
2026-04-22 15:19:00;M1;6;21;4749,68553;4747,75000;DOWN
2026-04-22 15:25:00;M1;6;21;4749,36570;4755,00000;UP
2026-04-22 15:31:00;M1;6;89;4752,30789;4750,49000;DOWN
2026-04-22 15:37:00;M1;6;21;4748,68052;4750,20000;UP
2026-04-22 15:43:00;M1;6;21;4748,22763;4747,87000;DOWN
2026-04-22 16:09:00;M1;6;21;4743,78256;4744,88000;UP
2026-04-22 16:13:00;M1;6;21;4742,11086;4741,70000;DOWN
2026-04-22 16:19:00;M1;6;21;4741,33401;4743,43000;UP
2026-04-22 16:28:00;M1;6;89;4747,94475;4749,24000;UP
2026-04-22 16:30:00;M1;6;55;4746,01269;4745,57000;DOWN
2026-04-22 16:35:00;M1;6;55;4745,38372;4745,69000;UP
2026-04-22 16:31:00;M1;6;89;4747,44201;4742,67000;DOWN
2026-04-22 16:37:00;M1;6;34;4742,99173;4751,28000;UP
2026-04-22 17:04:00;M1;6;89;4746,67443;4745,42000;DOWN
2026-04-22 17:09:00;M1;6;55;4745,54436;4746,06000;UP
2026-04-22 17:15:00;M1;6;34;4747,03631;4747,35000;UP
2026-04-22 17:13:00;M1;6;55;4745,52972;4743,65000;DOWN
2026-04-22 17:21:00;M1;6;21;4749,50832;4749,66000;UP
2026-04-22 17:23:00;M1;6;89;4746,28158;4744,34000;DOWN
2026-04-22 17:26:00;M1;6;89;4746,06829;4746,45000;UP
2026-04-22 17:27:00;M1;6;55;4745,20146;4745,10000;DOWN
2026-04-22 17:31:00;M1;6;89;4745,64247;4741,08000;DOWN
2026-04-22 17:49:00;M1;6;21;4736,69646;4737,86000;UP
2026-04-22 18:07:00;M1;6;34;4737,77941;4737,88000;UP
2026-04-22 18:13:00;M1;6;55;4738,36733;4737,91000;DOWN
2026-04-22 18:19:00;M1;6;21;4731,05243;4733,64000;UP
2026-04-22 18:25:00;M1;6;34;4733,74191;4733,78000;UP
2026-04-22 18:31:00;M1;6;34;4732,43329;4731,81000;DOWN
2026-04-22 18:48:00;M1;6;21;4729,13074;4729,32000;UP
2026-04-22 18:50:00;M1;6;21;4728,20762;4727,19000;DOWN
2026-04-22 18:55:00;M1;6;21;4727,34307;4729,82000;UP
2026-04-22 19:04:00;M1;6;55;4730,57077;4730,64000;UP
2026-04-22 19:01:00;M1;6;34;4727,01726;4726,32000;DOWN
2026-04-22 19:07:00;M1;6;21;4727,27469;4732,41000;UP
2026-04-22 19:13:00;M1;6;89;4732,28968;4731,68000;DOWN
2026-04-22 19:19:00;M1;6;34;4726,26976;4724,80000;DOWN
2026-04-22 19:27:00;M1;6;34;4726,02007;4726,73000;UP
2026-04-22 19:33:00;M1;6;21;4727,26804;4727,35000;UP
2026-04-22 19:37:00;M1;6;89;4729,49853;4729,51000;UP
2026-04-22 19:44:00;M1;6;89;4728,92273;4728,07000;DOWN
2026-04-22 19:49:00;M1;6;21;4728,51000;4730,03000;UP
2026-04-22 19:56:00;M1;6;89;4727,85339;4727,67000;DOWN
2026-04-22 20:01:00;M1;6;21;4729,52465;4733,37000;UP
2026-04-22 20:19:00;M1;6;21;4733,91519;4733,64000;DOWN
2026-04-22 20:25:00;M1;6;21;4735,09656;4736,42000;UP
2026-04-22 20:31:00;M1;6;21;4736,26659;4735,31000;DOWN
2026-04-22 20:46:00;M1;6;34;4734,36470;4734,19000;DOWN
2026-04-22 20:49:00;M1;6;34;4735,20833;4736,59000;UP
2026-04-22 21:01:00;M1;6;34;4736,75226;4736,63000;DOWN
2026-04-22 21:08:00;M1;6;21;4738,54757;4738,61000;UP
2026-04-22 21:13:00;M1;6;34;4737,65506;4736,50000;DOWN
2026-04-22 21:19:00;M1;6;55;4733,12379;4732,83000;DOWN
2026-04-22 21:33:00;M1;6;21;4734,04651;4734,51000;UP
2026-04-22 21:37:00;M1;6;34;4736,16823;4736,66000;UP
2026-04-22 21:43:00;M1;6;34;4736,36025;4736,00000;DOWN
2026-04-22 21:49:00;M1;6;34;4736,94312;4746,76000;UP
2026-04-22 22:10:00;M1;6;34;4739,10488;4738,92000;DOWN
2026-04-22 22:18:00;M1;6;21;4741,01893;4741,24000;UP
2026-04-22 22:13:00;M1;6;55;4738,16351;4736,98000;DOWN
2026-04-22 22:19:00;M1;6;55;4738,85789;4741,24000;UP
2026-04-22 22:19:00;M1;6;21;4741,87139;4741,24000;DOWN
2026-04-22 22:25:00;M1;6;21;4742,87738;4743,74000;UP
2026-04-22 22:35:00;M1;6;55;4740,12688;4739,38000;DOWN
2026-04-22 22:37:00;M1;6;55;4740,58070;4740,82000;UP
2026-04-22 22:43:00;M1;6;55;4740,88996;4739,18000;DOWN
2026-04-22 22:55:00;M1;6;21;4741,20088;4741,43000;UP
2026-04-22 23:01:00;M1;6;55;4741,49341;4737,67000;DOWN
2026-04-22 23:10:00;M1;6;89;4736,90298;4736,78000;DOWN
2026-04-22 23:30:00;M1;6;21;4737,16218;4738,26000;UP
2026-04-22 23:33:00;M1;6;34;4739,34963;4739,42000;UP
2026-04-22 23:37:00;M1;6;89;4738,27749;4737,38000;DOWN
2026-04-22 23:47:00;M1;6;34;4738,47483;4739,14000;UP
2026-04-22 23:43:00;M1;6;21;4736,52800;4736,39000;DOWN
2026-04-22 23:49:00;M1;6;21;4736,76829;4738,63000;UP
2026-04-22 23:49:00;M1;6;89;4738,67671;4738,63000;DOWN
2026-04-22 23:56:00;M1;6;89;4738,86939;4739,42000;UP
2026-04-23 01:01:00;M1;6;55;4740,19711;4743,33000;UP
2026-04-23 01:05:00;M1;6;89;4739,05827;4739,01000;DOWN
2026-04-23 01:07:00;M1;6;55;4740,11293;4738,20000;DOWN
2026-04-23 01:17:00;M1;6;34;4737,91926;4738,27000;UP
2026-04-23 01:19:00;M1;6;34;4737,80408;4736,30000;DOWN
2026-04-23 02:10:00;M1;6;21;4727,17651;4727,26000;UP
2026-04-23 02:14:00;M1;6;21;4725,96249;4725,96000;DOWN
2026-04-23 02:19:00;M1;6;21;4725,22378;4728,97000;UP
2026-04-23 02:25:00;M1;6;34;4727,61957;4725,81000;DOWN
2026-04-23 02:33:00;M1;6;34;4726,78711;4727,52000;UP
2026-04-23 02:37:00;M1;6;34;4725,94442;4725,60000;DOWN
2026-04-23 02:45:00;M1;6;34;4725,28029;4726,39000;UP
2026-04-23 02:43:00;M1;6;21;4724,39364;4724,11000;DOWN
2026-04-23 02:49:00;M1;6;21;4724,54778;4728,02000;UP
2026-04-23 03:00:00;M1;6;55;4727,18530;4723,97000;DOWN
2026-04-23 03:19:00;M1;6;21;4718,52137;4722,68000;UP
2026-04-23 04:01:00;M1;6;21;4748,13192;4745,94000;DOWN
2026-04-23 04:11:00;M1;6;34;4739,64483;4739,13000;DOWN
2026-04-23 04:21:00;M1;6;89;4731,45965;4730,95000;DOWN
2026-04-23 04:25:00;M1;6;55;4734,30631;4734,66000;UP
2026-04-23 04:31:00;M1;6;89;4731,83125;4730,36000;DOWN
2026-04-23 04:39:00;M1;6;89;4731,90636;4732,59000;UP
2026-04-23 04:46:00;M1;6;21;4735,28415;4736,26000;UP
2026-04-23 04:51:00;M1;6;89;4731,91272;4731,00000;DOWN
2026-04-23 05:20:00;M1;6;21;4713,42057;4713,98000;UP
2026-04-23 05:30:00;M1;6;21;4710,60821;4710,08000;DOWN
2026-04-23 05:31:00;M1;6;21;4708,82000;4712,92000;UP
2026-04-23 05:42:00;M1;6;21;4707,25618;4705,00000;DOWN
2026-04-23 05:49:00;M1;6;21;4703,68055;4706,44000;UP
2026-04-23 05:55:00;M1;6;21;4701,71555;4699,77000;DOWN
2026-04-23 06:01:00;M1;6;21;4700,65176;4704,06000;UP
2026-04-23 06:10:00;M1;6;34;4702,33675;4700,45000;DOWN
2026-04-23 06:13:00;M1;6;34;4700,34217;4700,46000;UP
2026-04-23 06:41:00;M1;6;55;4703,26734;4705,94000;UP
2026-04-23 06:56:00;M1;6;21;4702,94754;4702,82000;DOWN
2026-04-23 07:07:00;M1;6;21;4703,58786;4703,59000;UP
2026-04-23 07:20:00;M1;6;89;4705,40736;4705,68000;UP
2026-04-23 07:24:00;M1;6;21;4704,09187;4703,86000;DOWN
2026-04-23 07:27:00;M1;6;21;4704,48424;4704,67000;UP
2026-04-23 07:25:00;M1;6;89;4704,54760;4703,33000;DOWN
2026-04-23 07:31:00;M1;6;89;4703,73159;4705,12000;UP
2026-04-23 07:36:00;M1;6;21;4704,80758;4704,16000;DOWN
2026-04-23 07:38:00;M1;6;89;4702,91276;4702,55000;DOWN
2026-04-23 07:43:00;M1;6;89;4702,05686;4702,28000;UP
2026-04-23 07:44:00;M1;6;34;4701,91144;4701,70000;DOWN
2026-04-23 07:49:00;M1;6;34;4702,09014;4702,19000;UP
2026-04-23 07:59:00;M1;6;21;4703,12709;4704,34000;UP
2026-04-23 07:55:00;M1;6;34;4702,28884;4701,46000;DOWN
2026-04-23 08:01:00;M1;6;34;4702,65132;4706,83000;UP
2026-04-23 08:30:00;M1;6;89;4697,84193;4697,02000;DOWN
2026-04-23 08:33:00;M1;6;34;4705,40436;4705,77000;UP
2026-04-23 08:37:00;M1;6;34;4705,43219;4703,96000;DOWN
2026-04-23 08:46:00;M1;6;21;4706,21172;4708,30000;UP
2026-04-23 09:16:00;M1;6;34;4710,15514;4709,45000;DOWN
2026-04-23 09:22:00;M1;6;34;4711,01988;4711,89000;UP
2026-04-23 09:26:00;M1;6;21;4713,77352;4714,19000;UP
2026-04-23 09:25:00;M1;6;34;4711,74068;4711,70000;DOWN
2026-04-23 09:31:00;M1;6;34;4712,24795;4712,56000;UP
2026-04-23 09:31:00;M1;6;21;4713,97557;4712,56000;DOWN
2026-04-23 09:42:00;M1;6;21;4714,25748;4716,45000;UP
2026-04-23 09:53:00;M1;6;21;4715,66661;4715,02000;DOWN
2026-04-23 09:57:00;M1;6;21;4715,82015;4716,57000;UP
2026-04-23 10:00:00;M1;6;55;4711,61674;4709,34000;DOWN
2026-04-23 10:04:00;M1;6;55;4712,34418;4712,60000;UP
2026-04-23 10:01:00;M1;6;21;4715,56090;4708,00000;DOWN
2026-04-23 10:07:00;M1;6;55;4712,94853;4711,29000;DOWN
2026-04-23 10:22:00;M1;6;89;4705,45478;4704,92000;DOWN
2026-04-23 10:26:00;M1;6;89;4705,88201;4708,35000;UP
2026-04-23 10:34:00;M1;6;21;4710,11735;4710,87000;UP
2026-04-23 10:31:00;M1;6;89;4706,29817;4704,30000;DOWN
2026-04-23 10:37:00;M1;6;89;4706,65965;4709,90000;UP
2026-04-23 10:40:00;M1;6;21;4709,12414;4708,77000;DOWN
2026-04-23 10:43:00;M1;6;21;4709,04948;4711,33000;UP
2026-04-23 11:22:00;M1;6;21;4718,70231;4718,06000;DOWN
2026-04-23 11:26:00;M1;6;21;4719,47292;4720,37000;UP
2026-04-23 11:29:00;M1;6;55;4716,60047;4715,32000;DOWN
2026-04-23 11:32:00;M1;6;89;4712,18772;4709,78000;DOWN
2026-04-23 12:19:00;M1;6;21;4698,63130;4699,85000;UP
2026-04-23 12:43:00;M1;6;34;4699,92442;4700,34000;UP
2026-04-23 12:50:00;M1;6;34;4698,73310;4697,86000;DOWN
2026-04-23 12:55:00;M1;6;34;4697,62034;4698,40000;UP
2026-04-23 12:58:00;M1;6;21;4696,67314;4695,65000;DOWN
2026-04-23 13:01:00;M1;6;21;4696,89571;4699,01000;UP
2026-04-23 13:08:00;M1;6;34;4695,79448;4693,76000;DOWN
2026-04-23 13:26:00;M1;6;21;4690,67070;4690,85000;UP
2026-04-23 13:33:00;M1;6;34;4690,22859;4692,82000;UP
2026-04-23 13:31:00;M1;6;21;4689,02434;4687,44000;DOWN
2026-04-23 13:37:00;M1;6;21;4688,16239;4692,32000;UP
2026-04-23 13:43:00;M1;6;55;4692,21789;4691,26000;DOWN
2026-04-23 13:50:00;M1;6;55;4690,99494;4691,36000;UP
2026-04-23 14:01:00;M1;6;89;4697,50092;4698,18000;UP
2026-04-23 14:07:00;M1;6;89;4696,78273;4696,36000;DOWN
2026-04-23 14:13:00;M1;6;89;4696,15989;4699,30000;UP
2026-04-23 14:32:00;M1;6;21;4699,17618;4698,65000;DOWN
2026-04-23 14:37:00;M1;6;21;4700,76914;4701,46000;UP
2026-04-23 15:21:00;M1;6;21;4730,64314;4728,62000;DOWN
2026-04-23 15:30:00;M1;6;21;4734,57354;4737,30000;UP
2026-04-23 15:33:00;M1;6;21;4738,34282;4738,07000;DOWN
2026-04-23 15:45:00;M1;6;34;4735,24045;4732,40000;DOWN
2026-04-23 15:58:00;M1;6;34;4741,01828;4741,80000;UP
2026-04-23 16:06:00;M1;6;55;4729,35379;4728,60000;DOWN
2026-04-23 16:39:00;M1;6;21;4730,46007;4730,86000;UP
2026-04-23 16:51:00;M1;6;34;4738,80439;4739,44000;UP
2026-04-23 16:59:00;M1;6;89;4727,42779;4724,43000;DOWN
2026-04-23 17:23:00;M1;6;21;4726,67591;4728,76000;UP
2026-04-23 17:25:00;M1;6;34;4730,15442;4732,42000;UP
2026-04-23 17:31:00;M1;6;89;4733,19365;4731,83000;DOWN
2026-04-23 17:37:00;M1;6;34;4728,97187;4732,84000;UP
2026-04-23 17:38:00;M1;6;21;4727,64520;4726,48000;DOWN
2026-04-23 17:43:00;M1;6;21;4727,88488;4730,84000;UP
2026-04-23 17:53:00;M1;6;89;4735,44773;4735,92000;UP
2026-04-23 17:55:00;M1;6;89;4736,19959;4734,98000;DOWN
2026-04-23 18:06:00;M1;6;21;4731,34193;4730,40000;DOWN
2026-04-23 18:07:00;M1;6;34;4729,91426;4728,96000;DOWN
2026-04-23 18:16:00;M1;6;21;4733,27733;4734,79000;UP
2026-04-23 18:19:00;M1;6;89;4738,81429;4738,43000;DOWN
2026-04-23 18:29:00;M1;6;55;4735,62332;4733,51000;DOWN
2026-04-23 18:31:00;M1;6;34;4732,70693;4733,22000;UP
2026-04-23 18:37:00;M1;6;34;4733,19766;4732,40000;DOWN
2026-04-23 19:15:00;M1;6;21;4720,41340;4720,56000;UP
2026-04-23 19:27:00;M1;6;34;4723,74037;4724,78000;UP
2026-04-23 19:33:00;M1;6;55;4726,67997;4727,01000;UP
2026-04-23 19:49:00;M1;6;89;4734,19506;4735,02000;UP
2026-04-23 19:58:00;M1;6;89;4733,90133;4732,07000;DOWN
2026-04-23 20:01:00;M1;6;55;4726,37767;4725,14000;DOWN
2026-04-23 20:53:00;M1;6;21;4695,57161;4699,49000;UP
2026-04-23 20:57:00;M1;6;34;4703,82101;4704,67000;UP
2026-04-23 21:01:00;M1;6;55;4708,81450;4715,10000;UP
2026-04-23 21:29:00;M1;6;89;4715,09498;4716,70000;UP
2026-04-23 21:40:00;M1;6;89;4713,73558;4713,22000;DOWN
2026-04-23 21:57:00;M1;6;55;4705,49471;4704,81000;DOWN
2026-04-23 22:24:00;M1;6;21;4701,23962;4701,46000;UP
2026-04-23 22:25:00;M1;6;55;4700,48188;4701,37000;UP
2026-04-23 22:27:00;M1;6;21;4698,99686;4698,04000;DOWN
2026-04-23 22:31:00;M1;6;21;4696,56219;4699,61000;UP
2026-04-23 22:32:00;M1;6;55;4699,34524;4698,40000;DOWN
2026-04-23 22:37:00;M1;6;21;4694,44258;4692,86000;DOWN
2026-04-23 22:45:00;M1;6;21;4692,88010;4695,01000;UP
2026-04-23 22:52:00;M1;6;34;4697,46908;4698,49000;UP
2026-04-23 23:00:00;M1;6;55;4696,00129;4694,25000;DOWN
2026-04-23 23:03:00;M1;6;34;4695,43601;4696,52000;UP
2026-04-23 23:12:00;M1;6;55;4695,10824;4694,89000;DOWN
2026-04-23 23:13:00;M1;6;34;4693,49961;4691,29000;DOWN
2026-04-23 23:20:00;M1;6;21;4692,08213;4692,17000;UP
2026-04-23 23:25:00;M1;6;21;4691,04803;4690,56000;DOWN
2026-04-23 23:32:00;M1;6;21;4690,10412;4690,70000;UP
2026-04-23 23:37:00;M1;6;34;4689,24243;4688,53000;DOWN
2026-04-23 23:43:00;M1;6;21;4688,99756;4690,35000;UP
2026-04-23 23:51:00;M1;6;55;4689,61793;4688,44000;DOWN
2026-04-23 23:55:00;M1;6;21;4688,66600;4692,29000;UP
2026-04-24 01:20:00;M1;6;21;4693,36287;4693,22000;DOWN
2026-04-24 01:26:00;M1;6;21;4694,17144;4694,62000;UP
2026-04-24 01:31:00;M1;6;21;4694,85159;4694,43000;DOWN
2026-04-24 01:38:00;M1;6;21;4695,15045;4695,45000;UP
2026-04-24 01:40:00;M1;6;34;4691,60303;4691,44000;DOWN
2026-04-24 01:43:00;M1;6;34;4692,06890;4692,89000;UP
2026-04-24 01:43:00;M1;6;21;4695,30901;4692,89000;DOWN
2026-04-24 01:49:00;M1;6;34;4692,32335;4692,26000;DOWN
2026-04-24 02:00:00;M1;6;21;4694,42552;4695,28000;UP
2026-04-24 02:06:00;M1;6;34;4692,86792;4692,23000;DOWN
2026-04-24 02:13:00;M1;6;21;4692,29429;4692,34000;UP
2026-04-24 02:17:00;M1;6;55;4689,35211;4687,87000;DOWN
2026-04-24 02:21:00;M1;6;55;4689,36215;4690,59000;UP
2026-04-24 02:19:00;M1;6;21;4691,36451;4688,41000;DOWN
2026-04-24 02:26:00;M1;6;21;4691,01320;4692,97000;UP
2026-04-24 02:56:00;M1;6;34;4694,83789;4694,30000;DOWN
2026-04-24 03:01:00;M1;6;21;4696,69447;4697,64000;UP
2026-04-24 03:03:00;M1;6;55;4692,41431;4691,24000;DOWN
2026-04-24 03:07:00;M1;6;55;4692,88135;4696,77000;UP
2026-04-24 03:11:00;M1;6;34;4695,35365;4695,18000;DOWN
2026-04-24 03:14:00;M1;6;21;4697,30316;4698,05000;UP
2026-04-24 03:19:00;M1;6;21;4697,99937;4697,00000;DOWN
2026-04-24 03:25:00;M1;6;21;4699,33378;4699,92000;UP
2026-04-24 03:42:00;M1;6;21;4702,37768;4702,37000;DOWN
2026-04-24 03:46:00;M1;6;34;4700,72718;4700,08000;DOWN
2026-04-24 03:54:00;M1;6;34;4701,47069;4703,12000;UP
2026-04-24 03:57:00;M1;6;21;4703,75998;4703,91000;UP
2026-04-24 03:55:00;M1;6;34;4702,20464;4700,95000;DOWN
2026-04-24 04:02:00;M1;6;55;4699,57945;4699,42000;DOWN
2026-04-24 04:10:00;M1;6;21;4704,54692;4706,15000;UP
2026-04-24 04:20:00;M1;6;34;4704,79317;4702,98000;DOWN
2026-04-24 04:25:00;M1;6;55;4702,54119;4701,51000;DOWN
2026-04-24 04:31:00;M1;6;89;4696,41399;4696,23000;DOWN
2026-04-24 04:40:00;M1;6;89;4696,88978;4697,11000;UP
2026-04-24 04:43:00;M1;6;89;4697,23329;4691,97000;DOWN
2026-04-24 04:58:00;M1;6;21;4696,79431;4698,78000;UP
2026-04-24 05:01:00;M1;6;89;4697,94955;4697,75000;DOWN
2026-04-24 05:09:00;M1;6;21;4694,89255;4694,66000;DOWN
2026-04-24 05:17:00;M1;6;21;4694,03772;4695,64000;UP
2026-04-24 05:19:00;M1;6;21;4692,83809;4691,70000;DOWN
2026-04-24 06:01:00;M1;6;21;4676,29677;4676,90000;UP
2026-04-24 06:07:00;M1;6;21;4673,40937;4670,12000;DOWN
2026-04-24 06:15:00;M1;6;21;4671,05930;4671,13000;UP
2026-04-24 06:20:00;M1;6;34;4674,55670;4675,02000;UP
2026-04-24 06:43:00;M1;6;55;4676,27261;4676,91000;UP
2026-04-24 06:50:00;M1;6;55;4674,94967;4674,35000;DOWN
2026-04-24 07:00:00;M1;6;21;4671,81840;4670,19000;DOWN
2026-04-24 07:08:00;M1;6;21;4671,80957;4672,58000;UP
2026-04-24 07:14:00;M1;6;55;4670,08038;4669,94000;DOWN
2026-04-24 07:19:00;M1;6;55;4668,75624;4669,23000;UP
2026-04-24 07:22:00;M1;6;34;4667,11499;4662,80000;DOWN
2026-04-24 07:25:00;M1;6;55;4667,27869;4662,56000;DOWN
2026-04-24 07:37:00;M1;6;21;4663,43668;4664,94000;UP
2026-04-24 07:47:00;M1;6;89;4672,80186;4674,73000;UP
2026-04-24 08:49:00;M1;6;21;4682,73073;4680,80000;DOWN
2026-04-24 08:55:00;M1;6;21;4684,46865;4684,49000;UP
2026-04-24 09:01:00;M1;6;21;4685,80564;4685,40000;DOWN
2026-04-24 09:10:00;M1;6;34;4682,21740;4680,81000;DOWN
2026-04-24 09:20:00;M1;6;55;4675,47320;4675,10000;DOWN
2026-04-24 09:46:00;M1;6;89;4669,47582;4669,30000;DOWN
2026-04-24 09:54:00;M1;6;21;4673,02102;4674,96000;UP
2026-04-24 10:06:00;M1;6;34;4677,11114;4678,14000;UP
2026-04-24 10:07:00;M1;6;55;4677,09619;4676,98000;DOWN
2026-04-24 10:13:00;M1;6;55;4677,44511;4680,70000;UP
2026-04-24 11:01:00;M1;6;21;4691,91417;4687,93000;DOWN
2026-04-24 11:13:00;M1;6;34;4688,47234;4687,24000;DOWN
2026-04-24 11:20:00;M1;6;21;4694,01946;4695,27000;UP
2026-04-24 11:28:00;M1;6;55;4687,39214;4687,11000;DOWN
2026-04-24 11:38:00;M1;6;55;4688,60639;4688,80000;UP
2026-04-24 11:48:00;M1;6;21;4691,72999;4691,75000;UP
2026-04-24 11:43:00;M1;6;55;4689,21688;4688,22000;DOWN
2026-04-24 11:49:00;M1;6;55;4689,83309;4691,85000;UP
2026-04-24 11:50:00;M1;6;21;4691,22737;4690,92000;DOWN
2026-04-24 12:00:00;M1;6;21;4690,92734;4692,22000;UP
2026-04-24 11:55:00;M1;6;55;4690,45430;4689,56000;DOWN
2026-04-24 12:06:00;M1;6;34;4693,42069;4693,81000;UP
2026-04-24 12:01:00;M1;6;21;4690,97656;4690,59000;DOWN
2026-04-24 12:07:00;M1;6;21;4691,23785;4691,53000;UP
2026-04-24 12:07:00;M1;6;55;4691,82122;4691,53000;DOWN
2026-04-24 12:13:00;M1;6;34;4693,99232;4694,79000;UP
2026-04-24 12:24:00;M1;6;89;4688,28235;4686,52000;DOWN
2026-04-24 12:42:00;M1;6;21;4688,06339;4688,38000;UP
2026-04-24 12:43:00;M1;6;21;4686,51326;4685,81000;DOWN
2026-04-24 12:49:00;M1;6;21;4684,82073;4685,08000;UP
2026-04-24 12:56:00;M1;6;21;4683,28261;4683,18000;DOWN
2026-04-24 13:01:00;M1;6;21;4681,87866;4682,72000;UP
2026-04-24 13:20:00;M1;6;34;4683,03898;4683,58000;UP
2026-04-24 13:30:00;M1;6;34;4682,20283;4680,64000;DOWN
2026-04-24 13:31:00;M1;6;21;4679,13552;4678,10000;DOWN
2026-04-24 13:41:00;M1;6;21;4678,65494;4678,99000;UP
2026-04-24 13:44:00;M1;6;34;4679,21604;4678,94000;DOWN
2026-04-24 13:49:00;M1;6;21;4677,54653;4679,58000;UP
2026-04-24 13:55:00;M1;6;34;4677,49273;4677,18000;DOWN
2026-04-24 14:01:00;M1;6;34;4677,44455;4683,76000;UP
2026-04-24 14:38:00;M1;6;21;4707,26994;4707,06000;DOWN
2026-04-24 15:05:00;M1;6;34;4706,40061;4706,10000;DOWN
2026-04-24 15:17:00;M1;6;34;4710,40736;4711,40000;UP
2026-04-24 15:19:00;M1;6;34;4712,15767;4706,00000;DOWN
2026-04-24 15:36:00;M1;6;55;4705,52131;4704,79000;DOWN
2026-04-24 15:43:00;M1;6;89;4701,61724;4699,68000;DOWN
2026-04-24 16:01:00;M1;6;21;4700,60128;4701,46000;UP
2026-04-24 16:11:00;M1;6;89;4703,32319;4703,57000;UP
2026-04-24 16:14:00;M1;6;89;4703,64452;4702,90000;DOWN
2026-04-24 16:22:00;M1;6;21;4697,95999;4697,49000;DOWN
2026-04-24 16:38:00;M1;6;21;4696,47777;4699,65000;UP
2026-04-24 16:43:00;M1;6;55;4707,85033;4708,61000;UP
2026-04-24 16:54:00;M1;6;55;4707,68942;4706,14000;DOWN
2026-04-24 16:57:00;M1;6;55;4707,70913;4710,80000;UP
2026-04-24 17:25:00;M1;6;21;4728,61882;4725,99000;DOWN
2026-04-24 17:49:00;M1;6;34;4728,10966;4727,74000;DOWN
2026-04-24 18:06:00;M1;6;89;4721,12874;4719,46000;DOWN
2026-04-24 18:09:00;M1;6;89;4722,25459;4724,29000;UP
2026-04-24 18:13:00;M1;6;89;4723,25066;4722,17000;DOWN
2026-04-24 18:22:00;M1;6;89;4724,16096;4725,94000;UP
2026-04-24 18:25:00;M1;6;89;4724,93797;4720,57000;DOWN
2026-04-24 18:31:00;M1;6;21;4724,23077;4724,42000;UP
2026-04-24 18:37:00;M1;6;21;4722,34172;4718,45000;DOWN
2026-04-24 18:44:00;M1;6;21;4721,45075;4727,83000;UP
2026-04-24 18:50:00;M1;6;34;4728,50357;4729,28000;UP
2026-04-24 18:49:00;M1;6;89;4726,98931;4724,10000;DOWN
2026-04-24 18:55:00;M1;6;89;4727,49488;4729,23000;UP
2026-04-24 18:56:00;M1;6;34;4727,94788;4727,91000;DOWN
2026-04-24 19:01:00;M1;6;89;4727,98058;4726,00000;DOWN
2026-04-24 19:07:00;M1;6;21;4723,73205;4722,76000;DOWN
2026-04-24 19:24:00;M1;6;21;4723,51462;4724,10000;UP
2026-04-24 19:26:00;M1;6;34;4724,72833;4725,24000;UP
2026-04-24 19:29:00;M1;6;21;4723,46354;4723,28000;DOWN
2026-04-24 19:31:00;M1;6;21;4723,58326;4725,43000;UP
2026-04-24 19:32:00;M1;6;34;4724,24806;4724,21000;DOWN
2026-04-24 19:37:00;M1;6;34;4723,88136;4725,47000;UP
2026-04-24 19:40:00;M1;6;21;4723,62959;4723,60000;DOWN
2026-04-24 19:45:00;M1;6;21;4723,41838;4724,42000;UP
2026-04-24 19:43:00;M1;6;34;4723,58026;4721,37000;DOWN
2026-04-24 19:51:00;M1;6;34;4723,35143;4723,45000;UP
2026-04-24 19:49:00;M1;6;21;4723,16766;4721,77000;DOWN
2026-04-24 19:55:00;M1;6;21;4723,34699;4724,17000;UP
2026-04-24 20:01:00;M1;6;55;4728,10659;4728,70000;UP
2026-04-24 20:07:00;M1;6;55;4727,90330;4726,96000;DOWN
2026-04-24 20:14:00;M1;6;55;4727,79221;4727,92000;UP
2026-04-24 20:20:00;M1;6;55;4727,63446;4726,35000;DOWN
2026-04-24 20:25:00;M1;6;21;4726,22978;4727,36000;UP
2026-04-24 20:31:00;M1;6;34;4724,98635;4719,84000;DOWN
2026-04-24 20:54:00;M1;6;21;4723,81841;4724,87000;UP
2026-04-24 20:57:00;M1;6;34;4724,09616;4723,83000;DOWN
2026-04-24 21:01:00;M1;6;21;4722,50444;4724,04000;UP
2026-04-24 21:07:00;M1;6;34;4723,49885;4721,63000;DOWN
2026-04-24 21:13:00;M1;6;21;4721,50118;4723,46000;UP
2026-04-24 21:19:00;M1;6;34;4722,79001;4721,38000;DOWN
2026-04-24 21:25:00;M1;6;21;4720,43019;4720,47000;UP
2026-04-24 21:31:00;M1;6;21;4719,77470;4718,21000;DOWN
2026-04-24 21:38:00;M1;6;21;4719,30112;4720,14000;UP
2026-04-24 21:43:00;M1;6;21;4718,94051;4718,30000;DOWN
2026-04-24 21:50:00;M1;6;21;4718,81943;4719,40000;UP
2026-04-24 21:56:00;M1;6;55;4721,41355;4721,45000;UP
2026-04-24 22:18:00;M1;6;55;4720,86510;4720,63000;DOWN
2026-04-24 22:19:00;M1;6;21;4720,76866;4721,24000;UP
2026-04-24 22:21:00;M1;6;34;4719,88852;4719,87000;DOWN
2026-04-24 22:25:00;M1;6;55;4720,44256;4718,11000;DOWN
2026-04-24 22:31:00;M1;6;21;4720,17929;4720,28000;UP
2026-04-24 22:37:00;M1;6;55;4719,78930;4717,93000;DOWN
2026-04-24 23:31:00;M1;6;21;4707,01626;4707,27000;UP
2026-04-24 23:46:00;M1;6;34;4708,18647;4708,43000;UP
2026-04-24 23:49:00;M1;6;34;4707,17874;4707,04000;DOWN
2026-04-24 23:55:00;M1;6;34;4706,35350;4707,20000;UP
2026-04-27 01:01:00;M1;6;34;4704,96148;4696,21000;DOWN
2026-04-27 01:32:00;M1;6;21;4685,14902;4685,56000;UP
2026-04-27 01:49:00;M1;6;34;4684,10646;4684,87000;UP
2026-04-27 02:00:00;M1;6;34;4682,42937;4681,41000;DOWN
2026-04-27 02:01:00;M1;6;34;4680,90123;4680,95000;UP
2026-04-27 02:13:00;M1;6;55;4683,51575;4684,05000;UP
2026-04-27 02:21:00;M1;6;55;4682,00899;4681,68000;DOWN
2026-04-27 02:25:00;M1;6;55;4680,49381;4681,05000;UP
2026-04-27 02:29:00;M1;6;21;4679,31566;4677,31000;DOWN
2026-04-27 02:31:00;M1;6;21;4678,99151;4679,08000;UP
2026-04-27 02:33:00;M1;6;55;4679,06279;4678,84000;DOWN
2026-04-27 02:37:00;M1;6;55;4677,62090;4679,43000;UP
2026-04-27 02:38:00;M1;6;21;4678,16154;4677,07000;DOWN
2026-04-27 02:45:00;M1;6;21;4677,73281;4678,40000;UP
2026-04-27 03:01:00;M1;6;21;4678,13597;4677,29000;DOWN
2026-04-27 03:12:00;M1;6;21;4678,04861;4679,50000;UP
2026-04-27 03:08:00;M1;6;55;4672,89488;4672,47000;DOWN
2026-04-27 03:13:00;M1;6;34;4675,43112;4679,35000;UP
2026-04-27 03:34:00;M1;6;21;4678,57922;4678,15000;DOWN
2026-04-27 03:39:00;M1;6;21;4678,70078;4679,29000;UP
2026-04-27 04:13:00;M1;6;21;4696,21020;4695,25000;DOWN
2026-04-27 04:43:00;M1;6;34;4698,78089;4697,75000;DOWN
2026-04-27 04:50:00;M1;6;21;4704,94078;4705,13000;UP
2026-04-27 04:55:00;M1;6;34;4702,29893;4702,15000;DOWN
2026-04-27 05:01:00;M1;6;21;4704,89538;4706,24000;UP
2026-04-27 05:07:00;M1;6;34;4704,48676;4697,57000;DOWN
2026-04-27 05:16:00;M1;6;21;4703,87232;4704,27000;UP
2026-04-27 05:19:00;M1;6;34;4706,25860;4705,24000;DOWN
2026-04-27 05:35:00;M1;6;34;4707,81561;4708,10000;UP
2026-04-27 05:34:00;M1;6;21;4705,93726;4705,51000;DOWN
2026-04-27 05:37:00;M1;6;21;4707,31060;4709,50000;UP
2026-04-27 06:12:00;M1;6;34;4717,15089;4716,98000;DOWN
2026-04-27 06:19:00;M1;6;55;4717,18770;4716,84000;DOWN
2026-04-27 06:34:00;M1;6;34;4721,22433;4721,86000;UP
2026-04-27 06:37:00;M1;6;21;4723,17131;4723,20000;UP
2026-04-27 06:48:00;M1;6;34;4723,65412;4723,44000;DOWN
2026-04-27 06:50:00;M1;6;21;4724,75388;4724,82000;UP
2026-04-27 06:58:00;M1;6;55;4724,60308;4724,33000;DOWN
2026-04-27 07:01:00;M1;6;21;4726,01892;4726,35000;UP
2026-04-27 07:07:00;M1;6;55;4726,93552;4726,91000;DOWN
2026-04-27 07:33:00;M1;6;21;4728,74440;4729,23000;UP
2026-04-27 07:37:00;M1;6;21;4728,81881;4726,73000;DOWN
2026-04-27 07:49:00;M1;6;89;4726,70960;4724,27000;DOWN
2026-04-27 08:48:00;M1;6;21;4713,13449;4713,43000;UP
2026-04-27 08:50:00;M1;6;21;4711,17443;4710,14000;DOWN
2026-04-27 08:55:00;M1;6;21;4709,58377;4711,60000;UP
2026-04-27 09:08:00;M1;6;34;4712,36472;4712,42000;UP
2026-04-27 09:30:00;M1;6;34;4710,13940;4710,11000;DOWN
2026-04-27 09:31:00;M1;6;34;4709,71426;4711,70000;UP
2026-04-27 09:34:00;M1;6;21;4710,41052;4710,27000;DOWN
2026-04-27 09:38:00;M1;6;21;4710,83945;4713,39000;UP
2026-04-27 09:44:00;M1;6;21;4711,14759;4710,65000;DOWN
2026-04-27 09:49:00;M1;6;21;4711,53756;4714,18000;UP
2026-04-27 09:59:00;M1;6;55;4712,84016;4712,76000;DOWN
2026-04-27 10:01:00;M1;6;55;4712,19791;4713,03000;UP
2026-04-27 10:17:00;M1;6;21;4713,52963;4713,35000;DOWN
2026-04-27 10:19:00;M1;6;21;4714,18691;4715,13000;UP
2026-04-27 10:27:00;M1;6;21;4714,85661;4714,59000;DOWN
2026-04-27 10:31:00;M1;6;21;4715,36093;4716,16000;UP
2026-04-27 10:37:00;M1;6;21;4715,77551;4713,70000;DOWN
2026-04-27 10:46:00;M1;6;21;4716,02916;4716,50000;UP
2026-04-27 10:53:00;M1;6;55;4711,10933;4711,00000;DOWN
2026-04-27 10:55:00;M1;6;55;4711,18053;4712,11000;UP
2026-04-27 11:06:00;M1;6;55;4711,23814;4710,72000;DOWN
2026-04-27 11:07:00;M1;6;55;4711,30316;4712,34000;UP
2026-04-27 11:17:00;M1;6;21;4713,57592;4713,94000;UP
2026-04-27 11:14:00;M1;6;55;4711,41472;4710,87000;DOWN
2026-04-27 11:19:00;M1;6;21;4712,84907;4710,55000;DOWN
2026-04-27 11:43:00;M1;6;21;4709,70359;4710,51000;UP
2026-04-27 11:49:00;M1;6;89;4713,00594;4712,24000;DOWN
2026-04-27 12:07:00;M1;6;21;4706,60369;4707,99000;UP
2026-04-27 12:13:00;M1;6;21;4705,53571;4705,47000;DOWN
2026-04-27 12:19:00;M1;6;21;4704,75768;4705,46000;UP
2026-04-27 12:27:00;M1;6;21;4703,89335;4703,62000;DOWN
2026-04-27 12:32:00;M1;6;21;4702,99238;4703,80000;UP
2026-04-27 12:39:00;M1;6;34;4704,06892;4704,24000;UP
2026-04-27 12:37:00;M1;6;21;4702,46325;4702,05000;DOWN
2026-04-27 12:43:00;M1;6;21;4701,81141;4703,54000;UP
2026-04-27 12:45:00;M1;6;34;4703,27878;4702,29000;DOWN
2026-04-27 12:49:00;M1;6;21;4701,34327;4700,34000;DOWN
2026-04-27 12:55:00;M1;6;21;4701,17578;4702,19000;UP
2026-04-27 13:03:00;M1;6;55;4704,01060;4704,73000;UP
2026-04-27 13:07:00;M1;6;89;4705,48434;4705,12000;DOWN
2026-04-27 13:15:00;M1;6;34;4701,39271;4700,71000;DOWN
2026-04-27 13:20:00;M1;6;21;4702,71852;4703,47000;UP
2026-04-27 13:25:00;M1;6;89;4704,31196;4703,92000;DOWN
2026-04-27 13:31:00;M1;6;89;4704,00247;4705,51000;UP
2026-04-27 14:00:00;M1;6;21;4708,23413;4708,10000;DOWN
2026-04-27 14:10:00;M1;6;34;4706,14985;4705,89000;DOWN
2026-04-27 14:15:00;M1;6;89;4703,33727;4703,04000;DOWN
2026-04-27 14:19:00;M1;6;55;4703,57668;4704,01000;UP
2026-04-27 14:32:00;M1;6;21;4705,89319;4708,09000;UP
2026-04-27 14:37:00;M1;6;89;4702,81991;4701,20000;DOWN
2026-04-27 14:45:00;M1;6;21;4704,23216;4705,01000;UP
2026-04-27 14:51:00;M1;6;89;4702,47283;4701,19000;DOWN
2026-04-27 14:57:00;M1;6;21;4702,99452;4703,12000;UP
2026-04-27 15:04:00;M1;6;34;4704,79637;4705,13000;UP
2026-04-27 15:01:00;M1;6;55;4703,63599;4703,31000;DOWN
2026-04-27 15:07:00;M1;6;21;4703,16908;4704,16000;UP
2026-04-27 15:07:00;M1;6;34;4704,66952;4704,16000;DOWN
2026-04-27 15:13:00;M1;6;34;4704,75217;4708,07000;UP
2026-04-27 15:28:00;M1;6;55;4704,55321;4704,01000;DOWN
2026-04-27 15:31:00;M1;6;21;4706,45528;4706,67000;UP
2026-04-27 15:39:00;M1;6;89;4702,45616;4701,56000;DOWN
2026-04-27 15:48:00;M1;6;89;4702,43591;4702,74000;UP
2026-04-27 15:50:00;M1;6;21;4703,90198;4704,41000;UP
2026-04-27 15:53:00;M1;6;89;4702,39304;4702,14000;DOWN
2026-04-27 15:55:00;M1;6;34;4703,41446;4699,46000;DOWN
2026-04-27 16:15:00;M1;6;21;4698,15135;4699,09000;UP
2026-04-27 16:20:00;M1;6;55;4701,82356;4702,48000;UP
2026-04-27 16:22:00;M1;6;34;4700,08347;4699,37000;DOWN
2026-04-27 16:29:00;M1;6;34;4699,58635;4699,88000;UP
2026-04-27 16:25:00;M1;6;89;4701,05785;4698,86000;DOWN
2026-04-27 16:31:00;M1;6;55;4700,72229;4701,86000;UP
2026-04-27 16:33:00;M1;6;34;4698,88697;4695,87000;DOWN
2026-04-27 16:37:00;M1;6;89;4700,41753;4693,74000;DOWN
2026-04-27 16:52:00;M1;6;21;4694,00322;4695,33000;UP
2026-04-27 16:57:00;M1;6;34;4695,01150;4695,26000;UP
2026-04-27 17:01:00;M1;6;34;4694,22822;4694,01000;DOWN
2026-04-27 17:07:00;M1;6;21;4692,72384;4692,58000;DOWN
2026-04-27 17:14:00;M1;6;21;4692,15560;4692,56000;UP
2026-04-27 17:19:00;M1;6;55;4694,92450;4695,29000;UP
2026-04-27 17:25:00;M1;6;55;4694,14481;4692,84000;DOWN
2026-04-27 17:35:00;M1;6;21;4690,54018;4690,57000;UP
2026-04-27 17:39:00;M1;6;55;4692,57331;4693,27000;UP
2026-04-27 17:42:00;M1;6;34;4690,38199;4690,16000;DOWN
2026-04-27 17:43:00;M1;6;34;4690,00023;4691,63000;UP
2026-04-27 17:43:00;M1;6;55;4691,87440;4691,63000;DOWN
2026-04-27 17:50:00;M1;6;34;4689,11483;4688,31000;DOWN
2026-04-27 18:19:00;M1;6;21;4674,65335;4677,71000;UP
2026-04-27 18:29:00;M1;6;34;4677,72407;4681,04000;UP
2026-04-27 18:25:00;M1;6;21;4673,54859;4673,02000;DOWN
2026-04-27 18:31:00;M1;6;21;4673,00219;4680,44000;UP
2026-04-27 18:32:00;M1;6;55;4680,26402;4679,07000;DOWN
2026-04-27 18:39:00;M1;6;55;4679,10551;4679,14000;UP
2026-04-27 18:44:00;M1;6;55;4678,05794;4677,59000;DOWN
2026-04-27 18:53:00;M1;6;34;4674,18525;4674,02000;DOWN
2026-04-27 19:07:00;M1;6;21;4672,10254;4673,78000;UP
2026-04-27 19:30:00;M1;6;89;4676,48869;4676,60000;UP
2026-04-27 19:44:00;M1;6;21;4675,11916;4674,79000;DOWN
2026-04-27 19:49:00;M1;6;21;4675,73503;4675,88000;UP
2026-04-27 20:01:00;M1;6;21;4676,40480;4676,25000;DOWN
2026-04-27 20:07:00;M1;6;34;4673,53333;4673,34000;DOWN
2026-04-27 20:14:00;M1;6;34;4673,43858;4673,67000;UP
2026-04-27 20:17:00;M1;6;89;4671,27332;4671,09000;DOWN
2026-04-27 20:23:00;M1;6;21;4674,71349;4676,14000;UP
2026-04-27 20:19:00;M1;6;34;4673,46904;4671,31000;DOWN
2026-04-27 20:25:00;M1;6;34;4673,83074;4678,12000;UP
2026-04-27 21:00:00;M1;6;21;4681,78779;4681,76000;DOWN
2026-04-27 21:05:00;M1;6;34;4679,92864;4679,38000;DOWN
2026-04-27 21:07:00;M1;6;34;4680,55083;4681,30000;UP
2026-04-27 21:23:00;M1;6;21;4683,80367;4684,05000;UP
2026-04-27 21:19:00;M1;6;34;4681,77116;4681,73000;DOWN
2026-04-27 21:25:00;M1;6;34;4682,44899;4683,77000;UP
2026-04-27 21:25:00;M1;6;21;4684,17638;4683,77000;DOWN
2026-04-27 21:36:00;M1;6;34;4683,11478;4683,00000;DOWN
2026-04-27 21:42:00;M1;6;21;4684,57077;4685,05000;UP
2026-04-27 21:43:00;M1;6;34;4684,29325;4683,98000;DOWN
2026-04-27 21:57:00;M1;6;55;4681,53738;4681,36000;DOWN
2026-04-27 22:22:00;M1;6;21;4681,63506;4681,70000;UP
2026-04-27 22:26:00;M1;6;21;4681,30786;4681,09000;DOWN
2026-04-27 22:44:00;M1;6;21;4679,38690;4679,95000;UP
2026-04-27 23:01:00;M1;6;34;4680,29344;4680,88000;UP
2026-04-27 23:05:00;M1;6;21;4678,75564;4678,64000;DOWN
2026-04-27 23:08:00;M1;6;21;4678,68939;4678,74000;UP
2026-04-27 23:07:00;M1;6;34;4679,88794;4678,18000;DOWN
2026-04-27 23:15:00;M1;6;34;4679,51629;4679,62000;UP
2026-04-27 23:21:00;M1;6;34;4679,17915;4678,91000;DOWN
2026-04-27 23:25:00;M1;6;34;4678,92470;4679,09000;UP
2026-04-27 23:50:00;M1;6;89;4679,36844;4679,35000;DOWN
2026-04-27 23:55:00;M1;6;21;4679,24747;4679,69000;UP
2026-04-28 01:01:00;M1;6;55;4680,13169;4683,76000;UP
2026-04-28 01:35:00;M1;6;21;4688,30494;4687,36000;DOWN
2026-04-28 01:45:00;M1;6;34;4686,62094;4686,46000;DOWN
2026-04-28 01:54:00;M1;6;34;4687,35951;4687,44000;UP
2026-04-28 01:55:00;M1;6;34;4688,00939;4687,05000;DOWN
2026-04-28 02:01:00;M1;6;34;4688,56164;4688,61000;UP
2026-04-28 02:07:00;M1;6;34;4689,02796;4688,28000;DOWN
2026-04-28 02:14:00;M1;6;21;4689,60214;4689,80000;UP
2026-04-28 02:20:00;M1;6;34;4690,16757;4690,14000;DOWN
2026-04-28 02:25:00;M1;6;34;4690,72077;4691,09000;UP
2026-04-28 02:58:00;M1;6;34;4693,31524;4692,62000;DOWN
2026-04-28 03:01:00;M1;6;21;4694,53194;4695,89000;UP
2026-04-28 03:20:00;M1;6;34;4696,67130;4696,32000;DOWN
2026-04-28 03:25:00;M1;6;34;4697,32416;4697,57000;UP
2026-04-28 03:26:00;M1;6;55;4695,84460;4695,79000;DOWN
2026-04-28 03:31:00;M1;6;34;4697,62747;4693,32000;DOWN
2026-04-28 03:39:00;M1;6;89;4693,11905;4691,85000;DOWN
2026-04-28 03:43:00;M1;6;89;4693,65654;4694,45000;UP
2026-04-28 03:49:00;M1;6;89;4694,13594;4693,81000;DOWN
2026-04-28 04:21:00;M1;6;21;4689,27777;4690,06000;UP
2026-04-28 04:28:00;M1;6;21;4688,31350;4687,83000;DOWN
2026-04-28 04:37:00;M1;6;21;4686,89016;4688,81000;UP
2026-04-28 04:43:00;M1;6;34;4689,60171;4688,71000;DOWN
2026-04-28 05:13:00;M1;6;21;4676,39938;4676,63000;UP
2026-04-28 05:30:00;M1;6;21;4674,26368;4672,49000;DOWN
2026-04-28 05:31:00;M1;6;21;4673,21355;4673,51000;UP
2026-04-28 05:38:00;M1;6;21;4671,96992;4671,42000;DOWN
2026-04-28 05:43:00;M1;6;21;4670,61194;4673,06000;UP
2026-04-28 05:53:00;M1;6;21;4669,39295;4668,97000;DOWN
2026-04-28 05:55:00;M1;6;21;4668,44538;4668,76000;UP
2026-04-28 06:01:00;M1;6;34;4668,97080;4668,47000;DOWN
2026-04-28 06:07:00;M1;6;34;4668,20062;4672,37000;UP
2026-04-28 06:17:00;M1;6;55;4672,04653;4671,27000;DOWN
2026-04-28 06:19:00;M1;6;55;4671,00070;4673,29000;UP
2026-04-28 06:47:00;M1;6;21;4671,74528;4671,56000;DOWN
2026-04-28 07:00:00;M1;6;34;4668,74622;4668,12000;DOWN
2026-04-28 07:01:00;M1;6;55;4667,03380;4666,97000;DOWN
2026-04-28 07:10:00;M1;6;34;4668,61147;4668,83000;UP
2026-04-28 07:20:00;M1;6;34;4668,38132;4667,65000;DOWN
2026-04-28 07:31:00;M1;6;21;4667,66325;4668,00000;UP
2026-04-28 07:44:00;M1;6;89;4668,37933;4669,75000;UP
2026-04-28 07:49:00;M1;6;89;4667,66688;4667,54000;DOWN
2026-04-28 07:55:00;M1;6;89;4667,00322;4668,32000;UP
2026-04-28 08:00:00;M1;6;34;4667,24151;4665,11000;DOWN
2026-04-28 08:01:00;M1;6;89;4666,31619;4664,73000;DOWN
2026-04-28 08:25:00;M1;6;21;4657,23433;4657,51000;UP
2026-04-28 08:31:00;M1;6;21;4654,26354;4647,17000;DOWN
2026-04-28 08:55:00;M1;6;21;4631,86017;4632,54000;UP
2026-04-28 09:06:00;M1;6;34;4638,87488;4639,21000;UP
2026-04-28 09:01:00;M1;6;21;4628,79239;4625,91000;DOWN
2026-04-28 09:07:00;M1;6;21;4627,54672;4639,82000;UP
2026-04-28 09:22:00;M1;6;34;4631,36843;4626,53000;DOWN
2026-04-28 09:25:00;M1;6;21;4625,29637;4625,74000;UP
2026-04-28 09:36:00;M1;6;34;4627,02015;4626,23000;DOWN
2026-04-28 09:37:00;M1;6;34;4625,16730;4628,12000;UP
2026-04-28 09:47:00;M1;6;21;4624,66083;4623,83000;DOWN
2026-04-28 09:49:00;M1;6;21;4624,35297;4625,59000;UP
2026-04-28 10:02:00;M1;6;89;4634,08109;4635,04000;UP
2026-04-28 10:23:00;M1;6;89;4630,15200;4629,79000;DOWN
2026-04-28 10:28:00;M1;6;21;4630,47778;4630,51000;UP
2026-04-28 10:34:00;M1;6;89;4627,85625;4626,84000;DOWN
2026-04-28 10:42:00;M1;6;21;4630,56133;4630,89000;UP
2026-04-28 10:43:00;M1;6;21;4630,15215;4628,41000;DOWN
2026-04-28 10:50:00;M1;6;89;4624,66158;4623,78000;DOWN
2026-04-28 10:57:00;M1;6;21;4629,27513;4630,42000;UP
2026-04-28 11:02:00;M1;6;89;4622,69557;4620,06000;DOWN
2026-04-28 11:07:00;M1;6;55;4619,12462;4619,89000;UP
2026-04-28 11:13:00;M1;6;89;4620,50826;4620,14000;DOWN
2026-04-28 11:19:00;M1;6;21;4621,65074;4621,80000;UP
2026-04-28 11:28:00;M1;6;34;4623,30608;4623,33000;UP
2026-04-28 12:03:00;M1;6;34;4624,73835;4623,24000;DOWN
2026-04-28 12:09:00;M1;6;21;4627,06058;4627,18000;UP
2026-04-28 12:15:00;M1;6;34;4624,73617;4622,28000;DOWN
2026-04-28 12:20:00;M1;6;55;4621,02775;4619,91000;DOWN
2026-04-28 12:25:00;M1;6;89;4614,45132;4614,35000;DOWN
2026-04-28 12:31:00;M1;6;89;4614,03463;4614,25000;UP
2026-04-28 12:37:00;M1;6;89;4613,51206;4610,33000;DOWN
2026-04-28 12:44:00;M1;6;89;4612,90496;4613,59000;UP
2026-04-28 12:51:00;M1;6;21;4611,61681;4612,59000;UP
2026-04-28 12:49:00;M1;6;89;4612,27715;4610,48000;DOWN
2026-04-28 12:57:00;M1;6;21;4608,79919;4604,92000;DOWN
2026-04-28 13:01:00;M1;6;21;4606,46144;4612,05000;UP
2026-04-28 13:11:00;M1;6;34;4611,00042;4611,11000;UP
2026-04-28 13:07:00;M1;6;89;4610,13133;4608,23000;DOWN
2026-04-28 13:16:00;M1;6;55;4612,68788;4613,57000;UP
2026-04-28 13:51:00;M1;6;21;4611,28577;4611,27000;DOWN
2026-04-28 13:58:00;M1;6;89;4606,87953;4604,83000;DOWN
2026-04-28 14:02:00;M1;6;34;4606,80997;4606,90000;UP
2026-04-28 14:07:00;M1;6;89;4605,94065;4602,28000;DOWN
2026-04-28 14:25:00;M1;6;21;4601,77018;4602,67000;UP
2026-04-28 14:31:00;M1;6;21;4598,75868;4593,02000;DOWN
2026-04-28 15:03:00;M1;6;21;4565,85104;4567,87000;UP
2026-04-28 15:11:00;M1;6;34;4574,91987;4575,29000;UP
2026-04-28 15:14:00;M1;6;55;4581,27568;4581,57000;UP
2026-04-28 15:20:00;M1;6;89;4587,02435;4591,67000;UP
2026-04-28 15:24:00;M1;6;55;4579,07200;4577,90000;DOWN
2026-04-28 15:26:00;M1;6;55;4577,26490;4578,68000;UP
2026-04-28 15:25:00;M1;6;89;4585,21834;4574,95000;DOWN
2026-04-28 15:31:00;M1;6;55;4575,87641;4574,19000;DOWN
2026-04-28 15:37:00;M1;6;55;4574,87829;4582,59000;UP
2026-04-28 16:01:00;M1;6;21;4590,79188;4586,16000;DOWN
2026-04-28 16:07:00;M1;6;89;4578,57476;4577,10000;DOWN
2026-04-28 16:13:00;M1;6;34;4578,26733;4578,40000;UP
2026-04-28 16:19:00;M1;6;89;4577,00920;4576,58000;DOWN
2026-04-28 16:29:00;M1;6;34;4579,34473;4581,83000;UP
2026-04-28 16:31:00;M1;6;89;4575,47095;4573,16000;DOWN
2026-04-28 16:42:00;M1;6;21;4581,60836;4587,18000;UP
2026-04-28 16:54:00;M1;6;34;4582,24500;4581,14000;DOWN
2026-04-28 16:55:00;M1;6;21;4580,93281;4576,14000;DOWN
2026-04-28 17:02:00;M1;6;89;4572,65587;4569,66000;DOWN
2026-04-28 17:07:00;M1;6;89;4572,04082;4573,16000;UP
2026-04-28 17:17:00;M1;6;55;4573,74955;4574,97000;UP
2026-04-28 17:13:00;M1;6;89;4571,42388;4568,46000;DOWN
2026-04-28 17:19:00;M1;6;89;4570,69885;4571,44000;UP
2026-04-28 17:19:00;M1;6;55;4573,52692;4571,44000;DOWN
2026-04-28 17:28:00;M1;6;21;4571,87172;4572,16000;UP
2026-04-28 17:26:00;M1;6;89;4569,95035;4569,94000;DOWN
2026-04-28 17:31:00;M1;6;34;4574,09060;4574,50000;UP
2026-04-28 17:35:00;M1;6;21;4569,73790;4565,65000;DOWN
2026-04-28 17:37:00;M1;6;89;4568,19477;4563,69000;DOWN
2026-04-28 17:47:00;M1;6;21;4565,39159;4567,00000;UP
2026-04-28 17:49:00;M1;6;21;4563,73135;4563,00000;DOWN
2026-04-28 17:55:00;M1;6;21;4563,66393;4565,32000;UP
2026-04-28 18:21:00;M1;6;21;4569,81007;4568,73000;DOWN
2026-04-28 18:26:00;M1;6;21;4571,12719;4575,95000;UP
2026-04-28 18:34:00;M1;6;21;4572,39804;4571,59000;DOWN
2026-04-28 18:37:00;M1;6;21;4574,18723;4580,52000;UP
2026-04-28 19:08:00;M1;6;21;4584,59568;4583,27000;DOWN
2026-04-28 19:17:00;M1;6;34;4579,92141;4579,21000;DOWN
2026-04-28 19:20:00;M1;6;34;4581,26005;4582,88000;UP
2026-04-28 19:32:00;M1;6;34;4583,30545;4583,08000;DOWN
2026-04-28 19:37:00;M1;6;34;4584,11782;4585,59000;UP
2026-04-28 19:45:00;M1;6;21;4585,70789;4587,09000;UP
2026-04-28 19:43:00;M1;6;34;4584,93857;4583,26000;DOWN
2026-04-28 19:49:00;M1;6;34;4586,14451;4586,55000;UP
2026-04-28 19:49:00;M1;6;21;4586,61066;4586,55000;DOWN
2026-04-28 19:55:00;M1;6;21;4587,96953;4592,56000;UP
2026-04-28 20:05:00;M1;6;21;4589,22629;4589,15000;DOWN
2026-04-28 20:07:00;M1;6;21;4590,60985;4591,09000;UP
2026-04-28 20:16:00;M1;6;34;4591,01879;4589,71000;DOWN
2026-04-28 20:24:00;M1;6;21;4592,02228;4595,09000;UP
2026-04-28 20:49:00;M1;6;21;4598,62373;4598,20000;DOWN
2026-04-28 20:58:00;M1;6;55;4594,71317;4594,41000;DOWN
2026-04-28 21:01:00;M1;6;55;4595,83825;4597,57000;UP
2026-04-28 21:07:00;M1;6;55;4596,80655;4595,39000;DOWN
2026-04-28 21:18:00;M1;6;55;4597,67038;4598,41000;UP
2026-04-28 21:24:00;M1;6;21;4599,14418;4599,19000;UP
2026-04-28 21:19:00;M1;6;55;4598,47294;4597,83000;DOWN
2026-04-28 21:25:00;M1;6;55;4599,21940;4599,27000;UP
2026-04-28 21:25:00;M1;6;21;4599,30115;4599,27000;DOWN
2026-04-28 21:31:00;M1;6;55;4599,79347;4597,74000;DOWN
2026-04-28 21:48:00;M1;6;21;4598,17615;4598,35000;UP
2026-04-28 21:50:00;M1;6;21;4598,06939;4598,06000;DOWN
2026-04-28 21:55:00;M1;6;89;4595,21052;4593,43000;DOWN
2026-04-28 22:01:00;M1;6;89;4596,06926;4597,05000;UP
2026-04-28 22:07:00;M1;6;89;4596,86660;4596,73000;DOWN
2026-04-28 22:25:00;M1;6;21;4596,14172;4596,75000;UP
2026-04-28 22:31:00;M1;6;21;4596,07543;4595,81000;DOWN
2026-04-28 22:37:00;M1;6;21;4596,42456;4597,81000;UP
2026-04-28 22:48:00;M1;6;34;4597,72127;4597,09000;DOWN
2026-04-28 22:49:00;M1;6;34;4597,59464;4597,86000;UP
2026-04-28 22:50:00;M1;6;21;4596,95274;4596,24000;DOWN
2026-04-28 22:55:00;M1;6;34;4597,38706;4595,68000;DOWN
2026-04-28 23:04:00;M1;6;21;4596,74197;4596,79000;UP
2026-04-28 23:17:00;M1;6;34;4596,80550;4594,74000;DOWN
2026-04-28 23:31:00;M1;6;21;4594,54694;4595,22000;UP
2026-04-28 23:37:00;M1;6;21;4593,94698;4593,68000;DOWN
2026-04-28 23:43:00;M1;6;21;4593,47284;4593,65000;UP
2026-04-28 23:52:00;M1;6;34;4594,39722;4595,18000;UP
2026-04-28 23:49:00;M1;6;21;4593,30061;4593,09000;DOWN
2026-04-28 23:55:00;M1;6;21;4593,44562;4596,03000;UP
2026-04-29 01:01:00;M1;6;55;4596,35853;4598,39000;UP
2026-04-29 01:07:00;M1;6;55;4596,17113;4594,50000;DOWN
2026-04-29 01:13:00;M1;6;55;4596,02241;4596,36000;UP
2026-04-29 01:29:00;M1;6;55;4595,84309;4595,80000;DOWN
2026-04-29 01:33:00;M1;6;21;4596,36062;4596,50000;UP
2026-04-29 01:37:00;M1;6;55;4595,73100;4595,41000;DOWN
2026-04-29 02:20:00;M1;6;21;4592,04378;4592,27000;UP
2026-04-29 02:25:00;M1;6;21;4591,45994;4590,49000;DOWN
2026-04-29 02:31:00;M1;6;21;4590,86086;4592,22000;UP
2026-04-29 02:37:00;M1;6;21;4590,17182;4589,36000;DOWN
2026-04-29 02:43:00;M1;6;21;4589,73706;4590,25000;UP
2026-04-29 02:52:00;M1;6;34;4591,02721;4591,46000;UP
2026-04-29 02:49:00;M1;6;21;4589,51211;4589,17000;DOWN
2026-04-29 02:55:00;M1;6;21;4590,00452;4593,54000;UP
2026-04-29 03:19:00;M1;6;21;4601,15390;4600,78000;DOWN
2026-04-29 03:25:00;M1;6;21;4602,75586;4603,87000;UP
2026-04-29 03:31:00;M1;6;21;4603,83654;4600,36000;DOWN
2026-04-29 03:48:00;M1;6;34;4600,98588;4600,06000;DOWN
2026-04-29 03:52:00;M1;6;55;4598,25211;4598,05000;DOWN
2026-04-29 03:55:00;M1;6;55;4598,76575;4599,28000;UP
2026-04-29 04:00:00;M1;6;89;4597,56056;4594,39000;DOWN
2026-04-29 04:01:00;M1;6;55;4598,79604;4591,78000;DOWN
2026-04-29 04:32:00;M1;6;21;4582,83711;4583,74000;UP
2026-04-29 04:43:00;M1;6;34;4588,31373;4588,73000;UP
2026-04-29 04:49:00;M1;6;34;4586,61739;4583,60000;DOWN
2026-04-29 05:00:00;M1;6;34;4585,13358;4590,40000;UP
2026-04-29 05:01:00;M1;6;55;4589,84108;4593,64000;UP
2026-04-29 05:35:00;M1;6;21;4598,36954;4598,00000;DOWN
2026-04-29 05:53:00;M1;6;34;4594,38679;4592,91000;DOWN
2026-04-29 05:58:00;M1;6;89;4592,99706;4592,81000;DOWN
2026-04-29 06:03:00;M1;6;34;4596,16512;4597,00000;UP
2026-04-29 06:08:00;M1;6;21;4599,65496;4600,10000;UP
2026-04-29 06:23:00;M1;6;21;4599,55636;4599,51000;DOWN
2026-04-29 06:25:00;M1;6;21;4599,58379;4599,75000;UP
2026-04-29 06:25:00;M1;6;34;4599,92353;4599,75000;DOWN
2026-04-29 06:31:00;M1;6;21;4599,34649;4597,28000;DOWN
2026-04-29 06:41:00;M1;6;89;4594,74864;4594,43000;DOWN
2026-04-29 06:51:00;M1;6;89;4595,06102;4595,19000;UP
2026-04-29 07:00:00;M1;6;21;4596,28836;4596,55000;UP
2026-04-29 06:55:00;M1;6;89;4595,16460;4593,47000;DOWN
2026-04-29 07:01:00;M1;6;55;4597,24566;4598,41000;UP
2026-04-29 07:08:00;M1;6;34;4598,37379;4598,95000;UP
2026-04-29 07:25:00;M1;6;55;4598,92943;4598,04000;DOWN
2026-04-29 07:31:00;M1;6;21;4599,77083;4603,66000;UP
2026-04-29 07:43:00;M1;6;21;4602,20530;4601,88000;DOWN
2026-04-29 07:49:00;M1;6;21;4603,18852;4603,90000;UP
2026-04-29 08:00:00;M1;6;21;4604,07517;4603,14000;DOWN
2026-04-29 08:03:00;M1;6;21;4604,89013;4606,01000;UP
2026-04-29 08:08:00;M1;6;55;4602,34713;4601,96000;DOWN
2026-04-29 08:21:00;M1;6;89;4599,99192;4599,56000;DOWN
2026-04-29 08:28:00;M1;6;89;4600,40809;4600,48000;UP
2026-04-29 08:31:00;M1;6;89;4600,71746;4597,44000;DOWN
2026-04-29 08:46:00;M1;6;21;4599,54473;4600,50000;UP
2026-04-29 08:50:00;M1;6;34;4601,60747;4601,61000;UP
2026-04-29 08:49:00;M1;6;89;4601,31602;4599,48000;DOWN
2026-04-29 08:55:00;M1;6;34;4600,63711;4595,62000;DOWN
2026-04-29 09:01:00;M1;6;21;4596,11105;4597,12000;UP
2026-04-29 09:07:00;M1;6;21;4594,54008;4592,94000;DOWN
2026-04-29 09:31:00;M1;6;21;4585,51263;4586,70000;UP
2026-04-29 09:38:00;M1;6;21;4583,74977;4583,22000;DOWN
2026-04-29 09:43:00;M1;6;21;4582,60224;4586,10000;UP
2026-04-29 09:56:00;M1;6;34;4584,21781;4584,53000;UP
2026-04-29 10:08:00;M1;6;34;4582,05665;4581,47000;DOWN
2026-04-29 10:32:00;M1;6;21;4576,74452;4577,39000;UP
2026-04-29 10:39:00;M1;6;34;4575,56520;4571,61000;DOWN
2026-04-29 10:56:00;M1;6;21;4570,02910;4570,11000;UP
2026-04-29 11:02:00;M1;6;34;4569,98910;4569,85000;DOWN
2026-04-29 11:07:00;M1;6;21;4566,54223;4568,22000;UP
2026-04-29 11:13:00;M1;6;34;4567,29287;4565,04000;DOWN
2026-04-29 11:19:00;M1;6;21;4564,56226;4569,63000;UP
2026-04-29 11:27:00;M1;6;55;4567,67570;4566,46000;DOWN
2026-04-29 11:31:00;M1;6;55;4566,23212;4567,30000;UP
2026-04-29 11:34:00;M1;6;34;4563,94769;4562,38000;DOWN
2026-04-29 11:40:00;M1;6;21;4562,23541;4562,62000;UP
2026-04-29 11:37:00;M1;6;55;4564,90993;4557,87000;DOWN
2026-04-29 11:43:00;M1;6;55;4563,90462;4564,68000;UP
2026-04-29 11:51:00;M1;6;89;4571,81461;4572,64000;UP
2026-04-29 12:24:00;M1;6;21;4573,56414;4572,14000;DOWN
2026-04-29 12:29:00;M1;6;89;4567,15330;4565,80000;DOWN
2026-04-29 12:35:00;M1;6;34;4568,81497;4569,16000;UP
2026-04-29 12:38:00;M1;6;89;4565,90970;4565,43000;DOWN
2026-04-29 13:03:00;M1;6;21;4560,03211;4562,43000;UP
2026-04-29 13:09:00;M1;6;34;4563,30501;4565,30000;UP
2026-04-29 13:45:00;M1;6;34;4565,84718;4565,32000;DOWN
2026-04-29 13:50:00;M1;6;21;4569,93712;4570,58000;UP
2026-04-29 13:55:00;M1;6;34;4566,53892;4565,17000;DOWN
2026-04-29 14:01:00;M1;6;34;4566,83812;4568,81000;UP
2026-04-29 14:09:00;M1;6;34;4567,20678;4567,06000;DOWN
2026-04-29 14:13:00;M1;6;34;4567,63792;4568,95000;UP
2026-04-29 14:20:00;M1;6;34;4567,96050;4567,47000;DOWN
2026-04-29 14:27:00;M1;6;55;4565,61806;4565,13000;DOWN
2026-04-29 14:35:00;M1;6;21;4568,08093;4570,04000;UP
2026-04-29 14:41:00;M1;6;55;4565,85008;4565,53000;DOWN
2026-04-29 14:44:00;M1;6;21;4566,60965;4566,89000;UP
2026-04-29 14:54:00;M1;6;89;4560,55531;4560,47000;DOWN
2026-04-29 14:56:00;M1;6;89;4560,56596;4560,89000;UP
2026-04-29 15:01:00;M1;6;21;4563,23661;4563,90000;UP
2026-04-29 15:09:00;M1;6;55;4565,04919;4562,78000;DOWN
2026-04-29 15:13:00;M1;6;21;4562,65870;4565,33000;UP
2026-04-29 15:20:00;M1;6;55;4564,89623;4564,20000;DOWN
2026-04-29 15:27:00;M1;6;21;4562,33027;4563,52000;UP
2026-04-29 15:29:00;M1;6;89;4560,73577;4559,46000;DOWN
2026-04-29 15:31:00;M1;6;21;4561,40611;4555,45000;DOWN
2026-04-29 16:01:00;M1;6;21;4550,58094;4551,26000;UP
2026-04-29 16:08:00;M1;6;21;4548,06795;4547,83000;DOWN
2026-04-29 16:13:00;M1;6;21;4545,98010;4549,31000;UP
2026-04-29 16:20:00;M1;6;21;4543,32568;4540,01000;DOWN
2026-04-29 16:55:00;M1;6;21;4518,63448;4526,55000;UP
2026-04-29 17:01:00;M1;6;34;4523,72887;4522,59000;DOWN
2026-04-29 17:10:00;M1;6;34;4520,98035;4524,62000;UP
2026-04-29 17:16:00;M1;6;55;4529,13447;4531,67000;UP
2026-04-29 17:31:00;M1;6;89;4535,50957;4535,69000;UP
2026-04-29 17:49:00;M1;6;21;4535,08175;4532,85000;DOWN
2026-04-29 17:55:00;M1;6;21;4537,23961;4539,67000;UP
2026-04-29 18:09:00;M1;6;21;4541,05684;4539,93000;DOWN
2026-04-29 18:21:00;M1;6;21;4543,28203;4543,31000;UP
2026-04-29 18:27:00;M1;6;21;4544,04837;4543,70000;DOWN
2026-04-29 18:35:00;M1;6;21;4544,98939;4546,27000;UP
2026-04-29 18:53:00;M1;6;34;4546,32803;4545,73000;DOWN
2026-04-29 19:00:00;M1;6;21;4551,32356;4551,34000;UP
2026-04-29 19:20:00;M1;6;21;4560,23475;4557,33000;DOWN
2026-04-29 19:27:00;M1;6;21;4561,97807;4562,40000;UP
2026-04-29 19:30:00;M1;6;34;4558,77747;4556,44000;DOWN
2026-04-29 19:36:00;M1;6;55;4549,27471;4548,63000;DOWN
2026-04-29 20:08:00;M1;6;21;4548,92330;4550,04000;UP
2026-04-29 20:23:00;M1;6;34;4554,19393;4554,29000;UP
2026-04-29 20:25:00;M1;6;34;4553,36736;4550,83000;DOWN
2026-04-29 20:31:00;M1;6;21;4546,68587;4547,19000;UP
2026-04-29 20:40:00;M1;6;89;4544,52731;4543,86000;DOWN
2026-04-29 20:43:00;M1;6;21;4545,07229;4545,08000;UP
2026-04-29 20:49:00;M1;6;89;4545,55500;4543,33000;DOWN
2026-04-29 20:57:00;M1;6;21;4544,11508;4544,20000;UP
2026-04-29 21:02:00;M1;6;89;4546,42706;4544,61000;DOWN
2026-04-29 21:36:00;M1;6;21;4532,90011;4535,65000;UP
2026-04-29 21:37:00;M1;6;21;4529,84342;4529,00000;DOWN
2026-04-29 21:47:00;M1;6;21;4527,14234;4527,16000;UP
2026-04-29 21:50:00;M1;6;34;4530,12982;4532,46000;UP
2026-04-29 21:55:00;M1;6;55;4537,09562;4539,05000;UP
2026-04-29 22:02:00;M1;6;89;4542,08449;4540,12000;DOWN
2026-04-29 22:07:00;M1;6;55;4534,49822;4539,68000;UP
2026-04-29 22:33:00;M1;6;89;4540,30003;4538,75000;DOWN
2026-04-29 22:38:00;M1;6;89;4540,10006;4540,58000;UP
2026-04-29 22:47:00;M1;6;21;4543,03928;4543,83000;UP
2026-04-29 22:43:00;M1;6;89;4539,95005;4538,67000;DOWN
2026-04-29 22:49:00;M1;6;89;4539,88803;4548,03000;UP
2026-04-29 22:57:00;M1;6;21;4545,99945;4545,74000;DOWN
2026-04-29 23:02:00;M1;6;21;4547,11789;4547,45000;UP
2026-04-29 23:12:00;M1;6;21;4548,35457;4547,95000;DOWN
2026-04-29 23:16:00;M1;6;34;4544,22352;4544,03000;DOWN
2026-04-29 23:20:00;M1;6;34;4545,45848;4545,50000;UP
2026-04-29 23:25:00;M1;6;34;4546,31067;4544,05000;DOWN
2026-04-30 01:06:00;M1;6;21;4543,63843;4544,37000;UP
2026-04-30 01:04:00;M1;6;89;4540,56789;4539,56000;DOWN
2026-04-30 01:10:00;M1;6;34;4546,41277;4546,79000;UP
2026-04-30 01:14:00;M1;6;34;4546,50385;4546,29000;DOWN
2026-04-30 01:19:00;M1;6;34;4546,80119;4549,89000;UP
2026-04-30 01:40:00;M1;6;21;4548,40148;4548,20000;DOWN
2026-04-30 01:45:00;M1;6;21;4549,34838;4549,70000;UP
2026-04-30 01:43:00;M1;6;34;4548,37646;4548,13000;DOWN
2026-04-30 01:49:00;M1;6;34;4548,85150;4551,52000;UP
2026-04-30 01:55:00;M1;6;21;4551,32628;4550,47000;DOWN
2026-04-30 02:01:00;M1;6;21;4552,11655;4552,82000;UP
2026-04-30 02:07:00;M1;6;21;4552,62502;4551,38000;DOWN
2026-04-30 02:14:00;M1;6;21;4552,86982;4553,27000;UP
2026-04-30 02:18:00;M1;6;55;4550,63142;4550,46000;DOWN
2026-04-30 02:20:00;M1;6;34;4551,68996;4552,07000;UP
2026-04-30 02:19:00;M1;6;21;4552,90163;4551,47000;DOWN
2026-04-30 02:25:00;M1;6;34;4552,12187;4552,00000;DOWN
2026-04-30 02:35:00;M1;6;21;4552,98152;4553,14000;UP
2026-04-30 02:32:00;M1;6;55;4551,94324;4551,68000;DOWN
2026-04-30 02:37:00;M1;6;55;4552,38496;4553,52000;UP
2026-04-30 03:14:00;M1;6;34;4558,68401;4558,08000;DOWN
2026-04-30 03:19:00;M1;6;21;4561,50020;4561,84000;UP
2026-04-30 03:28:00;M1;6;34;4560,58890;4560,56000;DOWN
2026-04-30 03:31:00;M1;6;21;4563,64070;4565,38000;UP
2026-04-30 03:37:00;M1;6;34;4562,69931;4562,63000;DOWN
2026-04-30 03:44:00;M1;6;21;4566,63417;4566,95000;UP
2026-04-30 03:56:00;M1;6;21;4570,32320;4570,18000;DOWN
2026-04-30 04:02:00;M1;6;34;4568,87349;4568,68000;DOWN
2026-04-30 04:09:00;M1;6;55;4566,73784;4565,59000;DOWN
2026-04-30 04:16:00;M1;6;34;4570,53432;4570,99000;UP
2026-04-30 04:22:00;M1;6;55;4568,59281;4568,09000;DOWN
2026-04-30 04:27:00;M1;6;21;4572,40903;4575,03000;UP
2026-04-30 04:36:00;M1;6;34;4573,05202;4572,54000;DOWN
2026-04-30 04:38:00;M1;6;21;4574,81473;4576,45000;UP
2026-04-30 04:45:00;M1;6;34;4575,36720;4575,25000;DOWN
2026-04-30 04:49:00;M1;6;21;4576,89183;4578,75000;UP
2026-04-30 05:05:00;M1;6;55;4576,77264;4576,65000;DOWN
2026-04-30 05:07:00;M1;6;55;4577,76672;4578,36000;UP
2026-04-30 05:13:00;M1;6;55;4578,72691;4577,46000;DOWN
2026-04-30 05:23:00;M1;6;89;4574,99086;4574,12000;DOWN
2026-04-30 06:01:00;M1;6;21;4563,86123;4567,29000;UP
2026-04-30 06:33:00;M1;6;21;4561,40064;4560,57000;DOWN
2026-04-30 06:44:00;M1;6;21;4560,39913;4561,54000;UP
2026-04-30 06:49:00;M1;6;21;4559,56145;4558,48000;DOWN
2026-04-30 07:10:00;M1;6;21;4555,72639;4556,45000;UP
2026-04-30 07:13:00;M1;6;21;4554,33402;4553,83000;DOWN
2026-04-30 07:43:00;M1;6;21;4543,94035;4544,18000;UP
2026-04-30 07:58:00;M1;6;34;4544,34856;4542,76000;DOWN
2026-04-30 08:01:00;M1;6;34;4543,43206;4546,85000;UP
2026-04-30 08:30:00;M1;6;89;4556,14913;4556,21000;UP
2026-04-30 08:55:00;M1;6;21;4566,26837;4564,93000;DOWN
2026-04-30 09:24:00;M1;6;21;4569,68168;4570,96000;UP
2026-04-30 09:26:00;M1;6;21;4570,26497;4567,27000;DOWN
2026-04-30 09:31:00;M1;6;21;4571,44200;4574,54000;UP
2026-04-30 10:16:00;M1;6;21;4589,76195;4589,64000;DOWN
2026-04-30 10:20:00;M1;6;34;4587,47683;4586,44000;DOWN
2026-04-30 10:27:00;M1;6;34;4589,56898;4589,88000;UP
2026-04-30 10:31:00;M1;6;34;4591,29127;4590,08000;DOWN
2026-04-30 10:41:00;M1;6;34;4592,96246;4593,61000;UP
2026-04-30 10:47:00;M1;6;21;4596,88443;4597,60000;UP
2026-04-30 10:45:00;M1;6;34;4594,78326;4594,23000;DOWN
2026-04-30 10:49:00;M1;6;34;4596,79382;4600,74000;UP
2026-04-30 10:50:00;M1;6;21;4598,42382;4597,05000;DOWN
2026-04-30 10:56:00;M1;6;21;4599,75804;4601,48000;UP
2026-04-30 10:55:00;M1;6;34;4598,68411;4598,62000;DOWN
2026-04-30 11:02:00;M1;6;34;4601,70226;4602,34000;UP
2026-04-30 11:01:00;M1;6;21;4603,37783;4601,44000;DOWN
2026-04-30 11:07:00;M1;6;21;4607,57149;4619,99000;UP
2026-04-30 11:19:00;M1;6;21;4616,23720;4614,44000;DOWN
2026-04-30 11:32:00;M1;6;34;4617,13236;4616,29000;DOWN
2026-04-30 11:38:00;M1;6;34;4618,93722;4619,82000;UP
2026-04-30 11:43:00;M1;6;55;4615,84009;4615,49000;DOWN
2026-04-30 11:51:00;M1;6;55;4618,05408;4618,42000;UP
2026-04-30 11:55:00;M1;6;55;4620,02417;4616,73000;DOWN
2026-04-30 12:27:00;M1;6;21;4620,61565;4621,39000;UP
2026-04-30 12:31:00;M1;6;55;4628,25959;4627,98000;DOWN
2026-04-30 12:41:00;M1;6;89;4619,13134;4619,01000;DOWN
2026-04-30 12:48:00;M1;6;21;4622,60629;4623,12000;UP
2026-04-30 12:54:00;M1;6;34;4626,32758;4626,65000;UP
2026-04-30 12:50:00;M1;6;89;4622,74868;4622,66000;DOWN
2026-04-30 12:55:00;M1;6;21;4623,78470;4625,92000;UP
2026-04-30 12:55:00;M1;6;34;4626,36038;4625,92000;DOWN
2026-04-30 13:01:00;M1;6;34;4626,61265;4628,70000;UP
2026-04-30 13:02:00;M1;6;89;4626,11752;4625,91000;DOWN
2026-04-30 13:07:00;M1;6;21;4625,99357;4627,45000;UP
2026-04-30 13:08:00;M1;6;34;4627,00982;4626,82000;DOWN
2026-04-30 13:15:00;M1;6;34;4627,60527;4628,55000;UP
2026-04-30 13:13:00;M1;6;21;4627,21635;4625,44000;DOWN
2026-04-30 13:19:00;M1;6;21;4628,82516;4629,08000;UP
2026-04-30 13:19:00;M1;6;89;4630,81262;4629,08000;DOWN
2026-04-30 13:25:00;M1;6;89;4632,48523;4635,09000;UP
2026-04-30 13:34:00;M1;6;55;4635,91973;4635,84000;DOWN
2026-04-30 13:38:00;M1;6;55;4636,96900;4637,66000;UP
2026-04-30 13:37:00;M1;6;89;4635,83291;4635,76000;DOWN
2026-04-30 13:43:00;M1;6;89;4637,45046;4638,98000;UP
2026-04-30 13:44:00;M1;6;55;4637,95892;4636,53000;DOWN
2026-04-30 13:50:00;M1;6;34;4636,96071;4637,46000;UP
2026-04-30 13:49:00;M1;6;89;4638,99704;4636,79000;DOWN
2026-04-30 13:55:00;M1;6;34;4638,29203;4636,15000;DOWN
2026-04-30 14:02:00;M1;6;34;4639,49903;4642,07000;UP
2026-04-30 14:09:00;M1;6;21;4643,21239;4644,76000;UP
2026-04-30 14:07:00;M1;6;89;4643,26926;4639,99000;DOWN
2026-04-30 14:13:00;M1;6;21;4643,15493;4638,74000;DOWN
2026-04-30 14:49:00;M1;6;21;4634,62089;4634,99000;UP
2026-04-30 14:55:00;M1;6;21;4632,69579;4630,11000;DOWN
2026-04-30 15:01:00;M1;6;21;4631,31581;4635,93000;UP
2026-04-30 15:14:00;M1;6;34;4635,51371;4635,81000;UP
2026-04-30 15:16:00;M1;6;21;4629,98240;4628,80000;DOWN
2026-04-30 15:19:00;M1;6;21;4629,82634;4631,35000;UP
2026-04-30 15:19:00;M1;6;34;4634,59109;4631,35000;DOWN
2026-04-30 15:28:00;M1;6;21;4629,56746;4629,39000;DOWN
2026-04-30 15:31:00;M1;6;21;4629,13075;4632,28000;UP
2026-04-30 15:38:00;M1;6;34;4631,37795;4633,20000;UP
2026-04-30 15:41:00;M1;6;21;4628,72472;4628,45000;DOWN
2026-04-30 15:43:00;M1;6;21;4628,47902;4628,77000;UP
2026-04-30 15:43:00;M1;6;34;4630,43256;4628,77000;DOWN
2026-04-30 15:51:00;M1;6;34;4629,79674;4630,51000;UP
2026-04-30 15:49:00;M1;6;21;4628,75552;4626,95000;DOWN
2026-04-30 15:55:00;M1;6;21;4630,07589;4633,36000;UP
2026-04-30 16:08:00;M1;6;55;4635,87969;4634,83000;DOWN
2026-04-30 16:13:00;M1;6;55;4635,81505;4639,31000;UP
2026-04-30 16:23:00;M1;6;55;4635,77711;4635,62000;DOWN
2026-04-30 16:25:00;M1;6;55;4635,69024;4636,63000;UP
2026-04-30 16:29:00;M1;6;34;4633,80959;4633,56000;DOWN
2026-04-30 16:31:00;M1;6;55;4635,36398;4630,35000;DOWN
2026-04-30 17:02:00;M1;6;21;4618,59295;4620,55000;UP
2026-04-30 17:15:00;M1;6;34;4621,48101;4622,06000;UP
2026-04-30 17:30:00;M1;6;34;4619,45490;4618,76000;DOWN
2026-04-30 17:31:00;M1;6;34;4618,38106;4619,87000;UP
2026-04-30 17:36:00;M1;6;21;4614,36140;4612,73000;DOWN
2026-04-30 17:40:00;M1;6;21;4614,77451;4615,59000;UP
2026-04-30 17:37:00;M1;6;34;4617,30223;4613,00000;DOWN
2026-04-30 17:43:00;M1;6;34;4616,44825;4618,53000;UP
2026-04-30 17:49:00;M1;6;55;4620,07622;4619,27000;DOWN
2026-04-30 17:56:00;M1;6;55;4619,41515;4619,83000;UP
2026-04-30 18:02:00;M1;6;55;4618,66741;4617,62000;DOWN
2026-04-30 18:07:00;M1;6;21;4618,73972;4621,20000;UP
2026-04-30 18:13:00;M1;6;21;4618,85149;4618,14000;DOWN
2026-04-30 18:19:00;M1;6;21;4618,85283;4619,58000;UP
2026-04-30 18:22:00;M1;6;55;4616,92206;4616,56000;DOWN
2026-04-30 18:25:00;M1;6;55;4616,53132;4623,17000;UP
2026-04-30 18:31:00;M1;6;89;4623,36883;4623,94000;UP
2026-04-30 18:37:00;M1;6;89;4622,64972;4618,43000;DOWN
2026-04-30 18:55:00;M1;6;55;4614,81175;4615,36000;UP
2026-04-30 19:05:00;M1;6;21;4616,49847;4616,74000;UP
2026-04-30 19:01:00;M1;6;55;4614,46106;4611,26000;DOWN
2026-04-30 19:07:00;M1;6;55;4614,07636;4615,76000;UP
2026-04-30 19:07:00;M1;6;34;4616,13760;4615,76000;DOWN
2026-04-30 19:13:00;M1;6;55;4613,55892;4612,81000;DOWN
2026-04-30 19:25:00;M1;6;21;4610,08534;4610,39000;UP
2026-04-30 19:34:00;M1;6;34;4612,04964;4612,92000;UP
2026-04-30 19:31:00;M1;6;21;4608,67202;4607,68000;DOWN
2026-04-30 19:37:00;M1;6;21;4607,85857;4610,56000;UP
2026-04-30 19:37:00;M1;6;55;4611,25289;4610,56000;DOWN
2026-04-30 19:47:00;M1;6;34;4610,34219;4610,50000;UP
2026-04-30 19:49:00;M1;6;55;4610,32591;4613,31000;UP
2026-04-30 19:55:00;M1;6;89;4612,09358;4611,18000;DOWN
2026-04-30 20:01:00;M1;6;21;4608,64191;4612,63000;UP
2026-04-30 20:32:00;M1;6;21;4616,75883;4616,75000;DOWN
2026-04-30 20:37:00;M1;6;21;4617,93861;4620,45000;UP
2026-04-30 20:43:00;M1;6;21;4618,79591;4616,98000;DOWN
2026-04-30 21:00:00;M1;6;21;4619,31356;4621,87000;UP
2026-04-30 20:55:00;M1;6;34;4615,84680;4615,74000;DOWN
2026-04-30 21:01:00;M1;6;34;4616,83698;4622,48000;UP
2026-04-30 21:14:00;M1;6;21;4621,41785;4620,65000;DOWN
2026-04-30 21:19:00;M1;6;21;4622,36854;4623,93000;UP
2026-04-30 21:29:00;M1;6;34;4621,26579;4620,75000;DOWN
2026-04-30 21:52:00;M1;6;21;4622,87424;4623,14000;UP
2026-04-30 21:58:00;M1;6;34;4623,31972;4622,40000;DOWN
2026-04-30 22:01:00;M1;6;21;4623,24582;4624,68000;UP
2026-04-30 22:14:00;M1;6;34;4624,46208;4624,17000;DOWN
2026-04-30 22:19:00;M1;6;55;4622,61660;4621,75000;DOWN
2026-04-30 22:30:00;M1;6;89;4616,80830;4616,60000;DOWN
2026-04-30 22:34:00;M1;6;89;4617,17740;4618,01000;UP
2026-04-30 22:39:00;M1;6;21;4621,12303;4621,35000;UP
2026-04-30 22:50:00;M1;6;89;4618,17705;4615,89000;DOWN
2026-04-30 23:00:00;M1;6;89;4618,40803;4618,92000;UP
2026-04-30 23:01:00;M1;6;21;4618,33332;4619,14000;UP
2026-04-30 23:02:00;M1;6;89;4618,60815;4618,54000;DOWN
2026-04-30 23:07:00;M1;6;21;4617,54940;4616,86000;DOWN
2026-04-30 23:16:00;M1;6;21;4616,99614;4617,20000;UP
2026-04-30 23:26:00;M1;6;21;4616,30727;4616,20000;DOWN
2026-04-30 23:32:00;M1;6;21;4616,17873;4617,12000;UP
2026-04-30 23:37:00;M1;6;34;4617,17181;4617,09000;DOWN
2026-04-30 23:43:00;M1;6;34;4616,76627;4616,94000;UP
2026-04-30 23:53:00;M1;6;55;4619,66078;4619,75000;UP
2026-05-01 01:26:00;M1;6;21;4629,46184;4629,44000;DOWN
2026-05-01 01:31:00;M1;6;21;4631,18508;4631,30000;UP
2026-05-01 01:37:00;M1;6;21;4632,54260;4627,90000;DOWN
2026-05-01 01:55:00;M1;6;34;4630,35718;4630,00000;DOWN
2026-05-01 02:27:00;M1;6;21;4631,82262;4631,91000;UP
2026-05-01 02:44:00;M1;6;55;4631,83892;4631,25000;DOWN
2026-05-01 02:56:00;M1;6;89;4629,77539;4629,58000;DOWN
2026-05-01 03:20:00;M1;6;21;4627,32234;4627,43000;UP
2026-05-01 03:25:00;M1;6;21;4625,92870;4624,06000;DOWN
2026-05-01 03:45:00;M1;6;21;4621,74107;4622,94000;UP
2026-05-01 03:55:00;M1;6;34;4623,53276;4624,48000;UP
2026-05-01 03:59:00;M1;6;21;4620,21583;4619,71000;DOWN
2026-05-01 04:01:00;M1;6;34;4622,39979;4617,34000;DOWN
2026-05-01 04:14:00;M1;6;21;4617,45714;4618,41000;UP
2026-05-01 04:19:00;M1;6;21;4616,48736;4614,50000;DOWN
2026-05-01 04:27:00;M1;6;21;4615,68575;4616,54000;UP
2026-05-01 04:31:00;M1;6;34;4616,59299;4617,83000;UP
2026-05-01 04:42:00;M1;6;55;4621,26867;4621,74000;UP
2026-05-01 04:44:00;M1;6;55;4620,45140;4620,10000;DOWN
2026-05-01 04:49:00;M1;6;55;4619,76099;4619,85000;UP
2026-05-01 05:08:00;M1;6;89;4624,44342;4625,19000;UP
2026-05-01 05:28:00;M1;6;21;4629,93636;4628,62000;DOWN
2026-05-01 05:42:00;M1;6;34;4626,25866;4625,02000;DOWN
2026-05-01 05:44:00;M1;6;89;4624,89730;4624,23000;DOWN
2026-05-01 06:16:00;M1;6;21;4621,39877;4622,29000;UP
2026-05-01 06:20:00;M1;6;55;4622,36576;4623,73000;UP
2026-05-01 06:29:00;M1;6;34;4624,64061;4626,20000;UP
2026-05-01 06:57:00;M1;6;21;4626,54523;4626,45000;DOWN
2026-05-01 07:01:00;M1;6;21;4627,28371;4627,76000;UP
2026-05-01 07:03:00;M1;6;55;4625,38720;4624,84000;DOWN
2026-05-01 07:07:00;M1;6;89;4623,56301;4622,51000;DOWN
2026-05-01 08:05:00;M1;6;21;4609,64470;4610,85000;UP
2026-05-01 08:10:00;M1;6;34;4613,84657;4614,04000;UP
2026-05-01 08:17:00;M1;6;34;4612,54488;4612,48000;DOWN
2026-05-01 08:19:00;M1;6;34;4611,59953;4613,96000;UP
2026-05-01 08:27:00;M1;6;55;4615,45814;4615,49000;UP
2026-05-01 08:32:00;M1;6;55;4614,79875;4612,78000;DOWN
2026-05-01 08:38:00;M1;6;34;4610,07146;4609,67000;DOWN
2026-05-01 08:47:00;M1;6;21;4610,97949;4611,87000;UP
2026-05-01 08:54:00;M1;6;34;4609,31596;4608,41000;DOWN
2026-05-01 09:44:00;M1;6;21;4592,92820;4593,37000;UP
2026-05-01 09:55:00;M1;6;34;4594,21950;4595,03000;UP
2026-05-01 10:04:00;M1;6;34;4592,84189;4592,72000;DOWN
2026-05-01 10:07:00;M1;6;34;4591,78535;4595,94000;UP
2026-05-01 10:21:00;M1;6;55;4592,86222;4590,33000;DOWN
2026-05-01 10:28:00;M1;6;21;4590,91394;4592,08000;UP
2026-05-01 10:31:00;M1;6;55;4591,04164;4588,70000;DOWN
2026-05-01 11:07:00;M1;6;21;4579,92577;4581,41000;UP
2026-05-01 11:13:00;M1;6;21;4577,13797;4575,43000;DOWN
2026-05-01 11:31:00;M1;6;21;4568,40557;4568,44000;UP
2026-05-01 11:42:00;M1;6;34;4571,09669;4571,14000;UP
2026-05-01 11:48:00;M1;6;34;4569,25922;4568,73000;DOWN
2026-05-01 11:49:00;M1;6;34;4567,49435;4571,17000;UP
2026-05-01 11:55:00;M1;6;55;4568,93625;4567,46000;DOWN
2026-05-01 12:07:00;M1;6;55;4566,22436;4566,61000;UP
2026-05-01 12:13:00;M1;6;55;4564,99817;4564,82000;DOWN
2026-05-01 12:19:00;M1;6;55;4563,98720;4568,20000;UP
2026-05-01 12:54:00;M1;6;89;4563,96707;4560,99000;DOWN
2026-05-01 12:55:00;M1;6;55;4560,82033;4563,65000;UP
2026-05-01 13:05:00;M1;6;34;4563,90137;4564,06000;UP
2026-05-01 13:08:00;M1;6;21;4566,76791;4567,59000;UP
2026-05-01 13:39:00;M1;6;21;4568,51909;4568,22000;DOWN
2026-05-01 13:43:00;M1;6;21;4569,22334;4569,65000;UP
2026-05-01 13:53:00;M1;6;34;4567,90934;4566,76000;DOWN
2026-05-01 13:55:00;M1;6;34;4568,10729;4568,43000;UP
2026-05-01 14:01:00;M1;6;34;4568,09374;4564,60000;DOWN
2026-05-01 14:17:00;M1;6;21;4567,83995;4569,49000;UP
2026-05-01 14:50:00;M1;6;21;4573,86985;4573,79000;DOWN
2026-05-01 14:55:00;M1;6;21;4575,48809;4579,28000;UP
2026-05-01 15:01:00;M1;6;21;4577,03284;4576,47000;DOWN
2026-05-01 15:13:00;M1;6;21;4579,87041;4581,62000;UP
2026-05-01 15:41:00;M1;6;21;4595,78183;4592,97000;DOWN
2026-05-01 15:43:00;M1;6;34;4591,03832;4589,13000;DOWN
2026-05-01 15:50:00;M1;6;34;4593,32462;4593,71000;UP
2026-05-01 15:55:00;M1;6;34;4594,98817;4592,06000;DOWN
2026-05-01 16:13:00;M1;6;55;4591,87314;4590,96000;DOWN
2026-05-01 16:32:00;M1;6;21;4595,10818;4595,41000;UP
2026-05-01 16:47:00;M1;6;34;4600,97109;4598,99000;DOWN
2026-05-01 16:50:00;M1;6;34;4602,54621;4608,45000;UP
2026-05-01 17:25:00;M1;6;21;4647,85483;4646,90000;DOWN
2026-05-01 17:37:00;M1;6;34;4640,84348;4637,76000;DOWN
2026-05-01 17:44:00;M1;6;55;4633,42521;4633,21000;DOWN
2026-05-01 18:07:00;M1;6;89;4626,26126;4621,79000;DOWN
2026-05-01 18:14:00;M1;6;21;4635,53430;4636,29000;UP
2026-05-01 18:46:00;M1;6;34;4644,27549;4646,39000;UP
2026-05-01 18:50:00;M1;6;34;4644,23385;4642,40000;DOWN
2026-05-01 18:55:00;M1;6;34;4644,20008;4644,90000;UP
2026-05-01 19:01:00;M1;6;89;4643,87746;4643,85000;DOWN
2026-05-01 19:15:00;M1;6;21;4645,97306;4646,33000;UP
2026-05-01 19:19:00;M1;6;89;4648,77965;4647,15000;DOWN
2026-05-01 19:54:00;M1;6;21;4640,94545;4641,08000;UP
2026-05-01 19:59:00;M1;6;21;4640,02941;4638,80000;DOWN
2026-05-01 20:01:00;M1;6;21;4639,23671;4641,20000;UP
2026-05-01 20:10:00;M1;6;21;4638,59207;4638,39000;DOWN
2026-05-01 20:13:00;M1;6;21;4637,94006;4638,60000;UP
2026-05-01 20:22:00;M1;6;21;4637,23952;4635,59000;DOWN
2026-05-01 20:53:00;M1;6;21;4629,89796;4631,23000;UP
2026-05-01 21:01:00;M1;6;21;4627,37423;4627,07000;DOWN
2026-05-01 21:23:00;M1;6;21;4621,10324;4621,15000;UP
2026-05-01 21:34:00;M1;6;21;4618,59717;4617,55000;DOWN
2026-05-01 21:40:00;M1;6;21;4617,98723;4618,11000;UP
2026-05-01 21:50:00;M1;6;55;4624,76294;4625,42000;UP
2026-05-01 21:58:00;M1;6;55;4623,58295;4623,37000;DOWN
2026-05-01 22:01:00;M1;6;55;4622,53367;4622,96000;UP
2026-05-01 22:07:00;M1;6;55;4621,67340;4621,67000;DOWN
2026-05-01 22:13:00;M1;6;55;4621,04235;4625,91000;UP
2026-05-01 22:30:00;M1;6;21;4624,03724;4622,20000;DOWN
2026-05-01 22:32:00;M1;6;55;4619,71988;4618,94000;DOWN
2026-05-01 23:12:00;M1;6;21;4610,62628;4610,94000;UP
2026-05-01 23:25:00;M1;6;34;4610,92739;4612,46000;UP
2026-05-01 23:53:00;M1;6;89;4615,25899;4616,55000;UP
2026-05-01 23:57:00;M1;6;89;4614,36654;4613,08000;DOWN
2026-05-04 01:01:00;M1;6;89;4613,72648;4628,15000;UP
2026-05-04 01:20:00;M1;6;21;4620,84111;4619,92000;DOWN
2026-05-04 01:34:00;M1;6;21;4622,92950;4623,51000;UP
2026-05-04 01:53:00;M1;6;34;4622,05904;4620,93000;DOWN
2026-05-04 02:02:00;M1;6;55;4617,06278;4616,21000;DOWN
2026-05-04 02:12:00;M1;6;89;4613,35018;4611,88000;DOWN
2026-05-04 02:14:00;M1;6;89;4613,40727;4615,05000;UP
2026-05-04 02:31:00;M1;6;21;4616,81209;4616,95000;UP
2026-05-04 02:39:00;M1;6;21;4615,65485;4614,81000;DOWN
2026-05-04 02:47:00;M1;6;21;4614,71322;4615,37000;UP
2026-05-04 02:45:00;M1;6;89;4613,41298;4611,87000;DOWN
2026-05-04 02:49:00;M1;6;89;4613,41487;4614,27000;UP
2026-05-04 02:50:00;M1;6;21;4614,18515;4613,57000;DOWN
2026-05-04 02:55:00;M1;6;21;4613,76031;4616,28000;UP
2026-05-04 02:58:00;M1;6;89;4613,40395;4612,32000;DOWN
2026-05-04 03:01:00;M1;6;21;4612,98486;4606,40000;DOWN
2026-05-04 03:07:00;M1;6;21;4612,49134;4615,44000;UP
2026-05-04 03:13:00;M1;6;89;4613,10218;4611,49000;DOWN
2026-05-04 03:31:00;M1;6;21;4607,36035;4608,82000;UP
2026-05-04 03:38:00;M1;6;21;4606,53759;4606,34000;DOWN
2026-05-04 03:43:00;M1;6;21;4606,12436;4608,06000;UP
2026-05-04 03:55:00;M1;6;55;4611,04980;4612,31000;UP
2026-05-04 04:01:00;M1;6;89;4610,51289;4609,06000;DOWN
2026-05-04 04:37:00;M1;6;21;4598,08505;4599,76000;UP
2026-05-04 04:45:00;M1;6;55;4602,14189;4602,89000;UP
2026-05-04 04:51:00;M1;6;89;4605,69068;4606,03000;UP
2026-05-04 04:49:00;M1;6;55;4601,28851;4601,19000;DOWN
2026-05-04 04:55:00;M1;6;55;4600,85967;4606,72000;UP
2026-05-04 05:11:00;M1;6;89;4604,48432;4603,67000;DOWN
2026-05-04 05:13:00;M1;6;89;4604,15294;4609,91000;UP
2026-05-04 05:15:00;M1;6;21;4604,87544;4604,53000;DOWN
2026-05-04 05:19:00;M1;6;21;4604,96634;4605,05000;UP
2026-05-04 05:20:00;M1;6;89;4603,75842;4602,50000;DOWN
2026-05-04 05:25:00;M1;6;21;4603,74911;4597,51000;DOWN
2026-05-04 05:38:00;M1;6;21;4600,68913;4600,69000;UP
2026-05-04 05:44:00;M1;6;89;4601,40362;4603,86000;UP
2026-05-04 06:36:00;M1;6;34;4606,03274;4605,85000;DOWN
2026-05-04 06:41:00;M1;6;89;4600,33020;4599,56000;DOWN
2026-05-04 06:46:00;M1;6;21;4609,10781;4612,59000;UP
2026-05-04 07:03:00;M1;6;34;4609,44854;4609,40000;DOWN
2026-05-04 07:07:00;M1;6;34;4610,50022;4611,89000;UP
2026-05-04 07:17:00;M1;6;21;4612,55114;4612,76000;UP
2026-05-04 07:14:00;M1;6;34;4611,43345;4611,14000;DOWN
2026-05-04 07:19:00;M1;6;21;4612,53161;4611,22000;DOWN
2026-05-04 07:27:00;M1;6;55;4608,42844;4608,06000;DOWN
2026-05-04 07:35:00;M1;6;21;4612,02512;4612,05000;UP
2026-05-04 07:41:00;M1;6;55;4609,47460;4608,87000;DOWN
2026-05-04 08:02:00;M1;6;89;4605,23858;4604,41000;DOWN
2026-05-04 08:09:00;M1;6;89;4605,43569;4606,11000;UP
2026-05-04 08:13:00;M1;6;89;4605,55276;4601,97000;DOWN
2026-05-04 08:19:00;M1;6;21;4605,29467;4611,03000;UP
2026-05-04 08:25:00;M1;6;89;4605,72622;4601,57000;DOWN
2026-05-04 08:44:00;M1;6;21;4597,54651;4598,90000;UP
2026-05-04 08:50:00;M1;6;21;4596,09174;4595,53000;DOWN
2026-05-04 08:55:00;M1;6;21;4595,35019;4598,52000;UP
2026-05-04 09:01:00;M1;6;34;4597,57640;4595,50000;DOWN
2026-05-04 09:08:00;M1;6;21;4592,85640;4593,21000;UP
2026-05-04 09:15:00;M1;6;34;4594,97160;4593,08000;DOWN
2026-05-04 09:19:00;M1;6;34;4593,72206;4596,68000;UP
2026-05-04 09:23:00;M1;6;21;4591,37338;4590,89000;DOWN
2026-05-04 09:27:00;M1;6;21;4591,10851;4592,95000;UP
2026-05-04 09:25:00;M1;6;34;4592,67210;4589,88000;DOWN
2026-05-04 09:31:00;M1;6;34;4591,64148;4592,10000;UP
2026-05-04 09:33:00;M1;6;21;4590,64905;4588,36000;DOWN
2026-05-04 09:37:00;M1;6;34;4590,52570;4587,89000;DOWN
2026-05-04 09:49:00;M1;6;21;4587,98477;4589,99000;UP
2026-05-04 10:00:00;M1;6;34;4587,46920;4587,00000;DOWN
2026-05-04 10:01:00;M1;6;21;4587,27014;4590,04000;UP
2026-05-04 10:07:00;M1;6;55;4589,76409;4589,54000;DOWN
2026-05-04 10:13:00;M1;6;55;4588,81161;4592,10000;UP
2026-05-04 10:24:00;M1;6;55;4587,95966;4587,94000;DOWN
2026-05-04 10:26:00;M1;6;55;4587,13076;4587,73000;UP
2026-05-04 10:25:00;M1;6;34;4585,80047;4585,36000;DOWN
2026-05-04 10:35:00;M1;6;21;4586,69203;4587,22000;UP
2026-05-04 10:31:00;M1;6;55;4586,36271;4583,11000;DOWN
2026-05-04 10:38:00;M1;6;55;4585,59359;4586,23000;UP
2026-05-04 10:37:00;M1;6;34;4585,12001;4584,90000;DOWN
2026-05-04 10:43:00;M1;6;21;4586,28044;4586,40000;UP
2026-05-04 10:52:00;M1;6;55;4584,31955;4583,58000;DOWN
2026-05-04 11:13:00;M1;6;21;4578,44406;4578,84000;UP
2026-05-04 11:19:00;M1;6;21;4576,74406;4575,90000;DOWN
2026-05-04 11:25:00;M1;6;21;4575,27222;4578,65000;UP
2026-05-04 11:31:00;M1;6;55;4577,49014;4576,28000;DOWN
2026-05-04 11:37:00;M1;6;34;4576,18777;4577,11000;UP
2026-05-04 11:56:00;M1;6;89;4578,74668;4579,11000;UP
2026-05-04 12:01:00;M1;6;89;4577,95082;4577,24000;DOWN
2026-05-04 12:07:00;M1;6;89;4577,25051;4580,79000;UP
2026-05-04 12:31:00;M1;6;21;4581,34869;4581,28000;DOWN
2026-05-04 12:37:00;M1;6;21;4582,22275;4583,27000;UP
2026-05-04 12:43:00;M1;6;21;4582,80784;4582,14000;DOWN
2026-05-04 12:51:00;M1;6;34;4579,49826;4578,87000;DOWN
2026-05-04 12:58:00;M1;6;89;4574,56194;4574,42000;DOWN
2026-05-04 13:31:00;M1;6;21;4541,76315;4546,56000;UP
2026-05-04 13:39:00;M1;6;55;4560,48832;4561,26000;UP
2026-05-04 13:46:00;M1;6;89;4562,66814;4563,65000;UP
2026-05-04 13:44:00;M1;6;55;4558,80262;4558,69000;DOWN
2026-05-04 13:49:00;M1;6;55;4557,60696;4566,56000;UP
2026-05-04 14:25:00;M1;6;21;4566,11960;4564,32000;DOWN
2026-05-04 14:34:00;M1;6;89;4556,92797;4556,78000;DOWN
2026-05-04 14:37:00;M1;6;89;4556,44626;4560,29000;UP
2026-05-04 14:39:00;M1;6;55;4555,04448;4553,65000;DOWN
2026-05-04 14:45:00;M1;6;34;4556,42321;4556,58000;UP
2026-05-04 14:43:00;M1;6;89;4555,92225;4554,69000;DOWN
2026-05-04 14:49:00;M1;6;89;4555,40757;4555,73000;UP
2026-05-04 14:49:00;M1;6;34;4557,06305;4555,73000;DOWN
2026-05-04 14:56:00;M1;6;21;4560,93219;4560,96000;UP
2026-05-04 15:01:00;M1;6;21;4560,31783;4559,80000;DOWN
2026-05-04 15:07:00;M1;6;21;4560,12819;4561,63000;UP
2026-05-04 15:35:00;M1;6;34;4564,22862;4562,84000;DOWN
2026-05-04 15:38:00;M1;6;21;4567,38958;4568,34000;UP
2026-05-04 15:45:00;M1;6;21;4568,65621;4568,45000;DOWN
2026-05-04 15:49:00;M1;6;21;4570,13550;4570,43000;UP
2026-05-04 16:00:00;M1;6;34;4568,08510;4563,50000;DOWN
2026-05-04 16:06:00;M1;6;34;4568,75058;4569,66000;UP
2026-05-04 16:03:00;M1;6;55;4562,80237;4562,73000;DOWN
2026-05-04 16:08:00;M1;6;21;4571,40404;4572,54000;UP
2026-05-04 16:07:00;M1;6;34;4569,49706;4569,01000;DOWN
2026-05-04 16:16:00;M1;6;55;4564,87061;4564,30000;DOWN
2026-05-04 16:34:00;M1;6;21;4567,11735;4570,16000;UP
2026-05-04 16:31:00;M1;6;89;4558,03726;4557,50000;DOWN
2026-05-04 16:37:00;M1;6;89;4558,36393;4565,23000;UP
2026-05-04 16:37:00;M1;6;55;4566,42155;4565,23000;DOWN
2026-05-04 16:55:00;M1;6;21;4563,62725;4565,02000;UP
2026-05-04 17:06:00;M1;6;89;4559,32628;4558,57000;DOWN
2026-05-04 17:12:00;M1;6;21;4561,11406;4561,60000;UP
2026-05-04 17:15:00;M1;6;34;4564,05696;4564,87000;UP
2026-05-04 17:14:00;M1;6;21;4560,76093;4560,17000;DOWN
2026-05-04 17:19:00;M1;6;21;4562,37880;4572,92000;UP
2026-05-04 17:46:00;M1;6;21;4573,75436;4572,79000;DOWN
2026-05-04 17:51:00;M1;6;55;4569,92763;4569,32000;DOWN
2026-05-04 17:55:00;M1;6;34;4570,62567;4571,67000;UP
2026-05-04 17:59:00;M1;6;89;4564,85236;4561,41000;DOWN
2026-05-04 18:01:00;M1;6;55;4570,20708;4562,83000;DOWN
2026-05-04 18:37:00;M1;6;21;4536,73788;4537,99000;UP
2026-05-04 18:45:00;M1;6;21;4531,16505;4530,92000;DOWN
2026-05-04 18:53:00;M1;6;21;4526,38769;4527,35000;UP
2026-05-04 18:59:00;M1;6;21;4522,02906;4521,59000;DOWN
2026-05-04 19:01:00;M1;6;21;4518,35423;4518,69000;UP
2026-05-04 19:07:00;M1;6;21;4514,64285;4512,76000;DOWN
2026-05-04 19:15:00;M1;6;21;4511,43900;4512,17000;UP
2026-05-04 19:19:00;M1;6;34;4518,17902;4522,48000;UP
2026-05-04 19:27:00;M1;6;34;4514,53790;4513,92000;DOWN
2026-05-04 19:31:00;M1;6;34;4511,56307;4516,37000;UP
2026-05-04 20:01:00;M1;6;55;4511,70101;4517,37000;UP
2026-05-04 20:13:00;M1;6;89;4524,96568;4525,43000;UP
2026-05-04 20:37:00;M1;6;21;4524,43294;4522,51000;DOWN
2026-05-04 20:44:00;M1;6;21;4525,95229;4525,99000;UP
2026-05-04 20:49:00;M1;6;21;4526,97690;4522,32000;DOWN
2026-05-04 21:07:00;M1;6;34;4521,30717;4518,97000;DOWN
2026-05-04 21:27:00;M1;6;89;4511,76475;4510,67000;DOWN
2026-05-04 21:31:00;M1;6;89;4510,78337;4512,08000;UP
2026-05-04 21:48:00;M1;6;21;4513,88783;4513,97000;UP
2026-05-04 21:43:00;M1;6;55;4511,16976;4510,75000;DOWN
2026-05-04 21:49:00;M1;6;55;4511,28868;4514,88000;UP
2026-05-04 22:06:00;M1;6;34;4515,92356;4516,60000;UP
2026-05-04 22:04:00;M1;6;55;4511,67628;4511,49000;DOWN
2026-05-04 22:07:00;M1;6;21;4512,08218;4517,83000;UP
2026-05-04 22:43:00;M1;6;21;4522,93362;4520,85000;DOWN
2026-05-04 22:52:00;M1;6;34;4519,07028;4518,99000;DOWN
2026-05-04 22:55:00;M1;6;55;4517,25848;4515,98000;DOWN
2026-05-04 23:30:00;M1;6;21;4515,47037;4516,68000;UP
2026-05-04 23:36:00;M1;6;34;4517,33688;4517,43000;UP
2026-05-04 23:40:00;M1;6;55;4516,44947;4514,55000;DOWN
2026-05-04 23:43:00;M1;6;34;4517,03870;4517,96000;UP
2026-05-05 01:07:00;M1;6;21;4519,67549;4518,44000;DOWN
2026-05-05 01:13:00;M1;6;21;4520,80534;4522,32000;UP
2026-05-05 01:19:00;M1;6;21;4521,60030;4520,23000;DOWN
2026-05-05 01:40:00;M1;6;55;4519,42096;4519,07000;DOWN
2026-05-05 02:05:00;M1;6;21;4519,11225;4519,23000;UP
2026-05-05 02:10:00;M1;6;34;4519,88054;4520,22000;UP
2026-05-05 02:11:00;M1;6;55;4519,19459;4518,44000;DOWN
2026-05-05 02:13:00;M1;6;21;4518,28901;4519,94000;UP
2026-05-05 02:17:00;M1;6;34;4519,74391;4519,48000;DOWN
2026-05-05 02:19:00;M1;6;34;4519,72689;4519,85000;UP
2026-05-05 02:41:00;M1;6;55;4519,53731;4518,95000;DOWN
2026-05-05 02:46:00;M1;6;21;4519,67130;4520,26000;UP
2026-05-05 02:50:00;M1;6;55;4519,83330;4519,60000;DOWN
2026-05-05 02:56:00;M1;6;21;4519,70505;4520,16000;UP
2026-05-05 03:22:00;M1;6;89;4519,02993;4518,65000;DOWN
2026-05-05 03:25:00;M1;6;89;4519,28204;4519,49000;UP
2026-05-05 03:31:00;M1;6;89;4519,47718;4516,27000;DOWN
2026-05-05 03:39:00;M1;6;21;4520,76874;4520,91000;UP
2026-05-05 04:25:00;M1;6;21;4537,29617;4535,60000;DOWN
2026-05-05 04:36:00;M1;6;21;4539,10825;4539,47000;UP
2026-05-05 04:37:00;M1;6;21;4540,29245;4539,54000;DOWN
2026-05-05 04:55:00;M1;6;34;4539,27454;4538,83000;DOWN
2026-05-05 05:01:00;M1;6;34;4540,48216;4542,20000;UP
2026-05-05 05:07:00;M1;6;34;4541,55408;4538,87000;DOWN
2026-05-05 05:18:00;M1;6;55;4537,82839;4536,80000;DOWN
2026-05-05 05:28:00;M1;6;21;4541,15187;4541,34000;UP
2026-05-05 05:43:00;M1;6;34;4544,15893;4545,11000;UP
2026-05-05 05:50:00;M1;6;55;4543,29106;4542,30000;DOWN
2026-05-05 06:00:00;M1;6;89;4538,32289;4537,56000;DOWN
2026-05-05 06:01:00;M1;6;89;4539,14456;4539,73000;UP
2026-05-05 06:18:00;M1;6;89;4540,65507;4540,08000;DOWN
2026-05-05 07:31:00;M1;6;21;4531,33674;4531,53000;UP
2026-05-05 07:46:00;M1;6;34;4532,07894;4533,54000;UP
2026-05-05 08:00:00;M1;6;34;4531,56705;4531,49000;DOWN
2026-05-05 08:01:00;M1;6;34;4531,64526;4534,41000;UP
2026-05-05 08:07:00;M1;6;89;4541,31168;4542,00000;UP
2026-05-05 08:14:00;M1;6;89;4541,13765;4540,29000;DOWN
2026-05-05 08:19:00;M1;6;21;4536,74136;4536,59000;DOWN
2026-05-05 08:25:00;M1;6;21;4538,08234;4539,85000;UP
2026-05-05 08:32:00;M1;6;89;4540,91072;4539,96000;DOWN
2026-05-05 08:37:00;M1;6;21;4542,93634;4548,86000;UP
2026-05-05 08:51:00;M1;6;21;4546,97347;4546,74000;DOWN
2026-05-05 09:00:00;M1;6;21;4548,05526;4549,75000;UP
2026-05-05 09:04:00;M1;6;34;4543,97865;4543,90000;DOWN
2026-05-05 09:16:00;M1;6;89;4542,49117;4542,34000;DOWN
2026-05-05 09:33:00;M1;6;21;4542,55767;4543,52000;UP
2026-05-05 10:24:00;M1;6;21;4551,98049;4551,22000;DOWN
2026-05-05 10:29:00;M1;6;55;4548,86307;4548,83000;DOWN
2026-05-05 10:35:00;M1;6;21;4553,94734;4554,46000;UP
2026-05-05 10:37:00;M1;6;21;4554,84921;4553,43000;DOWN
2026-05-05 10:46:00;M1;6;89;4547,51373;4546,90000;DOWN
2026-05-05 11:04:00;M1;6;89;4548,85381;4550,01000;UP
2026-05-05 11:12:00;M1;6;21;4550,02806;4550,41000;UP
2026-05-05 11:07:00;M1;6;89;4549,20947;4547,87000;DOWN
2026-05-05 11:13:00;M1;6;34;4551,88110;4552,95000;UP
2026-05-05 11:17:00;M1;6;21;4549,20709;4549,02000;DOWN
2026-05-05 11:19:00;M1;6;21;4549,04138;4550,80000;UP
2026-05-05 11:19:00;M1;6;55;4552,30743;4550,80000;DOWN
2026-05-05 11:25:00;M1;6;34;4551,74175;4553,02000;UP
2026-05-05 11:31:00;M1;6;55;4552,63824;4551,64000;DOWN
2026-05-05 11:38:00;M1;6;89;4551,02867;4548,52000;DOWN
2026-05-05 11:47:00;M1;6;21;4550,35162;4550,48000;UP
2026-05-05 11:50:00;M1;6;34;4551,88196;4553,83000;UP
2026-05-05 12:17:00;M1;6;55;4555,29843;4554,39000;DOWN
2026-05-05 12:22:00;M1;6;34;4555,10182;4555,88000;UP
2026-05-05 12:19:00;M1;6;89;4554,41987;4554,13000;DOWN
2026-05-05 12:30:00;M1;6;21;4557,10174;4557,27000;UP
2026-05-05 12:25:00;M1;6;55;4555,94820;4554,77000;DOWN
2026-05-05 12:31:00;M1;6;89;4555,21669;4554,89000;DOWN
2026-05-05 12:42:00;M1;6;34;4555,73215;4556,22000;UP
2026-05-05 12:46:00;M1;6;21;4556,23627;4556,88000;UP
2026-05-05 12:43:00;M1;6;89;4555,88375;4555,12000;DOWN
2026-05-05 12:49:00;M1;6;21;4555,95691;4553,90000;DOWN
2026-05-05 12:59:00;M1;6;21;4555,77969;4556,24000;UP
2026-05-05 13:03:00;M1;6;21;4555,65810;4554,89000;DOWN
2026-05-05 13:34:00;M1;6;21;4552,75064;4553,41000;UP
2026-05-05 13:39:00;M1;6;21;4551,65323;4550,85000;DOWN
2026-05-05 14:05:00;M1;6;21;4544,44459;4545,21000;UP
2026-05-05 14:08:00;M1;6;34;4547,64625;4548,77000;UP
2026-05-05 14:23:00;M1;6;89;4554,73981;4555,03000;UP
2026-05-05 14:19:00;M1;6;55;4550,91857;4550,06000;DOWN
2026-05-05 14:25:00;M1;6;55;4550,78056;4554,20000;UP
2026-05-05 14:25:00;M1;6;89;4554,55010;4554,20000;DOWN
2026-05-05 14:31:00;M1;6;89;4554,48798;4556,04000;UP
2026-05-05 14:55:00;M1;6;21;4561,27469;4559,84000;DOWN
2026-05-05 15:06:00;M1;6;21;4562,52203;4563,03000;UP
2026-05-05 15:03:00;M1;6;89;4555,74211;4554,54000;DOWN
2026-05-05 15:08:00;M1;6;34;4557,40863;4558,85000;UP
2026-05-05 15:07:00;M1;6;21;4563,58780;4557,27000;DOWN
2026-05-05 15:14:00;M1;6;21;4564,36530;4564,99000;UP
2026-05-05 15:19:00;M1;6;21;4565,51909;4561,81000;DOWN
2026-05-05 15:25:00;M1;6;21;4567,46716;4572,77000;UP
2026-05-05 15:31:00;M1;6;21;4569,17838;4567,73000;DOWN
2026-05-05 15:43:00;M1;6;34;4568,38668;4568,15000;DOWN
2026-05-05 15:53:00;M1;6;55;4562,82762;4562,17000;DOWN
2026-05-05 15:58:00;M1;6;55;4563,81405;4564,82000;UP
2026-05-05 16:02:00;M1;6;21;4569,98221;4570,66000;UP
2026-05-05 16:26:00;M1;6;21;4578,08326;4577,97000;DOWN
2026-05-05 16:31:00;M1;6;21;4579,13394;4580,03000;UP
2026-05-05 16:36:00;M1;6;55;4573,18739;4572,90000;DOWN
2026-05-05 16:37:00;M1;6;55;4574,67918;4574,69000;UP
2026-05-05 16:37:00;M1;6;21;4579,60408;4574,69000;DOWN
2026-05-05 16:43:00;M1;6;55;4575,99775;4572,31000;DOWN
2026-05-05 16:53:00;M1;6;21;4580,73196;4582,25000;UP
2026-05-05 16:56:00;M1;6;55;4578,44602;4577,84000;DOWN
2026-05-05 17:08:00;M1;6;21;4581,39950;4582,40000;UP
2026-05-05 17:14:00;M1;6;89;4574,22274;4573,66000;DOWN
2026-05-05 17:22:00;M1;6;89;4575,10461;4575,24000;UP
2026-05-05 17:25:00;M1;6;21;4579,39017;4582,31000;UP
2026-05-05 17:31:00;M1;6;55;4582,82251;4581,32000;DOWN
2026-05-05 17:41:00;M1;6;34;4582,40309;4582,69000;UP
2026-05-05 17:37:00;M1;6;21;4580,41396;4578,96000;DOWN
2026-05-05 17:43:00;M1;6;21;4580,49870;4584,08000;UP
2026-05-05 17:47:00;M1;6;89;4578,75920;4576,59000;DOWN
2026-05-05 17:49:00;M1;6;55;4584,14297;4577,63000;DOWN
2026-05-05 17:56:00;M1;6;21;4580,28480;4581,83000;UP
2026-05-05 18:01:00;M1;6;89;4581,18654;4579,21000;DOWN
2026-05-05 18:07:00;M1;6;21;4581,13608;4581,52000;UP
2026-05-05 18:13:00;M1;6;89;4582,66083;4580,58000;DOWN
2026-05-05 19:19:00;M1;6;21;4564,27059;4564,55000;UP
2026-05-05 19:25:00;M1;6;21;4562,11766;4557,37000;DOWN
2026-05-05 19:43:00;M1;6;21;4556,29894;4557,66000;UP
2026-05-05 19:54:00;M1;6;34;4559,55351;4560,11000;UP
2026-05-05 20:08:00;M1;6;34;4555,85052;4554,81000;DOWN
2026-05-05 20:14:00;M1;6;21;4554,98745;4556,18000;UP
2026-05-05 20:19:00;M1;6;55;4560,22391;4560,86000;UP
2026-05-05 20:26:00;M1;6;55;4559,04198;4558,90000;DOWN
2026-05-05 20:33:00;M1;6;55;4558,01286;4559,04000;UP
2026-05-05 20:54:00;M1;6;21;4559,23985;4558,74000;DOWN
2026-05-05 20:58:00;M1;6;21;4559,64578;4559,89000;UP
2026-05-05 21:04:00;M1;6;21;4559,94847;4559,57000;DOWN
2026-05-05 21:07:00;M1;6;21;4560,23026;4561,47000;UP
2026-05-05 21:14:00;M1;6;89;4563,15985;4564,35000;UP
2026-05-05 21:22:00;M1;6;89;4562,45602;4562,13000;DOWN
2026-05-05 21:25:00;M1;6;89;4561,80737;4562,48000;UP
2026-05-05 21:30:00;M1;6;21;4561,61800;4561,33000;DOWN
2026-05-05 21:31:00;M1;6;21;4561,68965;4561,94000;UP
2026-05-05 21:32:00;M1;6;89;4561,17891;4560,16000;DOWN
2026-05-05 21:42:00;M1;6;34;4559,75132;4560,12000;UP
2026-05-05 21:37:00;M1;6;21;4561,43689;4559,11000;DOWN
2026-05-05 21:45:00;M1;6;21;4561,60445;4563,11000;UP
2026-05-05 21:54:00;M1;6;34;4560,65511;4560,65000;DOWN
2026-05-05 22:09:00;M1;6;89;4558,15283;4557,88000;DOWN
2026-05-05 22:13:00;M1;6;89;4557,65854;4558,04000;UP
2026-05-05 22:15:00;M1;6;55;4556,91982;4556,45000;DOWN
2026-05-05 22:19:00;M1;6;55;4557,01427;4558,22000;UP
2026-05-05 22:24:00;M1;6;89;4557,17401;4557,06000;DOWN
2026-05-05 22:25:00;M1;6;89;4556,69203;4557,15000;UP
2026-05-05 22:26:00;M1;6;55;4557,02473;4555,90000;DOWN
2026-05-05 22:33:00;M1;6;89;4556,22242;4556,20000;DOWN
2026-05-05 22:37:00;M1;6;21;4556,35044;4557,37000;UP
2026-05-05 22:43:00;M1;6;55;4556,81714;4556,16000;DOWN
2026-05-05 22:49:00;M1;6;21;4555,19935;4558,86000;UP
2026-05-05 22:55:00;M1;6;89;4554,56648;4554,13000;DOWN
2026-05-05 23:01:00;M1;6;21;4554,41225;4555,45000;UP
2026-05-05 23:12:00;M1;6;55;4556,14861;4556,75000;UP
2026-05-05 23:07:00;M1;6;34;4555,62798;4554,75000;DOWN
2026-05-05 23:13:00;M1;6;34;4555,30508;4556,96000;UP
2026-05-05 23:22:00;M1;6;55;4555,85602;4555,66000;DOWN
2026-05-05 23:25:00;M1;6;55;4555,81289;4557,85000;UP
2026-05-05 23:42:00;M1;6;55;4555,76986;4555,09000;DOWN
2026-05-05 23:44:00;M1;6;34;4555,24798;4555,45000;UP
2026-05-05 23:54:00;M1;6;55;4555,60535;4554,87000;DOWN
2026-05-05 23:56:00;M1;6;21;4556,45082;4556,51000;UP
2026-05-06 01:02:00;M1;6;89;4553,23981;4552,33000;DOWN
2026-05-06 01:36:00;M1;6;21;4549,41359;4549,51000;UP
2026-05-06 01:45:00;M1;6;21;4547,64856;4547,58000;DOWN
2026-05-06 01:49:00;M1;6;21;4547,50229;4547,66000;UP
2026-05-06 02:31:00;M1;6;21;4585,71919;4582,43000;DOWN
2026-05-06 03:07:00;M1;6;34;4593,84779;4592,14000;DOWN
2026-05-06 03:22:00;M1;6;21;4599,82235;4599,94000;UP
2026-05-06 03:27:00;M1;6;34;4601,36081;4601,14000;DOWN
2026-05-06 03:31:00;M1;6;34;4603,92180;4604,21000;UP
2026-05-06 03:49:00;M1;6;34;4610,94558;4609,83000;DOWN
2026-05-06 03:55:00;M1;6;21;4613,50822;4616,12000;UP
2026-05-06 04:05:00;M1;6;34;4615,24885;4614,06000;DOWN
2026-05-06 04:12:00;M1;6;55;4611,00207;4610,35000;DOWN
2026-05-06 04:16:00;M1;6;55;4613,73677;4613,88000;UP
2026-05-06 04:24:00;M1;6;21;4620,29734;4623,54000;UP
2026-05-06 04:35:00;M1;6;55;4621,20113;4621,20000;DOWN
2026-05-06 04:38:00;M1;6;55;4623,34032;4624,37000;UP
2026-05-06 04:47:00;M1;6;21;4626,01591;4627,56000;UP
2026-05-06 04:43:00;M1;6;55;4625,41378;4622,64000;DOWN
2026-05-06 04:49:00;M1;6;55;4627,35710;4628,38000;UP
2026-05-06 04:50:00;M1;6;34;4627,86911;4626,15000;DOWN
2026-05-06 04:55:00;M1;6;55;4629,13327;4625,02000;DOWN
2026-05-06 05:08:00;M1;6;21;4630,64776;4630,92000;UP
2026-05-06 05:14:00;M1;6;55;4634,07341;4633,37000;DOWN
2026-05-06 05:19:00;M1;6;34;4633,98742;4634,14000;UP
2026-05-06 05:22:00;M1;6;21;4633,66178;4632,50000;DOWN
2026-05-06 05:25:00;M1;6;34;4634,97553;4633,45000;DOWN
2026-05-06 05:31:00;M1;6;89;4628,98293;4628,69000;DOWN
2026-05-06 05:37:00;M1;6;89;4631,11914;4633,73000;UP
2026-05-06 05:46:00;M1;6;21;4635,73930;4636,96000;UP
2026-05-06 05:43:00;M1;6;89;4633,21367;4632,57000;DOWN
2026-05-06 05:49:00;M1;6;89;4635,22826;4635,60000;UP
2026-05-06 05:49:00;M1;6;34;4637,88918;4635,60000;DOWN
2026-05-06 05:55:00;M1;6;21;4637,67984;4638,91000;UP
2026-05-06 06:06:00;M1;6;55;4643,52585;4644,15000;UP
2026-05-06 06:01:00;M1;6;89;4639,13244;4638,77000;DOWN
2026-05-06 06:07:00;M1;6;21;4640,95515;4644,81000;UP
2026-05-06 06:08:00;M1;6;55;4644,61223;4644,39000;DOWN
2026-05-06 06:13:00;M1;6;55;4645,78035;4645,83000;UP
2026-05-06 06:22:00;M1;6;55;4646,95917;4646,51000;DOWN
2026-05-06 06:25:00;M1;6;89;4646,45237;4645,43000;DOWN
2026-05-06 06:39:00;M1;6;21;4648,99431;4651,35000;UP
2026-05-06 06:43:00;M1;6;89;4651,10102;4645,65000;DOWN
2026-05-06 07:14:00;M1;6;21;4647,41510;4647,65000;UP
2026-05-06 07:19:00;M1;6;21;4647,18451;4645,88000;DOWN
2026-05-06 07:27:00;M1;6;21;4647,73514;4651,45000;UP
2026-05-06 07:34:00;M1;6;34;4650,83288;4649,77000;DOWN
2026-05-06 07:38:00;M1;6;21;4649,11838;4648,92000;DOWN
2026-05-06 07:48:00;M1;6;21;4649,62835;4651,64000;UP
2026-05-06 07:49:00;M1;6;34;4651,32936;4650,39000;DOWN
2026-05-06 07:55:00;M1;6;21;4650,21486;4650,34000;UP
2026-05-06 08:03:00;M1;6;34;4651,35839;4651,96000;UP
2026-05-06 08:09:00;M1;6;55;4655,46918;4655,54000;UP
2026-05-06 08:07:00;M1;6;34;4651,68112;4651,07000;DOWN
2026-05-06 08:13:00;M1;6;21;4652,10701;4654,61000;UP
2026-05-06 08:13:00;M1;6;55;4655,68795;4654,61000;DOWN
2026-05-06 08:19:00;M1;6;34;4652,43352;4651,93000;DOWN
2026-05-06 08:25:00;M1;6;21;4652,75848;4654,22000;UP
2026-05-06 08:31:00;M1;6;34;4652,60234;4646,71000;DOWN
2026-05-06 08:45:00;M1;6;21;4650,35805;4650,37000;UP
2026-05-06 08:50:00;M1;6;34;4651,71765;4651,77000;UP
2026-05-06 08:49:00;M1;6;21;4650,21634;4649,43000;DOWN
2026-05-06 08:55:00;M1;6;21;4651,59735;4654,94000;UP
2026-05-06 09:01:00;M1;6;89;4663,44560;4662,13000;DOWN
2026-05-06 09:08:00;M1;6;89;4663,68028;4664,22000;UP
2026-05-06 09:13:00;M1;6;89;4663,96278;4663,36000;DOWN
2026-05-06 09:19:00;M1;6;21;4659,80232;4658,30000;DOWN
2026-05-06 09:25:00;M1;6;21;4662,20273;4665,15000;UP
2026-05-06 09:34:00;M1;6;89;4665,25163;4664,04000;DOWN
2026-05-06 09:38:00;M1;6;21;4665,92158;4667,40000;UP
2026-05-06 09:43:00;M1;6;89;4666,21372;4661,74000;DOWN
2026-05-06 09:49:00;M1;6;34;4664,08509;4664,87000;UP
2026-05-06 09:59:00;M1;6;21;4668,36194;4669,21000;UP
2026-05-06 10:02:00;M1;6;89;4667,67792;4666,38000;DOWN
2026-05-06 10:11:00;M1;6;55;4665,00175;4664,80000;DOWN
2026-05-06 10:27:00;M1;6;21;4666,11744;4667,25000;UP
2026-05-06 10:31:00;M1;6;55;4667,00623;4664,22000;DOWN
2026-05-06 10:40:00;M1;6;21;4665,63767;4667,14000;UP
2026-05-06 10:44:00;M1;6;89;4669,83651;4670,58000;UP
2026-05-06 11:08:00;M1;6;21;4676,86536;4675,30000;DOWN
2026-05-06 11:13:00;M1;6;21;4679,46313;4679,54000;UP
2026-05-06 11:20:00;M1;6;34;4677,49594;4677,14000;DOWN
2026-05-06 11:26:00;M1;6;34;4678,65474;4679,24000;UP
2026-05-06 11:29:00;M1;6;55;4677,07770;4677,01000;DOWN
2026-05-06 11:31:00;M1;6;89;4676,21012;4676,20000;DOWN
2026-05-06 11:42:00;M1;6;89;4676,94759;4677,69000;UP
2026-05-06 11:48:00;M1;6;34;4680,00579;4680,18000;UP
2026-05-06 11:44:00;M1;6;89;4677,66499;4677,50000;DOWN
2026-05-06 11:50:00;M1;6;21;4682,11026;4696,17000;UP
2026-05-06 11:49:00;M1;6;55;4680,36204;4679,84000;DOWN
2026-05-06 11:55:00;M1;6;34;4683,68060;4697,95000;UP
2026-05-06 12:22:00;M1;6;34;4693,19484;4692,80000;DOWN
2026-05-06 12:27:00;M1;6;21;4698,83154;4700,16000;UP
2026-05-06 12:31:00;M1;6;34;4697,17616;4696,80000;DOWN
2026-05-06 12:37:00;M1;6;21;4703,23208;4704,47000;UP
2026-05-06 12:44:00;M1;6;55;4696,62761;4696,03000;DOWN
2026-05-06 12:49:00;M1;6;55;4698,32661;4701,40000;UP
2026-05-06 13:00:00;M1;6;34;4703,43058;4704,18000;UP
2026-05-06 13:03:00;M1;6;55;4701,44502;4699,95000;DOWN
2026-05-06 13:09:00;M1;6;89;4697,25203;4696,54000;DOWN
2026-05-06 13:16:00;M1;6;89;4698,50343;4698,55000;UP
2026-05-06 13:19:00;M1;6;89;4699,66869;4698,64000;DOWN
2026-05-06 13:27:00;M1;6;21;4702,61154;4703,94000;UP
2026-05-06 14:02:00;M1;6;55;4713,37038;4713,21000;DOWN
2026-05-06 14:08:00;M1;6;21;4717,46996;4718,03000;UP
2026-05-06 14:12:00;M1;6;89;4710,56680;4710,29000;DOWN
2026-05-06 14:13:00;M1;6;89;4712,04243;4712,12000;UP
2026-05-06 14:13:00;M1;6;55;4716,23450;4712,12000;DOWN
2026-05-06 14:19:00;M1;6;89;4713,39169;4712,15000;DOWN
2026-05-06 15:24:00;M1;6;21;4682,02058;4682,77000;UP
2026-05-06 15:44:00;M1;6;34;4682,52144;4682,70000;UP
2026-05-06 15:54:00;M1;6;34;4680,25411;4677,41000;DOWN
2026-05-06 15:55:00;M1;6;34;4678,43359;4679,16000;UP
2026-05-06 16:01:00;M1;6;55;4690,57834;4691,47000;UP
2026-05-06 16:07:00;M1;6;55;4688,51072;4677,64000;DOWN
2026-05-06 16:13:00;M1;6;21;4678,83325;4679,62000;UP
2026-05-06 16:19:00;M1;6;55;4684,90858;4682,88000;DOWN
2026-05-06 16:25:00;M1;6;55;4683,36625;4684,60000;UP
2026-05-06 16:38:00;M1;6;89;4697,73739;4697,91000;UP
2026-05-06 16:43:00;M1;6;89;4696,90942;4694,49000;DOWN
2026-05-06 16:49:00;M1;6;89;4696,30360;4700,78000;UP
2026-05-06 17:22:00;M1;6;21;4711,80683;4710,61000;DOWN
2026-05-06 17:33:00;M1;6;34;4706,52799;4705,64000;DOWN
2026-05-06 17:38:00;M1;6;34;4708,66197;4709,61000;UP
2026-05-06 17:45:00;M1;6;34;4710,42488;4708,44000;DOWN
2026-05-06 18:05:00;M1;6;55;4701,87324;4701,66000;DOWN
2026-05-06 18:09:00;M1;6;89;4698,95169;4698,76000;DOWN
2026-05-06 18:17:00;M1;6;89;4699,02862;4699,70000;UP
2026-05-06 18:20:00;M1;6;21;4702,39704;4702,93000;UP
2026-05-06 18:22:00;M1;6;89;4699,07340;4698,94000;DOWN
2026-05-06 18:25:00;M1;6;21;4700,19097;4697,62000;DOWN
2026-05-06 18:46:00;M1;6;21;4693,60734;4694,29000;UP
2026-05-06 18:50:00;M1;6;21;4692,04842;4691,53000;DOWN
2026-05-06 18:55:00;M1;6;21;4690,41707;4692,44000;UP
2026-05-06 19:01:00;M1;6;21;4688,87086;4684,59000;DOWN
2026-05-06 19:19:00;M1;6;21;4683,36607;4684,44000;UP
2026-05-06 19:26:00;M1;6;34;4686,52439;4687,43000;UP
2026-05-06 20:00:00;M1;6;34;4682,78197;4680,72000;DOWN
2026-05-06 20:02:00;M1;6;21;4684,63424;4684,80000;UP
2026-05-06 20:16:00;M1;6;21;4684,95437;4684,30000;DOWN
2026-05-06 20:19:00;M1;6;34;4681,87920;4681,43000;DOWN
2026-05-06 20:27:00;M1;6;34;4681,74394;4682,21000;UP
2026-05-06 20:32:00;M1;6;34;4681,43829;4681,11000;DOWN
2026-05-06 20:45:00;M1;6;34;4680,81582;4681,21000;UP
2026-05-06 20:49:00;M1;6;21;4680,64297;4680,89000;UP
2026-05-06 21:11:00;M1;6;89;4685,81794;4686,60000;UP
2026-05-06 21:40:00;M1;6;21;4688,07255;4686,73000;DOWN
2026-05-06 21:51:00;M1;6;34;4685,78947;4685,69000;DOWN
2026-05-06 21:56:00;M1;6;34;4686,18012;4686,74000;UP
2026-05-06 22:03:00;M1;6;21;4688,99834;4691,78000;UP
2026-05-06 22:37:00;M1;6;21;4698,00779;4697,05000;DOWN
2026-05-06 22:43:00;M1;6;34;4696,13952;4694,86000;DOWN
2026-05-06 22:50:00;M1;6;34;4697,05150;4697,31000;UP
2026-05-06 22:59:00;M1;6;55;4692,50198;4692,44000;DOWN
2026-05-06 23:01:00;M1;6;55;4693,39543;4693,76000;UP
2026-05-06 23:12:00;M1;6;21;4698,41902;4698,89000;UP
2026-05-06 23:15:00;M1;6;34;4698,65747;4697,96000;DOWN
2026-05-06 23:19:00;M1;6;21;4697,97382;4698,04000;UP
2026-05-06 23:24:00;M1;6;55;4695,91391;4694,53000;DOWN
2026-05-06 23:25:00;M1;6;21;4697,28084;4694,15000;DOWN
2026-05-06 23:34:00;M1;6;89;4690,26113;4690,16000;DOWN
2026-05-06 23:37:00;M1;6;89;4690,63750;4691,06000;UP
2026-05-06 23:43:00;M1;6;89;4690,87736;4689,95000;DOWN
2026-05-06 23:54:00;M1;6;21;4690,59025;4690,97000;UP
2026-05-06 23:56:00;M1;6;89;4691,20850;4691,47000;UP
2026-05-07 01:01:00;M1;6;34;4693,09204;4693,69000;UP
2026-05-07 01:03:00;M1;6;89;4691,33594;4689,97000;DOWN
2026-05-07 01:10:00;M1;6;55;4695,72189;4696,22000;UP
2026-05-07 01:07:00;M1;6;34;4692,57918;4692,34000;DOWN
2026-05-07 01:13:00;M1;6;34;4692,54721;4697,13000;UP
2026-05-07 01:28:00;M1;6;55;4695,99667;4693,62000;DOWN
2026-05-07 01:31:00;M1;6;55;4696,19668;4696,66000;UP
2026-05-07 01:48:00;M1;6;55;4696,54915;4696,52000;DOWN
2026-05-07 01:49:00;M1;6;55;4696,64308;4697,55000;UP
2026-05-07 01:56:00;M1;6;89;4694,70960;4694,66000;DOWN
2026-05-07 02:06:00;M1;6;21;4697,98516;4698,13000;UP
2026-05-07 02:11:00;M1;6;89;4695,43371;4694,98000;DOWN
2026-05-07 02:18:00;M1;6;34;4695,99476;4696,56000;UP
2026-05-07 02:19:00;M1;6;21;4696,58013;4696,89000;UP
2026-05-07 02:21:00;M1;6;89;4695,97559;4693,53000;DOWN
2026-05-07 02:25:00;M1;6;21;4695,79558;4692,77000;DOWN
2026-05-07 02:45:00;M1;6;21;4694,29562;4698,85000;UP
2026-05-07 02:51:00;M1;6;89;4696,63997;4696,58000;DOWN
2026-05-07 02:55:00;M1;6;89;4696,80213;4697,43000;UP
2026-05-07 03:02:00;M1;6;89;4696,92003;4696,01000;DOWN
2026-05-07 03:10:00;M1;6;21;4696,03705;4697,23000;UP
2026-05-07 03:17:00;M1;6;89;4697,21253;4695,42000;DOWN
2026-05-07 03:19:00;M1;6;21;4697,16348;4698,12000;UP
2026-05-07 03:25:00;M1;6;89;4697,48843;4693,34000;DOWN
2026-05-07 04:03:00;M1;6;21;4689,87265;4692,19000;UP
2026-05-07 04:32:00;M1;6;21;4705,27658;4705,03000;DOWN
2026-05-07 04:37:00;M1;6;21;4708,49872;4708,54000;UP
2026-05-07 04:43:00;M1;6;21;4712,02597;4711,85000;DOWN
2026-05-07 04:49:00;M1;6;21;4715,63687;4718,88000;UP
2026-05-07 04:55:00;M1;6;21;4718,33904;4714,23000;DOWN
2026-05-07 05:12:00;M1;6;55;4707,42230;4706,32000;DOWN
2026-05-07 05:14:00;M1;6;89;4704,55183;4704,08000;DOWN
2026-05-07 05:19:00;M1;6;89;4705,29094;4706,11000;UP
2026-05-07 05:25:00;M1;6;89;4705,87287;4704,08000;DOWN
2026-05-07 05:45:00;M1;6;21;4705,64527;4705,87000;UP
2026-05-07 05:49:00;M1;6;89;4707,11813;4706,61000;DOWN
2026-05-07 05:56:00;M1;6;89;4707,35603;4708,65000;UP
2026-05-07 06:01:00;M1;6;89;4707,62672;4707,10000;DOWN
2026-05-07 06:07:00;M1;6;89;4707,91375;4708,51000;UP
2026-05-07 06:13:00;M1;6;89;4708,19186;4704,80000;DOWN
2026-05-07 06:19:00;M1;6;34;4708,07368;4708,26000;UP
2026-05-07 06:25:00;M1;6;34;4707,26424;4705,29000;DOWN
2026-05-07 06:49:00;M1;6;21;4703,98673;4704,18000;UP
2026-05-07 06:55:00;M1;6;21;4703,07690;4703,01000;DOWN
2026-05-07 07:25:00;M1;6;21;4696,96456;4696,98000;UP
2026-05-07 07:32:00;M1;6;21;4695,68841;4695,45000;DOWN
2026-05-07 07:37:00;M1;6;21;4694,95631;4695,28000;UP
2026-05-07 07:48:00;M1;6;34;4696,33081;4695,84000;DOWN
2026-05-07 07:50:00;M1;6;34;4695,61516;4695,76000;UP
2026-05-07 07:56:00;M1;6;34;4695,05215;4694,84000;DOWN
2026-05-07 08:01:00;M1;6;34;4694,79208;4698,69000;UP
2026-05-07 08:18:00;M1;6;55;4697,21472;4697,03000;DOWN
2026-05-07 08:23:00;M1;6;55;4696,82679;4696,91000;UP
2026-05-07 08:19:00;M1;6;21;4696,83301;4695,98000;DOWN
2026-05-07 08:30:00;M1;6;21;4697,11575;4699,96000;UP
2026-05-07 08:25:00;M1;6;55;4696,42748;4695,48000;DOWN
2026-05-07 08:31:00;M1;6;34;4695,63691;4701,43000;UP
2026-05-07 08:59:00;M1;6;89;4701,26113;4701,00000;DOWN
2026-05-07 09:01:00;M1;6;21;4704,46135;4704,59000;UP
2026-05-07 09:55:00;M1;6;21;4739,62642;4737,33000;DOWN
2026-05-07 10:10:00;M1;6;21;4746,60175;4747,15000;UP
2026-05-07 10:13:00;M1;6;21;4749,66800;4746,81000;DOWN
2026-05-07 10:20:00;M1;6;34;4743,21541;4742,72000;DOWN
2026-05-07 10:48:00;M1;6;55;4740,56537;4738,32000;DOWN
2026-05-07 10:51:00;M1;6;55;4742,61855;4742,87000;UP
2026-05-07 10:55:00;M1;6;55;4744,51034;4739,83000;DOWN
2026-05-07 11:01:00;M1;6;21;4745,58667;4750,26000;UP
2026-05-07 11:08:00;M1;6;55;4748,26960;4746,28000;DOWN
2026-05-07 11:13:00;M1;6;21;4745,17959;4746,36000;UP
2026-05-07 11:19:00;M1;6;89;4736,65001;4736,55000;DOWN
2026-05-07 11:28:00;M1;6;89;4738,19672;4741,43000;UP
2026-05-07 11:34:00;M1;6;89;4739,62859;4737,22000;DOWN
2026-05-07 12:08:00;M1;6;21;4731,69355;4731,70000;UP
2026-05-07 12:19:00;M1;6;34;4735,50392;4735,60000;UP
2026-05-07 12:28:00;M1;6;34;4734,69538;4734,34000;DOWN
2026-05-07 12:31:00;M1;6;34;4734,15187;4734,78000;UP
2026-05-07 12:50:00;M1;6;21;4734,86923;4734,81000;DOWN
2026-05-07 12:56:00;M1;6;34;4733,05824;4730,37000;DOWN
2026-05-07 13:11:00;M1;6;21;4733,59103;4734,03000;UP
2026-05-07 13:19:00;M1;6;34;4731,83818;4731,34000;DOWN
2026-05-07 13:25:00;M1;6;21;4732,48177;4732,72000;UP
2026-05-07 13:31:00;M1;6;34;4731,73233;4730,41000;DOWN
2026-05-07 13:37:00;M1;6;21;4732,16088;4733,04000;UP
2026-05-07 14:03:00;M1;6;21;4735,21078;4735,21000;DOWN
2026-05-07 14:10:00;M1;6;55;4733,30638;4732,74000;DOWN
2026-05-07 14:24:00;M1;6;21;4733,77139;4734,33000;UP
2026-05-07 14:28:00;M1;6;55;4732,48754;4731,40000;DOWN
2026-05-07 14:31:00;M1;6;21;4732,98908;4734,13000;UP
2026-05-07 14:54:00;M1;6;89;4739,36577;4739,67000;UP
2026-05-07 14:50:00;M1;6;21;4734,65543;4734,35000;DOWN
2026-05-07 14:55:00;M1;6;21;4736,20035;4740,58000;UP
2026-05-07 15:22:00;M1;6;89;4739,03079;4736,08000;DOWN
2026-05-07 15:30:00;M1;6;21;4743,29717;4744,26000;UP
2026-05-07 15:54:00;M1;6;21;4748,00993;4747,85000;DOWN
2026-05-07 15:59:00;M1;6;21;4749,35766;4750,06000;UP
2026-05-07 15:56:00;M1;6;34;4746,63019;4745,86000;DOWN
2026-05-07 16:01:00;M1;6;89;4741,14124;4740,91000;DOWN
2026-05-07 16:24:00;M1;6;21;4744,46320;4744,74000;UP
2026-05-07 16:30:00;M1;6;34;4746,21361;4747,36000;UP
2026-05-07 16:25:00;M1;6;55;4744,63741;4743,00000;DOWN
2026-05-07 16:31:00;M1;6;21;4744,26015;4748,32000;UP
2026-05-07 16:45:00;M1;6;89;4743,13612;4742,80000;DOWN
2026-05-07 16:50:00;M1;6;89;4743,42937;4744,12000;UP
2026-05-07 16:57:00;M1;6;21;4745,05109;4745,91000;UP
2026-05-07 17:02:00;M1;6;89;4744,11369;4743,81000;DOWN
2026-05-07 17:07:00;M1;6;21;4746,11998;4747,12000;UP
2026-05-07 17:15:00;M1;6;55;4748,16903;4747,39000;DOWN
2026-05-07 17:19:00;M1;6;55;4748,70644;4751,18000;UP
2026-05-07 17:34:00;M1;6;55;4750,02212;4749,32000;DOWN
2026-05-07 17:39:00;M1;6;21;4752,58808;4753,88000;UP
2026-05-07 17:44:00;M1;6;21;4753,85311;4751,92000;DOWN
2026-05-07 17:49:00;M1;6;21;4755,61568;4758,30000;UP
2026-05-07 18:02:00;M1;6;21;4759,63487;4759,12000;DOWN
2026-05-07 18:12:00;M1;6;34;4757,41644;4757,10000;DOWN
2026-05-07 18:14:00;M1;6;55;4756,04758;4754,81000;DOWN
2026-05-07 18:20:00;M1;6;89;4753,25772;4752,90000;DOWN
2026-05-07 19:23:00;M1;6;21;4716,07708;4717,09000;UP
2026-05-07 19:49:00;M1;6;34;4712,68670;4714,21000;UP
2026-05-07 20:18:00;M1;6;21;4710,57516;4708,99000;DOWN
2026-05-07 20:23:00;M1;6;21;4711,30407;4713,89000;UP
2026-05-07 20:25:00;M1;6;55;4712,79903;4705,82000;DOWN
2026-05-07 20:39:00;M1;6;34;4702,33200;4703,28000;UP
2026-05-07 20:44:00;M1;6;34;4701,11037;4699,65000;DOWN
2026-05-07 20:54:00;M1;6;21;4701,56191;4704,29000;UP
2026-05-07 21:28:00;M1;6;89;4709,41289;4710,77000;UP
2026-05-07 21:25:00;M1;6;21;4705,96502;4705,70000;DOWN
2026-05-07 21:31:00;M1;6;21;4708,08673;4713,06000;UP
2026-05-07 21:48:00;M1;6;89;4705,90028;4704,11000;DOWN
2026-05-07 21:50:00;M1;6;55;4698,41121;4697,37000;DOWN
2026-05-07 21:55:00;M1;6;34;4705,86364;4707,08000;UP
2026-05-07 22:02:00;M1;6;34;4706,25305;4706,23000;DOWN
2026-05-07 22:07:00;M1;6;21;4709,28652;4710,53000;UP
2026-05-07 22:17:00;M1;6;34;4707,17071;4704,89000;DOWN
2026-05-07 22:32:00;M1;6;21;4705,55785;4705,59000;UP
2026-05-07 22:48:00;M1;6;34;4706,57006;4706,22000;DOWN
2026-05-07 22:49:00;M1;6;34;4706,44240;4708,34000;UP
2026-05-07 22:58:00;M1;6;34;4706,11305;4704,34000;DOWN
2026-05-07 23:01:00;M1;6;21;4705,88150;4708,72000;UP
2026-05-07 23:30:00;M1;6;21;4711,39879;4710,81000;DOWN
2026-05-07 23:31:00;M1;6;21;4712,57400;4714,53000;UP
2026-05-07 23:37:00;M1;6;55;4706,97824;4701,87000;DOWN
2026-05-07 23:53:00;M1;6;89;4698,52295;4696,36000;DOWN
2026-05-08 01:12:00;M1;6;21;4696,13328;4696,78000;UP
2026-05-08 01:13:00;M1;6;21;4692,77846;4691,46000;DOWN
2026-05-08 01:19:00;M1;6;21;4690,80911;4694,35000;UP
2026-05-08 01:25:00;M1;6;34;4696,56102;4696,90000;UP
2026-05-08 01:28:00;M1;6;89;4696,15219;4694,95000;DOWN
2026-05-08 01:31:00;M1;6;34;4694,92485;4692,47000;DOWN
2026-05-08 01:37:00;M1;6;21;4687,20858;4688,70000;UP
2026-05-08 01:45:00;M1;6;21;4685,90800;4684,28000;DOWN
2026-05-08 01:51:00;M1;6;21;4684,91391;4687,14000;UP
2026-05-08 02:01:00;M1;6;34;4685,59552;4687,78000;UP
2026-05-08 02:09:00;M1;6;55;4690,93361;4691,29000;UP
2026-05-08 02:13:00;M1;6;89;4691,03107;4690,36000;DOWN
2026-05-08 02:19:00;M1;6;89;4690,59331;4693,79000;UP
2026-05-08 03:04:00;M1;6;21;4703,53713;4702,84000;DOWN
2026-05-08 03:07:00;M1;6;21;4705,53840;4706,00000;UP
2026-05-08 03:17:00;M1;6;34;4699,60125;4699,60000;DOWN
2026-05-08 03:22:00;M1;6;34;4701,26016;4703,26000;UP
2026-05-08 03:27:00;M1;6;34;4702,37611;4701,69000;DOWN
2026-05-08 03:35:00;M1;6;34;4703,38465;4703,99000;UP
2026-05-08 03:40:00;M1;6;21;4705,89304;4705,92000;UP
2026-05-08 03:37:00;M1;6;34;4704,44550;4702,75000;DOWN
2026-05-08 03:43:00;M1;6;34;4705,17769;4707,31000;UP
2026-05-08 03:44:00;M1;6;21;4705,46726;4704,98000;DOWN
2026-05-08 03:49:00;M1;6;34;4705,50582;4700,04000;DOWN
2026-05-08 04:00:00;M1;6;21;4703,65919;4708,46000;UP
2026-05-08 03:55:00;M1;6;55;4699,07032;4698,59000;DOWN
2026-05-08 04:01:00;M1;6;55;4700,19118;4711,09000;UP
2026-05-08 04:30:00;M1;6;34;4711,30909;4711,24000;DOWN
2026-05-08 04:32:00;M1;6;21;4713,69452;4713,74000;UP
2026-05-08 04:37:00;M1;6;55;4708,82088;4705,81000;DOWN
2026-05-08 04:46:00;M1;6;21;4714,33209;4715,24000;UP
2026-05-08 05:16:00;M1;6;34;4721,65022;4719,68000;DOWN
2026-05-08 05:25:00;M1;6;55;4720,57423;4720,57000;DOWN
2026-05-08 05:36:00;M1;6;89;4711,69797;4711,22000;DOWN
2026-05-08 05:40:00;M1;6;89;4712,88720;4714,26000;UP
2026-05-08 05:43:00;M1;6;89;4713,86735;4713,25000;DOWN
2026-05-08 05:49:00;M1;6;89;4714,71475;4716,36000;UP
2026-05-08 05:56:00;M1;6;89;4715,43895;4714,42000;DOWN
2026-05-08 06:03:00;M1;6;21;4714,78321;4714,96000;UP
2026-05-08 06:07:00;M1;6;89;4716,76882;4715,85000;DOWN
2026-05-08 06:14:00;M1;6;34;4719,88152;4720,07000;UP
2026-05-08 06:21:00;M1;6;89;4718,12099;4717,93000;DOWN
2026-05-08 06:27:00;M1;6;34;4719,65136;4720,48000;UP
2026-05-08 06:33:00;M1;6;55;4723,31128;4725,70000;UP
2026-05-08 06:40:00;M1;6;55;4723,73523;4723,15000;DOWN
2026-05-08 06:43:00;M1;6;55;4724,10487;4724,11000;UP
2026-05-08 06:48:00;M1;6;21;4722,17098;4722,04000;DOWN
2026-05-08 06:49:00;M1;6;89;4721,84751;4720,46000;DOWN
2026-05-08 07:02:00;M1;6;34;4721,12545;4721,98000;UP
2026-05-08 07:07:00;M1;6;34;4720,95507;4716,43000;DOWN
2026-05-08 07:49:00;M1;6;21;4712,65018;4713,69000;UP
2026-05-08 07:59:00;M1;6;21;4711,63927;4711,04000;DOWN
2026-05-08 08:01:00;M1;6;21;4711,02768;4713,49000;UP
2026-05-08 08:07:00;M1;6;34;4713,69099;4714,53000;UP
2026-05-08 08:14:00;M1;6;34;4712,96460;4712,28000;DOWN
2026-05-08 08:19:00;M1;6;34;4712,45224;4714,39000;UP
2026-05-08 08:28:00;M1;6;55;4715,95032;4717,42000;UP
2026-05-08 09:00:00;M1;6;89;4721,85878;4717,14000;DOWN
2026-05-08 09:04:00;M1;6;21;4726,51642;4728,12000;UP
2026-05-08 09:07:00;M1;6;21;4727,89054;4724,76000;DOWN
2026-05-08 09:15:00;M1;6;89;4722,68019;4722,41000;DOWN
2026-05-08 09:19:00;M1;6;34;4724,28324;4727,62000;UP
2026-05-08 09:28:00;M1;6;21;4730,15780;4733,94000;UP
2026-05-08 09:34:00;M1;6;34;4727,20764;4726,49000;DOWN
2026-05-08 09:37:00;M1;6;34;4728,56903;4728,77000;UP
2026-05-08 09:43:00;M1;6;21;4730,71443;4731,53000;UP
2026-05-08 09:45:00;M1;6;89;4724,46516;4724,10000;DOWN
2026-05-08 09:49:00;M1;6;55;4724,85273;4725,11000;UP
2026-05-08 09:49:00;M1;6;21;4729,90972;4725,11000;DOWN
2026-05-08 09:55:00;M1;6;89;4725,08423;4724,52000;DOWN
2026-05-08 10:37:00;M1;6;21;4710,03440;4710,37000;UP
2026-05-08 11:07:00;M1;6;34;4708,86953;4709,05000;UP
2026-05-08 11:20:00;M1;6;55;4714,72038;4715,07000;UP
2026-05-08 11:28:00;M1;6;89;4717,97331;4717,58000;DOWN
2026-05-08 11:31:00;M1;6;89;4717,67940;4719,06000;UP
2026-05-08 11:44:00;M1;6;89;4717,34878;4716,91000;DOWN
2026-05-08 11:49:00;M1;6;89;4717,25607;4718,78000;UP
2026-05-08 11:50:00;M1;6;21;4718,27076;4717,80000;DOWN
2026-05-08 11:55:00;M1;6;89;4717,16850;4716,61000;DOWN
2026-05-08 12:02:00;M1;6;89;4717,09528;4717,33000;UP
2026-05-08 12:09:00;M1;6;89;4717,00367;4716,02000;DOWN
2026-05-08 12:18:00;M1;6;21;4719,77919;4721,69000;UP
2026-05-08 12:19:00;M1;6;21;4720,07424;4719,72000;DOWN
2026-05-08 12:25:00;M1;6;21;4720,11514;4720,62000;UP
2026-05-08 12:31:00;M1;6;89;4716,76036;4714,78000;DOWN
2026-05-08 12:41:00;M1;6;55;4713,83418;4714,12000;UP
2026-05-08 12:43:00;M1;6;55;4713,83784;4713,21000;DOWN
2026-05-08 13:00:00;M1;6;21;4713,08777;4713,37000;UP
2026-05-08 13:01:00;M1;6;55;4713,35021;4713,41000;UP
2026-05-08 13:12:00;M1;6;34;4714,88723;4714,89000;UP
2026-05-08 13:09:00;M1;6;55;4713,28899;4713,15000;DOWN
2026-05-08 13:13:00;M1;6;55;4713,40419;4717,15000;UP
2026-05-08 13:50:00;M1;6;34;4719,19783;4718,56000;DOWN
2026-05-08 14:00:00;M1;6;34;4719,83433;4721,26000;UP
2026-05-08 13:55:00;M1;6;55;4717,94654;4717,15000;DOWN
2026-05-08 14:04:00;M1;6;21;4724,61105;4726,27000;UP
2026-05-08 14:11:00;M1;6;34;4721,34585;4720,62000;DOWN
2026-05-08 14:14:00;M1;6;34;4722,01396;4722,03000;UP
2026-05-08 14:21:00;M1;6;34;4722,69388;4721,93000;DOWN
2026-05-08 14:27:00;M1;6;21;4724,67800;4725,06000;UP
2026-05-08 14:31:00;M1;6;34;4724,05087;4722,99000;DOWN
2026-05-08 14:47:00;M1;6;89;4718,65632;4718,50000;DOWN
2026-05-08 15:25:00;M1;6;21;4708,33742;4709,63000;UP
2026-05-08 15:32:00;M1;6;34;4713,78775;4714,66000;UP
2026-05-08 16:06:00;M1;6;21;4721,46544;4721,20000;DOWN
2026-05-08 16:11:00;M1;6;89;4718,76456;4718,25000;DOWN
2026-05-08 16:17:00;M1;6;21;4724,63987;4726,23000;UP
2026-05-08 16:13:00;M1;6;34;4718,82410;4717,26000;DOWN
2026-05-08 16:19:00;M1;6;34;4719,75499;4724,77000;UP
2026-05-08 16:19:00;M1;6;21;4725,84854;4724,77000;DOWN
2026-05-08 16:29:00;M1;6;21;4726,93909;4727,21000;UP
2026-05-08 17:05:00;M1;6;34;4737,15501;4736,59000;DOWN
2026-05-08 17:09:00;M1;6;89;4726,64562;4726,60000;DOWN
2026-05-08 17:13:00;M1;6;55;4731,77057;4732,16000;UP
2026-05-08 17:19:00;M1;6;89;4728,32772;4727,61000;DOWN
2026-05-08 17:55:00;M1;6;21;4717,65843;4718,88000;UP
2026-05-08 18:02:00;M1;6;21;4715,07110;4714,43000;DOWN
2026-05-08 18:07:00;M1;6;21;4713,42672;4718,99000;UP
2026-05-08 18:14:00;M1;6;21;4711,39502;4707,46000;DOWN
2026-05-08 18:21:00;M1;6;21;4709,16842;4709,71000;UP
2026-05-08 18:25:00;M1;6;21;4707,80394;4707,17000;DOWN
2026-05-08 18:31:00;M1;6;21;4707,07523;4708,33000;UP
2026-05-08 18:41:00;M1;6;34;4710,49799;4710,25000;DOWN
2026-05-08 18:48:00;M1;6;34;4708,84963;4709,24000;UP
2026-05-08 18:44:00;M1;6;21;4706,54491;4705,87000;DOWN
2026-05-08 18:49:00;M1;6;21;4706,51500;4708,58000;UP
2026-05-08 18:55:00;M1;6;34;4706,46959;4704,73000;DOWN
2026-05-08 19:01:00;M1;6;21;4706,55784;4708,20000;UP
2026-05-08 19:15:00;M1;6;55;4711,99359;4713,31000;UP
2026-05-08 19:31:00;M1;6;89;4717,71303;4717,88000;UP
2026-05-08 19:38:00;M1;6;89;4717,26230;4716,86000;DOWN
2026-05-08 19:43:00;M1;6;21;4714,77244;4714,30000;DOWN
2026-05-08 20:05:00;M1;6;21;4715,45004;4715,52000;UP
2026-05-08 20:07:00;M1;6;89;4715,03577;4714,57000;DOWN
2026-05-08 20:15:00;M1;6;21;4715,77028;4716,90000;UP
2026-05-08 20:47:00;M1;6;21;4719,99663;4719,79000;DOWN
2026-05-08 20:52:00;M1;6;21;4720,75260;4720,95000;UP
2026-05-08 20:55:00;M1;6;21;4721,38251;4720,99000;DOWN
2026-05-08 21:01:00;M1;6;21;4722,45506;4725,25000;UP
2026-05-08 21:19:00;M1;6;21;4726,28853;4725,54000;DOWN
2026-05-08 21:25:00;M1;6;34;4725,18871;4724,00000;DOWN
2026-05-08 21:33:00;M1;6;34;4726,08531;4726,12000;UP
2026-05-08 21:37:00;M1;6;34;4726,73468;4725,01000;DOWN
2026-05-08 21:49:00;M1;6;55;4723,69619;4723,30000;DOWN
2026-05-08 22:06:00;M1;6;55;4724,80898;4725,29000;UP
2026-05-08 22:10:00;M1;6;21;4724,84446;4725,33000;UP
2026-05-08 22:07:00;M1;6;55;4725,27102;4724,79000;DOWN
2026-05-08 22:14:00;M1;6;21;4724,32533;4723,56000;DOWN
2026-05-08 22:19:00;M1;6;21;4724,04690;4724,10000;UP
2026-05-08 22:29:00;M1;6;21;4723,84446;4723,71000;DOWN
2026-05-08 22:40:00;M1;6;21;4723,53624;4726,21000;UP
2026-05-08 22:44:00;M1;6;34;4725,51276;4725,34000;DOWN
2026-05-08 23:00:00;M1;6;89;4722,64557;4722,25000;DOWN
2026-05-08 23:01:00;M1;6;89;4723,03672;4723,12000;UP
2026-05-08 23:07:00;M1;6;89;4723,33015;4722,65000;DOWN
2026-05-08 23:32:00;M1;6;21;4717,98690;4718,39000;UP
2026-05-08 23:41:00;M1;6;21;4716,93316;4716,76000;DOWN
2026-05-08 23:43:00;M1;6;21;4715,96993;4716,72000;UP
2026-05-08 23:49:00;M1;6;21;4715,02100;4714,86000;DOWN
2026-05-08 23:55:00;M1;6;21;4714,24192;4715,15000;UP
2026-05-11 01:01:00;M1;6;21;4710,31146;4699,10000;DOWN
2026-05-11 01:25:00;M1;6;21;4689,89623;4690,49000;UP
2026-05-11 01:44:00;M1;6;34;4690,75437;4691,25000;UP
2026-05-11 02:04:00;M1;6;55;4694,56116;4696,53000;UP
2026-05-11 02:08:00;M1;6;55;4692,85068;4692,70000;DOWN
2026-05-11 02:16:00;M1;6;55;4691,32390;4692,80000;UP
2026-05-11 02:44:00;M1;6;89;4697,28937;4697,49000;UP
2026-05-11 02:45:00;M1;6;21;4695,34517;4695,03000;DOWN
2026-05-11 02:49:00;M1;6;21;4696,32723;4698,37000;UP
2026-05-11 02:52:00;M1;6;89;4696,34291;4696,07000;DOWN
2026-05-11 03:00:00;M1;6;55;4686,34248;4683,23000;DOWN
2026-05-11 03:02:00;M1;6;55;4686,01616;4687,57000;UP
2026-05-11 03:10:00;M1;6;55;4685,51947;4684,04000;DOWN
2026-05-11 03:22:00;M1;6;55;4684,07280;4684,98000;UP
2026-05-11 03:25:00;M1;6;21;4685,99004;4686,17000;UP
2026-05-11 03:27:00;M1;6;55;4683,34593;4682,99000;DOWN
2026-05-11 03:31:00;M1;6;34;4687,49608;4690,43000;UP
2026-05-11 03:38:00;M1;6;89;4687,48866;4687,28000;DOWN
2026-05-11 03:43:00;M1;6;89;4686,52932;4688,77000;UP
2026-05-11 03:52:00;M1;6;89;4685,52269;4675,97000;DOWN
2026-05-11 03:59:00;M1;6;55;4682,47217;4683,35000;UP
2026-05-11 04:03:00;M1;6;21;4684,71157;4685,17000;UP
2026-05-11 04:01:00;M1;6;55;4682,72477;4678,36000;DOWN
2026-05-11 04:07:00;M1;6;55;4683,02480;4696,60000;UP
2026-05-11 04:10:00;M1;6;34;4686,01263;4684,89000;DOWN
2026-05-11 04:13:00;M1;6;21;4688,27933;4692,11000;UP
2026-05-11 04:31:00;M1;6;21;4696,73750;4694,36000;DOWN
2026-05-11 04:40:00;M1;6;34;4692,23065;4691,80000;DOWN
2026-05-11 04:44:00;M1;6;34;4693,29252;4694,35000;UP
2026-05-11 04:50:00;M1;6;55;4689,01997;4688,98000;DOWN
2026-05-11 05:00:00;M1;6;55;4689,36315;4689,59000;UP
2026-05-11 04:55:00;M1;6;89;4683,20098;4682,97000;DOWN
2026-05-11 05:01:00;M1;6;89;4683,23499;4690,91000;UP
2026-05-11 05:04:00;M1;6;55;4689,47977;4688,96000;DOWN
2026-05-11 05:07:00;M1;6;89;4683,21087;4682,16000;DOWN
2026-05-11 05:13:00;M1;6;89;4683,12960;4687,55000;UP
2026-05-11 05:25:00;M1;6;21;4685,83397;4686,07000;UP
2026-05-11 05:44:00;M1;6;55;4689,08349;4688,46000;DOWN
2026-05-11 05:50:00;M1;6;89;4683,40569;4682,52000;DOWN
2026-05-11 06:03:00;M1;6;89;4683,40167;4683,74000;UP
2026-05-11 06:08:00;M1;6;21;4684,73108;4685,60000;UP
2026-05-11 06:07:00;M1;6;89;4683,39719;4682,48000;DOWN
2026-05-11 06:13:00;M1;6;89;4683,37932;4687,61000;UP
2026-05-11 06:13:00;M1;6;55;4687,94772;4687,61000;DOWN
2026-05-11 06:19:00;M1;6;21;4684,78585;4688,35000;UP
2026-05-11 06:34:00;M1;6;55;4687,04898;4686,72000;DOWN
2026-05-11 06:38:00;M1;6;89;4683,36159;4682,68000;DOWN
2026-05-11 06:44:00;M1;6;21;4685,46902;4687,71000;UP
2026-05-11 06:49:00;M1;6;89;4683,31483;4681,22000;DOWN
2026-05-11 07:15:00;M1;6;21;4678,34145;4678,54000;UP
2026-05-11 07:19:00;M1;6;21;4676,44810;4674,06000;DOWN
2026-05-11 07:27:00;M1;6;21;4674,47456;4675,55000;UP
2026-05-11 07:31:00;M1;6;21;4672,78311;4668,67000;DOWN
2026-05-11 07:37:00;M1;6;21;4671,46508;4672,99000;UP
2026-05-11 07:46:00;M1;6;34;4673,95526;4674,01000;UP
2026-05-11 07:59:00;M1;6;34;4672,14835;4671,99000;DOWN
2026-05-11 08:01:00;M1;6;34;4671,52129;4674,24000;UP
2026-05-11 08:07:00;M1;6;55;4673,58161;4672,00000;DOWN
2026-05-11 08:13:00;M1;6;55;4672,87929;4673,20000;UP
2026-05-11 08:29:00;M1;6;55;4671,61693;4670,66000;DOWN
2026-05-11 08:31:00;M1;6;21;4672,37573;4674,02000;UP
2026-05-11 08:38:00;M1;6;89;4673,96865;4673,92000;DOWN
2026-05-11 09:07:00;M1;6;21;4660,02561;4660,21000;UP
2026-05-11 09:17:00;M1;6;89;4668,30201;4669,08000;UP
2026-05-11 09:21:00;M1;6;89;4667,40616;4667,32000;DOWN
2026-05-11 09:25:00;M1;6;89;4666,59473;4666,85000;UP
2026-05-11 10:07:00;M1;6;21;4677,46531;4676,18000;DOWN
2026-05-11 10:33:00;M1;6;34;4674,75007;4673,75000;DOWN
2026-05-11 10:47:00;M1;6;55;4669,96514;4668,27000;DOWN
2026-05-11 10:52:00;M1;6;89;4666,26124;4665,66000;DOWN
2026-05-11 10:55:00;M1;6;89;4666,29602;4668,50000;UP
2026-05-11 11:02:00;M1;6;89;4666,31503;4664,65000;DOWN
2026-05-11 11:11:00;M1;6;21;4670,30403;4672,16000;UP
2026-05-11 11:16:00;M1;6;34;4673,94962;4674,34000;UP
2026-05-11 11:20:00;M1;6;34;4673,89777;4672,80000;DOWN
2026-05-11 11:25:00;M1;6;34;4673,77234;4676,76000;UP
2026-05-11 11:29:00;M1;6;55;4671,99765;4671,77000;DOWN
2026-05-11 11:31:00;M1;6;55;4672,39283;4673,08000;UP
2026-05-11 11:31:00;M1;6;34;4673,47995;4673,08000;DOWN
2026-05-11 11:37:00;M1;6;21;4671,10913;4672,13000;UP
2026-05-11 11:37:00;M1;6;55;4672,67976;4672,13000;DOWN
2026-05-11 11:43:00;M1;6;34;4672,43016;4669,83000;DOWN
2026-05-11 11:49:00;M1;6;21;4670,44279;4670,91000;UP
2026-05-11 11:53:00;M1;6;89;4667,57224;4667,41000;DOWN
2026-05-11 11:55:00;M1;6;89;4667,66521;4667,96000;UP
2026-05-11 11:55:00;M1;6;21;4669,83514;4667,96000;DOWN
2026-05-11 12:04:00;M1;6;21;4669,31965;4669,42000;UP
2026-05-11 12:01:00;M1;6;89;4667,74001;4667,64000;DOWN
2026-05-11 12:07:00;M1;6;89;4667,77206;4668,19000;UP
2026-05-11 12:07:00;M1;6;21;4668,63517;4668,19000;DOWN
2026-05-11 12:13:00;M1;6;89;4667,74869;4667,27000;DOWN
2026-05-11 12:43:00;M1;6;21;4659,23058;4661,94000;UP
2026-05-11 12:51:00;M1;6;34;4661,47467;4659,22000;DOWN
2026-05-11 12:58:00;M1;6;21;4657,65775;4656,31000;DOWN
2026-05-11 13:01:00;M1;6;21;4657,04249;4660,61000;UP
2026-05-11 13:14:00;M1;6;55;4661,93700;4662,51000;UP
2026-05-11 13:23:00;M1;6;89;4663,86525;4664,03000;UP
2026-05-11 13:20:00;M1;6;55;4661,35120;4661,19000;DOWN
2026-05-11 13:25:00;M1;6;55;4660,89114;4665,27000;UP
2026-05-11 13:29:00;M1;6;89;4663,58226;4663,35000;DOWN
2026-05-11 13:31:00;M1;6;89;4663,35943;4665,72000;UP
2026-05-11 13:38:00;M1;6;89;4663,13059;4662,30000;DOWN
2026-05-11 13:44:00;M1;6;21;4662,75433;4663,40000;UP
2026-05-11 13:59:00;M1;6;21;4664,23709;4663,82000;DOWN
2026-05-11 14:01:00;M1;6;21;4665,38709;4666,69000;UP
2026-05-11 14:23:00;M1;6;21;4668,47534;4668,30000;DOWN
2026-05-11 14:28:00;M1;6;21;4669,47469;4670,86000;UP
2026-05-11 14:49:00;M1;6;21;4674,86847;4674,08000;DOWN
2026-05-11 14:55:00;M1;6;34;4672,91005;4671,47000;DOWN
2026-05-11 15:01:00;M1;6;34;4673,63274;4674,26000;UP
2026-05-11 15:11:00;M1;6;55;4668,61570;4668,61000;DOWN
2026-05-11 15:17:00;M1;6;55;4669,32891;4669,94000;UP
2026-05-11 15:21:00;M1;6;21;4675,41734;4680,68000;UP
2026-05-11 15:47:00;M1;6;21;4690,01964;4689,58000;DOWN
2026-05-11 15:54:00;M1;6;21;4692,77963;4693,07000;UP
2026-05-11 15:55:00;M1;6;21;4695,75889;4694,59000;DOWN
2026-05-11 16:01:00;M1;6;21;4700,13499;4703,83000;UP
2026-05-11 16:39:00;M1;6;21;4736,70726;4735,18000;DOWN
2026-05-11 16:43:00;M1;6;21;4742,08390;4744,26000;UP
2026-05-11 16:50:00;M1;6;34;4735,52534;4735,10000;DOWN
2026-05-11 16:55:00;M1;6;34;4739,88394;4743,35000;UP
2026-05-11 17:03:00;M1;6;55;4728,43428;4728,17000;DOWN
2026-05-11 17:31:00;M1;6;89;4721,96580;4721,76000;DOWN
2026-05-11 17:41:00;M1;6;21;4731,34113;4731,43000;UP
2026-05-11 17:47:00;M1;6;21;4729,18875;4728,33000;DOWN
2026-05-11 17:49:00;M1;6;21;4727,89428;4729,80000;UP
2026-05-11 17:52:00;M1;6;89;4728,39211;4728,14000;DOWN
2026-05-11 17:56:00;M1;6;21;4726,87991;4725,78000;DOWN
2026-05-11 18:01:00;M1;6;21;4726,29946;4726,55000;UP
2026-05-11 18:21:00;M1;6;34;4733,99440;4734,18000;UP
2026-05-11 18:26:00;M1;6;34;4733,43593;4733,17000;DOWN
2026-05-11 18:31:00;M1;6;34;4732,92988;4733,45000;UP
2026-05-11 18:35:00;M1;6;21;4731,45384;4730,16000;DOWN
2026-05-11 18:37:00;M1;6;34;4732,43431;4730,83000;DOWN
2026-05-11 18:54:00;M1;6;21;4731,68459;4731,84000;UP
2026-05-11 18:55:00;M1;6;34;4731,31680;4731,25000;DOWN
2026-05-11 19:01:00;M1;6;34;4731,26906;4731,94000;UP
2026-05-11 19:07:00;M1;6;21;4731,71973;4732,41000;UP
2026-05-11 19:08:00;M1;6;34;4731,18186;4730,69000;DOWN
2026-05-11 19:13:00;M1;6;21;4730,78287;4727,46000;DOWN
2026-05-11 19:58:00;M1;6;21;4716,29534;4716,36000;UP
2026-05-11 20:14:00;M1;6;34;4717,74873;4718,34000;UP
2026-05-11 20:31:00;M1;6;55;4721,48256;4721,73000;UP
2026-05-11 21:02:00;M1;6;21;4722,96305;4722,63000;DOWN
2026-05-11 21:07:00;M1;6;21;4723,81668;4726,74000;UP
2026-05-11 21:13:00;M1;6;21;4724,47260;4723,89000;DOWN
2026-05-11 21:26:00;M1;6;21;4725,23859;4725,44000;UP
2026-05-11 21:40:00;M1;6;21;4726,60377;4726,33000;DOWN
2026-05-11 21:43:00;M1;6;21;4727,13198;4727,27000;UP
2026-05-11 21:49:00;M1;6;21;4727,43304;4726,50000;DOWN
2026-05-11 21:56:00;M1;6;21;4727,41131;4728,92000;UP
2026-05-11 21:59:00;M1;6;34;4726,14477;4724,84000;DOWN
2026-05-11 22:06:00;M1;6;34;4726,61311;4727,55000;UP
2026-05-11 22:01:00;M1;6;89;4727,64658;4725,57000;DOWN
2026-05-11 22:07:00;M1;6;21;4727,38709;4728,06000;UP
2026-05-11 22:09:00;M1;6;34;4727,02739;4727,01000;DOWN
2026-05-11 22:13:00;M1;6;89;4727,04992;4724,53000;DOWN
2026-05-11 22:25:00;M1;6;55;4724,06183;4723,56000;DOWN
2026-05-11 22:36:00;M1;6;21;4725,94653;4726,87000;UP
2026-05-11 22:38:00;M1;6;34;4727,22904;4727,42000;UP
2026-05-11 22:44:00;M1;6;34;4727,44103;4726,99000;DOWN
2026-05-11 22:49:00;M1;6;34;4727,94383;4731,30000;UP
2026-05-11 23:11:00;M1;6;21;4732,17249;4731,71000;DOWN
2026-05-11 23:13:00;M1;6;21;4733,54550;4736,36000;UP
2026-05-11 23:20:00;M1;6;21;4734,65568;4734,41000;DOWN
2026-05-11 23:30:00;M1;6;21;4735,61797;4735,66000;UP
2026-05-11 23:31:00;M1;6;21;4736,71801;4735,62000;DOWN
2026-05-11 23:38:00;M1;6;21;4737,68852;4738,28000;UP
2026-05-11 23:43:00;M1;6;21;4738,41166;4737,50000;DOWN
2026-05-11 23:50:00;M1;6;55;4734,44692;4733,96000;DOWN
2026-05-12 01:01:00;M1;6;21;4738,39215;4740,95000;UP
2026-05-12 01:14:00;M1;6;34;4739,27925;4739,04000;DOWN
2026-05-12 01:24:00;M1;6;21;4739,68187;4739,70000;UP
2026-05-12 01:27:00;M1;6;34;4740,38705;4741,77000;UP
2026-05-12 01:25:00;M1;6;21;4740,01934;4739,58000;DOWN
2026-05-12 01:32:00;M1;6;21;4740,46107;4741,17000;UP
2026-05-12 01:31:00;M1;6;34;4740,88108;4739,50000;DOWN
2026-05-12 01:37:00;M1;6;34;4741,42330;4742,43000;UP
2026-05-12 01:43:00;M1;6;21;4743,12305;4742,65000;DOWN
2026-05-12 01:49:00;M1;6;21;4745,74141;4752,01000;UP
2026-05-12 02:11:00;M1;6;55;4746,35295;4746,14000;DOWN
2026-05-12 02:16:00;M1;6;21;4752,57985;4752,86000;UP
2026-05-12 02:19:00;M1;6;21;4753,43773;4752,08000;DOWN
2026-05-12 02:31:00;M1;6;21;4755,26468;4756,79000;UP
2026-05-12 02:39:00;M1;6;21;4756,07351;4755,08000;DOWN
2026-05-12 02:46:00;M1;6;21;4756,90863;4757,94000;UP
2026-05-12 03:02:00;M1;6;34;4761,32202;4761,01000;DOWN
2026-05-12 03:09:00;M1;6;21;4765,51489;4768,34000;UP
2026-05-12 03:13:00;M1;6;21;4767,82425;4767,04000;DOWN
2026-05-12 03:19:00;M1;6;21;4768,43391;4770,93000;UP
2026-05-12 03:23:00;M1;6;89;4756,38093;4756,38000;DOWN
2026-05-12 03:26:00;M1;6;55;4764,01562;4765,57000;UP
2026-05-12 03:25:00;M1;6;21;4768,45680;4762,18000;DOWN
2026-05-12 03:34:00;M1;6;89;4759,01343;4758,49000;DOWN
2026-05-12 03:37:00;M1;6;89;4760,15860;4762,02000;UP
2026-05-12 03:43:00;M1;6;89;4761,16864;4758,45000;DOWN
2026-05-12 04:19:00;M1;6;21;4747,64698;4748,82000;UP
2026-05-12 04:25:00;M1;6;21;4744,36700;4741,47000;DOWN
2026-05-12 04:49:00;M1;6;21;4726,66878;4730,08000;UP
2026-05-12 05:07:00;M1;6;34;4728,04692;4729,71000;UP
2026-05-12 05:44:00;M1;6;55;4729,28106;4731,81000;UP
2026-05-12 06:08:00;M1;6;21;4728,49806;4728,07000;DOWN
2026-05-12 06:13:00;M1;6;21;4728,81535;4730,40000;UP
2026-05-12 06:19:00;M1;6;21;4728,75569;4726,04000;DOWN
2026-05-12 06:25:00;M1;6;34;4723,94073;4723,81000;DOWN
2026-05-12 06:31:00;M1;6;34;4724,17356;4725,85000;UP
2026-05-12 06:43:00;M1;6;21;4725,66429;4725,80000;UP
2026-05-12 06:46:00;M1;6;55;4719,71470;4719,45000;DOWN
2026-05-12 06:49:00;M1;6;55;4719,21545;4720,49000;UP
2026-05-12 06:49:00;M1;6;21;4724,39481;4720,49000;DOWN
2026-05-12 07:04:00;M1;6;21;4721,78764;4722,27000;UP
2026-05-12 07:15:00;M1;6;34;4722,54511;4725,39000;UP
2026-05-12 07:29:00;M1;6;89;4723,14795;4722,48000;DOWN
2026-05-12 07:31:00;M1;6;21;4722,62774;4722,92000;UP
2026-05-12 07:48:00;M1;6;89;4720,55788;4718,95000;DOWN
2026-05-12 07:49:00;M1;6;89;4719,75084;4719,81000;UP
2026-05-12 07:51:00;M1;6;55;4718,81563;4718,01000;DOWN
2026-05-12 07:55:00;M1;6;89;4718,90853;4714,28000;DOWN
2026-05-12 08:04:00;M1;6;55;4718,20035;4718,48000;UP
2026-05-12 08:07:00;M1;6;89;4717,21180;4715,12000;DOWN
2026-05-12 08:20:00;M1;6;21;4713,96994;4716,70000;UP
2026-05-12 08:25:00;M1;6;89;4714,74136;4714,29000;DOWN
2026-05-12 08:31:00;M1;6;34;4714,92532;4720,15000;UP
2026-05-12 08:37:00;M1;6;55;4714,79240;4714,73000;DOWN
2026-05-12 08:43:00;M1;6;55;4714,39935;4714,85000;UP
2026-05-12 08:45:00;M1;6;34;4714,04176;4713,96000;DOWN
2026-05-12 08:49:00;M1;6;34;4713,65097;4713,80000;UP
2026-05-12 08:49:00;M1;6;55;4714,05917;4713,80000;DOWN
2026-05-12 08:55:00;M1;6;55;4713,73416;4717,91000;UP
2026-05-12 09:00:00;M1;6;89;4711,99359;4708,28000;DOWN
2026-05-12 09:01:00;M1;6;55;4713,24055;4708,38000;DOWN
2026-05-12 09:34:00;M1;6;21;4701,77010;4702,81000;UP
2026-05-12 09:42:00;M1;6;21;4699,92502;4699,83000;DOWN
2026-05-12 09:43:00;M1;6;21;4698,84351;4702,13000;UP
2026-05-12 09:49:00;M1;6;34;4701,04660;4697,09000;DOWN
2026-05-12 09:58:00;M1;6;21;4697,01464;4699,07000;UP
2026-05-12 10:02:00;M1;6;21;4695,54195;4694,35000;DOWN
2026-05-12 10:09:00;M1;6;21;4694,53355;4694,86000;UP
2026-05-12 10:13:00;M1;6;34;4695,54740;4694,86000;DOWN
2026-05-12 10:19:00;M1;6;34;4694,55336;4699,17000;UP
2026-05-12 10:30:00;M1;6;55;4696,49940;4696,41000;DOWN
2026-05-12 10:31:00;M1;6;55;4695,65112;4696,60000;UP
2026-05-12 11:10:00;M1;6;21;4700,54423;4700,40000;DOWN
2026-05-12 11:20:00;M1;6;21;4701,27052;4701,35000;UP
2026-05-12 11:36:00;M1;6;34;4698,77900;4698,04000;DOWN
2026-05-12 11:38:00;M1;6;34;4699,33160;4700,00000;UP
2026-05-12 11:45:00;M1;6;21;4702,07799;4705,91000;UP
2026-05-12 11:44:00;M1;6;34;4700,02446;4700,01000;DOWN
2026-05-12 11:49:00;M1;6;34;4700,69800;4703,55000;UP
2026-05-12 11:56:00;M1;6;21;4702,72026;4702,43000;DOWN
2026-05-12 12:01:00;M1;6;34;4701,76338;4700,31000;DOWN
2026-05-12 12:24:00;M1;6;21;4701,44274;4701,50000;UP
2026-05-12 12:30:00;M1;6;34;4701,76820;4703,45000;UP
2026-05-12 12:25:00;M1;6;21;4700,94660;4699,87000;DOWN
2026-05-12 12:31:00;M1;6;21;4700,57297;4702,44000;UP
2026-05-12 12:35:00;M1;6;34;4701,59470;4700,45000;DOWN
2026-05-12 12:39:00;M1;6;34;4701,40471;4701,87000;UP
2026-05-12 12:37:00;M1;6;21;4700,27933;4699,71000;DOWN
2026-05-12 12:43:00;M1;6;55;4698,87989;4697,90000;DOWN
2026-05-12 12:49:00;M1;6;21;4699,32295;4700,65000;UP
2026-05-12 12:55:00;M1;6;55;4699,17605;4697,21000;DOWN
2026-05-12 13:01:00;M1;6;21;4699,24315;4703,05000;UP
2026-05-12 13:16:00;M1;6;34;4700,95118;4700,26000;DOWN
2026-05-12 13:21:00;M1;6;21;4701,77323;4703,13000;UP
2026-05-12 13:26:00;M1;6;55;4700,61562;4700,57000;DOWN
2026-05-12 13:32:00;M1;6;89;4695,28171;4692,70000;DOWN
2026-05-12 13:59:00;M1;6;21;4694,25921;4694,35000;UP
2026-05-12 14:01:00;M1;6;21;4692,47601;4690,77000;DOWN
2026-05-12 14:09:00;M1;6;21;4691,29798;4691,95000;UP
2026-05-12 14:15:00;M1;6;34;4693,99836;4694,87000;UP
2026-05-12 14:13:00;M1;6;21;4690,85600;4690,16000;DOWN
2026-05-12 14:19:00;M1;6;21;4690,86026;4697,88000;UP
2026-05-12 14:24:00;M1;6;89;4694,44728;4693,76000;DOWN
2026-05-12 14:27:00;M1;6;89;4694,38673;4696,08000;UP
2026-05-12 14:25:00;M1;6;55;4695,67206;4694,06000;DOWN
2026-05-12 14:31:00;M1;6;34;4693,81737;4700,04000;UP
2026-05-12 15:02:00;M1;6;21;4705,05082;4704,84000;DOWN
2026-05-12 15:07:00;M1;6;34;4700,46007;4699,96000;DOWN
2026-05-12 15:15:00;M1;6;21;4706,58325;4706,99000;UP
2026-05-12 15:24:00;M1;6;89;4697,35724;4696,88000;DOWN
2026-05-12 15:40:00;M1;6;21;4701,95092;4703,45000;UP
2026-05-12 15:44:00;M1;6;34;4702,89076;4702,81000;DOWN
2026-05-12 15:49:00;M1;6;34;4703,62621;4707,19000;UP
2026-05-12 15:56:00;M1;6;34;4704,39598;4701,77000;DOWN
2026-05-12 16:01:00;M1;6;21;4703,34476;4705,79000;UP
2026-05-12 16:04:00;M1;6;89;4699,16463;4696,18000;DOWN
2026-05-12 16:07:00;M1;6;34;4704,13837;4693,65000;DOWN
2026-05-12 16:31:00;M1;6;21;4691,61943;4691,83000;UP
2026-05-12 16:39:00;M1;6;34;4695,28259;4698,06000;UP
2026-05-12 16:46:00;M1;6;89;4697,67318;4695,96000;DOWN
2026-05-12 16:57:00;M1;6;21;4687,68930;4686,85000;DOWN
2026-05-12 17:02:00;M1;6;21;4686,85505;4688,49000;UP
2026-05-12 17:10:00;M1;6;34;4689,43696;4687,84000;DOWN
2026-05-12 17:13:00;M1;6;34;4688,36287;4693,59000;UP
2026-05-12 17:19:00;M1;6;55;4692,41442;4688,50000;DOWN
2026-05-12 17:26:00;M1;6;34;4686,35976;4684,98000;DOWN
2026-05-12 17:37:00;M1;6;21;4683,75436;4684,87000;UP
2026-05-12 17:45:00;M1;6;34;4682,92947;4682,77000;DOWN
2026-05-12 18:31:00;M1;6;21;4655,26307;4655,86000;UP
2026-05-12 18:37:00;M1;6;34;4660,56270;4664,09000;UP
2026-05-12 18:45:00;M1;6;55;4665,78318;4667,85000;UP
2026-05-12 19:11:00;M1;6;89;4670,31956;4670,59000;UP
2026-05-12 19:23:00;M1;6;89;4668,17310;4668,11000;DOWN
2026-05-12 19:25:00;M1;6;89;4667,21992;4667,90000;UP
2026-05-12 19:25:00;M1;6;21;4668,90695;4667,90000;DOWN
2026-05-12 19:36:00;M1;6;21;4670,11897;4670,17000;UP
2026-05-12 19:37:00;M1;6;21;4670,74642;4669,23000;DOWN
2026-05-12 19:51:00;M1;6;21;4670,95758;4671,76000;UP
2026-05-12 20:31:00;M1;6;21;4679,73784;4677,94000;DOWN
2026-05-12 20:37:00;M1;6;34;4677,49907;4676,77000;DOWN
2026-05-12 20:43:00;M1;6;34;4678,47505;4678,97000;UP
2026-05-12 20:49:00;M1;6;34;4679,32298;4678,50000;DOWN
2026-05-12 21:01:00;M1;6;21;4681,42104;4683,10000;UP
2026-05-12 21:07:00;M1;6;34;4681,23442;4677,53000;DOWN
2026-05-12 21:14:00;M1;6;21;4681,01158;4681,28000;UP
2026-05-12 21:20:00;M1;6;34;4682,35016;4683,05000;UP
2026-05-12 22:14:00;M1;6;21;4700,61117;4699,86000;DOWN
2026-05-12 22:24:00;M1;6;21;4702,44802;4702,94000;UP
2026-05-12 22:26:00;M1;6;21;4704,06295;4704,01000;DOWN
2026-05-12 22:31:00;M1;6;21;4705,87029;4706,68000;UP
2026-05-12 22:40:00;M1;6;21;4707,75870;4707,25000;DOWN
2026-05-12 22:45:00;M1;6;21;4709,54792;4709,66000;UP
2026-05-12 22:49:00;M1;6;21;4711,29397;4709,75000;DOWN
2026-05-12 22:55:00;M1;6;21;4713,23808;4713,47000;UP
2026-05-12 23:03:00;M1;6;21;4714,84157;4713,64000;DOWN
2026-05-12 23:07:00;M1;6;34;4714,32018;4712,61000;DOWN
2026-05-12 23:18:00;M1;6;34;4715,77367;4716,07000;UP
2026-05-12 23:21:00;M1;6;55;4712,94531;4712,78000;DOWN
2026-05-13 01:01:00;M1;6;21;4715,68462;4715,85000;UP
2026-05-13 01:07:00;M1;6;34;4719,29025;4718,03000;DOWN
2026-05-13 01:18:00;M1;6;21;4715,80855;4716,07000;UP
2026-05-13 01:16:00;M1;6;89;4714,59335;4714,31000;DOWN
2026-05-13 01:19:00;M1;6;89;4715,85691;4716,84000;UP
2026-05-13 01:25:00;M1;6;89;4717,06221;4716,67000;DOWN
2026-05-13 01:31:00;M1;6;21;4716,89748;4717,80000;UP
2026-05-13 01:37:00;M1;6;89;4719,29879;4717,45000;DOWN
2026-05-13 01:46:00;M1;6;21;4717,71618;4717,86000;UP
2026-05-13 01:53:00;M1;6;34;4719,06962;4721,91000;UP
2026-05-13 01:49:00;M1;6;21;4718,44561;4716,89000;DOWN
2026-05-13 01:55:00;M1;6;21;4718,85507;4720,26000;UP
2026-05-13 01:55:00;M1;6;89;4722,25183;4720,26000;DOWN
2026-05-13 02:04:00;M1;6;34;4719,40258;4720,35000;UP
2026-05-13 02:01:00;M1;6;21;4719,19756;4717,72000;DOWN
2026-05-13 02:07:00;M1;6;21;4719,74074;4720,26000;UP
2026-05-13 02:13:00;M1;6;34;4720,01316;4717,84000;DOWN
2026-05-13 02:24:00;M1;6;21;4720,47845;4722,58000;UP
2026-05-13 02:26:00;M1;6;34;4720,57638;4720,06000;DOWN
2026-05-13 02:31:00;M1;6;21;4720,50279;4721,00000;UP
2026-05-13 02:37:00;M1;6;34;4720,60980;4718,44000;DOWN
2026-05-13 02:44:00;M1;6;21;4720,17240;4721,12000;UP
2026-05-13 02:49:00;M1;6;34;4720,64038;4715,92000;DOWN
2026-05-13 03:03:00;M1;6;21;4719,74280;4722,94000;UP
2026-05-13 03:09:00;M1;6;55;4723,26735;4721,08000;DOWN
2026-05-13 03:17:00;M1;6;55;4723,36010;4723,95000;UP
2026-05-13 03:14:00;M1;6;34;4721,27656;4720,23000;DOWN
2026-05-13 03:19:00;M1;6;21;4722,07539;4724,44000;UP
2026-05-13 03:25:00;M1;6;55;4723,74266;4723,57000;DOWN
2026-05-13 03:40:00;M1;6;21;4723,36875;4724,44000;UP
2026-05-13 03:43:00;M1;6;55;4723,93091;4721,58000;DOWN
2026-05-13 04:37:00;M1;6;21;4704,47149;4705,16000;UP
2026-05-13 04:44:00;M1;6;34;4708,89052;4708,91000;UP
2026-05-13 04:52:00;M1;6;34;4707,47785;4706,63000;DOWN
2026-05-13 04:55:00;M1;6;34;4706,04887;4706,58000;UP
2026-05-13 04:57:00;M1;6;21;4702,39654;4701,84000;DOWN
2026-05-13 05:01:00;M1;6;21;4702,27711;4703,86000;UP
2026-05-13 05:01:00;M1;6;34;4704,87713;4703,86000;DOWN
2026-05-13 05:07:00;M1;6;21;4701,97865;4700,56000;DOWN
2026-05-13 05:13:00;M1;6;21;4701,51688;4702,41000;UP
2026-05-13 05:27:00;M1;6;34;4700,53013;4700,35000;DOWN
2026-05-13 05:49:00;M1;6;21;4696,02599;4696,47000;UP
2026-05-13 05:55:00;M1;6;34;4695,10219;4689,15000;DOWN
2026-05-13 06:04:00;M1;6;21;4692,71464;4692,75000;UP
2026-05-13 06:08:00;M1;6;21;4691,32699;4690,77000;DOWN
2026-05-13 06:13:00;M1;6;21;4690,24448;4693,35000;UP
2026-05-13 06:19:00;M1;6;55;4693,19549;4694,09000;UP
2026-05-13 06:31:00;M1;6;89;4701,07239;4701,79000;UP
2026-05-13 06:53:00;M1;6;89;4698,75040;4698,13000;DOWN
2026-05-13 06:58:00;M1;6;34;4695,16427;4695,05000;DOWN
2026-05-13 07:01:00;M1;6;34;4695,71779;4697,46000;UP
2026-05-13 07:09:00;M1;6;89;4696,86917;4696,60000;DOWN
2026-05-13 07:18:00;M1;6;21;4700,88398;4701,15000;UP
2026-05-13 07:25:00;M1;6;21;4701,49973;4701,36000;DOWN
2026-05-13 07:31:00;M1;6;21;4701,35258;4702,58000;UP
2026-05-13 07:35:00;M1;6;34;4699,16982;4698,93000;DOWN
2026-05-13 07:39:00;M1;6;34;4699,68674;4701,75000;UP
2026-05-13 07:37:00;M1;6;21;4700,85405;4699,11000;DOWN
2026-05-13 07:43:00;M1;6;34;4700,04415;4699,25000;DOWN
2026-05-13 07:49:00;M1;6;21;4700,22316;4701,36000;UP
2026-05-13 07:57:00;M1;6;34;4700,56979;4698,46000;DOWN
2026-05-13 08:02:00;M1;6;21;4700,91873;4701,86000;UP
2026-05-13 08:18:00;M1;6;34;4702,33438;4702,00000;DOWN
2026-05-13 08:22:00;M1;6;21;4703,55894;4703,60000;UP
2026-05-13 08:25:00;M1;6;55;4699,17200;4698,37000;DOWN
2026-05-13 08:33:00;M1;6;55;4699,72190;4701,41000;UP
2026-05-13 08:37:00;M1;6;55;4700,16822;4699,64000;DOWN
2026-05-13 08:56:00;M1;6;21;4700,64640;4701,20000;UP
2026-05-13 09:26:00;M1;6;21;4709,03720;4707,76000;DOWN
2026-05-13 09:35:00;M1;6;21;4710,45216;4710,73000;UP
2026-05-13 09:37:00;M1;6;21;4711,72879;4710,37000;DOWN
2026-05-13 09:43:00;M1;6;21;4712,38801;4713,25000;UP
2026-05-13 09:46:00;M1;6;34;4709,23254;4707,84000;DOWN
2026-05-13 09:50:00;M1;6;55;4707,64881;4705,99000;DOWN
2026-05-13 09:56:00;M1;6;89;4701,68439;4699,47000;DOWN
2026-05-13 10:02:00;M1;6;89;4702,18202;4702,51000;UP
2026-05-13 10:07:00;M1;6;89;4702,57106;4699,72000;DOWN
2026-05-13 10:15:00;M1;6;21;4705,07117;4706,06000;UP
2026-05-13 10:20:00;M1;6;34;4707,46972;4707,60000;UP
2026-05-13 10:28:00;M1;6;55;4707,69591;4707,70000;UP
2026-05-13 10:25:00;M1;6;34;4707,22260;4706,81000;DOWN
2026-05-13 10:35:00;M1;6;34;4707,11575;4707,66000;UP
2026-05-13 10:31:00;M1;6;55;4707,71568;4705,48000;DOWN
2026-05-13 10:39:00;M1;6;89;4704,23031;4703,51000;DOWN
2026-05-13 10:43:00;M1;6;21;4703,84087;4704,28000;UP
2026-05-13 10:49:00;M1;6;21;4703,72269;4703,53000;DOWN
2026-05-13 11:01:00;M1;6;21;4703,23027;4703,30000;UP
2026-05-13 11:07:00;M1;6;21;4702,75133;4700,25000;DOWN
2026-05-13 11:37:00;M1;6;21;4697,68316;4698,04000;UP
2026-05-13 11:43:00;M1;6;21;4696,97513;4695,32000;DOWN
2026-05-13 11:49:00;M1;6;21;4696,61951;4697,82000;UP
2026-05-13 11:55:00;M1;6;55;4701,09752;4701,89000;UP
2026-05-13 12:01:00;M1;6;55;4700,50297;4698,55000;DOWN
2026-05-13 12:11:00;M1;6;34;4697,32257;4697,00000;DOWN
2026-05-13 12:13:00;M1;6;21;4696,50761;4696,77000;UP
2026-05-13 12:19:00;M1;6;34;4695,52784;4690,68000;DOWN
2026-05-13 12:35:00;M1;6;21;4691,66854;4692,68000;UP
2026-05-13 12:42:00;M1;6;34;4692,16020;4692,70000;UP
2026-05-13 12:45:00;M1;6;55;4694,38375;4694,49000;UP
2026-05-13 12:55:00;M1;6;89;4698,50510;4699,03000;UP
2026-05-13 13:19:00;M1;6;21;4700,62641;4700,62000;DOWN
2026-05-13 13:25:00;M1;6;21;4702,15825;4703,14000;UP
2026-05-13 13:32:00;M1;6;89;4697,54938;4697,49000;DOWN
2026-05-13 13:43:00;M1;6;55;4695,40099;4694,34000;DOWN
2026-05-13 13:50:00;M1;6;55;4695,44301;4696,28000;UP
2026-05-13 13:58:00;M1;6;55;4695,39906;4693,83000;DOWN
2026-05-13 14:10:00;M1;6;21;4695,72784;4696,07000;UP
2026-05-13 14:14:00;M1;6;34;4697,62835;4699,03000;UP
2026-05-13 14:20:00;M1;6;34;4697,69108;4697,41000;DOWN
2026-05-13 14:25:00;M1;6;34;4697,78013;4697,91000;UP
2026-05-13 14:52:00;M1;6;21;4701,16415;4700,55000;DOWN
2026-05-13 14:58:00;M1;6;55;4698,24184;4698,04000;DOWN
2026-05-13 15:05:00;M1;6;34;4700,02143;4700,07000;UP
2026-05-13 15:10:00;M1;6;55;4699,03875;4697,51000;DOWN
2026-05-13 15:13:00;M1;6;89;4696,37381;4696,00000;DOWN
2026-05-13 15:50:00;M1;6;21;4682,34712;4684,08000;UP
2026-05-13 16:00:00;M1;6;34;4687,39808;4688,48000;UP
2026-05-13 15:55:00;M1;6;21;4680,33121;4680,02000;DOWN
2026-05-13 16:01:00;M1;6;21;4679,51265;4687,72000;UP
2026-05-13 16:13:00;M1;6;55;4688,74078;4688,81000;UP
2026-05-13 16:28:00;M1;6;89;4690,04123;4689,47000;DOWN
2026-05-13 16:31:00;M1;6;55;4687,03421;4685,44000;DOWN
2026-05-13 16:54:00;M1;6;21;4681,25188;4682,72000;UP
2026-05-13 16:56:00;M1;6;34;4678,86379;4678,56000;DOWN
2026-05-13 17:07:00;M1;6;21;4677,77403;4680,55000;UP
2026-05-13 17:17:00;M1;6;55;4679,28407;4677,12000;DOWN
2026-05-13 17:21:00;M1;6;21;4676,07535;4677,50000;UP
2026-05-13 17:25:00;M1;6;89;4682,69380;4683,44000;UP
2026-05-13 17:45:00;M1;6;89;4681,24649;4679,91000;DOWN
2026-05-13 17:49:00;M1;6;34;4679,54707;4681,50000;UP
2026-05-13 17:58:00;M1;6;89;4680,50397;4680,46000;DOWN
2026-05-13 18:02:00;M1;6;21;4683,40699;4685,34000;UP
2026-05-13 18:51:00;M1;6;21;4696,20983;4696,16000;DOWN
2026-05-13 19:00:00;M1;6;21;4697,85974;4698,08000;UP
2026-05-13 19:01:00;M1;6;21;4699,23935;4697,46000;DOWN
2026-05-13 19:09:00;M1;6;21;4700,48946;4700,88000;UP
2026-05-13 19:13:00;M1;6;21;4701,60825;4701,00000;DOWN
2026-05-13 19:23:00;M1;6;21;4702,78026;4703,38000;UP
2026-05-13 19:31:00;M1;6;21;4705,27957;4704,31000;DOWN
2026-05-13 19:37:00;M1;6;34;4704,16990;4703,07000;DOWN
2026-05-13 19:49:00;M1;6;55;4699,91225;4699,51000;DOWN
2026-05-13 20:13:00;M1;6;21;4699,42008;4700,31000;UP
2026-05-13 20:24:00;M1;6;21;4698,69307;4697,51000;DOWN
2026-05-13 20:27:00;M1;6;21;4698,09199;4698,79000;UP
2026-05-13 20:32:00;M1;6;89;4695,51380;4695,46000;DOWN
2026-05-13 20:46:00;M1;6;21;4694,22862;4694,29000;UP
2026-05-13 20:49:00;M1;6;21;4692,86785;4691,28000;DOWN
2026-05-13 21:07:00;M1;6;21;4688,52963;4690,22000;UP
2026-05-13 21:13:00;M1;6;34;4691,45360;4691,88000;UP
2026-05-13 21:21:00;M1;6;34;4690,42217;4689,12000;DOWN
2026-05-13 21:25:00;M1;6;34;4689,72200;4691,02000;UP
2026-05-13 21:35:00;M1;6;34;4689,05685;4688,25000;DOWN
2026-05-13 21:38:00;M1;6;34;4688,56215;4689,41000;UP
2026-05-13 21:43:00;M1;6;34;4687,54984;4687,54000;DOWN
2026-05-13 21:54:00;M1;6;21;4686,12511;4686,95000;UP
2026-05-13 21:58:00;M1;6;34;4685,53888;4685,09000;DOWN
2026-05-13 22:01:00;M1;6;21;4684,31642;4685,37000;UP
2026-05-13 22:14:00;M1;6;55;4688,00799;4689,11000;UP
2026-05-13 22:33:00;M1;6;55;4685,96998;4685,37000;DOWN
2026-05-13 22:37:00;M1;6;21;4685,73337;4687,53000;UP
2026-05-13 22:52:00;M1;6;21;4686,88905;4685,51000;DOWN
2026-05-13 22:58:00;M1;6;21;4687,32360;4688,66000;UP
2026-05-13 23:01:00;M1;6;21;4687,64740;4687,08000;DOWN
2026-05-13 23:08:00;M1;6;21;4688,06381;4689,03000;UP
2026-05-13 23:33:00;M1;6;21;4690,76331;4689,23000;DOWN
2026-05-13 23:39:00;M1;6;21;4691,18613;4691,38000;UP
2026-05-13 23:45:00;M1;6;34;4689,74646;4689,51000;DOWN
2026-05-13 23:53:00;M1;6;89;4688,47434;4688,37000;DOWN
2026-05-13 23:56:00;M1;6;89;4688,28650;4688,64000;UP
2026-05-14 01:01:00;M1;6;21;4690,68298;4691,21000;UP
2026-05-14 01:09:00;M1;6;34;4690,58061;4689,95000;DOWN
2026-05-14 01:15:00;M1;6;21;4691,24514;4691,52000;UP
2026-05-14 01:49:00;M1;6;21;4698,60054;4697,74000;DOWN
2026-05-14 01:55:00;M1;6;21;4699,85475;4700,19000;UP
2026-05-14 02:02:00;M1;6;21;4700,83710;4700,46000;DOWN
2026-05-14 02:12:00;M1;6;21;4701,74452;4702,04000;UP
2026-05-14 02:13:00;M1;6;21;4702,34111;4701,74000;DOWN
2026-05-14 02:20:00;M1;6;34;4700,90735;4700,77000;DOWN
2026-05-14 02:26:00;M1;6;55;4698,54295;4697,52000;DOWN
2026-05-14 02:44:00;M1;6;89;4694,78283;4694,77000;DOWN
2026-05-14 02:54:00;M1;6;89;4695,14471;4695,71000;UP
2026-05-14 03:00:00;M1;6;21;4697,07191;4699,07000;UP
2026-05-14 02:55:00;M1;6;89;4695,47744;4695,23000;DOWN
2026-05-14 03:01:00;M1;6;89;4695,75030;4696,38000;UP
2026-05-14 03:02:00;M1;6;21;4695,97464;4694,50000;DOWN
2026-05-14 03:09:00;M1;6;21;4695,10907;4696,06000;UP
2026-05-14 03:07:00;M1;6;89;4695,99550;4693,62000;DOWN
2026-05-14 03:15:00;M1;6;34;4698,67082;4699,53000;UP
2026-05-14 03:28:00;M1;6;55;4700,47455;4700,07000;DOWN
2026-05-14 03:31:00;M1;6;55;4700,64001;4702,09000;UP
2026-05-14 03:34:00;M1;6;89;4697,53048;4697,47000;DOWN
2026-05-14 03:37:00;M1;6;55;4700,65547;4694,55000;DOWN
2026-05-14 03:44:00;M1;6;21;4698,76818;4700,18000;UP
2026-05-14 03:51:00;M1;6;55;4700,88894;4700,46000;DOWN
2026-05-14 03:55:00;M1;6;55;4701,07721;4702,24000;UP
2026-05-14 04:03:00;M1;6;89;4699,34000;4696,62000;DOWN
2026-05-14 04:35:00;M1;6;21;4693,54117;4694,13000;UP
2026-05-14 04:37:00;M1;6;21;4691,98924;4691,49000;DOWN
2026-05-14 04:47:00;M1;6;21;4690,89430;4693,49000;UP
2026-05-14 04:51:00;M1;6;34;4692,99265;4690,11000;DOWN
2026-05-14 04:59:00;M1;6;21;4688,44356;4688,73000;UP
2026-05-14 05:02:00;M1;6;34;4691,05873;4691,79000;UP
2026-05-14 05:08:00;M1;6;34;4690,29540;4690,00000;DOWN
2026-05-14 05:17:00;M1;6;34;4689,65682;4690,36000;UP
2026-05-14 05:13:00;M1;6;21;4688,04362;4687,67000;DOWN
2026-05-14 05:19:00;M1;6;21;4688,25671;4690,05000;UP
2026-05-14 05:25:00;M1;6;55;4691,95157;4693,91000;UP
2026-05-14 05:33:00;M1;6;89;4695,99080;4696,72000;UP
2026-05-14 05:39:00;M1;6;89;4695,72728;4695,26000;DOWN
2026-05-14 05:43:00;M1;6;55;4691,22686;4690,32000;DOWN
2026-05-14 06:02:00;M1;6;21;4689,14054;4689,57000;UP
2026-05-14 06:07:00;M1;6;34;4687,80168;4683,20000;DOWN
2026-05-14 06:23:00;M1;6;21;4686,12989;4687,16000;UP
2026-05-14 06:26:00;M1;6;89;4691,68418;4691,72000;UP
2026-05-14 06:31:00;M1;6;89;4691,13399;4687,65000;DOWN
2026-05-14 07:07:00;M1;6;21;4675,65392;4678,38000;UP
2026-05-14 07:13:00;M1;6;55;4680,39048;4680,87000;UP
2026-05-14 07:20:00;M1;6;89;4684,48460;4684,83000;UP
2026-05-14 07:55:00;M1;6;21;4706,65307;4706,35000;DOWN
2026-05-14 08:13:00;M1;6;34;4701,19141;4701,19000;DOWN
2026-05-14 08:26:00;M1;6;55;4695,08644;4694,34000;DOWN
2026-05-14 08:31:00;M1;6;55;4695,97941;4698,26000;UP
2026-05-14 08:45:00;M1;6;21;4700,09795;4702,51000;UP
2026-05-14 08:44:00;M1;6;55;4697,64424;4697,38000;DOWN
2026-05-14 08:49:00;M1;6;55;4698,45470;4700,07000;UP
2026-05-14 08:54:00;M1;6;21;4699,15239;4698,50000;DOWN
2026-05-14 08:59:00;M1;6;89;4692,75608;4689,60000;DOWN
2026-05-14 09:05:00;M1;6;89;4693,10729;4693,79000;UP
2026-05-14 09:07:00;M1;6;89;4693,34390;4691,92000;DOWN
2026-05-14 09:20:00;M1;6;21;4690,15957;4690,20000;UP
2026-05-14 09:32:00;M1;6;34;4694,14873;4694,30000;UP
2026-05-14 09:38:00;M1;6;89;4693,67135;4692,17000;DOWN
2026-05-14 09:43:00;M1;6;34;4692,80352;4694,64000;UP
2026-05-14 09:49:00;M1;6;55;4698,17516;4695,46000;DOWN
2026-05-14 09:55:00;M1;6;55;4698,25926;4698,75000;UP
2026-05-14 10:05:00;M1;6;55;4698,29232;4697,49000;DOWN
2026-05-14 10:07:00;M1;6;55;4698,29676;4699,80000;UP
2026-05-14 10:12:00;M1;6;21;4697,59930;4696,73000;DOWN
2026-05-14 10:17:00;M1;6;21;4698,91031;4698,97000;UP
2026-05-14 10:13:00;M1;6;89;4695,71227;4695,50000;DOWN
2026-05-14 10:22:00;M1;6;55;4698,25126;4698,80000;UP
2026-05-14 10:20:00;M1;6;34;4695,61573;4695,56000;DOWN
2026-05-14 10:26:00;M1;6;21;4701,25073;4702,18000;UP
2026-05-14 10:45:00;M1;6;21;4708,00282;4707,97000;DOWN
2026-05-14 10:50:00;M1;6;89;4699,83930;4697,69000;DOWN
2026-05-14 11:20:00;M1;6;21;4700,70583;4701,66000;UP
2026-05-14 11:25:00;M1;6;34;4703,05121;4703,33000;UP
2026-05-14 11:33:00;M1;6;34;4703,10775;4702,72000;DOWN
2026-05-14 11:37:00;M1;6;34;4703,08776;4705,22000;UP
2026-05-14 11:39:00;M1;6;89;4702,36651;4701,93000;DOWN
2026-05-14 11:43:00;M1;6;34;4702,71130;4696,28000;DOWN
2026-05-14 12:08:00;M1;6;21;4695,56072;4695,61000;UP
2026-05-14 12:13:00;M1;6;21;4694,74783;4694,69000;DOWN
2026-05-14 12:19:00;M1;6;21;4694,01050;4695,58000;UP
2026-05-14 12:25:00;M1;6;21;4692,98723;4691,71000;DOWN
2026-05-14 12:32:00;M1;6;21;4692,01113;4692,18000;UP
2026-05-14 12:37:00;M1;6;34;4693,71276;4689,38000;DOWN
2026-05-14 12:43:00;M1;6;21;4692,02838;4696,14000;UP
2026-05-14 12:49:00;M1;6;89;4699,57406;4700,38000;UP
2026-05-14 12:55:00;M1;6;89;4699,42432;4699,14000;DOWN
2026-05-14 13:03:00;M1;6;89;4699,32596;4699,82000;UP
2026-05-14 13:08:00;M1;6;89;4699,33678;4698,83000;DOWN
2026-05-14 13:16:00;M1;6;55;4696,53373;4696,04000;DOWN
2026-05-14 13:19:00;M1;6;55;4696,49586;4696,76000;UP
2026-05-14 13:21:00;M1;6;34;4695,89346;4695,59000;DOWN
2026-05-14 13:25:00;M1;6;34;4696,23985;4697,00000;UP
2026-05-14 13:27:00;M1;6;55;4696,46270;4696,46000;DOWN
2026-05-14 13:31:00;M1;6;55;4696,41800;4696,50000;UP
2026-05-14 13:31:00;M1;6;34;4696,52286;4696,50000;DOWN
2026-05-14 13:37:00;M1;6;55;4696,28966;4695,42000;DOWN
2026-05-14 13:54:00;M1;6;21;4696,53261;4696,71000;UP
2026-05-14 13:57:00;M1;6;55;4695,62367;4695,61000;DOWN
2026-05-14 14:01:00;M1;6;21;4695,11194;4697,96000;UP
2026-05-14 14:07:00;M1;6;34;4696,23825;4695,32000;DOWN
2026-05-14 14:13:00;M1;6;34;4696,21148;4697,39000;UP
2026-05-14 14:17:00;M1;6;55;4695,20757;4695,17000;DOWN
2026-05-14 14:19:00;M1;6;55;4695,08433;4695,21000;UP
2026-05-14 14:19:00;M1;6;34;4695,99166;4695,21000;DOWN
2026-05-14 14:25:00;M1;6;55;4694,90939;4689,73000;DOWN
2026-05-14 14:33:00;M1;6;21;4693,66592;4694,43000;UP
2026-05-14 14:39:00;M1;6;34;4694,75779;4695,40000;UP
2026-05-14 14:37:00;M1;6;21;4693,73823;4693,64000;DOWN
2026-05-14 14:43:00;M1;6;21;4694,36412;4695,05000;UP
2026-05-14 14:43:00;M1;6;89;4696,30876;4695,05000;DOWN
2026-05-14 14:49:00;M1;6;89;4696,17636;4698,08000;UP
2026-05-14 14:59:00;M1;6;89;4696,03031;4694,36000;DOWN
2026-05-14 15:02:00;M1;6;21;4696,65950;4696,85000;UP
2026-05-14 15:31:00;M1;6;21;4702,71065;4701,90000;DOWN
2026-05-14 15:37:00;M1;6;21;4704,58654;4705,22000;UP
2026-05-14 15:44:00;M1;6;55;4698,98208;4698,05000;DOWN
2026-05-14 15:50:00;M1;6;34;4702,86669;4703,68000;UP
2026-05-14 15:55:00;M1;6;34;4703,68455;4703,26000;DOWN
2026-05-14 16:02:00;M1;6;89;4698,50046;4698,01000;DOWN
2026-05-14 16:08:00;M1;6;55;4701,48594;4702,49000;UP
2026-05-14 16:18:00;M1;6;89;4699,20168;4694,10000;DOWN
2026-05-14 16:49:00;M1;6;21;4683,79442;4689,37000;UP
2026-05-14 16:59:00;M1;6;21;4681,00330;4679,51000;DOWN
2026-05-14 17:01:00;M1;6;21;4679,26259;4686,17000;UP
2026-05-14 17:07:00;M1;6;34;4686,05356;4684,77000;DOWN
2026-05-14 17:13:00;M1;6;34;4684,88724;4686,75000;UP
2026-05-14 17:19:00;M1;6;89;4693,68819;4694,60000;UP
2026-05-14 17:25:00;M1;6;89;4693,24215;4689,20000;DOWN
2026-05-14 17:31:00;M1;6;55;4689,89645;4690,98000;UP
2026-05-14 17:38:00;M1;6;55;4689,46116;4688,43000;DOWN
2026-05-14 17:43:00;M1;6;21;4689,42512;4686,85000;DOWN
2026-05-14 17:50:00;M1;6;21;4689,77628;4689,90000;UP
2026-05-14 17:56:00;M1;6;55;4687,53072;4686,57000;DOWN
2026-05-14 18:09:00;M1;6;34;4683,24239;4683,61000;UP
2026-05-14 18:13:00;M1;6;21;4684,72068;4685,73000;UP
2026-05-14 18:26:00;M1;6;89;4688,30090;4688,38000;UP
2026-05-14 18:31:00;M1;6;89;4687,78684;4685,78000;DOWN
2026-05-14 18:41:00;M1;6;34;4683,99088;4683,15000;DOWN
2026-05-14 18:45:00;M1;6;55;4682,12841;4682,05000;DOWN
2026-05-14 18:49:00;M1;6;21;4683,28188;4683,41000;UP
2026-05-14 19:03:00;M1;6;55;4681,42277;4680,16000;DOWN
2026-05-14 19:18:00;M1;6;21;4680,88274;4680,98000;UP
2026-05-14 19:19:00;M1;6;55;4680,24800;4679,90000;DOWN
2026-05-14 19:32:00;M1;6;21;4676,84362;4677,25000;UP
2026-05-14 19:37:00;M1;6;21;4675,43099;4671,83000;DOWN
2026-05-14 19:43:00;M1;6;21;4674,42402;4675,48000;UP
2026-05-14 19:49:00;M1;6;34;4676,25585;4676,31000;UP
2026-05-14 20:00:00;M1;6;89;4678,61177;4680,77000;UP
2026-05-14 19:56:00;M1;6;55;4676,50220;4676,40000;DOWN
2026-05-14 20:01:00;M1;6;55;4676,15726;4679,53000;UP
2026-05-14 20:29:00;M1;6;21;4679,47942;4677,36000;DOWN
2026-05-14 20:31:00;M1;6;34;4677,04639;4677,01000;DOWN
2026-05-14 20:42:00;M1;6;21;4680,35800;4681,31000;UP
2026-05-14 20:45:00;M1;6;21;4680,56490;4680,28000;DOWN
2026-05-14 20:49:00;M1;6;21;4680,66623;4680,86000;UP
2026-05-14 20:54:00;M1;6;34;4678,09511;4678,02000;DOWN
2026-05-14 20:55:00;M1;6;34;4678,41116;4678,89000;UP
2026-05-14 21:00:00;M1;6;89;4675,72474;4675,62000;DOWN
2026-05-14 21:01:00;M1;6;34;4678,16068;4671,96000;DOWN
2026-05-14 21:19:00;M1;6;21;4674,47111;4675,77000;UP
2026-05-14 21:27:00;M1;6;89;4674,24366;4673,80000;DOWN
2026-05-14 21:31:00;M1;6;21;4672,89481;4673,59000;UP
2026-05-14 21:37:00;M1;6;21;4671,99117;4671,66000;DOWN
2026-05-14 21:50:00;M1;6;21;4669,90479;4669,93000;UP
2026-05-14 21:57:00;M1;6;21;4669,30402;4668,81000;DOWN
2026-05-14 22:01:00;M1;6;21;4668,70976;4670,34000;UP
2026-05-14 22:07:00;M1;6;21;4668,18771;4668,12000;DOWN
2026-05-14 22:15:00;M1;6;21;4667,56784;4667,70000;UP
2026-05-14 22:20:00;M1;6;34;4668,24003;4668,57000;UP
2026-05-14 22:28:00;M1;6;34;4667,27599;4667,13000;DOWN
2026-05-14 22:55:00;M1;6;21;4657,22291;4657,39000;UP
2026-05-14 23:03:00;M1;6;21;4654,92419;4652,36000;DOWN
2026-05-14 23:19:00;M1;6;21;4648,70582;4649,05000;UP
2026-05-14 23:37:00;M1;6;34;4647,76727;4647,86000;UP
2026-05-14 23:43:00;M1;6;55;4650,96319;4651,21000;UP
2026-05-14 23:51:00;M1;6;55;4649,78319;4649,25000;DOWN
2026-05-14 23:55:00;M1;6;55;4648,75523;4652,28000;UP
2026-05-15 01:05:00;M1;6;89;4653,42559;4654,26000;UP
2026-05-15 01:49:00;M1;6;21;4662,25435;4661,22000;DOWN
2026-05-15 02:10:00;M1;6;34;4660,10713;4659,90000;DOWN
2026-05-15 02:29:00;M1;6;21;4662,67285;4663,94000;UP
2026-05-15 02:36:00;M1;6;89;4650,86455;4648,81000;DOWN
2026-05-15 02:37:00;M1;6;89;4650,87568;4651,60000;UP
2026-05-15 02:43:00;M1;6;55;4655,89629;4656,00000;UP
2026-05-15 02:49:00;M1;6;55;4656,09663;4654,42000;DOWN
2026-05-15 02:55:00;M1;6;89;4650,66183;4649,11000;DOWN
2026-05-15 03:03:00;M1;6;21;4652,49909;4653,61000;UP
2026-05-15 03:07:00;M1;6;89;4650,25941;4647,31000;DOWN
2026-05-15 03:14:00;M1;6;21;4649,54666;4650,53000;UP
2026-05-15 03:21:00;M1;6;89;4649,78182;4649,77000;DOWN
2026-05-15 03:49:00;M1;6;21;4623,29566;4627,64000;UP
2026-05-15 03:56:00;M1;6;21;4620,09964;4618,30000;DOWN
2026-05-15 04:01:00;M1;6;21;4617,70717;4626,19000;UP
2026-05-15 04:07:00;M1;6;34;4623,30837;4612,12000;DOWN
2026-05-15 04:13:00;M1;6;21;4612,33155;4613,51000;UP
2026-05-15 04:19:00;M1;6;34;4617,20062;4619,69000;UP
2026-05-15 04:27:00;M1;6;34;4614,18865;4614,04000;DOWN
2026-05-15 04:31:00;M1;6;21;4609,06899;4613,01000;UP
2026-05-15 04:42:00;M1;6;55;4621,04419;4621,79000;UP
2026-05-15 04:47:00;M1;6;55;4618,71205;4618,08000;DOWN
2026-05-15 04:50:00;M1;6;55;4616,41554;4616,65000;UP
2026-05-15 04:51:00;M1;6;21;4610,76505;4610,71000;DOWN
2026-05-15 04:55:00;M1;6;21;4610,76020;4613,20000;UP
2026-05-15 04:55:00;M1;6;55;4614,28745;4613,20000;DOWN
2026-05-15 05:02:00;M1;6;55;4612,34792;4613,33000;UP
2026-05-15 05:31:00;M1;6;21;4612,14838;4610,99000;DOWN
2026-05-15 05:37:00;M1;6;21;4612,10492;4616,02000;UP
2026-05-15 05:46:00;M1;6;89;4613,16934;4612,75000;DOWN
2026-05-15 05:49:00;M1;6;89;4611,97253;4614,59000;UP
2026-05-15 06:02:00;M1;6;21;4615,78878;4615,29000;DOWN
2026-05-15 06:07:00;M1;6;21;4617,13680;4618,81000;UP
2026-05-15 06:13:00;M1;6;21;4617,81611;4617,17000;DOWN
2026-05-15 06:20:00;M1;6;34;4614,17905;4611,13000;DOWN
2026-05-15 06:40:00;M1;6;21;4615,28241;4615,29000;UP
2026-05-15 06:44:00;M1;6;34;4614,42422;4613,39000;DOWN
2026-05-15 06:49:00;M1;6;21;4614,13119;4615,68000;UP
2026-05-15 06:55:00;M1;6;34;4614,58686;4611,95000;DOWN
2026-05-15 07:02:00;M1;6;21;4614,09567;4614,70000;UP
2026-05-15 07:21:00;M1;6;55;4610,87093;4610,33000;DOWN
2026-05-15 07:26:00;M1;6;55;4611,33152;4612,41000;UP
2026-05-15 07:38:00;M1;6;55;4611,98623;4610,94000;DOWN
2026-05-15 07:50:00;M1;6;21;4611,69961;4611,88000;UP
2026-05-15 07:55:00;M1;6;21;4609,94486;4605,69000;DOWN
2026-05-15 08:01:00;M1;6;89;4603,42535;4601,38000;DOWN
2026-05-15 08:50:00;M1;6;21;4567,85185;4572,56000;UP
2026-05-15 08:59:00;M1;6;21;4563,20810;4558,81000;DOWN
2026-05-15 09:01:00;M1;6;21;4559,80739;4562,98000;UP
2026-05-15 09:08:00;M1;6;34;4566,97812;4567,70000;UP
2026-05-15 09:19:00;M1;6;55;4575,30297;4575,37000;UP
2026-05-15 09:48:00;M1;6;55;4567,55941;4565,23000;DOWN
2026-05-15 09:49:00;M1;6;21;4570,26006;4573,01000;UP
2026-05-15 09:55:00;M1;6;21;4570,95104;4566,57000;DOWN
2026-05-15 10:05:00;M1;6;21;4571,48231;4572,15000;UP
2026-05-15 10:07:00;M1;6;89;4571,69508;4572,75000;UP
2026-05-15 10:07:00;M1;6;21;4572,80860;4572,75000;DOWN
2026-05-15 10:13:00;M1;6;21;4574,81646;4585,54000;UP
2026-05-15 10:31:00;M1;6;21;4581,12463;4578,87000;DOWN
2026-05-15 10:43:00;M1;6;34;4576,26352;4575,89000;DOWN
2026-05-15 11:01:00;M1;6;89;4565,97392;4564,54000;DOWN
2026-05-15 11:07:00;M1;6;55;4565,94803;4566,21000;UP
2026-05-15 11:13:00;M1;6;89;4564,24337;4564,02000;DOWN
2026-05-15 11:39:00;M1;6;21;4555,70703;4558,25000;UP
2026-05-15 11:44:00;M1;6;55;4562,29098;4562,50000;UP
2026-05-15 11:46:00;M1;6;89;4558,72293;4558,62000;DOWN
2026-05-15 11:49:00;M1;6;34;4560,79254;4562,23000;UP
2026-05-15 11:50:00;M1;6;55;4561,53671;4560,88000;DOWN
2026-05-15 11:55:00;M1;6;89;4556,73201;4555,47000;DOWN
2026-05-15 12:03:00;M1;6;21;4553,77789;4553,97000;UP
2026-05-15 12:07:00;M1;6;89;4555,00249;4553,96000;DOWN
2026-05-15 12:24:00;M1;6;21;4550,32855;4551,73000;UP
2026-05-15 12:27:00;M1;6;89;4552,15184;4553,94000;UP
2026-05-15 12:33:00;M1;6;55;4553,88508;4554,91000;UP
2026-05-15 12:36:00;M1;6;89;4551,30329;4548,53000;DOWN
2026-05-15 12:42:00;M1;6;21;4548,33926;4548,46000;UP
2026-05-15 12:37:00;M1;6;55;4552,59926;4547,36000;DOWN
2026-05-15 12:43:00;M1;6;34;4546,62989;4545,02000;DOWN
2026-05-15 12:56:00;M1;6;21;4543,41386;4546,75000;UP
2026-05-15 13:02:00;M1;6;55;4546,64771;4547,84000;UP
2026-05-15 13:29:00;M1;6;21;4552,68135;4551,75000;DOWN
2026-05-15 13:31:00;M1;6;21;4554,19154;4554,59000;UP
2026-05-15 13:37:00;M1;6;21;4554,98065;4551,24000;DOWN
2026-05-15 13:45:00;M1;6;21;4556,41261;4558,30000;UP
2026-05-15 13:50:00;M1;6;21;4559,37271;4559,16000;DOWN
2026-05-15 13:55:00;M1;6;21;4562,34822;4564,89000;UP
2026-05-15 14:02:00;M1;6;21;4564,72941;4564,56000;DOWN
2026-05-15 14:10:00;M1;6;21;4566,46945;4567,95000;UP
2026-05-15 14:14:00;M1;6;21;4567,60832;4566,30000;DOWN
2026-05-15 14:25:00;M1;6;34;4564,66478;4559,34000;DOWN
2026-05-15 14:37:00;M1;6;55;4556,89679;4556,87000;DOWN
2026-05-15 15:00:00;M1;6;89;4549,87669;4549,72000;DOWN
2026-05-15 15:02:00;M1;6;89;4549,93903;4550,74000;UP
2026-05-15 15:09:00;M1;6;21;4552,96260;4553,08000;UP
2026-05-15 15:12:00;M1;6;89;4549,96960;4549,95000;DOWN
2026-05-15 15:13:00;M1;6;89;4549,92299;4550,75000;UP
2026-05-15 15:14:00;M1;6;21;4550,69345;4545,56000;DOWN
2026-05-15 15:20:00;M1;6;21;4549,51933;4556,76000;UP
2026-05-15 15:19:00;M1;6;89;4549,92614;4548,66000;DOWN
2026-05-15 15:25:00;M1;6;89;4549,98444;4555,48000;UP
2026-05-15 15:25:00;M1;6;34;4555,71826;4555,48000;DOWN
2026-05-15 15:31:00;M1;6;21;4549,26840;4550,78000;UP
2026-05-15 15:34:00;M1;6;89;4550,06273;4549,50000;DOWN
2026-05-15 15:37:00;M1;6;89;4550,09303;4550,13000;UP
2026-05-15 15:39:00;M1;6;21;4549,07016;4548,20000;DOWN
2026-05-15 15:46:00;M1;6;21;4548,96687;4549,65000;UP
2026-05-15 15:43:00;M1;6;89;4550,13493;4547,67000;DOWN
2026-05-15 15:51:00;M1;6;34;4551,11028;4555,25000;UP
2026-05-15 15:59:00;M1;6;89;4550,21022;4545,88000;DOWN
2026-05-15 16:14:00;M1;6;21;4546,43365;4546,63000;UP
2026-05-15 16:19:00;M1;6;55;4551,43925;4550,85000;DOWN
2026-05-15 16:25:00;M1;6;55;4550,61403;4556,58000;UP
2026-05-15 16:28:00;M1;6;89;4549,53233;4547,44000;DOWN
2026-05-15 16:31:00;M1;6;55;4549,56474;4545,79000;DOWN
2026-05-15 16:55:00;M1;6;21;4532,14536;4538,35000;UP
2026-05-15 17:01:00;M1;6;34;4535,03821;4526,83000;DOWN
2026-05-15 17:07:00;M1;6;21;4530,54020;4534,80000;UP
2026-05-15 17:14:00;M1;6;89;4543,51557;4543,39000;DOWN
2026-05-15 17:19:00;M1;6;89;4543,06754;4558,42000;UP
2026-05-15 17:45:00;M1;6;21;4553,40860;4553,03000;DOWN
2026-05-15 17:54:00;M1;6;21;4555,48167;4556,87000;UP
2026-05-15 17:55:00;M1;6;21;4557,86541;4556,65000;DOWN
2026-05-15 18:14:00;M1;6;34;4553,60588;4552,38000;DOWN
2026-05-15 18:24:00;M1;6;55;4546,68535;4545,76000;DOWN
2026-05-15 18:30:00;M1;6;55;4547,31456;4550,19000;UP
2026-05-15 18:25:00;M1;6;89;4545,19862;4544,67000;DOWN
2026-05-15 18:31:00;M1;6;89;4545,27981;4548,77000;UP
2026-05-15 18:32:00;M1;6;55;4547,73701;4547,68000;DOWN
2026-05-15 18:37:00;M1;6;89;4545,27286;4544,10000;DOWN
2026-05-15 19:01:00;M1;6;21;4539,17488;4540,01000;UP
2026-05-15 19:07:00;M1;6;21;4536,19255;4529,72000;DOWN
2026-05-15 19:18:00;M1;6;21;4533,70282;4533,77000;UP
2026-05-15 19:25:00;M1;6;34;4539,05836;4539,23000;UP
2026-05-15 19:34:00;M1;6;55;4543,23212;4543,98000;UP
2026-05-15 19:33:00;M1;6;89;4541,59452;4540,50000;DOWN
2026-05-15 19:37:00;M1;6;89;4541,30854;4545,24000;UP
2026-05-15 20:37:00;M1;6;21;4560,93235;4560,51000;DOWN
2026-05-15 20:55:00;M1;6;34;4559,44924;4557,69000;DOWN
2026-05-15 21:18:00;M1;6;55;4555,35965;4555,09000;DOWN
2026-05-15 21:22:00;M1;6;55;4556,47781;4556,55000;UP
2026-05-15 21:26:00;M1;6;55;4557,50777;4556,94000;DOWN
2026-05-15 21:46:00;M1;6;21;4558,38556;4558,96000;UP
2026-05-15 21:49:00;M1;6;55;4560,59769;4559,25000;DOWN
2026-05-15 22:00:00;M1;6;21;4558,51747;4557,73000;DOWN
2026-05-15 22:01:00;M1;6;21;4558,28906;4558,33000;UP
2026-05-15 22:04:00;M1;6;89;4555,42212;4554,28000;DOWN
2026-05-15 22:07:00;M1;6;21;4557,30708;4553,99000;DOWN
2026-05-15 22:31:00;M1;6;21;4551,43006;4552,79000;UP
2026-05-15 22:38:00;M1;6;34;4554,32403;4554,39000;UP
2026-05-15 22:46:00;M1;6;34;4553,47019;4552,50000;DOWN
2026-05-15 22:52:00;M1;6;21;4549,80934;4549,61000;DOWN
2026-05-15 23:25:00;M1;6;21;4537,01635;4537,74000;UP
2026-05-18 01:02:00;M1;6;55;4541,08275;4541,49000;UP
2026-05-18 01:01:00;M1;6;34;4536,25568;4530,52000;DOWN
2026-05-18 01:07:00;M1;6;21;4540,46402;4548,96000;UP
2026-05-18 01:15:00;M1;6;89;4548,36656;4547,56000;DOWN
2026-05-18 01:21:00;M1;6;55;4540,26004;4539,80000;DOWN
2026-05-18 01:30:00;M1;6;21;4546,03212;4547,98000;UP
2026-05-18 01:32:00;M1;6;89;4547,01419;4546,06000;DOWN
2026-05-18 01:37:00;M1;6;21;4547,67258;4549,14000;UP
2026-05-18 01:50:00;M1;6;21;4550,02985;4549,26000;DOWN
2026-05-18 01:56:00;M1;6;89;4545,85843;4545,20000;DOWN
2026-05-18 02:01:00;M1;6;34;4546,49607;4547,33000;UP
2026-05-18 02:07:00;M1;6;89;4545,18244;4540,29000;DOWN
2026-05-18 02:13:00;M1;6;55;4541,63670;4542,41000;UP
2026-05-18 02:19:00;M1;6;55;4541,63742;4539,60000;DOWN
2026-05-18 02:37:00;M1;6;21;4539,36166;4540,81000;UP
2026-05-18 02:45:00;M1;6;21;4537,39599;4533,93000;DOWN
2026-05-18 02:49:00;M1;6;21;4536,58193;4537,90000;UP
2026-05-18 02:55:00;M1;6;89;4540,89079;4539,05000;DOWN
2026-05-18 03:02:00;M1;6;21;4534,79090;4539,35000;UP
2026-05-18 03:07:00;M1;6;34;4537,33540;4528,51000;DOWN
2026-05-18 03:20:00;M1;6;21;4528,75480;4533,22000;UP
2026-05-18 03:25:00;M1;6;21;4525,65654;4519,52000;DOWN
2026-05-18 03:55:00;M1;6;21;4492,32653;4493,59000;UP
2026-05-18 04:01:00;M1;6;34;4501,53092;4498,55000;DOWN
2026-05-18 04:08:00;M1;6;34;4498,93338;4500,32000;UP
2026-05-18 04:14:00;M1;6;34;4496,66229;4496,01000;DOWN
2026-05-18 04:19:00;M1;6;34;4494,69295;4498,41000;UP
2026-05-18 04:25:00;M1;6;55;4503,65182;4502,12000;DOWN
2026-05-18 04:31:00;M1;6;55;4501,75080;4506,89000;UP
2026-05-18 04:44:00;M1;6;89;4510,44531;4512,55000;UP
2026-05-18 05:19:00;M1;6;21;4535,85855;4534,83000;DOWN
2026-05-18 05:26:00;M1;6;21;4539,12768;4539,84000;UP
2026-05-18 05:31:00;M1;6;21;4541,25942;4535,92000;DOWN
2026-05-18 05:49:00;M1;6;34;4537,17044;4530,58000;DOWN
2026-05-18 06:27:00;M1;6;21;4535,59673;4537,13000;UP
2026-05-18 06:31:00;M1;6;55;4532,40937;4530,20000;DOWN
2026-05-18 06:37:00;M1;6;21;4533,40049;4534,44000;UP
2026-05-18 06:43:00;M1;6;34;4540,54745;4540,84000;UP
2026-05-18 06:52:00;M1;6;34;4540,55655;4539,60000;DOWN
2026-05-18 06:55:00;M1;6;34;4540,70647;4541,58000;UP
2026-05-18 07:20:00;M1;6;55;4544,29215;4543,43000;DOWN
2026-05-18 07:40:00;M1;6;21;4543,55494;4543,82000;UP
2026-05-18 07:43:00;M1;6;34;4542,97128;4542,85000;DOWN
2026-05-18 07:52:00;M1;6;21;4542,79692;4543,32000;UP
2026-05-18 07:55:00;M1;6;34;4543,34557;4536,04000;DOWN
2026-05-18 08:01:00;M1;6;89;4537,07153;4535,49000;DOWN
2026-05-18 08:17:00;M1;6;21;4538,95886;4539,73000;UP
2026-05-18 08:19:00;M1;6;55;4545,57208;4545,90000;UP
2026-05-18 08:32:00;M1;6;89;4541,76309;4541,44000;DOWN
2026-05-18 08:37:00;M1;6;34;4542,35701;4544,43000;UP
2026-05-18 08:40:00;M1;6;21;4541,72126;4540,82000;DOWN
2026-05-18 08:43:00;M1;6;89;4543,22051;4541,59000;DOWN
2026-05-18 09:06:00;M1;6;21;4538,58703;4539,97000;UP
2026-05-18 09:07:00;M1;6;21;4537,20312;4536,83000;DOWN
2026-05-18 09:13:00;M1;6;21;4536,19719;4536,51000;UP
2026-05-18 09:23:00;M1;6;55;4542,09943;4542,95000;UP
2026-05-18 09:19:00;M1;6;34;4537,99801;4536,37000;DOWN
2026-05-18 09:25:00;M1;6;34;4537,78232;4545,94000;UP
2026-05-18 09:26:00;M1;6;55;4541,51057;4537,92000;DOWN
2026-05-18 09:31:00;M1;6;21;4536,58640;4538,45000;UP
2026-05-18 09:31:00;M1;6;89;4544,26866;4538,45000;DOWN
2026-05-18 09:38:00;M1;6;55;4540,66412;4539,27000;DOWN
2026-05-18 09:44:00;M1;6;21;4538,12828;4540,69000;UP
2026-05-18 09:49:00;M1;6;89;4544,30844;4543,60000;DOWN
2026-05-18 09:55:00;M1;6;89;4544,46043;4546,41000;UP
2026-05-18 10:04:00;M1;6;89;4544,63727;4543,96000;DOWN
2026-05-18 10:08:00;M1;6;89;4544,82872;4546,55000;UP
2026-05-18 10:11:00;M1;6;21;4544,21400;4544,05000;DOWN
2026-05-18 10:16:00;M1;6;21;4545,09444;4545,53000;UP
2026-05-18 10:13:00;M1;6;89;4545,03261;4543,53000;DOWN
2026-05-18 10:20:00;M1;6;55;4541,55579;4538,89000;DOWN
2026-05-18 10:26:00;M1;6;21;4546,01469;4547,13000;UP
2026-05-18 10:48:00;M1;6;34;4547,17065;4546,99000;DOWN
2026-05-18 10:49:00;M1;6;89;4546,88884;4543,90000;DOWN
2026-05-18 10:56:00;M1;6;55;4545,33242;4546,96000;UP
2026-05-18 11:01:00;M1;6;89;4547,42111;4545,89000;DOWN
2026-05-18 11:08:00;M1;6;55;4546,19624;4546,69000;UP
2026-05-18 11:13:00;M1;6;55;4546,46520;4544,89000;DOWN
2026-05-18 11:20:00;M1;6;21;4547,49543;4548,59000;UP
2026-05-18 11:29:00;M1;6;89;4547,97458;4547,94000;DOWN
2026-05-18 11:32:00;M1;6;21;4547,32227;4549,57000;UP
2026-05-18 11:44:00;M1;6;89;4548,58195;4548,07000;DOWN
2026-05-18 11:49:00;M1;6;21;4550,29505;4552,27000;UP
2026-05-18 11:59:00;M1;6;55;4550,09561;4549,98000;DOWN
2026-05-18 12:02:00;M1;6;89;4549,50569;4546,56000;DOWN
2026-05-18 12:39:00;M1;6;21;4545,68341;4546,07000;UP
2026-05-18 12:43:00;M1;6;21;4544,11121;4543,20000;DOWN
2026-05-18 12:54:00;M1;6;21;4542,77387;4543,13000;UP
2026-05-18 13:04:00;M1;6;21;4540,91455;4540,46000;DOWN
2026-05-18 13:07:00;M1;6;21;4539,96898;4541,58000;UP
2026-05-18 13:13:00;M1;6;21;4539,19341;4537,58000;DOWN
2026-05-18 13:19:00;M1;6;21;4538,55477;4542,05000;UP
2026-05-18 13:25:00;M1;6;34;4540,23412;4539,83000;DOWN
2026-05-18 13:33:00;M1;6;21;4537,34217;4534,09000;DOWN
2026-05-18 13:37:00;M1;6;21;4536,84656;4537,58000;UP
2026-05-18 13:44:00;M1;6;55;4542,18494;4543,72000;UP
2026-05-18 13:49:00;M1;6;89;4545,67521;4543,05000;DOWN
2026-05-18 13:57:00;M1;6;21;4538,46324;4539,13000;UP
2026-05-18 14:04:00;M1;6;21;4538,77537;4538,25000;DOWN
2026-05-18 14:07:00;M1;6;21;4538,42017;4538,79000;UP
2026-05-18 14:09:00;M1;6;34;4537,36967;4532,56000;DOWN
2026-05-18 14:14:00;M1;6;34;4537,01302;4539,48000;UP
2026-05-18 14:13:00;M1;6;21;4538,04221;4536,62000;DOWN
2026-05-18 14:19:00;M1;6;21;4537,51234;4539,10000;UP
2026-05-18 14:20:00;M1;6;55;4538,57009;4538,21000;DOWN
2026-05-18 14:25:00;M1;6;34;4536,29069;4536,44000;UP
2026-05-18 14:25:00;M1;6;21;4537,00112;4536,44000;DOWN
2026-05-18 14:31:00;M1;6;21;4537,60037;4539,86000;UP
2026-05-18 14:58:00;M1;6;21;4552,95142;4551,85000;DOWN
2026-05-18 15:16:00;M1;6;34;4551,02397;4548,93000;DOWN
2026-05-18 15:23:00;M1;6;34;4552,15041;4552,68000;UP
2026-05-18 15:28:00;M1;6;34;4553,04148;4553,03000;DOWN
2026-05-18 15:34:00;M1;6;21;4557,04424;4562,10000;UP
2026-05-18 16:06:00;M1;6;34;4564,79996;4563,71000;DOWN
2026-05-18 16:07:00;M1;6;34;4566,38037;4568,31000;UP
2026-05-18 16:13:00;M1;6;34;4567,59777;4565,89000;DOWN
2026-05-18 16:23:00;M1;6;21;4570,68707;4571,19000;UP
2026-05-18 16:25:00;M1;6;21;4571,92219;4571,67000;DOWN
2026-05-18 16:31:00;M1;6;21;4573,31810;4573,84000;UP
2026-05-18 16:42:00;M1;6;55;4567,92009;4565,84000;DOWN
2026-05-18 16:43:00;M1;6;55;4569,65907;4572,85000;UP
2026-05-18 16:50:00;M1;6;21;4576,47666;4576,58000;UP
2026-05-18 17:00:00;M1;6;55;4573,20377;4573,11000;DOWN
2026-05-18 17:05:00;M1;6;89;4564,19529;4561,67000;DOWN
2026-05-18 17:09:00;M1;6;89;4565,42086;4566,88000;UP
2026-05-18 17:13:00;M1;6;89;4566,48852;4565,12000;DOWN
2026-05-18 17:52:00;M1;6;21;4546,80787;4548,10000;UP
2026-05-18 18:02:00;M1;6;21;4539,67069;4535,35000;DOWN
2026-05-18 18:08:00;M1;6;21;4536,99640;4543,81000;UP
2026-05-18 18:28:00;M1;6;34;4539,21446;4539,83000;UP
2026-05-18 18:55:00;M1;6;55;4543,34321;4544,95000;UP
2026-05-18 19:01:00;M1;6;55;4541,75857;4541,07000;DOWN
2026-05-18 19:07:00;M1;6;55;4540,47922;4542,43000;UP
2026-05-18 19:28:00;M1;6;55;4537,81597;4534,69000;DOWN
2026-05-18 19:31:00;M1;6;34;4537,89831;4540,76000;UP
2026-05-18 19:45:00;M1;6;21;4544,42378;4544,60000;UP
2026-05-18 19:49:00;M1;6;89;4547,79045;4548,29000;UP
2026-05-18 20:21:00;M1;6;21;4554,28702;4554,09000;DOWN
2026-05-18 20:31:00;M1;6;34;4552,62535;4552,05000;DOWN
2026-05-18 20:57:00;M1;6;55;4546,85493;4546,19000;DOWN
2026-05-18 21:06:00;M1;6;89;4544,79677;4544,11000;DOWN
2026-05-18 21:07:00;M1;6;89;4544,56021;4545,25000;UP
2026-05-18 21:15:00;M1;6;89;4544,28635;4543,85000;DOWN
2026-05-18 21:31:00;M1;6;21;4541,98463;4542,25000;UP
2026-05-18 21:39:00;M1;6;21;4540,79799;4539,69000;DOWN
2026-05-18 21:43:00;M1;6;21;4540,11046;4541,31000;UP
2026-05-18 21:49:00;M1;6;89;4542,58291;4541,64000;DOWN
2026-05-18 21:58:00;M1;6;21;4538,90782;4535,20000;DOWN
2026-05-18 22:01:00;M1;6;21;4540,26899;4551,98000;UP
2026-05-18 22:25:00;M1;6;21;4551,08250;4548,91000;DOWN
2026-05-18 22:31:00;M1;6;21;4553,41685;4555,15000;UP
2026-05-18 22:51:00;M1;6;21;4560,31082;4560,15000;DOWN
2026-05-18 23:16:00;M1;6;21;4563,79972;4565,30000;UP
2026-05-18 23:19:00;M1;6;21;4564,93979;4564,30000;DOWN
2026-05-18 23:25:00;M1;6;21;4565,81532;4566,10000;UP
2026-05-18 23:29:00;M1;6;34;4563,50213;4563,27000;DOWN
2026-05-18 23:31:00;M1;6;21;4566,26927;4562,13000;DOWN
2026-05-19 01:01:00;M1;6;21;4567,29506;4569,58000;UP
2026-05-19 01:25:00;M1;6;34;4572,42171;4571,48000;DOWN
2026-05-19 01:33:00;M1;6;34;4573,29255;4573,73000;UP
2026-05-19 01:39:00;M1;6;21;4575,08391;4575,88000;UP
2026-05-19 01:37:00;M1;6;34;4574,23484;4572,94000;DOWN
2026-05-19 01:43:00;M1;6;34;4575,09468;4575,68000;UP
2026-05-19 01:43:00;M1;6;21;4576,13818;4575,68000;DOWN
2026-05-19 01:52:00;M1;6;55;4574,51959;4573,97000;DOWN
2026-05-19 02:00:00;M1;6;34;4576,33966;4576,82000;UP
2026-05-19 02:01:00;M1;6;21;4577,61255;4577,89000;UP
2026-05-19 02:32:00;M1;6;34;4584,07071;4583,41000;DOWN
2026-05-19 02:42:00;M1;6;34;4585,39289;4586,30000;UP
2026-05-19 02:45:00;M1;6;55;4584,98631;4584,26000;DOWN
2026-05-19 03:00:00;M1;6;55;4586,78807;4587,25000;UP
2026-05-19 02:56:00;M1;6;89;4581,72136;4581,28000;DOWN
2026-05-19 03:01:00;M1;6;21;4586,91998;4588,70000;UP
2026-05-19 03:03:00;M1;6;55;4587,34050;4584,23000;DOWN
2026-05-19 03:07:00;M1;6;89;4583,74596;4582,74000;DOWN
2026-05-19 03:21:00;M1;6;21;4582,45872;4584,43000;UP
2026-05-19 03:25:00;M1;6;21;4580,49523;4572,89000;DOWN
2026-05-19 04:07:00;M1;6;21;4564,97364;4567,82000;UP
2026-05-19 04:16:00;M1;6;21;4562,96200;4562,88000;DOWN
2026-05-19 04:29:00;M1;6;21;4559,04920;4559,07000;UP
2026-05-19 04:35:00;M1;6;34;4562,68966;4564,25000;UP
2026-05-19 04:31:00;M1;6;21;4558,05276;4555,86000;DOWN
2026-05-19 04:37:00;M1;6;21;4558,14065;4562,85000;UP
2026-05-19 04:43:00;M1;6;55;4569,99980;4571,17000;UP
2026-05-19 04:49:00;M1;6;55;4568,65316;4566,41000;DOWN
2026-05-19 05:05:00;M1;6;34;4559,34977;4556,34000;DOWN
2026-05-19 05:07:00;M1;6;34;4558,46987;4558,50000;UP
2026-05-19 05:13:00;M1;6;34;4557,54111;4554,11000;DOWN
2026-05-19 05:19:00;M1;6;34;4556,71936;4557,14000;UP
2026-05-19 05:25:00;M1;6;21;4557,94223;4558,53000;UP
2026-05-19 05:30:00;M1;6;34;4556,16467;4555,64000;DOWN
2026-05-19 05:31:00;M1;6;34;4555,59609;4557,88000;UP
2026-05-19 05:31:00;M1;6;55;4558,88913;4557,88000;DOWN
2026-05-19 05:37:00;M1;6;21;4555,73702;4556,10000;UP
2026-05-19 05:39:00;M1;6;34;4555,06031;4553,70000;DOWN
2026-05-19 05:43:00;M1;6;34;4554,60435;4556,25000;UP
2026-05-19 05:43:00;M1;6;55;4556,42961;4556,25000;DOWN
2026-05-19 05:51:00;M1;6;21;4553,40071;4553,84000;UP
2026-05-19 05:49:00;M1;6;34;4553,92987;4552,11000;DOWN
2026-05-19 05:55:00;M1;6;21;4551,76335;4548,64000;DOWN
2026-05-19 06:06:00;M1;6;21;4550,37205;4552,64000;UP
2026-05-19 06:07:00;M1;6;55;4551,53826;4551,87000;UP
2026-05-19 06:08:00;M1;6;34;4550,82369;4550,24000;DOWN
2026-05-19 06:13:00;M1;6;21;4548,31247;4550,64000;UP
2026-05-19 06:22:00;M1;6;55;4549,43120;4549,07000;DOWN
2026-05-19 06:25:00;M1;6;21;4546,93085;4548,27000;UP
2026-05-19 06:45:00;M1;6;55;4546,47392;4544,99000;DOWN
2026-05-19 06:51:00;M1;6;21;4547,06317;4548,00000;UP
2026-05-19 06:56:00;M1;6;55;4545,35412;4545,08000;DOWN
2026-05-19 07:05:00;M1;6;34;4545,41632;4545,49000;UP
2026-05-19 07:07:00;M1;6;55;4544,14595;4543,95000;DOWN
2026-05-19 07:20:00;M1;6;55;4542,66507;4542,69000;UP
2026-05-19 07:25:00;M1;6;55;4541,86508;4541,21000;DOWN
2026-05-19 07:36:00;M1;6;21;4541,02297;4541,70000;UP
2026-05-19 07:37:00;M1;6;55;4540,38940;4539,80000;DOWN
2026-05-19 07:43:00;M1;6;21;4539,66203;4540,92000;UP
2026-05-19 07:53:00;M1;6;89;4542,32849;4542,33000;UP
2026-05-19 08:22:00;M1;6;89;4538,80285;4537,49000;DOWN
2026-05-19 08:28:00;M1;6;34;4539,37179;4539,49000;UP
2026-05-19 08:31:00;M1;6;89;4537,54390;4537,00000;DOWN
2026-05-19 08:37:00;M1;6;21;4539,02332;4540,56000;UP
2026-05-19 08:45:00;M1;6;34;4538,16114;4536,98000;DOWN
2026-05-19 08:54:00;M1;6;21;4538,41032;4539,81000;UP
2026-05-19 08:49:00;M1;6;89;4535,89040;4533,54000;DOWN
2026-05-19 08:55:00;M1;6;55;4536,47831;4541,71000;UP
2026-05-19 09:00:00;M1;6;34;4538,00692;4534,99000;DOWN
2026-05-19 09:02:00;M1;6;21;4538,03048;4540,46000;UP
2026-05-19 09:09:00;M1;6;34;4537,86000;4537,75000;DOWN
2026-05-19 09:13:00;M1;6;21;4538,34083;4544,20000;UP
2026-05-19 09:47:00;M1;6;21;4546,83050;4545,64000;DOWN
2026-05-19 09:49:00;M1;6;34;4543,85653;4543,12000;DOWN
2026-05-19 09:55:00;M1;6;34;4544,83735;4548,32000;UP
2026-05-19 10:06:00;M1;6;21;4549,42446;4549,88000;UP
2026-05-19 10:11:00;M1;6;21;4550,03264;4548,88000;DOWN
2026-05-19 10:15:00;M1;6;34;4547,73151;4547,32000;DOWN
2026-05-19 10:19:00;M1;6;34;4548,47150;4548,66000;UP
2026-05-19 10:27:00;M1;6;55;4544,52400;4544,23000;DOWN
2026-05-19 10:31:00;M1;6;55;4545,15278;4547,17000;UP
2026-05-19 10:37:00;M1;6;55;4545,59869;4545,23000;DOWN
2026-05-19 10:46:00;M1;6;21;4548,29720;4551,15000;UP
2026-05-19 10:53:00;M1;6;34;4549,73347;4549,27000;DOWN
2026-05-19 10:55:00;M1;6;34;4550,32373;4555,78000;UP
2026-05-19 11:07:00;M1;6;55;4548,79045;4548,72000;DOWN
2026-05-19 11:22:00;M1;6;89;4542,70570;4542,15000;DOWN
2026-05-19 11:34:00;M1;6;89;4543,29953;4544,25000;UP
2026-05-19 11:37:00;M1;6;89;4543,51230;4542,93000;DOWN
2026-05-19 11:45:00;M1;6;21;4543,32262;4545,17000;UP
2026-05-19 11:52:00;M1;6;89;4543,87421;4540,86000;DOWN
2026-05-19 11:55:00;M1;6;21;4541,96454;4542,71000;UP
2026-05-19 12:01:00;M1;6;89;4544,04808;4541,21000;DOWN
2026-05-19 12:09:00;M1;6;21;4540,40259;4540,57000;UP
2026-05-19 12:13:00;M1;6;21;4539,59805;4537,76000;DOWN
2026-05-19 12:19:00;M1;6;21;4539,57427;4539,90000;UP
2026-05-19 12:28:00;M1;6;89;4543,92855;4542,75000;DOWN
2026-05-19 12:35:00;M1;6;34;4540,34556;4541,42000;UP
2026-05-19 12:31:00;M1;6;21;4539,76541;4539,45000;DOWN
2026-05-19 12:40:00;M1;6;21;4539,57888;4539,89000;UP
2026-05-19 12:37:00;M1;6;34;4539,77532;4538,94000;DOWN
2026-05-19 12:43:00;M1;6;34;4539,34288;4540,00000;UP
2026-05-19 12:45:00;M1;6;21;4539,34462;4539,31000;DOWN
2026-05-19 12:49:00;M1;6;21;4539,47877;4540,69000;UP
2026-05-19 12:57:00;M1;6;89;4543,39015;4544,24000;UP
2026-05-19 12:59:00;M1;6;55;4541,92871;4541,76000;DOWN
2026-05-19 13:06:00;M1;6;55;4541,44432;4541,82000;UP
2026-05-19 13:01:00;M1;6;89;4543,24629;4540,34000;DOWN
2026-05-19 13:07:00;M1;6;21;4539,97303;4541,25000;UP
2026-05-19 13:08:00;M1;6;55;4540,97034;4540,83000;DOWN
2026-05-19 13:14:00;M1;6;55;4540,52090;4541,43000;UP
2026-05-19 13:18:00;M1;6;34;4538,88470;4538,58000;DOWN
2026-05-19 13:21:00;M1;6;21;4539,85193;4540,65000;UP
2026-05-19 13:19:00;M1;6;55;4540,14831;4539,46000;DOWN
2026-05-19 13:25:00;M1;6;55;4539,78848;4540,03000;UP
2026-05-19 13:26:00;M1;6;21;4539,85681;4539,38000;DOWN
2026-05-19 13:32:00;M1;6;21;4539,97601;4541,11000;UP
2026-05-19 13:37:00;M1;6;89;4542,03386;4542,49000;UP
2026-05-19 13:38:00;M1;6;55;4539,09107;4535,96000;DOWN
2026-05-19 13:43:00;M1;6;89;4541,67633;4527,22000;DOWN
2026-05-19 13:56:00;M1;6;21;4537,32409;4538,15000;UP
2026-05-19 14:10:00;M1;6;89;4540,39881;4537,91000;DOWN
2026-05-19 14:18:00;M1;6;21;4539,12828;4540,27000;UP
2026-05-19 14:26:00;M1;6;89;4539,70491;4536,95000;DOWN
2026-05-19 14:34:00;M1;6;34;4538,89222;4539,28000;UP
2026-05-19 14:42:00;M1;6;21;4539,60713;4539,98000;UP
2026-05-19 14:37:00;M1;6;55;4537,71822;4536,98000;DOWN
2026-05-19 14:43:00;M1;6;34;4538,80864;4541,95000;UP
2026-05-19 14:46:00;M1;6;89;4539,08296;4537,35000;DOWN
2026-05-19 14:49:00;M1;6;21;4539,18861;4539,89000;UP
2026-05-19 14:53:00;M1;6;55;4537,63747;4537,02000;DOWN
2026-05-19 14:55:00;M1;6;89;4538,50918;4533,26000;DOWN
2026-05-19 15:07:00;M1;6;21;4536,42879;4537,93000;UP
2026-05-19 15:18:00;M1;6;89;4537,66606;4536,99000;DOWN
2026-05-19 15:19:00;M1;6;34;4537,78527;4539,90000;UP
2026-05-19 15:40:00;M1;6;21;4541,77304;4541,08000;DOWN
2026-05-19 15:44:00;M1;6;89;4537,77535;4537,36000;DOWN
2026-05-19 15:54:00;M1;6;34;4540,73053;4541,14000;UP
2026-05-19 15:59:00;M1;6;89;4537,98262;4537,19000;DOWN
2026-05-19 16:49:00;M1;6;21;4477,81789;4481,25000;UP
2026-05-19 17:04:00;M1;6;55;4506,74548;4512,16000;UP
2026-05-19 17:07:00;M1;6;55;4503,75714;4497,14000;DOWN
2026-05-19 17:30:00;M1;6;55;4496,16444;4497,05000;UP
2026-05-19 17:32:00;M1;6;55;4493,85517;4490,10000;DOWN
2026-05-19 17:37:00;M1;6;55;4491,66480;4493,75000;UP
2026-05-19 17:39:00;M1;6;21;4490,59978;4489,74000;DOWN
2026-05-19 17:43:00;M1;6;21;4492,07362;4493,82000;UP
2026-05-19 17:54:00;M1;6;55;4487,49727;4486,58000;DOWN
2026-05-19 17:57:00;M1;6;21;4491,92738;4491,99000;UP
2026-05-19 18:02:00;M1;6;89;4497,92653;4498,28000;UP
2026-05-19 18:07:00;M1;6;89;4496,28604;4491,04000;DOWN
2026-05-19 18:13:00;M1;6;21;4493,45093;4497,76000;UP
2026-05-19 18:23:00;M1;6;21;4494,52477;4494,52000;DOWN
2026-05-19 18:25:00;M1;6;21;4495,70774;4497,05000;UP
2026-05-19 19:05:00;M1;6;21;4504,47771;4502,48000;DOWN
2026-05-19 19:09:00;M1;6;34;4500,66502;4498,43000;DOWN
2026-05-19 19:24:00;M1;6;21;4504,77729;4505,57000;UP
2026-05-19 19:37:00;M1;6;21;4507,26696;4507,04000;DOWN
2026-05-19 19:43:00;M1;6;34;4507,06249;4506,41000;DOWN
2026-05-19 19:58:00;M1;6;21;4508,29953;4508,31000;UP
2026-05-19 20:01:00;M1;6;34;4508,65142;4507,57000;DOWN
2026-05-19 20:14:00;M1;6;21;4508,95436;4510,37000;UP
2026-05-19 20:24:00;M1;6;55;4504,63778;4503,53000;DOWN
2026-05-19 20:28:00;M1;6;55;4505,60488;4506,04000;UP
2026-05-19 20:34:00;M1;6;55;4506,40739;4504,15000;DOWN
2026-05-19 21:07:00;M1;6;21;4501,41246;4502,03000;UP
2026-05-19 21:17:00;M1;6;21;4500,70280;4500,57000;DOWN
2026-05-19 21:22:00;M1;6;89;4497,53556;4497,53000;DOWN
2026-05-19 21:25:00;M1;6;21;4498,68115;4499,16000;UP
2026-05-19 21:31:00;M1;6;89;4498,12192;4495,68000;DOWN
2026-05-19 21:37:00;M1;6;21;4497,29872;4498,35000;UP
2026-05-19 21:43:00;M1;6;34;4499,16265;4498,61000;DOWN
2026-05-19 21:49:00;M1;6;34;4498,32389;4499,34000;UP
2026-05-19 21:50:00;M1;6;89;4498,72707;4498,56000;DOWN
2026-05-19 21:55:00;M1;6;34;4497,37984;4492,02000;DOWN
2026-05-19 22:05:00;M1;6;21;4495,26218;4495,50000;UP
2026-05-19 22:08:00;M1;6;34;4495,68098;4495,76000;UP
2026-05-19 22:16:00;M1;6;34;4494,88867;4494,40000;DOWN
2026-05-19 22:37:00;M1;6;21;4487,87172;4488,09000;UP
2026-05-19 22:47:00;M1;6;21;4486,53046;4486,42000;DOWN
2026-05-19 22:49:00;M1;6;21;4485,29961;4486,58000;UP
2026-05-19 22:55:00;M1;6;21;4484,05846;4483,68000;DOWN
2026-05-19 23:01:00;M1;6;21;4482,76361;4483,92000;UP
2026-05-19 23:08:00;M1;6;34;4484,03048;4485,37000;UP
2026-05-19 23:21:00;M1;6;55;4485,66920;4486,21000;UP
2026-05-19 23:31:00;M1;6;55;4484,07245;4483,96000;DOWN
2026-05-19 23:37:00;M1;6;55;4483,34425;4483,96000;UP
2026-05-19 23:40:00;M1;6;21;4483,21309;4482,86000;DOWN
2026-05-19 23:43:00;M1;6;21;4483,19993;4483,58000;UP
2026-05-19 23:51:00;M1;6;21;4483,05918;4482,83000;DOWN
2026-05-19 23:55:00;M1;6;21;4482,80285;4483,55000;UP
2026-05-20 01:16:00;M1;6;55;4479,75661;4479,51000;DOWN
2026-05-20 01:20:00;M1;6;34;4480,43514;4480,46000;UP
2026-05-20 01:25:00;M1;6;21;4480,68583;4480,73000;UP
2026-05-20 01:27:00;M1;6;34;4480,18067;4480,17000;DOWN
2026-05-20 01:33:00;M1;6;34;4480,18242;4481,21000;UP
2026-05-20 01:31:00;M1;6;55;4478,49788;4477,76000;DOWN
2026-05-20 01:37:00;M1;6;21;4480,92100;4482,18000;UP
2026-05-20 01:37:00;M1;6;89;4482,20534;4482,18000;DOWN
2026-05-20 01:43:00;M1;6;89;4481,60705;4483,14000;UP
2026-05-20 01:47:00;M1;6;21;4481,07606;4480,75000;DOWN
2026-05-20 01:49:00;M1;6;21;4481,02352;4482,23000;UP
2026-05-20 01:52:00;M1;6;89;4481,01918;4479,81000;DOWN
2026-05-20 01:55:00;M1;6;34;4480,47681;4481,45000;UP
2026-05-20 02:00:00;M1;6;21;4481,23944;4480,42000;DOWN
2026-05-20 02:02:00;M1;6;21;4481,40196;4482,76000;UP
2026-05-20 02:54:00;M1;6;21;4491,31665;4490,94000;DOWN
2026-05-20 02:55:00;M1;6;21;4492,16598;4492,54000;UP
2026-05-20 03:00:00;M1;6;55;4483,69814;4483,28000;DOWN
2026-05-20 03:02:00;M1;6;34;4489,21316;4489,77000;UP
2026-05-20 03:01:00;M1;6;21;4492,04332;4484,73000;DOWN
2026-05-20 03:07:00;M1;6;55;4485,08911;4483,56000;DOWN
2026-05-20 03:13:00;M1;6;55;4485,68478;4488,10000;UP
2026-05-20 03:24:00;M1;6;21;4490,62381;4491,27000;UP
2026-05-20 03:19:00;M1;6;55;4486,22973;4483,59000;DOWN
2026-05-20 03:25:00;M1;6;55;4487,10066;4496,40000;UP
2026-05-20 03:52:00;M1;6;21;4502,15472;4501,02000;DOWN
2026-05-20 03:57:00;M1;6;34;4500,44112;4500,41000;DOWN
2026-05-20 04:02:00;M1;6;55;4496,07149;4494,48000;DOWN
2026-05-20 04:10:00;M1;6;55;4497,10374;4499,18000;UP
2026-05-20 04:13:00;M1;6;55;4497,87855;4494,22000;DOWN
2026-05-20 04:23:00;M1;6;89;4489,76590;4486,43000;DOWN
2026-05-20 04:49:00;M1;6;21;4471,41783;4472,40000;UP
2026-05-20 05:00:00;M1;6;34;4482,13428;4482,40000;UP
2026-05-20 05:11:00;M1;6;34;4478,52043;4477,19000;DOWN
2026-05-20 05:13:00;M1;6;34;4477,04943;4479,58000;UP
2026-05-20 05:23:00;M1;6;55;4484,75399;4486,70000;UP
2026-05-20 05:25:00;M1;6;89;4485,60490;4481,42000;DOWN
2026-05-20 05:31:00;M1;6;34;4474,38587;4470,02000;DOWN
2026-05-20 06:03:00;M1;6;21;4466,04386;4466,17000;UP
2026-05-20 06:07:00;M1;6;21;4463,09273;4454,80000;DOWN
2026-05-20 06:16:00;M1;6;21;4460,70619;4462,15000;UP
2026-05-20 06:19:00;M1;6;34;4462,02418;4462,67000;UP
2026-05-20 06:25:00;M1;6;34;4460,89104;4460,38000;DOWN
2026-05-20 06:31:00;M1;6;34;4459,87198;4460,27000;UP
2026-05-20 06:42:00;M1;6;55;4462,01096;4461,74000;DOWN
2026-05-20 06:43:00;M1;6;55;4460,67047;4460,78000;UP
2026-05-20 07:02:00;M1;6;89;4467,85790;4468,44000;UP
2026-05-20 07:20:00;M1;6;89;4465,15249;4463,68000;DOWN
2026-05-20 07:25:00;M1;6;21;4466,15206;4466,82000;UP
2026-05-20 07:32:00;M1;6;89;4463,62297;4463,15000;DOWN
2026-05-20 07:37:00;M1;6;89;4462,87770;4464,38000;UP
2026-05-20 07:42:00;M1;6;34;4461,88528;4461,81000;DOWN
2026-05-20 07:43:00;M1;6;34;4461,97465;4463,84000;UP
2026-05-20 07:45:00;M1;6;89;4462,07790;4461,11000;DOWN
2026-05-20 07:50:00;M1;6;89;4461,27989;4461,76000;UP
2026-05-20 07:49:00;M1;6;34;4461,96594;4459,87000;DOWN
2026-05-20 08:00:00;M1;6;21;4463,21023;4465,57000;UP
2026-05-20 08:25:00;M1;6;21;4468,04626;4467,84000;DOWN
2026-05-20 08:31:00;M1;6;21;4469,97361;4477,15000;UP
2026-05-20 08:46:00;M1;6;34;4469,89261;4468,46000;DOWN
2026-05-20 08:52:00;M1;6;34;4470,64165;4471,59000;UP
2026-05-20 08:56:00;M1;6;21;4474,08007;4474,24000;UP
2026-05-20 09:05:00;M1;6;34;4471,93121;4471,66000;DOWN
2026-05-20 09:08:00;M1;6;34;4472,39970;4473,60000;UP
2026-05-20 09:16:00;M1;6;21;4474,00682;4474,72000;UP
2026-05-20 09:13:00;M1;6;34;4473,06104;4468,96000;DOWN
2026-05-20 09:19:00;M1;6;34;4473,62880;4477,11000;UP
2026-05-20 09:24:00;M1;6;55;4469,33691;4468,59000;DOWN
2026-05-20 09:25:00;M1;6;55;4470,10526;4472,16000;UP
2026-05-20 09:25:00;M1;6;34;4474,06000;4472,16000;DOWN
2026-05-20 09:31:00;M1;6;55;4470,56335;4468,62000;DOWN
2026-05-20 09:49:00;M1;6;21;4468,46676;4473,93000;UP
2026-05-20 10:32:00;M1;6;21;4479,68646;4479,68000;DOWN
2026-05-20 10:40:00;M1;6;21;4481,52340;4481,71000;UP
2026-05-20 10:48:00;M1;6;55;4477,53782;4477,53000;DOWN
2026-05-20 10:54:00;M1;6;55;4478,18048;4479,06000;UP
2026-05-20 10:55:00;M1;6;55;4478,72140;4478,47000;DOWN
2026-05-20 11:06:00;M1;6;21;4482,29534;4483,14000;UP
2026-05-20 11:08:00;M1;6;55;4479,72600;4478,77000;DOWN
2026-05-20 11:13:00;M1;6;21;4481,75905;4483,96000;UP
2026-05-20 11:20:00;M1;6;55;4480,66585;4480,25000;DOWN
2026-05-20 11:25:00;M1;6;21;4482,53519;4484,58000;UP
2026-05-20 11:35:00;M1;6;55;4481,88075;4481,28000;DOWN
2026-05-20 11:38:00;M1;6;21;4482,88532;4483,88000;UP
2026-05-20 11:43:00;M1;6;89;4478,30508;4478,17000;DOWN
2026-05-20 11:50:00;M1;6;21;4483,13653;4483,48000;UP
2026-05-20 11:59:00;M1;6;34;4484,35604;4484,06000;DOWN
2026-05-20 12:02:00;M1;6;34;4484,69781;4485,56000;UP
2026-05-20 12:06:00;M1;6;55;4484,38378;4482,62000;DOWN
2026-05-20 12:12:00;M1;6;89;4481,20578;4480,85000;DOWN
2026-05-20 12:19:00;M1;6;89;4482,30911;4482,46000;UP
2026-05-20 12:25:00;M1;6;89;4482,66533;4478,31000;DOWN
2026-05-20 12:33:00;M1;6;21;4480,90625;4481,35000;UP
2026-05-20 12:39:00;M1;6;34;4482,73968;4483,25000;UP
2026-05-20 12:44:00;M1;6;89;4483,55972;4483,21000;DOWN
2026-05-20 12:49:00;M1;6;34;4482,61761;4483,11000;UP
2026-05-20 13:29:00;M1;6;21;4489,69438;4488,92000;DOWN
2026-05-20 13:34:00;M1;6;21;4491,44307;4492,48000;UP
2026-05-20 13:44:00;M1;6;21;4494,74771;4494,25000;DOWN
2026-05-20 13:50:00;M1;6;34;4491,94697;4490,83000;DOWN
2026-05-20 13:57:00;M1;6;34;4493,16729;4494,23000;UP
2026-05-20 14:04:00;M1;6;34;4494,26145;4494,24000;DOWN
2026-05-20 14:08:00;M1;6;34;4495,26711;4495,32000;UP
2026-05-20 14:14:00;M1;6;55;4493,28560;4493,04000;DOWN
2026-05-20 14:24:00;M1;6;55;4493,94138;4495,80000;UP
2026-05-20 14:19:00;M1;6;89;4492,89583;4491,90000;DOWN
2026-05-20 14:26:00;M1;6;21;4497,41159;4498,80000;UP
2026-05-20 14:33:00;M1;6;34;4498,04418;4497,51000;DOWN
2026-05-20 14:40:00;M1;6;21;4498,05010;4498,28000;UP
2026-05-20 14:42:00;M1;6;89;4494,73918;4494,44000;DOWN
2026-05-20 14:47:00;M1;6;89;4495,30868;4496,25000;UP
2026-05-20 14:43:00;M1;6;21;4498,19414;4494,76000;DOWN
2026-05-20 14:54:00;M1;6;55;4497,56359;4498,07000;UP
2026-05-20 14:49:00;M1;6;89;4495,85204;4493,10000;DOWN
2026-05-20 14:55:00;M1;6;21;4498,39293;4498,95000;UP
2026-05-20 14:57:00;M1;6;55;4498,22567;4497,40000;DOWN
2026-05-20 15:01:00;M1;6;34;4499,71703;4499,74000;UP
2026-05-20 15:04:00;M1;6;89;4496,92067;4496,49000;DOWN
2026-05-20 15:08:00;M1;6;21;4498,40564;4499,94000;UP
2026-05-20 15:07:00;M1;6;55;4499,30434;4497,73000;DOWN
2026-05-20 15:13:00;M1;6;89;4497,85743;4496,47000;DOWN
2026-05-20 15:25:00;M1;6;21;4497,54215;4498,04000;UP
2026-05-20 15:32:00;M1;6;55;4500,57057;4500,27000;DOWN
2026-05-20 15:37:00;M1;6;55;4500,94445;4501,97000;UP
2026-05-20 15:52:00;M1;6;89;4500,51261;4500,48000;DOWN
2026-05-20 16:08:00;M1;6;21;4500,59484;4500,78000;UP
2026-05-20 16:14:00;M1;6;55;4502,40987;4505,14000;UP
2026-05-20 16:19:00;M1;6;89;4502,41280;4499,26000;DOWN
2026-05-20 17:15:00;M1;6;21;4479,47236;4483,18000;UP
2026-05-20 17:19:00;M1;6;89;4498,12727;4498,37000;UP
2026-05-20 18:06:00;M1;6;21;4528,41959;4528,35000;DOWN
2026-05-20 18:15:00;M1;6;21;4538,18964;4544,70000;UP
2026-05-20 18:21:00;M1;6;21;4541,99010;4540,52000;DOWN
2026-05-20 18:29:00;M1;6;34;4530,00609;4529,48000;DOWN
2026-05-20 18:33:00;M1;6;34;4534,03788;4534,86000;UP
2026-05-20 18:37:00;M1;6;34;4537,75334;4535,27000;DOWN
2026-05-20 18:57:00;M1;6;55;4530,23229;4528,42000;DOWN
2026-05-20 19:06:00;M1;6;55;4532,49013;4534,04000;UP
2026-05-20 19:08:00;M1;6;55;4534,54938;4533,25000;DOWN
2026-05-20 19:22:00;M1;6;89;4526,26079;4526,23000;DOWN
2026-05-20 19:38:00;M1;6;21;4527,94549;4528,49000;UP
2026-05-20 19:55:00;M1;6;89;4532,55912;4532,04000;DOWN
2026-05-20 20:01:00;M1;6;34;4534,23273;4534,30000;UP
2026-05-20 20:07:00;M1;6;89;4534,51717;4534,21000;DOWN
2026-05-20 20:13:00;M1;6;89;4535,48933;4535,78000;UP
2026-05-20 20:19:00;M1;6;89;4536,46146;4535,15000;DOWN
2026-05-20 20:29:00;M1;6;34;4532,98334;4532,40000;DOWN
2026-05-20 20:36:00;M1;6;21;4534,28509;4535,33000;UP
2026-05-20 20:41:00;M1;6;21;4534,62481;4534,35000;DOWN
2026-05-20 20:48:00;M1;6;34;4533,02447;4532,70000;DOWN
2026-05-20 20:49:00;M1;6;34;4533,13550;4533,61000;UP
2026-05-20 20:55:00;M1;6;34;4533,20364;4532,10000;DOWN
2026-05-20 21:07:00;M1;6;21;4533,10829;4533,19000;UP
2026-05-20 21:13:00;M1;6;34;4533,41817;4532,73000;DOWN
2026-05-20 21:19:00;M1;6;21;4533,33231;4536,25000;UP
2026-05-20 21:25:00;M1;6;34;4533,96417;4532,20000;DOWN
2026-05-20 21:31:00;M1;6;21;4534,88121;4537,35000;UP
2026-05-20 21:44:00;M1;6;55;4537,64384;4537,02000;DOWN
2026-05-20 21:49:00;M1;6;21;4539,47807;4539,76000;UP
2026-05-20 21:55:00;M1;6;89;4544,75627;4544,86000;UP
2026-05-20 22:01:00;M1;6;89;4545,04409;4544,50000;DOWN
2026-05-20 22:07:00;M1;6;21;4543,84167;4543,65000;DOWN
2026-05-20 22:30:00;M1;6;21;4546,59409;4546,70000;UP
2026-05-20 22:31:00;M1;6;89;4546,48429;4546,47000;DOWN
2026-05-20 22:39:00;M1;6;21;4547,59514;4548,19000;UP
2026-05-20 22:43:00;M1;6;89;4547,11541;4546,39000;DOWN
2026-05-20 22:51:00;M1;6;34;4547,60602;4548,30000;UP
2026-05-20 22:55:00;M1;6;89;4547,78011;4546,97000;DOWN
2026-05-20 23:05:00;M1;6;55;4545,95972;4545,40000;DOWN
2026-05-20 23:10:00;M1;6;21;4548,05606;4550,14000;UP
2026-05-20 23:13:00;M1;6;89;4548,69277;4547,03000;DOWN
2026-05-21 01:01:00;M1;6;21;4543,76892;4544,13000;UP
2026-05-21 01:07:00;M1;6;34;4545,63452;4545,33000;DOWN
2026-05-21 01:31:00;M1;6;21;4539,65305;4541,21000;UP
2026-05-21 01:37:00;M1;6;34;4541,25738;4541,75000;UP
2026-05-21 01:50:00;M1;6;34;4540,33713;4540,31000;DOWN
2026-05-21 01:55:00;M1;6;21;4539,05018;4541,36000;UP
2026-05-21 02:09:00;M1;6;34;4539,41920;4538,66000;DOWN
2026-05-21 02:13:00;M1;6;21;4539,37092;4540,16000;UP
2026-05-21 02:20:00;M1;6;34;4538,87937;4538,06000;DOWN
2026-05-21 02:31:00;M1;6;21;4538,89619;4538,98000;UP
2026-05-21 02:46:00;M1;6;89;4545,22655;4545,83000;UP
2026-05-21 02:50:00;M1;6;89;4545,01648;4544,69000;DOWN
2026-05-21 02:55:00;M1;6;89;4544,87339;4544,89000;UP
2026-05-21 03:02:00;M1;6;89;4544,73392;4544,16000;DOWN
2026-05-21 03:10:00;M1;6;21;4544,51582;4545,06000;UP
2026-05-21 03:07:00;M1;6;34;4542,00078;4541,62000;DOWN
2026-05-21 03:13:00;M1;6;34;4542,88923;4544,93000;UP
2026-05-21 03:18:00;M1;6;89;4544,61276;4542,38000;DOWN
2026-05-21 03:19:00;M1;6;21;4545,94445;4545,98000;UP
2026-05-21 03:23:00;M1;6;55;4541,50048;4540,51000;DOWN
2026-05-21 03:28:00;M1;6;34;4543,81475;4544,20000;UP
2026-05-21 03:25:00;M1;6;89;4544,49657;4538,75000;DOWN
2026-05-21 03:31:00;M1;6;55;4541,97456;4540,62000;DOWN
2026-05-21 03:37:00;M1;6;55;4542,15837;4542,93000;UP
2026-05-21 03:52:00;M1;6;21;4544,78152;4547,09000;UP
2026-05-21 04:00:00;M1;6;89;4544,19558;4540,01000;DOWN
2026-05-21 04:02:00;M1;6;21;4544,78526;4547,45000;UP
2026-05-21 04:07:00;M1;6;34;4546,30881;4544,74000;DOWN
2026-05-21 04:13:00;M1;6;21;4548,97406;4558,86000;UP
2026-05-21 04:37:00;M1;6;21;4564,39469;4564,11000;DOWN
2026-05-21 04:43:00;M1;6;21;4567,48167;4567,85000;UP
2026-05-21 04:53:00;M1;6;34;4562,33612;4561,75000;DOWN
2026-05-21 05:00:00;M1;6;34;4563,94871;4564,38000;UP
2026-05-21 05:03:00;M1;6;55;4559,05016;4557,86000;DOWN
2026-05-21 05:12:00;M1;6;89;4553,73641;4551,41000;DOWN
2026-05-21 05:55:00;M1;6;21;4533,00830;4533,86000;UP
2026-05-21 06:13:00;M1;6;34;4537,62798;4538,14000;UP
2026-05-21 06:54:00;M1;6;34;4528,48427;4528,04000;DOWN
2026-05-21 06:55:00;M1;6;34;4527,57603;4529,02000;UP
2026-05-21 07:02:00;M1;6;21;4530,37180;4532,82000;UP
2026-05-21 07:10:00;M1;6;55;4533,56205;4534,32000;UP
2026-05-21 07:36:00;M1;6;21;4534,46945;4534,10000;DOWN
2026-05-21 07:38:00;M1;6;21;4535,53130;4535,86000;UP
2026-05-21 07:45:00;M1;6;21;4536,38221;4536,21000;DOWN
2026-05-21 07:50:00;M1;6;21;4537,08802;4538,39000;UP
2026-05-21 07:55:00;M1;6;89;4537,49454;4536,97000;DOWN
2026-05-21 08:01:00;M1;6;21;4538,29029;4539,37000;UP
2026-05-21 08:07:00;M1;6;89;4536,48890;4533,24000;DOWN
2026-05-21 08:17:00;M1;6;55;4529,99018;4529,96000;DOWN
2026-05-21 08:43:00;M1;6;21;4524,92010;4525,51000;UP
2026-05-21 08:54:00;M1;6;34;4528,45497;4529,74000;UP
2026-05-21 08:49:00;M1;6;21;4523,43522;4523,23000;DOWN
2026-05-21 08:55:00;M1;6;21;4522,67457;4528,99000;UP
2026-05-21 08:56:00;M1;6;34;4527,43108;4526,97000;DOWN
2026-05-21 09:01:00;M1;6;34;4526,98872;4532,48000;UP
2026-05-21 09:33:00;M1;6;21;4530,77667;4529,49000;DOWN
2026-05-21 09:40:00;M1;6;89;4526,02764;4524,77000;DOWN
2026-05-21 10:19:00;M1;6;21;4520,32320;4521,08000;UP
2026-05-21 10:25:00;M1;6;21;4518,22160;4516,43000;DOWN
2026-05-21 10:34:00;M1;6;21;4516,28349;4516,77000;UP
2026-05-21 10:49:00;M1;6;34;4516,88493;4518,09000;UP
2026-05-21 11:31:00;M1;6;21;4531,73039;4530,42000;DOWN
2026-05-21 12:10:00;M1;6;21;4536,07736;4536,28000;UP
2026-05-21 12:07:00;M1;6;34;4532,77998;4532,04000;DOWN
2026-05-21 12:13:00;M1;6;34;4534,31371;4538,25000;UP
2026-05-21 12:24:00;M1;6;21;4537,56752;4537,37000;DOWN
2026-05-21 12:28:00;M1;6;21;4538,31820;4538,91000;UP
2026-05-21 12:25:00;M1;6;34;4537,32773;4536,71000;DOWN
2026-05-21 12:31:00;M1;6;21;4538,70627;4537,63000;DOWN
2026-05-21 12:43:00;M1;6;55;4533,32381;4532,13000;DOWN
2026-05-21 13:09:00;M1;6;21;4533,27803;4534,77000;UP
2026-05-21 13:13:00;M1;6;21;4532,46691;4531,75000;DOWN
2026-05-21 13:19:00;M1;6;21;4532,01200;4534,44000;UP
2026-05-21 13:25:00;M1;6;89;4529,83121;4524,00000;DOWN
2026-05-21 13:49:00;M1;6;21;4515,42611;4516,60000;UP
2026-05-21 13:55:00;M1;6;21;4512,61788;4512,53000;DOWN
2026-05-21 14:01:00;M1;6;21;4510,77138;4513,43000;UP
2026-05-21 14:12:00;M1;6;34;4516,18451;4515,98000;DOWN
2026-05-21 14:13:00;M1;6;34;4514,65826;4515,75000;UP
2026-05-21 14:34:00;M1;6;34;4511,23795;4510,73000;DOWN
2026-05-21 14:38:00;M1;6;21;4510,78430;4510,96000;UP
2026-05-21 14:51:00;M1;6;55;4515,38955;4516,88000;UP
2026-05-21 14:55:00;M1;6;55;4514,26905;4511,36000;DOWN
2026-05-21 15:01:00;M1;6;21;4512,92065;4515,04000;UP
2026-05-21 15:15:00;M1;6;55;4511,78480;4510,44000;DOWN
2026-05-21 15:19:00;M1;6;55;4511,02945;4512,56000;UP
2026-05-21 15:20:00;M1;6;34;4510,27329;4508,66000;DOWN
2026-05-21 15:25:00;M1;6;55;4510,19838;4505,41000;DOWN
2026-05-21 15:33:00;M1;6;21;4512,21227;4513,17000;UP
2026-05-21 15:45:00;M1;6;89;4515,31655;4515,81000;UP
2026-05-21 15:47:00;M1;6;21;4511,43448;4510,95000;DOWN
2026-05-21 15:49:00;M1;6;89;4514,51725;4510,26000;DOWN
2026-05-21 15:55:00;M1;6;55;4507,28697;4505,02000;DOWN
2026-05-21 16:02:00;M1;6;21;4508,76051;4511,04000;UP
2026-05-21 16:08:00;M1;6;55;4506,43591;4504,64000;DOWN
2026-05-21 16:43:00;M1;6;21;4497,33151;4502,08000;UP
2026-05-21 16:51:00;M1;6;89;4504,78944;4508,44000;UP
2026-05-21 16:49:00;M1;6;55;4501,38082;4500,08000;DOWN
2026-05-21 16:55:00;M1;6;34;4500,84756;4515,60000;UP
2026-05-21 17:16:00;M1;6;89;4502,43590;4501,24000;DOWN
2026-05-21 17:19:00;M1;6;55;4501,29382;4501,98000;UP
2026-05-21 17:27:00;M1;6;21;4505,71141;4507,20000;UP
2026-05-21 17:33:00;M1;6;21;4506,60618;4506,00000;DOWN
2026-05-21 17:37:00;M1;6;21;4507,01782;4510,23000;UP
2026-05-21 17:48:00;M1;6;34;4503,60557;4502,05000;DOWN
2026-05-21 17:51:00;M1;6;21;4506,65931;4506,94000;UP
2026-05-21 18:06:00;M1;6;55;4501,96642;4500,49000;DOWN
2026-05-21 18:12:00;M1;6;21;4505,59012;4506,56000;UP
2026-05-21 18:07:00;M1;6;89;4500,30890;4499,18000;DOWN
2026-05-21 18:13:00;M1;6;89;4500,25775;4513,81000;UP
2026-05-21 18:22:00;M1;6;34;4505,56565;4505,32000;DOWN
2026-05-21 18:31:00;M1;6;21;4505,19103;4505,61000;UP
2026-05-21 19:22:00;M1;6;21;4517,07381;4516,00000;DOWN
2026-05-21 19:40:00;M1;6;34;4516,68862;4516,16000;DOWN
2026-05-21 19:44:00;M1;6;34;4517,77177;4518,07000;UP
2026-05-21 19:49:00;M1;6;34;4518,75040;4517,31000;DOWN
2026-05-21 20:05:00;M1;6;55;4516,20683;4515,55000;DOWN
2026-05-21 20:10:00;M1;6;21;4521,34125;4528,10000;UP
2026-05-21 20:59:00;M1;6;21;4551,61570;4551,45000;DOWN
2026-05-21 21:04:00;M1;6;34;4546,38438;4544,36000;DOWN
2026-05-21 21:09:00;M1;6;34;4548,74577;4548,75000;UP
2026-05-21 21:13:00;M1;6;34;4550,58513;4545,75000;DOWN
2026-05-21 21:31:00;M1;6;55;4548,68296;4547,83000;DOWN
2026-05-21 21:48:00;M1;6;89;4539,60185;4539,35000;DOWN
2026-05-21 21:51:00;M1;6;89;4540,92497;4541,13000;UP
2026-05-21 21:55:00;M1;6;89;4542,01378;4528,35000;DOWN
2026-05-21 22:09:00;M1;6;21;4536,48281;4536,63000;UP
2026-05-21 22:37:00;M1;6;34;4540,04725;4541,70000;UP
2026-05-21 22:44:00;M1;6;34;4539,40584;4539,35000;DOWN
2026-05-21 22:49:00;M1;6;34;4538,84624;4541,73000;UP
2026-05-21 22:54:00;M1;6;21;4537,69242;4536,38000;DOWN
2026-05-21 22:56:00;M1;6;21;4539,03830;4542,77000;UP
2026-05-21 22:55:00;M1;6;34;4538,60194;4537,82000;DOWN
2026-05-21 23:01:00;M1;6;34;4538,60704;4542,53000;UP
2026-05-21 23:08:00;M1;6;21;4541,48130;4541,26000;DOWN
2026-05-21 23:13:00;M1;6;21;4542,18669;4542,70000;UP
2026-05-21 23:19:00;M1;6;21;4542,60530;4541,74000;DOWN
2026-05-21 23:43:00;M1;6;34;4540,87989;4540,50000;DOWN
2026-05-21 23:54:00;M1;6;34;4541,15081;4541,66000;UP
2026-05-21 23:55:00;M1;6;21;4541,93992;4542,28000;UP
2026-05-22 01:01:00;M1;6;55;4542,58019;4545,74000;UP
2026-05-22 01:08:00;M1;6;55;4542,44378;4541,02000;DOWN
2026-05-22 01:16:00;M1;6;21;4542,28373;4542,40000;UP
2026-05-22 01:20:00;M1;6;55;4542,33620;4542,10000;DOWN
2026-05-22 01:42:00;M1;6;21;4541,95501;4543,00000;UP
2026-05-22 01:48:00;M1;6;34;4542,37139;4542,35000;DOWN
2026-05-22 01:49:00;M1;6;55;4542,28136;4542,02000;DOWN
2026-05-22 01:58:00;M1;6;21;4541,90663;4542,29000;UP
2026-05-22 02:18:00;M1;6;55;4542,47555;4542,32000;DOWN
2026-05-22 03:09:00;M1;6;21;4533,52068;4533,59000;UP
2026-05-22 03:13:00;M1;6;21;4532,40361;4532,38000;DOWN
2026-05-22 03:19:00;M1;6;21;4531,64518;4532,23000;UP
2026-05-22 03:30:00;M1;6;55;4536,92095;4537,10000;UP
2026-05-22 03:25:00;M1;6;34;4533,94867;4533,74000;DOWN
2026-05-22 03:31:00;M1;6;34;4533,66305;4536,30000;UP
2026-05-22 03:31:00;M1;6;55;4536,47709;4536,30000;DOWN
2026-05-22 03:37:00;M1;6;55;4536,19300;4539,95000;UP
2026-05-22 03:43:00;M1;6;89;4539,97239;4537,91000;DOWN
2026-05-22 03:51:00;M1;6;34;4533,37713;4529,86000;DOWN
2026-05-22 04:00:00;M1;6;21;4533,31895;4533,50000;UP
2026-05-22 04:02:00;M1;6;34;4531,56452;4528,84000;DOWN
2026-05-22 04:14:00;M1;6;21;4528,64616;4529,69000;UP
2026-05-22 04:19:00;M1;6;55;4531,22507;4531,60000;UP
2026-05-22 04:24:00;M1;6;34;4528,74598;4528,26000;DOWN
2026-05-22 04:26:00;M1;6;34;4528,25881;4531,32000;UP
2026-05-22 04:25:00;M1;6;55;4530,40345;4527,67000;DOWN
2026-05-22 04:32:00;M1;6;34;4527,65709;4525,45000;DOWN
2026-05-22 04:42:00;M1;6;21;4525,28094;4526,70000;UP
2026-05-22 04:45:00;M1;6;34;4526,29390;4527,16000;UP
2026-05-22 04:55:00;M1;6;55;4526,59312;4525,90000;DOWN
2026-05-22 05:01:00;M1;6;55;4525,96914;4527,19000;UP
2026-05-22 05:05:00;M1;6;34;4524,90468;4524,40000;DOWN
2026-05-22 05:08:00;M1;6;21;4524,95412;4525,84000;UP
2026-05-22 05:07:00;M1;6;55;4525,45436;4524,65000;DOWN
2026-05-22 05:13:00;M1;6;55;4525,05236;4528,45000;UP
2026-05-22 05:19:00;M1;6;55;4524,66731;4523,99000;DOWN
2026-05-22 05:27:00;M1;6;21;4525,10418;4525,33000;UP
2026-05-22 05:31:00;M1;6;55;4523,80370;4523,16000;DOWN
2026-05-22 05:42:00;M1;6;21;4523,85797;4524,14000;UP
2026-05-22 05:44:00;M1;6;55;4522,85555;4522,78000;DOWN
2026-05-22 05:49:00;M1;6;21;4522,82119;4525,03000;UP
2026-05-22 05:55:00;M1;6;89;4524,69150;4522,05000;DOWN
2026-05-22 06:01:00;M1;6;21;4522,16723;4522,91000;UP
2026-05-22 06:07:00;M1;6;89;4523,54956;4522,77000;DOWN
2026-05-22 06:18:00;M1;6;55;4520,93702;4520,62000;DOWN
2026-05-22 06:19:00;M1;6;21;4521,43685;4521,64000;UP
2026-05-22 06:25:00;M1;6;89;4521,99237;4520,38000;DOWN
2026-05-22 06:31:00;M1;6;21;4521,21279;4523,09000;UP
2026-05-22 07:19:00;M1;6;21;4529,82778;4528,23000;DOWN
2026-05-22 07:28:00;M1;6;21;4530,72067;4531,63000;UP
2026-05-22 07:36:00;M1;6;34;4528,37254;4527,77000;DOWN
2026-05-22 08:02:00;M1;6;55;4526,95729;4526,01000;DOWN
2026-05-22 08:21:00;M1;6;21;4526,63029;4528,32000;UP
2026-05-22 08:30:00;M1;6;34;4528,55251;4530,17000;UP
2026-05-22 08:28:00;M1;6;55;4527,55555;4526,72000;DOWN
2026-05-22 08:31:00;M1;6;55;4527,67240;4529,54000;UP
2026-05-22 08:55:00;M1;6;89;4524,59988;4522,98000;DOWN
2026-05-22 09:22:00;M1;6;21;4521,41143;4521,69000;UP
2026-05-22 09:25:00;M1;6;89;4524,30010;4522,64000;DOWN
2026-05-22 09:31:00;M1;6;34;4522,93555;4524,19000;UP
2026-05-22 09:39:00;M1;6;89;4524,18847;4523,06000;DOWN
2026-05-22 09:44:00;M1;6;34;4522,86398;4526,57000;UP
2026-05-22 10:00:00;M1;6;55;4524,77535;4524,72000;DOWN
2026-05-22 10:03:00;M1;6;55;4524,62736;4525,46000;UP
2026-05-22 10:01:00;M1;6;89;4524,42329;4524,29000;DOWN
2026-05-22 10:07:00;M1;6;21;4525,33205;4525,75000;UP
2026-05-22 10:12:00;M1;6;55;4524,51307;4524,29000;DOWN
2026-05-22 10:17:00;M1;6;55;4524,41497;4525,13000;UP
2026-05-22 10:13:00;M1;6;89;4524,58165;4522,99000;DOWN
2026-05-22 10:23:00;M1;6;21;4525,89627;4526,42000;UP
2026-05-22 10:30:00;M1;6;89;4524,74112;4524,67000;DOWN
2026-05-22 10:31:00;M1;6;55;4524,26023;4522,73000;DOWN
2026-05-22 10:55:00;M1;6;21;4521,49801;4523,00000;UP
2026-05-22 11:03:00;M1;6;89;4523,98085;4525,45000;UP
2026-05-22 11:28:00;M1;6;21;4525,13697;4524,82000;DOWN
2026-05-22 11:32:00;M1;6;89;4523,83882;4523,62000;DOWN
2026-05-22 11:38:00;M1;6;55;4523,43770;4523,44000;UP
2026-05-22 11:43:00;M1;6;55;4523,48409;4522,41000;DOWN
2026-05-22 11:52:00;M1;6;21;4524,59437;4524,80000;UP
2026-05-22 11:55:00;M1;6;89;4523,57385;4523,29000;DOWN
2026-05-22 12:03:00;M1;6;21;4523,88202;4524,38000;UP
2026-05-22 12:07:00;M1;6;89;4523,38388;4521,22000;DOWN
2026-05-22 12:27:00;M1;6;21;4519,96682;4519,99000;UP
2026-05-22 12:31:00;M1;6;21;4519,13961;4514,76000;DOWN
2026-05-22 12:37:00;M1;6;21;4519,20281;4521,49000;UP
2026-05-22 13:19:00;M1;6;21;4533,62980;4531,48000;DOWN
2026-05-22 13:28:00;M1;6;55;4526,59227;4526,17000;DOWN
2026-05-22 13:31:00;M1;6;89;4524,84383;4523,19000;DOWN
2026-05-22 14:03:00;M1;6;21;4515,28182;4515,86000;UP
2026-05-22 14:32:00;M1;6;34;4514,83734;4515,74000;UP
2026-05-22 14:38:00;M1;6;55;4518,30328;4518,64000;UP
2026-05-22 14:43:00;M1;6;89;4519,82782;4520,68000;UP
2026-05-22 15:08:00;M1;6;21;4520,60253;4519,46000;DOWN
2026-05-22 15:13:00;M1;6;21;4522,43350;4529,03000;UP
2026-05-22 15:26:00;M1;6;21;4525,48982;4525,03000;DOWN
2026-05-22 15:32:00;M1;6;89;4519,60009;4518,08000;DOWN
2026-05-22 15:41:00;M1;6;55;4518,59169;4519,39000;UP
2026-05-22 15:43:00;M1;6;55;4518,54725;4518,24000;DOWN
2026-05-22 15:49:00;M1;6;55;4518,50179;4518,67000;UP
2026-05-22 15:59:00;M1;6;21;4522,45118;4528,25000;UP
2026-05-22 16:02:00;M1;6;34;4522,52459;4521,13000;DOWN
2026-05-22 16:07:00;M1;6;21;4524,00921;4525,37000;UP
2026-05-22 16:21:00;M1;6;34;4525,60933;4525,55000;DOWN
2026-05-22 16:33:00;M1;6;89;4520,91973;4520,10000;DOWN
2026-05-22 16:38:00;M1;6;89;4521,05841;4521,50000;UP
2026-05-22 16:43:00;M1;6;89;4521,09480;4517,95000;DOWN
2026-05-22 17:31:00;M1;6;21;4497,46549;4499,22000;UP
2026-05-22 17:40:00;M1;6;34;4504,38527;4505,02000;UP
2026-05-22 18:05:00;M1;6;55;4506,34642;4510,05000;UP
2026-05-22 18:09:00;M1;6;89;4510,32995;4510,94000;UP
2026-05-22 18:43:00;M1;6;21;4518,78708;4518,71000;DOWN
2026-05-22 18:58:00;M1;6;21;4521,47252;4521,67000;UP
2026-05-22 19:01:00;M1;6;21;4522,16355;4519,59000;DOWN
2026-05-22 19:15:00;M1;6;34;4518,13789;4517,24000;DOWN
2026-05-22 19:23:00;M1;6;34;4519,40174;4519,49000;UP
2026-05-22 19:25:00;M1;6;21;4522,22592;4523,61000;UP
2026-05-22 19:35:00;M1;6;34;4521,83302;4521,77000;DOWN
2026-05-22 19:44:00;M1;6;55;4515,31979;4514,94000;DOWN
2026-05-22 20:00:00;M1;6;55;4516,86774;4517,98000;UP
2026-05-22 20:04:00;M1;6;21;4518,24588;4518,67000;UP
2026-05-22 20:18:00;M1;6;55;4518,80544;4518,33000;DOWN
2026-05-22 20:19:00;M1;6;21;4517,58262;4514,82000;DOWN
2026-05-22 20:25:00;M1;6;21;4518,04893;4518,17000;UP
2026-05-22 20:34:00;M1;6;55;4520,37385;4520,03000;DOWN
2026-05-22 20:37:00;M1;6;34;4520,81330;4521,08000;UP
2026-05-22 20:46:00;M1;6;55;4521,43699;4521,42000;DOWN
2026-05-22 20:50:00;M1;6;34;4521,13933;4520,83000;DOWN
2026-05-22 21:03:00;M1;6;89;4516,52514;4516,21000;DOWN
2026-05-22 21:27:00;M1;6;21;4516,46471;4517,30000;UP
2026-05-22 21:31:00;M1;6;21;4515,64354;4515,00000;DOWN
2026-05-22 21:37:00;M1;6;21;4515,00666;4515,89000;UP
2026-05-22 21:43:00;M1;6;89;4518,10770;4515,81000;DOWN
2026-05-22 21:51:00;M1;6;21;4513,73544;4514,01000;UP
2026-05-22 22:01:00;M1;6;21;4512,88358;4512,71000;DOWN
2026-05-22 22:26:00;M1;6;21;4508,29505;4508,51000;UP
2026-05-22 22:36:00;M1;6;34;4509,31965;4509,46000;UP
2026-05-22 22:31:00;M1;6;21;4507,40428;4504,75000;DOWN
2026-05-22 22:37:00;M1;6;21;4506,96984;4508,99000;UP
2026-05-22 22:48:00;M1;6;34;4508,01119;4507,29000;DOWN
2026-05-22 22:49:00;M1;6;34;4507,46833;4507,54000;UP
2026-05-22 23:00:00;M1;6;34;4507,01862;4506,85000;DOWN
2026-05-22 23:01:00;M1;6;34;4506,51815;4506,68000;UP
2026-05-22 23:02:00;M1;6;21;4506,13855;4505,73000;DOWN
2026-05-22 23:07:00;M1;6;21;4506,06078;4506,32000;UP
2026-05-22 23:08:00;M1;6;34;4506,05215;4505,95000;DOWN
2026-05-22 23:13:00;M1;6;34;4505,71850;4508,12000;UP
2026-05-22 23:32:00;M1;6;55;4506,53611;4506,22000;DOWN
2026-05-22 23:37:00;M1;6;21;4507,48463;4507,72000;UP
2026-05-22 23:41:00;M1;6;34;4505,77981;4505,58000;DOWN
2026-05-22 23:47:00;M1;6;34;4505,73295;4506,01000;UP
2026-05-22 23:43:00;M1;6;55;4505,79330;4504,88000;DOWN
2026-05-22 23:54:00;M1;6;21;4506,76781;4506,88000;UP
2026-05-22 23:50:00;M1;6;34;4505,60748;4505,47000;DOWN
2026-05-22 23:55:00;M1;6;34;4505,57147;4507,83000;UP
2026-05-25 01:01:00;M1;6;89;4509,46373;4547,64000;UP
2026-05-25 01:37:00;M1;6;21;4560,09512;4558,99000;DOWN
2026-05-25 02:19:00;M1;6;34;4576,54757;4574,21000;DOWN
2026-05-25 02:49:00;M1;6;55;4577,31235;4577,06000;DOWN
2026-05-25 03:30:00;M1;6;21;4573,97402;4574,64000;UP
2026-05-25 03:33:00;M1;6;21;4573,03434;4572,80000;DOWN
2026-05-25 03:37:00;M1;6;21;4572,46324;4573,25000;UP
2026-05-25 03:37:00;M1;6;89;4573,60913;4573,25000;DOWN
2026-05-25 03:43:00;M1;6;21;4572,22260;4571,19000;DOWN
2026-05-25 03:49:00;M1;6;21;4572,11197;4576,61000;UP
2026-05-25 03:55:00;M1;6;21;4571,82599;4571,01000;DOWN
2026-05-25 04:01:00;M1;6;21;4571,18106;4572,01000;UP
2026-05-25 04:07:00;M1;6;21;4569,80198;4563,82000;DOWN
2026-05-25 04:21:00;M1;6;21;4567,46518;4567,74000;UP
2026-05-25 04:26:00;M1;6;34;4570,35520;4569,66000;DOWN
2026-05-25 04:31:00;M1;6;34;4569,93118;4569,95000;UP
2026-05-25 04:41:00;M1;6;34;4569,63222;4568,58000;DOWN
2026-05-25 04:55:00;M1;6;21;4566,04202;4566,30000;UP
2026-05-25 05:01:00;M1;6;21;4565,09657;4563,49000;DOWN
2026-05-25 05:07:00;M1;6;21;4564,61498;4567,44000;UP
2026-05-25 05:13:00;M1;6;34;4564,61983;4563,29000;DOWN
2026-05-25 05:24:00;M1;6;21;4562,64319;4562,65000;UP
2026-05-25 05:25:00;M1;6;21;4561,79218;4561,58000;DOWN
2026-05-25 05:31:00;M1;6;21;4561,19214;4562,44000;UP
2026-05-25 05:43:00;M1;6;55;4567,11997;4567,77000;UP
2026-05-25 05:49:00;M1;6;55;4566,29765;4563,27000;DOWN
2026-05-25 05:57:00;M1;6;34;4562,24684;4562,55000;UP
2026-05-25 06:01:00;M1;6;21;4562,82772;4562,91000;UP
2026-05-25 06:02:00;M1;6;34;4561,99909;4561,79000;DOWN
2026-05-25 06:07:00;M1;6;34;4561,76411;4562,77000;UP
2026-05-25 06:08:00;M1;6;21;4562,69193;4562,51000;DOWN
2026-05-25 06:14:00;M1;6;21;4562,68483;4563,17000;UP
2026-05-25 06:20:00;M1;6;55;4562,77174;4562,84000;UP
2026-05-25 06:24:00;M1;6;34;4561,49156;4561,44000;DOWN
2026-05-25 06:25:00;M1;6;34;4561,38586;4561,55000;UP
2026-05-25 06:25:00;M1;6;55;4562,20615;4561,55000;DOWN
2026-05-25 06:36:00;M1;6;21;4562,23523;4562,30000;UP
2026-05-25 06:31:00;M1;6;34;4561,33722;4561,30000;DOWN
2026-05-25 06:37:00;M1;6;34;4561,25551;4562,84000;UP
2026-05-25 06:40:00;M1;6;55;4561,31299;4560,87000;DOWN
2026-05-25 06:43:00;M1;6;34;4561,01070;4560,16000;DOWN
2026-05-25 06:55:00;M1;6;21;4559,78025;4559,99000;UP
2026-05-25 07:34:00;M1;6;34;4560,76641;4560,63000;DOWN
2026-05-25 07:38:00;M1;6;34;4561,03888;4561,66000;UP
2026-05-25 07:46:00;M1;6;21;4562,87486;4562,97000;UP
2026-05-25 07:51:00;M1;6;89;4565,17666;4565,23000;UP
2026-05-25 07:56:00;M1;6;89;4564,75782;4564,75000;DOWN
2026-05-25 08:01:00;M1;6;21;4564,57126;4564,89000;UP
2026-05-25 08:11:00;M1;6;89;4564,05355;4563,82000;DOWN
2026-05-25 08:13:00;M1;6;34;4563,43611;4563,19000;DOWN
2026-05-25 08:20:00;M1;6;55;4561,38335;4560,42000;DOWN
2026-05-25 08:37:00;M1;6;21;4559,22416;4559,72000;UP
2026-05-25 08:43:00;M1;6;21;4557,95028;4556,18000;DOWN
2026-05-25 08:58:00;M1;6;21;4555,09165;4555,19000;UP
2026-05-25 09:04:00;M1;6;21;4553,58940;4553,09000;DOWN
2026-05-25 09:07:00;M1;6;21;4552,32923;4552,48000;UP
2026-05-25 09:19:00;M1;6;34;4554,16505;4554,36000;UP
2026-05-25 09:26:00;M1;6;55;4556,12120;4557,03000;UP
2026-05-25 09:32:00;M1;6;55;4555,63774;4554,32000;DOWN
2026-05-25 09:37:00;M1;6;55;4555,25980;4555,58000;UP
2026-05-25 10:18:00;M1;6;89;4555,64670;4553,83000;DOWN
2026-05-25 10:26:00;M1;6;55;4556,00745;4556,85000;UP
2026-05-25 10:32:00;M1;6;34;4558,06132;4558,33000;UP
2026-05-25 10:31:00;M1;6;55;4556,06286;4555,78000;DOWN
2026-05-25 10:42:00;M1;6;21;4560,03298;4560,08000;UP
2026-05-25 10:37:00;M1;6;34;4558,34992;4557,51000;DOWN
2026-05-25 10:43:00;M1;6;34;4558,78574;4559,95000;UP
2026-05-25 10:44:00;M1;6;21;4559,93392;4559,85000;DOWN
2026-05-25 10:49:00;M1;6;21;4560,37900;4562,11000;UP
2026-05-25 11:05:00;M1;6;34;4561,11143;4560,28000;DOWN
2026-05-25 11:23:00;M1;6;89;4556,93614;4556,05000;DOWN
2026-05-25 11:30:00;M1;6;89;4557,02074;4557,20000;UP
2026-05-25 11:31:00;M1;6;89;4557,06329;4556,69000;DOWN
2026-05-25 11:55:00;M1;6;21;4555,21964;4555,82000;UP
2026-05-25 12:02:00;M1;6;34;4557,46863;4557,59000;UP
2026-05-25 12:08:00;M1;6;89;4556,55009;4556,44000;DOWN
2026-05-25 12:18:00;M1;6;34;4556,70747;4556,71000;UP
2026-05-25 12:20:00;M1;6;89;4556,39422;4556,19000;DOWN
2026-05-25 12:25:00;M1;6;34;4556,08487;4556,88000;UP
2026-05-25 13:13:00;M1;6;21;4571,09702;4570,87000;DOWN
2026-05-25 13:19:00;M1;6;21;4572,73854;4572,83000;UP
2026-05-25 13:25:00;M1;6;21;4573,80545;4570,67000;DOWN
2026-05-25 13:39:00;M1;6;34;4571,45216;4570,86000;DOWN
2026-05-25 13:57:00;M1;6;55;4569,16647;4568,93000;DOWN
2026-05-25 14:14:00;M1;6;21;4570,94339;4572,07000;UP
2026-05-25 14:22:00;M1;6;34;4573,75241;4573,48000;DOWN
2026-05-25 14:25:00;M1;6;55;4572,20692;4570,33000;DOWN
2026-05-25 14:31:00;M1;6;21;4571,54192;4572,41000;UP
2026-05-25 14:37:00;M1;6;34;4574,06202;4575,04000;UP
2026-05-25 14:48:00;M1;6;55;4574,05082;4573,72000;DOWN
2026-05-25 14:49:00;M1;6;21;4573,25884;4571,20000;DOWN
2026-05-25 14:55:00;M1;6;89;4570,74480;4570,67000;DOWN
2026-05-25 15:29:00;M1;6;21;4560,09065;4560,48000;UP
2026-05-25 15:35:00;M1;6;34;4564,23928;4564,85000;UP
2026-05-25 15:37:00;M1;6;55;4569,19232;4569,53000;UP
2026-05-25 15:43:00;M1;6;55;4568,46703;4567,10000;DOWN
2026-05-25 15:56:00;M1;6;55;4567,47746;4568,49000;UP
2026-05-25 16:01:00;M1;6;55;4567,13137;4563,26000;DOWN
2026-05-25 16:07:00;M1;6;21;4564,40832;4570,22000;UP
2026-05-25 16:13:00;M1;6;89;4569,67410;4563,08000;DOWN
2026-05-25 16:20:00;M1;6;34;4562,50255;4563,28000;UP
2026-05-25 16:25:00;M1;6;34;4562,26392;4561,12000;DOWN
2026-05-25 16:35:00;M1;6;21;4564,87148;4565,45000;UP
2026-05-25 16:38:00;M1;6;55;4564,52435;4563,16000;DOWN
2026-05-25 16:43:00;M1;6;21;4563,93047;4564,34000;UP
2026-05-25 16:46:00;M1;6;34;4562,42285;4561,91000;DOWN
2026-05-25 16:51:00;M1;6;34;4562,51577;4562,63000;UP
2026-05-25 16:49:00;M1;6;55;4563,55220;4561,58000;DOWN
2026-05-25 16:55:00;M1;6;21;4562,82165;4564,37000;UP
2026-05-25 17:05:00;M1;6;89;4567,66399;4569,43000;UP
2026-05-25 17:30:00;M1;6;89;4567,08633;4566,03000;DOWN
2026-05-25 17:34:00;M1;6;89;4567,01514;4567,84000;UP
2026-05-25 17:31:00;M1;6;34;4566,29652;4565,82000;DOWN
2026-05-25 17:37:00;M1;6;34;4566,78734;4567,04000;UP
2026-05-25 17:38:00;M1;6;89;4566,96840;4566,89000;DOWN
2026-05-25 17:44:00;M1;6;89;4566,92620;4567,01000;UP
2026-05-25 17:43:00;M1;6;34;4567,20593;4566,71000;DOWN
2026-05-25 17:49:00;M1;6;34;4567,58169;4568,20000;UP
2026-05-25 17:54:00;M1;6;89;4566,88775;4565,84000;DOWN
2026-05-25 17:56:00;M1;6;89;4566,83589;4566,84000;UP
2026-05-25 17:57:00;M1;6;55;4565,47392;4565,33000;DOWN
2026-05-25 18:01:00;M1;6;34;4568,12941;4568,86000;UP
2026-05-25 18:10:00;M1;6;21;4569,01315;4570,54000;UP
2026-05-25 18:07:00;M1;6;89;4566,79715;4566,45000;DOWN
2026-05-25 18:13:00;M1;6;34;4568,96477;4572,10000;UP
2026-05-25 18:16:00;M1;6;21;4569,08392;4568,29000;DOWN
2026-05-25 18:19:00;M1;6;21;4569,49696;4570,45000;UP
2026-05-25 18:33:00;M1;6;34;4570,62783;4570,58000;DOWN
2026-05-25 18:37:00;M1;6;89;4567,40058;4567,26000;DOWN
2026-05-25 18:45:00;M1;6;55;4569,04012;4569,30000;UP
2026-05-25 18:51:00;M1;6;21;4571,39439;4571,41000;UP
2026-05-25 19:00:00;M1;6;55;4569,89516;4569,81000;DOWN
2026-05-25 19:25:00;M1;6;21;4570,13307;4570,16000;UP
2026-05-25 19:28:00;M1;6;89;4568,93947;4568,86000;DOWN
2026-05-25 19:31:00;M1;6;89;4569,11870;4569,39000;UP
2026-05-25 19:31:00;M1;6;21;4569,82336;4569,39000;DOWN
2026-05-25 19:37:00;M1;6;21;4569,80914;4570,12000;UP
2026-05-25 19:53:00;M1;6;55;4571,60474;4571,30000;DOWN
2026-05-25 19:55:00;M1;6;34;4571,32344;4571,57000;UP
2026-05-25 20:21:00;M1;6;55;4573,02394;4572,94000;DOWN
2026-05-25 20:25:00;M1;6;89;4571,55667;4570,59000;DOWN
2026-05-25 21:03:00;M1;6;21;4566,24767;4568,08000;UP
2026-05-25 21:07:00;M1;6;55;4570,77016;4570,19000;DOWN
2026-05-25 21:21:00;M1;6;55;4570,12780;4570,50000;UP
2026-05-25 21:24:00;M1;6;34;4568,23151;4567,69000;DOWN
2026-05-25 21:25:00;M1;6;34;4568,17935;4568,99000;UP
2026-05-25 21:25:00;M1;6;55;4569,96240;4568,99000;DOWN
2026-05-26 01:01:00;M1;6;55;4569,88874;4571,33000;UP
2026-05-26 01:28:00;M1;6;21;4573,32677;4573,12000;DOWN
2026-05-26 01:33:00;M1;6;89;4571,62557;4571,37000;DOWN
2026-05-26 01:37:00;M1;6;34;4571,19866;4571,23000;UP
2026-05-26 01:47:00;M1;6;21;4574,48161;4575,17000;UP
2026-05-26 01:49:00;M1;6;21;4574,90468;4573,89000;DOWN
2026-05-26 01:55:00;M1;6;21;4575,31811;4575,53000;UP
2026-05-26 02:01:00;M1;6;21;4575,56455;4574,92000;DOWN
2026-05-26 02:09:00;M1;6;21;4576,04014;4576,29000;UP
2026-05-26 02:21:00;M1;6;34;4576,15007;4576,05000;DOWN
2026-05-26 02:25:00;M1;6;89;4573,53154;4573,05000;DOWN
2026-05-26 02:55:00;M1;6;21;4561,49061;4562,01000;UP
2026-05-26 03:01:00;M1;6;21;4558,31455;4550,18000;DOWN
2026-05-26 03:13:00;M1;6;21;4551,56889;4551,88000;UP
2026-05-26 03:19:00;M1;6;21;4548,08535;4546,02000;DOWN
2026-05-26 03:26:00;M1;6;21;4545,65754;4546,91000;UP
2026-05-26 03:31:00;M1;6;34;4551,52732;4552,06000;UP
2026-05-26 03:37:00;M1;6;34;4549,19904;4548,25000;DOWN
2026-05-26 03:43:00;M1;6;34;4547,25927;4549,23000;UP
2026-05-26 03:49:00;M1;6;34;4545,23907;4544,93000;DOWN
2026-05-26 03:55:00;M1;6;21;4542,10011;4545,13000;UP
2026-05-26 04:13:00;M1;6;55;4547,41795;4548,10000;UP
2026-05-26 04:20:00;M1;6;55;4545,96567;4545,29000;DOWN
2026-05-26 04:26:00;M1;6;55;4544,58581;4544,67000;UP
2026-05-26 04:30:00;M1;6;21;4543,34194;4540,75000;DOWN
2026-05-26 04:31:00;M1;6;21;4542,57431;4542,78000;UP
2026-05-26 04:31:00;M1;6;55;4543,14876;4542,78000;DOWN
2026-05-26 04:37:00;M1;6;21;4540,42134;4535,11000;DOWN
2026-05-26 04:55:00;M1;6;21;4534,25390;4535,70000;UP
2026-05-26 05:33:00;M1;6;21;4534,65954;4534,14000;DOWN
2026-05-26 05:37:00;M1;6;21;4535,32052;4537,19000;UP
2026-05-26 05:43:00;M1;6;89;4536,25125;4534,19000;DOWN
2026-05-26 05:53:00;M1;6;34;4532,87516;4533,10000;UP
2026-05-26 06:00:00;M1;6;89;4534,13544;4534,21000;UP
2026-05-26 05:59:00;M1;6;34;4532,53434;4532,28000;DOWN
2026-05-26 06:01:00;M1;6;21;4534,08768;4535,71000;UP
2026-05-26 06:43:00;M1;6;21;4541,57729;4541,40000;DOWN
2026-05-26 06:52:00;M1;6;21;4542,82460;4543,67000;UP
2026-05-26 06:55:00;M1;6;21;4543,73953;4542,59000;DOWN
2026-05-26 07:04:00;M1;6;34;4540,57904;4540,53000;DOWN
2026-05-26 07:24:00;M1;6;55;4536,30364;4535,42000;DOWN
2026-05-26 07:35:00;M1;6;89;4530,20625;4530,19000;DOWN
2026-05-26 07:56:00;M1;6;21;4527,00554;4527,33000;UP
2026-05-26 08:01:00;M1;6;21;4525,37533;4524,58000;DOWN
2026-05-26 08:07:00;M1;6;21;4524,67080;4527,38000;UP
2026-05-26 08:30:00;M1;6;55;4531,22946;4532,46000;UP
2026-05-26 08:40:00;M1;6;55;4530,57636;4530,12000;DOWN
2026-05-26 08:47:00;M1;6;89;4527,12428;4527,11000;DOWN
2026-05-26 08:49:00;M1;6;89;4526,97438;4527,79000;UP
2026-05-26 08:51:00;M1;6;34;4526,56915;4525,55000;DOWN
2026-05-26 08:58:00;M1;6;21;4528,44829;4528,59000;UP
2026-05-26 08:55:00;M1;6;89;4526,81476;4525,06000;DOWN
2026-05-26 09:01:00;M1;6;55;4528,47457;4529,10000;UP
2026-05-26 09:28:00;M1;6;21;4530,33859;4529,52000;DOWN
2026-05-26 09:35:00;M1;6;21;4530,84147;4531,48000;UP
2026-05-26 09:38:00;M1;6;21;4531,50139;4531,21000;DOWN
2026-05-26 09:43:00;M1;6;21;4531,92176;4532,96000;UP
2026-05-26 09:49:00;M1;6;34;4530,24501;4529,62000;DOWN
2026-05-26 09:56:00;M1;6;21;4532,27924;4533,05000;UP
2026-05-26 10:05:00;M1;6;34;4530,81032;4530,63000;DOWN
2026-05-26 10:07:00;M1;6;21;4531,72916;4531,75000;UP
2026-05-26 10:09:00;M1;6;55;4528,20120;4527,63000;DOWN
2026-05-26 10:14:00;M1;6;55;4528,15969;4528,50000;UP
2026-05-26 10:15:00;M1;6;89;4527,03603;4526,90000;DOWN
2026-05-26 10:24:00;M1;6;21;4529,19621;4530,09000;UP
2026-05-26 10:19:00;M1;6;55;4528,08170;4526,77000;DOWN
2026-05-26 10:27:00;M1;6;34;4529,78851;4531,09000;UP
2026-05-26 10:30:00;M1;6;21;4528,36193;4527,63000;DOWN
2026-05-26 10:31:00;M1;6;21;4527,34940;4528,56000;UP
2026-05-26 10:32:00;M1;6;89;4526,68438;4525,33000;DOWN
2026-05-26 10:37:00;M1;6;21;4526,34406;4522,74000;DOWN
2026-05-26 10:44:00;M1;6;21;4526,00067;4526,63000;UP
2026-05-26 11:13:00;M1;6;55;4529,05336;4528,11000;DOWN
2026-05-26 11:19:00;M1;6;55;4529,34743;4529,62000;UP
2026-05-26 11:25:00;M1;6;89;4526,93965;4526,42000;DOWN
2026-05-26 12:01:00;M1;6;21;4523,04356;4523,47000;UP
2026-05-26 12:13:00;M1;6;21;4521,94846;4521,08000;DOWN
2026-05-26 12:19:00;M1;6;21;4521,51052;4524,70000;UP
2026-05-26 12:27:00;M1;6;55;4525,01539;4526,21000;UP
2026-05-26 12:30:00;M1;6;34;4523,34185;4521,75000;DOWN
2026-05-26 12:31:00;M1;6;89;4524,80313;4519,71000;DOWN
2026-05-26 12:49:00;M1;6;21;4517,89008;4518,95000;UP
2026-05-26 12:56:00;M1;6;34;4518,55560;4519,15000;UP
2026-05-26 13:03:00;M1;6;55;4520,91765;4519,83000;DOWN
2026-05-26 13:07:00;M1;6;55;4520,58416;4523,47000;UP
2026-05-26 13:43:00;M1;6;21;4534,04530;4531,94000;DOWN
2026-05-26 13:49:00;M1;6;21;4535,99964;4537,38000;UP
2026-05-26 13:55:00;M1;6;21;4537,31386;4534,26000;DOWN
2026-05-26 14:12:00;M1;6;34;4533,68282;4533,31000;DOWN
2026-05-26 14:23:00;M1;6;89;4526,30530;4526,00000;DOWN
2026-05-26 15:01:00;M1;6;21;4508,79296;4509,38000;UP
2026-05-26 15:16:00;M1;6;34;4514,69344;4514,76000;UP
2026-05-26 15:19:00;M1;6;34;4512,46173;4512,28000;DOWN
2026-05-26 15:25:00;M1;6;34;4510,30321;4510,86000;UP
2026-05-26 15:30:00;M1;6;21;4503,92402;4503,33000;DOWN
2026-05-26 15:31:00;M1;6;21;4503,87354;4505,72000;UP
2026-05-26 15:31:00;M1;6;34;4508,35497;4505,72000;DOWN
2026-05-26 15:42:00;M1;6;34;4506,50240;4510,32000;UP
2026-05-26 15:38:00;M1;6;21;4503,74377;4503,27000;DOWN
2026-05-26 15:43:00;M1;6;21;4504,47190;4510,09000;UP
2026-05-26 15:49:00;M1;6;89;4516,82590;4519,78000;UP
2026-05-26 16:13:00;M1;6;21;4517,97436;4517,88000;DOWN
2026-05-26 16:20:00;M1;6;21;4520,37328;4522,03000;UP
2026-05-26 16:29:00;M1;6;21;4522,43438;4522,23000;DOWN
2026-05-26 16:31:00;M1;6;21;4524,10691;4525,39000;UP
2026-05-26 16:39:00;M1;6;21;4525,86997;4524,53000;DOWN
2026-05-26 16:43:00;M1;6;21;4527,32970;4528,64000;UP
2026-05-26 16:53:00;M1;6;89;4516,41074;4514,64000;DOWN
2026-05-26 16:57:00;M1;6;55;4514,95994;4514,79000;DOWN
2026-05-26 17:02:00;M1;6;55;4515,37928;4516,23000;UP
2026-05-26 17:09:00;M1;6;89;4516,41288;4515,49000;DOWN
2026-05-26 17:22:00;M1;6;55;4515,65569;4515,95000;UP
2026-05-26 17:25:00;M1;6;21;4515,02599;4516,81000;UP
2026-05-26 17:28:00;M1;6;89;4515,59711;4515,54000;DOWN
2026-05-26 17:32:00;M1;6;34;4519,58226;4520,07000;UP
2026-05-26 17:48:00;M1;6;34;4519,37820;4519,26000;DOWN
2026-05-26 17:49:00;M1;6;34;4519,20984;4519,24000;UP
2026-05-26 17:54:00;M1;6;55;4517,25199;4515,84000;DOWN
2026-05-26 17:55:00;M1;6;89;4514,89002;4513,69000;DOWN
2026-05-26 18:39:00;M1;6;21;4505,98711;4507,48000;UP
2026-05-26 18:45:00;M1;6;34;4508,36527;4509,14000;UP
2026-05-26 18:49:00;M1;6;34;4507,60708;4506,80000;DOWN
2026-05-26 18:55:00;M1;6;34;4506,89646;4508,46000;UP
2026-05-26 19:04:00;M1;6;34;4506,15957;4506,13000;DOWN
2026-05-26 19:07:00;M1;6;21;4503,94826;4504,28000;UP
2026-05-26 19:13:00;M1;6;21;4503,33340;4501,65000;DOWN
2026-05-26 19:19:00;M1;6;21;4502,96527;4505,05000;UP
2026-05-26 19:25:00;M1;6;55;4506,37287;4506,77000;UP
2026-05-26 19:31:00;M1;6;89;4508,42192;4508,73000;UP
2026-05-26 19:40:00;M1;6;89;4508,07820;4507,79000;DOWN
2026-05-26 19:48:00;M1;6;55;4504,95699;4503,55000;DOWN
2026-05-26 19:51:00;M1;6;55;4504,56025;4505,56000;UP
2026-05-26 19:49:00;M1;6;34;4503,34008;4503,34000;DOWN
2026-05-26 19:55:00;M1;6;34;4503,46852;4504,72000;UP
2026-05-26 20:01:00;M1;6;21;4505,41515;4505,62000;UP
2026-05-26 20:07:00;M1;6;89;4506,17332;4504,58000;DOWN
2026-05-26 20:22:00;M1;6;21;4504,90677;4505,70000;UP
2026-05-26 20:28:00;M1;6;89;4504,83983;4504,59000;DOWN
2026-05-26 20:49:00;M1;6;21;4500,28041;4500,47000;UP
2026-05-26 20:55:00;M1;6;55;4499,85303;4494,08000;DOWN
2026-05-26 21:13:00;M1;6;21;4490,17550;4490,25000;UP
2026-05-26 21:25:00;M1;6;34;4492,01271;4494,65000;UP
2026-05-26 21:32:00;M1;6;89;4496,36665;4496,97000;UP
2026-05-26 21:38:00;M1;6;89;4495,63231;4495,40000;DOWN
2026-05-26 21:43:00;M1;6;89;4495,01380;4495,58000;UP
2026-05-26 22:13:00;M1;6;21;4499,66453;4499,63000;DOWN
2026-05-26 22:19:00;M1;6;21;4501,26155;4502,40000;UP
2026-05-26 22:28:00;M1;6;21;4502,49471;4501,44000;DOWN
2026-05-26 22:35:00;M1;6;21;4503,59495;4504,13000;UP
2026-05-26 22:37:00;M1;6;21;4504,54907;4503,69000;DOWN
2026-05-26 22:47:00;M1;6;21;4505,42717;4505,57000;UP
2026-05-26 22:51:00;M1;6;21;4506,33727;4506,17000;DOWN
2026-05-26 22:56:00;M1;6;21;4507,37360;4508,18000;UP
2026-05-26 23:04:00;M1;6;21;4508,31912;4507,51000;DOWN
2026-05-26 23:13:00;M1;6;34;4507,68289;4507,23000;DOWN
2026-05-26 23:20:00;M1;6;34;4508,63720;4508,82000;UP
2026-05-26 23:25:00;M1;6;34;4509,31875;4507,39000;DOWN
2026-05-26 23:49:00;M1;6;55;4506,84178;4506,54000;DOWN
2026-05-27 01:20:00;M1;6;21;4506,99224;4507,68000;UP
2026-05-27 01:25:00;M1;6;21;4506,45256;4505,92000;DOWN
2026-05-27 01:32:00;M1;6;89;4503,03065;4502,78000;DOWN
2026-05-27 01:43:00;M1;6;21;4502,63477;4502,65000;UP
2026-05-27 01:52:00;M1;6;34;4505,06087;4505,81000;UP
2026-05-27 01:56:00;M1;6;55;4508,11777;4510,39000;UP
2026-05-27 02:22:00;M1;6;89;4505,71136;4504,88000;DOWN
2026-05-27 02:28:00;M1;6;21;4508,25120;4511,05000;UP
2026-05-27 02:55:00;M1;6;21;4520,19052;4519,84000;DOWN
2026-05-27 03:01:00;M1;6;21;4522,02651;4524,98000;UP
2026-05-27 03:07:00;M1;6;21;4523,34346;4520,22000;DOWN
2026-05-27 03:24:00;M1;6;55;4516,52914;4516,19000;DOWN
2026-05-27 03:28:00;M1;6;55;4517,34331;4517,74000;UP
2026-05-27 03:39:00;M1;6;55;4518,76976;4517,67000;DOWN
2026-05-27 03:45:00;M1;6;55;4519,44865;4521,04000;UP
2026-05-27 03:50:00;M1;6;89;4517,17628;4516,86000;DOWN
2026-05-27 03:55:00;M1;6;89;4517,66827;4517,74000;UP
2026-05-27 04:01:00;M1;6;89;4518,05227;4515,74000;DOWN
2026-05-27 04:10:00;M1;6;21;4517,34214;4519,26000;UP
2026-05-27 04:17:00;M1;6;89;4518,71611;4518,61000;DOWN
2026-05-27 04:20:00;M1;6;21;4516,70390;4516,72000;UP
2026-05-27 04:25:00;M1;6;89;4519,34101;4518,60000;DOWN
2026-05-27 05:24:00;M1;6;21;4502,18314;4504,13000;UP
2026-05-27 05:29:00;M1;6;34;4505,35425;4505,51000;UP
2026-05-27 05:37:00;M1;6;34;4502,95177;4501,24000;DOWN
2026-05-27 05:45:00;M1;6;21;4499,52554;4498,95000;DOWN
2026-05-27 05:49:00;M1;6;21;4499,61575;4501,74000;UP
2026-05-27 06:01:00;M1;6;55;4505,41002;4506,27000;UP
2026-05-27 06:26:00;M1;6;21;4507,48824;4507,23000;DOWN
2026-05-27 06:36:00;M1;6;55;4503,54360;4503,18000;DOWN
2026-05-27 06:41:00;M1;6;34;4503,71860;4504,62000;UP
2026-05-27 06:43:00;M1;6;34;4504,07973;4503,70000;DOWN
2026-05-27 06:53:00;M1;6;34;4504,35482;4504,49000;UP
2026-05-27 06:52:00;M1;6;55;4502,74028;4502,42000;DOWN
2026-05-27 06:55:00;M1;6;34;4504,16982;4500,05000;DOWN
2026-05-27 07:07:00;M1;6;55;4501,39599;4501,50000;UP
2026-05-27 07:13:00;M1;6;21;4501,69895;4502,10000;UP
2026-05-27 07:18:00;M1;6;55;4501,01897;4500,97000;DOWN
2026-05-27 07:21:00;M1;6;34;4502,86813;4503,25000;UP
2026-05-27 07:28:00;M1;6;55;4500,44778;4500,38000;DOWN
2026-05-27 07:33:00;M1;6;21;4499,94003;4500,72000;UP
2026-05-27 07:39:00;M1;6;34;4501,83578;4502,92000;UP
2026-05-27 08:12:00;M1;6;21;4510,33183;4509,54000;DOWN
2026-05-27 08:15:00;M1;6;34;4507,18520;4506,36000;DOWN
2026-05-27 08:32:00;M1;6;89;4503,22552;4498,82000;DOWN
2026-05-27 08:51:00;M1;6;21;4500,12729;4501,20000;UP
2026-05-27 08:56:00;M1;6;21;4497,82310;4497,75000;DOWN
2026-05-27 09:01:00;M1;6;21;4495,78547;4496,75000;UP
2026-05-27 09:16:00;M1;6;21;4492,94031;4492,82000;DOWN
2026-05-27 09:43:00;M1;6;21;4483,98426;4484,41000;UP
2026-05-27 09:57:00;M1;6;34;4485,24748;4484,73000;DOWN
2026-05-27 10:01:00;M1;6;34;4484,32188;4486,79000;UP
2026-05-27 10:10:00;M1;6;34;4483,45139;4481,96000;DOWN
2026-05-27 10:16:00;M1;6;21;4482,85709;4483,27000;UP
2026-05-27 10:23:00;M1;6;55;4486,89265;4487,31000;UP
2026-05-27 10:21:00;M1;6;21;4483,20341;4483,09000;DOWN
2026-05-27 10:25:00;M1;6;21;4483,66028;4486,43000;UP
2026-05-27 10:27:00;M1;6;55;4485,83226;4485,78000;DOWN
2026-05-27 10:31:00;M1;6;55;4484,78452;4488,39000;UP
2026-05-27 10:36:00;M1;6;34;4481,57269;4481,39000;DOWN
2026-05-27 10:42:00;M1;6;21;4483,80064;4483,99000;UP
2026-05-27 10:37:00;M1;6;55;4483,76857;4481,96000;DOWN
2026-05-27 10:43:00;M1;6;55;4482,81112;4484,44000;UP
2026-05-27 10:44:00;M1;6;21;4483,45147;4482,72000;DOWN
2026-05-27 10:49:00;M1;6;55;4481,86283;4479,68000;DOWN
2026-05-27 11:00:00;M1;6;21;4482,10449;4483,60000;UP
2026-05-27 11:01:00;M1;6;89;4485,37827;4487,04000;UP
2026-05-27 11:10:00;M1;6;89;4484,69498;4484,23000;DOWN
2026-05-27 11:13:00;M1;6;89;4484,09050;4484,76000;UP
2026-05-27 11:32:00;M1;6;21;4487,31358;4487,00000;DOWN
2026-05-27 11:37:00;M1;6;21;4489,11188;4490,56000;UP
2026-05-27 11:57:00;M1;6;21;4495,19538;4495,19000;DOWN
2026-05-27 12:02:00;M1;6;34;4491,33304;4491,33000;DOWN
2026-05-27 12:16:00;M1;6;34;4493,21531;4494,41000;UP
2026-05-27 12:21:00;M1;6;34;4493,85584;4492,92000;DOWN
2026-05-27 12:31:00;M1;6;55;4488,78016;4487,27000;DOWN
2026-05-27 12:37:00;M1;6;55;4489,30144;4490,62000;UP
2026-05-27 12:43:00;M1;6;55;4489,72333;4489,09000;DOWN
2026-05-27 12:51:00;M1;6;21;4491,24152;4492,17000;UP
2026-05-27 12:59:00;M1;6;55;4490,54261;4490,13000;DOWN
2026-05-27 13:13:00;M1;6;89;4485,25700;4485,23000;DOWN
2026-05-27 14:03:00;M1;6;21;4450,26838;4451,90000;UP
2026-05-27 14:30:00;M1;6;21;4436,43089;4434,40000;DOWN
2026-05-27 14:31:00;M1;6;21;4434,15190;4436,81000;UP
2026-05-27 14:37:00;M1;6;34;4438,96242;4440,86000;UP
2026-05-27 14:54:00;M1;6;34;4433,78732;4433,60000;DOWN
2026-05-27 14:55:00;M1;6;34;4431,28972;4432,64000;UP
2026-05-27 14:57:00;M1;6;21;4432,21577;4430,07000;DOWN
2026-05-27 15:01:00;M1;6;21;4431,49518;4434,31000;UP
2026-05-27 15:12:00;M1;6;21;4430,61666;4430,19000;DOWN
2026-05-27 15:13:00;M1;6;21;4429,60711;4430,05000;UP
2026-05-27 15:20:00;M1;6;89;4449,02167;4449,05000;UP
2026-05-27 15:35:00;M1;6;89;4445,60303;4445,50000;DOWN
2026-05-27 15:37:00;M1;6;89;4444,14005;4450,63000;UP
2026-05-27 15:48:00;M1;6;21;4444,91283;4444,49000;DOWN
2026-05-27 15:58:00;M1;6;89;4440,32196;4438,72000;DOWN
2026-05-27 16:02:00;M1;6;34;4437,50011;4438,28000;UP
2026-05-27 16:05:00;M1;6;55;4429,07836;4427,60000;DOWN
2026-05-27 16:07:00;M1;6;34;4436,57937;4416,85000;DOWN
2026-05-27 16:32:00;M1;6;21;4417,46802;4421,13000;UP
2026-05-27 16:37:00;M1;6;55;4420,33293;4415,41000;DOWN
2026-05-27 16:45:00;M1;6;34;4422,10761;4424,56000;UP
2026-05-27 16:49:00;M1;6;89;4422,64201;4420,25000;DOWN
2026-05-27 16:55:00;M1;6;34;4420,25432;4425,60000;UP
2026-05-27 17:26:00;M1;6;21;4441,90875;4440,83000;DOWN
2026-05-27 17:31:00;M1;6;21;4445,73042;4448,51000;UP
2026-05-27 17:37:00;M1;6;21;4448,22343;4443,72000;DOWN
2026-05-27 17:49:00;M1;6;34;4438,84938;4438,30000;DOWN
2026-05-27 18:08:00;M1;6;55;4432,00840;4431,65000;DOWN
2026-05-27 18:18:00;M1;6;55;4432,32098;4433,06000;UP
2026-05-27 18:19:00;M1;6;55;4432,54276;4430,91000;DOWN
2026-05-27 18:27:00;M1;6;21;4433,75001;4434,50000;UP
2026-05-27 18:32:00;M1;6;34;4439,57036;4439,74000;UP
2026-05-27 18:37:00;M1;6;34;4439,35037;4438,87000;DOWN
2026-05-27 18:44:00;M1;6;55;4434,58761;4434,07000;DOWN
2026-05-27 18:50:00;M1;6;21;4433,33176;4433,84000;UP
2026-05-27 18:56:00;M1;6;55;4435,86732;4435,87000;UP
2026-05-27 19:01:00;M1;6;34;4436,98851;4439,74000;UP
2026-05-27 19:03:00;M1;6;55;4436,45540;4436,30000;DOWN
2026-05-27 19:10:00;M1;6;55;4437,04039;4437,77000;UP
2026-05-27 19:07:00;M1;6;34;4436,67493;4436,52000;DOWN
2026-05-27 19:13:00;M1;6;34;4436,75914;4439,57000;UP
2026-05-27 19:54:00;M1;6;21;4450,87639;4450,73000;DOWN
2026-05-27 20:01:00;M1;6;34;4448,45328;4447,92000;DOWN
2026-05-27 20:08:00;M1;6;55;4445,79342;4444,91000;DOWN
2026-05-27 20:17:00;M1;6;55;4446,47846;4447,12000;UP
2026-05-27 20:19:00;M1;6;55;4447,06517;4446,73000;DOWN
2026-05-27 20:29:00;M1;6;55;4447,67151;4449,80000;UP
2026-05-27 20:31:00;M1;6;21;4450,83987;4452,27000;UP
2026-05-27 20:39:00;M1;6;34;4452,23018;4451,00000;DOWN
2026-05-27 20:43:00;M1;6;21;4451,04183;4451,78000;UP
2026-05-27 20:52:00;M1;6;34;4453,34138;4453,55000;UP
2026-05-27 20:49:00;M1;6;21;4451,28099;4450,89000;DOWN
2026-05-27 20:55:00;M1;6;21;4451,37633;4453,73000;UP
2026-05-27 20:59:00;M1;6;55;4451,60157;4450,33000;DOWN
2026-05-27 21:02:00;M1;6;21;4451,37695;4450,91000;DOWN
2026-05-27 21:16:00;M1;6;21;4451,38671;4451,55000;UP
2026-05-27 21:20:00;M1;6;34;4453,27427;4456,39000;UP
2026-05-27 21:32:00;M1;6;55;4454,70632;4453,63000;DOWN
2026-05-27 22:02:00;M1;6;89;4452,99227;4452,95000;DOWN
2026-05-27 22:23:00;M1;6;21;4452,83963;4453,41000;UP
2026-05-27 22:25:00;M1;6;21;4452,30248;4452,01000;DOWN
2026-05-27 22:34:00;M1;6;21;4452,11490;4452,58000;UP
2026-05-27 22:37:00;M1;6;34;4453,35543;4452,55000;DOWN
2026-05-27 22:43:00;M1;6;34;4453,32694;4454,13000;UP
2026-05-27 22:48:00;M1;6;21;4452,22673;4452,13000;DOWN
2026-05-27 22:50:00;M1;6;21;4452,20704;4452,29000;UP
2026-05-27 22:49:00;M1;6;34;4453,20904;4451,97000;DOWN
2026-05-27 22:55:00;M1;6;21;4452,00928;4450,21000;DOWN
2026-05-27 23:01:00;M1;6;21;4451,83459;4453,14000;UP
2026-05-27 23:14:00;M1;6;55;4454,73942;4455,14000;UP
2026-05-27 23:22:00;M1;6;89;4456,85728;4455,84000;DOWN
2026-05-27 23:28:00;M1;6;55;4454,84638;4454,67000;DOWN
2026-05-27 23:33:00;M1;6;55;4454,89440;4455,36000;UP
2026-05-27 23:35:00;M1;6;34;4453,70747;4453,57000;DOWN
2026-05-27 23:37:00;M1;6;55;4454,90002;4453,13000;DOWN
2026-05-27 23:47:00;M1;6;34;4453,99879;4454,01000;UP
2026-05-27 23:52:00;M1;6;34;4454,13939;4454,13000;DOWN
2026-05-27 23:55:00;M1;6;21;4455,15146;4455,92000;UP
2026-05-28 01:01:00;M1;6;89;4457,53196;4463,25000;UP
2026-05-28 01:13:00;M1;6;89;4457,79953;4457,29000;DOWN
2026-05-28 01:19:00;M1;6;21;4458,29582;4459,51000;UP
2026-05-28 01:30:00;M1;6;89;4458,23249;4456,99000;DOWN
2026-05-28 01:35:00;M1;6;21;4460,06133;4460,85000;UP
2026-05-28 01:32:00;M1;6;55;4456,96046;4456,68000;DOWN
2026-05-28 01:37:00;M1;6;55;4457,43987;4460,91000;UP
2026-05-28 01:41:00;M1;6;89;4458,75697;4458,38000;DOWN
2026-05-28 01:46:00;M1;6;55;4457,84647;4457,13000;DOWN
2026-05-28 02:37:00;M1;6;21;4451,13215;4452,24000;UP
2026-05-28 02:45:00;M1;6;21;4449,88516;4448,22000;DOWN
2026-05-28 02:55:00;M1;6;21;4447,07375;4448,30000;UP
2026-05-28 03:02:00;M1;6;34;4449,86874;4452,25000;UP
2026-05-28 03:07:00;M1;6;34;4448,68104;4448,03000;DOWN
2026-05-28 03:13:00;M1;6;34;4447,80383;4448,35000;UP
2026-05-28 03:14:00;M1;6;21;4445,43139;4444,67000;DOWN
2026-05-28 03:19:00;M1;6;21;4445,55164;4452,24000;UP
2026-05-28 03:22:00;M1;6;55;4451,57474;4449,15000;DOWN
2026-05-28 03:26:00;M1;6;34;4446,45604;4446,88000;UP
2026-05-28 03:30:00;M1;6;21;4445,57443;4444,20000;DOWN
2026-05-28 03:32:00;M1;6;21;4446,00035;4449,53000;UP
2026-05-28 03:31:00;M1;6;34;4446,09653;4445,04000;DOWN
2026-05-28 03:37:00;M1;6;34;4445,97702;4452,48000;UP
2026-05-28 03:45:00;M1;6;89;4453,32048;4453,33000;UP
2026-05-28 03:50:00;M1;6;89;4453,04377;4453,04000;DOWN
2026-05-28 03:57:00;M1;6;89;4452,87139;4454,81000;UP
2026-05-28 03:56:00;M1;6;21;4451,20292;4451,04000;DOWN
2026-05-28 04:01:00;M1;6;89;4452,62403;4451,10000;DOWN
2026-05-28 04:50:00;M1;6;21;4417,89412;4418,42000;UP
2026-05-28 04:55:00;M1;6;21;4412,48732;4408,12000;DOWN
2026-05-28 05:01:00;M1;6;21;4407,46094;4408,01000;UP
2026-05-28 05:12:00;M1;6;21;4403,04734;4400,95000;DOWN
2026-05-28 05:14:00;M1;6;21;4399,77409;4402,61000;UP
2026-05-28 05:25:00;M1;6;34;4403,95396;4406,77000;UP
2026-05-28 05:45:00;M1;6;34;4396,95515;4395,96000;DOWN
2026-05-28 05:53:00;M1;6;21;4396,56638;4398,22000;UP
2026-05-28 05:55:00;M1;6;34;4393,24552;4393,00000;DOWN
2026-05-28 06:04:00;M1;6;21;4394,86816;4395,51000;UP
2026-05-28 06:07:00;M1;6;55;4397,17598;4397,57000;UP
2026-05-28 06:11:00;M1;6;21;4393,91291;4393,63000;DOWN
2026-05-28 06:13:00;M1;6;21;4392,28141;4396,67000;UP
2026-05-28 06:14:00;M1;6;55;4394,51753;4394,09000;DOWN
2026-05-28 06:19:00;M1;6;21;4390,01023;4384,55000;DOWN
2026-05-28 06:27:00;M1;6;34;4385,69878;4385,98000;UP
2026-05-28 06:31:00;M1;6;34;4383,91862;4383,25000;DOWN
2026-05-28 06:45:00;M1;6;21;4377,79865;4378,85000;UP
2026-05-28 06:50:00;M1;6;21;4374,68210;4373,57000;DOWN
2026-05-28 06:55:00;M1;6;21;4372,26230;4372,91000;UP
2026-05-28 07:02:00;M1;6;55;4373,72392;4376,46000;UP
2026-05-28 07:01:00;M1;6;34;4373,34116;4371,83000;DOWN
2026-05-28 07:07:00;M1;6;34;4372,06118;4380,79000;UP
2026-05-28 07:19:00;M1;6;34;4369,69901;4369,19000;DOWN
2026-05-28 07:25:00;M1;6;21;4368,75382;4371,56000;UP
2026-05-28 07:43:00;M1;6;89;4371,18158;4374,13000;UP
2026-05-28 08:02:00;M1;6;21;4369,65873;4368,25000;DOWN
2026-05-28 08:07:00;M1;6;21;4370,16867;4373,17000;UP
2026-05-28 08:58:00;M1;6;21;4390,23617;4389,68000;DOWN
2026-05-28 09:07:00;M1;6;34;4384,77841;4382,09000;DOWN
2026-05-28 09:35:00;M1;6;21;4384,65016;4384,72000;UP
2026-05-28 09:37:00;M1;6;21;4383,50723;4382,62000;DOWN
2026-05-28 09:47:00;M1;6;21;4382,59167;4383,02000;UP
2026-05-28 09:51:00;M1;6;21;4382,00554;4381,54000;DOWN
2026-05-28 09:55:00;M1;6;21;4381,78014;4383,14000;UP
2026-05-28 10:03:00;M1;6;34;4386,13597;4385,65000;DOWN
2026-05-28 10:07:00;M1;6;34;4386,29627;4388,51000;UP
2026-05-28 10:31:00;M1;6;21;4391,53826;4391,51000;DOWN
2026-05-28 10:41:00;M1;6;55;4388,02253;4386,21000;DOWN
2026-05-28 10:46:00;M1;6;34;4389,95846;4390,48000;UP
2026-05-28 10:49:00;M1;6;55;4389,34164;4387,95000;DOWN
2026-05-28 11:00:00;M1;6;21;4390,80748;4390,95000;UP
2026-05-28 11:02:00;M1;6;55;4389,98074;4389,54000;DOWN
2026-05-28 11:07:00;M1;6;21;4389,92593;4392,16000;UP
2026-05-28 11:25:00;M1;6;55;4391,43074;4390,63000;DOWN
2026-05-28 11:34:00;M1;6;21;4391,45499;4391,98000;UP
2026-05-28 11:39:00;M1;6;55;4392,22954;4391,86000;DOWN
2026-05-28 12:05:00;M1;6;21;4390,60952;4390,69000;UP
2026-05-28 12:07:00;M1;6;21;4389,92304;4389,87000;DOWN
2026-05-28 12:17:00;M1;6;21;4389,43090;4389,93000;UP
2026-05-28 12:20:00;M1;6;34;4390,97125;4391,60000;UP
2026-05-28 12:31:00;M1;6;55;4393,09794;4392,99000;DOWN
2026-05-28 12:37:00;M1;6;55;4393,26970;4395,00000;UP
2026-05-28 12:42:00;M1;6;34;4392,21334;4391,79000;DOWN
2026-05-28 12:45:00;M1;6;89;4390,87556;4390,62000;DOWN
2026-05-28 12:50:00;M1;6;21;4393,27639;4395,02000;UP
2026-05-28 12:55:00;M1;6;55;4393,67310;4393,49000;DOWN
2026-05-28 13:03:00;M1;6;21;4394,20810;4394,59000;UP
2026-05-28 13:01:00;M1;6;89;4392,37442;4392,02000;DOWN
2026-05-28 13:07:00;M1;6;34;4393,71958;4395,81000;UP
2026-05-28 13:22:00;M1;6;55;4394,93120;4394,06000;DOWN
2026-05-28 13:26:00;M1;6;21;4398,29946;4398,34000;UP
2026-05-28 13:34:00;M1;6;21;4399,07818;4398,72000;DOWN
2026-05-28 13:41:00;M1;6;89;4395,69029;4394,85000;DOWN
2026-05-28 14:09:00;M1;6;21;4386,61584;4386,84000;UP
2026-05-28 14:20:00;M1;6;34;4389,65432;4389,99000;UP
2026-05-28 14:26:00;M1;6;34;4388,70223;4387,13000;DOWN
2026-05-28 14:32:00;M1;6;21;4383,40710;4382,06000;DOWN
2026-05-28 14:37:00;M1;6;21;4383,54356;4389,67000;UP
2026-05-28 14:44:00;M1;6;34;4386,18174;4385,79000;DOWN
2026-05-28 14:49:00;M1;6;21;4383,84671;4383,24000;DOWN
2026-05-28 14:55:00;M1;6;21;4384,20282;4384,45000;UP
2026-05-28 15:01:00;M1;6;55;4388,28138;4390,89000;UP
2026-05-28 15:07:00;M1;6;89;4391,93433;4391,94000;UP
2026-05-28 15:13:00;M1;6;89;4391,67238;4391,51000;DOWN
2026-05-28 15:20:00;M1;6;55;4387,26621;4382,78000;DOWN
2026-05-28 15:30:00;M1;6;21;4387,31608;4392,88000;UP
2026-05-28 16:14:00;M1;6;21;4427,65137;4426,73000;DOWN
2026-05-28 16:21:00;M1;6;21;4432,59647;4433,72000;UP
2026-05-28 16:25:00;M1;6;21;4436,14104;4432,41000;DOWN
2026-05-28 16:31:00;M1;6;34;4425,26692;4424,92000;DOWN
2026-05-28 16:52:00;M1;6;34;4432,42982;4433,15000;UP
2026-05-28 16:55:00;M1;6;34;4434,40974;4428,73000;DOWN
2026-05-28 17:03:00;M1;6;55;4424,08360;4422,75000;DOWN
2026-05-28 17:08:00;M1;6;21;4432,74516;4433,66000;UP
2026-05-28 17:37:00;M1;6;21;4459,03472;4456,65000;DOWN
2026-05-28 17:43:00;M1;6;21;4464,27934;4471,11000;UP
2026-05-28 17:49:00;M1;6;21;4469,59816;4468,02000;DOWN
2026-05-28 17:57:00;M1;6;34;4465,84131;4462,73000;DOWN
2026-05-28 18:06:00;M1;6;21;4477,73989;4478,92000;UP
2026-05-28 18:10:00;M1;6;34;4473,00328;4472,02000;DOWN
2026-05-28 18:19:00;M1;6;55;4472,83876;4472,41000;DOWN
2026-05-28 18:25:00;M1;6;55;4475,77361;4477,30000;UP
2026-05-28 18:36:00;M1;6;21;4483,20626;4484,18000;UP
2026-05-28 18:37:00;M1;6;55;4481,14158;4480,64000;DOWN
2026-05-28 19:05:00;M1;6;21;4485,27014;4485,75000;UP
2026-05-28 19:07:00;M1;6;21;4485,95766;4483,26000;DOWN
2026-05-28 19:16:00;M1;6;21;4487,35061;4490,56000;UP
2026-05-28 19:19:00;M1;6;55;4495,69087;4497,04000;UP
2026-05-28 19:31:00;M1;6;55;4499,92215;4499,38000;DOWN
2026-05-28 19:37:00;M1;6;55;4502,06387;4502,84000;UP
2026-05-28 19:43:00;M1;6;55;4504,21700;4502,39000;DOWN
2026-05-28 19:50:00;M1;6;21;4505,68603;4508,31000;UP
2026-05-28 19:55:00;M1;6;21;4508,87666;4508,83000;DOWN
2026-05-28 20:01:00;M1;6;21;4511,22575;4513,02000;UP
2026-05-28 20:04:00;M1;6;55;4510,19926;4510,13000;DOWN
2026-05-28 20:09:00;M1;6;34;4509,41544;4509,89000;UP
2026-05-28 20:07:00;M1;6;21;4512,84898;4507,13000;DOWN
2026-05-28 20:13:00;M1;6;89;4508,70924;4508,15000;DOWN
2026-05-28 20:48:00;M1;6;21;4508,44653;4509,08000;UP
2026-05-28 20:50:00;M1;6;21;4507,94890;4507,29000;DOWN
2026-05-28 20:55:00;M1;6;21;4507,78495;4509,42000;UP
2026-05-28 21:02:00;M1;6;34;4513,30890;4514,90000;UP
2026-05-28 21:07:00;M1;6;34;4513,27274;4512,66000;DOWN
2026-05-28 21:16:00;M1;6;21;4509,15627;4512,09000;UP
2026-05-28 21:20:00;M1;6;21;4509,52119;4509,00000;DOWN
2026-05-28 21:55:00;M1;6;21;4502,79279;4503,05000;UP
2026-05-28 22:03:00;M1;6;21;4501,58747;4500,48000;DOWN
2026-05-28 22:11:00;M1;6;21;4500,66729;4501,11000;UP
2026-05-28 22:13:00;M1;6;21;4499,99419;4499,26000;DOWN
2026-05-28 22:19:00;M1;6;21;4499,69298;4501,01000;UP
2026-05-28 22:32:00;M1;6;34;4501,39832;4501,71000;UP
2026-05-28 22:37:00;M1;6;34;4500,68103;4500,27000;DOWN
2026-05-28 22:48:00;M1;6;21;4499,16553;4498,80000;DOWN
2026-05-28 22:50:00;M1;6;21;4499,13931;4499,92000;UP
2026-05-28 22:55:00;M1;6;34;4498,92958;4498,40000;DOWN
2026-05-28 23:16:00;M1;6;21;4497,60745;4498,04000;UP
2026-05-28 23:19:00;M1;6;21;4497,41937;4497,32000;DOWN
2026-05-28 23:27:00;M1;6;21;4497,47071;4497,55000;UP
2026-05-28 23:25:00;M1;6;34;4497,15111;4497,14000;DOWN
2026-05-28 23:31:00;M1;6;34;4497,15189;4498,82000;UP
2026-05-28 23:37:00;M1;6;55;4499,47050;4497,98000;DOWN
2026-05-28 23:55:00;M1;6;34;4496,15389;4496,22000;UP
2026-05-29 01:01:00;M1;6;21;4496,15779;4498,03000;UP
2026-05-29 01:08:00;M1;6;55;4496,45507;4493,94000;DOWN
2026-05-29 01:27:00;M1;6;21;4494,36926;4495,26000;UP
2026-05-29 01:34:00;M1;6;55;4494,64725;4493,98000;DOWN
2026-05-29 01:37:00;M1;6;21;4493,98209;4494,32000;UP
2026-05-29 01:51:00;M1;6;55;4493,74058;4493,09000;DOWN
2026-05-29 01:55:00;M1;6;21;4493,49431;4493,97000;UP
2026-05-29 02:28:00;M1;6;55;4492,56971;4492,41000;DOWN
2026-05-29 02:32:00;M1;6;21;4493,65215;4493,92000;UP
2026-05-29 02:39:00;M1;6;55;4492,28774;4492,04000;DOWN
2026-05-29 02:51:00;M1;6;21;4492,11734;4493,25000;UP
2026-05-29 02:57:00;M1;6;89;4494,47359;4494,77000;UP
2026-05-29 03:03:00;M1;6;89;4494,03662;4493,00000;DOWN
2026-05-29 03:07:00;M1;6;89;4493,67805;4495,52000;UP
2026-05-29 03:36:00;M1;6;34;4494,97165;4494,60000;DOWN
2026-05-29 03:40:00;M1;6;34;4495,48928;4495,70000;UP
2026-05-29 03:44:00;M1;6;21;4497,69971;4498,20000;UP
2026-05-29 03:46:00;M1;6;34;4495,76792;4495,03000;DOWN
2026-05-29 03:50:00;M1;6;34;4495,85141;4496,36000;UP
2026-05-29 03:53:00;M1;6;55;4493,92428;4493,66000;DOWN
2026-05-29 04:00:00;M1;6;21;4496,93432;4500,11000;UP
2026-05-29 03:55:00;M1;6;34;4495,91882;4493,96000;DOWN
2026-05-29 04:01:00;M1;6;34;4496,24509;4498,02000;UP
2026-05-29 04:27:00;M1;6;21;4508,37646;4508,30000;DOWN
2026-05-29 04:31:00;M1;6;34;4505,49617;4503,80000;DOWN
2026-05-29 04:37:00;M1;6;34;4506,69187;4507,86000;UP
2026-05-29 04:47:00;M1;6;55;4502,65140;4502,64000;DOWN
2026-05-29 04:51:00;M1;6;55;4503,50658;4504,68000;UP
2026-05-29 05:00:00;M1;6;34;4508,10595;4508,19000;UP
2026-05-29 05:03:00;M1;6;21;4509,39233;4510,25000;UP
2026-05-29 05:06:00;M1;6;34;4508,63963;4508,17000;DOWN
2026-05-29 05:10:00;M1;6;55;4505,75685;4504,43000;DOWN
2026-05-29 05:14:00;M1;6;55;4506,42508;4506,82000;UP
2026-05-29 05:19:00;M1;6;55;4506,96748;4505,81000;DOWN
2026-05-29 05:30:00;M1;6;89;4501,68362;4499,52000;DOWN
2026-05-29 05:32:00;M1;6;89;4502,17523;4503,52000;UP
2026-05-29 05:38:00;M1;6;21;4504,85663;4505,75000;UP
2026-05-29 05:50:00;M1;6;89;4503,59467;4502,97000;DOWN
2026-05-29 05:56:00;M1;6;21;4504,18519;4504,71000;UP
2026-05-29 06:01:00;M1;6;89;4504,26415;4500,93000;DOWN
2026-05-29 06:21:00;M1;6;21;4498,78742;4499,12000;UP
2026-05-29 06:25:00;M1;6;21;4497,52139;4496,30000;DOWN
2026-05-29 06:31:00;M1;6;21;4496,35177;4497,72000;UP
2026-05-29 06:38:00;M1;6;21;4495,58322;4494,93000;DOWN
2026-05-29 06:43:00;M1;6;21;4495,27897;4497,29000;UP
2026-05-29 06:52:00;M1;6;34;4497,30380;4497,17000;DOWN
2026-05-29 06:55:00;M1;6;34;4497,01707;4500,94000;UP
2026-05-29 07:01:00;M1;6;89;4503,57192;4504,41000;UP
2026-05-29 07:07:00;M1;6;89;4503,53076;4502,60000;DOWN
2026-05-29 07:15:00;M1;6;89;4503,52272;4504,51000;UP
2026-05-29 07:45:00;M1;6;21;4509,93228;4509,12000;DOWN
2026-05-29 07:56:00;M1;6;21;4512,34898;4512,71000;UP
2026-05-29 08:01:00;M1;6;21;4513,18503;4511,62000;DOWN
2026-05-29 08:08:00;M1;6;34;4509,91118;4509,67000;DOWN
2026-05-29 08:14:00;M1;6;34;4510,98757;4511,97000;UP
2026-05-29 08:19:00;M1;6;34;4511,86506;4511,84000;DOWN
2026-05-29 08:30:00;M1;6;34;4512,49013;4512,50000;UP
2026-05-29 08:33:00;M1;6;89;4507,80150;4507,68000;DOWN
2026-05-29 08:52:00;M1;6;21;4508,99176;4510,93000;UP
2026-05-29 08:56:00;M1;6;34;4512,09825;4511,77000;DOWN
2026-05-29 09:01:00;M1;6;34;4512,67317;4519,34000;UP
2026-05-29 09:13:00;M1;6;55;4512,14504;4511,08000;DOWN
2026-05-29 09:22:00;M1;6;21;4513,78766;4517,70000;UP
2026-05-29 09:39:00;M1;6;55;4514,94037;4514,93000;DOWN
2026-05-29 09:46:00;M1;6;21;4516,96791;4518,31000;UP
2026-05-29 09:49:00;M1;6;21;4517,78732;4517,62000;DOWN
2026-05-29 09:55:00;M1;6;21;4519,04882;4522,69000;UP
2026-05-29 10:06:00;M1;6;34;4518,22460;4518,20000;DOWN
2026-05-29 10:07:00;M1;6;34;4519,18125;4520,39000;UP
2026-05-29 10:12:00;M1;6;55;4518,29696;4517,70000;DOWN
2026-05-29 10:15:00;M1;6;89;4515,49070;4514,91000;DOWN
2026-05-29 10:34:00;M1;6;21;4519,39296;4520,67000;UP
2026-05-29 11:03:00;M1;6;89;4520,22223;4520,15000;DOWN
2026-05-29 11:53:00;M1;6;21;4514,28109;4514,37000;UP
2026-05-29 12:00:00;M1;6;34;4517,01233;4517,32000;UP
2026-05-29 12:06:00;M1;6;55;4519,95601;4520,20000;UP
2026-05-29 12:01:00;M1;6;34;4516,48205;4514,68000;DOWN
2026-05-29 12:07:00;M1;6;34;4516,57832;4521,07000;UP
2026-05-29 12:55:00;M1;6;21;4534,04649;4531,74000;DOWN
2026-05-29 13:01:00;M1;6;34;4529,03960;4527,14000;DOWN
2026-05-29 13:09:00;M1;6;89;4526,54679;4526,41000;DOWN
2026-05-29 13:13:00;M1;6;55;4527,29462;4527,56000;UP
2026-05-29 13:19:00;M1;6;89;4527,50126;4526,71000;DOWN
2026-05-29 13:30:00;M1;6;21;4531,06065;4531,58000;UP
2026-05-29 13:31:00;M1;6;34;4532,29552;4531,23000;DOWN
2026-05-29 13:37:00;M1;6;21;4532,64131;4541,19000;UP
2026-05-29 13:55:00;M1;6;34;4536,96361;4536,57000;DOWN
2026-05-29 14:01:00;M1;6;21;4538,00018;4538,82000;UP
2026-05-29 14:09:00;M1;6;89;4532,58484;4532,44000;DOWN
2026-05-29 14:23:00;M1;6;89;4533,68195;4534,12000;UP
2026-05-29 14:25:00;M1;6;89;4534,07503;4530,05000;DOWN
2026-05-29 14:44:00;M1;6;21;4530,88590;4531,08000;UP
2026-05-29 14:53:00;M1;6;34;4534,33735;4534,72000;UP
2026-05-29 14:49:00;M1;6;21;4530,57672;4529,22000;DOWN
2026-05-29 14:55:00;M1;6;21;4531,22297;4534,69000;UP
2026-05-29 15:01:00;M1;6;89;4535,49441;4530,40000;DOWN
2026-05-29 15:18:00;M1;6;21;4531,36216;4531,80000;UP
2026-05-29 15:19:00;M1;6;21;4530,51985;4530,15000;DOWN
2026-05-29 15:51:00;M1;6;21;4517,94061;4518,35000;UP
2026-05-29 15:59:00;M1;6;34;4521,37830;4522,94000;UP
2026-05-29 16:01:00;M1;6;34;4520,25713;4518,45000;DOWN
2026-05-29 16:07:00;M1;6;34;4519,60842;4524,94000;UP
2026-05-29 16:21:00;M1;6;55;4524,25706;4528,29000;UP
2026-05-29 16:31:00;M1;6;89;4529,94374;4530,59000;UP
2026-05-29 16:35:00;M1;6;55;4523,22959;4523,03000;DOWN
2026-05-29 16:37:00;M1;6;55;4523,08397;4527,84000;UP
2026-05-29 16:37:00;M1;6;89;4529,67558;4527,84000;DOWN
2026-05-29 16:43:00;M1;6;89;4529,52937;4531,50000;UP
2026-05-29 17:14:00;M1;6;21;4543,96477;4543,87000;DOWN
2026-05-29 17:24:00;M1;6;89;4531,53214;4531,11000;DOWN
2026-05-29 17:26:00;M1;6;55;4530,79489;4529,63000;DOWN
2026-05-29 17:31:00;M1;6;55;4531,65647;4531,91000;UP
2026-05-29 17:37:00;M1;6;89;4532,62142;4530,98000;DOWN
2026-05-29 17:44:00;M1;6;21;4540,20643;4540,28000;UP
2026-05-29 17:49:00;M1;6;34;4541,87980;4539,74000;DOWN
2026-05-29 17:55:00;M1;6;21;4545,96144;4563,65000;UP
2026-05-29 18:25:00;M1;6;21;4585,62184;4582,56000;DOWN
2026-05-29 18:41:00;M1;6;55;4565,60708;4565,29000;DOWN
2026-05-29 19:25:00;M1;6;89;4565,21989;4560,55000;DOWN
2026-05-29 19:31:00;M1;6;21;4563,87997;4567,32000;UP
2026-05-29 19:45:00;M1;6;89;4569,03345;4567,22000;DOWN
2026-05-29 19:50:00;M1;6;21;4564,33031;4562,08000;DOWN
2026-05-29 19:56:00;M1;6;21;4564,49148;4565,29000;UP
2026-05-29 20:04:00;M1;6;21;4564,39547;4564,38000;DOWN
2026-05-29 20:07:00;M1;6;21;4564,55997;4567,90000;UP
2026-05-29 20:13:00;M1;6;34;4566,87490;4565,33000;DOWN
2026-05-29 20:19:00;M1;6;21;4564,79492;4565,55000;UP
2026-05-29 20:25:00;M1;6;21;4564,39547;4563,53000;DOWN
2026-05-29 21:02:00;M1;6;21;4555,10867;4556,46000;UP
2026-05-29 21:07:00;M1;6;34;4556,78819;4558,34000;UP
2026-05-29 21:31:00;M1;6;55;4560,66035;4560,79000;UP
2026-05-29 21:40:00;M1;6;55;4559,92708;4559,45000;DOWN
2026-05-29 21:45:00;M1;6;34;4555,20379;4552,05000;DOWN
2026-05-29 21:55:00;M1;6;21;4555,91465;4556,25000;UP
2026-05-29 22:01:00;M1;6;34;4553,97813;4553,30000;DOWN
2026-05-29 22:07:00;M1;6;21;4555,34583;4556,33000;UP
2026-05-29 22:30:00;M1;6;55;4554,42422;4554,08000;DOWN
2026-05-29 22:31:00;M1;6;34;4554,60127;4555,05000;UP
2026-05-29 22:37:00;M1;6;55;4553,60388;4552,45000;DOWN
2026-05-29 23:12:00;M1;6;21;4546,72535;4546,87000;UP
2026-05-29 23:14:00;M1;6;34;4548,38977;4548,73000;UP
2026-05-29 23:19:00;M1;6;34;4547,29306;4545,87000;DOWN
2026-05-29 23:29:00;M1;6;21;4542,99448;4542,72000;DOWN
2026-05-29 23:32:00;M1;6;21;4542,06661;4542,58000;UP
2026-05-29 23:43:00;M1;6;34;4543,00097;4543,77000;UP
2026-05-29 23:49:00;M1;6;34;4541,91188;4541,89000;DOWN
2026-05-29 23:55:00;M1;6;21;4539,64945;4540,19000;UP
2026-06-01 01:01:00;M1;6;34;4538,93741;4521,68000;DOWN
2026-06-01 01:13:00;M1;6;21;4531,77842;4533,86000;UP
2026-06-01 01:23:00;M1;6;34;4532,86593;4532,28000;DOWN
2026-06-01 01:25:00;M1;6;34;4531,45816;4533,56000;UP
2026-06-01 01:31:00;M1;6;55;4534,44703;4534,99000;UP
2026-06-01 01:39:00;M1;6;55;4533,26217;4531,82000;DOWN
2026-06-01 01:43:00;M1;6;55;4532,42718;4534,57000;UP
2026-06-01 01:50:00;M1;6;89;4537,55507;4537,34000;DOWN
2026-06-01 01:55:00;M1;6;89;4536,61425;4536,71000;UP
2026-06-01 02:33:00;M1;6;21;4542,52907;4542,47000;DOWN
2026-06-01 02:54:00;M1;6;21;4543,91047;4544,23000;UP
2026-06-01 02:59:00;M1;6;34;4540,69037;4539,53000;DOWN
2026-06-01 03:04:00;M1;6;21;4543,66247;4544,93000;UP
2026-06-01 03:08:00;M1;6;34;4542,12862;4541,84000;DOWN
2026-06-01 03:27:00;M1;6;21;4541,81487;4541,92000;UP
2026-06-01 03:33:00;M1;6;55;4537,80750;4537,66000;DOWN
2026-06-01 03:48:00;M1;6;21;4539,59830;4541,43000;UP
2026-06-01 03:51:00;M1;6;34;4541,52478;4541,96000;UP
2026-06-01 03:54:00;M1;6;55;4538,89470;4538,84000;DOWN
2026-06-01 03:55:00;M1;6;21;4538,80916;4539,23000;UP
2026-06-01 03:55:00;M1;6;34;4541,13408;4539,23000;DOWN
2026-06-01 04:03:00;M1;6;89;4533,57140;4532,66000;DOWN
2026-06-01 04:14:00;M1;6;89;4533,48658;4533,87000;UP
2026-06-01 04:21:00;M1;6;21;4534,06396;4535,77000;UP
2026-06-01 04:19:00;M1;6;89;4533,41517;4530,32000;DOWN
2026-06-01 04:26:00;M1;6;21;4532,59313;4531,85000;DOWN
2026-06-01 04:34:00;M1;6;21;4531,45656;4532,71000;UP
2026-06-01 04:37:00;M1;6;21;4530,38390;4528,78000;DOWN
2026-06-01 04:43:00;M1;6;21;4529,41306;4533,27000;UP
2026-06-01 04:49:00;M1;6;89;4532,35303;4528,56000;DOWN
2026-06-01 05:02:00;M1;6;21;4526,44471;4527,31000;UP
2026-06-01 05:07:00;M1;6;89;4531,30250;4531,85000;UP
2026-06-01 05:13:00;M1;6;55;4531,45394;4532,73000;UP
2026-06-01 05:21:00;M1;6;89;4530,79504;4530,27000;DOWN
2026-06-01 05:25:00;M1;6;55;4530,22820;4530,40000;UP
2026-06-01 05:30:00;M1;6;34;4527,00619;4524,99000;DOWN
2026-06-01 05:35:00;M1;6;21;4528,43959;4529,71000;UP
2026-06-01 05:31:00;M1;6;89;4530,38948;4526,94000;DOWN
2026-06-01 05:40:00;M1;6;34;4526,77802;4525,33000;DOWN
2026-06-01 06:03:00;M1;6;21;4524,18997;4525,12000;UP
2026-06-01 06:07:00;M1;6;34;4523,13919;4520,23000;DOWN
2026-06-01 06:19:00;M1;6;21;4518,73127;4519,31000;UP
2026-06-01 06:27:00;M1;6;34;4520,03972;4520,14000;UP
2026-06-01 06:37:00;M1;6;55;4519,79030;4519,69000;DOWN
2026-06-01 06:55:00;M1;6;21;4513,08551;4513,66000;UP
2026-06-01 07:05:00;M1;6;55;4515,83391;4515,10000;DOWN
2026-06-01 07:07:00;M1;6;55;4514,93456;4515,32000;UP
2026-06-01 07:10:00;M1;6;34;4513,09892;4513,08000;DOWN
2026-06-01 07:13:00;M1;6;34;4512,64838;4514,79000;UP
2026-06-01 07:24:00;M1;6;89;4517,58765;4517,61000;UP
2026-06-01 07:25:00;M1;6;89;4516,86224;4516,77000;DOWN
2026-06-01 07:41:00;M1;6;89;4515,56926;4516,53000;UP
2026-06-01 07:37:00;M1;6;21;4514,63144;4514,47000;DOWN
2026-06-01 07:43:00;M1;6;21;4514,74182;4515,78000;UP
2026-06-01 07:44:00;M1;6;89;4514,95047;4514,46000;DOWN
2026-06-01 07:53:00;M1;6;34;4512,46766;4513,15000;UP
2026-06-01 07:49:00;M1;6;21;4514,60618;4510,47000;DOWN
2026-06-01 07:55:00;M1;6;21;4514,42179;4515,01000;UP
2026-06-01 08:01:00;M1;6;21;4514,54010;4513,93000;DOWN
2026-06-01 08:07:00;M1;6;21;4515,03604;4517,10000;UP
2026-06-01 08:32:00;M1;6;34;4516,25303;4516,14000;DOWN
2026-06-01 08:39:00;M1;6;21;4519,22839;4520,12000;UP
2026-06-01 08:43:00;M1;6;21;4519,66980;4519,57000;DOWN
2026-06-01 08:49:00;M1;6;21;4520,38081;4524,20000;UP
2026-06-01 08:59:00;M1;6;34;4518,71086;4518,22000;DOWN
2026-06-01 09:11:00;M1;6;55;4515,15290;4513,44000;DOWN
2026-06-01 09:17:00;M1;6;89;4512,01059;4511,24000;DOWN
2026-06-01 09:28:00;M1;6;89;4511,59213;4512,93000;UP
2026-06-01 09:31:00;M1;6;21;4511,82156;4511,87000;UP
2026-06-01 09:34:00;M1;6;89;4511,26889;4510,64000;DOWN
2026-06-01 09:37:00;M1;6;21;4509,42379;4501,70000;DOWN
2026-06-01 09:49:00;M1;6;21;4504,27104;4504,53000;UP
2026-06-01 09:59:00;M1;6;21;4502,10184;4501,67000;DOWN
2026-06-01 10:01:00;M1;6;21;4501,04455;4502,07000;UP
2026-06-01 10:09:00;M1;6;89;4507,83690;4506,25000;DOWN
2026-06-01 10:13:00;M1;6;55;4508,38256;4508,45000;UP
2026-06-01 10:19:00;M1;6;89;4506,85434;4506,74000;DOWN
2026-06-01 10:31:00;M1;6;55;4506,30035;4506,85000;UP
2026-06-01 10:38:00;M1;6;89;4505,55278;4503,01000;DOWN
2026-06-01 10:57:00;M1;6;21;4499,22213;4501,38000;UP
2026-06-01 11:02:00;M1;6;55;4501,16431;4500,58000;DOWN
2026-06-01 11:07:00;M1;6;21;4496,88706;4497,82000;UP
2026-06-01 11:14:00;M1;6;34;4496,16690;4495,68000;DOWN
2026-06-01 11:19:00;M1;6;21;4494,32599;4494,92000;UP
2026-06-01 11:25:00;M1;6;34;4494,57880;4494,39000;DOWN
2026-06-01 11:33:00;M1;6;34;4493,97123;4494,48000;UP
2026-06-01 11:37:00;M1;6;55;4494,63775;4494,32000;DOWN
2026-06-01 11:43:00;M1;6;34;4493,14158;4500,15000;UP
2026-06-01 11:53:00;M1;6;89;4497,19353;4497,04000;DOWN
2026-06-01 11:55:00;M1;6;89;4496,61023;4498,88000;UP
2026-06-01 12:24:00;M1;6;21;4499,66567;4499,58000;DOWN
2026-06-01 12:30:00;M1;6;34;4496,37352;4496,28000;DOWN
2026-06-01 12:31:00;M1;6;89;4494,49099;4493,99000;DOWN
2026-06-01 12:38:00;M1;6;34;4496,81974;4497,54000;UP
2026-06-01 12:46:00;M1;6;34;4496,84120;4496,29000;DOWN
2026-06-01 12:53:00;M1;6;34;4496,86691;4496,91000;UP
2026-06-01 13:00:00;M1;6;21;4497,28719;4498,18000;UP
2026-06-01 12:56:00;M1;6;34;4496,87891;4495,88000;DOWN
2026-06-01 13:01:00;M1;6;34;4496,93995;4497,82000;UP
2026-06-01 13:21:00;M1;6;34;4498,00637;4496,33000;DOWN
2026-06-01 13:25:00;M1;6;21;4498,65990;4500,91000;UP
2026-06-01 13:58:00;M1;6;34;4503,54803;4503,51000;DOWN
2026-06-01 14:04:00;M1;6;55;4500,42008;4500,14000;DOWN
2026-06-01 14:09:00;M1;6;34;4504,78941;4505,66000;UP
2026-06-01 14:13:00;M1;6;34;4505,28699;4503,69000;DOWN
2026-06-01 14:19:00;M1;6;21;4507,74558;4509,78000;UP
2026-06-01 14:32:00;M1;6;34;4507,97047;4507,66000;DOWN
2026-06-01 14:39:00;M1;6;21;4509,31439;4510,13000;UP
2026-06-01 14:43:00;M1;6;34;4509,23431;4508,26000;DOWN
2026-06-01 14:52:00;M1;6;55;4506,62379;4506,50000;DOWN
2026-06-01 14:55:00;M1;6;55;4507,17806;4507,90000;UP
2026-06-01 15:06:00;M1;6;21;4508,64314;4508,98000;UP
2026-06-01 15:01:00;M1;6;55;4507,65642;4505,20000;DOWN
2026-06-01 15:10:00;M1;6;55;4508,14239;4508,35000;UP
2026-06-01 15:07:00;M1;6;21;4508,59824;4507,91000;DOWN
2026-06-01 15:13:00;M1;6;55;4508,51212;4504,66000;DOWN
2026-06-01 15:20:00;M1;6;89;4502,66039;4500,57000;DOWN
2026-06-01 15:26:00;M1;6;21;4505,92370;4506,94000;UP
2026-06-01 15:31:00;M1;6;89;4503,43253;4498,98000;DOWN
2026-06-01 15:44:00;M1;6;21;4503,11949;4507,42000;UP
2026-06-01 15:54:00;M1;6;34;4505,76927;4505,60000;DOWN
2026-06-01 15:55:00;M1;6;89;4504,50115;4503,76000;DOWN
2026-06-01 16:01:00;M1;6;21;4502,50040;4502,67000;UP
2026-06-01 16:07:00;M1;6;21;4500,24539;4498,74000;DOWN
2026-06-01 16:38:00;M1;6;21;4472,99403;4473,68000;UP
2026-06-01 16:44:00;M1;6;21;4467,82596;4467,30000;DOWN
2026-06-01 16:49:00;M1;6;21;4462,47223;4464,52000;UP
2026-06-01 16:55:00;M1;6;21;4456,79550;4451,37000;DOWN
2026-06-01 17:04:00;M1;6;21;4451,95281;4454,45000;UP
2026-06-01 17:13:00;M1;6;34;4456,53924;4460,29000;UP
2026-06-01 17:26:00;M1;6;34;4450,72828;4449,97000;DOWN
2026-06-01 17:31:00;M1;6;34;4448,76235;4454,52000;UP
2026-06-01 17:41:00;M1;6;55;4459,38406;4460,01000;UP
2026-06-01 17:46:00;M1;6;55;4456,87976;4456,29000;DOWN
2026-06-01 17:49:00;M1;6;55;4454,53356;4454,83000;UP
2026-06-01 18:13:00;M1;6;89;4464,09049;4465,10000;UP
2026-06-01 18:46:00;M1;6;21;4471,73119;4471,39000;DOWN
2026-06-01 19:00:00;M1;6;21;4475,31417;4477,04000;UP
2026-06-01 19:01:00;M1;6;21;4476,44843;4474,38000;DOWN
2026-06-01 19:08:00;M1;6;34;4470,36921;4468,86000;DOWN
2026-06-01 19:47:00;M1;6;21;4469,33623;4470,30000;UP
2026-06-01 19:51:00;M1;6;34;4473,26009;4473,72000;UP
2026-06-01 20:06:00;M1;6;34;4474,65015;4474,19000;DOWN
2026-06-01 20:07:00;M1;6;21;4474,39525;4472,87000;DOWN
2026-06-01 20:15:00;M1;6;21;4475,42503;4475,46000;UP
2026-06-01 20:19:00;M1;6;34;4475,75827;4475,78000;UP
2026-06-01 20:19:00;M1;6;21;4476,22809;4475,78000;DOWN
2026-06-01 20:29:00;M1;6;21;4477,61120;4482,72000;UP
2026-06-01 20:25:00;M1;6;34;4476,34891;4475,55000;DOWN
2026-06-01 20:31:00;M1;6;34;4477,20154;4484,07000;UP
2026-06-01 20:58:00;M1;6;21;4488,69830;4487,67000;DOWN
2026-06-01 21:13:00;M1;6;34;4488,82133;4488,33000;DOWN
2026-06-01 21:20:00;M1;6;34;4489,81151;4490,00000;UP
2026-06-01 21:28:00;M1;6;55;4487,30575;4486,49000;DOWN
2026-06-01 22:29:00;M1;6;89;4485,11433;4484,65000;DOWN
2026-06-01 22:38:00;M1;6;21;4484,86313;4485,24000;UP
2026-06-01 22:43:00;M1;6;21;4484,27133;4484,14000;DOWN
2026-06-01 22:49:00;M1;6;21;4483,36795;4483,55000;UP
2026-06-01 22:55:00;M1;6;21;4482,44365;4480,56000;DOWN
2026-06-01 23:01:00;M1;6;21;4481,87112;4482,27000;UP
2026-06-01 23:12:00;M1;6;34;4483,72704;4483,89000;UP
2026-06-01 23:23:00;M1;6;34;4482,83136;4482,49000;DOWN
2026-06-01 23:25:00;M1;6;34;4482,49674;4483,20000;UP
2026-06-01 23:45:00;M1;6;34;4481,94766;4481,21000;DOWN
2026-06-01 23:49:00;M1;6;21;4482,62907;4483,88000;UP
2026-06-02 01:03:00;M1;6;55;4484,44583;4485,13000;UP
2026-06-02 01:06:00;M1;6;21;4483,03029;4482,75000;DOWN
2026-06-02 01:12:00;M1;6;21;4483,16346;4483,67000;UP
2026-06-02 01:07:00;M1;6;55;4484,11853;4482,53000;DOWN
2026-06-02 01:13:00;M1;6;55;4483,86704;4484,28000;UP
2026-06-02 01:20:00;M1;6;55;4483,61146;4482,46000;DOWN
2026-06-02 01:25:00;M1;6;34;4482,48249;4483,24000;UP
2026-06-02 01:32:00;M1;6;21;4482,84179;4483,03000;UP
2026-06-02 01:34:00;M1;6;34;4482,40375;4481,34000;DOWN
2026-06-02 01:39:00;M1;6;34;4482,35758;4482,67000;UP
2026-06-02 01:37:00;M1;6;55;4482,75148;4481,67000;DOWN
2026-06-02 01:46:00;M1;6;21;4482,60100;4482,70000;UP
2026-06-02 01:43:00;M1;6;34;4482,43179;4482,32000;DOWN
2026-06-02 01:49:00;M1;6;34;4482,55354;4484,09000;UP
2026-06-02 02:01:00;M1;6;21;4483,83775;4483,74000;DOWN
2026-06-02 02:07:00;M1;6;21;4484,51259;4486,09000;UP
2026-06-02 02:15:00;M1;6;89;4486,95742;4487,86000;UP
2026-06-02 02:19:00;M1;6;89;4486,84245;4486,55000;DOWN
2026-06-02 02:25:00;M1;6;21;4486,76996;4487,66000;UP
2026-06-02 02:31:00;M1;6;89;4486,63008;4485,46000;DOWN
2026-06-02 02:41:00;M1;6;34;4485,72148;4486,30000;UP
2026-06-02 02:44:00;M1;6;55;4484,25109;4483,40000;DOWN
2026-06-02 02:54:00;M1;6;55;4484,33421;4484,68000;UP
2026-06-02 02:56:00;M1;6;55;4484,39534;4484,01000;DOWN
2026-06-02 03:04:00;M1;6;21;4484,42495;4484,50000;UP
2026-06-02 03:07:00;M1;6;55;4484,21477;4478,94000;DOWN
2026-06-02 03:15:00;M1;6;21;4482,53560;4484,78000;UP
2026-06-02 03:19:00;M1;6;89;4485,14556;4485,21000;UP
2026-06-02 03:42:00;M1;6;21;4486,93372;4486,67000;DOWN
2026-06-02 03:48:00;M1;6;89;4485,43581;4484,90000;DOWN
2026-06-02 04:12:00;M1;6;21;4485,35071;4487,87000;UP
2026-06-02 04:15:00;M1;6;89;4485,37090;4483,86000;DOWN
2026-06-02 04:19:00;M1;6;21;4483,22568;4486,02000;UP
2026-06-02 04:25:00;M1;6;89;4485,12312;4484,84000;DOWN
2026-06-02 04:31:00;M1;6;55;4485,05751;4488,84000;UP
2026-06-02 04:38:00;M1;6;89;4484,96249;4481,94000;DOWN
2026-06-02 04:43:00;M1;6;21;4481,61529;4483,18000;UP
2026-06-02 04:49:00;M1;6;21;4479,36979;4475,52000;DOWN
2026-06-02 05:00:00;M1;6;21;4477,11113;4480,81000;UP
2026-06-02 05:01:00;M1;6;34;4478,82966;4477,43000;DOWN
2026-06-02 05:08:00;M1;6;21;4473,82930;4474,37000;UP
2026-06-02 05:13:00;M1;6;34;4476,49100;4477,86000;UP
2026-06-02 05:20:00;M1;6;89;4481,89603;4482,97000;UP
2026-06-02 05:32:00;M1;6;89;4481,29046;4481,06000;DOWN
2026-06-02 05:37:00;M1;6;89;4481,03405;4483,32000;UP
2026-06-02 05:39:00;M1;6;55;4478,87461;4478,85000;DOWN
2026-06-02 05:45:00;M1;6;34;4476,81991;4477,56000;UP
2026-06-02 05:43:00;M1;6;89;4480,75206;4476,59000;DOWN
2026-06-02 05:52:00;M1;6;21;4478,62354;4479,11000;UP
2026-06-02 05:49:00;M1;6;34;4476,75898;4474,65000;DOWN
2026-06-02 05:55:00;M1;6;34;4477,11254;4480,84000;UP
2026-06-02 06:21:00;M1;6;21;4486,92110;4486,43000;DOWN
2026-06-02 06:25:00;M1;6;21;4488,89962;4491,25000;UP
2026-06-02 06:43:00;M1;6;21;4496,13622;4496,05000;DOWN
2026-06-02 06:49:00;M1;6;21;4498,07086;4498,11000;UP
2026-06-02 06:55:00;M1;6;21;4499,64787;4497,89000;DOWN
2026-06-02 07:06:00;M1;6;21;4501,00205;4502,89000;UP
2026-06-02 07:07:00;M1;6;21;4502,60831;4502,50000;DOWN
2026-06-02 07:14:00;M1;6;21;4504,64033;4504,68000;UP
2026-06-02 07:20:00;M1;6;21;4506,60682;4506,09000;DOWN
2026-06-02 07:29:00;M1;6;34;4504,85356;4504,57000;DOWN
2026-06-02 07:34:00;M1;6;34;4506,66458;4507,64000;UP
2026-06-02 07:41:00;M1;6;21;4510,23431;4510,76000;UP
2026-06-02 07:37:00;M1;6;34;4508,37869;4508,32000;DOWN
2026-06-02 07:43:00;M1;6;34;4510,11490;4510,78000;UP
2026-06-02 07:43:00;M1;6;21;4511,70010;4510,78000;DOWN
2026-06-02 07:50:00;M1;6;21;4513,21217;4513,98000;UP
2026-06-02 07:55:00;M1;6;21;4514,97692;4513,90000;DOWN
2026-06-02 08:01:00;M1;6;21;4516,66686;4517,88000;UP
2026-06-02 08:07:00;M1;6;34;4516,96203;4516,56000;DOWN
2026-06-02 08:14:00;M1;6;34;4518,47102;4518,58000;UP
2026-06-02 08:19:00;M1;6;34;4519,80911;4518,67000;DOWN
2026-06-02 08:30:00;M1;6;21;4521,50698;4524,53000;UP
2026-06-02 08:39:00;M1;6;34;4523,78243;4523,57000;DOWN
2026-06-02 08:49:00;M1;6;55;4523,76470;4523,39000;DOWN
2026-06-02 09:20:00;M1;6;21;4524,37058;4524,43000;UP
2026-06-02 09:25:00;M1;6;55;4529,43436;4527,32000;DOWN
2026-06-02 09:31:00;M1;6;34;4529,12223;4536,40000;UP
2026-06-02 09:43:00;M1;6;55;4533,11529;4532,36000;DOWN
2026-06-02 09:50:00;M1;6;34;4532,94503;4532,48000;DOWN
2026-06-02 09:59:00;M1;6;21;4535,73858;4535,98000;UP
2026-06-02 10:01:00;M1;6;55;4536,39898;4535,08000;DOWN
2026-06-02 10:10:00;M1;6;21;4538,49321;4539,24000;UP
2026-06-02 10:17:00;M1;6;55;4538,42581;4538,12000;DOWN
2026-06-02 10:20:00;M1;6;34;4538,31168;4537,89000;DOWN
2026-06-02 10:25:00;M1;6;89;4536,87801;4535,63000;DOWN
2026-06-02 10:59:00;M1;6;21;4534,07646;4535,02000;UP
2026-06-02 11:16:00;M1;6;21;4533,10437;4532,92000;DOWN
2026-06-02 11:21:00;M1;6;21;4532,99874;4533,43000;UP
2026-06-02 11:27:00;M1;6;21;4532,72119;4532,48000;DOWN
2026-06-02 11:33:00;M1;6;21;4532,44810;4532,86000;UP
2026-06-02 11:37:00;M1;6;21;4531,94568;4530,89000;DOWN
2026-06-02 12:06:00;M1;6;21;4528,60717;4529,69000;UP
2026-06-02 12:07:00;M1;6;34;4530,07083;4530,24000;UP
2026-06-02 12:22:00;M1;6;34;4529,56651;4529,09000;DOWN
2026-06-02 12:25:00;M1;6;34;4529,21098;4529,48000;UP
2026-06-02 12:28:00;M1;6;21;4528,57379;4527,40000;DOWN
2026-06-02 12:31:00;M1;6;34;4528,71059;4522,55000;DOWN
2026-06-02 12:50:00;M1;6;21;4526,74130;4527,36000;UP
2026-06-02 12:55:00;M1;6;55;4530,20030;4530,59000;UP
2026-06-02 13:02:00;M1;6;55;4529,70065;4528,46000;DOWN
2026-06-02 13:07:00;M1;6;55;4529,35763;4529,95000;UP
2026-06-02 13:13:00;M1;6;55;4529,07421;4528,72000;DOWN
2026-06-02 13:19:00;M1;6;21;4528,48081;4529,03000;UP
2026-06-02 13:21:00;M1;6;34;4527,46907;4525,77000;DOWN
2026-06-02 13:27:00;M1;6;34;4527,51289;4527,81000;UP
2026-06-02 13:25:00;M1;6;55;4528,47833;4527,41000;DOWN
2026-06-02 13:38:00;M1;6;34;4527,43356;4525,46000;DOWN
2026-06-02 13:44:00;M1;6;21;4528,44563;4528,75000;UP
2026-06-02 14:02:00;M1;6;89;4534,01869;4534,36000;UP
2026-06-02 14:07:00;M1;6;89;4533,62799;4530,71000;DOWN
2026-06-02 14:15:00;M1;6;55;4528,03939;4526,59000;DOWN
2026-06-02 14:20:00;M1;6;55;4528,13337;4528,20000;UP
2026-06-02 14:30:00;M1;6;21;4530,34840;4530,64000;UP
2026-06-02 14:27:00;M1;6;55;4528,22033;4527,28000;DOWN
2026-06-02 14:31:00;M1;6;55;4528,28713;4530,06000;UP
2026-06-02 14:32:00;M1;6;34;4529,76063;4529,05000;DOWN
2026-06-02 14:37:00;M1;6;55;4528,29593;4526,63000;DOWN
2026-06-02 14:48:00;M1;6;21;4528,89154;4529,08000;UP
2026-06-02 14:50:00;M1;6;34;4529,08248;4529,25000;UP
2026-06-02 14:58:00;M1;6;55;4528,10440;4526,38000;DOWN
2026-06-02 15:03:00;M1;6;21;4527,22527;4528,40000;UP
2026-06-02 15:07:00;M1;6;55;4527,91106;4526,90000;DOWN
2026-06-02 15:13:00;M1;6;21;4526,51961;4527,34000;UP
2026-06-02 15:20:00;M1;6;34;4527,76492;4527,87000;UP
2026-06-02 15:27:00;M1;6;89;4529,02062;4528,98000;DOWN
2026-06-02 15:34:00;M1;6;21;4527,89319;4527,92000;UP
2026-06-02 15:37:00;M1;6;89;4528,72686;4523,74000;DOWN
2026-06-02 16:05:00;M1;6;21;4521,90148;4522,50000;UP
2026-06-02 16:08:00;M1;6;21;4519,99226;4515,36000;DOWN
2026-06-02 16:26:00;M1;6;21;4513,55136;4514,53000;UP
2026-06-02 16:31:00;M1;6;21;4511,34384;4509,03000;DOWN
2026-06-02 16:39:00;M1;6;21;4509,79090;4510,92000;UP
2026-06-02 16:44:00;M1;6;21;4508,52041;4508,47000;DOWN
2026-06-02 16:49:00;M1;6;21;4507,66190;4509,75000;UP
2026-06-02 16:55:00;M1;6;34;4509,63150;4505,07000;DOWN
2026-06-02 17:10:00;M1;6;21;4503,78393;4504,01000;UP
2026-06-02 17:15:00;M1;6;34;4504,15961;4502,25000;DOWN
2026-06-02 17:31:00;M1;6;21;4495,19456;4497,64000;UP
2026-06-02 17:37:00;M1;6;55;4502,38937;4504,09000;UP
2026-06-02 18:06:00;M1;6;89;4505,58749;4505,98000;UP
2026-06-02 18:12:00;M1;6;89;4504,68198;4502,96000;DOWN
2026-06-02 18:15:00;M1;6;89;4503,85819;4503,96000;UP
2026-06-02 18:23:00;M1;6;89;4503,07583;4502,57000;DOWN
2026-06-02 18:25:00;M1;6;21;4504,23859;4504,44000;UP
2026-06-02 18:31:00;M1;6;21;4505,19549;4504,90000;DOWN
2026-06-02 18:37:00;M1;6;21;4505,48553;4507,22000;UP
2026-06-02 18:43:00;M1;6;21;4505,73757;4503,27000;DOWN
2026-06-02 18:56:00;M1;6;34;4502,71171;4502,67000;DOWN
2026-06-02 19:06:00;M1;6;89;4499,13925;4498,42000;DOWN
2026-06-02 19:07:00;M1;6;89;4498,63905;4501,47000;UP
2026-06-02 19:15:00;M1;6;89;4498,08177;4496,82000;DOWN
2026-06-02 19:47:00;M1;6;21;4490,27860;4490,56000;UP
2026-06-02 20:00:00;M1;6;89;4492,51995;4492,60000;UP
2026-06-02 20:05:00;M1;6;34;4491,51156;4491,64000;UP
2026-06-02 20:01:00;M1;6;89;4491,73586;4490,43000;DOWN
2026-06-02 20:07:00;M1;6;34;4490,37183;4489,14000;DOWN
2026-06-02 20:14:00;M1;6;34;4489,26093;4489,56000;UP
2026-06-02 20:19:00;M1;6;34;4488,19773;4487,17000;DOWN
2026-06-02 20:25:00;M1;6;34;4487,39766;4488,35000;UP
2026-06-02 20:35:00;M1;6;89;4488,32483;4487,28000;DOWN
2026-06-02 20:46:00;M1;6;34;4485,05574;4485,53000;UP
2026-06-02 20:49:00;M1;6;21;4485,29186;4485,90000;UP
2026-06-02 20:52:00;M1;6;34;4484,33128;4483,66000;DOWN
2026-06-02 20:56:00;M1;6;34;4483,69879;4484,04000;UP
2026-06-02 20:55:00;M1;6;21;4484,58736;4483,19000;DOWN
2026-06-02 21:01:00;M1;6;21;4484,24734;4488,15000;UP
2026-06-02 21:15:00;M1;6;89;4484,18274;4484,10000;DOWN
2026-06-02 21:19:00;M1;6;89;4483,72189;4484,86000;UP
2026-06-02 21:41:00;M1;6;89;4482,65767;4481,64000;DOWN
2026-06-02 21:48:00;M1;6;21;4485,13389;4485,36000;UP
2026-06-02 22:14:00;M1;6;21;4487,18287;4487,18000;DOWN
2026-06-02 22:26:00;M1;6;21;4487,73893;4488,09000;UP
2026-06-02 22:33:00;M1;6;34;4486,54580;4486,23000;DOWN
2026-06-02 22:44:00;M1;6;34;4486,78874;4487,30000;UP
2026-06-02 22:50:00;M1;6;34;4486,85885;4486,54000;DOWN
2026-06-02 22:55:00;M1;6;21;4487,21959;4487,41000;UP
2026-06-02 23:01:00;M1;6;34;4487,10168;4486,30000;DOWN
2026-06-02 23:07:00;M1;6;21;4487,47785;4487,92000;UP
2026-06-02 23:34:00;M1;6;21;4489,62069;4489,59000;DOWN
2026-06-02 23:38:00;M1;6;21;4489,92553;4489,98000;UP
2026-06-02 23:41:00;M1;6;34;4489,20256;4489,18000;DOWN
2026-06-02 23:43:00;M1;6;34;4489,39100;4489,47000;UP
2026-06-02 23:43:00;M1;6;21;4490,08807;4489,47000;DOWN
2026-06-02 23:54:00;M1;6;55;4487,65130;4487,55000;DOWN
2026-06-02 23:55:00;M1;6;55;4487,93210;4488,01000;UP
2026-06-03 01:01:00;M1;6;21;4489,69515;4491,05000;UP
2026-06-03 01:17:00;M1;6;55;4488,80391;4488,73000;DOWN
2026-06-03 01:20:00;M1;6;21;4489,78600;4490,66000;UP
2026-06-03 01:25:00;M1;6;55;4489,26734;4487,66000;DOWN
2026-06-03 01:31:00;M1;6;21;4489,49757;4490,02000;UP
2026-06-03 01:37:00;M1;6;55;4489,52859;4488,58000;DOWN
2026-06-03 01:49:00;M1;6;21;4488,68035;4488,77000;UP
2026-06-03 01:58:00;M1;6;89;4485,97949;4485,45000;DOWN
2026-06-03 02:01:00;M1;6;21;4487,01054;4487,49000;UP
2026-06-03 02:07:00;M1;6;89;4486,07973;4481,76000;DOWN
2026-06-03 02:41:00;M1;6;21;4468,53947;4469,32000;UP
2026-06-03 02:44:00;M1;6;34;4473,55296;4474,88000;UP
2026-06-03 02:53:00;M1;6;34;4471,71065;4471,43000;DOWN
2026-06-03 02:55:00;M1;6;34;4470,37863;4471,94000;UP
2026-06-03 03:12:00;M1;6;55;4474,98129;4474,95000;DOWN
2026-06-03 03:13:00;M1;6;55;4474,31210;4476,13000;UP
2026-06-03 03:19:00;M1;6;89;4478,11085;4477,46000;DOWN
2026-06-03 03:25:00;M1;6;89;4477,80775;4479,35000;UP
2026-06-03 03:53:00;M1;6;21;4489,82705;4488,97000;DOWN
2026-06-03 04:00:00;M1;6;34;4481,78506;4481,31000;DOWN
2026-06-03 04:01:00;M1;6;89;4478,89540;4474,90000;DOWN
2026-06-03 04:43:00;M1;6;21;4468,92162;4470,04000;UP
2026-06-03 04:51:00;M1;6;34;4475,86316;4476,98000;UP
2026-06-03 04:50:00;M1;6;55;4474,64216;4474,41000;DOWN
2026-06-03 04:55:00;M1;6;55;4474,41620;4476,10000;UP
2026-06-03 04:56:00;M1;6;89;4475,14943;4474,76000;DOWN
2026-06-03 05:03:00;M1;6;34;4474,26158;4474,81000;UP
2026-06-03 05:01:00;M1;6;55;4474,32365;4473,18000;DOWN
2026-06-03 05:07:00;M1;6;55;4474,35769;4474,88000;UP
2026-06-03 05:32:00;M1;6;21;4477,04292;4476,69000;DOWN
2026-06-03 05:37:00;M1;6;21;4478,80726;4482,04000;UP
2026-06-03 05:46:00;M1;6;89;4473,80282;4473,07000;DOWN
2026-06-03 05:50:00;M1;6;34;4475,52762;4475,79000;UP
2026-06-03 05:58:00;M1;6;21;4480,39568;4481,13000;UP
2026-06-03 06:15:00;M1;6;21;4484,14422;4483,72000;DOWN
2026-06-03 06:20:00;M1;6;21;4485,41032;4485,95000;UP
2026-06-03 06:25:00;M1;6;21;4486,10651;4484,29000;DOWN
2026-06-03 06:34:00;M1;6;34;4484,00422;4483,96000;DOWN
2026-06-03 06:37:00;M1;6;34;4484,75817;4485,28000;UP
2026-06-03 06:43:00;M1;6;34;4485,28445;4484,17000;DOWN
2026-06-03 07:03:00;M1;6;21;4486,00344;4486,29000;UP
2026-06-03 07:07:00;M1;6;34;4486,81796;4486,72000;DOWN
2026-06-03 07:14:00;M1;6;21;4485,54576;4486,81000;UP
2026-06-03 07:17:00;M1;6;55;4484,41748;4482,02000;DOWN
2026-06-03 07:23:00;M1;6;89;4480,48745;4480,43000;DOWN
2026-06-03 08:03:00;M1;6;21;4469,87753;4469,95000;UP
2026-06-03 08:07:00;M1;6;21;4468,42827;4467,69000;DOWN
2026-06-03 08:13:00;M1;6;21;4467,76692;4473,24000;UP
2026-06-03 08:23:00;M1;6;34;4471,59970;4471,36000;DOWN
2026-06-03 08:30:00;M1;6;21;4467,40928;4462,24000;DOWN
2026-06-03 08:37:00;M1;6;21;4465,97462;4468,83000;UP
2026-06-03 08:43:00;M1;6;34;4466,34325;4462,55000;DOWN
2026-06-03 08:49:00;M1;6;21;4464,09409;4465,95000;UP
2026-06-03 08:55:00;M1;6;34;4463,36605;4461,82000;DOWN
2026-06-03 09:02:00;M1;6;21;4461,51026;4465,88000;UP
2026-06-03 09:14:00;M1;6;55;4465,79322;4466,09000;UP
2026-06-03 09:22:00;M1;6;55;4464,69738;4463,07000;DOWN
2026-06-03 09:28:00;M1;6;21;4461,19381;4462,07000;UP
2026-06-03 09:31:00;M1;6;55;4462,68785;4462,96000;UP
2026-06-03 09:33:00;M1;6;34;4460,08227;4459,74000;DOWN
2026-06-03 09:37:00;M1;6;21;4460,76068;4463,44000;UP
2026-06-03 09:40:00;M1;6;55;4461,74369;4461,47000;DOWN
2026-06-03 09:43:00;M1;6;55;4460,74702;4462,37000;UP
2026-06-03 09:45:00;M1;6;34;4459,12765;4456,51000;DOWN
2026-06-03 09:49:00;M1;6;34;4458,56380;4459,04000;UP
2026-06-03 09:49:00;M1;6;55;4459,78326;4459,04000;DOWN
2026-06-03 09:55:00;M1;6;21;4459,45159;4459,74000;UP
2026-06-03 10:03:00;M1;6;89;4465,29266;4466,37000;UP
2026-06-03 10:19:00;M1;6;89;4463,58119;4463,51000;DOWN
2026-06-03 10:29:00;M1;6;55;4458,36558;4456,13000;DOWN
2026-06-03 10:34:00;M1;6;34;4461,36308;4461,48000;UP
2026-06-03 10:40:00;M1;6;55;4458,11221;4457,35000;DOWN
2026-06-03 10:43:00;M1;6;55;4457,85475;4459,87000;UP
2026-06-03 10:52:00;M1;6;21;4460,74910;4463,48000;UP
2026-06-03 10:55:00;M1;6;89;4459,77587;4457,74000;DOWN
2026-06-03 11:04:00;M1;6;55;4456,83818;4457,62000;UP
2026-06-03 11:07:00;M1;6;21;4456,40815;4456,49000;UP
2026-06-03 11:08:00;M1;6;55;4456,45896;4456,19000;DOWN
2026-06-03 11:13:00;M1;6;55;4456,03315;4457,05000;UP
2026-06-03 11:16:00;M1;6;21;4454,99870;4454,24000;DOWN
2026-06-03 11:19:00;M1;6;21;4453,62613;4453,92000;UP
2026-06-03 11:19:00;M1;6;55;4455,51570;4453,92000;DOWN
2026-06-03 11:28:00;M1;6;34;4455,88231;4456,47000;UP
2026-06-03 11:25:00;M1;6;21;4453,04783;4452,51000;DOWN
2026-06-03 11:31:00;M1;6;21;4452,87764;4456,85000;UP
2026-06-03 11:33:00;M1;6;89;4455,46201;4455,46000;DOWN
2026-06-03 11:37:00;M1;6;89;4454,90706;4456,28000;UP
2026-06-03 11:50:00;M1;6;89;4453,86240;4453,81000;DOWN
2026-06-03 12:03:00;M1;6;21;4450,65503;4451,33000;UP
2026-06-03 12:14:00;M1;6;89;4451,53349;4451,33000;DOWN
2026-06-03 12:19:00;M1;6;21;4449,46992;4450,14000;UP
2026-06-03 12:25:00;M1;6;89;4450,31693;4448,28000;DOWN
2026-06-03 12:37:00;M1;6;21;4444,14175;4445,41000;UP
2026-06-03 12:49:00;M1;6;55;4446,34437;4447,02000;UP
2026-06-03 12:54:00;M1;6;34;4444,29573;4443,40000;DOWN
2026-06-03 12:55:00;M1;6;34;4443,54463;4443,93000;UP
2026-06-03 12:55:00;M1;6;55;4445,43244;4443,93000;DOWN
2026-06-03 13:02:00;M1;6;21;4442,83463;4446,25000;UP
2026-06-03 13:01:00;M1;6;34;4443,37242;4442,37000;DOWN
2026-06-03 13:07:00;M1;6;34;4444,16681;4458,07000;UP
2026-06-03 13:26:00;M1;6;21;4455,22623;4454,18000;DOWN
2026-06-03 13:31:00;M1;6;21;4457,92058;4460,79000;UP
2026-06-03 13:37:00;M1;6;21;4459,74071;4459,14000;DOWN
2026-06-03 14:02:00;M1;6;21;4461,66595;4463,43000;UP
2026-06-03 14:11:00;M1;6;21;4461,96520;4461,40000;DOWN
2026-06-03 14:13:00;M1;6;21;4461,98036;4462,62000;UP
2026-06-03 14:17:00;M1;6;34;4459,97785;4459,21000;DOWN
2026-06-03 14:20:00;M1;6;34;4461,08688;4465,17000;UP
2026-06-03 14:19:00;M1;6;21;4462,07770;4460,96000;DOWN
2026-06-03 14:25:00;M1;6;21;4462,50204;4463,00000;UP
2026-06-03 14:38:00;M1;6;34;4464,15610;4463,42000;DOWN
2026-06-03 15:01:00;M1;6;55;4461,89700;4460,71000;DOWN
2026-06-03 15:25:00;M1;6;89;4456,32838;4455,37000;DOWN
2026-06-03 15:41:00;M1;6;21;4455,96651;4457,03000;UP
2026-06-03 15:48:00;M1;6;34;4459,75003;4460,28000;UP
2026-06-03 15:50:00;M1;6;55;4462,36357;4464,87000;UP
2026-06-03 15:55:00;M1;6;55;4462,20750;4458,48000;DOWN
2026-06-03 16:01:00;M1;6;34;4459,13774;4461,15000;UP
2026-06-03 16:17:00;M1;6;89;4458,92035;4457,45000;DOWN
2026-06-03 16:53:00;M1;6;21;4445,72691;4445,88000;UP
2026-06-03 17:06:00;M1;6;34;4446,98057;4449,38000;UP
2026-06-03 17:10:00;M1;6;55;4451,83573;4453,71000;UP
2026-06-03 17:19:00;M1;6;55;4450,05886;4448,44000;DOWN
2026-06-03 17:28:00;M1;6;55;4449,42929;4449,53000;UP
2026-06-03 17:32:00;M1;6;55;4448,89770;4448,63000;DOWN
2026-06-03 17:37:00;M1;6;55;4448,46416;4452,33000;UP
2026-06-03 17:42:00;M1;6;21;4448,28896;4447,32000;DOWN
2026-06-03 17:46:00;M1;6;21;4449,85250;4450,49000;UP
2026-06-03 17:50:00;M1;6;89;4453,14897;4450,86000;DOWN
2026-06-03 17:55:00;M1;6;21;4453,66736;4456,96000;UP
2026-06-03 18:05:00;M1;6;89;4452,76675;4450,31000;DOWN
2026-06-03 18:07:00;M1;6;55;4448,35210;4448,12000;DOWN
2026-06-03 18:18:00;M1;6;34;4450,21537;4450,26000;UP
2026-06-03 18:19:00;M1;6;55;4447,98068;4445,67000;DOWN
2026-06-03 18:49:00;M1;6;21;4441,01463;4441,75000;UP
2026-06-03 19:18:00;M1;6;21;4437,86592;4436,99000;DOWN
2026-06-03 19:19:00;M1;6;21;4437,17757;4438,50000;UP
2026-06-03 19:27:00;M1;6;21;4436,55339;4436,16000;DOWN
2026-06-03 19:31:00;M1;6;21;4436,24186;4439,38000;UP
2026-06-03 19:39:00;M1;6;34;4436,95640;4436,20000;DOWN
2026-06-03 19:43:00;M1;6;34;4436,31532;4436,84000;UP
2026-06-03 19:49:00;M1;6;55;4438,35614;4437,94000;DOWN
2026-06-03 19:56:00;M1;6;55;4437,86467;4439,18000;UP
2026-06-03 20:20:00;M1;6;21;4441,84885;4441,05000;DOWN
2026-06-03 20:30:00;M1;6;89;4438,56779;4435,67000;DOWN
2026-06-03 20:33:00;M1;6;34;4438,99094;4439,90000;UP
2026-06-03 20:37:00;M1;6;34;4439,26447;4438,89000;DOWN
2026-06-03 20:43:00;M1;6;34;4439,41976;4441,21000;UP
2026-06-03 20:49:00;M1;6;34;4439,50966;4438,18000;DOWN
2026-06-03 21:03:00;M1;6;21;4439,69724;4440,50000;UP
2026-06-03 21:08:00;M1;6;89;4436,94001;4436,81000;DOWN
2026-06-03 21:17:00;M1;6;55;4437,06818;4437,23000;UP
2026-06-03 21:19:00;M1;6;21;4437,85278;4437,95000;UP
2026-06-03 21:26:00;M1;6;34;4439,10354;4439,80000;UP
2026-06-03 21:34:00;M1;6;34;4438,88813;4438,73000;DOWN
2026-06-03 21:37:00;M1;6;21;4437,80643;4439,06000;UP
2026-06-03 22:25:00;M1;6;21;4448,64118;4448,38000;DOWN
2026-06-03 22:43:00;M1;6;34;4447,59863;4447,29000;DOWN
2026-06-03 22:55:00;M1;6;55;4445,13133;4444,32000;DOWN
2026-06-03 23:05:00;M1;6;89;4440,50322;4439,83000;DOWN
2026-06-03 23:09:00;M1;6;89;4440,80413;4441,26000;UP
2026-06-03 23:13:00;M1;6;89;4440,99667;4439,53000;DOWN
2026-06-03 23:26:00;M1;6;21;4439,86415;4439,87000;UP
2026-06-03 23:32:00;M1;6;21;4437,95332;4435,27000;DOWN
2026-06-03 23:45:00;M1;6;21;4434,29044;4434,35000;UP
2026-06-03 23:49:00;M1;6;21;4432,67582;4431,48000;DOWN
2026-06-03 23:55:00;M1;6;21;4431,58962;4433,56000;UP
2026-06-04 01:01:00;M1;6;34;4435,34931;4438,10000;UP
2026-06-04 01:11:00;M1;6;34;4434,07499;4433,83000;DOWN
2026-06-04 01:13:00;M1;6;34;4432,69276;4432,86000;UP
2026-06-04 01:15:00;M1;6;21;4429,90733;4428,94000;DOWN
2026-06-04 01:23:00;M1;6;21;4429,29345;4430,42000;UP
2026-06-04 01:19:00;M1;6;34;4431,43065;4427,49000;DOWN
2026-06-04 01:25:00;M1;6;34;4430,51455;4433,11000;UP
2026-06-04 01:31:00;M1;6;55;4435,61231;4436,41000;UP
2026-06-04 01:38:00;M1;6;89;4437,23772;4436,44000;DOWN
2026-06-04 01:45:00;M1;6;89;4436,99733;4438,16000;UP
2026-06-04 02:19:00;M1;6;21;4449,06413;4447,89000;DOWN
2026-06-04 02:28:00;M1;6;21;4451,01007;4451,20000;UP
2026-06-04 02:31:00;M1;6;21;4452,59971;4450,47000;DOWN
2026-06-04 02:41:00;M1;6;34;4447,25515;4447,08000;DOWN
2026-06-04 02:45:00;M1;6;21;4454,88829;4459,72000;UP
2026-06-04 02:56:00;M1;6;21;4458,22274;4457,97000;DOWN
2026-06-04 03:01:00;M1;6;21;4459,68710;4461,86000;UP
2026-06-04 03:07:00;M1;6;34;4457,96277;4455,53000;DOWN
2026-06-04 03:21:00;M1;6;55;4452,08030;4451,87000;DOWN
2026-06-04 03:37:00;M1;6;89;4448,24002;4446,70000;DOWN
2026-06-04 03:48:00;M1;6;89;4448,63607;4448,79000;UP
2026-06-04 03:50:00;M1;6;21;4450,36547;4451,31000;UP
2026-06-04 03:55:00;M1;6;89;4449,35145;4448,14000;DOWN
2026-06-04 04:01:00;M1;6;21;4448,89655;4449,99000;UP
2026-06-04 04:07:00;M1;6;55;4456,30462;4454,88000;DOWN
2026-06-04 04:13:00;M1;6;34;4455,51983;4465,28000;UP
2026-06-04 04:41:00;M1;6;21;4466,01922;4461,85000;DOWN
2026-06-04 04:43:00;M1;6;55;4462,73154;4459,73000;DOWN
2026-06-04 04:49:00;M1;6;34;4463,13136;4466,12000;UP
2026-06-04 04:52:00;M1;6;89;4457,63805;4457,53000;DOWN
2026-06-04 04:55:00;M1;6;89;4458,73721;4464,41000;UP
2026-06-04 05:00:00;M1;6;55;4464,29354;4464,27000;DOWN
2026-06-04 05:02:00;M1;6;55;4464,83788;4465,33000;UP
2026-06-04 05:06:00;M1;6;89;4459,74065;4458,29000;DOWN
2026-06-04 05:07:00;M1;6;89;4460,59980;4460,92000;UP
2026-06-04 05:07:00;M1;6;55;4465,12754;4460,92000;DOWN
2026-06-04 05:15:00;M1;6;89;4461,36902;4460,47000;DOWN
2026-06-04 05:20:00;M1;6;89;4462,05297;4462,60000;UP
2026-06-04 05:25:00;M1;6;89;4462,66296;4459,17000;DOWN
2026-06-04 05:40:00;M1;6;21;4460,46543;4461,28000;UP
2026-06-04 05:45:00;M1;6;34;4464,50354;4466,34000;UP
2026-06-04 06:13:00;M1;6;21;4472,42799;4471,84000;DOWN
2026-06-04 06:21:00;M1;6;89;4468,85497;4468,62000;DOWN
2026-06-04 06:31:00;M1;6;89;4470,18589;4470,35000;UP
2026-06-04 06:37:00;M1;6;89;4470,63756;4464,94000;DOWN
2026-06-04 07:01:00;M1;6;21;4463,68254;4465,00000;UP
2026-06-04 07:12:00;M1;6;34;4467,39528;4468,39000;UP
2026-06-04 07:13:00;M1;6;55;4469,26045;4469,88000;UP
2026-06-04 07:50:00;M1;6;21;4479,13864;4479,01000;DOWN
2026-06-04 08:07:00;M1;6;89;4476,35829;4476,01000;DOWN
2026-06-04 08:13:00;M1;6;55;4476,85512;4477,83000;UP
2026-06-04 08:19:00;M1;6;89;4477,43763;4476,35000;DOWN
2026-06-04 08:44:00;M1;6;21;4474,35784;4474,65000;UP
2026-06-04 08:49:00;M1;6;21;4472,55871;4467,43000;DOWN
2026-06-04 09:01:00;M1;6;21;4470,08004;4472,70000;UP
2026-06-04 09:08:00;M1;6;34;4474,77258;4476,30000;UP
2026-06-04 09:13:00;M1;6;55;4476,24174;4473,75000;DOWN
2026-06-04 09:20:00;M1;6;21;4469,68112;4469,93000;UP
2026-06-04 09:25:00;M1;6;21;4469,59540;4469,50000;DOWN
2026-06-04 09:31:00;M1;6;21;4470,18773;4471,68000;UP
2026-06-04 09:37:00;M1;6;55;4475,40677;4471,32000;DOWN
2026-06-04 09:56:00;M1;6;21;4468,81600;4468,94000;UP
2026-06-04 10:04:00;M1;6;34;4468,69206;4470,15000;UP
2026-06-04 10:01:00;M1;6;21;4468,12172;4465,62000;DOWN
2026-06-04 10:07:00;M1;6;34;4467,96875;4466,91000;DOWN
2026-06-04 10:18:00;M1;6;21;4466,49470;4468,21000;UP
2026-06-04 10:20:00;M1;6;34;4466,71849;4466,48000;DOWN
2026-06-04 10:28:00;M1;6;21;4465,17567;4465,36000;UP
2026-06-04 10:32:00;M1;6;34;4465,56981;4464,93000;DOWN
2026-06-04 10:37:00;M1;6;21;4463,74808;4465,01000;UP
2026-06-04 10:43:00;M1;6;34;4464,17451;4462,46000;DOWN
2026-06-04 11:01:00;M1;6;21;4461,50504;4463,20000;UP
2026-06-04 11:11:00;M1;6;55;4464,07273;4462,27000;DOWN
2026-06-04 11:16:00;M1;6;55;4463,53979;4464,25000;UP
2026-06-04 11:14:00;M1;6;34;4461,62554;4460,70000;DOWN
2026-06-04 11:19:00;M1;6;21;4461,46555;4464,07000;UP
2026-06-04 11:20:00;M1;6;55;4462,97920;4460,59000;DOWN
2026-06-04 11:29:00;M1;6;55;4462,49894;4463,35000;UP
2026-06-04 11:25:00;M1;6;34;4461,10437;4458,70000;DOWN
2026-06-04 11:32:00;M1;6;21;4461,44302;4463,30000;UP
2026-06-04 11:31:00;M1;6;55;4462,04738;4461,13000;DOWN
2026-06-04 11:37:00;M1;6;55;4461,61357;4463,23000;UP
2026-06-04 11:39:00;M1;6;34;4460,74490;4460,70000;DOWN
2026-06-04 11:43:00;M1;6;21;4461,54538;4462,30000;UP
2026-06-04 11:49:00;M1;6;55;4460,88381;4460,04000;DOWN
2026-06-04 11:55:00;M1;6;21;4462,04975;4464,49000;UP
2026-06-04 12:01:00;M1;6;89;4464,96070;4463,51000;DOWN
2026-06-04 12:07:00;M1;6;89;4464,51661;4467,00000;UP
2026-06-04 12:12:00;M1;6;21;4463,25071;4462,98000;DOWN
2026-06-04 12:15:00;M1;6;21;4463,86936;4464,54000;UP
2026-06-04 12:13:00;M1;6;89;4464,12396;4463,11000;DOWN
2026-06-04 12:19:00;M1;6;89;4463,80017;4466,05000;UP
2026-06-04 12:22:00;M1;6;21;4464,62390;4463,78000;DOWN
2026-06-04 12:25:00;M1;6;21;4465,14816;4466,01000;UP
2026-06-04 12:31:00;M1;6;89;4463,28404;4462,78000;DOWN
2026-06-04 12:37:00;M1;6;21;4466,16270;4468,14000;UP
2026-06-04 12:43:00;M1;6;21;4466,90337;4466,22000;DOWN
2026-06-04 12:49:00;M1;6;21;4468,09132;4470,62000;UP
2026-06-04 13:03:00;M1;6;21;4470,15094;4469,42000;DOWN
2026-06-04 13:07:00;M1;6;21;4470,75718;4470,90000;UP
2026-06-04 13:16:00;M1;6;34;4469,32552;4469,25000;DOWN
2026-06-04 13:23:00;M1;6;55;4465,95358;4465,47000;DOWN
2026-06-04 13:27:00;M1;6;55;4466,45733;4468,13000;UP
2026-06-04 13:36:00;M1;6;34;4470,05213;4470,11000;UP
2026-06-04 13:37:00;M1;6;21;4470,11703;4470,69000;UP
2026-06-04 13:38:00;M1;6;34;4470,29780;4468,87000;DOWN
2026-06-04 13:43:00;M1;6;34;4470,58145;4472,29000;UP
2026-06-04 13:50:00;M1;6;34;4470,82684;4470,22000;DOWN
2026-06-04 13:55:00;M1;6;21;4470,57722;4470,69000;UP
2026-06-04 14:02:00;M1;6;55;4469,58809;4469,42000;DOWN
2026-06-04 14:07:00;M1;6;21;4472,05281;4475,89000;UP
2026-06-04 14:37:00;M1;6;21;4483,90017;4482,74000;DOWN
2026-06-04 14:43:00;M1;6;21;4487,96930;4489,53000;UP
2026-06-04 15:04:00;M1;6;21;4502,55941;4497,28000;DOWN
2026-06-04 15:11:00;M1;6;34;4496,08095;4492,16000;DOWN
2026-06-04 15:49:00;M1;6;21;4503,88151;4504,83000;UP
2026-06-04 15:56:00;M1;6;34;4507,41261;4506,21000;DOWN
2026-06-04 16:01:00;M1;6;21;4505,15908;4509,94000;UP
2026-06-04 16:03:00;M1;6;55;4504,18287;4502,76000;DOWN
2026-06-04 16:07:00;M1;6;55;4505,72245;4507,11000;UP
2026-06-04 16:07:00;M1;6;34;4509,07550;4507,11000;DOWN
2026-06-04 16:17:00;M1;6;21;4506,71296;4507,13000;UP
2026-06-04 16:13:00;M1;6;55;4507,19127;4503,82000;DOWN
2026-06-04 16:21:00;M1;6;21;4507,36513;4506,44000;DOWN
2026-06-04 16:35:00;M1;6;21;4508,14888;4509,55000;UP
2026-06-04 16:40:00;M1;6;21;4508,57896;4505,67000;DOWN
2026-06-04 16:43:00;M1;6;21;4509,22191;4509,28000;UP
2026-06-04 16:53:00;M1;6;89;4505,70083;4502,96000;DOWN
2026-06-04 18:01:00;M1;6;21;4465,00080;4466,94000;UP
2026-06-04 18:11:00;M1;6;34;4472,96399;4473,60000;UP
2026-06-04 18:13:00;M1;6;34;4470,10018;4470,06000;DOWN
2026-06-04 18:19:00;M1;6;34;4467,86204;4473,44000;UP
2026-06-04 18:39:00;M1;6;55;4475,94251;4477,03000;UP
2026-06-04 18:43:00;M1;6;55;4474,04971;4472,68000;DOWN
2026-06-04 18:49:00;M1;6;55;4472,46733;4474,37000;UP
2026-06-04 19:24:00;M1;6;89;4484,15525;4484,21000;UP
2026-06-04 19:26:00;M1;6;89;4483,27747;4483,09000;DOWN
2026-06-04 19:35:00;M1;6;89;4482,48666;4482,72000;UP
2026-06-04 19:31:00;M1;6;21;4483,49949;4480,90000;DOWN
2026-06-04 19:42:00;M1;6;89;4481,76566;4481,76000;DOWN
2026-06-04 19:43:00;M1;6;89;4481,10052;4481,92000;UP
2026-06-04 20:00:00;M1;6;34;4481,36769;4481,03000;DOWN
2026-06-04 20:11:00;M1;6;89;4478,77212;4478,45000;DOWN
2026-06-04 20:26:00;M1;6;89;4476,86631;4478,37000;UP
2026-06-04 20:32:00;M1;6;21;4477,99605;4479,39000;UP
2026-06-04 20:42:00;M1;6;21;4477,22774;4476,96000;DOWN
2026-06-04 20:43:00;M1;6;21;4476,82897;4477,45000;UP
2026-06-04 21:04:00;M1;6;55;4477,38678;4477,26000;DOWN
2026-06-04 21:10:00;M1;6;55;4477,65043;4478,07000;UP
2026-06-04 21:13:00;M1;6;34;4478,18221;4478,91000;UP
2026-06-04 21:16:00;M1;6;55;4477,84540;4477,74000;DOWN
2026-06-04 21:19:00;M1;6;55;4478,04920;4478,63000;UP
2026-06-04 21:28:00;M1;6;55;4478,20324;4477,52000;DOWN
2026-06-04 21:35:00;M1;6;89;4473,36985;4473,33000;DOWN
2026-06-04 21:37:00;M1;6;89;4473,31069;4473,94000;UP
2026-06-04 21:50:00;M1;6;21;4476,10435;4477,00000;UP
2026-06-04 22:10:00;M1;6;55;4477,45194;4476,41000;DOWN
2026-06-04 22:13:00;M1;6;21;4477,55001;4477,87000;UP
2026-06-04 22:31:00;M1;6;21;4478,76533;4478,54000;DOWN
2026-06-04 22:40:00;M1;6;21;4479,15715;4479,28000;UP
2026-06-04 22:45:00;M1;6;55;4477,78155;4477,48000;DOWN
2026-06-04 22:49:00;M1;6;34;4478,20421;4478,44000;UP
2026-06-04 22:57:00;M1;6;21;4479,31168;4479,39000;UP
2026-06-04 22:55:00;M1;6;55;4477,95966;4477,19000;DOWN
2026-06-04 23:01:00;M1;6;34;4478,73969;4481,30000;UP
2026-06-04 23:10:00;M1;6;34;4478,96578;4478,83000;DOWN
2026-06-04 23:13:00;M1;6;55;4478,28391;4478,24000;DOWN
2026-06-04 23:30:00;M1;6;89;4476,25458;4476,18000;DOWN
2026-06-04 23:32:00;M1;6;89;4476,32541;4476,52000;UP
2026-06-04 23:37:00;M1;6;89;4476,36352;4475,34000;DOWN
2026-06-05 01:05:00;M1;6;21;4475,20429;4475,69000;UP
2026-06-05 01:07:00;M1;6;21;4474,95520;4474,49000;DOWN
2026-06-05 01:13:00;M1;6;21;4475,02881;4475,04000;UP
2026-06-05 01:43:00;M1;6;89;4476,52599;4476,00000;DOWN
2026-06-05 02:13:00;M1;6;21;4471,25495;4471,63000;UP
2026-06-05 02:19:00;M1;6;21;4470,23384;4469,94000;DOWN
2026-06-05 02:25:00;M1;6;21;4469,32381;4472,72000;UP
2026-06-05 02:31:00;M1;6;34;4470,80863;4465,31000;DOWN
2026-06-05 02:50:00;M1;6;21;4464,04894;4465,29000;UP
2026-06-05 02:57:00;M1;6;21;4462,84638;4461,73000;DOWN
2026-06-05 03:04:00;M1;6;21;4461,97620;4462,19000;UP
2026-06-05 03:11:00;M1;6;21;4461,01247;4460,27000;DOWN
2026-06-05 03:28:00;M1;6;21;4455,90610;4456,52000;UP
2026-06-05 03:35:00;M1;6;55;4461,80331;4462,68000;UP
2026-06-05 03:53:00;M1;6;89;4464,53865;4464,94000;UP
2026-06-05 03:55:00;M1;6;89;4463,87201;4463,60000;DOWN
2026-06-05 04:03:00;M1;6;21;4461,21207;4463,05000;UP
2026-06-05 04:13:00;M1;6;89;4462,42699;4461,61000;DOWN
2026-06-05 04:19:00;M1;6;89;4461,92388;4462,97000;UP
2026-06-05 04:22:00;M1;6;55;4458,22715;4456,50000;DOWN
2026-06-05 04:29:00;M1;6;55;4457,90223;4458,56000;UP
2026-06-05 04:25:00;M1;6;89;4461,39611;4451,46000;DOWN
2026-06-05 04:31:00;M1;6;55;4457,47199;4456,92000;DOWN
2026-06-05 05:03:00;M1;6;21;4448,05339;4450,14000;UP
2026-06-05 05:07:00;M1;6;21;4446,37394;4445,26000;DOWN
2026-06-05 05:13:00;M1;6;21;4445,42249;4450,19000;UP
2026-06-05 05:22:00;M1;6;55;4450,11817;4450,68000;UP
2026-06-05 05:19:00;M1;6;34;4449,26315;4447,50000;DOWN
2026-06-05 05:25:00;M1;6;34;4448,57480;4453,18000;UP
2026-06-05 05:30:00;M1;6;55;4449,52746;4444,86000;DOWN
2026-06-05 05:32:00;M1;6;21;4445,76772;4446,98000;UP
2026-06-05 05:31:00;M1;6;89;4451,62893;4444,50000;DOWN
2026-06-05 05:40:00;M1;6;21;4444,87375;4443,61000;DOWN
2026-06-05 05:45:00;M1;6;21;4444,17020;4446,51000;UP
2026-06-05 05:50:00;M1;6;55;4446,36241;4448,91000;UP
2026-06-05 05:54:00;M1;6;34;4444,12743;4443,09000;DOWN
2026-06-05 05:55:00;M1;6;89;4447,91100;4440,52000;DOWN
2026-06-05 06:13:00;M1;6;21;4439,85203;4440,11000;UP
2026-06-05 06:19:00;M1;6;55;4441,26694;4438,60000;DOWN
2026-06-05 06:25:00;M1;6;21;4437,51565;4437,83000;UP
2026-06-05 06:31:00;M1;6;55;4439,07555;4440,32000;UP
2026-06-05 06:40:00;M1;6;89;4441,11277;4441,17000;UP
2026-06-05 07:12:00;M1;6;21;4439,61376;4439,40000;DOWN
2026-06-05 07:14:00;M1;6;21;4440,55791;4441,61000;UP
2026-06-05 07:19:00;M1;6;21;4441,11836;4439,24000;DOWN
2026-06-05 07:25:00;M1;6;21;4441,33143;4442,04000;UP
2026-06-05 07:30:00;M1;6;34;4438,30299;4437,66000;DOWN
2026-06-05 07:32:00;M1;6;34;4438,53520;4439,25000;UP
2026-06-05 07:31:00;M1;6;21;4441,28531;4438,29000;DOWN
2026-06-05 07:39:00;M1;6;21;4441,22659;4441,61000;UP
2026-06-05 07:43:00;M1;6;21;4441,20696;4439,77000;DOWN
2026-06-05 07:50:00;M1;6;21;4441,41919;4442,17000;UP
2026-06-05 08:17:00;M1;6;21;4445,36590;4444,54000;DOWN
2026-06-05 08:22:00;M1;6;34;4443,81488;4443,33000;DOWN
2026-06-05 08:25:00;M1;6;34;4444,30944;4444,44000;UP
2026-06-05 08:36:00;M1;6;21;4445,95609;4447,63000;UP
2026-06-05 08:31:00;M1;6;34;4444,58649;4442,24000;DOWN
2026-06-05 08:37:00;M1;6;34;4444,82911;4445,80000;UP
2026-06-05 08:37:00;M1;6;21;4445,88278;4445,80000;DOWN
2026-06-05 08:48:00;M1;6;21;4445,90220;4446,25000;UP
2026-06-05 08:43:00;M1;6;34;4445,11720;4444,07000;DOWN
2026-06-05 08:49:00;M1;6;34;4445,37952;4447,53000;UP
2026-06-05 08:53:00;M1;6;21;4445,80116;4444,64000;DOWN
2026-06-05 08:56:00;M1;6;55;4442,08374;4441,15000;DOWN
2026-06-05 09:03:00;M1;6;89;4436,58418;4436,49000;DOWN
2026-06-05 09:07:00;M1;6;89;4436,70499;4439,94000;UP
2026-06-05 09:14:00;M1;6;89;4436,70820;4436,51000;DOWN
2026-06-05 09:23:00;M1;6;21;4439,21282;4442,01000;UP
2026-06-05 09:28:00;M1;6;55;4441,89146;4441,17000;DOWN
2026-06-05 09:31:00;M1;6;34;4441,71821;4443,91000;UP
2026-06-05 10:25:00;M1;6;21;4463,01985;4462,93000;DOWN
2026-06-05 10:32:00;M1;6;21;4465,43035;4466,06000;UP
2026-06-05 10:40:00;M1;6;34;4460,23276;4459,95000;DOWN
2026-06-05 10:45:00;M1;6;34;4462,23316;4463,26000;UP
2026-06-05 10:49:00;M1;6;34;4463,90007;4462,67000;DOWN
2026-06-05 11:07:00;M1;6;55;4461,05634;4460,35000;DOWN
2026-06-05 11:18:00;M1;6;55;4462,00864;4462,02000;UP
2026-06-05 11:21:00;M1;6;21;4464,30257;4464,35000;UP
2026-06-05 11:20:00;M1;6;55;4462,95595;4462,83000;DOWN
2026-06-05 11:25:00;M1;6;55;4463,94765;4464,73000;UP
2026-06-05 11:27:00;M1;6;21;4464,13768;4463,39000;DOWN
2026-06-05 11:31:00;M1;6;21;4464,09679;4466,23000;UP
2026-06-05 11:32:00;M1;6;55;4464,87568;4464,85000;DOWN
2026-06-05 11:37:00;M1;6;21;4463,95675;4462,63000;DOWN
2026-06-05 11:48:00;M1;6;21;4463,76105;4464,02000;UP
2026-06-05 11:49:00;M1;6;21;4463,57934;4463,48000;DOWN
2026-06-05 12:04:00;M1;6;89;4461,56499;4460,98000;DOWN
2026-06-05 12:13:00;M1;6;21;4462,78552;4468,44000;UP
2026-06-05 12:19:00;M1;6;55;4468,43546;4467,64000;DOWN
2026-06-05 12:28:00;M1;6;89;4464,26809;4463,44000;DOWN
2026-06-05 12:38:00;M1;6;21;4464,20010;4464,40000;UP
2026-06-05 12:46:00;M1;6;55;4468,56079;4468,92000;UP
2026-06-05 12:49:00;M1;6;89;4466,67637;4465,23000;DOWN
2026-06-05 13:16:00;M1;6;34;4465,28286;4465,36000;UP
2026-06-05 13:20:00;M1;6;21;4465,64706;4465,74000;UP
2026-06-05 13:19:00;M1;6;34;4465,43993;4465,41000;DOWN
2026-06-05 13:25:00;M1;6;34;4465,64029;4466,66000;UP
2026-06-05 13:26:00;M1;6;21;4465,84938;4465,51000;DOWN
2026-06-05 13:31:00;M1;6;21;4465,83971;4466,04000;UP
2026-06-05 13:32:00;M1;6;34;4465,75429;4465,23000;DOWN
2026-06-05 13:37:00;M1;6;21;4465,47450;4463,02000;DOWN
2026-06-05 13:45:00;M1;6;21;4465,13245;4466,74000;UP
2026-06-05 13:50:00;M1;6;55;4467,33878;4467,81000;UP
2026-06-05 13:55:00;M1;6;55;4467,26854;4466,28000;DOWN
2026-06-05 14:01:00;M1;6;34;4465,80098;4465,36000;DOWN
2026-06-05 14:08:00;M1;6;21;4465,57795;4466,22000;UP
2026-06-05 14:13:00;M1;6;34;4465,75076;4463,17000;DOWN
2026-06-05 14:28:00;M1;6;21;4464,76333;4465,20000;UP
2026-06-05 14:33:00;M1;6;34;4465,20457;4464,83000;DOWN
2026-06-05 14:37:00;M1;6;21;4464,69501;4466,18000;UP
2026-06-05 14:43:00;M1;6;55;4466,16498;4465,32000;DOWN
2026-06-05 14:49:00;M1;6;21;4465,67089;4466,93000;UP
2026-06-05 14:56:00;M1;6;89;4469,84515;4468,23000;DOWN
2026-06-05 15:04:00;M1;6;55;4466,59980;4465,22000;DOWN
2026-06-05 15:10:00;M1;6;21;4468,18612;4469,70000;UP
2026-06-05 15:18:00;M1;6;89;4469,90680;4471,02000;UP
2026-06-05 15:15:00;M1;6;21;4468,80957;4468,72000;DOWN
2026-06-05 15:19:00;M1;6;21;4469,33385;4472,84000;UP
2026-06-05 15:20:00;M1;6;89;4469,97031;4468,87000;DOWN
2026-06-05 15:25:00;M1;6;55;4467,50369;4466,03000;DOWN
2026-06-05 16:13:00;M1;6;21;4413,86968;4416,62000;UP
2026-06-05 16:30:00;M1;6;21;4403,63418;4399,49000;DOWN
2026-06-05 16:31:00;M1;6;21;4399,50092;4404,58000;UP
2026-06-05 16:37:00;M1;6;21;4394,99425;4389,49000;DOWN
2026-06-05 16:43:00;M1;6;21;4390,03935;4390,23000;UP
2026-06-05 16:49:00;M1;6;21;4385,45794;4383,80000;DOWN
2026-06-05 16:55:00;M1;6;21;4379,52485;4382,63000;UP
2026-06-05 17:01:00;M1;6;21;4373,72369;4367,72000;DOWN
2026-06-05 17:07:00;M1;6;21;4368,10926;4369,36000;UP
2026-06-05 17:19:00;M1;6;34;4364,48554;4369,32000;UP
2026-06-05 17:22:00;M1;6;21;4358,71419;4357,57000;DOWN
2026-06-05 17:26:00;M1;6;21;4355,02255;4356,10000;UP
2026-06-05 17:25:00;M1;6;34;4359,73038;4354,27000;DOWN
2026-06-05 17:31:00;M1;6;34;4355,32418;4357,20000;UP
2026-06-05 17:33:00;M1;6;21;4351,58443;4349,96000;DOWN
2026-06-05 17:37:00;M1;6;21;4348,26710;4352,60000;UP
2026-06-05 17:38:00;M1;6;34;4351,10226;4348,85000;DOWN
2026-06-05 17:44:00;M1;6;34;4347,46669;4349,18000;UP
2026-06-05 17:50:00;M1;6;55;4357,41550;4359,81000;UP
2026-06-05 18:14:00;M1;6;21;4353,92164;4353,00000;DOWN
2026-06-05 18:19:00;M1;6;21;4353,81941;4355,12000;UP
2026-06-05 18:25:00;M1;6;21;4353,27294;4351,78000;DOWN
2026-06-05 18:38:00;M1;6;34;4341,82404;4337,19000;DOWN
2026-06-05 18:43:00;M1;6;34;4340,71087;4341,19000;UP
2026-06-05 18:49:00;M1;6;34;4339,53248;4339,29000;DOWN
2026-06-05 18:55:00;M1;6;34;4338,12281;4339,17000;UP
2026-06-05 19:01:00;M1;6;34;4336,43643;4333,00000;DOWN
2026-06-05 19:09:00;M1;6;21;4332,65542;4332,77000;UP
2026-06-05 19:13:00;M1;6;89;4334,80259;4336,72000;UP
2026-06-05 19:15:00;M1;6;34;4332,88676;4330,17000;DOWN
2026-06-05 19:19:00;M1;6;21;4327,07336;4330,51000;UP
2026-06-05 19:19:00;M1;6;89;4331,33344;4330,51000;DOWN
2026-06-05 19:25:00;M1;6;34;4328,86767;4332,67000;UP
2026-06-05 19:33:00;M1;6;89;4324,86521;4324,66000;DOWN
2026-06-05 19:37:00;M1;6;34;4325,12479;4329,38000;UP
2026-06-05 20:19:00;M1;6;21;4338,67450;4338,43000;DOWN
2026-06-05 20:29:00;M1;6;21;4340,66015;4342,35000;UP
2026-06-05 20:31:00;M1;6;21;4342,30076;4341,47000;DOWN
2026-06-05 20:38:00;M1;6;21;4343,41540;4343,62000;UP
2026-06-05 20:43:00;M1;6;21;4343,89279;4341,28000;DOWN
2026-06-05 21:01:00;M1;6;34;4339,57138;4338,94000;DOWN
2026-06-05 21:14:00;M1;6;55;4328,69575;4322,75000;DOWN
2026-06-05 21:49:00;M1;6;21;4318,41327;4321,71000;UP
2026-06-05 22:19:00;M1;6;34;4316,96381;4318,57000;UP
2026-06-05 22:25:00;M1;6;55;4320,92392;4322,11000;UP
2026-06-05 22:40:00;M1;6;55;4319,10607;4317,85000;DOWN
2026-06-05 22:44:00;M1;6;21;4316,62311;4318,83000;UP
2026-06-05 23:00:00;M1;6;55;4316,71003;4315,83000;DOWN
2026-06-05 23:02:00;M1;6;34;4313,74425;4313,64000;DOWN
2026-06-05 23:07:00;M1;6;34;4313,44277;4313,52000;UP
2026-06-05 23:17:00;M1;6;21;4315,98585;4316,38000;UP
2026-06-05 23:19:00;M1;6;21;4315,74102;4315,36000;DOWN
2026-06-05 23:25:00;M1;6;21;4316,25838;4319,21000;UP
2026-06-08 01:05:00;M1;6;55;4315,50013;4312,63000;DOWN
2026-06-08 01:12:00;M1;6;34;4321,31243;4321,69000;UP
2026-06-08 01:13:00;M1;6;21;4324,55238;4326,08000;UP
2026-06-08 01:24:00;M1;6;21;4324,80666;4322,94000;DOWN
2026-06-08 01:26:00;M1;6;55;4317,58067;4316,96000;DOWN
2026-06-08 01:35:00;M1;6;21;4324,13565;4325,28000;UP
2026-06-08 01:45:00;M1;6;34;4324,17434;4322,38000;DOWN
2026-06-08 01:51:00;M1;6;21;4323,66603;4324,12000;UP
2026-06-08 01:58:00;M1;6;55;4320,23405;4319,85000;DOWN
2026-06-08 02:01:00;M1;6;21;4322,64150;4326,56000;UP
2026-06-08 03:07:00;M1;6;21;4344,94139;4342,46000;DOWN
2026-06-08 03:18:00;M1;6;21;4346,53473;4346,94000;UP
2026-06-08 03:19:00;M1;6;21;4348,49622;4347,66000;DOWN
2026-06-08 03:27:00;M1;6;21;4350,45890;4350,63000;UP
2026-06-08 03:33:00;M1;6;34;4347,85275;4347,18000;DOWN
2026-06-08 03:37:00;M1;6;34;4349,35313;4350,19000;UP
2026-06-08 03:41:00;M1;6;55;4343,08936;4342,48000;DOWN
2026-06-08 03:44:00;M1;6;55;4344,49388;4345,20000;UP
2026-06-08 03:43:00;M1;6;34;4350,27374;4344,14000;DOWN
2026-06-08 03:49:00;M1;6;55;4345,62291;4342,55000;DOWN
2026-06-08 04:05:00;M1;6;89;4337,68020;4335,85000;DOWN
2026-06-08 04:08:00;M1;6;89;4338,56676;4339,64000;UP
2026-06-08 04:13:00;M1;6;89;4339,10333;4333,63000;DOWN
2026-06-08 04:40:00;M1;6;21;4319,06902;4320,26000;UP
2026-06-08 04:55:00;M1;6;34;4324,14353;4326,30000;UP
2026-06-08 05:05:00;M1;6;34;4322,22049;4321,99000;DOWN
2026-06-08 05:07:00;M1;6;34;4320,33709;4323,05000;UP
2026-06-08 05:13:00;M1;6;34;4318,31020;4315,91000;DOWN
2026-06-08 05:24:00;M1;6;21;4315,05745;4316,33000;UP
2026-06-08 05:25:00;M1;6;34;4314,57943;4315,44000;UP
2026-06-08 05:28:00;M1;6;21;4314,65061;4313,64000;DOWN
2026-06-08 05:31:00;M1;6;34;4312,69037;4311,23000;DOWN
2026-06-08 05:39:00;M1;6;34;4310,97695;4311,82000;UP
2026-06-08 05:43:00;M1;6;21;4311,52306;4312,73000;UP
2026-06-08 06:06:00;M1;6;34;4308,30237;4307,70000;DOWN
2026-06-08 06:08:00;M1;6;34;4307,65035;4307,82000;UP
2026-06-08 06:13:00;M1;6;34;4306,80757;4304,97000;DOWN
2026-06-08 06:19:00;M1;6;21;4306,71887;4307,47000;UP
2026-06-08 06:28:00;M1;6;55;4307,64466;4307,63000;DOWN
2026-06-08 06:31:00;M1;6;55;4306,32061;4306,83000;UP
2026-06-08 06:33:00;M1;6;21;4305,73344;4305,65000;DOWN
2026-06-08 06:37:00;M1;6;21;4305,50039;4307,80000;UP
2026-06-08 06:53:00;M1;6;89;4315,91752;4316,11000;UP
2026-06-08 06:55:00;M1;6;89;4314,87410;4314,85000;DOWN
2026-06-08 07:01:00;M1;6;89;4313,93121;4318,78000;UP
2026-06-08 07:21:00;M1;6;21;4317,24701;4317,04000;DOWN
2026-06-08 07:28:00;M1;6;21;4318,93865;4319,18000;UP
2026-06-08 07:33:00;M1;6;34;4313,94877;4313,58000;DOWN
2026-06-08 07:40:00;M1;6;89;4310,46001;4309,93000;DOWN
2026-06-08 07:46:00;M1;6;89;4309,93248;4310,29000;UP
2026-06-08 07:44:00;M1;6;55;4307,91129;4307,72000;DOWN
2026-06-08 07:49:00;M1;6;55;4308,22086;4310,17000;UP
2026-06-08 08:00:00;M1;6;21;4314,72339;4314,86000;UP
2026-06-08 08:01:00;M1;6;34;4314,65685;4313,75000;DOWN
2026-06-08 08:13:00;M1;6;89;4307,62945;4305,78000;DOWN
2026-06-08 08:21:00;M1;6;21;4310,61826;4311,80000;UP
2026-06-08 08:30:00;M1;6;89;4307,01030;4303,42000;DOWN
2026-06-08 08:51:00;M1;6;21;4293,01996;4293,31000;UP
2026-06-08 09:00:00;M1;6;34;4298,37177;4301,09000;UP
2026-06-08 08:55:00;M1;6;21;4289,90406;4287,13000;DOWN
2026-06-08 09:01:00;M1;6;21;4289,06688;4304,89000;UP
2026-06-08 09:11:00;M1;6;89;4300,56166;4300,11000;DOWN
2026-06-08 09:13:00;M1;6;55;4300,35088;4302,90000;UP
2026-06-08 09:35:00;M1;6;89;4298,59203;4296,07000;DOWN
2026-06-08 09:40:00;M1;6;34;4295,43988;4295,25000;DOWN
2026-06-08 09:43:00;M1;6;34;4295,31500;4299,98000;UP
2026-06-08 09:49:00;M1;6;89;4297,57152;4297,39000;DOWN
2026-06-08 09:56:00;M1;6;55;4296,95029;4297,28000;UP
2026-06-08 10:03:00;M1;6;21;4300,18830;4301,52000;UP
2026-06-08 10:06:00;M1;6;89;4296,91481;4296,68000;DOWN
2026-06-08 10:08:00;M1;6;89;4296,60019;4300,70000;UP
2026-06-08 10:07:00;M1;6;55;4295,94258;4295,28000;DOWN
2026-06-08 10:13:00;M1;6;21;4300,47293;4307,98000;UP
2026-06-08 10:40:00;M1;6;21;4306,40965;4304,80000;DOWN
2026-06-08 10:44:00;M1;6;34;4303,81189;4301,71000;DOWN
2026-06-08 10:52:00;M1;6;89;4297,01913;4296,39000;DOWN
2026-06-08 10:55:00;M1;6;55;4298,65168;4298,91000;UP
2026-06-08 11:01:00;M1;6;89;4296,74823;4292,49000;DOWN
2026-06-08 11:33:00;M1;6;21;4288,74749;4290,70000;UP
2026-06-08 11:45:00;M1;6;34;4291,98237;4293,53000;UP
2026-06-08 11:49:00;M1;6;89;4292,32549;4291,21000;DOWN
2026-06-08 11:58:00;M1;6;34;4289,05756;4290,27000;UP
2026-06-08 12:01:00;M1;6;89;4291,10577;4290,55000;DOWN
2026-06-08 12:08:00;M1;6;34;4286,65378;4286,48000;DOWN
2026-06-08 12:13:00;M1;6;34;4285,73765;4287,83000;UP
2026-06-08 12:20:00;M1;6;55;4289,09041;4290,79000;UP
2026-06-08 12:25:00;M1;6;89;4288,90557;4285,93000;DOWN
2026-06-08 12:36:00;M1;6;21;4283,71296;4287,48000;UP
2026-06-08 12:37:00;M1;6;89;4287,60904;4290,57000;UP
2026-06-08 13:16:00;M1;6;21;4293,18572;4292,00000;DOWN
2026-06-08 13:33:00;M1;6;21;4295,83002;4296,08000;UP
2026-06-08 13:54:00;M1;6;21;4300,06846;4298,45000;DOWN
2026-06-08 13:59:00;M1;6;21;4301,19896;4302,02000;UP
2026-06-08 13:55:00;M1;6;34;4297,77085;4297,69000;DOWN
2026-06-08 14:03:00;M1;6;34;4299,19818;4300,70000;UP
2026-06-08 14:01:00;M1;6;21;4302,13048;4298,24000;DOWN
2026-06-08 14:09:00;M1;6;21;4303,60991;4306,24000;UP
2026-06-08 14:43:00;M1;6;21;4326,83157;4323,38000;DOWN
2026-06-08 15:00:00;M1;6;21;4332,07710;4334,01000;UP
2026-06-08 15:01:00;M1;6;21;4333,97650;4329,62000;DOWN
2026-06-08 15:07:00;M1;6;34;4330,25500;4330,12000;DOWN
2026-06-08 15:15:00;M1;6;55;4322,53746;4320,56000;DOWN
2026-06-08 15:19:00;M1;6;55;4324,71983;4325,10000;UP
2026-06-08 15:34:00;M1;6;55;4328,64615;4328,18000;DOWN
2026-06-08 15:42:00;M1;6;21;4332,38453;4337,07000;UP
2026-06-08 15:43:00;M1;6;34;4336,79019;4334,12000;DOWN
2026-06-08 15:49:00;M1;6;55;4333,79816;4332,62000;DOWN
2026-06-08 16:07:00;M1;6;89;4324,55957;4324,20000;DOWN
2026-06-08 16:21:00;M1;6;21;4330,07712;4331,39000;UP
2026-06-08 16:30:00;M1;6;34;4334,34321;4336,60000;UP
2026-06-08 16:36:00;M1;6;55;4339,34800;4339,82000;UP
2026-06-08 16:34:00;M1;6;34;4334,11688;4333,37000;DOWN
2026-06-08 16:37:00;M1;6;34;4334,59800;4342,69000;UP
2026-06-08 16:43:00;M1;6;55;4340,49994;4339,91000;DOWN
2026-06-08 16:49:00;M1;6;89;4334,31084;4332,48000;DOWN
2026-06-08 17:31:00;M1;6;21;4321,02363;4321,81000;UP
2026-06-08 17:37:00;M1;6;21;4318,87952;4315,99000;DOWN
2026-06-08 17:43:00;M1;6;21;4317,91616;4318,82000;UP
2026-06-08 17:49:00;M1;6;34;4322,98926;4317,55000;DOWN
2026-06-08 17:55:00;M1;6;21;4319,57189;4325,59000;UP
2026-06-08 18:04:00;M1;6;55;4329,55482;4329,09000;DOWN
2026-06-08 18:17:00;M1;6;21;4324,65095;4323,15000;DOWN
2026-06-08 18:19:00;M1;6;21;4326,37788;4331,61000;UP
2026-06-08 18:41:00;M1;6;89;4336,75448;4338,20000;UP
2026-06-08 18:43:00;M1;6;89;4336,79253;4336,30000;DOWN
2026-06-08 18:51:00;M1;6;89;4336,93795;4339,02000;UP
2026-06-08 18:49:00;M1;6;21;4336,27744;4335,36000;DOWN
2026-06-08 18:55:00;M1;6;21;4338,56815;4343,03000;UP
2026-06-08 19:03:00;M1;6;21;4340,59800;4340,52000;DOWN
2026-06-08 19:23:00;M1;6;34;4340,08337;4340,07000;DOWN
2026-06-08 19:25:00;M1;6;34;4341,35537;4342,41000;UP
2026-06-08 19:36:00;M1;6;21;4344,94885;4345,72000;UP
2026-06-08 19:37:00;M1;6;34;4343,57644;4343,37000;DOWN
2026-06-08 19:47:00;M1;6;34;4344,61104;4345,06000;UP
2026-06-08 19:49:00;M1;6;21;4345,06566;4345,12000;UP
2026-06-08 19:52:00;M1;6;89;4340,66165;4340,15000;DOWN
2026-06-08 19:57:00;M1;6;55;4340,61034;4340,97000;UP
2026-06-08 19:55:00;M1;6;21;4344,47292;4339,82000;DOWN
2026-06-08 20:01:00;M1;6;89;4341,33194;4340,94000;DOWN
2026-06-08 20:46:00;M1;6;21;4335,30542;4336,21000;UP
2026-06-08 20:59:00;M1;6;34;4338,38857;4339,25000;UP
2026-06-08 21:02:00;M1;6;55;4342,35756;4343,31000;UP
2026-06-08 21:11:00;M1;6;55;4342,35578;4342,30000;DOWN
2026-06-08 21:13:00;M1;6;55;4342,43898;4342,77000;UP
2026-06-08 21:14:00;M1;6;89;4342,15867;4341,29000;DOWN
2026-06-08 21:21:00;M1;6;89;4342,41691;4343,01000;UP
2026-06-08 21:19:00;M1;6;55;4342,59742;4342,31000;DOWN
2026-06-08 21:25:00;M1;6;55;4342,75545;4345,50000;UP
2026-06-08 21:29:00;M1;6;89;4342,71929;4342,63000;DOWN
2026-06-08 21:31:00;M1;6;89;4343,02090;4343,06000;UP
2026-06-08 21:32:00;M1;6;55;4342,83883;4342,30000;DOWN
2026-06-08 21:37:00;M1;6;89;4343,26374;4337,69000;DOWN
2026-06-08 22:02:00;M1;6;21;4337,61544;4337,66000;UP
2026-06-08 22:07:00;M1;6;21;4335,78101;4334,76000;DOWN
2026-06-08 22:31:00;M1;6;21;4327,56799;4329,35000;UP
2026-06-08 22:39:00;M1;6;21;4326,00587;4325,84000;DOWN
2026-06-08 22:43:00;M1;6;21;4324,89248;4325,16000;UP
2026-06-08 22:51:00;M1;6;34;4328,22700;4328,64000;UP
2026-06-08 22:56:00;M1;6;34;4327,11025;4323,73000;DOWN
2026-06-08 23:01:00;M1;6;21;4324,17121;4327,17000;UP
2026-06-08 23:31:00;M1;6;55;4326,85515;4327,46000;UP
2026-06-08 23:42:00;M1;6;55;4326,22434;4326,06000;DOWN
2026-06-08 23:45:00;M1;6;21;4326,28334;4326,80000;UP
2026-06-09 01:04:00;M1;6;21;4327,47763;4326,65000;DOWN
2026-06-09 01:15:00;M1;6;55;4324,04702;4323,56000;DOWN
2026-06-09 01:20:00;M1;6;34;4325,61804;4326,14000;UP
2026-06-09 01:26:00;M1;6;21;4326,61654;4326,78000;UP
2026-06-09 01:29:00;M1;6;34;4325,60297;4325,04000;DOWN
2026-06-09 01:31:00;M1;6;34;4325,57304;4326,11000;UP
2026-06-09 01:31:00;M1;6;21;4326,17975;4326,11000;DOWN
2026-06-09 01:37:00;M1;6;21;4325,81140;4326,20000;UP
2026-06-09 01:41:00;M1;6;34;4325,52915;4325,49000;DOWN
2026-06-09 01:43:00;M1;6;34;4325,56299;4326,44000;UP
2026-06-09 01:51:00;M1;6;89;4326,26176;4326,22000;DOWN
2026-06-09 01:55:00;M1;6;89;4325,91228;4328,59000;UP
2026-06-09 02:06:00;M1;6;21;4326,18092;4326,11000;DOWN
2026-06-09 02:07:00;M1;6;21;4326,37410;4326,46000;UP
2026-06-09 02:21:00;M1;6;34;4326,40308;4325,81000;DOWN
2026-06-09 02:25:00;M1;6;89;4324,44450;4323,55000;DOWN
2026-06-09 03:01:00;M1;6;21;4317,34023;4317,40000;UP
2026-06-09 03:07:00;M1;6;34;4319,72250;4320,45000;UP
2026-06-09 03:19:00;M1;6;89;4320,08860;4320,08000;DOWN
2026-06-09 03:29:00;M1;6;21;4316,71961;4316,68000;DOWN
2026-06-09 03:32:00;M1;6;21;4316,87356;4317,10000;UP
2026-06-09 03:38:00;M1;6;89;4318,93488;4318,90000;DOWN
2026-06-09 03:44:00;M1;6;55;4318,47096;4318,50000;UP
2026-06-09 03:48:00;M1;6;34;4316,76814;4315,14000;DOWN
2026-06-09 03:50:00;M1;6;21;4317,05060;4317,99000;UP
2026-06-09 03:49:00;M1;6;55;4318,01947;4316,95000;DOWN
2026-06-09 03:57:00;M1;6;55;4317,65258;4319,29000;UP
2026-06-09 03:55:00;M1;6;21;4317,20082;4316,31000;DOWN
2026-06-09 04:01:00;M1;6;21;4317,97010;4319,98000;UP
2026-06-09 04:43:00;M1;6;21;4335,51207;4333,10000;DOWN
2026-06-09 05:01:00;M1;6;34;4333,89979;4332,98000;DOWN
2026-06-09 05:31:00;M1;6;21;4335,91543;4339,13000;UP
2026-06-09 05:37:00;M1;6;55;4332,86581;4332,20000;DOWN
2026-06-09 05:43:00;M1;6;21;4335,43060;4337,34000;UP
2026-06-09 05:49:00;M1;6;34;4338,81614;4337,61000;DOWN
2026-06-09 05:55:00;M1;6;21;4336,53169;4339,32000;UP
2026-06-09 05:58:00;M1;6;55;4335,81011;4335,57000;DOWN
2026-06-09 06:01:00;M1;6;55;4336,61565;4337,04000;UP
2026-06-09 06:01:00;M1;6;34;4339,05001;4337,04000;DOWN
2026-06-09 06:07:00;M1;6;21;4337,21208;4339,04000;UP
2026-06-09 06:08:00;M1;6;55;4337,42163;4337,37000;DOWN
2026-06-09 06:13:00;M1;6;55;4338,22627;4339,11000;UP
2026-06-09 06:13:00;M1;6;34;4339,13168;4339,11000;DOWN
2026-06-09 06:19:00;M1;6;34;4339,04666;4339,60000;UP
2026-06-09 06:21:00;M1;6;55;4338,88401;4337,96000;DOWN
2026-06-09 06:25:00;M1;6;34;4338,95666;4335,25000;DOWN
2026-06-09 06:44:00;M1;6;21;4337,28752;4337,57000;UP
2026-06-09 06:49:00;M1;6;55;4340,50660;4338,59000;DOWN
2026-06-09 06:56:00;M1;6;34;4338,53457;4339,06000;UP
2026-06-09 06:58:00;M1;6;89;4335,70364;4335,16000;DOWN
2026-06-09 07:01:00;M1;6;34;4338,43852;4334,65000;DOWN
2026-06-09 07:11:00;M1;6;21;4337,45545;4338,09000;UP
2026-06-09 07:13:00;M1;6;89;4337,29470;4333,76000;DOWN
2026-06-09 07:49:00;M1;6;21;4328,24831;4329,26000;UP
2026-06-09 07:59:00;M1;6;34;4330,91546;4332,37000;UP
2026-06-09 07:55:00;M1;6;21;4327,72348;4326,98000;DOWN
2026-06-09 08:01:00;M1;6;21;4328,15468;4334,68000;UP
2026-06-09 08:09:00;M1;6;55;4334,55390;4332,51000;DOWN
2026-06-09 08:20:00;M1;6;55;4333,71689;4334,93000;UP
2026-06-09 08:25:00;M1;6;55;4333,36103;4332,74000;DOWN
2026-06-09 08:31:00;M1;6;55;4333,28613;4336,68000;UP
2026-06-09 08:55:00;M1;6;21;4343,27824;4342,18000;DOWN
2026-06-09 09:01:00;M1;6;21;4345,02505;4346,76000;UP
2026-06-09 09:07:00;M1;6;21;4346,13711;4345,02000;DOWN
2026-06-09 09:13:00;M1;6;34;4341,88567;4341,16000;DOWN
2026-06-09 09:21:00;M1;6;34;4343,10514;4344,13000;UP
2026-06-09 09:28:00;M1;6;89;4340,10914;4338,52000;DOWN
2026-06-09 10:22:00;M1;6;21;4329,10477;4329,73000;UP
2026-06-09 10:33:00;M1;6;21;4326,53034;4326,40000;DOWN
2026-06-09 10:39:00;M1;6;21;4325,44571;4325,48000;UP
2026-06-09 10:45:00;M1;6;34;4329,12717;4329,29000;UP
2026-06-09 10:49:00;M1;6;34;4327,83433;4326,31000;DOWN
2026-06-09 10:55:00;M1;6;34;4326,68529;4327,66000;UP
2026-06-09 11:02:00;M1;6;34;4325,49339;4323,75000;DOWN
2026-06-09 11:07:00;M1;6;21;4324,23118;4324,35000;UP
2026-06-09 11:13:00;M1;6;89;4333,89731;4331,63000;DOWN
2026-06-09 11:21:00;M1;6;89;4333,45658;4333,72000;UP
2026-06-09 11:25:00;M1;6;89;4333,11967;4331,82000;DOWN
2026-06-09 11:31:00;M1;6;89;4332,82936;4334,26000;UP
2026-06-09 11:46:00;M1;6;89;4332,41155;4331,79000;DOWN
2026-06-09 11:49:00;M1;6;55;4328,15709;4328,19000;UP
2026-06-09 11:49:00;M1;6;34;4328,19313;4328,19000;DOWN
2026-06-09 11:55:00;M1;6;34;4328,51035;4328,96000;UP
2026-06-09 11:57:00;M1;6;55;4327,91342;4327,81000;DOWN
2026-06-09 12:02:00;M1;6;55;4327,68547;4328,53000;UP
2026-06-09 12:01:00;M1;6;34;4328,77419;4327,58000;DOWN
2026-06-09 12:09:00;M1;6;34;4329,05008;4330,07000;UP
2026-06-09 12:13:00;M1;6;34;4329,28311;4328,13000;DOWN
2026-06-09 12:20:00;M1;6;21;4330,70944;4332,77000;UP
2026-06-09 12:27:00;M1;6;89;4330,57077;4330,51000;DOWN
2026-06-09 12:33:00;M1;6;55;4327,39491;4327,63000;UP
2026-06-09 12:37:00;M1;6;21;4329,18000;4329,82000;UP
2026-06-09 12:43:00;M1;6;89;4329,61573;4326,77000;DOWN
2026-06-09 12:49:00;M1;6;21;4328,98163;4329,79000;UP
2026-06-09 13:06:00;M1;6;89;4328,92184;4326,63000;DOWN
2026-06-09 13:11:00;M1;6;55;4328,29427;4328,75000;UP
2026-06-09 13:14:00;M1;6;21;4330,89484;4335,34000;UP
2026-06-09 13:39:00;M1;6;34;4331,94542;4331,87000;DOWN
2026-06-09 13:44:00;M1;6;34;4332,09713;4332,55000;UP
2026-06-09 13:52:00;M1;6;21;4333,09343;4333,45000;UP
2026-06-09 13:49:00;M1;6;55;4330,80334;4330,60000;DOWN
2026-06-09 13:55:00;M1;6;34;4332,79982;4335,17000;UP
2026-06-09 14:16:00;M1;6;21;4336,45009;4336,22000;DOWN
2026-06-09 14:19:00;M1;6;21;4337,25447;4339,23000;UP
2026-06-09 14:25:00;M1;6;21;4338,05216;4336,85000;DOWN
2026-06-09 14:37:00;M1;6;34;4337,83571;4337,29000;DOWN
2026-06-09 14:43:00;M1;6;34;4338,42317;4338,54000;UP
2026-06-09 14:50:00;M1;6;21;4340,40161;4341,17000;UP
2026-06-09 14:59:00;M1;6;34;4339,74819;4339,70000;DOWN
2026-06-09 15:01:00;M1;6;21;4341,35343;4342,28000;UP
2026-06-09 15:16:00;M1;6;55;4339,75147;4339,55000;DOWN
2026-06-09 15:19:00;M1;6;21;4342,48385;4342,87000;UP
2026-06-09 15:29:00;M1;6;89;4336,43711;4335,84000;DOWN
2026-06-09 15:31:00;M1;6;89;4336,86706;4338,91000;UP
2026-06-09 15:38:00;M1;6;21;4340,30480;4340,99000;UP
2026-06-09 15:46:00;M1;6;34;4341,74799;4343,13000;UP
2026-06-09 15:43:00;M1;6;55;4341,47576;4340,81000;DOWN
2026-06-09 15:50:00;M1;6;55;4341,68023;4343,61000;UP
2026-06-09 15:54:00;M1;6;89;4338,10950;4337,36000;DOWN
2026-06-09 15:59:00;M1;6;21;4340,26302;4341,37000;UP
2026-06-09 15:55:00;M1;6;55;4341,89484;4337,88000;DOWN
2026-06-09 16:05:00;M1;6;55;4342,15044;4342,29000;UP
2026-06-09 16:01:00;M1;6;34;4341,78727;4340,83000;DOWN
2026-06-09 16:08:00;M1;6;21;4340,72661;4342,33000;UP
2026-06-09 16:07:00;M1;6;55;4342,41588;4339,56000;DOWN
2026-06-09 16:17:00;M1;6;89;4339,66632;4337,36000;DOWN
2026-06-09 16:46:00;M1;6;21;4333,24432;4335,71000;UP
2026-06-09 16:52:00;M1;6;89;4339,80200;4336,56000;DOWN
2026-06-09 16:55:00;M1;6;21;4332,57715;4330,68000;DOWN
2026-06-09 17:01:00;M1;6;21;4331,49025;4333,82000;UP
2026-06-09 17:07:00;M1;6;21;4329,98654;4327,72000;DOWN
2026-06-09 17:25:00;M1;6;21;4320,45170;4322,55000;UP
2026-06-09 17:31:00;M1;6;21;4317,19767;4312,58000;DOWN
2026-06-09 17:57:00;M1;6;21;4295,22291;4298,06000;UP
2026-06-09 18:13:00;M1;6;34;4295,11821;4295,84000;UP
2026-06-09 18:19:00;M1;6;34;4291,92791;4291,86000;DOWN
2026-06-09 18:28:00;M1;6;21;4282,58112;4280,60000;DOWN
2026-06-09 18:41:00;M1;6;21;4276,33815;4277,27000;UP
2026-06-09 18:43:00;M1;6;34;4277,45776;4278,41000;UP
2026-06-09 18:59:00;M1;6;34;4272,65313;4272,26000;DOWN
2026-06-09 19:01:00;M1;6;21;4270,84029;4279,26000;UP
2026-06-09 19:08:00;M1;6;34;4268,04683;4266,13000;DOWN
2026-06-09 19:24:00;M1;6;21;4261,91120;4262,05000;UP
2026-06-09 19:25:00;M1;6;34;4260,24418;4263,32000;UP
2026-06-09 19:35:00;M1;6;55;4263,12807;4266,18000;UP
2026-06-09 19:38:00;M1;6;55;4259,71429;4245,91000;DOWN
2026-06-09 19:47:00;M1;6;21;4251,53888;4253,51000;UP
2026-06-09 19:49:00;M1;6;34;4250,05184;4249,81000;DOWN
2026-06-09 19:55:00;M1;6;21;4245,32144;4246,10000;UP
2026-06-09 20:13:00;M1;6;89;4260,43131;4261,99000;UP
2026-06-09 20:46:00;M1;6;21;4262,51507;4259,85000;DOWN
2026-06-09 20:58:00;M1;6;21;4263,55264;4264,41000;UP
2026-06-09 21:02:00;M1;6;21;4263,58802;4263,37000;DOWN
2026-06-09 21:07:00;M1;6;21;4263,76551;4264,50000;UP
2026-06-09 21:16:00;M1;6;21;4264,06020;4263,99000;DOWN
2026-06-09 21:19:00;M1;6;21;4265,36211;4269,16000;UP
2026-06-09 21:37:00;M1;6;21;4269,48553;4269,45000;DOWN
2026-06-09 21:43:00;M1;6;34;4267,17768;4265,09000;DOWN
2026-06-09 21:58:00;M1;6;21;4269,60187;4270,78000;UP
2026-06-09 22:01:00;M1;6;34;4268,84374;4267,74000;DOWN
2026-06-09 22:14:00;M1;6;55;4260,54972;4258,64000;DOWN
2026-06-09 22:50:00;M1;6;21;4253,23453;4256,74000;UP
2026-06-09 22:59:00;M1;6;34;4258,29303;4258,53000;UP
2026-06-09 23:04:00;M1;6;55;4259,68346;4260,70000;UP
2026-06-09 23:01:00;M1;6;34;4257,22064;4256,53000;DOWN
2026-06-09 23:07:00;M1;6;34;4256,43219;4257,64000;UP
2026-06-09 23:07:00;M1;6;55;4259,34684;4257,64000;DOWN
2026-06-09 23:15:00;M1;6;55;4259,08465;4259,59000;UP
2026-06-09 23:19:00;M1;6;55;4258,86354;4258,63000;DOWN
2026-06-09 23:25:00;M1;6;55;4258,68699;4258,84000;UP
2026-06-09 23:31:00;M1;6;55;4258,50338;4258,13000;DOWN
2026-06-09 23:37:00;M1;6;55;4258,37993;4260,64000;UP
2026-06-09 23:55:00;M1;6;21;4260,65143;4260,13000;DOWN
2026-06-10 01:01:00;M1;6;55;4257,87153;4253,91000;DOWN
2026-06-10 01:29:00;M1;6;21;4256,17643;4256,74000;UP
2026-06-10 01:36:00;M1;6;89;4252,44488;4252,07000;DOWN
2026-06-10 01:40:00;M1;6;21;4253,84098;4254,73000;UP
2026-06-10 01:43:00;M1;6;89;4252,25299;4251,17000;DOWN
2026-06-10 02:02:00;M1;6;21;4241,17025;4242,48000;UP
2026-06-10 02:12:00;M1;6;21;4239,28484;4238,89000;DOWN
2026-06-10 02:13:00;M1;6;21;4236,76286;4237,54000;UP
2026-06-10 02:19:00;M1;6;21;4233,68718;4233,13000;DOWN
2026-06-10 02:32:00;M1;6;21;4226,27889;4227,89000;UP
2026-06-10 02:37:00;M1;6;21;4222,97355;4221,94000;DOWN
2026-06-10 02:43:00;M1;6;21;4219,84563;4219,94000;UP
2026-06-10 02:49:00;M1;6;21;4217,36484;4212,99000;DOWN
2026-06-10 02:55:00;M1;6;21;4215,70447;4224,05000;UP
2026-06-10 03:01:00;M1;6;34;4218,98386;4218,46000;DOWN
2026-06-10 03:07:00;M1;6;34;4217,37361;4225,56000;UP
2026-06-10 03:14:00;M1;6;55;4223,84641;4225,10000;UP
2026-06-10 03:29:00;M1;6;55;4220,54137;4217,91000;DOWN
2026-06-10 03:32:00;M1;6;34;4213,96025;4208,37000;DOWN
2026-06-10 03:55:00;M1;6;21;4208,47082;4209,17000;UP
2026-06-10 04:01:00;M1;6;55;4207,99559;4203,47000;DOWN
2026-06-10 04:12:00;M1;6;21;4202,24559;4203,79000;UP
2026-06-10 04:15:00;M1;6;55;4204,01613;4204,81000;UP
2026-06-10 04:20:00;M1;6;89;4213,10187;4205,90000;DOWN
2026-06-10 04:27:00;M1;6;34;4201,27697;4202,33000;UP
2026-06-10 04:25:00;M1;6;21;4200,37043;4199,29000;DOWN
2026-06-10 04:32:00;M1;6;21;4200,13662;4201,04000;UP
2026-06-10 04:33:00;M1;6;55;4199,77602;4199,30000;DOWN
2026-06-10 04:37:00;M1;6;34;4199,18424;4200,57000;UP
2026-06-10 04:40:00;M1;6;21;4198,79250;4196,68000;DOWN
2026-06-10 04:43:00;M1;6;55;4196,60584;4185,10000;DOWN
2026-06-10 05:01:00;M1;6;21;4187,56880;4189,95000;UP
2026-06-10 05:07:00;M1;6;34;4187,67623;4181,91000;DOWN
2026-06-10 05:13:00;M1;6;21;4183,03704;4183,85000;UP
2026-06-10 05:19:00;M1;6;34;4184,18856;4180,89000;DOWN
2026-06-10 05:27:00;M1;6;21;4180,59054;4181,92000;UP
2026-06-10 05:32:00;M1;6;55;4182,34572;4177,87000;DOWN
2026-06-10 05:37:00;M1;6;21;4179,94358;4183,55000;UP
2026-06-10 05:43:00;M1;6;89;4184,51181;4181,83000;DOWN
2026-06-10 05:49:00;M1;6;89;4182,76355;4187,49000;UP
2026-06-10 05:51:00;M1;6;55;4178,58056;4177,39000;DOWN
2026-06-10 05:55:00;M1;6;89;4181,01330;4175,92000;DOWN
2026-06-10 06:05:00;M1;6;21;4177,54600;4178,62000;UP
2026-06-10 06:07:00;M1;6;89;4177,72389;4175,59000;DOWN
2026-06-10 06:13:00;M1;6;21;4175,77777;4177,15000;UP
2026-06-10 06:21:00;M1;6;89;4174,72473;4174,28000;DOWN
2026-06-10 06:25:00;M1;6;21;4174,73629;4175,73000;UP
2026-06-10 07:07:00;M1;6;21;4183,02801;4182,18000;DOWN
2026-06-10 07:21:00;M1;6;34;4179,03063;4178,51000;DOWN
2026-06-10 07:25:00;M1;6;34;4179,12121;4179,63000;UP
2026-06-10 07:31:00;M1;6;34;4178,88172;4174,89000;DOWN
2026-06-10 07:56:00;M1;6;21;4174,12475;4174,16000;UP
2026-06-10 08:02:00;M1;6;34;4176,22417;4176,48000;UP
2026-06-10 09:17:00;M1;6;21;4212,63324;4212,11000;DOWN
2026-06-10 09:20:00;M1;6;21;4215,68443;4216,34000;UP
2026-06-10 09:25:00;M1;6;21;4217,69044;4211,75000;DOWN
2026-06-10 09:31:00;M1;6;34;4210,82886;4208,64000;DOWN
2026-06-10 09:49:00;M1;6;55;4205,19786;4203,20000;DOWN
2026-06-10 10:25:00;M1;6;89;4197,13494;4196,31000;DOWN
2026-06-10 11:16:00;M1;6;21;4175,19669;4176,00000;UP
2026-06-10 11:20:00;M1;6;21;4171,67517;4170,94000;DOWN
2026-06-10 11:25:00;M1;6;21;4169,14065;4171,06000;UP
2026-06-10 11:36:00;M1;6;34;4174,73534;4175,25000;UP
2026-06-10 11:45:00;M1;6;34;4170,15078;4169,33000;DOWN
2026-06-10 11:49:00;M1;6;34;4168,45801;4174,17000;UP
2026-06-10 12:02:00;M1;6;21;4166,60146;4165,83000;DOWN
2026-06-10 12:07:00;M1;6;21;4166,81424;4169,62000;UP
2026-06-10 12:14:00;M1;6;21;4167,29284;4165,01000;DOWN
2026-06-10 12:19:00;M1;6;21;4167,47382;4171,26000;UP
2026-06-10 12:25:00;M1;6;55;4169,44587;4170,85000;UP
2026-06-10 12:28:00;M1;6;21;4167,24644;4166,47000;DOWN
2026-06-10 12:31:00;M1;6;21;4168,03843;4169,01000;UP
2026-06-10 12:47:00;M1;6;21;4168,80992;4167,98000;DOWN
2026-06-10 12:59:00;M1;6;21;4167,98594;4168,63000;UP
2026-06-10 13:06:00;M1;6;34;4164,56111;4162,69000;DOWN
2026-06-10 13:07:00;M1;6;55;4161,37949;4156,14000;DOWN
2026-06-10 13:13:00;M1;6;55;4160,38458;4160,41000;UP
2026-06-10 13:19:00;M1;6;21;4163,56583;4164,41000;UP
2026-06-10 13:37:00;M1;6;89;4167,87320;4168,79000;UP
2026-06-10 14:03:00;M1;6;89;4164,10164;4161,69000;DOWN
2026-06-10 14:11:00;M1;6;89;4163,35564;4164,67000;UP
2026-06-10 14:15:00;M1;6;21;4168,61688;4170,89000;UP
2026-06-10 14:19:00;M1;6;34;4166,21624;4164,82000;DOWN
2026-06-10 14:29:00;M1;6;34;4166,33956;4166,48000;UP
2026-06-10 14:25:00;M1;6;89;4161,56833;4158,76000;DOWN
2026-06-10 14:32:00;M1;6;55;4161,77702;4162,46000;UP
2026-06-10 14:31:00;M1;6;34;4166,31385;4161,75000;DOWN
2026-06-10 14:38:00;M1;6;89;4160,44238;4157,36000;DOWN
2026-06-10 14:51:00;M1;6;21;4161,12645;4162,35000;UP
2026-06-10 14:55:00;M1;6;89;4158,28239;4153,03000;DOWN
2026-06-10 15:26:00;M1;6;21;4139,29585;4140,77000;UP
2026-06-10 15:56:00;M1;6;89;4148,96991;4144,26000;DOWN
2026-06-10 16:01:00;M1;6;21;4150,73839;4154,55000;UP
2026-06-10 16:10:00;M1;6;21;4152,27684;4152,17000;DOWN
2026-06-10 16:13:00;M1;6;21;4152,04353;4155,00000;UP
2026-06-10 16:15:00;M1;6;89;4147,73052;4142,27000;DOWN
2026-06-10 16:19:00;M1;6;21;4150,62977;4135,65000;DOWN
2026-06-10 16:27:00;M1;6;21;4149,33944;4149,92000;UP
2026-06-10 16:33:00;M1;6;89;4145,98615;4144,96000;DOWN
2026-06-10 16:37:00;M1;6;21;4150,22235;4161,72000;UP
2026-06-10 17:01:00;M1;6;21;4171,85075;4171,76000;DOWN
2026-06-10 17:13:00;M1;6;21;4178,39341;4179,12000;UP
2026-06-10 17:19:00;M1;6;34;4170,08662;4168,26000;DOWN
2026-06-10 17:28:00;M1;6;55;4160,34346;4160,26000;DOWN
2026-06-10 17:43:00;M1;6;89;4154,51739;4153,25000;DOWN
2026-06-10 18:20:00;M1;6;21;4120,54990;4124,24000;UP
2026-06-10 18:43:00;M1;6;34;4124,03632;4128,25000;UP
2026-06-10 18:49:00;M1;6;34;4120,68380;4118,18000;DOWN
2026-06-10 18:55:00;M1;6;21;4115,51117;4118,26000;UP
2026-06-10 19:09:00;M1;6;55;4129,72638;4130,08000;UP
2026-06-10 19:32:00;M1;6;55;4122,90275;4122,21000;DOWN
2026-06-10 19:37:00;M1;6;21;4127,67078;4130,66000;UP
2026-06-10 19:47:00;M1;6;55;4120,00712;4116,73000;DOWN
2026-06-10 19:49:00;M1;6;34;4118,78508;4120,38000;UP
2026-06-10 20:00:00;M1;6;21;4124,14735;4125,01000;UP
2026-06-10 19:55:00;M1;6;34;4118,98095;4118,21000;DOWN
2026-06-10 20:01:00;M1;6;34;4119,31725;4123,56000;UP
2026-06-10 20:07:00;M1;6;89;4125,39896;4124,72000;DOWN
2026-06-10 20:22:00;M1;6;55;4113,45753;4111,20000;DOWN
2026-06-10 20:26:00;M1;6;55;4112,56931;4113,35000;UP
2026-06-10 20:31:00;M1;6;55;4111,70625;4107,17000;DOWN
2026-06-10 20:46:00;M1;6;21;4108,75214;4110,73000;UP
2026-06-10 20:51:00;M1;6;55;4108,93302;4107,83000;DOWN
2026-06-10 20:55:00;M1;6;21;4106,43238;4112,15000;UP
2026-06-10 21:25:00;M1;6;21;4111,62066;4110,52000;DOWN
2026-06-10 21:35:00;M1;6;34;4109,00525;4107,87000;DOWN
2026-06-10 21:42:00;M1;6;89;4105,98140;4104,81000;DOWN
2026-06-10 21:48:00;M1;6;55;4106,10191;4106,59000;UP
2026-06-10 21:50:00;M1;6;89;4104,23326;4097,72000;DOWN
2026-06-10 22:31:00;M1;6;21;4084,86325;4087,05000;UP
2026-06-10 22:40:00;M1;6;34;4089,84004;4090,81000;UP
2026-06-10 22:47:00;M1;6;34;4087,64528;4087,57000;DOWN
2026-06-10 22:49:00;M1;6;34;4085,86085;4088,35000;UP
2026-06-10 22:55:00;M1;6;55;4088,74736;4083,88000;DOWN
2026-06-10 23:01:00;M1;6;21;4079,36000;4078,74000;DOWN
2026-06-10 23:19:00;M1;6;21;4073,86884;4073,94000;UP
2026-06-10 23:26:00;M1;6;55;4079,13868;4079,50000;UP
2026-06-10 23:31:00;M1;6;55;4077,26584;4075,24000;DOWN
2026-06-10 23:37:00;M1;6;55;4075,49647;4076,48000;UP
2026-06-10 23:43:00;M1;6;55;4073,68879;4071,61000;DOWN
2026-06-10 23:54:00;M1;6;34;4068,91364;4069,01000;UP
2026-06-10 23:55:00;M1;6;21;4068,42737;4069,71000;UP
2026-06-11 01:01:00;M1;6;55;4068,31375;4065,86000;DOWN
2026-06-11 01:30:00;M1;6;21;4048,03669;4051,08000;UP
2026-06-11 01:31:00;M1;6;34;4050,83019;4051,46000;UP
2026-06-11 01:37:00;M1;6;89;4060,30806;4062,59000;UP
2026-06-11 01:53:00;M1;6;89;4056,69497;4053,57000;DOWN
2026-06-11 01:58:00;M1;6;55;4048,68064;4048,23000;DOWN
2026-06-11 02:01:00;M1;6;21;4048,15247;4049,88000;UP
2026-06-11 02:07:00;M1;6;55;4046,04411;4044,79000;DOWN
2026-06-11 02:20:00;M1;6;21;4042,23442;4043,52000;UP
2026-06-11 02:25:00;M1;6;89;4046,00850;4048,03000;UP
2026-06-11 02:45:00;M1;6;21;4049,99953;4049,32000;DOWN
2026-06-11 02:50:00;M1;6;21;4051,91699;4051,92000;UP
2026-06-11 02:57:00;M1;6;34;4046,75862;4046,73000;DOWN
2026-06-11 03:01:00;M1;6;21;4052,95679;4056,83000;UP
2026-06-11 03:10:00;M1;6;89;4039,43195;4037,44000;DOWN
2026-06-11 03:15:00;M1;6;21;4054,06896;4057,01000;UP
2026-06-11 03:25:00;M1;6;21;4059,79323;4059,20000;DOWN
2026-06-11 03:31:00;M1;6;21;4062,82778;4068,35000;UP
2026-06-11 03:37:00;M1;6;21;4065,94858;4061,89000;DOWN
2026-06-11 03:46:00;M1;6;21;4068,73232;4070,04000;UP
2026-06-11 03:53:00;M1;6;21;4071,21904;4069,95000;DOWN
2026-06-11 03:56:00;M1;6;21;4073,83866;4076,05000;UP
2026-06-11 04:07:00;M1;6;34;4072,82908;4068,61000;DOWN
2026-06-11 04:13:00;M1;6;21;4083,91013;4083,93000;UP
2026-06-11 04:45:00;M1;6;21;4112,60435;4107,46000;DOWN
2026-06-11 04:53:00;M1;6;34;4106,34640;4105,43000;DOWN
2026-06-11 05:02:00;M1;6;55;4096,70893;4096,06000;DOWN
2026-06-11 05:31:00;M1;6;89;4081,66924;4072,88000;DOWN
2026-06-11 05:55:00;M1;6;21;4060,96039;4066,40000;UP
2026-06-11 06:09:00;M1;6;34;4075,65048;4076,44000;UP
2026-06-11 06:13:00;M1;6;34;4072,01504;4068,09000;DOWN
2026-06-11 06:30:00;M1;6;34;4065,18848;4066,77000;UP
2026-06-11 07:01:00;M1;6;55;4073,00983;4074,07000;UP
2026-06-11 07:14:00;M1;6;89;4081,68768;4082,75000;UP
2026-06-11 07:19:00;M1;6;89;4081,70452;4081,59000;DOWN
2026-06-11 07:30:00;M1;6;89;4081,71387;4082,53000;UP
2026-06-11 07:27:00;M1;6;21;4079,05737;4076,97000;DOWN
2026-06-11 07:31:00;M1;6;21;4080,43555;4082,51000;UP
2026-06-11 07:33:00;M1;6;89;4081,68052;4079,53000;DOWN
2026-06-11 07:42:00;M1;6;89;4081,64262;4081,94000;UP
2026-06-11 07:37:00;M1;6;21;4081,39350;4076,40000;DOWN
2026-06-11 07:43:00;M1;6;21;4082,48773;4082,83000;UP
2026-06-11 07:51:00;M1;6;89;4081,64517;4080,51000;DOWN
2026-06-11 07:55:00;M1;6;89;4081,63998;4083,48000;UP
2026-06-11 08:00:00;M1;6;34;4078,62774;4077,31000;DOWN
2026-06-11 08:01:00;M1;6;89;4081,56863;4077,44000;DOWN
2026-06-11 08:27:00;M1;6;55;4074,65221;4073,89000;DOWN
2026-06-11 08:31:00;M1;6;21;4080,91739;4084,19000;UP
2026-06-11 09:00:00;M1;6;21;4093,36430;4090,57000;DOWN
2026-06-11 09:06:00;M1;6;89;4081,94245;4080,03000;DOWN
2026-06-11 09:12:00;M1;6;89;4082,27010;4082,54000;UP
2026-06-11 09:17:00;M1;6;55;4086,76569;4088,35000;UP
2026-06-11 09:13:00;M1;6;89;4082,63389;4081,35000;DOWN
2026-06-11 09:19:00;M1;6;89;4083,01191;4086,65000;UP
2026-06-11 09:19:00;M1;6;55;4087,60821;4086,65000;DOWN
2026-06-11 09:25:00;M1;6;21;4090,73577;4092,46000;UP
2026-06-11 09:31:00;M1;6;55;4088,73237;4087,17000;DOWN
2026-06-11 09:37:00;M1;6;21;4088,20640;4089,65000;UP
2026-06-11 09:44:00;M1;6;34;4090,79631;4092,72000;UP
2026-06-11 09:43:00;M1;6;55;4089,79384;4089,79000;DOWN
2026-06-11 09:49:00;M1;6;55;4090,53902;4091,82000;UP
2026-06-11 10:09:00;M1;6;34;4093,60525;4093,56000;DOWN
2026-06-11 10:13:00;M1;6;34;4094,55800;4096,02000;UP
2026-06-11 10:36:00;M1;6;21;4104,00634;4101,97000;DOWN
2026-06-11 10:42:00;M1;6;21;4106,22772;4108,78000;UP
2026-06-11 10:44:00;M1;6;21;4107,91863;4107,54000;DOWN
2026-06-11 10:50:00;M1;6;55;4102,38507;4100,17000;DOWN
2026-06-11 11:00:00;M1;6;21;4109,12623;4109,70000;UP
2026-06-11 11:04:00;M1;6;34;4106,81620;4106,09000;DOWN
2026-06-11 11:09:00;M1;6;21;4109,58116;4111,72000;UP
2026-06-11 11:14:00;M1;6;55;4106,38696;4106,17000;DOWN
2026-06-11 11:21:00;M1;6;89;4101,45971;4101,19000;DOWN
2026-06-11 11:26:00;M1;6;89;4102,27284;4103,25000;UP
2026-06-11 11:31:00;M1;6;89;4102,92438;4096,70000;DOWN
2026-06-11 12:12:00;M1;6;21;4085,23545;4085,37000;UP
2026-06-11 12:29:00;M1;6;21;4079,93136;4079,44000;DOWN
2026-06-11 12:31:00;M1;6;21;4078,89661;4079,89000;UP
2026-06-11 12:37:00;M1;6;34;4083,56761;4085,31000;UP
2026-06-11 12:46:00;M1;6;55;4092,78952;4094,52000;UP
2026-06-11 12:58:00;M1;6;55;4090,90325;4090,65000;DOWN
2026-06-11 13:01:00;M1;6;55;4090,21417;4093,34000;UP
2026-06-11 13:17:00;M1;6;55;4089,05221;4087,15000;DOWN
2026-06-11 13:23:00;M1;6;21;4091,92595;4093,86000;UP
2026-06-11 13:29:00;M1;6;55;4088,07316;4087,63000;DOWN
2026-06-11 13:31:00;M1;6;55;4087,59016;4090,21000;UP
2026-06-11 13:51:00;M1;6;21;4091,33301;4092,93000;UP
2026-06-11 13:49:00;M1;6;34;4088,90761;4088,51000;DOWN
2026-06-11 13:57:00;M1;6;34;4089,49936;4090,18000;UP
2026-06-11 13:55:00;M1;6;21;4091,01449;4088,78000;DOWN
2026-06-11 14:03:00;M1;6;21;4090,85737;4090,97000;UP
2026-06-11 14:01:00;M1;6;34;4090,06621;4087,80000;DOWN
2026-06-11 14:07:00;M1;6;34;4090,61368;4091,96000;UP
2026-06-11 14:12:00;M1;6;21;4090,97241;4090,11000;DOWN
2026-06-11 14:14:00;M1;6;55;4086,94396;4086,13000;DOWN
2026-06-11 14:23:00;M1;6;55;4087,08032;4087,73000;UP
2026-06-11 14:29:00;M1;6;21;4090,01570;4090,31000;UP
2026-06-11 14:25:00;M1;6;55;4087,27021;4084,85000;DOWN
2026-06-11 14:31:00;M1;6;55;4087,38313;4093,26000;UP
2026-06-11 14:34:00;M1;6;34;4090,44130;4088,23000;DOWN
2026-06-11 14:37:00;M1;6;89;4091,28703;4087,60000;DOWN
2026-06-11 14:51:00;M1;6;21;4085,79353;4085,85000;UP
2026-06-11 14:57:00;M1;6;21;4084,43733;4082,24000;DOWN
2026-06-11 15:01:00;M1;6;21;4083,57636;4084,03000;UP
2026-06-11 15:07:00;M1;6;55;4085,76781;4081,34000;DOWN
2026-06-11 15:16:00;M1;6;21;4080,17768;4080,20000;UP
2026-06-11 15:19:00;M1;6;21;4077,42382;4075,09000;DOWN
2026-06-11 15:40:00;M1;6;21;4067,38311;4068,55000;UP
2026-06-11 15:44:00;M1;6;34;4071,86884;4073,33000;UP
2026-06-11 15:50:00;M1;6;55;4076,37726;4074,81000;DOWN
2026-06-11 15:55:00;M1;6;55;4075,57114;4082,81000;UP
2026-06-11 16:01:00;M1;6;89;4078,80253;4078,50000;DOWN
2026-06-11 16:07:00;M1;6;89;4078,26475;4080,08000;UP
2026-06-11 16:13:00;M1;6;89;4077,78127;4074,71000;DOWN
2026-06-11 16:23:00;M1;6;21;4076,58895;4077,24000;UP
2026-06-11 16:27:00;M1;6;89;4076,97315;4077,73000;UP
2026-06-11 16:25:00;M1;6;55;4073,89666;4072,63000;DOWN
2026-06-11 16:31:00;M1;6;21;4078,10999;4078,69000;UP
2026-06-11 16:32:00;M1;6;89;4076,58455;4076,36000;DOWN
2026-06-11 16:37:00;M1;6;89;4076,11524;4079,21000;UP
2026-06-11 16:38:00;M1;6;55;4073,09921;4071,07000;DOWN
2026-06-11 16:45:00;M1;6;21;4078,69468;4082,30000;UP
2026-06-11 16:43:00;M1;6;89;4075,85336;4075,53000;DOWN
2026-06-11 16:49:00;M1;6;89;4075,76403;4083,70000;UP
2026-06-11 17:00:00;M1;6;21;4082,42319;4081,51000;DOWN
2026-06-11 17:01:00;M1;6;21;4082,78134;4084,14000;UP
2026-06-11 17:05:00;M1;6;89;4075,60797;4073,27000;DOWN
2026-06-11 17:07:00;M1;6;55;4074,05912;4075,24000;UP
2026-06-11 17:07:00;M1;6;21;4080,16843;4075,24000;DOWN
2026-06-11 17:13:00;M1;6;89;4074,62230;4058,06000;DOWN
2026-06-11 17:23:00;M1;6;21;4073,93770;4079,72000;UP
2026-06-11 17:30:00;M1;6;89;4073,62981;4072,76000;DOWN
2026-06-11 17:35:00;M1;6;34;4074,79527;4075,87000;UP
2026-06-11 17:33:00;M1;6;55;4072,34866;4070,98000;DOWN
2026-06-11 17:38:00;M1;6;21;4072,90581;4079,31000;UP
2026-06-11 17:37:00;M1;6;34;4074,94698;4072,88000;DOWN
2026-06-11 17:43:00;M1;6;34;4075,10329;4081,13000;UP
2026-06-11 17:58:00;M1;6;55;4073,11020;4072,44000;DOWN
2026-06-11 18:03:00;M1;6;21;4074,16428;4075,68000;UP
2026-06-11 18:01:00;M1;6;89;4071,83292;4071,14000;DOWN
2026-06-11 18:07:00;M1;6;89;4071,77589;4082,90000;UP
2026-06-11 18:23:00;M1;6;21;4078,62542;4078,48000;DOWN
2026-06-11 18:26:00;M1;6;21;4079,78526;4081,41000;UP
2026-06-11 18:31:00;M1;6;21;4080,47144;4080,12000;DOWN
2026-06-11 18:37:00;M1;6;21;4081,73757;4084,42000;UP
2026-06-11 18:55:00;M1;6;21;4088,25981;4088,11000;DOWN
2026-06-11 19:01:00;M1;6;21;4089,89006;4091,06000;UP
2026-06-11 19:24:00;M1;6;34;4091,37703;4087,76000;DOWN
2026-06-11 19:25:00;M1;6;55;4086,42231;4084,22000;DOWN
2026-06-11 19:45:00;M1;6;89;4081,59803;4080,39000;DOWN
2026-06-11 20:19:00;M1;6;21;4075,41281;4078,38000;UP
2026-06-11 20:28:00;M1;6;34;4083,06985;4089,96000;UP
2026-06-11 20:56:00;M1;6;21;4147,94946;4147,84000;DOWN
2026-06-11 21:28:00;M1;6;34;4152,44997;4152,20000;DOWN
2026-06-11 21:36:00;M1;6;34;4157,47164;4157,87000;UP
2026-06-11 21:37:00;M1;6;34;4162,14210;4158,58000;DOWN
2026-06-11 21:47:00;M1;6;21;4166,94541;4167,83000;UP
2026-06-11 21:49:00;M1;6;34;4170,77651;4168,10000;DOWN
2026-06-11 22:00:00;M1;6;21;4168,30542;4171,94000;UP
2026-06-11 22:11:00;M1;6;34;4179,18873;4180,66000;UP
2026-06-11 22:07:00;M1;6;21;4172,31191;4172,12000;DOWN
2026-06-11 22:13:00;M1;6;21;4176,28934;4184,23000;UP
2026-06-11 22:49:00;M1;6;21;4215,15125;4210,07000;DOWN
2026-06-11 22:57:00;M1;6;34;4211,73430;4211,69000;DOWN
2026-06-11 23:01:00;M1;6;34;4215,30979;4215,89000;UP
2026-06-11 23:03:00;M1;6;55;4210,95656;4210,07000;DOWN
2026-06-11 23:12:00;M1;6;55;4214,96690;4218,45000;UP
2026-06-11 23:07:00;M1;6;34;4218,41359;4210,63000;DOWN
2026-06-11 23:13:00;M1;6;55;4218,39028;4214,98000;DOWN
2026-06-11 23:43:00;M1;6;89;4213,80826;4211,16000;DOWN
2026-06-12 01:01:00;M1;6;21;4214,05659;4215,51000;UP
2026-06-12 01:07:00;M1;6;21;4212,49344;4209,40000;DOWN
2026-06-12 01:22:00;M1;6;21;4210,26834;4211,41000;UP
2026-06-12 01:25:00;M1;6;21;4210,12475;4207,89000;DOWN
2026-06-12 01:31:00;M1;6;21;4210,47147;4213,04000;UP
2026-06-12 01:40:00;M1;6;34;4217,41574;4217,83000;UP
2026-06-12 01:46:00;M1;6;55;4233,10532;4233,11000;UP
2026-06-12 01:49:00;M1;6;55;4233,48302;4231,93000;DOWN
2026-06-12 01:55:00;M1;6;55;4234,30051;4234,78000;UP
2026-06-12 02:01:00;M1;6;89;4242,57602;4240,05000;DOWN
2026-06-12 02:09:00;M1;6;34;4226,07413;4225,83000;DOWN
2026-06-12 02:45:00;M1;6;21;4221,54677;4223,26000;UP
2026-06-12 02:51:00;M1;6;21;4218,94494;4218,78000;DOWN
2026-06-12 02:55:00;M1;6;21;4217,12186;4218,76000;UP
2026-06-12 03:08:00;M1;6;21;4215,88037;4215,84000;DOWN
2026-06-12 03:13:00;M1;6;21;4214,80174;4216,40000;UP
2026-06-12 03:23:00;M1;6;34;4220,13920;4221,67000;UP
2026-06-12 03:26:00;M1;6;55;4225,93253;4227,56000;UP
2026-06-12 03:33:00;M1;6;55;4225,43500;4222,73000;DOWN
2026-06-12 03:37:00;M1;6;34;4217,81742;4216,76000;DOWN
2026-06-12 04:23:00;M1;6;21;4191,54193;4191,59000;UP
2026-06-12 04:25:00;M1;6;21;4187,05441;4184,69000;DOWN
2026-06-12 04:39:00;M1;6;21;4178,42079;4179,06000;UP
2026-06-12 04:45:00;M1;6;34;4185,25581;4185,26000;UP
2026-06-12 05:02:00;M1;6;55;4189,70329;4192,91000;UP
2026-06-12 05:27:00;M1;6;21;4188,35850;4187,67000;DOWN
2026-06-12 05:34:00;M1;6;55;4183,79443;4182,92000;DOWN
2026-06-12 05:38:00;M1;6;21;4189,56671;4190,03000;UP
2026-06-12 05:43:00;M1;6;21;4189,06308;4186,62000;DOWN
2026-06-12 05:49:00;M1;6;21;4188,64149;4190,55000;UP
2026-06-12 06:01:00;M1;6;89;4194,10304;4194,79000;UP
2026-06-12 06:08:00;M1;6;89;4192,70989;4192,67000;DOWN
2026-06-12 06:13:00;M1;6;89;4191,54287;4193,17000;UP
2026-06-12 06:20:00;M1;6;21;4193,25729;4193,23000;DOWN
2026-06-12 06:25:00;M1;6;21;4195,66555;4199,57000;UP
2026-06-12 06:47:00;M1;6;34;4196,88223;4196,08000;DOWN
2026-06-12 06:53:00;M1;6;34;4198,16420;4198,85000;UP
2026-06-12 06:57:00;M1;6;34;4199,09074;4198,74000;DOWN
2026-06-12 07:03:00;M1;6;34;4199,63909;4200,26000;UP
2026-06-12 07:07:00;M1;6;34;4199,83219;4193,17000;DOWN
2026-06-12 07:16:00;M1;6;55;4192,19808;4191,81000;DOWN
2026-06-12 07:24:00;M1;6;55;4192,79961;4193,15000;UP
2026-06-12 07:25:00;M1;6;55;4193,26710;4192,32000;DOWN
2026-06-12 07:31:00;M1;6;21;4193,74972;4195,81000;UP
2026-06-12 07:42:00;M1;6;55;4194,12801;4193,77000;DOWN
2026-06-12 07:46:00;M1;6;21;4192,65502;4191,66000;DOWN
2026-06-12 07:54:00;M1;6;21;4192,07034;4192,28000;UP
2026-06-12 07:55:00;M1;6;21;4191,35383;4191,20000;DOWN
2026-06-12 08:08:00;M1;6;89;4186,93961;4185,90000;DOWN
2026-06-12 08:14:00;M1;6;21;4187,53492;4188,89000;UP
2026-06-12 08:19:00;M1;6;89;4186,73696;4185,99000;DOWN
2026-06-12 08:25:00;M1;6;21;4185,53680;4188,33000;UP
2026-06-12 08:31:00;M1;6;89;4186,44592;4185,04000;DOWN
2026-06-12 08:44:00;M1;6;21;4179,79919;4180,40000;UP
2026-06-12 08:50:00;M1;6;21;4177,69906;4173,16000;DOWN
2026-06-12 09:00:00;M1;6;21;4175,68307;4177,97000;UP
2026-06-12 09:01:00;M1;6;34;4178,25256;4178,36000;UP
2026-06-12 09:10:00;M1;6;55;4183,54557;4184,29000;UP
2026-06-12 09:14:00;M1;6;89;4183,27278;4182,80000;DOWN
2026-06-12 09:22:00;M1;6;55;4181,56209;4181,67000;UP
2026-06-12 09:27:00;M1;6;55;4180,79695;4180,55000;DOWN
2026-06-12 09:35:00;M1;6;55;4180,10866;4180,15000;UP
2026-06-12 09:31:00;M1;6;21;4178,83454;4178,73000;DOWN
2026-06-12 09:37:00;M1;6;55;4179,44574;4177,20000;DOWN
2026-06-12 09:46:00;M1;6;34;4176,55718;4176,92000;UP
2026-06-12 09:50:00;M1;6;55;4178,09764;4178,52000;UP
2026-06-12 09:49:00;M1;6;34;4176,51497;4176,25000;DOWN
2026-06-12 09:57:00;M1;6;21;4180,07026;4180,61000;UP
2026-06-12 10:02:00;M1;6;89;4180,20885;4180,02000;DOWN
2026-06-12 10:07:00;M1;6;21;4180,05527;4180,87000;UP
2026-06-12 10:13:00;M1;6;89;4179,41001;4178,72000;DOWN
2026-06-12 10:20:00;M1;6;34;4177,56803;4177,84000;UP
2026-06-12 10:25:00;M1;6;21;4177,84281;4178,38000;UP
2026-06-12 10:29:00;M1;6;55;4175,56333;4174,09000;DOWN
2026-06-12 10:36:00;M1;6;34;4177,15976;4178,42000;UP
2026-06-12 10:31:00;M1;6;89;4177,99503;4174,82000;DOWN
2026-06-12 10:37:00;M1;6;21;4176,83805;4177,70000;UP
2026-06-12 10:38:00;M1;6;34;4177,08364;4176,59000;DOWN
2026-06-12 10:43:00;M1;6;34;4177,06324;4183,00000;UP
2026-06-12 10:49:00;M1;6;89;4176,66354;4175,07000;DOWN
2026-06-12 10:56:00;M1;6;21;4178,38932;4182,06000;UP
2026-06-12 11:40:00;M1;6;21;4216,96581;4213,25000;DOWN
2026-06-12 12:07:00;M1;6;34;4222,07836;4221,59000;DOWN
2026-06-12 12:16:00;M1;6;34;4225,13923;4226,07000;UP
2026-06-12 12:19:00;M1;6;34;4227,61134;4223,47000;DOWN
2026-06-12 12:49:00;M1;6;55;4226,57252;4223,92000;DOWN
2026-06-12 13:17:00;M1;6;89;4216,82362;4216,30000;DOWN
2026-06-12 13:32:00;M1;6;21;4216,22482;4218,52000;UP
2026-06-12 13:56:00;M1;6;21;4211,51374;4210,75000;DOWN
2026-06-12 14:01:00;M1;6;21;4210,25071;4210,82000;UP
2026-06-12 14:07:00;M1;6;21;4208,76034;4208,57000;DOWN
2026-06-12 14:21:00;M1;6;21;4206,70046;4207,08000;UP
2026-06-12 14:25:00;M1;6;34;4208,49713;4209,24000;UP
2026-06-12 14:28:00;M1;6;21;4205,64518;4205,54000;DOWN
2026-06-12 14:31:00;M1;6;34;4206,75858;4201,21000;DOWN
2026-06-12 14:40:00;M1;6;21;4203,45405;4204,42000;UP
2026-06-12 14:54:00;M1;6;55;4214,32044;4214,84000;UP
2026-06-12 14:55:00;M1;6;55;4213,02237;4211,87000;DOWN
2026-06-12 15:02:00;M1;6;21;4205,86124;4205,91000;UP
2026-06-12 15:10:00;M1;6;55;4210,76630;4211,41000;UP
2026-06-12 15:07:00;M1;6;21;4206,75706;4206,07000;DOWN
2026-06-12 15:13:00;M1;6;21;4207,83790;4210,57000;UP
2026-06-12 15:20:00;M1;6;55;4209,03437;4204,58000;DOWN
2026-06-12 15:50:00;M1;6;21;4198,70247;4200,36000;UP
2026-06-12 15:55:00;M1;6;21;4196,19610;4190,66000;DOWN
2026-06-12 16:02:00;M1;6;21;4194,32319;4196,64000;UP
2026-06-12 16:07:00;M1;6;34;4196,92638;4200,17000;UP
2026-06-12 16:13:00;M1;6;55;4197,68872;4196,18000;DOWN
2026-06-12 16:19:00;M1;6;34;4196,29576;4202,50000;UP
2026-06-12 16:38:00;M1;6;89;4206,35771;4208,58000;UP
2026-06-12 16:40:00;M1;6;55;4196,17943;4191,45000;DOWN
2026-06-12 16:43:00;M1;6;89;4205,18548;4188,35000;DOWN
2026-06-12 17:01:00;M1;6;21;4190,59596;4195,01000;UP
2026-06-12 17:13:00;M1;6;55;4190,79279;4189,78000;DOWN
2026-06-12 17:19:00;M1;6;55;4189,98147;4190,09000;UP
2026-06-12 17:21:00;M1;6;34;4189,26656;4185,68000;DOWN
2026-06-12 17:25:00;M1;6;21;4187,21308;4189,73000;UP
2026-06-12 17:29:00;M1;6;55;4189,22365;4188,63000;DOWN
2026-06-12 17:35:00;M1;6;55;4188,52467;4188,86000;UP
2026-06-12 17:31:00;M1;6;34;4188,34217;4184,93000;DOWN
2026-06-12 17:37:00;M1;6;21;4186,20680;4187,88000;UP
2026-06-12 17:41:00;M1;6;55;4187,79039;4184,96000;DOWN
2026-06-12 17:43:00;M1;6;34;4186,49614;4183,02000;DOWN
2026-06-12 17:52:00;M1;6;21;4186,12493;4194,67000;UP
2026-06-12 18:32:00;M1;6;21;4220,47988;4219,05000;DOWN
2026-06-12 18:44:00;M1;6;34;4214,00683;4210,96000;DOWN
2026-06-12 19:13:00;M1;6;21;4219,62974;4221,10000;UP
2026-06-12 19:20:00;M1;6;34;4222,33894;4222,06000;DOWN
2026-06-12 19:35:00;M1;6;55;4215,77352;4213,14000;DOWN
2026-06-12 19:40:00;M1;6;21;4217,93948;4219,12000;UP
2026-06-12 19:43:00;M1;6;55;4218,47747;4214,54000;DOWN
2026-06-12 19:58:00;M1;6;21;4216,80899;4217,20000;UP
2026-06-12 20:06:00;M1;6;34;4221,16265;4221,64000;UP
2026-06-12 20:08:00;M1;6;55;4222,01925;4219,83000;DOWN
2026-06-12 20:13:00;M1;6;21;4217,51092;4215,88000;DOWN
2026-06-12 20:20:00;M1;6;21;4217,91890;4223,19000;UP
2026-06-12 20:25:00;M1;6;34;4220,02119;4219,88000;DOWN
2026-06-12 20:32:00;M1;6;21;4218,91982;4219,24000;UP
2026-06-12 20:37:00;M1;6;34;4220,12035;4220,35000;UP
2026-06-12 20:38:00;M1;6;21;4219,51568;4218,13000;DOWN
2026-06-12 20:43:00;M1;6;21;4220,36562;4222,38000;UP
2026-06-12 20:55:00;M1;6;34;4221,15546;4220,46000;DOWN
2026-06-12 21:01:00;M1;6;34;4221,30898;4221,56000;UP
2026-06-12 21:05:00;M1;6;89;4219,32528;4218,76000;DOWN
2026-06-12 21:11:00;M1;6;21;4222,69068;4224,44000;UP
2026-06-12 21:07:00;M1;6;34;4221,64474;4219,15000;DOWN
2026-06-12 21:13:00;M1;6;34;4222,16078;4227,39000;UP
2026-06-12 21:26:00;M1;6;55;4225,73097;4225,45000;DOWN
2026-06-12 21:31:00;M1;6;21;4226,91569;4227,03000;UP
2026-06-12 21:37:00;M1;6;55;4226,66074;4226,15000;DOWN
2026-06-12 21:43:00;M1;6;21;4228,08494;4229,27000;UP
2026-06-12 21:47:00;M1;6;89;4225,90356;4225,64000;DOWN
2026-06-12 21:49:00;M1;6;55;4227,40941;4222,87000;DOWN
2026-06-12 22:49:00;M1;6;21;4203,78212;4206,96000;UP
2026-06-12 22:58:00;M1;6;34;4209,45403;4210,48000;UP
2026-06-12 23:15:00;M1;6;55;4213,23754;4213,41000;UP
2026-06-12 23:43:00;M1;6;21;4213,88139;4213,52000;DOWN
2026-06-12 23:50:00;M1;6;21;4214,99098;4216,02000;UP
2026-06-12 23:56:00;M1;6;89;4217,81966;4218,59000;UP
2026-06-15 01:25:00;M1;6;21;4290,64006;4289,41000;DOWN
2026-06-15 01:51:00;M1;6;34;4291,20706;4290,52000;DOWN
2026-06-15 02:17:00;M1;6;55;4282,56183;4281,91000;DOWN
2026-06-15 02:38:00;M1;6;21;4285,59628;4285,71000;UP
2026-06-15 02:43:00;M1;6;21;4284,97613;4284,84000;DOWN
2026-06-15 02:49:00;M1;6;21;4285,56962;4293,80000;UP
2026-06-15 03:12:00;M1;6;34;4298,95087;4299,52000;UP
2026-06-15 03:29:00;M1;6;21;4301,09800;4300,95000;DOWN
2026-06-15 03:33:00;M1;6;21;4303,55036;4305,49000;UP
2026-06-15 03:31:00;M1;6;34;4301,50369;4297,22000;DOWN
2026-06-15 03:37:00;M1;6;34;4302,16561;4303,51000;UP
2026-06-15 03:38:00;M1;6;89;4298,62841;4298,44000;DOWN
2026-06-15 03:43:00;M1;6;34;4302,51857;4297,96000;DOWN
2026-06-15 04:14:00;M1;6;21;4295,63922;4296,25000;UP
2026-06-15 04:21:00;M1;6;34;4299,60189;4300,87000;UP
2026-06-15 04:19:00;M1;6;21;4295,17835;4292,92000;DOWN
2026-06-15 04:25:00;M1;6;21;4295,84526;4299,54000;UP
2026-06-15 04:25:00;M1;6;34;4299,86388;4299,54000;DOWN
2026-06-15 04:31:00;M1;6;34;4300,94151;4307,01000;UP
2026-06-15 04:39:00;M1;6;89;4315,56858;4315,63000;UP
2026-06-15 04:45:00;M1;6;89;4317,02652;4316,60000;DOWN
2026-06-15 05:03:00;M1;6;89;4321,51331;4322,97000;UP
2026-06-15 05:09:00;M1;6;89;4322,98215;4321,53000;DOWN
2026-06-15 05:14:00;M1;6;21;4325,50626;4326,54000;UP
2026-06-15 05:19:00;M1;6;89;4325,86567;4325,17000;DOWN
2026-06-15 05:25:00;M1;6;89;4327,20045;4328,80000;UP
2026-06-15 05:42:00;M1;6;89;4329,70751;4329,39000;DOWN
2026-06-15 05:43:00;M1;6;89;4330,93252;4332,24000;UP
2026-06-15 05:44:00;M1;6;34;4330,95688;4330,16000;DOWN
2026-06-15 05:49:00;M1;6;34;4333,00499;4334,48000;UP
2026-06-15 05:53:00;M1;6;89;4332,11063;4329,77000;DOWN
2026-06-15 05:57:00;M1;6;55;4328,83579;4328,62000;DOWN
2026-06-15 06:01:00;M1;6;55;4330,14569;4330,49000;UP
2026-06-15 06:07:00;M1;6;55;4331,23034;4325,50000;DOWN
2026-06-15 06:45:00;M1;6;21;4325,14056;4325,20000;UP
2026-06-15 06:57:00;M1;6;21;4324,28763;4323,88000;DOWN
2026-06-15 07:01:00;M1;6;21;4324,04326;4325,36000;UP
2026-06-15 07:21:00;M1;6;21;4323,79446;4322,76000;DOWN
2026-06-15 07:25:00;M1;6;21;4323,96978;4323,97000;UP
2026-06-15 07:54:00;M1;6;21;4326,93697;4326,88000;DOWN
2026-06-15 07:57:00;M1;6;21;4327,52088;4328,13000;UP
2026-06-15 08:05:00;M1;6;34;4326,33938;4326,17000;DOWN
2026-06-15 08:09:00;M1;6;21;4328,18493;4328,88000;UP
2026-06-15 08:16:00;M1;6;34;4326,90188;4326,02000;DOWN
2026-06-15 08:21:00;M1;6;21;4328,97503;4331,74000;UP
2026-06-15 08:27:00;M1;6;55;4330,26672;4329,17000;DOWN
2026-06-15 08:31:00;M1;6;21;4329,46510;4329,66000;UP
2026-06-15 08:32:00;M1;6;34;4328,23517;4327,74000;DOWN
2026-06-15 08:37:00;M1;6;21;4328,33559;4320,43000;DOWN
2026-06-15 09:22:00;M1;6;21;4306,31013;4307,45000;UP
2026-06-15 09:43:00;M1;6;34;4305,08552;4306,56000;UP
2026-06-15 10:04:00;M1;6;55;4308,28867;4310,39000;UP
2026-06-15 10:21:00;M1;6;89;4316,90750;4317,67000;UP
2026-06-15 10:30:00;M1;6;89;4316,15594;4315,71000;DOWN
2026-06-15 10:31:00;M1;6;89;4315,50461;4316,12000;UP
2026-06-15 10:37:00;M1;6;89;4314,94186;4312,15000;DOWN
2026-06-15 10:44:00;M1;6;21;4316,52249;4316,58000;UP
2026-06-15 10:49:00;M1;6;89;4314,04076;4313,39000;DOWN
2026-06-15 10:55:00;M1;6;21;4319,44533;4322,22000;UP
2026-06-15 11:13:00;M1;6;21;4325,93988;4325,52000;DOWN
2026-06-15 11:19:00;M1;6;21;4328,14177;4329,66000;UP
2026-06-15 11:25:00;M1;6;21;4329,91146;4328,94000;DOWN
2026-06-15 11:32:00;M1;6;21;4332,83153;4337,58000;UP
2026-06-15 11:50:00;M1;6;34;4336,41444;4334,65000;DOWN
2026-06-15 12:04:00;M1;6;34;4340,35588;4341,37000;UP
2026-06-15 12:07:00;M1;6;34;4341,83291;4340,18000;DOWN
2026-06-15 12:25:00;M1;6;55;4337,45167;4336,82000;DOWN
2026-06-15 12:36:00;M1;6;55;4339,09088;4340,03000;UP
2026-06-15 12:37:00;M1;6;55;4340,55072;4339,24000;DOWN
2026-06-15 13:16:00;M1;6;21;4338,48510;4338,99000;UP
2026-06-15 13:20:00;M1;6;21;4337,88250;4337,44000;DOWN
2026-06-15 13:25:00;M1;6;21;4337,55035;4338,02000;UP
2026-06-15 13:39:00;M1;6;89;4338,25906;4336,61000;DOWN
2026-06-15 13:44:00;M1;6;21;4337,46857;4337,74000;UP
2026-06-15 13:50:00;M1;6;89;4339,87703;4339,64000;DOWN
2026-06-15 13:56:00;M1;6;21;4337,96773;4338,19000;UP
2026-06-15 14:06:00;M1;6;34;4338,87980;4338,89000;UP
2026-06-15 14:01:00;M1;6;21;4338,13354;4337,80000;DOWN
2026-06-15 14:08:00;M1;6;21;4338,19871;4338,57000;UP
2026-06-15 14:07:00;M1;6;34;4338,60976;4338,05000;DOWN
2026-06-15 14:13:00;M1;6;34;4338,38215;4338,87000;UP
2026-06-15 14:14:00;M1;6;21;4338,21537;4337,86000;DOWN
2026-06-15 14:19:00;M1;6;21;4338,13759;4338,99000;UP
2026-06-15 14:20:00;M1;6;34;4338,15350;4337,03000;DOWN
2026-06-15 14:28:00;M1;6;34;4338,14933;4340,32000;UP
2026-06-15 14:25:00;M1;6;21;4338,38516;4337,36000;DOWN
2026-06-15 14:31:00;M1;6;21;4339,09703;4344,89000;UP
2026-06-15 14:35:00;M1;6;89;4343,83877;4343,28000;DOWN
2026-06-15 14:37:00;M1;6;89;4344,31503;4345,24000;UP
2026-06-15 14:43:00;M1;6;89;4344,63037;4342,25000;DOWN
2026-06-15 15:25:00;M1;6;21;4332,87822;4336,76000;UP
2026-06-15 15:38:00;M1;6;89;4343,60732;4345,31000;UP
2026-06-15 16:01:00;M1;6;89;4343,86985;4343,60000;DOWN
2026-06-15 16:10:00;M1;6;21;4346,47035;4347,01000;UP
2026-06-15 16:46:00;M1;6;21;4360,91417;4360,22000;DOWN
2026-06-15 16:55:00;M1;6;34;4359,04660;4358,78000;DOWN
2026-06-15 17:06:00;M1;6;21;4364,35449;4367,38000;UP
2026-06-15 17:11:00;M1;6;34;4362,31935;4362,04000;DOWN
2026-06-15 17:20:00;M1;6;55;4357,72528;4357,09000;DOWN
2026-06-15 17:26:00;M1;6;55;4359,02166;4362,05000;UP
2026-06-15 17:31:00;M1;6;21;4363,02995;4363,35000;UP
2026-06-15 17:33:00;M1;6;55;4360,22681;4358,88000;DOWN
2026-06-15 17:37:00;M1;6;89;4356,17797;4354,63000;DOWN
2026-06-15 17:48:00;M1;6;21;4360,90700;4361,86000;UP
2026-06-15 17:53:00;M1;6;21;4360,17261;4360,16000;DOWN
2026-06-15 17:55:00;M1;6;21;4359,41528;4361,78000;UP
2026-06-15 17:59:00;M1;6;89;4358,20419;4356,72000;DOWN
2026-06-15 18:01:00;M1;6;21;4358,76631;4352,03000;DOWN
2026-06-15 18:22:00;M1;6;21;4355,07675;4355,42000;UP
2026-06-15 18:29:00;M1;6;21;4354,22857;4354,00000;DOWN
2026-06-15 18:37:00;M1;6;21;4353,28400;4354,19000;UP
2026-06-15 18:52:00;M1;6;34;4355,78613;4355,41000;DOWN
2026-06-15 18:55:00;M1;6;34;4355,46744;4356,49000;UP
2026-06-15 19:06:00;M1;6;34;4355,30500;4354,93000;DOWN
2026-06-15 19:55:00;M1;6;21;4336,69429;4337,43000;UP
2026-06-15 20:04:00;M1;6;21;4334,93314;4333,81000;DOWN
2026-06-15 20:07:00;M1;6;21;4333,33180;4334,39000;UP
2026-06-15 20:13:00;M1;6;21;4331,91565;4331,77000;DOWN
2026-06-15 20:19:00;M1;6;21;4330,57917;4330,89000;UP
2026-06-15 20:25:00;M1;6;34;4332,54819;4333,33000;UP
2026-06-15 20:30:00;M1;6;21;4329,37450;4328,58000;DOWN
2026-06-15 20:31:00;M1;6;21;4327,91567;4328,64000;UP
2026-06-15 20:31:00;M1;6;34;4330,55977;4328,64000;DOWN
2026-06-15 20:37:00;M1;6;21;4326,12978;4322,44000;DOWN
2026-06-15 20:46:00;M1;6;21;4324,19942;4324,91000;UP
2026-06-15 20:50:00;M1;6;21;4322,43107;4322,25000;DOWN
2026-06-15 20:55:00;M1;6;21;4321,21275;4322,01000;UP
2026-06-15 21:01:00;M1;6;34;4321,39369;4320,37000;DOWN
2026-06-15 21:07:00;M1;6;21;4319,31472;4320,27000;UP
2026-06-15 21:14:00;M1;6;55;4323,71718;4324,18000;UP
2026-06-15 22:01:00;M1;6;21;4324,40740;4324,24000;DOWN
2026-06-15 22:16:00;M1;6;21;4324,00389;4324,14000;UP
2026-06-15 22:22:00;M1;6;89;4322,73731;4322,12000;DOWN
2026-06-15 22:25:00;M1;6;21;4323,16652;4323,28000;UP
2026-06-15 22:35:00;M1;6;89;4320,86734;4320,50000;DOWN
2026-06-15 22:37:00;M1;6;89;4319,96839;4320,71000;UP
2026-06-15 22:44:00;M1;6;89;4319,08379;4319,08000;DOWN
2026-06-15 22:54:00;M1;6;21;4319,90928;4319,96000;UP
2026-06-15 22:58:00;M1;6;34;4320,22411;4320,24000;UP
2026-06-15 22:57:00;M1;6;21;4319,27062;4319,14000;DOWN
2026-06-15 23:01:00;M1;6;21;4318,83135;4321,43000;UP
2026-06-15 23:04:00;M1;6;34;4319,87785;4319,53000;DOWN
2026-06-15 23:08:00;M1;6;34;4319,44160;4319,99000;UP
2026-06-15 23:10:00;M1;6;21;4318,33059;4317,70000;DOWN
2026-06-15 23:18:00;M1;6;21;4317,65845;4318,00000;UP
2026-06-15 23:16:00;M1;6;89;4315,20105;4314,73000;DOWN
2026-06-15 23:19:00;M1;6;55;4315,60445;4317,74000;UP
2026-06-15 23:21:00;M1;6;21;4316,51274;4313,13000;DOWN
2026-06-15 23:25:00;M1;6;89;4313,72160;4313,61000;DOWN
2026-06-15 23:49:00;M1;6;21;4309,55463;4309,98000;UP
2026-06-15 23:55:00;M1;6;21;4308,26686;4306,90000;DOWN
2026-06-16 01:01:00;M1;6;21;4307,88046;4309,67000;UP
2026-06-16 01:12:00;M1;6;55;4310,88405;4309,70000;DOWN
2026-06-16 01:17:00;M1;6;55;4310,39096;4311,36000;UP
2026-06-16 01:15:00;M1;6;89;4308,17054;4307,77000;DOWN
2026-06-16 01:19:00;M1;6;21;4308,63150;4311,00000;UP
2026-06-16 01:23:00;M1;6;55;4309,89545;4309,22000;DOWN
2026-06-16 01:28:00;M1;6;89;4307,21242;4306,92000;DOWN
2026-06-16 01:31:00;M1;6;21;4308,67079;4309,94000;UP
2026-06-16 02:14:00;M1;6;21;4313,47620;4313,38000;DOWN
2026-06-16 02:21:00;M1;6;21;4314,21767;4314,30000;UP
2026-06-16 02:26:00;M1;6;21;4314,90014;4314,59000;DOWN
2026-06-16 02:34:00;M1;6;21;4315,70103;4316,14000;UP
2026-06-16 02:38:00;M1;6;21;4316,11531;4315,34000;DOWN
2026-06-16 02:43:00;M1;6;21;4316,22087;4316,60000;UP
2026-06-16 02:47:00;M1;6;34;4314,02187;4313,99000;DOWN
2026-06-16 02:49:00;M1;6;34;4314,65104;4317,24000;UP
2026-06-16 02:58:00;M1;6;21;4316,64913;4315,87000;DOWN
2026-06-16 03:02:00;M1;6;34;4315,69398;4315,39000;DOWN
2026-06-16 03:10:00;M1;6;21;4316,76913;4317,14000;UP
2026-06-16 03:17:00;M1;6;55;4312,48807;4311,05000;DOWN
2026-06-16 03:26:00;M1;6;89;4307,98210;4307,35000;DOWN
2026-06-16 03:31:00;M1;6;89;4308,02183;4308,63000;UP
2026-06-16 03:37:00;M1;6;21;4310,94143;4312,52000;UP
2026-06-16 03:46:00;M1;6;55;4312,53213;4312,60000;UP
2026-06-16 03:52:00;M1;6;34;4312,81675;4313,16000;UP
2026-06-16 03:49:00;M1;6;55;4312,51109;4312,13000;DOWN
2026-06-16 03:55:00;M1;6;55;4312,70043;4316,46000;UP
2026-06-16 04:21:00;M1;6;21;4318,16127;4316,84000;DOWN
2026-06-16 04:25:00;M1;6;21;4319,55459;4323,33000;UP
2026-06-16 04:33:00;M1;6;55;4315,96728;4315,36000;DOWN
2026-06-16 04:37:00;M1;6;34;4317,15498;4317,47000;UP
2026-06-16 04:43:00;M1;6;55;4316,57911;4314,96000;DOWN
2026-06-16 04:49:00;M1;6;34;4317,43489;4317,56000;UP
2026-06-16 04:55:00;M1;6;89;4312,86961;4312,43000;DOWN
2026-06-16 05:23:00;M1;6;21;4311,29210;4311,38000;UP
2026-06-16 05:30:00;M1;6;34;4314,17328;4315,14000;UP
2026-06-16 05:40:00;M1;6;89;4313,42688;4312,44000;DOWN
2026-06-16 05:44:00;M1;6;21;4311,19410;4311,95000;UP
2026-06-16 05:52:00;M1;6;55;4314,41850;4314,98000;UP
2026-06-16 05:49:00;M1;6;89;4313,53194;4311,96000;DOWN
2026-06-16 05:55:00;M1;6;34;4313,03362;4315,68000;UP
2026-06-16 06:17:00;M1;6;21;4317,50741;4317,36000;DOWN
2026-06-16 06:24:00;M1;6;21;4318,46860;4319,52000;UP
2026-06-16 06:31:00;M1;6;21;4320,93172;4320,45000;DOWN
2026-06-16 06:37:00;M1;6;21;4322,92304;4327,15000;UP
2026-06-16 07:01:00;M1;6;21;4331,37825;4330,22000;DOWN
2026-06-16 07:10:00;M1;6;34;4328,05132;4327,20000;DOWN
2026-06-16 07:24:00;M1;6;55;4324,83647;4324,83000;DOWN
2026-06-16 07:38:00;M1;6;89;4323,00894;4322,74000;DOWN
2026-06-16 07:43:00;M1;6;89;4323,44152;4323,68000;UP
2026-06-16 07:49:00;M1;6;89;4323,79295;4323,30000;DOWN
2026-06-16 07:55:00;M1;6;21;4323,34295;4323,47000;UP
2026-06-16 08:03:00;M1;6;89;4324,38821;4325,87000;UP
2026-06-16 08:08:00;M1;6;34;4327,17878;4327,21000;UP
2026-06-16 08:13:00;M1;6;55;4327,94321;4326,57000;DOWN
2026-06-16 08:19:00;M1;6;34;4326,56811;4326,67000;UP
2026-06-16 08:25:00;M1;6;89;4325,69073;4324,96000;DOWN
2026-06-16 08:31:00;M1;6;34;4326,12735;4328,52000;UP
2026-06-16 08:32:00;M1;6;21;4325,17033;4324,37000;DOWN
2026-06-16 08:37:00;M1;6;89;4326,18907;4319,50000;DOWN
2026-06-16 09:12:00;M1;6;21;4317,91482;4319,54000;UP
2026-06-16 09:13:00;M1;6;34;4319,33314;4319,34000;UP
2026-06-16 09:16:00;M1;6;21;4316,68181;4316,66000;DOWN
2026-06-16 09:19:00;M1;6;21;4315,50615;4317,27000;UP
2026-06-16 09:19:00;M1;6;34;4318,35099;4317,27000;DOWN
2026-06-16 09:31:00;M1;6;34;4316,79429;4316,82000;UP
2026-06-16 09:51:00;M1;6;55;4319,04410;4319,57000;UP
2026-06-16 09:57:00;M1;6;89;4323,30201;4323,46000;UP
2026-06-16 10:02:00;M1;6;89;4323,15732;4322,93000;DOWN
2026-06-16 10:07:00;M1;6;89;4323,10722;4325,93000;UP
2026-06-16 10:22:00;M1;6;21;4324,78088;4324,60000;DOWN
2026-06-16 10:26:00;M1;6;21;4326,50728;4327,95000;UP
2026-06-16 10:35:00;M1;6;21;4327,83706;4326,82000;DOWN
2026-06-16 10:39:00;M1;6;21;4329,11588;4330,49000;UP
2026-06-16 10:43:00;M1;6;21;4330,16417;4328,14000;DOWN
2026-06-16 10:51:00;M1;6;21;4331,24058;4331,33000;UP
2026-06-16 10:55:00;M1;6;21;4332,51441;4332,36000;DOWN
2026-06-16 11:01:00;M1;6;21;4333,68299;4335,31000;UP
2026-06-16 11:07:00;M1;6;21;4335,02737;4334,87000;DOWN
2026-06-16 11:13:00;M1;6;21;4336,73069;4338,06000;UP
2026-06-16 11:24:00;M1;6;21;4338,32265;4338,03000;DOWN
2026-06-16 11:25:00;M1;6;21;4339,94901;4341,28000;UP
2026-06-16 11:33:00;M1;6;21;4341,49399;4340,28000;DOWN
2026-06-16 11:42:00;M1;6;21;4342,59322;4343,72000;UP
2026-06-16 11:38:00;M1;6;34;4340,29753;4339,17000;DOWN
2026-06-16 11:43:00;M1;6;34;4341,60546;4344,09000;UP
2026-06-16 11:44:00;M1;6;21;4343,57945;4343,33000;DOWN
2026-06-16 11:49:00;M1;6;34;4342,85891;4342,61000;DOWN
2026-06-16 11:56:00;M1;6;21;4345,55304;4345,58000;UP
2026-06-16 12:03:00;M1;6;34;4345,36298;4345,31000;DOWN
2026-06-16 12:08:00;M1;6;34;4346,52861;4346,85000;UP
2026-06-16 12:13:00;M1;6;34;4347,47679;4346,20000;DOWN
2026-06-16 12:19:00;M1;6;55;4344,20717;4342,61000;DOWN
2026-06-16 12:39:00;M1;6;21;4345,40465;4346,16000;UP
2026-06-16 12:43:00;M1;6;21;4344,91759;4343,37000;DOWN
2026-06-16 12:50:00;M1;6;21;4344,83832;4345,15000;UP
2026-06-16 12:55:00;M1;6;55;4348,45705;4346,70000;DOWN
2026-06-16 13:06:00;M1;6;21;4344,78582;4345,13000;UP
2026-06-16 13:11:00;M1;6;21;4344,84231;4344,81000;DOWN
2026-06-16 13:13:00;M1;6;21;4344,98826;4345,63000;UP
2026-06-16 13:19:00;M1;6;89;4345,10065;4344,27000;DOWN
2026-06-16 13:25:00;M1;6;21;4345,48591;4346,14000;UP
2026-06-16 13:31:00;M1;6;89;4346,46066;4344,14000;DOWN
2026-06-16 13:37:00;M1;6;21;4345,18652;4345,29000;UP
2026-06-16 13:43:00;M1;6;34;4346,16513;4346,52000;UP
2026-06-16 13:49:00;M1;6;89;4348,20928;4346,67000;DOWN
2026-06-16 13:59:00;M1;6;89;4348,77028;4348,89000;UP
2026-06-16 14:01:00;M1;6;89;4349,26431;4347,73000;DOWN
2026-06-16 14:45:00;M1;6;21;4339,69847;4341,23000;UP
2026-06-16 14:49:00;M1;6;21;4338,81794;4337,25000;DOWN
2026-06-16 14:55:00;M1;6;21;4338,35592;4339,23000;UP
2026-06-16 15:04:00;M1;6;34;4340,20717;4338,74000;DOWN
2026-06-16 15:07:00;M1;6;34;4339,90752;4341,75000;UP
2026-06-16 15:16:00;M1;6;55;4342,99967;4342,50000;DOWN
2026-06-16 15:20:00;M1;6;34;4339,71224;4337,85000;DOWN
2026-06-16 15:25:00;M1;6;21;4340,52798;4340,58000;UP
2026-06-16 15:43:00;M1;6;89;4347,63396;4348,52000;UP
2026-06-16 16:04:00;M1;6;89;4347,97734;4347,17000;DOWN
2026-06-16 16:08:00;M1;6;55;4344,38487;4344,26000;DOWN
2026-06-16 16:13:00;M1;6;55;4344,64014;4345,76000;UP
2026-06-16 16:19:00;M1;6;55;4344,62878;4340,53000;DOWN
2026-06-16 16:43:00;M1;6;21;4338,36985;4338,66000;UP
2026-06-16 16:51:00;M1;6;21;4336,54304;4336,40000;DOWN
2026-06-16 16:55:00;M1;6;21;4334,56518;4336,34000;UP
2026-06-16 17:16:00;M1;6;21;4331,20385;4329,79000;DOWN
2026-06-16 17:37:00;M1;6;21;4322,65350;4324,01000;UP
2026-06-16 17:44:00;M1;6;34;4325,08777;4324,31000;DOWN
2026-06-16 17:49:00;M1;6;34;4323,54677;4325,05000;UP
2026-06-16 17:55:00;M1;6;34;4322,37155;4321,52000;DOWN
2026-06-16 18:01:00;M1;6;34;4321,50408;4323,83000;UP
2026-06-16 18:13:00;M1;6;55;4325,23305;4326,09000;UP
2026-06-16 18:22:00;M1;6;55;4324,19559;4323,35000;DOWN
2026-06-16 18:25:00;M1;6;55;4323,28438;4324,00000;UP
2026-06-16 18:38:00;M1;6;21;4324,57767;4323,43000;DOWN
2026-06-16 18:43:00;M1;6;21;4325,00961;4325,16000;UP
2026-06-16 18:50:00;M1;6;89;4327,24091;4328,31000;UP
2026-06-16 18:49:00;M1;6;21;4326,26563;4325,38000;DOWN
2026-06-16 18:55:00;M1;6;21;4328,11256;4337,28000;UP
2026-06-16 19:25:00;M1;6;21;4342,81805;4342,54000;DOWN
2026-06-16 19:52:00;M1;6;34;4343,32285;4342,65000;DOWN
2026-06-16 20:11:00;M1;6;55;4337,33515;4336,73000;DOWN
2026-06-16 20:19:00;M1;6;89;4331,75267;4331,25000;DOWN
2026-06-16 20:29:00;M1;6;89;4331,89900;4334,63000;UP
2026-06-16 20:32:00;M1;6;21;4334,72973;4335,67000;UP
2026-06-16 20:37:00;M1;6;55;4339,26409;4337,99000;DOWN
2026-06-16 20:52:00;M1;6;34;4339,42974;4339,58000;UP
2026-06-16 20:55:00;M1;6;55;4340,17343;4339,53000;DOWN
2026-06-16 21:01:00;M1;6;55;4340,56579;4341,88000;UP
2026-06-16 21:07:00;M1;6;55;4340,96575;4339,78000;DOWN
2026-06-16 21:13:00;M1;6;55;4341,31857;4341,42000;UP
2026-06-16 21:19:00;M1;6;55;4341,60871;4340,06000;DOWN
2026-06-16 21:29:00;M1;6;21;4340,86028;4341,28000;UP
2026-06-16 21:31:00;M1;6;55;4342,00677;4342,46000;UP
2026-06-16 21:32:00;M1;6;21;4341,40896;4341,40000;DOWN
2026-06-16 21:37:00;M1;6;55;4342,03957;4340,22000;DOWN
2026-06-16 21:47:00;M1;6;34;4339,41866;4339,68000;UP
2026-06-16 21:49:00;M1;6;89;4337,93943;4336,57000;DOWN
2026-06-16 21:55:00;M1;6;89;4338,36999;4338,74000;UP
2026-06-16 22:03:00;M1;6;21;4340,24391;4341,19000;UP
2026-06-16 22:02:00;M1;6;89;4338,79270;4338,39000;DOWN
2026-06-16 22:07:00;M1;6;89;4339,20435;4342,25000;UP
2026-06-16 22:08:00;M1;6;55;4341,32276;4341,07000;DOWN
2026-06-16 22:13:00;M1;6;21;4339,94458;4340,26000;UP
2026-06-16 22:14:00;M1;6;89;4339,55930;4339,17000;DOWN
2026-06-16 22:20:00;M1;6;89;4339,88293;4340,40000;UP
2026-06-16 22:19:00;M1;6;34;4340,22775;4338,82000;DOWN
2026-06-16 22:25:00;M1;6;21;4339,52783;4341,02000;UP
2026-06-16 22:26:00;M1;6;89;4340,17376;4339,85000;DOWN
2026-06-16 22:31:00;M1;6;55;4340,77975;4339,29000;DOWN
2026-06-16 22:43:00;M1;6;21;4338,69457;4338,77000;UP
2026-06-16 22:49:00;M1;6;21;4338,04755;4337,70000;DOWN
2026-06-16 23:19:00;M1;6;21;4332,72870;4333,34000;UP
2026-06-16 23:36:00;M1;6;34;4333,73457;4333,75000;UP
2026-06-16 23:45:00;M1;6;34;4332,65759;4330,97000;DOWN
2026-06-16 23:49:00;M1;6;21;4331,08970;4331,83000;UP
2026-06-16 23:55:00;M1;6;34;4331,51463;4330,18000;DOWN
2026-06-17 01:01:00;M1;6;21;4330,80256;4333,59000;UP
2026-06-17 01:07:00;M1;6;55;4332,96998;4332,10000;DOWN
2026-06-17 01:13:00;M1;6;55;4332,45206;4332,52000;UP
2026-06-17 01:16:00;M1;6;34;4330,44140;4329,61000;DOWN
2026-06-17 01:19:00;M1;6;21;4330,62829;4331,23000;UP
2026-06-17 01:19:00;M1;6;55;4331,92999;4331,23000;DOWN
2026-06-17 01:30:00;M1;6;55;4331,43091;4331,63000;UP
2026-06-17 01:25:00;M1;6;21;4330,28768;4330,09000;DOWN
2026-06-17 01:31:00;M1;6;21;4330,11142;4331,76000;UP
2026-06-17 01:54:00;M1;6;89;4334,01364;4334,24000;UP
2026-06-17 01:55:00;M1;6;89;4333,77550;4333,74000;DOWN
2026-06-17 02:01:00;M1;6;89;4333,56559;4334,99000;UP
2026-06-17 02:25:00;M1;6;21;4336,27111;4336,22000;DOWN
2026-06-17 02:32:00;M1;6;34;4334,33492;4334,26000;DOWN
2026-06-17 02:37:00;M1;6;34;4334,72801;4335,26000;UP
2026-06-17 02:45:00;M1;6;89;4333,01565;4332,64000;DOWN
2026-06-17 02:49:00;M1;6;89;4332,92075;4333,36000;UP
2026-06-17 02:50:00;M1;6;55;4332,54809;4331,34000;DOWN
2026-06-17 02:55:00;M1;6;89;4332,78507;4330,11000;DOWN
2026-06-17 03:03:00;M1;6;21;4334,15150;4334,53000;UP
2026-06-17 03:33:00;M1;6;34;4337,06060;4337,04000;DOWN
2026-06-17 03:37:00;M1;6;21;4337,71989;4337,92000;UP
2026-06-17 03:39:00;M1;6;55;4335,36181;4334,97000;DOWN
2026-06-17 03:43:00;M1;6;55;4335,72749;4336,29000;UP
2026-06-17 03:43:00;M1;6;34;4337,29823;4336,29000;DOWN
2026-06-17 03:52:00;M1;6;34;4337,32115;4337,53000;UP
2026-06-17 03:50:00;M1;6;89;4333,52247;4333,17000;DOWN
2026-06-17 04:00:00;M1;6;21;4337,76529;4339,04000;UP
2026-06-17 03:55:00;M1;6;34;4337,35671;4335,27000;DOWN
2026-06-17 04:01:00;M1;6;34;4337,86176;4338,48000;UP
2026-06-17 04:01:00;M1;6;21;4338,63650;4338,48000;DOWN
2026-06-17 04:07:00;M1;6;21;4340,34778;4349,20000;UP
2026-06-17 04:20:00;M1;6;34;4341,20550;4341,04000;DOWN
2026-06-17 04:28:00;M1;6;34;4342,18588;4342,57000;UP
2026-06-17 04:31:00;M1;6;55;4340,63503;4340,41000;DOWN
2026-06-17 04:42:00;M1;6;55;4341,15387;4341,55000;UP
2026-06-17 04:43:00;M1;6;55;4341,51512;4339,60000;DOWN
2026-06-17 04:49:00;M1;6;89;4338,01785;4337,21000;DOWN
2026-06-17 04:55:00;M1;6;21;4342,25106;4343,15000;UP
2026-06-17 05:01:00;M1;6;55;4342,10677;4341,95000;DOWN
2026-06-17 05:07:00;M1;6;21;4341,27691;4341,35000;UP
2026-06-17 05:14:00;M1;6;55;4342,58566;4342,01000;DOWN
2026-06-17 05:23:00;M1;6;21;4341,24014;4340,79000;DOWN
2026-06-17 05:26:00;M1;6;89;4340,19570;4339,87000;DOWN
2026-06-17 05:31:00;M1;6;21;4341,06079;4342,86000;UP
2026-06-17 05:37:00;M1;6;89;4340,79225;4339,87000;DOWN
2026-06-17 06:19:00;M1;6;21;4330,45472;4331,23000;UP
2026-06-17 06:32:00;M1;6;34;4332,12755;4332,24000;UP
2026-06-17 06:38:00;M1;6;34;4331,33023;4330,98000;DOWN
2026-06-17 06:43:00;M1;6;34;4330,72370;4333,17000;UP
2026-06-17 07:01:00;M1;6;34;4329,62830;4329,40000;DOWN
2026-06-17 07:07:00;M1;6;21;4330,69755;4331,22000;UP
2026-06-17 07:18:00;M1;6;55;4331,94542;4333,71000;UP
2026-06-17 07:13:00;M1;6;21;4330,94009;4330,37000;DOWN
2026-06-17 07:19:00;M1;6;21;4330,80830;4332,01000;UP
2026-06-17 07:21:00;M1;6;55;4331,36972;4330,24000;DOWN
2026-06-17 07:25:00;M1;6;34;4328,60550;4328,99000;UP
2026-06-17 07:25:00;M1;6;21;4329,99869;4328,99000;DOWN
2026-06-17 07:31:00;M1;6;34;4327,83363;4324,77000;DOWN
2026-06-17 07:51:00;M1;6;21;4323,60200;4324,75000;UP
2026-06-17 07:59:00;M1;6;55;4326,03414;4326,73000;UP
2026-06-17 07:57:00;M1;6;34;4324,65232;4324,17000;DOWN
2026-06-17 08:01:00;M1;6;34;4324,22064;4327,51000;UP
2026-06-17 08:05:00;M1;6;55;4325,28564;4324,57000;DOWN
2026-06-17 08:07:00;M1;6;55;4324,60147;4325,17000;UP
2026-06-17 08:11:00;M1;6;34;4323,77322;4323,41000;DOWN
2026-06-17 08:13:00;M1;6;21;4322,30453;4322,81000;UP
2026-06-17 08:13:00;M1;6;55;4324,01296;4322,81000;DOWN
2026-06-17 08:19:00;M1;6;55;4323,52296;4326,05000;UP
2026-06-17 08:30:00;M1;6;89;4328,15804;4331,80000;UP
2026-06-17 08:56:00;M1;6;89;4326,17659;4325,13000;DOWN
2026-06-17 09:01:00;M1;6;34;4326,31417;4327,03000;UP
2026-06-17 09:17:00;M1;6;89;4325,50997;4324,83000;DOWN
2026-06-17 09:19:00;M1;6;55;4324,39189;4323,77000;DOWN
2026-06-17 09:27:00;M1;6;34;4326,98819;4327,18000;UP
2026-06-17 09:32:00;M1;6;89;4324,61404;4323,07000;DOWN
2026-06-17 09:40:00;M1;6;21;4325,86366;4327,07000;UP
2026-06-17 10:13:00;M1;6;34;4328,92911;4328,43000;DOWN
2026-06-17 10:22:00;M1;6;34;4329,29371;4329,91000;UP
2026-06-17 10:25:00;M1;6;34;4329,52494;4327,52000;DOWN
2026-06-17 10:31:00;M1;6;55;4327,85449;4327,80000;DOWN
2026-06-17 10:39:00;M1;6;21;4330,58077;4330,98000;UP
2026-06-17 10:48:00;M1;6;55;4328,40260;4328,12000;DOWN
2026-06-17 10:57:00;M1;6;89;4325,23891;4325,16000;DOWN
2026-06-17 11:01:00;M1;6;89;4325,30092;4326,61000;UP
2026-06-17 11:08:00;M1;6;21;4327,25111;4327,73000;UP
2026-06-17 11:10:00;M1;6;89;4325,34120;4324,22000;DOWN
2026-06-17 11:13:00;M1;6;21;4326,08976;4323,61000;DOWN
2026-06-17 11:27:00;M1;6;21;4323,86605;4324,80000;UP
2026-06-17 11:31:00;M1;6;21;4323,03408;4320,40000;DOWN
2026-06-17 11:37:00;M1;6;21;4322,07847;4322,18000;UP
2026-06-17 11:43:00;M1;6;21;4320,99994;4320,95000;DOWN
2026-06-17 11:50:00;M1;6;21;4320,35102;4321,32000;UP
2026-06-17 11:58:00;M1;6;55;4324,96514;4325,23000;UP
2026-06-17 11:55:00;M1;6;89;4324,24777;4323,88000;DOWN
2026-06-17 12:01:00;M1;6;55;4324,57020;4324,06000;DOWN
2026-06-17 12:07:00;M1;6;89;4323,94968;4323,96000;UP
2026-06-17 12:13:00;M1;6;55;4323,98114;4325,54000;UP
2026-06-17 12:44:00;M1;6;21;4329,15929;4328,44000;DOWN
2026-06-17 13:13:00;M1;6;21;4329,96074;4330,08000;UP
2026-06-17 13:19:00;M1;6;34;4328,67947;4327,98000;DOWN
2026-06-17 13:31:00;M1;6;21;4329,13751;4329,25000;UP
2026-06-17 13:38:00;M1;6;34;4329,57689;4329,13000;DOWN
2026-06-17 13:44:00;M1;6;21;4329,39529;4330,80000;UP
2026-06-17 14:04:00;M1;6;55;4328,95595;4328,38000;DOWN
2026-06-17 14:07:00;M1;6;55;4329,39069;4329,50000;UP
2026-06-17 14:13:00;M1;6;55;4329,79445;4328,86000;DOWN
2026-06-17 14:19:00;M1;6;55;4330,13602;4330,29000;UP
2026-06-17 14:30:00;M1;6;89;4328,04327;4326,95000;DOWN
2026-06-17 15:10:00;M1;6;21;4323,57851;4324,44000;UP
2026-06-17 15:13:00;M1;6;21;4322,66589;4320,42000;DOWN
2026-06-17 15:19:00;M1;6;21;4322,30197;4323,61000;UP
2026-06-17 15:30:00;M1;6;55;4327,12997;4327,55000;UP
2026-06-17 15:32:00;M1;6;89;4327,28830;4327,17000;DOWN
2026-06-17 15:37:00;M1;6;89;4327,26749;4330,44000;UP
2026-06-17 16:05:00;M1;6;89;4328,02633;4327,04000;DOWN
2026-06-17 16:10:00;M1;6;34;4328,20656;4328,73000;UP
2026-06-17 16:17:00;M1;6;21;4332,73397;4332,86000;UP
2026-06-17 16:19:00;M1;6;21;4333,68407;4331,96000;DOWN
2026-06-17 16:25:00;M1;6;21;4334,70812;4335,30000;UP
2026-06-17 16:31:00;M1;6;21;4335,59381;4334,47000;DOWN
2026-06-17 16:37:00;M1;6;21;4336,72711;4339,53000;UP
2026-06-17 16:57:00;M1;6;21;4340,94930;4340,63000;DOWN
2026-06-17 17:06:00;M1;6;21;4341,93732;4342,93000;UP
2026-06-17 17:01:00;M1;6;34;4339,47415;4338,74000;DOWN
2026-06-17 17:07:00;M1;6;34;4340,59017;4345,37000;UP
2026-06-17 17:09:00;M1;6;21;4342,71528;4342,56000;DOWN
2026-06-17 17:13:00;M1;6;34;4341,54241;4340,42000;DOWN
2026-06-17 17:22:00;M1;6;21;4344,96351;4346,39000;UP
2026-06-17 17:41:00;M1;6;34;4349,93271;4348,52000;DOWN
2026-06-17 17:43:00;M1;6;34;4350,98086;4353,38000;UP
2026-06-17 17:47:00;M1;6;89;4339,13165;4336,67000;DOWN
2026-06-17 17:51:00;M1;6;55;4346,51677;4347,08000;UP
2026-06-17 17:49:00;M1;6;34;4351,53807;4345,83000;DOWN
2026-06-17 17:55:00;M1;6;55;4347,54049;4346,70000;DOWN
2026-06-17 18:15:00;M1;6;21;4348,88855;4350,93000;UP
2026-06-17 19:07:00;M1;6;21;4363,47090;4363,21000;DOWN
2026-06-17 19:18:00;M1;6;21;4364,35179;4364,48000;UP
2026-06-17 19:13:00;M1;6;34;4361,43853;4361,29000;DOWN
2026-06-17 19:19:00;M1;6;34;4362,62440;4365,30000;UP
2026-06-17 19:20:00;M1;6;21;4365,19900;4365,05000;DOWN
2026-06-17 19:31:00;M1;6;55;4364,13663;4363,43000;DOWN
2026-06-17 19:38:00;M1;6;89;4359,88163;4359,71000;DOWN
2026-06-17 20:10:00;M1;6;21;4359,47264;4360,42000;UP
2026-06-17 20:15:00;M1;6;21;4358,67751;4357,93000;DOWN
2026-06-17 20:19:00;M1;6;21;4358,40936;4362,12000;UP
2026-06-17 20:28:00;M1;6;34;4362,12073;4362,11000;DOWN
2026-06-17 20:31:00;M1;6;34;4362,46274;4362,69000;UP
2026-06-17 21:00:00;M1;6;89;4369,34390;4348,21000;DOWN
2026-06-17 21:31:00;M1;6;21;4298,11411;4306,22000;UP
2026-06-17 21:43:00;M1;6;34;4311,18642;4318,28000;UP
2026-06-17 21:55:00;M1;6;34;4302,00909;4296,41000;DOWN
2026-06-17 22:01:00;M1;6;21;4281,65448;4284,06000;UP
2026-06-17 22:07:00;M1;6;21;4277,39854;4267,95000;DOWN
2026-06-17 22:13:00;M1;6;21;4269,93769;4271,29000;UP
2026-06-17 22:19:00;M1;6;21;4261,13089;4243,91000;DOWN
2026-06-17 22:41:00;M1;6;21;4229,79621;4230,54000;UP
2026-06-17 22:45:00;M1;6;34;4233,83249;4233,85000;UP
2026-06-17 23:01:00;M1;6;55;4241,73572;4243,69000;UP
2026-06-17 23:31:00;M1;6;89;4259,98917;4262,09000;UP
2026-06-17 23:49:00;M1;6;21;4262,43832;4258,48000;DOWN
2026-06-18 01:09:00;M1;6;21;4265,88900;4266,55000;UP
2026-06-18 01:13:00;M1;6;21;4266,76544;4265,57000;DOWN
2026-06-18 01:19:00;M1;6;21;4267,88058;4268,24000;UP
2026-06-18 01:25:00;M1;6;21;4268,76580;4266,54000;DOWN
2026-06-18 01:37:00;M1;6;34;4265,51522;4263,94000;DOWN
2026-06-18 01:55:00;M1;6;21;4268,37948;4269,19000;UP
2026-06-18 02:01:00;M1;6;34;4269,37289;4264,42000;DOWN
2026-06-18 02:08:00;M1;6;21;4268,99561;4271,39000;UP
2026-06-18 02:36:00;M1;6;21;4278,22172;4277,78000;DOWN
2026-06-18 02:37:00;M1;6;34;4277,96937;4275,68000;DOWN
2026-06-18 03:00:00;M1;6;21;4280,03242;4280,89000;UP
2026-06-18 03:25:00;M1;6;21;4295,75071;4294,85000;DOWN
2026-06-18 03:31:00;M1;6;21;4300,11482;4306,67000;UP
2026-06-18 03:38:00;M1;6;21;4304,19652;4303,85000;DOWN
2026-06-18 03:44:00;M1;6;21;4308,13332;4310,90000;UP
2026-06-18 03:55:00;M1;6;21;4314,48838;4311,65000;DOWN
2026-06-18 04:01:00;M1;6;21;4317,54370;4320,56000;UP
2026-06-18 04:17:00;M1;6;34;4317,64069;4316,77000;DOWN
2026-06-18 04:21:00;M1;6;34;4320,47898;4321,08000;UP
2026-06-18 04:25:00;M1;6;34;4322,91678;4319,48000;DOWN
2026-06-18 04:39:00;M1;6;55;4320,20564;4320,08000;DOWN
2026-06-18 04:43:00;M1;6;55;4322,31579;4324,99000;UP
2026-06-18 04:49:00;M1;6;55;4324,14224;4321,19000;DOWN
2026-06-18 05:09:00;M1;6;21;4323,16597;4325,17000;UP
2026-06-18 05:13:00;M1;6;34;4329,14932;4329,57000;UP
2026-06-18 05:19:00;M1;6;34;4329,50391;4326,37000;DOWN
2026-06-18 05:26:00;M1;6;21;4325,58024;4324,41000;DOWN
2026-06-18 05:36:00;M1;6;89;4319,54542;4318,64000;DOWN
2026-06-18 06:15:00;M1;6;21;4312,13432;4313,58000;UP
2026-06-18 06:30:00;M1;6;34;4316,20019;4317,49000;UP
2026-06-18 06:55:00;M1;6;21;4317,47928;4317,46000;DOWN
2026-06-18 07:01:00;M1;6;21;4318,66594;4320,86000;UP
2026-06-18 07:12:00;M1;6;34;4316,00735;4315,96000;DOWN
2026-06-18 07:13:00;M1;6;34;4316,22351;4317,65000;UP
2026-06-18 07:19:00;M1;6;34;4316,32445;4315,33000;DOWN
2026-06-18 07:33:00;M1;6;34;4316,34268;4316,51000;UP
2026-06-18 07:37:00;M1;6;34;4316,23939;4313,62000;DOWN
2026-06-18 07:49:00;M1;6;21;4314,64830;4314,80000;UP
2026-06-18 07:55:00;M1;6;34;4315,64778;4315,60000;DOWN
2026-06-18 08:01:00;M1;6;21;4313,91768;4315,00000;UP
2026-06-18 08:39:00;M1;6;55;4316,68143;4316,49000;DOWN
2026-06-18 09:21:00;M1;6;21;4302,88787;4303,42000;UP
2026-06-18 09:26:00;M1;6;21;4300,97651;4300,87000;DOWN
2026-06-18 09:31:00;M1;6;21;4299,75773;4303,99000;UP
2026-06-18 09:46:00;M1;6;34;4303,11571;4303,99000;UP
2026-06-18 09:57:00;M1;6;55;4305,42232;4305,87000;UP
2026-06-18 10:02:00;M1;6;55;4304,69232;4304,47000;DOWN
2026-06-18 10:07:00;M1;6;21;4302,07934;4304,44000;UP
2026-06-18 10:25:00;M1;6;21;4305,83222;4305,05000;DOWN
2026-06-18 10:31:00;M1;6;55;4302,74155;4302,46000;DOWN
2026-06-18 11:07:00;M1;6;21;4291,83578;4292,45000;UP
2026-06-18 11:13:00;M1;6;21;4289,61185;4286,68000;DOWN
2026-06-18 11:19:00;M1;6;21;4287,73257;4288,18000;UP
2026-06-18 11:27:00;M1;6;21;4285,88526;4284,91000;DOWN
2026-06-18 11:32:00;M1;6;21;4284,19223;4288,84000;UP
2026-06-18 11:38:00;M1;6;34;4287,23850;4287,48000;UP
2026-06-18 11:43:00;M1;6;34;4285,35140;4282,24000;DOWN
2026-06-18 12:14:00;M1;6;21;4266,55733;4267,69000;UP
2026-06-18 12:19:00;M1;6;34;4269,10154;4272,31000;UP
2026-06-18 12:28:00;M1;6;34;4267,01652;4266,65000;DOWN
2026-06-18 12:31:00;M1;6;34;4265,19884;4265,43000;UP
2026-06-18 12:43:00;M1;6;55;4267,69694;4267,76000;UP
2026-06-18 13:12:00;M1;6;55;4262,58306;4261,95000;DOWN
2026-06-18 13:13:00;M1;6;21;4265,79756;4266,98000;UP
2026-06-18 13:19:00;M1;6;89;4267,63836;4269,83000;UP
2026-06-18 13:22:00;M1;6;21;4266,02905;4266,02000;DOWN
2026-06-18 13:25:00;M1;6;21;4266,51699;4266,88000;UP
2026-06-18 13:26:00;M1;6;89;4266,52114;4265,73000;DOWN
2026-06-18 13:31:00;M1;6;89;4265,43655;4268,15000;UP
2026-06-18 13:33:00;M1;6;21;4266,68328;4264,99000;DOWN
2026-06-18 13:39:00;M1;6;21;4266,64433;4266,93000;UP
2026-06-18 13:43:00;M1;6;21;4266,33345;4265,21000;DOWN
2026-06-18 13:51:00;M1;6;89;4262,37450;4261,57000;DOWN
2026-06-18 13:56:00;M1;6;55;4257,79922;4257,03000;DOWN
2026-06-18 14:25:00;M1;6;21;4246,65580;4247,12000;UP
2026-06-18 14:39:00;M1;6;21;4243,18659;4242,80000;DOWN
2026-06-18 14:43:00;M1;6;21;4241,61461;4242,98000;UP
2026-06-18 15:00:00;M1;6;34;4243,40378;4243,89000;UP
2026-06-18 15:06:00;M1;6;34;4241,76553;4241,63000;DOWN
2026-06-18 15:07:00;M1;6;34;4240,76904;4242,98000;UP
2026-06-18 15:33:00;M1;6;21;4252,06476;4251,15000;DOWN
2026-06-18 15:39:00;M1;6;55;4243,14826;4242,55000;DOWN
2026-06-18 15:43:00;M1;6;34;4246,24258;4247,09000;UP
2026-06-18 15:53:00;M1;6;55;4242,95722;4242,04000;DOWN
2026-06-18 15:57:00;M1;6;34;4246,22958;4247,02000;UP
2026-06-18 16:01:00;M1;6;34;4246,35684;4246,12000;DOWN
2026-06-18 16:07:00;M1;6;21;4249,66943;4249,67000;UP
2026-06-18 16:46:00;M1;6;34;4258,50581;4258,14000;DOWN
2026-06-18 16:49:00;M1;6;34;4259,94566;4260,00000;UP
2026-06-18 16:57:00;M1;6;55;4252,55982;4252,08000;DOWN
2026-06-18 17:01:00;M1;6;89;4243,87066;4243,30000;DOWN
2026-06-18 17:07:00;M1;6;89;4244,13525;4245,26000;UP
2026-06-18 17:13:00;M1;6;89;4244,22973;4241,21000;DOWN
2026-06-18 17:23:00;M1;6;21;4251,40865;4253,53000;UP
2026-06-18 17:29:00;M1;6;89;4244,28169;4244,20000;DOWN
2026-06-18 17:33:00;M1;6;21;4246,50616;4247,04000;UP
2026-06-18 17:41:00;M1;6;89;4244,13488;4243,74000;DOWN
2026-06-18 17:43:00;M1;6;21;4242,65232;4242,83000;UP
2026-06-18 17:49:00;M1;6;89;4243,80678;4243,44000;DOWN
2026-06-18 17:55:00;M1;6;21;4241,75035;4247,32000;UP
2026-06-18 18:03:00;M1;6;55;4250,07818;4249,86000;DOWN
2026-06-18 18:07:00;M1;6;55;4249,82286;4253,03000;UP
2026-06-18 18:18:00;M1;6;89;4244,06512;4240,75000;DOWN
2026-06-18 19:00:00;M1;6;21;4230,42876;4231,62000;UP
2026-06-18 19:02:00;M1;6;21;4227,38655;4227,23000;DOWN
2026-06-18 19:07:00;M1;6;21;4225,46386;4230,01000;UP
2026-06-18 19:14:00;M1;6;34;4228,85399;4227,35000;DOWN
2026-06-18 19:24:00;M1;6;21;4222,60619;4222,10000;DOWN
2026-06-18 19:25:00;M1;6;21;4221,67788;4223,30000;UP
2026-06-18 19:33:00;M1;6;34;4223,76302;4222,90000;DOWN
2026-06-18 19:37:00;M1;6;21;4219,97036;4220,29000;UP
2026-06-18 19:45:00;M1;6;34;4220,46569;4220,40000;DOWN
2026-06-18 19:59:00;M1;6;21;4217,16294;4219,40000;UP
2026-06-18 20:01:00;M1;6;55;4221,03846;4221,57000;UP
2026-06-18 20:12:00;M1;6;89;4227,72320;4227,89000;UP
2026-06-18 20:13:00;M1;6;89;4226,68440;4226,64000;DOWN
2026-06-18 20:19:00;M1;6;89;4225,78489;4230,09000;UP
2026-06-18 20:34:00;M1;6;89;4224,14372;4222,95000;DOWN
2026-06-18 20:40:00;M1;6;21;4225,76123;4226,29000;UP
2026-06-18 21:00:00;M1;6;21;4229,50048;4228,27000;DOWN
2026-06-18 21:09:00;M1;6;21;4231,26039;4231,53000;UP
2026-06-18 21:15:00;M1;6;34;4227,40164;4227,27000;DOWN
2026-06-18 21:25:00;M1;6;34;4228,84475;4229,28000;UP
2026-06-18 21:36:00;M1;6;55;4221,85116;4220,60000;DOWN
2026-06-18 21:42:00;M1;6;55;4222,15631;4222,53000;UP
2026-06-18 21:47:00;M1;6;55;4222,33474;4221,64000;DOWN
2026-06-18 21:51:00;M1;6;89;4219,47548;4219,33000;DOWN
2026-06-18 21:55:00;M1;6;89;4219,08566;4220,73000;UP
2026-06-18 22:01:00;M1;6;89;4218,57035;4214,95000;DOWN
2026-06-18 22:26:00;M1;6;21;4206,10683;4206,79000;UP
2026-06-18 22:32:00;M1;6;21;4203,85355;4202,88000;DOWN
2026-06-18 22:37:00;M1;6;21;4203,03242;4207,81000;UP
2026-06-18 22:44:00;M1;6;55;4213,73971;4213,99000;UP
2026-06-18 23:22:00;M1;6;21;4215,73339;4215,72000;DOWN
2026-06-18 23:27:00;M1;6;21;4217,18662;4218,03000;UP
2026-06-18 23:31:00;M1;6;21;4218,02865;4217,31000;DOWN
2026-06-18 23:37:00;M1;6;21;4218,15018;4218,39000;UP
2026-06-18 23:48:00;M1;6;55;4210,89467;4210,44000;DOWN
2026-06-18 23:50:00;M1;6;89;4209,97017;4209,56000;DOWN
2026-06-19 01:15:00;M1;6;21;4208,73088;4209,46000;UP
2026-06-19 01:19:00;M1;6;89;4208,20444;4205,70000;DOWN
2026-06-19 01:25:00;M1;6;21;4205,11873;4205,57000;UP
2026-06-19 01:49:00;M1;6;34;4205,31961;4208,74000;UP
2026-06-19 02:02:00;M1;6;89;4204,53277;4199,57000;DOWN
2026-06-19 02:32:00;M1;6;21;4197,19926;4197,89000;UP
2026-06-19 02:38:00;M1;6;34;4197,26760;4197,99000;UP
2026-06-19 02:40:00;M1;6;21;4195,89137;4195,60000;DOWN
2026-06-19 02:43:00;M1;6;21;4194,22940;4194,47000;UP
2026-06-19 02:43:00;M1;6;34;4195,99389;4194,47000;DOWN
2026-06-19 02:49:00;M1;6;21;4192,27298;4189,64000;DOWN
2026-06-19 02:55:00;M1;6;21;4190,27620;4190,83000;UP
2026-06-19 03:01:00;M1;6;55;4194,69336;4195,03000;UP
2026-06-19 03:03:00;M1;6;34;4191,64321;4191,56000;DOWN
2026-06-19 03:10:00;M1;6;21;4187,51260;4188,10000;UP
2026-06-19 03:07:00;M1;6;55;4193,35174;4184,91000;DOWN
2026-06-19 03:13:00;M1;6;21;4186,16525;4185,07000;DOWN
2026-06-19 03:19:00;M1;6;21;4184,99924;4185,14000;UP
2026-06-19 03:25:00;M1;6;34;4185,95583;4185,63000;DOWN
2026-06-19 03:31:00;M1;6;34;4185,00591;4188,10000;UP
2026-06-19 03:39:00;M1;6;55;4187,18084;4186,75000;DOWN
2026-06-19 03:43:00;M1;6;55;4186,35770;4188,93000;UP
2026-06-19 03:49:00;M1;6;89;4189,53423;4190,42000;UP
2026-06-19 04:05:00;M1;6;89;4188,09284;4186,27000;DOWN
2026-06-19 04:15:00;M1;6;21;4186,92012;4187,23000;UP
2026-06-19 04:19:00;M1;6;89;4185,92878;4185,20000;DOWN
2026-06-19 04:25:00;M1;6;21;4187,04179;4188,59000;UP
2026-06-19 04:32:00;M1;6;21;4187,40563;4187,24000;DOWN
2026-06-19 04:45:00;M1;6;34;4185,29021;4184,83000;DOWN
2026-06-19 04:56:00;M1;6;34;4185,34484;4185,61000;UP
2026-06-19 05:01:00;M1;6;34;4185,22239;4184,93000;DOWN
2026-06-19 05:08:00;M1;6;89;4181,54201;4179,89000;DOWN
2026-06-19 05:13:00;M1;6;55;4181,30137;4181,62000;UP
2026-06-19 05:19:00;M1;6;89;4180,35948;4175,79000;DOWN
2026-06-19 05:34:00;M1;6;21;4179,22766;4179,84000;UP
2026-06-19 05:37:00;M1;6;55;4179,85319;4179,73000;DOWN
2026-06-19 05:43:00;M1;6;55;4179,51992;4180,30000;UP
2026-06-19 05:46:00;M1;6;89;4178,14770;4176,08000;DOWN
2026-06-19 05:49:00;M1;6;55;4179,07211;4176,24000;DOWN
2026-06-19 05:55:00;M1;6;21;4176,66844;4176,79000;UP
2026-06-19 06:01:00;M1;6;21;4174,75828;4174,04000;DOWN
2026-06-19 06:20:00;M1;6;21;4168,48729;4168,95000;UP
2026-06-19 06:28:00;M1;6;21;4166,93368;4166,79000;DOWN
2026-06-19 06:37:00;M1;6;21;4163,46745;4164,81000;UP
2026-06-19 06:45:00;M1;6;21;4161,53668;4160,05000;DOWN
2026-06-19 06:52:00;M1;6;21;4159,76530;4160,62000;UP
2026-06-19 06:57:00;M1;6;21;4157,69036;4157,57000;DOWN
2026-06-19 07:19:00;M1;6;21;4145,96666;4147,76000;UP
2026-06-19 07:35:00;M1;6;21;4142,28591;4141,39000;DOWN
2026-06-19 07:39:00;M1;6;21;4139,94699;4141,61000;UP
2026-06-19 07:43:00;M1;6;21;4137,30809;4134,61000;DOWN
2026-06-19 07:49:00;M1;6;21;4134,55954;4135,72000;UP
2026-06-19 07:55:00;M1;6;21;4131,43348;4126,39000;DOWN
2026-06-19 08:10:00;M1;6;21;4125,80859;4126,20000;UP
2026-06-19 08:23:00;M1;6;55;4131,13081;4131,25000;UP
2026-06-19 08:31:00;M1;6;89;4137,42874;4139,22000;UP
2026-06-19 08:37:00;M1;6;89;4135,62360;4130,89000;DOWN
2026-06-19 08:44:00;M1;6;89;4134,01099;4134,97000;UP
2026-06-19 09:02:00;M1;6;21;4135,06383;4134,18000;DOWN
2026-06-19 09:08:00;M1;6;21;4137,56628;4137,68000;UP
2026-06-19 09:19:00;M1;6;21;4141,62921;4141,62000;DOWN
2026-06-19 09:25:00;M1;6;21;4142,92891;4144,28000;UP
2026-06-19 09:36:00;M1;6;34;4135,78405;4135,08000;DOWN
2026-06-19 09:47:00;M1;6;34;4137,94263;4138,96000;UP
2026-06-19 09:49:00;M1;6;21;4142,24436;4145,38000;UP
2026-06-19 10:25:00;M1;6;21;4155,10381;4152,92000;DOWN
2026-06-19 10:32:00;M1;6;34;4152,74139;4152,53000;DOWN
2026-06-19 10:38:00;M1;6;21;4157,35153;4157,40000;UP
2026-06-19 10:44:00;M1;6;34;4155,08202;4153,94000;DOWN
2026-06-19 10:57:00;M1;6;21;4158,34367;4161,36000;UP
2026-06-19 11:02:00;M1;6;34;4158,00157;4155,90000;DOWN
2026-06-19 11:07:00;M1;6;21;4159,76051;4160,37000;UP
2026-06-19 11:38:00;M1;6;34;4170,40742;4168,93000;DOWN
2026-06-19 11:50:00;M1;6;55;4167,72598;4165,83000;DOWN
2026-06-19 12:00:00;M1;6;55;4169,25719;4170,20000;UP
2026-06-19 12:01:00;M1;6;55;4170,48401;4166,85000;DOWN
2026-06-19 12:25:00;M1;6;21;4167,03754;4167,11000;UP
2026-06-19 12:31:00;M1;6;21;4165,68486;4164,91000;DOWN
2026-06-19 12:37:00;M1;6;21;4164,65765;4164,98000;UP
2026-06-19 12:44:00;M1;6;89;4163,14357;4162,62000;DOWN
2026-06-19 12:50:00;M1;6;21;4164,04860;4164,67000;UP
2026-06-19 12:55:00;M1;6;89;4165,13788;4164,35000;DOWN
2026-06-19 13:34:00;M1;6;21;4154,30419;4154,62000;UP
2026-06-19 13:37:00;M1;6;21;4152,68896;4150,24000;DOWN
2026-06-19 13:43:00;M1;6;21;4151,16826;4151,79000;UP
2026-06-19 13:54:00;M1;6;21;4150,07362;4149,76000;DOWN
2026-06-19 13:55:00;M1;6;21;4149,13238;4151,06000;UP
2026-06-19 14:01:00;M1;6;21;4148,08931;4145,57000;DOWN
2026-06-19 14:09:00;M1;6;21;4147,19984;4147,39000;UP
2026-06-19 14:16:00;M1;6;21;4146,09368;4145,88000;DOWN
2026-06-19 14:19:00;M1;6;21;4145,35825;4147,21000;UP
2026-06-19 14:26:00;M1;6;34;4145,56479;4145,01000;DOWN
2026-06-19 14:34:00;M1;6;21;4143,97153;4144,21000;UP
2026-06-19 14:40:00;M1;6;55;4149,75148;4150,10000;UP
2026-06-19 14:37:00;M1;6;34;4143,93588;4143,52000;DOWN
2026-06-19 14:43:00;M1;6;21;4144,92649;4149,89000;UP
2026-06-19 15:01:00;M1;6;89;4157,75549;4158,12000;UP
2026-06-19 15:07:00;M1;6;89;4157,21392;4154,59000;DOWN
2026-06-19 15:13:00;M1;6;89;4156,73024;4158,09000;UP
2026-06-19 15:19:00;M1;6;89;4156,27652;4155,46000;DOWN
2026-06-19 15:25:00;M1;6;21;4155,46710;4155,69000;UP
2026-06-19 15:31:00;M1;6;21;4155,61764;4152,15000;DOWN
2026-06-19 15:37:00;M1;6;34;4151,46224;4150,03000;DOWN
2026-06-19 15:43:00;M1;6;34;4151,77165;4152,30000;UP
2026-06-19 15:50:00;M1;6;21;4155,77153;4158,35000;UP
2026-06-19 15:49:00;M1;6;34;4153,11047;4148,76000;DOWN
2026-06-19 15:55:00;M1;6;34;4155,64539;4169,55000;UP
2026-06-19 16:15:00;M1;6;21;4169,72114;4167,07000;DOWN
2026-06-19 16:19:00;M1;6;34;4165,99433;4164,47000;DOWN
2026-06-19 16:37:00;M1;6;55;4161,01722;4160,23000;DOWN
2026-06-19 16:48:00;M1;6;89;4157,58178;4154,93000;DOWN
2026-06-19 16:50:00;M1;6;89;4157,84420;4158,00000;UP
2026-06-19 16:55:00;M1;6;89;4157,94195;4157,66000;DOWN
2026-06-19 17:26:00;M1;6;21;4146,58351;4148,59000;UP
2026-06-19 17:52:00;M1;6;34;4147,93744;4147,95000;UP
2026-06-19 18:20:00;M1;6;55;4151,45064;4153,13000;UP
2026-06-19 18:25:00;M1;6;89;4152,68773;4152,53000;DOWN
2026-06-19 18:31:00;M1;6;55;4150,25225;4152,08000;UP
2026-06-19 18:38:00;M1;6;55;4149,67006;4149,01000;DOWN
2026-06-19 18:48:00;M1;6;21;4151,51058;4152,04000;UP
2026-06-19 18:52:00;M1;6;89;4152,06336;4153,33000;UP
2026-06-19 18:49:00;M1;6;21;4151,96981;4151,55000;DOWN
2026-06-19 18:55:00;M1;6;89;4151,91610;4150,20000;DOWN
2026-06-19 19:02:00;M1;6;55;4147,97922;4147,14000;DOWN
2026-06-19 19:07:00;M1;6;55;4147,60112;4148,12000;UP
2026-06-19 19:13:00;M1;6;55;4147,17980;4144,84000;DOWN
2026-06-19 19:21:00;M1;6;55;4146,81553;4147,58000;UP
2026-06-19 19:26:00;M1;6;21;4147,79285;4148,58000;UP
2026-06-19 19:31:00;M1;6;34;4148,39975;4147,61000;DOWN
2026-06-19 19:38:00;M1;6;34;4148,55093;4151,11000;UP
2026-06-22 01:12:00;M1;6;89;4149,13505;4148,67000;DOWN
2026-06-22 01:13:00;M1;6;89;4149,12517;4151,50000;UP
2026-06-22 01:19:00;M1;6;34;4152,26001;4153,54000;UP
2026-06-22 01:25:00;M1;6;34;4152,39716;4151,22000;DOWN
2026-06-22 01:31:00;M1;6;21;4153,62581;4154,08000;UP
2026-06-22 01:37:00;M1;6;34;4152,44801;4151,74000;DOWN
2026-06-22 01:43:00;M1;6;21;4152,92999;4153,52000;UP
2026-06-22 02:15:00;M1;6;34;4156,12348;4155,63000;DOWN
2026-06-22 02:22:00;M1;6;21;4158,13081;4158,37000;UP
2026-06-22 02:30:00;M1;6;55;4154,81879;4154,61000;DOWN
2026-06-22 02:31:00;M1;6;89;4151,54713;4151,34000;DOWN
2026-06-22 03:00:00;M1;6;21;4144,43468;4147,15000;UP
2026-06-22 03:01:00;M1;6;34;4148,34087;4150,05000;UP
2026-06-22 03:11:00;M1;6;55;4150,93222;4153,28000;UP
2026-06-22 03:07:00;M1;6;34;4147,39735;4146,07000;DOWN
2026-06-22 03:13:00;M1;6;34;4147,78810;4160,18000;UP
2026-06-22 04:19:00;M1;6;21;4212,56302;4208,53000;DOWN
2026-06-22 04:31:00;M1;6;34;4205,11742;4199,16000;DOWN
2026-06-22 04:49:00;M1;6;55;4196,85186;4195,20000;DOWN
2026-06-22 05:13:00;M1;6;89;4188,84162;4186,64000;DOWN
2026-06-22 05:25:00;M1;6;21;4188,53226;4189,53000;UP
2026-06-22 05:31:00;M1;6;89;4192,71526;4190,36000;DOWN
2026-06-22 05:37:00;M1;6;89;4193,91654;4196,07000;UP
2026-06-22 05:43:00;M1;6;89;4195,01684;4192,36000;DOWN
2026-06-22 06:01:00;M1;6;21;4187,12604;4186,93000;DOWN
2026-06-22 06:31:00;M1;6;21;4179,13500;4179,73000;UP
2026-06-22 06:37:00;M1;6;21;4177,37565;4176,97000;DOWN
2026-06-22 06:47:00;M1;6;21;4176,07510;4178,00000;UP
2026-06-22 06:56:00;M1;6;21;4173,72548;4172,17000;DOWN
2026-06-22 07:03:00;M1;6;21;4172,68897;4172,96000;UP
2026-06-22 07:07:00;M1;6;34;4173,88546;4176,41000;UP
2026-06-22 07:38:00;M1;6;55;4177,23013;4177,45000;UP
2026-06-22 07:43:00;M1;6;55;4176,29860;4176,06000;DOWN
2026-06-22 07:49:00;M1;6;55;4175,55972;4178,98000;UP
2026-06-22 08:20:00;M1;6;89;4187,08324;4187,66000;UP
2026-06-22 08:43:00;M1;6;21;4193,39618;4193,08000;DOWN
2026-06-22 08:52:00;M1;6;21;4195,26393;4195,66000;UP
2026-06-22 08:56:00;M1;6;21;4196,59881;4195,98000;DOWN
2026-06-22 09:04:00;M1;6;34;4192,75594;4191,46000;DOWN
2026-06-22 09:07:00;M1;6;34;4194,27327;4194,95000;UP
2026-06-22 09:13:00;M1;6;34;4195,72675;4195,02000;DOWN
2026-06-22 09:24:00;M1;6;21;4199,02866;4200,37000;UP
2026-06-22 09:26:00;M1;6;34;4198,28920;4197,62000;DOWN
2026-06-22 09:35:00;M1;6;34;4199,39944;4199,49000;UP
2026-06-22 09:41:00;M1;6;21;4200,06648;4200,27000;UP
2026-06-22 09:37:00;M1;6;34;4200,42371;4198,39000;DOWN
2026-06-22 09:44:00;M1;6;34;4201,43867;4202,11000;UP
2026-06-22 09:43:00;M1;6;21;4200,81138;4199,97000;DOWN
2026-06-22 09:49:00;M1;6;21;4201,93352;4202,34000;UP
2026-06-22 09:49:00;M1;6;34;4202,51077;4202,34000;DOWN
2026-06-22 09:55:00;M1;6;34;4203,17430;4204,37000;UP
2026-06-22 09:58:00;M1;6;55;4197,92906;4197,80000;DOWN
2026-06-22 10:02:00;M1;6;55;4199,22480;4200,89000;UP
2026-06-22 10:01:00;M1;6;34;4203,57218;4198,14000;DOWN
2026-06-22 10:07:00;M1;6;55;4200,37981;4199,81000;DOWN
2026-06-22 10:30:00;M1;6;89;4195,26379;4194,35000;DOWN
2026-06-22 10:32:00;M1;6;89;4195,89833;4197,91000;UP
2026-06-22 10:39:00;M1;6;89;4196,43290;4194,80000;DOWN
2026-06-22 10:50:00;M1;6;21;4195,12223;4195,70000;UP
2026-06-22 10:55:00;M1;6;21;4193,28083;4191,64000;DOWN
2026-06-22 11:05:00;M1;6;21;4191,99510;4193,43000;UP
2026-06-22 11:10:00;M1;6;21;4190,82929;4190,31000;DOWN
2026-06-22 11:13:00;M1;6;21;4189,88030;4190,63000;UP
2026-06-22 11:21:00;M1;6;34;4193,34928;4194,52000;UP
2026-06-22 11:25:00;M1;6;34;4192,42008;4191,78000;DOWN
2026-06-22 11:35:00;M1;6;34;4191,64714;4192,12000;UP
2026-06-22 11:38:00;M1;6;34;4191,10791;4191,06000;DOWN
2026-06-22 11:43:00;M1;6;34;4190,78935;4193,19000;UP
2026-06-22 11:53:00;M1;6;55;4196,35461;4197,29000;UP
2026-06-22 11:55:00;M1;6;55;4196,00317;4195,88000;DOWN
2026-06-22 12:01:00;M1;6;55;4195,90541;4198,28000;UP
2026-06-22 12:25:00;M1;6;21;4205,21605;4204,67000;DOWN
2026-06-22 12:33:00;M1;6;21;4206,91456;4208,69000;UP
2026-06-22 12:37:00;M1;6;21;4208,41651;4207,17000;DOWN
2026-06-22 13:11:00;M1;6;21;4211,79281;4213,54000;UP
2026-06-22 13:07:00;M1;6;34;4209,83486;4209,23000;DOWN
2026-06-22 13:13:00;M1;6;34;4211,12976;4212,19000;UP
2026-06-22 13:13:00;M1;6;21;4212,34057;4212,19000;DOWN
2026-06-22 13:19:00;M1;6;34;4212,18953;4210,24000;DOWN
2026-06-22 13:25:00;M1;6;21;4212,82093;4212,98000;UP
2026-06-22 13:31:00;M1;6;21;4212,71009;4209,60000;DOWN
2026-06-22 13:39:00;M1;6;55;4209,54677;4209,08000;DOWN
2026-06-22 13:46:00;M1;6;89;4207,94219;4206,21000;DOWN
2026-06-22 14:04:00;M1;6;21;4208,94038;4209,30000;UP
2026-06-22 14:10:00;M1;6;89;4209,41884;4209,16000;DOWN
2026-06-22 14:20:00;M1;6;21;4208,11481;4208,95000;UP
2026-06-22 14:25:00;M1;6;21;4207,41591;4205,94000;DOWN
2026-06-22 14:39:00;M1;6;21;4206,14980;4206,27000;UP
2026-06-22 14:45:00;M1;6;21;4205,56983;4205,07000;DOWN
2026-06-22 14:49:00;M1;6;21;4205,00084;4205,02000;UP
2026-06-22 14:59:00;M1;6;34;4206,58453;4207,39000;UP
2026-06-22 15:04:00;M1;6;55;4210,60363;4210,61000;UP
2026-06-22 15:07:00;M1;6;55;4210,30185;4207,60000;DOWN
2026-06-22 15:13:00;M1;6;34;4206,10105;4207,87000;UP
2026-06-22 15:22:00;M1;6;55;4209,88115;4209,95000;UP
2026-06-22 15:26:00;M1;6;55;4209,75359;4207,19000;DOWN
2026-06-22 16:15:00;M1;6;21;4194,77167;4195,09000;UP
2026-06-22 16:20:00;M1;6;21;4192,83136;4190,75000;DOWN
2026-06-22 16:36:00;M1;6;21;4188,65440;4189,94000;UP
2026-06-22 16:43:00;M1;6;34;4191,05373;4191,54000;UP
2026-06-22 16:54:00;M1;6;89;4202,81661;4203,79000;UP
2026-06-22 16:58:00;M1;6;89;4202,05736;4200,48000;DOWN
2026-06-22 17:07:00;M1;6;89;4200,82351;4204,62000;UP
2026-06-22 17:17:00;M1;6;89;4200,34081;4198,83000;DOWN
2026-06-22 17:21:00;M1;6;55;4193,82588;4193,57000;DOWN
2026-06-22 17:26:00;M1;6;34;4193,22135;4195,68000;UP
2026-06-22 17:31:00;M1;6;55;4193,09103;4191,44000;DOWN
2026-06-22 17:41:00;M1;6;34;4193,03219;4193,15000;UP
2026-06-22 17:46:00;M1;6;21;4196,23583;4203,49000;UP
2026-06-22 17:44:00;M1;6;34;4193,44252;4192,88000;DOWN
2026-06-22 17:49:00;M1;6;34;4194,17168;4201,09000;UP
2026-06-22 17:55:00;M1;6;21;4196,99840;4196,95000;DOWN
2026-06-22 18:01:00;M1;6;21;4197,19020;4200,10000;UP
2026-06-22 18:05:00;M1;6;89;4196,38369;4196,21000;DOWN
2026-06-22 18:08:00;M1;6;34;4196,42719;4198,45000;UP
2026-06-22 18:07:00;M1;6;21;4197,35344;4195,82000;DOWN
2026-06-22 18:13:00;M1;6;21;4197,31458;4197,77000;UP
2026-06-22 18:16:00;M1;6;89;4195,78448;4194,87000;DOWN
2026-06-22 18:19:00;M1;6;55;4192,96739;4192,13000;DOWN
2026-06-22 18:56:00;M1;6;21;4180,54787;4181,61000;UP
2026-06-22 19:04:00;M1;6;21;4177,97832;4177,76000;DOWN
2026-06-22 19:07:00;M1;6;21;4175,75004;4177,89000;UP
2026-06-22 19:20:00;M1;6;34;4179,25362;4179,77000;UP
2026-06-22 19:31:00;M1;6;55;4181,78541;4183,56000;UP
2026-06-22 19:39:00;M1;6;89;4183,81329;4183,44000;DOWN
2026-06-22 19:46:00;M1;6;89;4183,11088;4183,20000;UP
2026-06-22 20:13:00;M1;6;21;4188,11105;4187,39000;DOWN
2026-06-22 20:20:00;M1;6;21;4189,43941;4189,89000;UP
2026-06-22 20:25:00;M1;6;21;4189,86052;4187,85000;DOWN
2026-06-22 20:32:00;M1;6;89;4181,26015;4180,01000;DOWN
2026-06-22 20:39:00;M1;6;55;4180,71244;4181,05000;UP
2026-06-22 20:43:00;M1;6;89;4180,86321;4180,64000;DOWN
2026-06-22 20:49:00;M1;6;55;4180,50353;4182,40000;UP
2026-06-22 21:01:00;M1;6;21;4182,56225;4184,49000;UP
2026-06-22 21:07:00;M1;6;34;4184,32721;4183,92000;DOWN
2026-06-22 21:15:00;M1;6;34;4184,38588;4186,50000;UP
2026-06-22 21:55:00;M1;6;21;4190,46921;4190,00000;DOWN
2026-06-22 22:01:00;M1;6;21;4191,54119;4191,70000;UP
2026-06-22 22:07:00;M1;6;21;4192,35055;4191,79000;DOWN
2026-06-22 22:16:00;M1;6;34;4190,24065;4190,17000;DOWN
2026-06-22 22:22:00;M1;6;55;4188,08729;4188,02000;DOWN
2026-06-22 22:37:00;M1;6;55;4188,97218;4189,81000;UP
2026-06-22 22:43:00;M1;6;55;4189,03564;4185,02000;DOWN
2026-06-22 22:55:00;M1;6;21;4187,54661;4187,95000;UP
2026-06-22 23:16:00;M1;6;34;4190,24174;4190,24000;DOWN
2026-06-22 23:19:00;M1;6;34;4190,32206;4191,19000;UP
2026-06-22 23:21:00;M1;6;55;4190,35908;4189,09000;DOWN
2026-06-22 23:25:00;M1;6;21;4189,90300;4190,85000;UP
2026-06-22 23:29:00;M1;6;34;4190,34440;4190,27000;DOWN
2026-06-22 23:32:00;M1;6;34;4190,39155;4190,57000;UP
2026-06-22 23:31:00;M1;6;55;4190,93831;4190,28000;DOWN
2026-06-22 23:37:00;M1;6;21;4191,01998;4191,92000;UP
2026-06-22 23:47:00;M1;6;55;4191,43978;4191,09000;DOWN
2026-06-22 23:51:00;M1;6;55;4191,62544;4191,63000;UP
2026-06-22 23:55:00;M1;6;21;4192,10441;4192,34000;UP
2026-06-23 01:08:00;M1;6;55;4192,16949;4192,12000;DOWN
2026-06-23 01:13:00;M1;6;55;4192,31105;4192,38000;UP
2026-06-23 01:15:00;M1;6;34;4192,13388;4191,91000;DOWN
2026-06-23 01:21:00;M1;6;34;4192,37939;4192,38000;UP
2026-06-23 01:19:00;M1;6;55;4192,41628;4192,04000;DOWN
2026-06-23 01:30:00;M1;6;21;4192,93953;4193,22000;UP
2026-06-23 01:25:00;M1;6;34;4192,60542;4191,63000;DOWN
2026-06-23 01:31:00;M1;6;34;4192,70577;4193,91000;UP
2026-06-23 01:34:00;M1;6;55;4192,59499;4192,42000;DOWN
2026-06-23 01:37:00;M1;6;89;4191,07734;4190,32000;DOWN
2026-06-23 02:00:00;M1;6;21;4190,58628;4191,36000;UP
2026-06-23 02:01:00;M1;6;34;4191,53620;4192,38000;UP
2026-06-23 02:07:00;M1;6;89;4191,81084;4190,67000;DOWN
2026-06-23 02:17:00;M1;6;34;4191,19406;4191,42000;UP
2026-06-23 02:23:00;M1;6;34;4191,08694;4190,81000;DOWN
2026-06-23 02:27:00;M1;6;34;4190,99787;4191,15000;UP
2026-06-23 02:33:00;M1;6;55;4192,00093;4192,47000;UP
2026-06-23 02:49:00;M1;6;89;4192,58502;4190,76000;DOWN
2026-06-23 03:29:00;M1;6;21;4183,44518;4183,84000;UP
2026-06-23 03:38:00;M1;6;34;4184,71250;4185,20000;UP
2026-06-23 03:43:00;M1;6;55;4186,98822;4187,64000;UP
2026-06-23 04:05:00;M1;6;89;4189,47518;4189,04000;DOWN
2026-06-23 04:07:00;M1;6;21;4187,97076;4189,65000;UP
2026-06-23 04:13:00;M1;6;89;4189,11983;4185,79000;DOWN
2026-06-23 04:57:00;M1;6;21;4160,78196;4161,25000;UP
2026-06-23 05:05:00;M1;6;21;4156,49108;4154,62000;DOWN
2026-06-23 05:13:00;M1;6;21;4149,75087;4150,08000;UP
2026-06-23 05:19:00;M1;6;34;4157,18792;4158,24000;UP
2026-06-23 05:59:00;M1;6;34;4148,12036;4146,90000;DOWN
2026-06-23 06:13:00;M1;6;34;4142,84400;4142,95000;UP
2026-06-23 06:19:00;M1;6;34;4140,69132;4133,18000;DOWN
2026-06-23 06:26:00;M1;6;21;4137,90957;4138,10000;UP
2026-06-23 06:38:00;M1;6;34;4136,29849;4134,02000;DOWN
2026-06-23 06:43:00;M1;6;21;4133,60846;4136,86000;UP
2026-06-23 07:00:00;M1;6;89;4144,85552;4145,04000;UP
2026-06-23 07:21:00;M1;6;89;4139,11726;4138,57000;DOWN
2026-06-23 07:25:00;M1;6;89;4137,90169;4139,50000;UP
2026-06-23 07:34:00;M1;6;89;4136,73696;4136,48000;DOWN
2026-06-23 07:37:00;M1;6;89;4135,62175;4137,70000;UP
2026-06-23 07:53:00;M1;6;34;4136,32775;4136,15000;DOWN
2026-06-23 07:55:00;M1;6;89;4132,27640;4131,83000;DOWN
2026-06-23 08:04:00;M1;6;21;4134,27635;4134,51000;UP
2026-06-23 08:09:00;M1;6;89;4129,90704;4127,99000;DOWN
2026-06-23 08:13:00;M1;6;55;4128,48474;4128,88000;UP
2026-06-23 08:20:00;M1;6;21;4128,28257;4129,48000;UP
2026-06-23 08:22:00;M1;6;89;4127,53073;4126,97000;DOWN
2026-06-23 08:25:00;M1;6;21;4126,55408;4125,74000;DOWN
2026-06-23 08:34:00;M1;6;21;4125,81266;4131,33000;UP
2026-06-23 08:40:00;M1;6;89;4124,27708;4123,64000;DOWN
2026-06-23 08:43:00;M1;6;21;4123,42365;4125,05000;UP
2026-06-23 08:49:00;M1;6;89;4122,21143;4118,89000;DOWN
2026-06-23 08:57:00;M1;6;21;4120,58553;4120,67000;UP
2026-06-23 09:01:00;M1;6;34;4121,91788;4125,80000;UP
2026-06-23 09:07:00;M1;6;89;4119,27690;4118,40000;DOWN
2026-06-23 09:13:00;M1;6;21;4117,80273;4120,65000;UP
2026-06-23 09:23:00;M1;6;55;4119,94042;4118,60000;DOWN
2026-06-23 09:25:00;M1;6;55;4119,01280;4120,19000;UP
2026-06-23 09:26:00;M1;6;89;4116,64519;4116,20000;DOWN
2026-06-23 09:31:00;M1;6;21;4115,99252;4118,08000;UP
2026-06-23 09:33:00;M1;6;55;4118,07268;4117,91000;DOWN
2026-06-23 09:37:00;M1;6;89;4114,96850;4114,16000;DOWN
2026-06-23 09:45:00;M1;6;21;4114,34331;4115,36000;UP
2026-06-23 09:49:00;M1;6;55;4115,04289;4115,48000;UP
2026-06-23 09:58:00;M1;6;55;4114,08947;4114,06000;DOWN
2026-06-23 10:01:00;M1;6;55;4113,38704;4114,71000;UP
2026-06-23 10:12:00;M1;6;21;4114,12723;4113,54000;DOWN
2026-06-23 10:14:00;M1;6;21;4114,31396;4115,64000;UP
2026-06-23 10:35:00;M1;6;21;4116,27619;4114,83000;DOWN
2026-06-23 10:41:00;M1;6;89;4109,09093;4108,74000;DOWN
2026-06-23 11:19:00;M1;6;21;4093,99610;4098,20000;UP
2026-06-23 11:30:00;M1;6;34;4098,59502;4099,32000;UP
2026-06-23 11:32:00;M1;6;55;4099,68216;4100,75000;UP
2026-06-23 12:29:00;M1;6;21;4112,93253;4112,68000;DOWN
2026-06-23 12:33:00;M1;6;21;4114,68808;4115,50000;UP
2026-06-23 12:44:00;M1;6;21;4117,59046;4117,09000;DOWN
2026-06-23 12:57:00;M1;6;21;4119,76200;4120,11000;UP
2026-06-23 13:24:00;M1;6;21;4129,37726;4127,78000;DOWN
2026-06-23 13:36:00;M1;6;34;4129,08483;4127,00000;DOWN
2026-06-23 13:50:00;M1;6;55;4123,97941;4123,70000;DOWN
2026-06-23 14:11:00;M1;6;21;4126,02906;4126,66000;UP
2026-06-23 14:15:00;M1;6;55;4127,71373;4127,17000;DOWN
2026-06-23 14:20:00;M1;6;34;4129,97918;4130,48000;UP
2026-06-23 14:25:00;M1;6;55;4129,11229;4128,65000;DOWN
2026-06-23 14:34:00;M1;6;21;4124,58707;4123,52000;DOWN
2026-06-23 14:38:00;M1;6;21;4124,32109;4124,87000;UP
2026-06-23 14:47:00;M1;6;89;4119,60821;4118,73000;DOWN
2026-06-23 14:49:00;M1;6;89;4120,34610;4121,69000;UP
2026-06-23 14:56:00;M1;6;21;4122,34114;4122,89000;UP
2026-06-23 14:55:00;M1;6;89;4121,05804;4120,84000;DOWN
2026-06-23 15:01:00;M1;6;89;4121,73213;4126,83000;UP
2026-06-23 15:02:00;M1;6;34;4124,57813;4123,74000;DOWN
2026-06-23 15:08:00;M1;6;89;4122,29076;4122,14000;DOWN
2026-06-23 15:30:00;M1;6;21;4117,25268;4117,86000;UP
2026-06-23 15:33:00;M1;6;34;4119,17707;4119,37000;UP
2026-06-23 15:34:00;M1;6;21;4116,52607;4116,12000;DOWN
2026-06-23 15:37:00;M1;6;21;4116,41608;4119,83000;UP
2026-06-23 15:44:00;M1;6;34;4117,88531;4117,79000;DOWN
2026-06-23 15:49:00;M1;6;21;4116,11422;4118,13000;UP
2026-06-23 15:57:00;M1;6;34;4116,63144;4115,54000;DOWN
2026-06-23 16:06:00;M1;6;21;4115,01182;4118,56000;UP
2026-06-23 16:10:00;M1;6;34;4115,03940;4114,14000;DOWN
2026-06-23 16:13:00;M1;6;21;4113,09280;4114,43000;UP
2026-06-23 16:19:00;M1;6;34;4113,08379;4107,29000;DOWN
2026-06-23 16:25:00;M1;6;21;4112,00183;4116,88000;UP
2026-06-23 16:34:00;M1;6;89;4122,19742;4122,41000;UP
2026-06-23 16:37:00;M1;6;89;4121,94246;4120,97000;DOWN
2026-06-23 16:43:00;M1;6;89;4121,82245;4126,40000;UP
2026-06-23 17:15:00;M1;6;21;4136,43332;4136,16000;DOWN
2026-06-23 17:19:00;M1;6;21;4139,17129;4141,52000;UP
2026-06-23 17:27:00;M1;6;34;4132,06257;4129,81000;DOWN
2026-06-23 17:38:00;M1;6;89;4126,64239;4123,17000;DOWN
2026-06-23 17:43:00;M1;6;55;4127,77747;4128,03000;UP
2026-06-23 17:49:00;M1;6;89;4127,29507;4126,71000;DOWN
2026-06-23 17:57:00;M1;6;55;4129,02025;4129,25000;UP
2026-06-23 18:01:00;M1;6;21;4130,69110;4132,70000;UP
2026-06-23 18:06:00;M1;6;55;4129,63277;4129,24000;DOWN
2026-06-23 18:07:00;M1;6;55;4130,13070;4130,26000;UP
2026-06-23 18:08:00;M1;6;89;4128,06559;4124,87000;DOWN
2026-06-23 18:15:00;M1;6;21;4128,50397;4128,84000;UP
2026-06-23 18:13:00;M1;6;55;4130,63774;4125,83000;DOWN
2026-06-23 18:19:00;M1;6;89;4128,45114;4127,53000;DOWN
2026-06-23 18:26:00;M1;6;21;4126,48863;4127,47000;UP
2026-06-23 18:32:00;M1;6;34;4131,81061;4133,35000;UP
2026-06-23 19:06:00;M1;6;55;4135,28939;4134,46000;DOWN
2026-06-23 19:07:00;M1;6;34;4134,43503;4134,31000;DOWN
2026-06-23 19:18:00;M1;6;21;4137,69010;4137,95000;UP
2026-06-23 19:22:00;M1;6;55;4136,75143;4136,49000;DOWN
2026-06-23 19:30:00;M1;6;55;4137,01472;4137,10000;UP
2026-06-23 19:26:00;M1;6;34;4135,86794;4135,80000;DOWN
2026-06-23 19:32:00;M1;6;21;4138,66874;4140,13000;UP
2026-06-23 19:31:00;M1;6;55;4137,33123;4137,27000;DOWN
2026-06-23 19:37:00;M1;6;55;4137,70456;4141,80000;UP
2026-06-23 19:49:00;M1;6;21;4140,40104;4140,29000;DOWN
2026-06-23 19:56:00;M1;6;89;4136,85043;4135,11000;DOWN
2026-06-23 20:12:00;M1;6;21;4138,36769;4138,47000;UP
2026-06-23 20:15:00;M1;6;89;4138,13231;4137,71000;DOWN
2026-06-23 20:21:00;M1;6;21;4136,73162;4137,28000;UP
2026-06-23 20:25:00;M1;6;21;4135,60160;4131,72000;DOWN
2026-06-23 20:44:00;M1;6;21;4131,00939;4132,21000;UP
2026-06-23 20:53:00;M1;6;21;4129,90932;4129,42000;DOWN
2026-06-23 20:56:00;M1;6;21;4128,95128;4128,96000;UP
2026-06-23 21:04:00;M1;6;21;4128,05214;4127,00000;DOWN
2026-06-23 21:21:00;M1;6;21;4124,52735;4124,57000;UP
2026-06-23 21:25:00;M1;6;21;4123,18619;4122,16000;DOWN
2026-06-23 21:36:00;M1;6;21;4121,99380;4122,21000;UP
2026-06-23 21:39:00;M1;6;21;4120,64020;4119,84000;DOWN
2026-06-23 21:56:00;M1;6;21;4115,19442;4115,79000;UP
2026-06-23 22:01:00;M1;6;34;4117,17604;4122,01000;UP
2026-06-23 22:08:00;M1;6;55;4121,95467;4121,42000;DOWN
2026-06-23 22:13:00;M1;6;55;4120,94815;4122,37000;UP
2026-06-23 22:19:00;M1;6;55;4120,11125;4117,68000;DOWN
2026-06-23 22:25:00;M1;6;55;4119,43017;4121,08000;UP
2026-06-23 22:45:00;M1;6;21;4120,88583;4120,53000;DOWN
2026-06-23 22:51:00;M1;6;55;4117,47257;4117,36000;DOWN
2026-06-23 23:25:00;M1;6;21;4109,56966;4109,79000;UP
2026-06-23 23:37:00;M1;6;34;4110,58249;4110,66000;UP
2026-06-24 01:05:00;M1;6;89;4112,72717;4113,00000;UP
2026-06-24 01:08:00;M1;6;89;4111,93987;4111,68000;DOWN
2026-06-24 01:13:00;M1;6;89;4111,23348;4113,49000;UP
2026-06-24 01:20:00;M1;6;89;4110,52040;4107,10000;DOWN
2026-06-24 01:25:00;M1;6;34;4107,64463;4107,85000;UP
2026-06-24 01:31:00;M1;6;55;4106,74716;4105,28000;DOWN
2026-06-24 01:45:00;M1;6;21;4105,05809;4105,51000;UP
2026-06-24 01:50:00;M1;6;89;4106,57527;4108,98000;UP
2026-06-24 01:55:00;M1;6;89;4105,82771;4104,38000;DOWN
2026-06-24 02:13:00;M1;6;21;4099,66134;4100,74000;UP
2026-06-24 02:29:00;M1;6;21;4097,71948;4097,51000;DOWN
2026-06-24 02:46:00;M1;6;21;4092,59383;4094,04000;UP
2026-06-24 02:50:00;M1;6;55;4096,25817;4096,83000;UP
2026-06-24 03:24:00;M1;6;34;4096,42357;4096,33000;DOWN
2026-06-24 03:28:00;M1;6;34;4097,19844;4097,83000;UP
2026-06-24 03:25:00;M1;6;89;4095,34539;4094,72000;DOWN
2026-06-24 03:31:00;M1;6;55;4095,62063;4099,30000;UP
2026-06-24 03:33:00;M1;6;34;4097,62998;4097,02000;DOWN
2026-06-24 03:41:00;M1;6;89;4094,84882;4094,49000;DOWN
2026-06-24 03:46:00;M1;6;34;4097,60840;4099,14000;UP
2026-06-24 03:52:00;M1;6;34;4097,56768;4096,21000;DOWN
2026-06-24 04:00:00;M1;6;89;4093,95682;4091,73000;DOWN
2026-06-24 04:13:00;M1;6;21;4087,31356;4088,86000;UP
2026-06-24 04:23:00;M1;6;21;4084,33615;4084,08000;DOWN
2026-06-24 04:25:00;M1;6;21;4083,96936;4095,53000;UP
2026-06-24 04:46:00;M1;6;89;4088,70118;4088,37000;DOWN
2026-06-24 04:49:00;M1;6;21;4087,92036;4085,88000;DOWN
2026-06-24 04:58:00;M1;6;21;4088,11948;4089,00000;UP
2026-06-24 05:03:00;M1;6;89;4087,43924;4087,37000;DOWN
2026-06-24 05:52:00;M1;6;21;4062,23557;4063,61000;UP
2026-06-24 05:55:00;M1;6;34;4067,15744;4067,58000;UP
2026-06-24 06:01:00;M1;6;34;4064,06850;4060,81000;DOWN
2026-06-24 06:07:00;M1;6;21;4053,93957;4054,20000;UP
2026-06-24 06:13:00;M1;6;34;4058,34795;4058,99000;UP
2026-06-24 06:17:00;M1;6;21;4051,79249;4051,50000;DOWN
2026-06-24 06:19:00;M1;6;21;4049,94755;4052,66000;UP
2026-06-24 06:19:00;M1;6;34;4055,53649;4052,66000;DOWN
2026-06-24 06:25:00;M1;6;34;4053,20418;4056,95000;UP
2026-06-24 06:34:00;M1;6;55;4058,88545;4060,26000;UP
2026-06-24 06:41:00;M1;6;89;4065,20325;4065,26000;UP
2026-06-24 07:01:00;M1;6;89;4060,46415;4059,66000;DOWN
2026-06-24 07:08:00;M1;6;89;4059,39561;4059,42000;UP
2026-06-24 07:13:00;M1;6;89;4058,33128;4057,49000;DOWN
2026-06-24 07:22:00;M1;6;21;4060,33649;4061,03000;UP
2026-06-24 07:51:00;M1;6;21;4062,68323;4062,44000;DOWN
2026-06-24 07:56:00;M1;6;21;4063,30594;4065,21000;UP
2026-06-24 08:02:00;M1;6;21;4063,74578;4062,94000;DOWN
2026-06-24 08:08:00;M1;6;21;4064,55628;4064,73000;UP
2026-06-24 08:19:00;M1;6;21;4066,57348;4065,50000;DOWN
2026-06-24 08:25:00;M1;6;21;4068,14952;4070,34000;UP
2026-06-24 08:49:00;M1;6;21;4076,56428;4074,87000;DOWN
2026-06-24 09:00:00;M1;6;21;4077,66299;4078,71000;UP
2026-06-24 09:02:00;M1;6;21;4078,85073;4078,29000;DOWN
2026-06-24 09:07:00;M1;6;21;4081,62252;4089,73000;UP
2026-06-24 09:19:00;M1;6;21;4087,42796;4087,08000;DOWN
2026-06-24 09:28:00;M1;6;34;4084,90680;4084,63000;DOWN
2026-06-24 09:34:00;M1;6;34;4087,05216;4087,70000;UP
2026-06-24 09:41:00;M1;6;21;4092,66973;4093,02000;UP
2026-06-24 09:38:00;M1;6;34;4089,07830;4087,98000;DOWN
2026-06-24 09:43:00;M1;6;34;4090,99409;4092,62000;UP
2026-06-24 09:43:00;M1;6;21;4094,20640;4092,62000;DOWN
2026-06-24 09:49:00;M1;6;34;4092,64652;4088,99000;DOWN
2026-06-24 09:57:00;M1;6;55;4086,85182;4086,78000;DOWN
2026-06-24 10:01:00;M1;6;55;4088,48634;4089,24000;UP
2026-06-24 10:07:00;M1;6;55;4089,91269;4088,35000;DOWN
2026-06-24 10:35:00;M1;6;89;4079,54720;4078,40000;DOWN
2026-06-24 10:42:00;M1;6;89;4080,52960;4081,23000;UP
2026-06-24 10:44:00;M1;6;21;4082,23860;4082,39000;UP
2026-06-24 10:51:00;M1;6;89;4082,17263;4081,40000;DOWN
2026-06-24 11:01:00;M1;6;21;4076,60016;4076,75000;UP
2026-06-24 11:12:00;M1;6;21;4075,14441;4073,96000;DOWN
2026-06-24 11:13:00;M1;6;21;4074,07971;4074,84000;UP
2026-06-24 11:25:00;M1;6;34;4077,26636;4080,19000;UP
2026-06-24 11:31:00;M1;6;55;4085,72372;4087,33000;UP
2026-06-24 11:37:00;M1;6;89;4084,66626;4080,77000;DOWN
2026-06-24 11:54:00;M1;6;21;4077,90675;4076,74000;DOWN
2026-06-24 12:02:00;M1;6;34;4075,70000;4074,61000;DOWN
2026-06-24 12:12:00;M1;6;34;4075,19393;4075,94000;UP
2026-06-24 12:16:00;M1;6;21;4076,69314;4077,15000;UP
2026-06-24 12:21:00;M1;6;34;4074,58596;4074,42000;DOWN
2026-06-24 12:49:00;M1;6;21;4068,14021;4069,16000;UP
2026-06-24 12:57:00;M1;6;21;4066,80515;4065,40000;DOWN
2026-06-24 13:13:00;M1;6;21;4061,46044;4061,62000;UP
2026-06-24 13:19:00;M1;6;21;4059,29163;4059,08000;DOWN
2026-06-24 13:25:00;M1;6;21;4057,81538;4058,37000;UP
2026-06-24 13:36:00;M1;6;34;4060,08112;4059,10000;DOWN
2026-06-24 13:40:00;M1;6;34;4059,13360;4061,44000;UP
2026-06-24 13:51:00;M1;6;55;4060,79051;4059,89000;DOWN
2026-06-24 13:57:00;M1;6;34;4057,15160;4057,35000;UP
2026-06-24 13:55:00;M1;6;21;4057,22430;4056,07000;DOWN
2026-06-24 14:01:00;M1;6;21;4056,20174;4058,01000;UP
2026-06-24 14:03:00;M1;6;34;4056,06752;4055,36000;DOWN
2026-06-24 14:07:00;M1;6;21;4054,99474;4052,32000;DOWN
2026-06-24 14:31:00;M1;6;21;4044,34349;4047,88000;UP
2026-06-24 14:38:00;M1;6;55;4048,87859;4050,73000;UP
2026-06-24 14:44:00;M1;6;55;4047,26702;4045,93000;DOWN
2026-06-24 14:49:00;M1;6;21;4041,47644;4044,98000;UP
2026-06-24 14:55:00;M1;6;89;4053,44152;4050,98000;DOWN
2026-06-24 15:06:00;M1;6;55;4044,05367;4039,69000;DOWN
2026-06-24 15:11:00;M1;6;21;4042,51088;4042,58000;UP
2026-06-24 15:13:00;M1;6;34;4041,19252;4039,26000;DOWN
2026-06-24 15:19:00;M1;6;34;4040,01518;4041,01000;UP
2026-06-24 15:25:00;M1;6;34;4037,57862;4008,64000;DOWN
2026-06-24 16:19:00;M1;6;21;3970,45572;3976,49000;UP
2026-06-24 16:31:00;M1;6;34;3976,39396;3987,19000;UP
2026-06-24 16:41:00;M1;6;89;4006,23005;4008,13000;UP
2026-06-24 17:13:00;M1;6;21;4025,27545;4022,07000;DOWN
2026-06-24 17:43:00;M1;6;34;4018,63774;4012,28000;DOWN
2026-06-24 18:06:00;M1;6;55;4001,68488;3998,99000;DOWN
2026-06-24 18:16:00;M1;6;55;4002,81295;4004,74000;UP
2026-06-24 18:19:00;M1;6;21;4005,27716;4010,92000;UP
2026-06-24 18:25:00;M1;6;55;4004,44930;4004,13000;DOWN
2026-06-24 18:31:00;M1;6;55;4005,43674;4008,79000;UP
2026-06-24 18:40:00;M1;6;55;4006,32385;4004,94000;DOWN
2026-06-24 18:44:00;M1;6;21;4003,24363;4006,04000;UP
2026-06-24 18:53:00;M1;6;55;4008,03204;4007,15000;DOWN
2026-06-24 18:56:00;M1;6;21;4003,85235;4003,48000;DOWN
2026-06-24 19:05:00;M1;6;21;4004,00798;4004,03000;UP
2026-06-24 19:07:00;M1;6;21;4003,76447;4001,37000;DOWN
2026-06-24 19:15:00;M1;6;21;4003,33121;4004,85000;UP
2026-06-24 19:21:00;M1;6;55;4008,17082;4008,70000;UP
2026-06-24 19:19:00;M1;6;34;4003,58542;4002,62000;DOWN
2026-06-24 19:25:00;M1;6;21;4005,17836;4011,02000;UP
2026-06-24 19:43:00;M1;6;21;4012,28896;4009,95000;DOWN
2026-06-24 19:49:00;M1;6;55;4008,63274;4007,44000;DOWN
2026-06-24 20:01:00;M1;6;34;4008,80617;4009,38000;UP
2026-06-24 20:07:00;M1;6;55;4008,56206;4005,99000;DOWN
2026-06-24 20:19:00;M1;6;89;4000,75685;3999,98000;DOWN
2026-06-24 20:55:00;M1;6;21;3980,50677;3981,42000;UP
2026-06-24 21:01:00;M1;6;21;3976,12680;3972,75000;DOWN
2026-06-24 21:07:00;M1;6;21;3974,10566;3977,45000;UP
2026-06-24 21:15:00;M1;6;55;3990,85357;3991,04000;UP
2026-06-24 21:19:00;M1;6;55;3989,08195;3987,18000;DOWN
2026-06-24 21:25:00;M1;6;34;3979,84752;3988,72000;UP
2026-06-24 21:32:00;M1;6;89;3990,79447;3989,72000;DOWN
2026-06-24 21:38:00;M1;6;55;3985,19729;3983,87000;DOWN
2026-06-24 21:46:00;M1;6;21;3982,35759;3981,50000;DOWN
2026-06-24 21:55:00;M1;6;55;3981,49923;3982,32000;UP
2026-06-24 22:03:00;M1;6;21;3982,75646;3983,87000;UP
2026-06-24 22:01:00;M1;6;55;3980,30042;3978,40000;DOWN
2026-06-24 22:09:00;M1;6;34;3976,80990;3976,77000;DOWN
2026-06-24 22:17:00;M1;6;34;3976,49847;3976,80000;UP
2026-06-24 22:24:00;M1;6;21;3978,78001;3978,85000;UP
2026-06-24 22:28:00;M1;6;89;3982,19003;3983,43000;UP
2026-06-24 22:42:00;M1;6;89;3980,63395;3980,56000;DOWN
2026-06-24 22:43:00;M1;6;89;3979,94134;3982,43000;UP
2026-06-24 23:19:00;M1;6;21;3994,87199;3992,96000;DOWN
2026-06-24 23:25:00;M1;6;21;3997,09314;3998,86000;UP
2026-06-24 23:33:00;M1;6;21;3999,18824;3998,94000;DOWN
2026-06-24 23:49:00;M1;6;34;3998,16200;3997,21000;DOWN
2026-06-24 23:57:00;M1;6;34;3999,76859;4001,01000;UP
2026-06-25 01:01:00;M1;6;21;4004,10450;4008,70000;UP
2026-06-25 01:07:00;M1;6;34;4002,88921;4002,63000;DOWN
2026-06-25 01:35:00;M1;6;21;4004,91595;4005,75000;UP
2026-06-25 01:38:00;M1;6;21;4004,89630;4004,47000;DOWN
2026-06-25 01:44:00;M1;6;55;4002,11802;4002,08000;DOWN
2026-06-25 02:07:00;M1;6;89;3993,10956;3991,98000;DOWN
2026-06-25 02:15:00;M1;6;21;3996,42976;3997,67000;UP
2026-06-25 02:25:00;M1;6;34;4000,06052;4000,43000;UP
2026-06-25 02:33:00;M1;6;55;4004,08947;4005,76000;UP
2026-06-25 02:31:00;M1;6;34;4000,24931;3999,57000;DOWN
2026-06-25 02:37:00;M1;6;34;4001,12946;4013,36000;UP
2026-06-25 03:01:00;M1;6;21;4011,99089;4010,27000;DOWN
2026-06-25 03:08:00;M1;6;21;4014,08559;4014,81000;UP
2026-06-25 03:16:00;M1;6;89;4003,59217;4002,86000;DOWN
2026-06-25 03:52:00;M1;6;21;3990,87096;3993,46000;UP
2026-06-25 03:56:00;M1;6;34;3998,03856;3999,34000;UP
2026-06-25 04:02:00;M1;6;55;4001,58227;4004,37000;UP
2026-06-25 04:06:00;M1;6;34;3996,45338;3990,30000;DOWN
2026-06-25 04:07:00;M1;6;89;4003,64045;3990,11000;DOWN
2026-06-25 04:13:00;M1;6;21;3984,71874;3985,40000;UP
2026-06-25 04:19:00;M1;6;34;3991,42768;3994,35000;UP
2026-06-25 04:28:00;M1;6;55;3996,89666;3994,34000;DOWN
2026-06-25 04:33:00;M1;6;34;3988,61984;3984,65000;DOWN
2026-06-25 04:39:00;M1;6;21;3986,33037;3987,12000;UP
2026-06-25 04:43:00;M1;6;34;3985,59056;3983,60000;DOWN
2026-06-25 04:49:00;M1;6;21;3984,47281;3985,44000;UP
2026-06-25 04:57:00;M1;6;34;3982,36286;3976,48000;DOWN
2026-06-25 05:03:00;M1;6;21;3980,23718;3980,75000;UP
2026-06-25 05:07:00;M1;6;34;3978,50330;3971,20000;DOWN
2026-06-25 05:18:00;M1;6;21;3973,99613;3975,54000;UP
2026-06-25 05:19:00;M1;6;34;3975,66871;3981,23000;UP
2026-06-25 05:41:00;M1;6;55;3978,29132;3976,52000;DOWN
2026-06-25 05:45:00;M1;6;21;3978,47980;3980,31000;UP
2026-06-25 05:53:00;M1;6;55;3976,80633;3976,59000;DOWN
2026-06-25 05:56:00;M1;6;21;3979,47098;3981,27000;UP
2026-06-25 06:01:00;M1;6;89;3985,16073;3986,41000;UP
2026-06-25 06:06:00;M1;6;34;3976,29156;3975,91000;DOWN
2026-06-25 06:07:00;M1;6;34;3976,04442;3976,36000;UP
2026-06-25 06:07:00;M1;6;89;3984,18210;3976,36000;DOWN
2026-06-25 06:18:00;M1;6;21;3979,08567;3979,09000;UP
2026-06-25 06:13:00;M1;6;34;3975,88223;3967,27000;DOWN
2026-06-25 06:19:00;M1;6;34;3975,67899;3981,86000;UP
2026-06-25 06:24:00;M1;6;55;3974,21690;3973,14000;DOWN
2026-06-25 06:26:00;M1;6;55;3973,75589;3974,43000;UP
2026-06-25 06:25:00;M1;6;34;3975,50249;3973,25000;DOWN
2026-06-25 06:34:00;M1;6;21;3975,51800;3975,59000;UP
2026-06-25 06:35:00;M1;6;55;3973,22700;3972,55000;DOWN
2026-06-25 06:37:00;M1;6;34;3974,79014;3970,78000;DOWN
2026-06-25 06:44:00;M1;6;21;3974,16921;3975,20000;UP
2026-06-25 07:14:00;M1;6;21;3990,49712;3989,45000;DOWN
2026-06-25 07:21:00;M1;6;21;3993,07126;3995,18000;UP
2026-06-25 07:25:00;M1;6;21;3995,30558;3994,47000;DOWN
2026-06-25 07:35:00;M1;6;34;3989,61176;3988,64000;DOWN
2026-06-25 07:44:00;M1;6;34;3991,81778;3991,97000;UP
2026-06-25 07:49:00;M1;6;34;3993,02461;3992,28000;DOWN
2026-06-25 07:55:00;M1;6;21;3995,85595;3996,11000;UP
2026-06-25 08:02:00;M1;6;34;3995,43520;3994,98000;DOWN
2026-06-25 08:08:00;M1;6;21;3996,33246;3996,44000;UP
2026-06-25 08:18:00;M1;6;55;3990,71011;3990,56000;DOWN
2026-06-25 08:19:00;M1;6;55;3991,83298;3992,23000;UP
2026-06-25 08:27:00;M1;6;21;3995,87675;3996,21000;UP
2026-06-25 08:25:00;M1;6;55;3992,87287;3991,50000;DOWN
2026-06-25 08:34:00;M1;6;55;3993,67968;3995,02000;UP
2026-06-25 08:31:00;M1;6;21;3995,14192;3989,04000;DOWN
2026-06-25 08:39:00;M1;6;89;3984,95364;3984,80000;DOWN
2026-06-25 08:50:00;M1;6;89;3985,66737;3986,17000;UP
2026-06-25 08:55:00;M1;6;21;3986,74868;3990,56000;UP
2026-06-25 09:00:00;M1;6;89;3985,95207;3985,40000;DOWN
2026-06-25 09:04:00;M1;6;89;3986,18006;3986,55000;UP
2026-06-25 09:01:00;M1;6;21;3985,28901;3984,13000;DOWN
2026-06-25 09:07:00;M1;6;21;3984,19474;3985,72000;UP
2026-06-25 09:07:00;M1;6;89;3986,37389;3985,72000;DOWN
2026-06-25 09:13:00;M1;6;21;3982,47218;3981,90000;DOWN
2026-06-25 09:20:00;M1;6;21;3980,62632;3981,41000;UP
2026-06-25 09:25:00;M1;6;21;3979,56646;3979,08000;DOWN
2026-06-25 09:31:00;M1;6;21;3978,52942;3979,25000;UP
2026-06-25 09:42:00;M1;6;34;3981,71600;3983,56000;UP
2026-06-25 09:53:00;M1;6;34;3979,55207;3979,33000;DOWN
2026-06-25 09:55:00;M1;6;21;3977,61039;3980,24000;UP
2026-06-25 10:01:00;M1;6;34;3977,74390;3974,03000;DOWN
2026-06-25 10:07:00;M1;6;21;3977,90747;3982,77000;UP
2026-06-25 10:13:00;M1;6;55;3982,62975;3980,06000;DOWN
2026-06-25 10:19:00;M1;6;21;3979,65402;3984,78000;UP
2026-06-25 10:25:00;M1;6;89;3984,54830;3982,50000;DOWN
2026-06-25 10:31:00;M1;6;89;3984,45036;3986,24000;UP
2026-06-25 10:37:00;M1;6;89;3984,31366;3981,68000;DOWN
2026-06-25 10:56:00;M1;6;21;3981,13187;3982,51000;UP
2026-06-25 11:48:00;M1;6;34;3992,52591;3992,46000;DOWN
2026-06-25 12:04:00;M1;6;34;3995,48320;3995,71000;UP
2026-06-25 12:07:00;M1;6;34;3995,99164;3993,98000;DOWN
2026-06-25 12:15:00;M1;6;55;3990,92131;3990,87000;DOWN
2026-06-25 12:20:00;M1;6;55;3991,67693;3993,39000;UP
2026-06-25 12:30:00;M1;6;21;3994,64089;3995,00000;UP
2026-06-25 12:33:00;M1;6;34;3996,77378;3997,32000;UP
2026-06-25 12:36:00;M1;6;89;3988,86880;3987,59000;DOWN
2026-06-25 12:37:00;M1;6;89;3989,16610;3991,47000;UP
2026-06-25 12:37:00;M1;6;34;3996,39350;3991,47000;DOWN
2026-06-25 12:43:00;M1;6;89;3989,42920;3988,52000;DOWN
2026-06-25 12:51:00;M1;6;21;3990,59262;3990,95000;UP
2026-06-25 12:57:00;M1;6;89;3989,88292;3989,58000;DOWN
2026-06-25 13:08:00;M1;6;21;3987,72840;3987,75000;UP
2026-06-25 13:13:00;M1;6;21;3986,47101;3984,29000;DOWN
2026-06-25 13:23:00;M1;6;21;3985,39436;3985,55000;UP
2026-06-25 13:29:00;M1;6;34;3988,22616;3989,16000;UP
2026-06-25 13:31:00;M1;6;34;3987,45995;3985,28000;DOWN
2026-06-25 13:37:00;M1;6;34;3986,78965;3987,17000;UP
2026-06-25 13:43:00;M1;6;34;3986,02021;3984,90000;DOWN
2026-06-25 13:49:00;M1;6;21;3983,79399;3984,35000;UP
2026-06-25 14:00:00;M1;6;34;3984,45056;3985,00000;UP
2026-06-25 13:55:00;M1;6;21;3983,36806;3982,61000;DOWN
2026-06-25 14:02:00;M1;6;21;3983,01358;3983,08000;UP
2026-06-25 14:01:00;M1;6;34;3983,73310;3982,57000;DOWN
2026-06-25 14:07:00;M1;6;34;3983,18487;3985,36000;UP
2026-06-25 14:15:00;M1;6;34;3982,44124;3982,15000;DOWN
2026-06-25 14:19:00;M1;6;21;3981,40458;3981,49000;UP
2026-06-25 14:25:00;M1;6;34;3980,83985;3980,38000;DOWN
2026-06-25 14:31:00;M1;6;21;3978,70966;3980,88000;UP
2026-06-25 14:40:00;M1;6;55;3982,96000;3984,34000;UP
2026-06-25 14:37:00;M1;6;34;3979,22078;3977,59000;DOWN
2026-06-25 14:43:00;M1;6;21;3978,77631;3985,27000;UP
2026-06-25 14:49:00;M1;6;89;3986,33825;3985,63000;DOWN
2026-06-25 14:55:00;M1;6;55;3981,24147;3981,16000;DOWN
2026-06-25 15:01:00;M1;6;21;3980,72319;3984,56000;UP
2026-06-25 15:18:00;M1;6;89;3984,83446;3985,23000;UP
2026-06-25 15:13:00;M1;6;21;3981,53547;3980,91000;DOWN
2026-06-25 15:19:00;M1;6;21;3981,61389;3982,97000;UP
2026-06-25 15:19:00;M1;6;89;3984,44285;3982,97000;DOWN
2026-06-25 15:25:00;M1;6;34;3980,06253;3981,68000;UP
2026-06-25 15:25:00;M1;6;21;3981,99292;3981,68000;DOWN
2026-06-25 15:31:00;M1;6;21;3983,20697;3995,72000;UP
2026-06-25 16:18:00;M1;6;21;4024,05240;4023,59000;DOWN
2026-06-25 16:31:00;M1;6;34;4022,27215;4018,93000;DOWN
2026-06-25 16:37:00;M1;6;34;4025,06987;4025,16000;UP
2026-06-25 16:44:00;M1;6;55;4012,64936;4011,80000;DOWN
2026-06-25 16:50:00;M1;6;55;4014,70328;4017,16000;UP
2026-06-25 16:56:00;M1;6;89;4004,06191;4002,23000;DOWN
2026-06-25 17:06:00;M1;6;21;4018,84379;4019,23000;UP
2026-06-25 17:07:00;M1;6;55;4018,83002;4017,14000;DOWN
2026-06-25 17:13:00;M1;6;21;4014,56637;4016,05000;UP
2026-06-25 17:21:00;M1;6;55;4021,31758;4021,48000;UP
2026-06-25 17:28:00;M1;6;34;4025,04409;4026,56000;UP
2026-06-25 17:25:00;M1;6;55;4022,71690;4014,19000;DOWN
2026-06-25 17:31:00;M1;6;21;4016,54435;4025,59000;UP
2026-06-25 17:35:00;M1;6;34;4024,89061;4023,38000;DOWN
2026-06-25 17:37:00;M1;6;55;4025,40449;4017,94000;DOWN
2026-06-25 17:44:00;M1;6;21;4018,81337;4019,79000;UP
2026-06-25 17:50:00;M1;6;89;4015,82990;4014,95000;DOWN
2026-06-25 18:07:00;M1;6;21;4015,99195;4018,80000;UP
2026-06-25 18:13:00;M1;6;89;4019,38151;4006,96000;DOWN
2026-06-25 18:21:00;M1;6;21;4015,06198;4026,11000;UP
2026-06-25 18:33:00;M1;6;55;4025,87953;4025,69000;DOWN
2026-06-25 18:37:00;M1;6;55;4026,07577;4027,92000;UP
2026-06-25 19:02:00;M1;6;21;4037,72766;4036,26000;DOWN
2026-06-25 19:17:00;M1;6;21;4042,83104;4043,72000;UP
2026-06-25 19:19:00;M1;6;21;4044,41159;4040,53000;DOWN
2026-06-25 19:30:00;M1;6;34;4039,04474;4037,29000;DOWN
2026-06-25 19:31:00;M1;6;89;4036,32484;4035,15000;DOWN
2026-06-25 20:13:00;M1;6;21;4029,67418;4030,36000;UP
2026-06-25 20:40:00;M1;6;34;4033,92962;4034,37000;UP
2026-06-25 20:45:00;M1;6;34;4033,31066;4031,39000;DOWN
2026-06-25 20:53:00;M1;6;34;4032,85140;4033,71000;UP
2026-06-25 21:02:00;M1;6;34;4032,05567;4029,36000;DOWN
2026-06-25 21:09:00;M1;6;21;4032,51894;4032,74000;UP
2026-06-25 21:16:00;M1;6;55;4037,01699;4037,88000;UP
2026-06-25 21:13:00;M1;6;21;4033,21453;4032,64000;DOWN
2026-06-25 21:19:00;M1;6;21;4034,31477;4037,87000;UP
2026-06-25 21:26:00;M1;6;89;4041,44940;4042,15000;UP
2026-06-25 21:31:00;M1;6;89;4041,66743;4039,30000;DOWN
2026-06-25 21:38:00;M1;6;34;4035,08804;4035,51000;UP
2026-06-25 21:43:00;M1;6;34;4035,33080;4033,07000;DOWN
2026-06-25 21:52:00;M1;6;34;4035,44767;4035,98000;UP
2026-06-25 21:56:00;M1;6;34;4035,47264;4035,01000;DOWN
2026-06-25 22:09:00;M1;6;21;4035,96277;4038,75000;UP
2026-06-25 22:28:00;M1;6;55;4036,78263;4036,39000;DOWN
2026-06-25 23:01:00;M1;6;21;4029,94736;4034,28000;UP
2026-06-25 23:07:00;M1;6;34;4032,08139;4029,24000;DOWN
2026-06-25 23:13:00;M1;6;21;4027,55412;4027,66000;UP
2026-06-25 23:26:00;M1;6;34;4029,81462;4030,28000;UP
2026-06-25 23:31:00;M1;6;34;4029,16871;4028,81000;DOWN
2026-06-25 23:38:00;M1;6;21;4026,41188;4025,80000;DOWN
2026-06-25 23:43:00;M1;6;21;4025,96632;4026,23000;UP
2026-06-25 23:49:00;M1;6;21;4025,43706;4024,78000;DOWN
2026-06-25 23:56:00;M1;6;21;4025,12613;4026,06000;UP
2026-06-26 01:03:00;M1;6;55;4028,58168;4029,78000;UP
2026-06-26 01:07:00;M1;6;55;4027,98887;4026,92000;DOWN
2026-06-26 01:28:00;M1;6;21;4024,25237;4024,36000;UP
2026-06-26 01:31:00;M1;6;55;4025,78359;4027,63000;UP
2026-06-26 01:44:00;M1;6;89;4030,04643;4028,47000;DOWN
2026-06-26 01:56:00;M1;6;34;4025,49162;4025,60000;UP
2026-06-26 02:03:00;M1;6;55;4024,81298;4024,23000;DOWN
2026-06-26 02:18:00;M1;6;55;4024,12113;4024,19000;UP
2026-06-26 02:19:00;M1;6;21;4025,13153;4026,18000;UP
2026-06-26 02:33:00;M1;6;89;4026,73899;4026,40000;DOWN
2026-06-26 02:38:00;M1;6;55;4023,86431;4024,37000;UP
2026-06-26 02:43:00;M1;6;55;4023,72734;4023,72000;DOWN
2026-06-26 03:13:00;M1;6;21;4015,98264;4017,14000;UP
2026-06-26 03:22:00;M1;6;55;4019,87807;4018,95000;DOWN
2026-06-26 03:26:00;M1;6;21;4014,75508;4013,79000;DOWN
2026-06-26 03:32:00;M1;6;21;4014,32410;4014,48000;UP
2026-06-26 03:38:00;M1;6;34;4016,10695;4015,84000;DOWN
2026-06-26 03:43:00;M1;6;34;4015,86051;4018,79000;UP
2026-06-26 03:50:00;M1;6;89;4018,93347;4017,79000;DOWN
2026-06-26 03:55:00;M1;6;55;4017,00778;4017,05000;UP
2026-06-26 04:04:00;M1;6;89;4018,12227;4017,32000;DOWN
2026-06-26 04:07:00;M1;6;21;4017,83026;4017,98000;UP
2026-06-26 04:26:00;M1;6;21;4021,24253;4021,12000;DOWN
2026-06-26 04:35:00;M1;6;89;4017,23997;4016,72000;DOWN
2026-06-26 04:40:00;M1;6;21;4022,03795;4022,55000;UP
2026-06-26 04:47:00;M1;6;89;4017,09501;4015,06000;DOWN
2026-06-26 04:54:00;M1;6;55;4017,07977;4018,20000;UP
2026-06-26 04:55:00;M1;6;21;4020,32031;4021,32000;UP
2026-06-26 05:05:00;M1;6;34;4019,41415;4017,67000;DOWN
2026-06-26 05:07:00;M1;6;89;4016,55664;4016,42000;DOWN
2026-06-26 05:17:00;M1;6;89;4016,35030;4016,38000;UP
2026-06-26 05:19:00;M1;6;89;4016,01134;4009,24000;DOWN
2026-06-26 06:03:00;M1;6;21;3989,08574;3991,05000;UP
2026-06-26 06:10:00;M1;6;34;3995,84501;3996,11000;UP
2026-06-26 06:33:00;M1;6;55;3996,76117;3996,84000;UP
2026-06-26 06:44:00;M1;6;89;4000,10438;4000,25000;UP
2026-06-26 06:49:00;M1;6;89;3999,27314;3997,84000;DOWN
2026-06-26 06:55:00;M1;6;89;3998,59335;4005,52000;UP
2026-06-26 07:09:00;M1;6;21;4001,19900;4000,92000;DOWN
2026-06-26 07:13:00;M1;6;21;4003,77449;4008,45000;UP
2026-06-26 07:25:00;M1;6;21;4008,32848;4007,36000;DOWN
2026-06-26 07:41:00;M1;6;34;4002,95593;4002,23000;DOWN
2026-06-26 07:43:00;M1;6;34;4004,26041;4005,51000;UP
2026-06-26 07:51:00;M1;6;21;4009,58380;4009,67000;UP
2026-06-26 08:05:00;M1;6;34;4008,22788;4007,25000;DOWN
2026-06-26 08:08:00;M1;6;21;4010,87352;4011,06000;UP
2026-06-26 08:38:00;M1;6;34;4015,36323;4013,52000;DOWN
2026-06-26 08:45:00;M1;6;55;4009,09874;4008,01000;DOWN
2026-06-26 08:49:00;M1;6;55;4010,26508;4011,83000;UP
2026-06-26 08:57:00;M1;6;55;4011,15971;4008,91000;DOWN
2026-06-26 09:21:00;M1;6;21;4011,22943;4017,98000;UP
2026-06-26 10:03:00;M1;6;21;4028,12511;4027,61000;DOWN
2026-06-26 10:08:00;M1;6;21;4030,17679;4030,89000;UP
2026-06-26 10:13:00;M1;6;21;4031,64635;4028,63000;DOWN
2026-06-26 10:27:00;M1;6;21;4033,65484;4037,35000;UP
2026-06-26 10:42:00;M1;6;34;4033,37608;4031,57000;DOWN
2026-06-26 10:45:00;M1;6;55;4031,03305;4030,57000;DOWN
2026-06-26 11:16:00;M1;6;21;4032,37001;4032,58000;UP
2026-06-26 11:23:00;M1;6;21;4031,83936;4031,46000;DOWN
2026-06-26 11:26:00;M1;6;21;4031,89952;4032,85000;UP
2026-06-26 11:31:00;M1;6;34;4035,46594;4035,20000;DOWN
2026-06-26 11:44:00;M1;6;34;4035,48182;4035,59000;UP
2026-06-26 11:49:00;M1;6;89;4033,60935;4033,57000;DOWN
2026-06-26 12:04:00;M1;6;21;4034,14801;4034,25000;UP
2026-06-26 12:08:00;M1;6;55;4038,41834;4038,59000;UP
2026-06-26 12:18:00;M1;6;89;4036,55973;4035,92000;DOWN
2026-06-26 12:19:00;M1;6;21;4038,00120;4046,43000;UP
2026-06-26 12:43:00;M1;6;21;4049,14632;4048,10000;DOWN
2026-06-26 12:52:00;M1;6;21;4051,29401;4052,34000;UP
2026-06-26 12:59:00;M1;6;34;4047,71628;4047,14000;DOWN
2026-06-26 13:06:00;M1;6;34;4048,97649;4050,29000;UP
2026-06-26 13:01:00;M1;6;55;4046,81635;4046,18000;DOWN
2026-06-26 13:07:00;M1;6;55;4047,80272;4050,38000;UP
2026-06-26 13:08:00;M1;6;34;4050,17138;4049,50000;DOWN
2026-06-26 13:13:00;M1;6;34;4051,20963;4051,51000;UP
2026-06-26 13:18:00;M1;6;55;4048,71393;4048,42000;DOWN
2026-06-26 13:19:00;M1;6;89;4048,40921;4044,52000;DOWN
2026-06-26 13:33:00;M1;6;21;4050,79979;4052,18000;UP
2026-06-26 13:39:00;M1;6;89;4050,77095;4049,18000;DOWN
2026-06-26 13:52:00;M1;6;21;4050,67121;4050,71000;UP
2026-06-26 13:59:00;M1;6;34;4053,96034;4054,66000;UP
2026-06-26 13:55:00;M1;6;89;4052,83262;4052,25000;DOWN
2026-06-26 14:01:00;M1;6;55;4054,03205;4054,55000;UP
2026-06-26 14:02:00;M1;6;34;4054,23233;4051,86000;DOWN
2026-06-26 14:07:00;M1;6;21;4052,64936;4054,29000;UP
2026-06-26 14:09:00;M1;6;89;4054,11526;4053,18000;DOWN
2026-06-26 14:13:00;M1;6;21;4052,73065;4049,55000;DOWN
2026-06-26 14:19:00;M1;6;21;4052,84558;4053,03000;UP
2026-06-26 14:25:00;M1;6;21;4052,97918;4052,64000;DOWN
2026-06-26 14:31:00;M1;6;21;4053,14861;4054,48000;UP
2026-06-26 14:37:00;M1;6;34;4053,79955;4051,32000;DOWN
2026-06-26 15:08:00;M1;6;21;4047,06740;4047,15000;UP
2026-06-26 15:15:00;M1;6;34;4049,59718;4051,27000;UP
2026-06-26 15:18:00;M1;6;21;4046,78920;4045,76000;DOWN
2026-06-26 15:19:00;M1;6;34;4048,91802;4044,39000;DOWN
2026-06-26 15:26:00;M1;6;21;4045,78367;4046,58000;UP
2026-06-26 15:31:00;M1;6;34;4047,49768;4048,80000;UP
2026-06-26 15:34:00;M1;6;21;4045,15069;4044,88000;DOWN
2026-06-26 15:37:00;M1;6;21;4044,19574;4044,89000;UP
2026-06-26 15:37:00;M1;6;34;4046,50027;4044,89000;DOWN
2026-06-26 15:43:00;M1;6;21;4043,42287;4036,90000;DOWN
2026-06-26 15:49:00;M1;6;21;4043,34915;4044,51000;UP
2026-06-26 15:57:00;M1;6;55;4049,46689;4055,03000;UP
2026-06-26 16:01:00;M1;6;89;4055,21474;4054,92000;DOWN
2026-06-26 16:07:00;M1;6;55;4049,15741;4048,44000;DOWN
2026-06-26 16:14:00;M1;6;21;4049,28315;4050,61000;UP
2026-06-26 16:21:00;M1;6;89;4054,96628;4055,82000;UP
2026-06-26 16:19:00;M1;6;21;4050,95244;4050,88000;DOWN
2026-06-26 16:25:00;M1;6;21;4052,95342;4056,83000;UP
2026-06-26 16:26:00;M1;6;89;4055,04834;4053,88000;DOWN
2026-06-26 16:33:00;M1;6;55;4049,96499;4048,96000;DOWN
2026-06-26 16:42:00;M1;6;21;4055,00203;4057,60000;UP
2026-06-26 17:29:00;M1;6;21;4084,43728;4084,37000;DOWN
2026-06-26 17:37:00;M1;6;34;4081,11573;4077,48000;DOWN
2026-06-26 17:45:00;M1;6;34;4083,57297;4084,66000;UP
2026-06-26 17:51:00;M1;6;34;4085,87212;4085,70000;DOWN
2026-06-26 17:55:00;M1;6;34;4087,64200;4088,40000;UP
2026-06-26 18:04:00;M1;6;55;4079,57371;4079,27000;DOWN
2026-06-26 18:17:00;M1;6;55;4083,04912;4083,32000;UP
2026-06-26 18:19:00;M1;6;55;4084,54413;4082,20000;DOWN
2026-06-26 18:29:00;M1;6;21;4084,12442;4084,21000;UP
2026-06-26 18:31:00;M1;6;55;4087,15271;4087,00000;DOWN
2026-06-26 18:37:00;M1;6;21;4084,67494;4089,13000;UP
2026-06-26 18:51:00;M1;6;55;4091,42140;4086,40000;DOWN
2026-06-26 18:56:00;M1;6;21;4089,19123;4090,56000;UP
2026-06-26 19:01:00;M1;6;34;4091,90875;4091,80000;DOWN
2026-06-26 19:15:00;M1;6;21;4091,99857;4092,60000;UP
2026-06-26 19:21:00;M1;6;89;4088,76677;4085,09000;DOWN
2026-06-26 19:30:00;M1;6;21;4091,48838;4092,43000;UP
2026-06-26 19:32:00;M1;6;89;4090,96085;4090,45000;DOWN
2026-06-26 20:05:00;M1;6;21;4085,20054;4086,08000;UP
2026-06-26 20:11:00;M1;6;21;4084,62681;4084,47000;DOWN
2026-06-26 20:24:00;M1;6;21;4083,44109;4084,69000;UP
2026-06-26 20:25:00;M1;6;21;4082,78527;4082,56000;DOWN
2026-06-26 21:03:00;M1;6;21;4074,27425;4075,93000;UP
2026-06-26 21:07:00;M1;6;34;4076,43680;4076,71000;UP
2026-06-26 21:16:00;M1;6;34;4075,52226;4074,36000;DOWN
2026-06-26 21:21:00;M1;6;21;4072,62349;4071,65000;DOWN
2026-06-26 21:26:00;M1;6;21;4072,16174;4072,93000;UP
2026-06-26 21:36:00;M1;6;34;4072,87454;4072,82000;DOWN
2026-06-26 21:37:00;M1;6;34;4072,13192;4073,31000;UP
2026-06-26 21:45:00;M1;6;34;4071,27824;4070,54000;DOWN
2026-06-26 21:55:00;M1;6;21;4069,64062;4070,72000;UP
2026-06-26 22:01:00;M1;6;34;4068,65625;4068,06000;DOWN
2026-06-26 22:12:00;M1;6;21;4067,42811;4067,57000;UP
2026-06-26 22:13:00;M1;6;34;4067,08243;4069,45000;UP
2026-06-26 22:20:00;M1;6;34;4066,35321;4066,30000;DOWN
2026-06-26 22:26:00;M1;6;21;4065,16497;4066,21000;UP
2026-06-26 22:32:00;M1;6;55;4067,03197;4068,17000;UP
2026-06-26 23:06:00;M1;6;21;4068,98020;4067,98000;DOWN
2026-06-26 23:09:00;M1;6;34;4066,47942;4066,14000;DOWN
2026-06-26 23:13:00;M1;6;34;4066,58512;4067,74000;UP
2026-06-26 23:22:00;M1;6;21;4069,27742;4069,70000;UP
2026-06-26 23:30:00;M1;6;89;4070,57330;4070,57000;DOWN
2026-06-26 23:31:00;M1;6;21;4070,06544;4068,68000;DOWN
2026-06-26 23:38:00;M1;6;21;4070,33746;4070,43000;UP
2026-06-26 23:43:00;M1;6;21;4070,79763;4070,18000;DOWN
2026-06-26 23:49:00;M1;6;21;4071,88842;4075,90000;UP
2026-06-29 01:01:00;M1;6;21;4076,62142;4074,27000;DOWN
2026-06-29 01:07:00;M1;6;21;4078,05067;4082,84000;UP
2026-06-29 01:12:00;M1;6;34;4074,49039;4071,56000;DOWN
2026-06-29 01:15:00;M1;6;89;4068,53359;4065,70000;DOWN
2026-06-29 01:43:00;M1;6;21;4062,28186;4064,61000;UP
2026-06-29 01:51:00;M1;6;89;4065,66193;4063,94000;DOWN
2026-06-29 01:55:00;M1;6;34;4065,83787;4066,69000;UP
2026-06-29 02:15:00;M1;6;89;4064,16404;4063,10000;DOWN
2026-06-29 02:38:00;M1;6;21;4058,80660;4059,76000;UP
2026-06-29 02:44:00;M1;6;55;4062,43267;4062,71000;UP
2026-06-29 02:49:00;M1;6;55;4061,89075;4061,75000;DOWN
2026-06-29 02:55:00;M1;6;55;4061,45482;4064,58000;UP
2026-06-29 03:00:00;M1;6;89;4061,39950;4059,43000;DOWN
2026-06-29 03:01:00;M1;6;21;4059,69442;4060,61000;UP
2026-06-29 03:01:00;M1;6;55;4060,91363;4060,61000;DOWN
2026-06-29 03:11:00;M1;6;34;4058,56982;4059,13000;UP
2026-06-29 03:07:00;M1;6;89;4060,73486;4055,50000;DOWN
2026-06-29 03:13:00;M1;6;21;4059,25485;4059,49000;UP
2026-06-29 03:19:00;M1;6;89;4060,04957;4057,42000;DOWN
2026-06-29 03:35:00;M1;6;21;4055,54196;4059,00000;UP
2026-06-29 04:02:00;M1;6;21;4063,11803;4060,90000;DOWN
2026-06-29 04:07:00;M1;6;21;4064,78879;4068,47000;UP
2026-06-29 04:12:00;M1;6;34;4060,87816;4060,45000;DOWN
2026-06-29 04:13:00;M1;6;89;4058,34354;4057,23000;DOWN
2026-06-29 04:23:00;M1;6;34;4062,03613;4062,87000;UP
2026-06-29 04:30:00;M1;6;89;4058,43492;4057,79000;DOWN
2026-06-29 04:35:00;M1;6;34;4062,25805;4062,83000;UP
2026-06-29 04:41:00;M1;6;21;4064,53020;4066,64000;UP
2026-06-29 04:37:00;M1;6;34;4062,66354;4061,23000;DOWN
2026-06-29 04:43:00;M1;6;34;4062,83401;4063,10000;UP
2026-06-29 04:46:00;M1;6;89;4058,48913;4055,61000;DOWN
2026-06-29 04:49:00;M1;6;55;4059,83111;4060,05000;UP
2026-06-29 04:49:00;M1;6;34;4062,82279;4060,05000;DOWN
2026-06-29 04:56:00;M1;6;21;4061,70198;4061,92000;UP
2026-06-29 05:08:00;M1;6;55;4060,65332;4060,57000;DOWN
2026-06-29 05:16:00;M1;6;21;4063,19486;4066,61000;UP
2026-06-29 05:36:00;M1;6;34;4065,62041;4064,02000;DOWN
2026-06-29 05:37:00;M1;6;55;4063,62167;4061,34000;DOWN
2026-06-29 05:47:00;M1;6;21;4067,23444;4068,32000;UP
2026-06-29 05:45:00;M1;6;89;4060,25952;4060,18000;DOWN
2026-06-29 05:49:00;M1;6;89;4060,65810;4067,42000;UP
2026-06-29 05:50:00;M1;6;34;4066,28557;4065,39000;DOWN
2026-06-29 05:55:00;M1;6;34;4066,56561;4067,25000;UP
2026-06-29 06:01:00;M1;6;34;4066,86131;4066,48000;DOWN
2026-06-29 06:08:00;M1;6;21;4067,64009;4068,00000;UP
2026-06-29 06:35:00;M1;6;55;4068,11351;4067,67000;DOWN
2026-06-29 06:42:00;M1;6;34;4070,07102;4070,50000;UP
2026-06-29 06:44:00;M1;6;55;4068,97729;4067,83000;DOWN
2026-06-29 06:52:00;M1;6;21;4070,70337;4070,97000;UP
2026-06-29 06:55:00;M1;6;55;4069,71711;4068,85000;DOWN
2026-06-29 07:01:00;M1;6;89;4066,24204;4065,71000;DOWN
2026-06-29 07:27:00;M1;6;21;4065,61411;4065,96000;UP
2026-06-29 07:32:00;M1;6;21;4064,19619;4063,19000;DOWN
2026-06-29 08:04:00;M1;6;21;4054,11511;4054,68000;UP
2026-06-29 08:08:00;M1;6;21;4052,78036;4051,72000;DOWN
2026-06-29 08:13:00;M1;6;21;4052,08536;4055,24000;UP
2026-06-29 08:19:00;M1;6;34;4054,67834;4054,45000;DOWN
2026-06-29 08:25:00;M1;6;21;4050,25018;4052,50000;UP
2026-06-29 08:31:00;M1;6;21;4048,56774;4045,38000;DOWN
2026-06-29 08:42:00;M1;6;21;4046,76546;4049,61000;UP
2026-06-29 08:54:00;M1;6;55;4053,22891;4053,29000;UP
2026-06-29 09:03:00;M1;6;89;4057,86083;4059,09000;UP
2026-06-29 09:35:00;M1;6;89;4055,98623;4055,81000;DOWN
2026-06-29 09:40:00;M1;6;21;4059,79568;4060,26000;UP
2026-06-29 09:43:00;M1;6;21;4060,93268;4060,23000;DOWN
2026-06-29 09:49:00;M1;6;21;4062,07156;4063,14000;UP
2026-06-29 09:55:00;M1;6;21;4063,00075;4062,29000;DOWN
2026-06-29 10:07:00;M1;6;34;4059,98483;4059,58000;DOWN
2026-06-29 10:15:00;M1;6;34;4060,75396;4060,97000;UP
2026-06-29 10:24:00;M1;6;21;4062,19573;4062,65000;UP
2026-06-29 10:19:00;M1;6;34;4061,38859;4060,42000;DOWN
2026-06-29 10:27:00;M1;6;34;4062,16088;4062,38000;UP
2026-06-29 10:25:00;M1;6;21;4062,45541;4061,07000;DOWN
2026-06-29 10:31:00;M1;6;21;4062,75480;4064,27000;UP
2026-06-29 10:35:00;M1;6;34;4062,81226;4062,21000;DOWN
2026-06-29 10:42:00;M1;6;34;4063,31268;4064,44000;UP
2026-06-29 10:37:00;M1;6;21;4062,93606;4062,42000;DOWN
2026-06-29 10:43:00;M1;6;21;4063,03944;4063,07000;UP
2026-06-29 10:43:00;M1;6;34;4063,70670;4063,07000;DOWN
2026-06-29 10:50:00;M1;6;34;4064,15195;4064,70000;UP
2026-06-29 10:57:00;M1;6;34;4064,37914;4062,87000;DOWN
2026-06-29 11:05:00;M1;6;21;4063,90955;4064,53000;UP
2026-06-29 11:07:00;M1;6;34;4064,84911;4062,95000;DOWN
2026-06-29 11:20:00;M1;6;55;4062,98180;4062,46000;DOWN
2026-06-29 11:30:00;M1;6;21;4064,14254;4064,94000;UP
2026-06-29 11:33:00;M1;6;55;4063,83600;4063,79000;DOWN
2026-06-29 11:42:00;M1;6;89;4058,69709;4058,03000;DOWN
2026-06-29 12:07:00;M1;6;21;4052,48365;4052,59000;UP
2026-06-29 12:13:00;M1;6;21;4050,81975;4049,19000;DOWN
2026-06-29 12:19:00;M1;6;21;4049,40375;4051,60000;UP
2026-06-29 12:25:00;M1;6;21;4048,00117;4046,01000;DOWN
2026-06-29 12:43:00;M1;6;21;4042,82909;4043,77000;UP
2026-06-29 12:49:00;M1;6;21;4040,70855;4040,30000;DOWN
2026-06-29 13:10:00;M1;6;21;4032,76827;4035,51000;UP
2026-06-29 13:15:00;M1;6;34;4035,04945;4034,56000;DOWN
2026-06-29 13:19:00;M1;6;34;4033,44523;4035,46000;UP
2026-06-29 13:37:00;M1;6;55;4036,61461;4037,25000;UP
2026-06-29 13:44:00;M1;6;55;4035,17880;4034,53000;DOWN
2026-06-29 13:49:00;M1;6;55;4033,92112;4034,73000;UP
2026-06-29 14:14:00;M1;6;21;4034,71339;4034,30000;DOWN
2026-06-29 14:24:00;M1;6;55;4029,65409;4029,11000;DOWN
2026-06-29 14:29:00;M1;6;34;4030,37975;4032,00000;UP
2026-06-29 14:31:00;M1;6;21;4033,34514;4035,65000;UP
2026-06-29 14:41:00;M1;6;89;4034,97657;4036,18000;UP
2026-06-29 14:37:00;M1;6;21;4033,35801;4032,83000;DOWN
2026-06-29 14:43:00;M1;6;21;4033,64894;4035,28000;UP
2026-06-29 15:23:00;M1;6;34;4039,18793;4039,17000;DOWN
2026-06-29 15:30:00;M1;6;34;4040,18988;4040,25000;UP
2026-06-29 15:35:00;M1;6;21;4045,07650;4045,39000;UP
2026-06-29 15:31:00;M1;6;34;4041,16189;4040,90000;DOWN
2026-06-29 15:37:00;M1;6;34;4041,91471;4043,89000;UP
2026-06-29 15:37:00;M1;6;21;4045,23837;4043,89000;DOWN
2026-06-29 15:45:00;M1;6;21;4045,50804;4045,53000;UP
2026-06-29 15:49:00;M1;6;34;4043,64255;4043,26000;DOWN
2026-06-29 16:00:00;M1;6;21;4045,97663;4049,13000;UP
2026-06-29 16:09:00;M1;6;34;4046,36613;4046,11000;DOWN
2026-06-29 16:13:00;M1;6;21;4047,10690;4047,49000;UP
2026-06-29 16:21:00;M1;6;34;4047,58727;4043,81000;DOWN
2026-06-29 16:25:00;M1;6;55;4042,90166;4041,71000;DOWN
2026-06-29 16:37:00;M1;6;89;4035,78579;4035,77000;DOWN
2026-06-29 16:43:00;M1;6;89;4036,04059;4038,75000;UP
2026-06-29 16:49:00;M1;6;89;4036,18730;4035,12000;DOWN
2026-06-29 17:22:00;M1;6;21;4019,05023;4019,41000;UP
2026-06-29 17:26:00;M1;6;34;4026,33291;4026,53000;UP
2026-06-29 17:46:00;M1;6;34;4020,32690;4019,86000;DOWN
2026-06-29 17:49:00;M1;6;34;4018,94529;4019,71000;UP
2026-06-29 17:55:00;M1;6;55;4026,69105;4028,98000;UP
2026-06-29 18:01:00;M1;6;55;4025,43336;4025,41000;DOWN
2026-06-29 18:15:00;M1;6;55;4023,17475;4025,87000;UP
2026-06-29 18:13:00;M1;6;21;4021,29432;4019,95000;DOWN
2026-06-29 18:19:00;M1;6;21;4021,81361;4022,08000;UP
2026-06-29 18:20:00;M1;6;55;4022,06639;4021,22000;DOWN
2026-06-29 18:28:00;M1;6;55;4021,10052;4021,56000;UP
2026-06-29 18:25:00;M1;6;21;4022,22210;4020,45000;DOWN
2026-06-29 18:31:00;M1;6;21;4022,27330;4024,99000;UP
2026-06-29 18:37:00;M1;6;55;4019,36124;4018,85000;DOWN
2026-06-29 18:45:00;M1;6;21;4022,71973;4022,78000;UP
2026-06-29 19:05:00;M1;6;21;4025,11718;4024,39000;DOWN
2026-06-29 19:07:00;M1;6;21;4025,67195;4026,31000;UP
2026-06-29 19:15:00;M1;6;89;4022,47263;4022,36000;DOWN
2026-06-29 19:19:00;M1;6;34;4023,60356;4025,61000;UP
2026-06-29 19:28:00;M1;6;34;4024,03736;4023,70000;DOWN
2026-06-29 19:32:00;M1;6;89;4021,48993;4018,92000;DOWN
2026-06-29 19:37:00;M1;6;55;4019,11755;4020,98000;UP
2026-06-29 19:47:00;M1;6;21;4024,02577;4024,27000;UP
2026-06-29 19:43:00;M1;6;89;4020,75182;4019,84000;DOWN
2026-06-29 19:49:00;M1;6;89;4020,45453;4026,08000;UP
2026-06-29 19:58:00;M1;6;34;4024,39648;4024,13000;DOWN
2026-06-29 20:04:00;M1;6;34;4024,74025;4025,32000;UP
2026-06-29 20:01:00;M1;6;21;4024,16375;4023,96000;DOWN
2026-06-29 20:07:00;M1;6;21;4025,23995;4028,95000;UP
2026-06-29 20:23:00;M1;6;21;4027,41207;4027,37000;DOWN
2026-06-29 20:25:00;M1;6;34;4026,85592;4024,73000;DOWN
2026-06-29 20:31:00;M1;6;55;4023,65552;4022,00000;DOWN
2026-06-29 20:38:00;M1;6;55;4023,94144;4024,00000;UP
2026-06-29 20:43:00;M1;6;55;4024,06421;4023,48000;DOWN
2026-06-29 21:04:00;M1;6;21;4022,40190;4023,62000;UP
2026-06-29 21:13:00;M1;6;34;4023,51882;4023,98000;UP
2026-06-29 21:26:00;M1;6;55;4023,62670;4023,47000;DOWN
2026-06-29 21:38:00;M1;6;89;4020,17731;4019,73000;DOWN
2026-06-29 21:44:00;M1;6;21;4020,64044;4020,77000;UP
2026-06-29 21:49:00;M1;6;89;4020,10312;4015,88000;DOWN
2026-06-29 22:21:00;M1;6;21;4010,47436;4010,55000;UP
2026-06-29 22:26:00;M1;6;34;4013,06991;4014,99000;UP
2026-06-29 22:48:00;M1;6;89;4016,42159;4016,12000;DOWN
2026-06-29 22:50:00;M1;6;55;4014,51623;4013,92000;DOWN
2026-06-29 22:55:00;M1;6;55;4014,12803;4014,93000;UP
2026-06-29 23:01:00;M1;6;89;4015,52757;4015,08000;DOWN
2026-06-29 23:08:00;M1;6;55;4013,42788;4013,49000;UP
2026-06-29 23:15:00;M1;6;21;4015,31228;4015,82000;UP
2026-06-29 23:31:00;M1;6;21;4016,28985;4016,26000;DOWN
2026-06-29 23:52:00;M1;6;21;4016,20553;4016,61000;UP
2026-06-29 23:49:00;M1;6;34;4014,91886;4014,73000;DOWN
2026-06-29 23:55:00;M1;6;34;4015,27392;4016,73000;UP
2026-06-29 23:57:00;M1;6;21;4016,27748;4016,22000;DOWN
2026-06-30 01:01:00;M1;6;21;4016,61346;4020,48000;UP
2026-06-30 01:22:00;M1;6;21;4018,20086;4018,20000;DOWN
2026-06-30 01:25:00;M1;6;34;4017,39943;4017,09000;DOWN
2026-06-30 01:34:00;M1;6;89;4013,71270;4013,69000;DOWN
2026-06-30 01:43:00;M1;6;89;4013,53523;4013,87000;UP
2026-06-30 01:54:00;M1;6;21;4015,04473;4015,39000;UP
2026-06-30 02:00:00;M1;6;34;4015,85900;4016,70000;UP
2026-06-30 01:55:00;M1;6;55;4014,77994;4014,25000;DOWN
2026-06-30 02:01:00;M1;6;21;4014,38226;4016,87000;UP
2026-06-30 02:26:00;M1;6;34;4017,24056;4016,38000;DOWN
2026-06-30 02:31:00;M1;6;21;4018,45202;4020,27000;UP
2026-06-30 02:42:00;M1;6;89;4014,08855;4013,63000;DOWN
2026-06-30 02:43:00;M1;6;89;4014,23947;4015,38000;UP
2026-06-30 02:50:00;M1;6;34;4017,29711;4017,86000;UP
2026-06-30 02:56:00;M1;6;89;4014,44283;4014,24000;DOWN
2026-06-30 03:13:00;M1;6;21;4011,95702;4012,45000;UP
2026-06-30 03:19:00;M1;6;21;4009,87966;4005,56000;DOWN
2026-06-30 04:19:00;M1;6;21;3968,17280;3970,58000;UP
2026-06-30 04:28:00;M1;6;34;3976,15512;3978,48000;UP
2026-06-30 04:40:00;M1;6;34;3969,81580;3967,64000;DOWN
2026-06-30 04:43:00;M1;6;34;3967,01255;3968,79000;UP
2026-06-30 04:49:00;M1;6;34;3964,32184;3962,36000;DOWN
2026-06-30 04:55:00;M1;6;34;3962,06383;3963,46000;UP
2026-06-30 05:01:00;M1;6;55;3970,89785;3971,79000;UP
2026-06-30 05:07:00;M1;6;55;3968,02595;3963,58000;DOWN
2026-06-30 05:16:00;M1;6;21;3959,85946;3960,79000;UP
2026-06-30 05:23:00;M1;6;55;3962,67937;3963,72000;UP
2026-06-30 05:20:00;M1;6;21;3959,34205;3958,50000;DOWN
2026-06-30 05:25:00;M1;6;21;3958,79397;3964,68000;UP
2026-06-30 05:30:00;M1;6;55;3960,33702;3958,95000;DOWN
2026-06-30 05:32:00;M1;6;55;3958,10564;3959,01000;UP
2026-06-30 05:31:00;M1;6;21;3958,14494;3956,86000;DOWN
2026-06-30 05:37:00;M1;6;21;3957,73817;3958,41000;UP
2026-06-30 05:51:00;M1;6;89;3967,22008;3969,48000;UP
2026-06-30 05:55:00;M1;6;89;3965,36890;3964,85000;DOWN
2026-06-30 06:01:00;M1;6;89;3963,71037;3965,17000;UP
2026-06-30 06:25:00;M1;6;21;3966,89959;3966,39000;DOWN
2026-06-30 06:33:00;M1;6;34;3961,29144;3960,94000;DOWN
2026-06-30 06:37:00;M1;6;34;3961,94636;3965,61000;UP
2026-06-30 06:46:00;M1;6;21;3966,78286;3966,84000;UP
2026-06-30 07:45:00;M1;6;21;3986,79889;3986,22000;DOWN
2026-06-30 07:50:00;M1;6;21;3989,72170;3989,94000;UP
2026-06-30 07:55:00;M1;6;21;3991,39787;3987,80000;DOWN
2026-06-30 08:01:00;M1;6;34;3986,55668;3986,34000;DOWN
2026-06-30 08:07:00;M1;6;34;3988,17644;3989,83000;UP
2026-06-30 08:13:00;M1;6;34;3989,32491;3985,33000;DOWN
2026-06-30 08:19:00;M1;6;55;3981,71284;3980,67000;DOWN
2026-06-30 08:25:00;M1;6;55;3983,15128;3983,36000;UP
2026-06-30 08:31:00;M1;6;55;3984,19458;3978,27000;DOWN
2026-06-30 08:55:00;M1;6;21;3980,30982;3980,82000;UP
2026-06-30 09:05:00;M1;6;34;3986,55307;3986,82000;UP
2026-06-30 09:09:00;M1;6;55;3987,40804;3987,24000;DOWN
2026-06-30 09:13:00;M1;6;34;3985,58967;3985,97000;UP
2026-06-30 09:22:00;M1;6;55;3988,65811;3994,56000;UP
2026-06-30 09:55:00;M1;6;21;4029,84636;4027,63000;DOWN
2026-06-30 10:13:00;M1;6;34;4026,29604;4025,25000;DOWN
2026-06-30 10:20:00;M1;6;34;4029,81192;4030,60000;UP
2026-06-30 10:26:00;M1;6;34;4032,84732;4032,17000;DOWN
2026-06-30 10:43:00;M1;6;55;4029,14715;4028,39000;DOWN
2026-06-30 11:00:00;M1;6;55;4033,43258;4033,64000;UP
2026-06-30 11:03:00;M1;6;21;4033,87257;4035,12000;UP
2026-06-30 11:01:00;M1;6;55;4035,49192;4033,18000;DOWN
2026-06-30 11:12:00;M1;6;89;4024,00846;4023,38000;DOWN
2026-06-30 12:02:00;M1;6;21;4015,98282;4016,73000;UP
2026-06-30 12:20:00;M1;6;34;4019,13633;4020,80000;UP
2026-06-30 12:29:00;M1;6;34;4018,01168;4017,31000;DOWN
2026-06-30 12:31:00;M1;6;21;4014,98723;4013,74000;DOWN
2026-06-30 12:37:00;M1;6;21;4014,95734;4015,41000;UP
2026-06-30 13:01:00;M1;6;55;4023,76372;4024,40000;UP
2026-06-30 13:07:00;M1;6;55;4023,25395;4022,32000;DOWN
2026-06-30 13:13:00;M1;6;55;4022,92364;4024,32000;UP
2026-06-30 13:19:00;M1;6;21;4024,49701;4023,96000;DOWN
2026-06-30 13:25:00;M1;6;21;4025,99028;4026,75000;UP
2026-06-30 13:31:00;M1;6;21;4027,30354;4025,79000;DOWN
2026-06-30 13:42:00;M1;6;21;4028,32468;4028,64000;UP
2026-06-30 13:44:00;M1;6;21;4029,26066;4027,95000;DOWN
2026-06-30 13:57:00;M1;6;21;4030,38071;4030,66000;UP
2026-06-30 14:00:00;M1;6;34;4027,23434;4027,20000;DOWN
2026-06-30 14:04:00;M1;6;34;4028,36481;4028,59000;UP
2026-06-30 14:01:00;M1;6;21;4030,87833;4027,14000;DOWN
2026-06-30 14:10:00;M1;6;21;4031,36963;4031,61000;UP
2026-06-30 14:16:00;M1;6;21;4031,77819;4031,29000;DOWN
2026-06-30 14:21:00;M1;6;21;4032,17104;4032,20000;UP
2026-06-30 14:19:00;M1;6;34;4031,31601;4030,50000;DOWN
2026-06-30 14:27:00;M1;6;34;4032,07250;4032,28000;UP
2026-06-30 14:25:00;M1;6;21;4032,49409;4029,78000;DOWN
2026-06-30 14:31:00;M1;6;34;4032,61604;4032,29000;DOWN
2026-06-30 14:41:00;M1;6;21;4032,96200;4034,19000;UP
2026-06-30 14:37:00;M1;6;55;4028,89806;4028,82000;DOWN
2026-06-30 14:43:00;M1;6;55;4029,69924;4034,13000;UP
2026-06-30 14:47:00;M1;6;89;4033,56899;4032,54000;DOWN
2026-06-30 14:59:00;M1;6;21;4033,83901;4033,90000;UP
2026-06-30 15:01:00;M1;6;89;4033,71256;4032,67000;DOWN
2026-06-30 15:43:00;M1;6;21;4017,48741;4018,31000;UP
2026-06-30 15:49:00;M1;6;21;4015,23515;4015,17000;DOWN
2026-06-30 16:00:00;M1;6;21;4012,88858;4015,87000;UP
2026-06-30 16:05:00;M1;6;34;4018,19445;4018,98000;UP
2026-06-30 16:11:00;M1;6;55;4024,08287;4025,04000;UP
2026-06-30 16:18:00;M1;6;89;4027,58279;4028,00000;UP
2026-06-30 16:21:00;M1;6;89;4027,12419;4027,06000;DOWN
2026-06-30 16:27:00;M1;6;55;4022,25492;4022,40000;UP
2026-06-30 16:33:00;M1;6;55;4021,82117;4021,32000;DOWN
2026-06-30 16:40:00;M1;6;34;4017,01461;4018,05000;UP
2026-06-30 16:43:00;M1;6;21;4021,92137;4023,34000;UP
2026-06-30 16:49:00;M1;6;89;4025,56120;4023,90000;DOWN
2026-06-30 16:55:00;M1;6;89;4025,47537;4029,84000;UP
2026-06-30 17:03:00;M1;6;21;4027,56394;4026,38000;DOWN
2026-06-30 17:07:00;M1;6;21;4030,12634;4030,31000;UP
2026-06-30 17:37:00;M1;6;21;4053,67565;4048,84000;DOWN
2026-06-30 17:46:00;M1;6;34;4046,15635;4045,00000;DOWN
2026-06-30 17:59:00;M1;6;55;4038,62205;4037,36000;DOWN
2026-06-30 18:05:00;M1;6;89;4034,68364;4033,91000;DOWN
2026-06-30 18:07:00;M1;6;89;4035,38663;4037,28000;UP
2026-06-30 18:13:00;M1;6;89;4035,83886;4035,38000;DOWN
2026-06-30 18:37:00;M1;6;21;4027,50214;4030,20000;UP
2026-06-30 19:13:00;M1;6;34;4029,00776;4029,19000;UP
2026-06-30 19:37:00;M1;6;21;4027,93803;4027,74000;DOWN
2026-06-30 19:43:00;M1;6;21;4028,60188;4030,87000;UP
2026-06-30 19:58:00;M1;6;34;4026,44090;4026,43000;DOWN
2026-06-30 20:01:00;M1;6;34;4026,38830;4026,72000;UP
2026-06-30 20:07:00;M1;6;34;4026,01517;4024,19000;DOWN
2026-06-30 20:18:00;M1;6;21;4026,92264;4027,39000;UP
2026-06-30 20:22:00;M1;6;34;4025,31891;4025,11000;DOWN
2026-06-30 20:29:00;M1;6;21;4025,38233;4025,44000;UP
2026-06-30 20:31:00;M1;6;55;4026,42267;4025,73000;DOWN
2026-06-30 20:37:00;M1;6;55;4025,90893;4027,08000;UP
2026-06-30 20:52:00;M1;6;89;4031,74631;4031,83000;UP
2026-06-30 20:56:00;M1;6;89;4031,44685;4030,63000;DOWN
2026-06-30 21:01:00;M1;6;89;4031,21081;4031,86000;UP
2026-06-30 21:17:00;M1;6;89;4030,81922;4030,67000;DOWN
2026-06-30 21:19:00;M1;6;21;4032,11560;4032,12000;UP
2026-06-30 21:30:00;M1;6;89;4030,45162;4029,28000;DOWN
2026-06-30 21:35:00;M1;6;34;4030,31896;4030,84000;UP
2026-06-30 21:37:00;M1;6;89;4030,03606;4029,91000;DOWN
2026-06-30 21:44:00;M1;6;34;4030,82826;4030,84000;UP
2026-06-30 21:50:00;M1;6;21;4031,62155;4032,03000;UP
2026-06-30 21:53:00;M1;6;34;4031,05382;4031,00000;DOWN
2026-06-30 21:56:00;M1;6;34;4031,12079;4031,26000;UP
2026-06-30 21:59:00;M1;6;89;4029,34978;4028,46000;DOWN
2026-06-30 22:03:00;M1;6;55;4028,41142;4027,57000;DOWN
2026-06-30 22:32:00;M1;6;21;4022,93280;4023,12000;UP
2026-06-30 22:37:00;M1;6;21;4021,75546;4021,20000;DOWN
2026-06-30 22:43:00;M1;6;21;4020,74482;4022,27000;UP
2026-06-30 22:50:00;M1;6;21;4019,48655;4018,70000;DOWN
2026-06-30 23:02:00;M1;6;21;4017,09783;4017,63000;UP
2026-06-30 23:07:00;M1;6;34;4019,36197;4019,50000;UP
2026-06-30 23:20:00;M1;6;34;4017,66219;4016,32000;DOWN
2026-06-30 23:49:00;M1;6;21;4010,77648;4010,83000;UP
2026-06-30 23:55:00;M1;6;21;4009,48139;4008,62000;DOWN
2026-07-01 01:01:00;M1;6;21;4009,07887;4012,11000;UP
2026-07-01 01:33:00;M1;6;89;4014,67643;4015,39000;UP
2026-07-01 01:47:00;M1;6;89;4013,77223;4013,25000;DOWN
2026-07-01 01:53:00;M1;6;34;4011,23906;4011,10000;DOWN
2026-07-01 01:55:00;M1;6;34;4011,43724;4012,50000;UP
2026-07-01 02:05:00;M1;6;21;4014,29117;4014,72000;UP
2026-07-01 02:01:00;M1;6;89;4012,43431;4011,27000;DOWN
2026-07-01 02:07:00;M1;6;34;4012,10948;4018,23000;UP
2026-07-01 02:14:00;M1;6;21;4014,45978;4014,07000;DOWN
2026-07-01 02:20:00;M1;6;89;4011,32343;4010,26000;DOWN
2026-07-01 02:27:00;M1;6;55;4009,80315;4009,83000;UP
2026-07-01 02:31:00;M1;6;89;4010,53323;4009,50000;DOWN
2026-07-01 02:37:00;M1;6;55;4009,61386;4010,38000;UP
2026-07-01 02:44:00;M1;6;89;4009,70698;4009,28000;DOWN
2026-07-01 03:03:00;M1;6;21;4007,15955;4007,77000;UP
2026-07-01 03:10:00;M1;6;55;4008,13622;4008,18000;UP
2026-07-01 03:07:00;M1;6;21;4006,31449;4005,85000;DOWN
2026-07-01 03:13:00;M1;6;21;4005,64973;4009,28000;UP
2026-07-01 03:15:00;M1;6;89;4007,37258;4006,74000;DOWN
2026-07-01 03:19:00;M1;6;34;4007,16562;4002,25000;DOWN
2026-07-01 03:25:00;M1;6;21;4003,89555;4005,19000;UP
2026-07-01 03:31:00;M1;6;21;4003,05136;4002,31000;DOWN
2026-07-01 03:37:00;M1;6;21;4001,71452;4002,84000;UP
2026-07-01 03:43:00;M1;6;21;4000,18990;3996,54000;DOWN
2026-07-01 03:55:00;M1;6;21;3996,98219;3997,29000;UP
2026-07-01 04:02:00;M1;6;21;3994,73103;3992,33000;DOWN
2026-07-01 04:23:00;M1;6;21;3984,50551;3985,81000;UP
2026-07-01 04:33:00;M1;6;21;3980,12929;3977,83000;DOWN
2026-07-01 04:37:00;M1;6;21;3977,96142;3978,96000;UP
2026-07-01 04:48:00;M1;6;21;3976,07054;3975,53000;DOWN
2026-07-01 04:49:00;M1;6;21;3974,34695;3978,91000;UP
2026-07-01 04:55:00;M1;6;34;3976,55667;3975,62000;DOWN
2026-07-01 05:01:00;M1;6;34;3974,56081;3976,15000;UP
2026-07-01 05:05:00;M1;6;21;3972,06935;3970,77000;DOWN
2026-07-01 05:07:00;M1;6;21;3971,07923;3971,73000;UP
2026-07-01 05:07:00;M1;6;34;3972,73869;3971,73000;DOWN
2026-07-01 05:13:00;M1;6;34;3971,40564;3976,32000;UP
2026-07-01 05:30:00;M1;6;89;3982,21438;3983,86000;UP
2026-07-01 05:55:00;M1;6;21;3980,78246;3980,39000;DOWN
2026-07-01 06:04:00;M1;6;21;3981,67247;3981,77000;UP
2026-07-01 06:14:00;M1;6;21;3983,60961;3983,37000;DOWN
2026-07-01 06:31:00;M1;6;34;3980,61281;3979,38000;DOWN
2026-07-01 06:39:00;M1;6;34;3981,17102;3981,31000;UP
2026-07-01 06:43:00;M1;6;34;3981,39225;3979,03000;DOWN
2026-07-01 06:59:00;M1;6;21;3980,41763;3980,49000;UP
2026-07-01 07:01:00;M1;6;21;3979,45139;3977,93000;DOWN
2026-07-01 07:10:00;M1;6;55;3975,08431;3974,28000;DOWN
2026-07-01 07:13:00;M1;6;55;3975,22259;3976,26000;UP
2026-07-01 07:19:00;M1;6;21;3976,01616;3976,16000;UP
2026-07-01 07:30:00;M1;6;34;3978,38756;3978,52000;UP
2026-07-01 07:34:00;M1;6;34;3977,86877;3977,69000;DOWN
2026-07-01 07:38:00;M1;6;55;3975,63339;3974,49000;DOWN
2026-07-01 07:46:00;M1;6;21;3974,94091;3975,63000;UP
2026-07-01 08:01:00;M1;6;55;3975,82125;3975,58000;DOWN
2026-07-01 08:23:00;M1;6;21;3973,77734;3973,94000;UP
2026-07-01 08:25:00;M1;6;34;3973,45636;3973,12000;DOWN
2026-07-01 08:31:00;M1;6;21;3973,01265;3974,85000;UP
2026-07-01 08:37:00;M1;6;55;3973,93516;3973,67000;DOWN
2026-07-01 08:43:00;M1;6;55;3973,66022;3974,37000;UP
2026-07-01 09:05:00;M1;6;55;3972,97545;3969,93000;DOWN
2026-07-01 09:07:00;M1;6;89;3969,56687;3966,91000;DOWN
2026-07-01 09:22:00;M1;6;21;3969,33250;3969,35000;UP
2026-07-01 09:25:00;M1;6;89;3968,96357;3967,70000;DOWN
2026-07-01 09:37:00;M1;6;21;3966,28362;3967,02000;UP
2026-07-01 10:02:00;M1;6;89;3967,51236;3966,60000;DOWN
2026-07-01 10:19:00;M1;6;21;3966,55928;3970,24000;UP
2026-07-01 10:29:00;M1;6;89;3966,35525;3964,26000;DOWN
2026-07-01 10:36:00;M1;6;21;3965,63011;3967,88000;UP
2026-07-01 11:07:00;M1;6;21;3971,16837;3971,11000;DOWN
2026-07-01 11:13:00;M1;6;21;3973,01417;3973,25000;UP
2026-07-01 11:31:00;M1;6;21;3978,43065;3978,10000;DOWN
2026-07-01 11:37:00;M1;6;34;3974,94014;3972,97000;DOWN
2026-07-01 11:43:00;M1;6;34;3975,96828;3978,03000;UP
2026-07-01 11:49:00;M1;6;34;3976,87438;3974,86000;DOWN
2026-07-01 11:58:00;M1;6;55;3972,90907;3971,49000;DOWN
2026-07-01 12:01:00;M1;6;55;3973,53476;3975,53000;UP
2026-07-01 12:07:00;M1;6;55;3974,08177;3973,22000;DOWN
2026-07-01 12:17:00;M1;6;21;3977,31864;3977,33000;UP
2026-07-01 12:19:00;M1;6;34;3978,53607;3978,38000;DOWN
2026-07-01 12:31:00;M1;6;34;3979,11496;3979,34000;UP
2026-07-01 13:18:00;M1;6;55;3982,59360;3982,58000;DOWN
2026-07-01 13:24:00;M1;6;34;3984,83445;3985,00000;UP
2026-07-01 13:30:00;M1;6;21;3987,42475;3988,72000;UP
2026-07-01 13:27:00;M1;6;55;3984,20072;3983,84000;DOWN
2026-07-01 13:31:00;M1;6;34;3986,37482;3988,71000;UP
2026-07-01 13:41:00;M1;6;21;3988,91970;3988,81000;DOWN
2026-07-01 13:47:00;M1;6;21;3989,73481;3990,39000;UP
2026-07-01 13:43:00;M1;6;34;3988,24505;3986,99000;DOWN
2026-07-01 13:49:00;M1;6;34;3989,36333;3991,16000;UP
2026-07-01 14:37:00;M1;6;21;4026,82643;4025,54000;DOWN
2026-07-01 14:43:00;M1;6;21;4031,11478;4031,25000;UP
2026-07-01 14:49:00;M1;6;21;4034,51839;4034,12000;DOWN
2026-07-01 15:01:00;M1;6;34;4030,98783;4029,42000;DOWN
2026-07-01 15:07:00;M1;6;55;4022,97888;4021,84000;DOWN
2026-07-01 15:15:00;M1;6;55;4025,33409;4026,16000;UP
2026-07-01 15:20:00;M1;6;55;4027,54219;4026,01000;DOWN
2026-07-01 15:26:00;M1;6;55;4029,48734;4029,97000;UP
2026-07-01 15:32:00;M1;6;21;4031,47833;4032,03000;UP
2026-07-01 15:31:00;M1;6;55;4031,27836;4028,91000;DOWN
2026-07-01 15:37:00;M1;6;21;4030,72800;4026,47000;DOWN
2026-07-01 15:55:00;M1;6;89;4025,69447;4024,65000;DOWN
2026-07-01 16:15:00;M1;6;21;4023,87326;4023,94000;UP
2026-07-01 16:22:00;M1;6;34;4030,96084;4038,56000;UP
2026-07-01 16:19:00;M1;6;89;4031,00917;4024,37000;DOWN
2026-07-01 16:25:00;M1;6;21;4029,01853;4040,20000;UP
2026-07-01 17:03:00;M1;6;21;4087,41047;4084,21000;DOWN
2026-07-01 17:10:00;M1;6;21;4096,08291;4098,28000;UP
2026-07-01 17:13:00;M1;6;21;4102,93347;4094,07000;DOWN
2026-07-01 17:32:00;M1;6;34;4100,64573;4099,95000;DOWN
2026-07-01 17:37:00;M1;6;34;4106,16869;4109,82000;UP
2026-07-01 17:44:00;M1;6;55;4093,27675;4092,95000;DOWN
2026-07-01 18:07:00;M1;6;89;4092,16971;4088,54000;DOWN
2026-07-01 18:40:00;M1;6;21;4081,17730;4081,82000;UP
2026-07-01 19:07:00;M1;6;34;4086,51210;4087,49000;UP
2026-07-01 19:13:00;M1;6;34;4084,76470;4082,92000;DOWN
2026-07-01 19:19:00;M1;6;34;4083,33469;4084,15000;UP
2026-07-01 19:29:00;M1;6;34;4082,14778;4081,42000;DOWN
2026-07-01 19:31:00;M1;6;21;4081,22524;4080,06000;DOWN
2026-07-01 20:14:00;M1;6;21;4069,80091;4071,26000;UP
2026-07-01 20:20:00;M1;6;34;4071,05392;4071,09000;UP
2026-07-01 20:28:00;M1;6;34;4069,93609;4068,44000;DOWN
2026-07-01 20:31:00;M1;6;34;4069,00560;4070,58000;UP
2026-07-01 20:57:00;M1;6;21;4068,06724;4068,01000;DOWN
2026-07-01 21:01:00;M1;6;21;4068,34522;4069,62000;UP
2026-07-01 21:08:00;M1;6;21;4068,37698;4068,30000;DOWN
2026-07-01 21:13:00;M1;6;21;4068,27248;4069,49000;UP
2026-07-01 21:18:00;M1;6;34;4066,37672;4065,76000;DOWN
2026-07-01 21:19:00;M1;6;34;4065,94366;4066,83000;UP
2026-07-01 21:19:00;M1;6;55;4067,65972;4066,83000;DOWN
2026-07-01 21:25:00;M1;6;34;4065,28562;4065,01000;DOWN
2026-07-01 21:33:00;M1;6;21;4065,24701;4065,95000;UP
2026-07-01 21:37:00;M1;6;55;4064,41182;4063,92000;DOWN
2026-07-01 21:43:00;M1;6;21;4062,77993;4062,91000;UP
2026-07-01 21:50:00;M1;6;21;4061,40966;4059,54000;DOWN
2026-07-01 21:56:00;M1;6;21;4060,38805;4060,79000;UP
2026-07-01 22:22:00;M1;6;55;4059,47429;4059,40000;DOWN
2026-07-01 22:30:00;M1;6;55;4059,09384;4059,15000;UP
2026-07-01 22:31:00;M1;6;55;4058,64866;4058,09000;DOWN
2026-07-01 23:18:00;M1;6;21;4036,16787;4036,26000;UP
2026-07-01 23:27:00;M1;6;34;4038,65207;4038,71000;UP
2026-07-01 23:34:00;M1;6;34;4036,56067;4036,50000;DOWN
2026-07-01 23:37:00;M1;6;34;4034,58689;4035,62000;UP
2026-07-01 23:45:00;M1;6;34;4032,73302;4032,51000;DOWN
2026-07-01 23:49:00;M1;6;34;4031,02636;4033,01000;UP
2026-07-02 01:01:00;M1;6;55;4033,61459;4035,23000;UP
2026-07-02 01:07:00;M1;6;89;4039,82159;4040,77000;UP
2026-07-02 01:13:00;M1;6;89;4038,37910;4036,90000;DOWN
2026-07-02 01:20:00;M1;6;89;4037,06155;4037,79000;UP
2026-07-02 02:02:00;M1;6;21;4043,23210;4043,23000;DOWN
2026-07-02 02:13:00;M1;6;34;4039,22682;4038,82000;DOWN
2026-07-02 02:55:00;M1;6;21;4036,13560;4036,57000;UP
2026-07-02 03:00:00;M1;6;55;4034,00139;4032,23000;DOWN
2026-07-02 03:02:00;M1;6;55;4034,24831;4035,21000;UP
2026-07-02 03:01:00;M1;6;21;4035,29262;4033,37000;DOWN
2026-07-02 03:07:00;M1;6;21;4035,41628;4038,49000;UP
2026-07-02 03:42:00;M1;6;55;4038,31846;4038,15000;DOWN
2026-07-02 03:47:00;M1;6;21;4044,08700;4045,13000;UP
2026-07-02 04:24:00;M1;6;34;4053,96549;4052,31000;DOWN
2026-07-02 04:32:00;M1;6;55;4050,74713;4050,24000;DOWN
2026-07-02 04:38:00;M1;6;55;4051,81224;4052,13000;UP
2026-07-02 04:43:00;M1;6;55;4052,63854;4051,69000;DOWN
2026-07-02 04:52:00;M1;6;55;4053,36798;4054,64000;UP
2026-07-02 04:56:00;M1;6;55;4053,95673;4053,92000;DOWN
2026-07-02 05:05:00;M1;6;89;4044,96761;4042,49000;DOWN
2026-07-02 05:14:00;M1;6;21;4048,03887;4048,07000;UP
2026-07-02 05:19:00;M1;6;34;4053,99741;4054,01000;UP
2026-07-02 05:25:00;M1;6;34;4053,33632;4050,82000;DOWN
2026-07-02 05:37:00;M1;6;34;4052,37114;4053,67000;UP
2026-07-02 06:09:00;M1;6;55;4056,35000;4055,77000;DOWN
2026-07-02 06:15:00;M1;6;21;4057,81893;4059,84000;UP
2026-07-02 06:23:00;M1;6;21;4058,97058;4058,72000;DOWN
2026-07-02 06:25:00;M1;6;21;4060,53926;4061,83000;UP
2026-07-02 06:37:00;M1;6;21;4063,59064;4063,28000;DOWN
2026-07-02 06:43:00;M1;6;21;4065,07295;4066,77000;UP
2026-07-02 07:03:00;M1;6;21;4070,67205;4069,60000;DOWN
2026-07-02 07:13:00;M1;6;34;4069,73662;4069,15000;DOWN
2026-07-02 07:22:00;M1;6;55;4066,55654;4065,56000;DOWN
2026-07-02 07:31:00;M1;6;89;4065,44657;4063,26000;DOWN
2026-07-02 08:19:00;M1;6;21;4057,89438;4058,49000;UP
2026-07-02 08:33:00;M1;6;21;4056,47847;4055,30000;DOWN
2026-07-02 08:37:00;M1;6;21;4056,70125;4063,86000;UP
2026-07-02 08:56:00;M1;6;55;4064,58622;4066,82000;UP
2026-07-02 09:31:00;M1;6;21;4075,01155;4074,85000;DOWN
2026-07-02 09:42:00;M1;6;89;4069,89933;4067,56000;DOWN
2026-07-02 09:48:00;M1;6;55;4068,39800;4069,05000;UP
2026-07-02 09:49:00;M1;6;34;4071,73330;4073,26000;UP
2026-07-02 09:56:00;M1;6;21;4075,36148;4075,66000;UP
2026-07-02 10:00:00;M1;6;89;4071,23690;4068,68000;DOWN
2026-07-02 10:02:00;M1;6;55;4069,87707;4070,31000;UP
2026-07-02 10:01:00;M1;6;21;4074,58493;4069,82000;DOWN
2026-07-02 10:09:00;M1;6;89;4071,85315;4071,88000;UP
2026-07-02 10:12:00;M1;6;55;4070,28591;4069,01000;DOWN
2026-07-02 10:13:00;M1;6;89;4072,02957;4068,36000;DOWN
2026-07-02 10:37:00;M1;6;21;4065,45822;4067,10000;UP
2026-07-02 10:46:00;M1;6;89;4071,64374;4070,46000;DOWN
2026-07-02 10:49:00;M1;6;34;4069,42179;4069,76000;UP
2026-07-02 10:55:00;M1;6;34;4068,73077;4064,71000;DOWN
2026-07-02 11:03:00;M1;6;21;4065,40890;4066,42000;UP
2026-07-02 11:09:00;M1;6;55;4070,19952;4071,18000;UP
2026-07-02 11:14:00;M1;6;89;4071,11034;4069,74000;DOWN
2026-07-02 11:19:00;M1;6;55;4070,50101;4073,18000;UP
2026-07-02 11:38:00;M1;6;21;4073,73489;4073,21000;DOWN
2026-07-02 11:43:00;M1;6;21;4074,92328;4077,34000;UP
2026-07-02 11:51:00;M1;6;21;4076,17201;4074,72000;DOWN
2026-07-02 11:55:00;M1;6;21;4077,21160;4078,16000;UP
2026-07-02 12:06:00;M1;6;89;4073,28423;4072,01000;DOWN
2026-07-02 12:42:00;M1;6;21;4070,48120;4071,60000;UP
2026-07-02 12:43:00;M1;6;21;4069,43672;4068,97000;DOWN
2026-07-02 12:49:00;M1;6;21;4068,47158;4069,00000;UP
2026-07-02 12:55:00;M1;6;21;4067,39762;4065,05000;DOWN
2026-07-02 13:10:00;M1;6;21;4065,08554;4065,83000;UP
2026-07-02 13:13:00;M1;6;21;4064,00512;4062,71000;DOWN
2026-07-02 13:19:00;M1;6;21;4063,49864;4065,62000;UP
2026-07-02 13:30:00;M1;6;34;4065,92499;4065,91000;DOWN
2026-07-02 13:31:00;M1;6;34;4065,24588;4065,72000;UP
2026-07-02 13:38:00;M1;6;34;4064,82163;4063,86000;DOWN
2026-07-02 13:43:00;M1;6;21;4064,08300;4064,37000;UP
2026-07-02 13:49:00;M1;6;34;4063,93770;4061,77000;DOWN
2026-07-02 13:57:00;M1;6;21;4064,12107;4064,41000;UP
2026-07-02 14:02:00;M1;6;34;4063,18927;4061,59000;DOWN
2026-07-02 14:14:00;M1;6;21;4062,95736;4063,26000;UP
2026-07-02 14:19:00;M1;6;55;4064,25267;4065,42000;UP
2026-07-02 14:43:00;M1;6;89;4066,87215;4071,07000;UP
2026-07-02 14:58:00;M1;6;89;4066,56501;4066,15000;DOWN
2026-07-02 15:05:00;M1;6;21;4067,46037;4069,11000;UP
2026-07-02 15:01:00;M1;6;34;4064,97921;4063,69000;DOWN
2026-07-02 15:07:00;M1;6;34;4065,59942;4070,92000;UP
2026-07-02 15:11:00;M1;6;21;4068,16066;4067,86000;DOWN
2026-07-02 15:13:00;M1;6;89;4066,24945;4063,93000;DOWN
2026-07-02 15:20:00;M1;6;21;4067,82281;4067,83000;UP
2026-07-02 15:28:00;M1;6;89;4065,94685;4064,93000;DOWN
2026-07-02 15:31:00;M1;6;21;4073,91613;4109,54000;UP
2026-07-02 15:56:00;M1;6;21;4117,99054;4116,41000;DOWN
2026-07-02 16:04:00;M1;6;21;4125,14689;4126,85000;UP
2026-07-02 16:07:00;M1;6;21;4131,05704;4118,56000;DOWN
2026-07-02 16:19:00;M1;6;34;4121,33921;4119,12000;DOWN
2026-07-02 16:35:00;M1;6;21;4135,49532;4136,41000;UP
2026-07-02 16:38:00;M1;6;34;4131,90866;4130,80000;DOWN
2026-07-02 16:43:00;M1;6;21;4135,30875;4136,35000;UP
2026-07-02 16:54:00;M1;6;34;4139,20910;4133,45000;DOWN
2026-07-02 16:56:00;M1;6;21;4138,54242;4139,30000;UP
2026-07-02 17:03:00;M1;6;55;4130,48379;4129,85000;DOWN
2026-07-02 17:27:00;M1;6;89;4119,65280;4116,50000;DOWN
2026-07-02 17:31:00;M1;6;89;4121,78224;4124,29000;UP
2026-07-02 17:37:00;M1;6;89;4123,65776;4119,84000;DOWN
2026-07-02 17:49:00;M1;6;21;4119,61607;4122,46000;UP
2026-07-02 17:58:00;M1;6;89;4128,41594;4129,52000;UP
2026-07-02 18:01:00;M1;6;34;4129,16997;4129,65000;UP
2026-07-02 18:01:00;M1;6;89;4129,86176;4129,65000;DOWN
2026-07-02 18:07:00;M1;6;34;4128,12535;4116,40000;DOWN
2026-07-02 18:13:00;M1;6;21;4120,50584;4128,33000;UP
2026-07-02 18:19:00;M1;6;34;4125,97319;4122,05000;DOWN
2026-07-02 18:25:00;M1;6;34;4124,93667;4127,45000;UP
2026-07-02 18:29:00;M1;6;21;4122,57361;4122,45000;DOWN
2026-07-02 18:31:00;M1;6;21;4123,97858;4127,64000;UP
2026-07-02 18:43:00;M1;6;21;4126,68079;4126,46000;DOWN
2026-07-02 18:49:00;M1;6;21;4127,43400;4128,74000;UP
2026-07-02 18:55:00;M1;6;21;4127,97680;4127,05000;DOWN
2026-07-02 19:02:00;M1;6;34;4125,25745;4124,96000;DOWN
2026-07-02 19:43:00;M1;6;21;4114,15260;4115,26000;UP
2026-07-02 19:52:00;M1;6;34;4118,02228;4118,84000;UP
2026-07-02 19:55:00;M1;6;34;4117,15803;4116,69000;DOWN
2026-07-02 20:01:00;M1;6;34;4116,42394;4116,47000;UP
2026-07-02 20:23:00;M1;6;34;4114,72386;4114,11000;DOWN
2026-07-02 20:25:00;M1;6;34;4114,03115;4114,22000;UP
2026-07-02 20:28:00;M1;6;21;4113,85392;4113,78000;DOWN
2026-07-02 20:31:00;M1;6;34;4113,30022;4111,12000;DOWN
2026-07-02 21:02:00;M1;6;21;4108,76915;4109,25000;UP
2026-07-02 21:28:00;M1;6;89;4121,77683;4122,67000;UP
2026-07-02 21:46:00;M1;6;89;4120,54440;4120,11000;DOWN
2026-07-02 21:52:00;M1;6;21;4123,47965;4123,96000;UP
2026-07-02 21:55:00;M1;6;21;4124,54307;4122,16000;DOWN
2026-07-02 22:04:00;M1;6;89;4119,94936;4118,39000;DOWN
2026-07-02 22:11:00;M1;6;55;4115,60363;4115,11000;DOWN
2026-07-02 22:37:00;M1;6;21;4113,18275;4113,20000;UP
2026-07-02 22:50:00;M1;6;34;4116,68650;4117,90000;UP
2026-07-02 23:35:00;M1;6;21;4123,09403;4123,01000;DOWN
2026-07-02 23:44:00;M1;6;34;4120,77206;4120,75000;DOWN
2026-07-02 23:54:00;M1;6;34;4121,16819;4121,60000;UP
2026-07-02 23:49:00;M1;6;55;4120,33345;4119,65000;DOWN
2026-07-02 23:57:00;M1;6;21;4123,55198;4123,89000;UP
2026-07-03 01:13:00;M1;6;21;4124,61508;4124,59000;DOWN
2026-07-03 01:19:00;M1;6;21;4124,79699;4124,83000;UP
2026-07-03 01:22:00;M1;6;34;4124,41221;4123,20000;DOWN
2026-07-03 01:25:00;M1;6;21;4124,88043;4123,08000;DOWN
2026-07-03 01:34:00;M1;6;21;4125,00836;4126,10000;UP
2026-07-03 01:41:00;M1;6;55;4123,63185;4122,92000;DOWN
2026-07-03 01:47:00;M1;6;55;4124,01548;4124,07000;UP
2026-07-03 01:49:00;M1;6;55;4124,36641;4123,86000;DOWN
2026-07-03 01:55:00;M1;6;21;4124,78596;4126,05000;UP
2026-07-03 02:01:00;M1;6;34;4125,56912;4125,13000;DOWN
2026-07-03 02:07:00;M1;6;34;4125,71888;4125,93000;UP
2026-07-03 02:14:00;M1;6;55;4125,78554;4125,37000;DOWN
2026-07-03 02:20:00;M1;6;21;4125,68352;4125,70000;UP
2026-07-03 02:34:00;M1;6;55;4126,88065;4126,55000;DOWN
2026-07-03 02:38:00;M1;6;89;4124,46450;4122,88000;DOWN
2026-07-03 02:45:00;M1;6;21;4127,37363;4128,92000;UP
2026-07-03 02:51:00;M1;6;55;4127,54687;4127,31000;DOWN
2026-07-03 02:55:00;M1;6;21;4127,45874;4130,65000;UP
2026-07-03 03:01:00;M1;6;89;4125,91580;4124,89000;DOWN
2026-07-03 03:09:00;M1;6;21;4127,75424;4128,72000;UP
2026-07-03 03:31:00;M1;6;21;4134,50330;4134,24000;DOWN
2026-07-03 03:37:00;M1;6;21;4136,35152;4138,92000;UP
2026-07-03 03:43:00;M1;6;21;4137,88474;4135,48000;DOWN
2026-07-03 03:49:00;M1;6;21;4139,95992;4140,98000;UP
2026-07-03 04:37:00;M1;6;21;4189,98250;4186,27000;DOWN
2026-07-03 04:45:00;M1;6;34;4179,66376;4176,95000;DOWN
2026-07-03 05:13:00;M1;6;55;4180,77183;4179,79000;DOWN
2026-07-03 05:38:00;M1;6;21;4182,66558;4184,75000;UP
2026-07-03 05:43:00;M1;6;21;4182,20871;4182,00000;DOWN
2026-07-03 05:52:00;M1;6;21;4182,41184;4182,97000;UP
2026-07-03 06:01:00;M1;6;89;4182,01172;4180,50000;DOWN
2026-07-03 06:33:00;M1;6;21;4182,26299;4182,67000;UP
2026-07-03 06:37:00;M1;6;21;4181,71810;4181,11000;DOWN
2026-07-03 07:09:00;M1;6;21;4176,63367;4178,10000;UP
2026-07-03 07:19:00;M1;6;34;4178,30522;4181,34000;UP
2026-07-03 07:30:00;M1;6;34;4177,90081;4176,80000;DOWN
2026-07-03 07:37:00;M1;6;21;4176,46564;4175,69000;DOWN
2026-07-03 07:43:00;M1;6;21;4176,39277;4177,37000;UP
2026-07-03 07:49:00;M1;6;34;4176,41383;4176,30000;DOWN
2026-07-03 07:56:00;M1;6;21;4176,46870;4177,55000;UP
2026-07-03 08:16:00;M1;6;21;4177,64288;4176,75000;DOWN
2026-07-03 08:19:00;M1;6;21;4177,26689;4179,12000;UP
2026-07-03 08:21:00;M1;6;34;4176,39677;4175,76000;DOWN
2026-07-03 08:28:00;M1;6;34;4176,24668;4177,06000;UP
2026-07-03 08:25:00;M1;6;21;4176,82389;4174,50000;DOWN
2026-07-03 08:31:00;M1;6;21;4176,65337;4179,75000;UP
2026-07-03 08:35:00;M1;6;55;4178,51195;4177,87000;DOWN
2026-07-03 08:38:00;M1;6;34;4176,13546;4174,20000;DOWN
2026-07-03 09:27:00;M1;6;21;4165,03607;4165,15000;UP
2026-07-03 09:34:00;M1;6;34;4167,75095;4169,54000;UP
2026-07-03 10:06:00;M1;6;89;4177,06054;4177,60000;UP
2026-07-03 10:12:00;M1;6;89;4176,52568;4174,88000;DOWN
2026-07-03 10:13:00;M1;6;21;4173,81547;4173,48000;DOWN
2026-07-03 10:30:00;M1;6;21;4175,52260;4176,19000;UP
2026-07-03 10:31:00;M1;6;89;4174,79498;4174,15000;DOWN
2026-07-03 10:37:00;M1;6;21;4176,84568;4177,76000;UP
2026-07-03 10:51:00;M1;6;21;4178,47661;4178,45000;DOWN
2026-07-03 11:00:00;M1;6;21;4178,93053;4180,62000;UP
2026-07-03 10:58:00;M1;6;34;4176,16702;4174,86000;DOWN
2026-07-03 11:01:00;M1;6;34;4177,53227;4181,40000;UP
2026-07-03 11:22:00;M1;6;21;4183,71303;4182,35000;DOWN
2026-07-03 11:25:00;M1;6;34;4182,52567;4182,24000;DOWN
2026-07-03 11:33:00;M1;6;21;4185,26772;4185,91000;UP
2026-07-03 11:38:00;M1;6;34;4184,19546;4183,43000;DOWN
2026-07-03 11:47:00;M1;6;55;4179,99983;4179,52000;DOWN
2026-07-03 12:09:00;M1;6;89;4177,56285;4177,39000;DOWN
2026-07-03 12:13:00;M1;6;89;4177,75339;4178,95000;UP
2026-07-03 12:19:00;M1;6;89;4177,85724;4175,92000;DOWN
2026-07-03 12:43:00;M1;6;21;4171,11990;4171,27000;UP
2026-07-03 12:55:00;M1;6;34;4173,96095;4174,20000;UP
2026-07-03 13:08:00;M1;6;55;4177,78401;4178,98000;UP
2026-07-03 13:34:00;M1;6;89;4177,37456;4177,01000;DOWN
2026-07-03 13:43:00;M1;6;55;4176,83064;4177,60000;UP
2026-07-03 13:51:00;M1;6;89;4177,76403;4178,26000;UP
2026-07-03 13:49:00;M1;6;55;4176,60210;4175,74000;DOWN
2026-07-03 13:55:00;M1;6;55;4176,38409;4177,28000;UP
2026-07-03 13:55:00;M1;6;89;4177,83437;4177,28000;DOWN
2026-07-03 14:04:00;M1;6;21;4178,33677;4178,89000;UP
2026-07-03 14:07:00;M1;6;21;4178,56203;4178,17000;DOWN
2026-07-03 14:13:00;M1;6;21;4179,35418;4181,30000;UP
2026-07-03 14:46:00;M1;6;21;4185,14152;4185,06000;DOWN
2026-07-03 14:51:00;M1;6;34;4183,59820;4183,45000;DOWN
2026-07-03 14:57:00;M1;6;89;4180,25169;4178,76000;DOWN
2026-07-03 15:01:00;M1;6;89;4180,46558;4180,88000;UP
2026-07-03 15:07:00;M1;6;55;4181,32127;4182,28000;UP
2026-07-03 15:11:00;M1;6;89;4180,62609;4180,25000;DOWN
2026-07-03 15:13:00;M1;6;55;4181,47787;4178,89000;DOWN
2026-07-03 15:34:00;M1;6;21;4176,98088;4177,20000;UP
2026-07-03 15:37:00;M1;6;21;4175,69857;4173,95000;DOWN
2026-07-03 15:44:00;M1;6;21;4174,77480;4174,92000;UP
2026-07-03 15:57:00;M1;6;21;4173,75723;4173,30000;DOWN
2026-07-03 16:01:00;M1;6;21;4173,19352;4173,31000;UP
2026-07-03 16:07:00;M1;6;21;4172,00079;4170,97000;DOWN
2026-07-03 16:19:00;M1;6;21;4169,15448;4169,61000;UP
2026-07-03 16:26:00;M1;6;34;4170,72149;4171,03000;UP
2026-07-03 16:30:00;M1;6;21;4168,35031;4167,46000;DOWN
2026-07-03 16:31:00;M1;6;21;4167,49774;4167,96000;UP
2026-07-03 16:31:00;M1;6;34;4169,54230;4167,96000;DOWN
2026-07-03 16:41:00;M1;6;21;4166,67197;4166,66000;DOWN
2026-07-03 16:43:00;M1;6;21;4165,71596;4166,98000;UP
2026-07-03 16:53:00;M1;6;34;4166,54710;4167,44000;UP
2026-07-03 16:49:00;M1;6;21;4165,02902;4164,95000;DOWN
2026-07-03 16:55:00;M1;6;21;4164,40403;4167,35000;UP
2026-07-03 16:58:00;M1;6;34;4165,67139;4165,01000;DOWN
2026-07-03 17:04:00;M1;6;34;4164,84367;4166,56000;UP
2026-07-03 17:06:00;M1;6;21;4163,88393;4163,15000;DOWN
2026-07-03 17:07:00;M1;6;34;4163,93728;4161,51000;DOWN
2026-07-03 17:13:00;M1;6;21;4162,74200;4162,90000;UP
2026-07-03 17:19:00;M1;6;34;4162,48047;4162,26000;DOWN
2026-07-03 17:25:00;M1;6;21;4162,42614;4163,31000;UP
2026-07-03 17:33:00;M1;6;55;4164,32950;4164,17000;DOWN
2026-07-03 17:37:00;M1;6;55;4163,70680;4165,23000;UP
2026-07-03 17:44:00;M1;6;21;4163,96260;4163,85000;DOWN
2026-07-03 17:49:00;M1;6;21;4164,75340;4166,70000;UP
2026-07-03 17:56:00;M1;6;89;4167,73228;4167,52000;DOWN
2026-07-03 18:01:00;M1;6;89;4167,34492;4169,00000;UP
2026-07-03 18:20:00;M1;6;21;4171,65232;4169,96000;DOWN
2026-07-03 18:27:00;M1;6;34;4168,09237;4168,03000;DOWN
2026-07-03 18:31:00;M1;6;89;4166,34102;4166,29000;DOWN
2026-07-03 18:37:00;M1;6;89;4166,13613;4167,44000;UP
2026-07-03 18:52:00;M1;6;89;4165,73156;4165,62000;DOWN
2026-07-03 18:56:00;M1;6;89;4165,48501;4165,52000;UP
2026-07-03 18:55:00;M1;6;55;4165,43193;4165,05000;DOWN
2026-07-03 19:01:00;M1;6;89;4165,20187;4164,50000;DOWN
2026-07-03 19:09:00;M1;6;89;4164,90887;4165,20000;UP
2026-07-03 19:13:00;M1;6;89;4164,60807;4164,60000;DOWN
2026-07-03 19:19:00;M1;6;21;4164,41930;4164,78000;UP
2026-07-03 19:30:00;M1;6;34;4166,93088;4167,41000;UP
2026-07-06 01:19:00;M1;6;21;4180,51290;4177,57000;DOWN
2026-07-06 01:25:00;M1;6;21;4182,72418;4183,00000;UP
2026-07-06 01:43:00;M1;6;21;4188,99682;4186,59000;DOWN
2026-07-06 01:49:00;M1;6;34;4185,07175;4184,15000;DOWN
2026-07-06 02:00:00;M1;6;21;4190,82414;4191,15000;UP
2026-07-06 02:01:00;M1;6;21;4191,41859;4190,93000;DOWN
2026-07-06 02:09:00;M1;6;34;4189,83101;4189,45000;DOWN
2026-07-06 02:28:00;M1;6;21;4193,37194;4200,82000;UP
2026-07-06 02:36:00;M1;6;34;4194,74446;4194,30000;DOWN
2026-07-06 02:38:00;M1;6;21;4196,05790;4197,28000;UP
2026-07-06 02:47:00;M1;6;89;4183,32020;4180,72000;DOWN
2026-07-06 03:31:00;M1;6;21;4175,21547;4177,67000;UP
2026-07-06 03:37:00;M1;6;34;4182,15769;4182,68000;UP
2026-07-06 03:43:00;M1;6;89;4187,09113;4187,10000;UP
2026-07-06 03:49:00;M1;6;89;4187,28230;4185,31000;DOWN
2026-07-06 03:58:00;M1;6;34;4180,54199;4175,39000;DOWN
2026-07-06 04:02:00;M1;6;21;4180,52757;4185,51000;UP
2026-07-06 04:07:00;M1;6;89;4187,81288;4177,49000;DOWN
2026-07-06 04:13:00;M1;6;21;4182,58279;4187,47000;UP
2026-07-06 04:20:00;M1;6;89;4188,19371;4187,27000;DOWN
2026-07-06 04:25:00;M1;6;21;4184,72408;4185,13000;UP
2026-07-06 04:50:00;M1;6;21;4194,17721;4192,74000;DOWN
2026-07-06 04:58:00;M1;6;89;4190,70541;4187,77000;DOWN
2026-07-06 05:43:00;M1;6;21;4173,77158;4174,21000;UP
2026-07-06 06:02:00;M1;6;21;4169,34686;4167,50000;DOWN
2026-07-06 06:10:00;M1;6;21;4168,57274;4169,80000;UP
2026-07-06 06:13:00;M1;6;21;4167,60769;4166,53000;DOWN
2026-07-06 06:29:00;M1;6;21;4165,39726;4165,94000;UP
2026-07-06 06:35:00;M1;6;34;4166,79684;4167,43000;UP
2026-07-06 06:41:00;M1;6;34;4165,34047;4164,81000;DOWN
2026-07-06 06:45:00;M1;6;21;4163,51034;4163,98000;UP
2026-07-06 06:52:00;M1;6;34;4162,99419;4161,64000;DOWN
2026-07-06 06:55:00;M1;6;21;4162,25048;4165,94000;UP
2026-07-06 07:16:00;M1;6;55;4164,01340;4164,07000;UP
2026-07-06 07:20:00;M1;6;55;4162,83322;4162,60000;DOWN
2026-07-06 07:25:00;M1;6;21;4160,94580;4161,51000;UP
2026-07-06 07:31:00;M1;6;55;4160,68592;4160,31000;DOWN
2026-07-06 07:42:00;M1;6;21;4160,01998;4160,67000;UP
2026-07-06 07:46:00;M1;6;55;4158,85953;4158,71000;DOWN
2026-07-06 07:49:00;M1;6;21;4158,98909;4160,07000;UP
2026-07-06 07:55:00;M1;6;21;4158,59298;4158,58000;DOWN
2026-07-06 08:01:00;M1;6;21;4157,73535;4158,01000;UP
2026-07-06 08:03:00;M1;6;55;4156,59678;4155,85000;DOWN
2026-07-06 08:07:00;M1;6;21;4156,77529;4155,71000;DOWN
2026-07-06 08:25:00;M1;6;21;4152,85419;4153,13000;UP
2026-07-06 08:35:00;M1;6;89;4158,09938;4159,65000;UP
2026-07-06 08:31:00;M1;6;55;4152,72701;4152,31000;DOWN
2026-07-06 08:37:00;M1;6;21;4152,90093;4158,88000;UP
2026-07-06 08:39:00;M1;6;89;4157,08217;4154,80000;DOWN
2026-07-06 08:51:00;M1;6;89;4155,19099;4155,67000;UP
2026-07-06 08:56:00;M1;6;89;4154,24335;4151,95000;DOWN
2026-07-06 09:09:00;M1;6;21;4151,14338;4151,27000;UP
2026-07-06 09:14:00;M1;6;89;4151,43628;4151,94000;UP
2026-07-06 09:15:00;M1;6;55;4149,51084;4148,73000;DOWN
2026-07-06 09:21:00;M1;6;21;4149,81220;4151,10000;UP
2026-07-06 09:19:00;M1;6;89;4150,57548;4149,12000;DOWN
2026-07-06 09:25:00;M1;6;89;4149,84381;4154,34000;UP
2026-07-06 09:53:00;M1;6;21;4153,39594;4152,61000;DOWN
2026-07-06 09:55:00;M1;6;34;4151,58541;4151,08000;DOWN
2026-07-06 10:01:00;M1;6;34;4151,55525;4152,29000;UP
2026-07-06 10:08:00;M1;6;55;4148,95285;4148,38000;DOWN
2026-07-06 10:17:00;M1;6;21;4152,18247;4152,37000;UP
2026-07-06 10:26:00;M1;6;21;4151,79226;4151,71000;DOWN
2026-07-06 10:31:00;M1;6;21;4152,13542;4155,19000;UP
2026-07-06 11:02:00;M1;6;21;4162,06823;4161,76000;DOWN
2026-07-06 11:11:00;M1;6;34;4159,09244;4157,92000;DOWN
2026-07-06 11:16:00;M1;6;55;4155,04695;4154,70000;DOWN
2026-07-06 11:19:00;M1;6;55;4155,55684;4156,35000;UP
2026-07-06 11:25:00;M1;6;55;4155,92487;4155,22000;DOWN
2026-07-06 11:43:00;M1;6;89;4150,33355;4150,11000;DOWN
2026-07-06 11:51:00;M1;6;89;4150,38983;4151,75000;UP
2026-07-06 11:55:00;M1;6;21;4151,45952;4151,88000;UP
2026-07-06 11:59:00;M1;6;89;4150,40196;4150,36000;DOWN
2026-07-06 12:02:00;M1;6;21;4149,89682;4149,07000;DOWN
2026-07-06 12:07:00;M1;6;21;4148,79003;4150,68000;UP
2026-07-06 12:13:00;M1;6;89;4150,19268;4149,59000;DOWN
2026-07-06 12:19:00;M1;6;21;4146,86626;4147,21000;UP
2026-07-06 12:26:00;M1;6;21;4145,74175;4144,30000;DOWN
2026-07-06 12:43:00;M1;6;21;4140,70704;4141,34000;UP
2026-07-06 12:51:00;M1;6;34;4142,76816;4143,16000;UP
2026-07-06 13:11:00;M1;6;55;4145,50616;4145,70000;UP
2026-07-06 13:13:00;M1;6;89;4146,34749;4146,54000;UP
2026-07-06 13:55:00;M1;6;21;4154,46386;4152,55000;DOWN
2026-07-06 14:18:00;M1;6;21;4156,54128;4157,99000;UP
2026-07-06 14:20:00;M1;6;21;4157,05758;4156,21000;DOWN
2026-07-06 14:25:00;M1;6;21;4157,33687;4158,46000;UP
2026-07-06 14:36:00;M1;6;34;4155,65310;4155,11000;DOWN
2026-07-06 15:01:00;M1;6;21;4155,99433;4157,00000;UP
2026-07-06 15:07:00;M1;6;34;4157,60119;4157,25000;DOWN
2026-07-06 15:14:00;M1;6;21;4155,79395;4155,94000;UP
2026-07-06 15:21:00;M1;6;89;4150,61943;4149,69000;DOWN
2026-07-06 15:55:00;M1;6;21;4138,24975;4141,09000;UP
2026-07-06 16:01:00;M1;6;34;4143,54373;4144,34000;UP
2026-07-06 16:07:00;M1;6;89;4147,98918;4148,16000;UP
2026-07-06 16:13:00;M1;6;89;4147,53069;4145,01000;DOWN
2026-07-06 16:21:00;M1;6;34;4140,71055;4143,31000;UP
2026-07-06 16:25:00;M1;6;89;4146,86320;4146,58000;DOWN
2026-07-06 16:31:00;M1;6;55;4145,32219;4146,19000;UP
2026-07-06 16:37:00;M1;6;89;4146,47475;4146,04000;DOWN
2026-07-06 16:44:00;M1;6;89;4146,30923;4149,19000;UP
2026-07-06 16:46:00;M1;6;55;4144,41123;4142,42000;DOWN
2026-07-06 16:49:00;M1;6;21;4144,71798;4146,58000;UP
2026-07-06 16:50:00;M1;6;89;4146,16158;4145,23000;DOWN
2026-07-06 16:55:00;M1;6;55;4143,48381;4143,07000;DOWN
2026-07-06 17:01:00;M1;6;34;4140,58522;4144,11000;UP
2026-07-06 17:10:00;M1;6;21;4143,75293;4144,08000;UP
2026-07-06 17:07:00;M1;6;55;4142,34489;4134,95000;DOWN
2026-07-06 17:13:00;M1;6;34;4140,58160;4142,51000;UP
2026-07-06 17:13:00;M1;6;21;4142,77328;4142,51000;DOWN
2026-07-06 17:19:00;M1;6;55;4140,94046;4136,34000;DOWN
2026-07-06 17:33:00;M1;6;21;4138,52074;4138,79000;UP
2026-07-06 17:38:00;M1;6;55;4138,72152;4138,31000;DOWN
2026-07-06 17:50:00;M1;6;21;4134,82481;4134,95000;UP
2026-07-06 17:57:00;M1;6;34;4136,66334;4136,85000;UP
2026-07-06 18:03:00;M1;6;89;4140,30454;4140,43000;UP
2026-07-06 18:48:00;M1;6;21;4148,35952;4147,20000;DOWN
2026-07-06 19:01:00;M1;6;34;4146,03729;4144,79000;DOWN
2026-07-06 19:13:00;M1;6;55;4142,46915;4142,28000;DOWN
2026-07-06 19:19:00;M1;6;55;4142,81312;4143,53000;UP
2026-07-06 19:30:00;M1;6;21;4146,39336;4146,60000;UP
2026-07-06 19:31:00;M1;6;34;4147,34423;4147,46000;UP
2026-07-06 20:17:00;M1;6;34;4152,13544;4151,49000;DOWN
2026-07-06 20:23:00;M1;6;21;4155,06095;4156,94000;UP
2026-07-06 20:29:00;M1;6;21;4156,02963;4155,46000;DOWN
2026-07-06 20:33:00;M1;6;21;4157,02619;4157,27000;UP
2026-07-06 20:37:00;M1;6;21;4158,10072;4157,49000;DOWN
2026-07-06 20:48:00;M1;6;21;4158,97201;4159,47000;UP
2026-07-06 20:49:00;M1;6;21;4159,68431;4159,52000;DOWN
2026-07-06 20:57:00;M1;6;21;4160,45145;4161,11000;UP
2026-07-06 21:05:00;M1;6;55;4157,22345;4156,22000;DOWN
2026-07-06 21:16:00;M1;6;21;4160,61059;4161,36000;UP
2026-07-06 21:21:00;M1;6;34;4161,09587;4160,71000;DOWN
2026-07-06 21:25:00;M1;6;21;4161,25709;4161,70000;UP
2026-07-06 21:31:00;M1;6;55;4160,79429;4160,38000;DOWN
2026-07-06 21:37:00;M1;6;21;4163,07672;4166,86000;UP
2026-07-06 21:51:00;M1;6;55;4163,41771;4163,04000;DOWN
2026-07-06 22:08:00;M1;6;89;4160,47453;4160,11000;DOWN
2026-07-06 22:20:00;M1;6;89;4161,79068;4161,98000;UP
2026-07-06 22:29:00;M1;6;21;4162,65791;4162,80000;UP
2026-07-06 22:25:00;M1;6;89;4162,37203;4161,81000;DOWN
2026-07-06 22:33:00;M1;6;21;4162,10904;4161,74000;DOWN
2026-07-06 22:45:00;M1;6;21;4161,26580;4162,41000;UP
2026-07-06 22:50:00;M1;6;34;4163,52388;4163,82000;UP
2026-07-06 22:55:00;M1;6;89;4164,59562;4162,30000;DOWN
2026-07-06 23:01:00;M1;6;21;4162,28867;4163,65000;UP
2026-07-06 23:07:00;M1;6;34;4163,31414;4161,59000;DOWN
2026-07-06 23:25:00;M1;6;21;4162,20721;4162,33000;UP
2026-07-06 23:44:00;M1;6;21;4163,16228;4163,04000;DOWN
2026-07-06 23:50:00;M1;6;21;4163,48162;4163,81000;UP
2026-07-06 23:55:00;M1;6;21;4163,76611;4163,55000;DOWN
2026-07-07 01:01:00;M1;6;21;4164,23455;4166,76000;UP
2026-07-07 01:13:00;M1;6;21;4165,45705;4165,39000;DOWN
2026-07-07 01:19:00;M1;6;21;4165,99158;4167,11000;UP
2026-07-07 01:25:00;M1;6;55;4165,44132;4165,39000;DOWN
2026-07-07 01:31:00;M1;6;21;4166,72007;4166,98000;UP
2026-07-07 01:37:00;M1;6;89;4168,36253;4167,65000;DOWN
2026-07-07 01:43:00;M1;6;21;4167,36098;4167,13000;DOWN
2026-07-07 01:49:00;M1;6;55;4166,22156;4165,69000;DOWN
2026-07-07 02:14:00;M1;6;21;4165,37737;4165,47000;UP
2026-07-07 02:19:00;M1;6;21;4164,84773;4164,49000;DOWN
2026-07-07 02:33:00;M1;6;21;4163,84647;4164,89000;UP
2026-07-07 02:37:00;M1;6;21;4163,25312;4163,07000;DOWN
2026-07-07 02:49:00;M1;6;21;4162,20246;4163,23000;UP
2026-07-07 02:55:00;M1;6;21;4161,32481;4161,04000;DOWN
2026-07-07 03:19:00;M1;6;21;4155,85529;4156,90000;UP
2026-07-07 03:27:00;M1;6;34;4157,86968;4157,54000;DOWN
2026-07-07 03:31:00;M1;6;34;4157,13000;4160,14000;UP
2026-07-07 03:36:00;M1;6;21;4154,95894;4154,31000;DOWN
2026-07-07 03:37:00;M1;6;34;4156,14504;4151,30000;DOWN
2026-07-07 03:50:00;M1;6;21;4151,32631;4151,60000;UP
2026-07-07 03:56:00;M1;6;21;4149,79051;4149,08000;DOWN
2026-07-07 04:31:00;M1;6;21;4134,11261;4137,32000;UP
2026-07-07 04:45:00;M1;6;55;4142,28715;4144,28000;UP
2026-07-07 05:22:00;M1;6;21;4139,91242;4138,82000;DOWN
2026-07-07 05:25:00;M1;6;21;4140,73676;4145,14000;UP
2026-07-07 05:31:00;M1;6;89;4142,64452;4137,52000;DOWN
2026-07-07 05:37:00;M1;6;21;4141,16761;4142,12000;UP
2026-07-07 05:43:00;M1;6;89;4140,96660;4139,22000;DOWN
2026-07-07 05:51:00;M1;6;55;4134,51164;4132,74000;DOWN
2026-07-07 05:56:00;M1;6;55;4134,07833;4136,13000;UP
2026-07-07 06:03:00;M1;6;21;4138,00018;4138,20000;UP
2026-07-07 06:12:00;M1;6;89;4137,59889;4137,48000;DOWN
2026-07-07 06:13:00;M1;6;21;4136,88882;4137,64000;UP
2026-07-07 06:14:00;M1;6;34;4136,97891;4136,68000;DOWN
2026-07-07 06:20:00;M1;6;34;4136,68338;4136,82000;UP
2026-07-07 06:19:00;M1;6;89;4136,04707;4135,85000;DOWN
2026-07-07 06:26:00;M1;6;55;4132,64642;4132,82000;UP
2026-07-07 06:25:00;M1;6;34;4136,11777;4132,60000;DOWN
2026-07-07 06:35:00;M1;6;21;4134,03725;4134,23000;UP
2026-07-07 06:33:00;M1;6;55;4132,39833;4132,06000;DOWN
2026-07-07 06:37:00;M1;6;55;4132,12860;4134,27000;UP
2026-07-07 06:39:00;M1;6;21;4133,11597;4132,48000;DOWN
2026-07-07 06:43:00;M1;6;89;4132,92874;4129,03000;DOWN
2026-07-07 06:57:00;M1;6;21;4128,88024;4131,24000;UP
2026-07-07 07:01:00;M1;6;34;4130,67665;4131,65000;UP
2026-07-07 07:30:00;M1;6;21;4131,45046;4130,61000;DOWN
2026-07-07 07:35:00;M1;6;34;4130,44298;4130,26000;DOWN
2026-07-07 07:38:00;M1;6;34;4130,20894;4130,67000;UP
2026-07-07 07:44:00;M1;6;55;4129,41087;4128,73000;DOWN
2026-07-07 07:49:00;M1;6;55;4129,12412;4129,25000;UP
2026-07-07 07:58:00;M1;6;89;4126,75008;4126,39000;DOWN
2026-07-07 08:05:00;M1;6;21;4129,56427;4130,01000;UP
2026-07-07 08:09:00;M1;6;89;4126,06742;4125,99000;DOWN
2026-07-07 08:24:00;M1;6;89;4125,32679;4126,40000;UP
2026-07-07 08:25:00;M1;6;21;4125,84171;4127,94000;UP
2026-07-07 08:30:00;M1;6;89;4124,99396;4124,97000;DOWN
2026-07-07 08:32:00;M1;6;89;4124,64154;4124,77000;UP
2026-07-07 08:31:00;M1;6;55;4126,28656;4124,25000;DOWN
2026-07-07 08:37:00;M1;6;21;4123,83855;4124,26000;UP
2026-07-07 08:38:00;M1;6;89;4124,20950;4122,05000;DOWN
2026-07-07 08:43:00;M1;6;21;4122,64214;4120,84000;DOWN
2026-07-07 08:50:00;M1;6;21;4121,76070;4124,90000;UP
2026-07-07 09:11:00;M1;6;89;4122,09700;4122,03000;DOWN
2026-07-07 09:13:00;M1;6;34;4121,91355;4123,10000;UP
2026-07-07 10:00:00;M1;6;21;4129,79807;4127,98000;DOWN
2026-07-07 10:02:00;M1;6;34;4126,54535;4126,51000;DOWN
2026-07-07 10:12:00;M1;6;34;4127,00094;4129,27000;UP
2026-07-07 10:16:00;M1;6;21;4130,06630;4131,14000;UP
2026-07-07 10:23:00;M1;6;34;4128,04008;4127,59000;DOWN
2026-07-07 10:27:00;M1;6;34;4128,35778;4129,18000;UP
2026-07-07 10:35:00;M1;6;21;4129,29036;4129,62000;UP
2026-07-07 10:31:00;M1;6;34;4128,72527;4126,29000;DOWN
2026-07-07 10:37:00;M1;6;34;4128,96360;4129,20000;UP
2026-07-07 10:39:00;M1;6;21;4128,88484;4128,88000;DOWN
2026-07-07 10:43:00;M1;6;21;4128,99066;4131,12000;UP
2026-07-07 10:48:00;M1;6;34;4129,32474;4128,62000;DOWN
2026-07-07 10:49:00;M1;6;21;4128,95113;4127,16000;DOWN
2026-07-07 10:55:00;M1;6;55;4126,74467;4124,97000;DOWN
2026-07-07 11:02:00;M1;6;21;4128,31281;4128,86000;UP
2026-07-07 11:07:00;M1;6;34;4129,68892;4129,03000;DOWN
2026-07-07 11:13:00;M1;6;21;4130,33453;4138,11000;UP
2026-07-07 11:36:00;M1;6;34;4132,98729;4131,57000;DOWN
2026-07-07 11:43:00;M1;6;55;4131,92805;4129,97000;DOWN
2026-07-07 11:52:00;M1;6;89;4127,04329;4125,64000;DOWN
2026-07-07 12:04:00;M1;6;89;4127,47680;4127,74000;UP
2026-07-07 12:07:00;M1;6;89;4127,61555;4126,45000;DOWN
2026-07-07 12:15:00;M1;6;21;4127,62227;4127,86000;UP
2026-07-07 12:20:00;M1;6;89;4127,80975;4126,49000;DOWN
2026-07-07 12:25:00;M1;6;21;4125,30434;4127,51000;UP
2026-07-07 12:35:00;M1;6;34;4128,53193;4131,20000;UP
2026-07-07 12:31:00;M1;6;89;4127,84224;4124,66000;DOWN
2026-07-07 12:37:00;M1;6;21;4125,27599;4130,45000;UP
2026-07-07 12:38:00;M1;6;55;4130,03334;4129,80000;DOWN
2026-07-07 12:43:00;M1;6;55;4129,89889;4131,71000;UP
2026-07-07 12:49:00;M1;6;89;4128,20503;4127,36000;DOWN
2026-07-07 12:55:00;M1;6;21;4127,90934;4130,26000;UP
2026-07-07 13:34:00;M1;6;21;4135,73099;4135,49000;DOWN
2026-07-07 13:40:00;M1;6;21;4136,73132;4137,11000;UP
2026-07-07 13:43:00;M1;6;21;4137,41066;4136,39000;DOWN
2026-07-07 13:49:00;M1;6;34;4134,83779;4133,45000;DOWN
2026-07-07 13:55:00;M1;6;34;4135,49326;4136,31000;UP
2026-07-07 14:06:00;M1;6;89;4132,38559;4132,11000;DOWN
2026-07-07 14:07:00;M1;6;89;4132,69396;4132,95000;UP
2026-07-07 14:17:00;M1;6;21;4136,39919;4137,01000;UP
2026-07-07 14:31:00;M1;6;21;4139,76440;4139,53000;DOWN
2026-07-07 14:37:00;M1;6;21;4141,71313;4146,15000;UP
2026-07-07 15:23:00;M1;6;21;4165,05748;4164,19000;DOWN
2026-07-07 15:28:00;M1;6;21;4168,09663;4168,52000;UP
2026-07-07 15:31:00;M1;6;21;4170,02079;4164,52000;DOWN
2026-07-07 15:37:00;M1;6;34;4165,18108;4164,15000;DOWN
2026-07-07 15:45:00;M1;6;34;4167,07864;4167,49000;UP
2026-07-07 15:49:00;M1;6;34;4168,76000;4165,54000;DOWN
2026-07-07 15:59:00;M1;6;21;4172,16906;4172,29000;UP
2026-07-07 16:06:00;M1;6;55;4165,33655;4163,80000;DOWN
2026-07-07 16:12:00;M1;6;55;4166,96462;4167,99000;UP
2026-07-07 16:14:00;M1;6;21;4171,08994;4171,31000;UP
2026-07-07 16:13:00;M1;6;55;4168,55495;4167,76000;DOWN
2026-07-07 16:20:00;M1;6;55;4170,05191;4172,20000;UP
2026-07-07 16:19:00;M1;6;21;4170,76925;4168,61000;DOWN
2026-07-07 16:25:00;M1;6;55;4171,35163;4165,93000;DOWN
2026-07-07 16:35:00;M1;6;21;4170,46436;4171,84000;UP
2026-07-07 16:38:00;M1;6;55;4173,95489;4168,72000;DOWN
2026-07-07 16:43:00;M1;6;21;4172,17907;4177,38000;UP
2026-07-07 16:53:00;M1;6;89;4167,65123;4166,12000;DOWN
2026-07-07 17:29:00;M1;6;21;4156,64852;4158,13000;UP
2026-07-07 17:33:00;M1;6;21;4153,97277;4153,06000;DOWN
2026-07-07 17:43:00;M1;6;21;4148,85229;4150,37000;UP
2026-07-07 17:49:00;M1;6;34;4154,90464;4156,50000;UP
2026-07-07 18:00:00;M1;6;34;4153,36726;4152,06000;DOWN
2026-07-07 18:01:00;M1;6;34;4151,98184;4154,47000;UP
2026-07-07 18:11:00;M1;6;34;4150,72260;4150,28000;DOWN
2026-07-07 18:13:00;M1;6;34;4149,18792;4149,51000;UP
2026-07-07 18:15:00;M1;6;21;4147,78558;4146,44000;DOWN
2026-07-07 18:19:00;M1;6;34;4147,61874;4144,81000;DOWN
2026-07-07 18:25:00;M1;6;21;4145,56983;4145,59000;UP
2026-07-07 18:31:00;M1;6;34;4144,68414;4144,16000;DOWN
2026-07-07 18:37:00;M1;6;21;4144,01209;4144,11000;UP
2026-07-07 18:49:00;M1;6;34;4142,32080;4142,14000;DOWN
2026-07-07 19:05:00;M1;6;21;4140,58521;4141,62000;UP
2026-07-07 19:18:00;M1;6;55;4142,81343;4142,87000;UP
2026-07-07 19:46:00;M1;6;21;4142,12641;4141,87000;DOWN
2026-07-07 19:49:00;M1;6;21;4142,72648;4144,66000;UP
2026-07-07 20:01:00;M1;6;21;4144,22365;4144,04000;DOWN
2026-07-07 20:07:00;M1;6;21;4144,82707;4146,42000;UP
2026-07-07 20:16:00;M1;6;34;4142,06049;4141,38000;DOWN
2026-07-07 20:24:00;M1;6;21;4144,62884;4145,27000;UP
2026-07-07 20:25:00;M1;6;89;4145,12777;4145,24000;UP
2026-07-07 20:38:00;M1;6;21;4145,27518;4145,22000;DOWN
2026-07-07 20:43:00;M1;6;21;4145,71623;4147,21000;UP
2026-07-07 20:50:00;M1;6;34;4144,68252;4143,90000;DOWN
2026-07-07 21:02:00;M1;6;89;4141,89791;4141,68000;DOWN
2026-07-07 21:07:00;M1;6;89;4141,46906;4142,15000;UP
2026-07-07 21:16:00;M1;6;89;4141,05309;4141,04000;DOWN
2026-07-07 21:22:00;M1;6;21;4143,06116;4143,91000;UP
2026-07-07 21:30:00;M1;6;89;4140,34995;4139,57000;DOWN
2026-07-07 21:35:00;M1;6;89;4140,01724;4140,18000;UP
2026-07-07 21:37:00;M1;6;21;4141,14917;4141,88000;UP
2026-07-07 21:48:00;M1;6;89;4139,41640;4137,77000;DOWN
2026-07-07 22:30:00;M1;6;21;4106,16742;4108,31000;UP
2026-07-07 22:37:00;M1;6;34;4111,27906;4112,30000;UP
2026-07-07 22:43:00;M1;6;34;4108,59159;4108,45000;DOWN
2026-07-07 22:49:00;M1;6;34;4106,52711;4112,19000;UP
2026-07-07 22:55:00;M1;6;55;4115,20071;4116,73000;UP
2026-07-07 23:17:00;M1;6;55;4110,34857;4109,73000;DOWN
2026-07-07 23:19:00;M1;6;55;4108,84537;4109,11000;UP
2026-07-07 23:20:00;M1;6;21;4109,08012;4108,76000;DOWN
2026-07-07 23:26:00;M1;6;21;4109,84561;4110,86000;UP
2026-07-07 23:36:00;M1;6;55;4106,10407;4105,85000;DOWN
2026-07-07 23:38:00;M1;6;55;4104,75953;4106,13000;UP
2026-07-07 23:57:00;M1;6;21;4106,33503;4106,47000;UP
2026-07-08 01:01:00;M1;6;34;4102,87729;4101,94000;DOWN
2026-07-08 01:11:00;M1;6;34;4102,87387;4103,70000;UP
2026-07-08 01:13:00;M1;6;21;4103,25579;4103,56000;UP
2026-07-08 01:18:00;M1;6;34;4102,71216;4102,71000;DOWN
2026-07-08 01:19:00;M1;6;34;4102,37272;4102,83000;UP
2026-07-08 01:23:00;M1;6;21;4102,35244;4101,74000;DOWN
2026-07-08 01:25:00;M1;6;21;4101,32789;4101,99000;UP
2026-07-08 01:26:00;M1;6;34;4101,81136;4101,71000;DOWN
2026-07-08 01:35:00;M1;6;34;4101,24964;4101,60000;UP
2026-07-08 01:31:00;M1;6;21;4100,55254;4099,66000;DOWN
2026-07-08 01:37:00;M1;6;21;4099,91041;4101,15000;UP
2026-07-08 01:40:00;M1;6;34;4100,66214;4100,65000;DOWN
2026-07-08 01:43:00;M1;6;34;4100,01122;4101,22000;UP
2026-07-08 01:45:00;M1;6;89;4099,62750;4099,61000;DOWN
2026-07-08 01:51:00;M1;6;21;4098,65799;4099,40000;UP
2026-07-08 01:49:00;M1;6;34;4099,38876;4097,83000;DOWN
2026-07-08 01:55:00;M1;6;89;4097,49880;4097,41000;DOWN
2026-07-08 02:01:00;M1;6;21;4098,17782;4098,65000;UP
2026-07-08 02:33:00;M1;6;21;4102,37255;4100,84000;DOWN
2026-07-08 02:40:00;M1;6;21;4102,68566;4102,82000;UP
2026-07-08 02:46:00;M1;6;55;4096,53119;4096,30000;DOWN
2026-07-08 02:52:00;M1;6;34;4100,06403;4100,29000;UP
2026-07-08 02:58:00;M1;6;55;4096,56783;4096,21000;DOWN
2026-07-08 03:04:00;M1;6;21;4100,58909;4102,53000;UP
2026-07-08 03:07:00;M1;6;34;4099,83368;4098,94000;DOWN
2026-07-08 03:13:00;M1;6;21;4099,92901;4102,86000;UP
2026-07-08 03:55:00;M1;6;21;4116,61426;4114,43000;DOWN
2026-07-08 04:05:00;M1;6;55;4105,31498;4101,31000;DOWN
2026-07-08 04:11:00;M1;6;55;4106,28344;4106,39000;UP
2026-07-08 04:15:00;M1;6;55;4106,97202;4106,10000;DOWN
2026-07-08 04:20:00;M1;6;55;4107,42872;4109,26000;UP
2026-07-08 04:27:00;M1;6;55;4107,63257;4107,07000;DOWN
2026-07-08 04:34:00;M1;6;89;4098,97444;4098,02000;DOWN
2026-07-08 04:39:00;M1;6;89;4099,20333;4100,11000;UP
2026-07-08 04:43:00;M1;6;21;4103,18107;4103,93000;UP
2026-07-08 04:52:00;M1;6;55;4107,36738;4104,64000;DOWN
2026-07-08 04:55:00;M1;6;34;4108,16398;4108,37000;UP
2026-07-08 05:02:00;M1;6;55;4107,80621;4107,23000;DOWN
2026-07-08 05:07:00;M1;6;34;4108,45616;4114,89000;UP
2026-07-08 05:37:00;M1;6;21;4119,03236;4118,69000;DOWN
2026-07-08 05:51:00;M1;6;34;4116,16439;4115,03000;DOWN
2026-07-08 06:00:00;M1;6;34;4117,04228;4119,95000;UP
2026-07-08 05:56:00;M1;6;55;4115,48544;4114,87000;DOWN
2026-07-08 06:01:00;M1;6;21;4121,59097;4128,24000;UP
2026-07-08 06:32:00;M1;6;21;4128,59988;4128,10000;DOWN
2026-07-08 06:37:00;M1;6;34;4127,83731;4127,52000;DOWN
2026-07-08 06:55:00;M1;6;55;4126,69164;4125,20000;DOWN
2026-07-08 07:09:00;M1;6;21;4128,45367;4128,58000;UP
2026-07-08 07:15:00;M1;6;89;4123,26565;4123,24000;DOWN
2026-07-08 07:22:00;M1;6;21;4126,19204;4127,19000;UP
2026-07-08 07:28:00;M1;6;21;4125,60661;4125,55000;DOWN
2026-07-08 07:31:00;M1;6;21;4125,37664;4127,39000;UP
2026-07-08 07:33:00;M1;6;89;4125,41386;4125,29000;DOWN
2026-07-08 07:37:00;M1;6;89;4126,01921;4127,09000;UP
2026-07-08 07:40:00;M1;6;21;4125,16293;4124,81000;DOWN
2026-07-08 07:44:00;M1;6;21;4124,97452;4125,03000;UP
2026-07-08 07:43:00;M1;6;89;4126,57343;4123,15000;DOWN
2026-07-08 07:49:00;M1;6;21;4124,92434;4124,69000;DOWN
2026-07-08 07:56:00;M1;6;21;4124,93288;4126,20000;UP
2026-07-08 08:04:00;M1;6;34;4127,19942;4127,89000;UP
2026-07-08 08:09:00;M1;6;89;4128,50839;4128,16000;DOWN
2026-07-08 08:16:00;M1;6;34;4127,07035;4128,88000;UP
2026-07-08 08:13:00;M1;6;21;4126,78406;4126,48000;DOWN
2026-07-08 08:19:00;M1;6;21;4126,93141;4127,32000;UP
2026-07-08 08:20:00;M1;6;34;4126,95457;4126,80000;DOWN
2026-07-08 08:25:00;M1;6;21;4126,43361;4125,54000;DOWN
2026-07-08 08:31:00;M1;6;21;4126,11252;4126,35000;UP
2026-07-08 08:38:00;M1;6;55;4129,79520;4129,84000;UP
2026-07-08 08:43:00;M1;6;89;4130,63263;4129,67000;DOWN
2026-07-08 08:49:00;M1;6;34;4126,51695;4125,24000;DOWN
2026-07-08 08:55:00;M1;6;21;4126,82848;4127,33000;UP
2026-07-08 09:02:00;M1;6;34;4126,66558;4125,08000;DOWN
2026-07-08 09:12:00;M1;6;21;4126,39927;4129,60000;UP
2026-07-08 09:24:00;M1;6;89;4131,79690;4132,23000;UP
2026-07-08 09:25:00;M1;6;89;4131,96068;4130,89000;DOWN
2026-07-08 09:31:00;M1;6;34;4127,90250;4127,45000;DOWN
2026-07-08 10:26:00;M1;6;21;4118,21875;4119,49000;UP
2026-07-08 10:31:00;M1;6;55;4124,06497;4124,71000;UP
2026-07-08 10:36:00;M1;6;34;4121,23020;4118,77000;DOWN
2026-07-08 10:40:00;M1;6;34;4120,65098;4121,31000;UP
2026-07-08 10:37:00;M1;6;55;4123,45483;4119,75000;DOWN
2026-07-08 10:43:00;M1;6;55;4123,03561;4125,04000;UP
2026-07-08 10:52:00;M1;6;55;4122,67341;4122,02000;DOWN
2026-07-08 10:56:00;M1;6;34;4120,08364;4121,43000;UP
2026-07-08 10:55:00;M1;6;21;4119,81296;4119,18000;DOWN
2026-07-08 11:01:00;M1;6;34;4119,78317;4117,62000;DOWN
2026-07-08 11:09:00;M1;6;21;4120,23231;4120,36000;UP
2026-07-08 11:15:00;M1;6;55;4120,30382;4120,55000;UP
2026-07-08 11:16:00;M1;6;34;4117,26437;4105,83000;DOWN
2026-07-08 11:19:00;M1;6;55;4118,22443;4088,72000;DOWN
2026-07-08 11:55:00;M1;6;21;4062,88194;4063,14000;UP
2026-07-08 12:01:00;M1;6;21;4056,29752;4052,77000;DOWN
2026-07-08 12:07:00;M1;6;21;4050,47596;4052,71000;UP
2026-07-08 12:19:00;M1;6;34;4056,65590;4059,03000;UP
2026-07-08 12:58:00;M1;6;21;4044,16435;4042,13000;DOWN
2026-07-08 13:01:00;M1;6;21;4043,58726;4044,64000;UP
2026-07-08 13:08:00;M1;6;55;4043,96350;4045,23000;UP
2026-07-08 13:09:00;M1;6;21;4042,69300;4041,94000;DOWN
2026-07-08 13:14:00;M1;6;21;4042,03226;4044,64000;UP
2026-07-08 13:33:00;M1;6;89;4054,33431;4055,07000;UP
2026-07-08 13:59:00;M1;6;21;4053,81781;4053,03000;DOWN
2026-07-08 14:02:00;M1;6;21;4054,88413;4056,91000;UP
2026-07-08 14:07:00;M1;6;21;4054,98880;4051,78000;DOWN
2026-07-08 14:22:00;M1;6;34;4048,84672;4047,92000;DOWN
2026-07-08 14:25:00;M1;6;34;4049,56436;4049,88000;UP
2026-07-08 14:31:00;M1;6;34;4049,92863;4048,66000;DOWN
2026-07-08 14:43:00;M1;6;21;4050,95661;4057,86000;UP
2026-07-08 15:24:00;M1;6;21;4069,16893;4067,31000;DOWN
2026-07-08 15:42:00;M1;6;21;4075,26218;4076,59000;UP
2026-07-08 15:58:00;M1;6;34;4075,78233;4075,51000;DOWN
2026-07-08 16:04:00;M1;6;34;4077,89840;4079,42000;UP
2026-07-08 16:07:00;M1;6;34;4079,34188;4073,12000;DOWN
2026-07-08 16:19:00;M1;6;55;4072,99429;4072,02000;DOWN
2026-07-08 16:32:00;M1;6;21;4075,42971;4079,07000;UP
2026-07-08 16:40:00;M1;6;34;4079,34740;4079,42000;UP
2026-07-08 16:38:00;M1;6;55;4076,13459;4075,05000;DOWN
2026-07-08 16:45:00;M1;6;21;4074,21801;4074,72000;UP
2026-07-08 16:43:00;M1;6;34;4079,09061;4073,99000;DOWN
2026-07-08 16:49:00;M1;6;55;4077,74786;4069,55000;DOWN
2026-07-08 17:07:00;M1;6;89;4062,21184;4061,69000;DOWN
2026-07-08 17:25:00;M1;6;21;4061,94301;4064,00000;UP
2026-07-08 17:31:00;M1;6;21;4059,09382;4055,99000;DOWN
2026-07-08 17:55:00;M1;6;21;4043,14712;4044,44000;UP
2026-07-08 18:01:00;M1;6;21;4040,27227;4036,66000;DOWN
2026-07-08 18:07:00;M1;6;21;4037,77343;4040,33000;UP
2026-07-08 18:14:00;M1;6;21;4034,87976;4033,56000;DOWN
2026-07-08 18:19:00;M1;6;21;4031,66473;4031,87000;UP
2026-07-08 18:25:00;M1;6;21;4028,81542;4028,66000;DOWN
2026-07-08 18:35:00;M1;6;21;4026,65563;4030,29000;UP
2026-07-08 18:37:00;M1;6;34;4029,41283;4029,52000;UP
2026-07-08 19:01:00;M1;6;55;4033,11749;4033,78000;UP
2026-07-08 19:27:00;M1;6;89;4043,01124;4043,74000;UP
2026-07-08 19:34:00;M1;6;89;4042,00712;4041,86000;DOWN
2026-07-08 19:39:00;M1;6;89;4041,15174;4045,00000;UP
2026-07-08 19:37:00;M1;6;21;4042,27134;4040,99000;DOWN
2026-07-08 19:43:00;M1;6;21;4045,31885;4052,69000;UP
2026-07-08 20:14:00;M1;6;21;4065,39379;4064,84000;DOWN
2026-07-08 20:21:00;M1;6;21;4068,36015;4068,48000;UP
2026-07-08 20:25:00;M1;6;21;4071,35674;4070,80000;DOWN
2026-07-08 20:31:00;M1;6;21;4073,88462;4074,40000;UP
2026-07-08 20:37:00;M1;6;21;4075,56705;4070,15000;DOWN
2026-07-08 20:43:00;M1;6;34;4071,05875;4069,53000;DOWN
2026-07-08 21:13:00;M1;6;21;4073,32525;4074,87000;UP
2026-07-08 21:19:00;M1;6;21;4072,92794;4071,73000;DOWN
2026-07-08 21:25:00;M1;6;55;4070,21448;4068,24000;DOWN
2026-07-08 21:36:00;M1;6;21;4071,87766;4073,30000;UP
2026-07-08 21:40:00;M1;6;34;4077,27027;4077,73000;UP
2026-07-08 22:13:00;M1;6;21;4087,36744;4086,55000;DOWN
2026-07-08 22:23:00;M1;6;55;4086,34829;4086,16000;DOWN
2026-07-08 22:29:00;M1;6;55;4087,75424;4088,11000;UP
2026-07-08 22:25:00;M1;6;34;4087,08035;4085,40000;DOWN
2026-07-08 22:31:00;M1;6;34;4088,19006;4090,03000;UP
2026-07-08 22:34:00;M1;6;55;4088,98475;4086,83000;DOWN
2026-07-08 22:37:00;M1;6;34;4089,06145;4087,90000;DOWN
2026-07-08 22:49:00;M1;6;89;4079,60224;4079,18000;DOWN
2026-07-08 22:55:00;M1;6;89;4081,06024;4082,15000;UP
2026-07-08 23:01:00;M1;6;89;4082,38289;4077,51000;DOWN
2026-07-08 23:30:00;M1;6;21;4077,55775;4078,30000;UP
2026-07-08 23:32:00;M1;6;21;4075,78485;4075,08000;DOWN
2026-07-08 23:40:00;M1;6;21;4074,45172;4074,86000;UP
2026-07-08 23:54:00;M1;6;34;4078,17822;4079,40000;UP
2026-07-09 01:03:00;M1;6;34;4076,41103;4073,91000;DOWN
2026-07-09 01:07:00;M1;6;21;4074,34644;4077,70000;UP
2026-07-09 01:22:00;M1;6;34;4074,99977;4074,79000;DOWN
2026-07-09 01:25:00;M1;6;34;4074,60782;4075,22000;UP
2026-07-09 01:31:00;M1;6;21;4075,61643;4076,82000;UP
2026-07-09 01:38:00;M1;6;21;4075,84873;4075,36000;DOWN
2026-07-09 01:44:00;M1;6;21;4076,19304;4076,27000;UP
2026-07-09 01:49:00;M1;6;55;4078,23385;4079,07000;UP
2026-07-09 01:55:00;M1;6;55;4077,69204;4077,64000;DOWN
2026-07-09 02:01:00;M1;6;34;4075,14135;4074,94000;DOWN
2026-07-09 02:09:00;M1;6;21;4076,78849;4076,99000;UP
2026-07-09 02:17:00;M1;6;55;4076,37096;4075,71000;DOWN
2026-07-09 02:20:00;M1;6;34;4075,55850;4075,45000;DOWN
2026-07-09 02:26:00;M1;6;21;4076,36921;4076,51000;UP
2026-07-09 02:31:00;M1;6;55;4075,58743;4075,10000;DOWN
2026-07-09 02:40:00;M1;6;21;4076,28616;4076,80000;UP
2026-07-09 02:43:00;M1;6;55;4075,23610;4075,16000;DOWN
2026-07-09 02:53:00;M1;6;21;4075,53927;4076,62000;UP
2026-07-09 03:05:00;M1;6;89;4082,04072;4082,56000;UP
2026-07-09 03:07:00;M1;6;89;4081,72698;4080,10000;DOWN
2026-07-09 03:13:00;M1;6;21;4079,12180;4085,18000;UP
2026-07-09 03:22:00;M1;6;89;4081,26129;4078,42000;DOWN
2026-07-09 03:25:00;M1;6;55;4076,77681;4074,83000;DOWN
2026-07-09 03:36:00;M1;6;21;4080,61287;4081,11000;UP
2026-07-09 03:37:00;M1;6;89;4080,52427;4080,36000;DOWN
2026-07-09 03:47:00;M1;6;55;4077,46622;4077,88000;UP
2026-07-09 03:49:00;M1;6;55;4077,46537;4077,32000;DOWN
2026-07-09 04:11:00;M1;6;21;4074,39523;4075,45000;UP
2026-07-09 04:20:00;M1;6;21;4072,72347;4071,98000;DOWN
2026-07-09 04:25:00;M1;6;21;4071,65919;4072,31000;UP
2026-07-09 04:31:00;M1;6;21;4070,75720;4065,53000;DOWN
2026-07-09 04:37:00;M1;6;21;4070,28163;4073,17000;UP
2026-07-09 04:46:00;M1;6;55;4074,50751;4075,83000;UP
2026-07-09 04:43:00;M1;6;34;4072,56191;4072,02000;DOWN
2026-07-09 04:49:00;M1;6;34;4071,97082;4073,74000;UP
2026-07-09 04:49:00;M1;6;55;4074,14066;4073,74000;DOWN
2026-07-09 04:56:00;M1;6;21;4070,73542;4070,81000;UP
2026-07-09 04:55:00;M1;6;34;4071,55001;4070,73000;DOWN
2026-07-09 05:01:00;M1;6;34;4071,35136;4074,19000;UP
2026-07-09 05:33:00;M1;6;89;4074,62686;4074,30000;DOWN
2026-07-09 05:38:00;M1;6;55;4074,04553;4074,14000;UP
2026-07-09 05:43:00;M1;6;55;4073,89393;4071,35000;DOWN
2026-07-09 06:25:00;M1;6;21;4058,88918;4059,57000;UP
2026-07-09 06:44:00;M1;6;34;4060,76883;4061,91000;UP
2026-07-09 06:59:00;M1;6;55;4062,91774;4064,12000;UP
2026-07-09 07:01:00;M1;6;55;4062,31070;4061,48000;DOWN
2026-07-09 07:08:00;M1;6;55;4061,78278;4061,84000;UP
2026-07-09 07:14:00;M1;6;55;4061,16668;4060,48000;DOWN
2026-07-09 07:22:00;M1;6;21;4060,46709;4060,91000;UP
2026-07-09 07:25:00;M1;6;55;4059,92212;4059,53000;DOWN
2026-07-09 07:31:00;M1;6;21;4060,49789;4062,83000;UP
2026-07-09 07:41:00;M1;6;89;4062,29982;4060,97000;DOWN
2026-07-09 07:47:00;M1;6;55;4058,30203;4058,81000;UP
2026-07-09 07:43:00;M1;6;34;4057,81145;4056,77000;DOWN
2026-07-09 07:49:00;M1;6;21;4060,34124;4061,43000;UP
2026-07-09 08:20:00;M1;6;21;4067,73431;4067,51000;DOWN
2026-07-09 08:26:00;M1;6;21;4069,63551;4070,10000;UP
2026-07-09 08:31:00;M1;6;34;4066,64788;4066,10000;DOWN
2026-07-09 08:38:00;M1;6;21;4072,64706;4074,78000;UP
2026-07-09 08:46:00;M1;6;21;4074,28878;4074,24000;DOWN
2026-07-09 08:49:00;M1;6;21;4076,13142;4079,47000;UP
2026-07-09 09:37:00;M1;6;21;4102,98700;4102,88000;DOWN
2026-07-09 10:04:00;M1;6;34;4106,33347;4106,23000;DOWN
2026-07-09 10:27:00;M1;6;55;4105,45144;4105,11000;DOWN
2026-07-09 10:35:00;M1;6;55;4107,41876;4107,85000;UP
2026-07-09 10:42:00;M1;6;21;4109,66001;4109,82000;UP
2026-07-09 10:37:00;M1;6;55;4109,23377;4107,72000;DOWN
2026-07-09 10:43:00;M1;6;21;4109,60405;4108,63000;DOWN
2026-07-09 10:49:00;M1;6;21;4109,70051;4110,49000;UP
2026-07-09 10:55:00;M1;6;21;4109,68587;4106,83000;DOWN
2026-07-09 11:08:00;M1;6;21;4109,38751;4109,96000;UP
2026-07-09 11:13:00;M1;6;21;4109,57690;4105,45000;DOWN
2026-07-09 11:20:00;M1;6;21;4110,49201;4112,37000;UP
2026-07-09 11:31:00;M1;6;34;4114,16615;4113,68000;DOWN
2026-07-09 11:37:00;M1;6;21;4113,59281;4113,69000;UP
2026-07-09 11:45:00;M1;6;89;4112,44991;4111,15000;DOWN
2026-07-09 12:18:00;M1;6;21;4110,59625;4111,66000;UP
2026-07-09 12:22:00;M1;6;21;4109,70290;4108,55000;DOWN
2026-07-09 12:53:00;M1;6;21;4105,44735;4105,66000;UP
2026-07-09 13:00:00;M1;6;21;4104,93053;4104,92000;DOWN
2026-07-09 13:01:00;M1;6;21;4104,89531;4107,70000;UP
2026-07-09 13:07:00;M1;6;34;4106,68093;4106,04000;DOWN
2026-07-09 13:14:00;M1;6;21;4105,12235;4105,01000;DOWN
2026-07-09 13:20:00;M1;6;21;4105,09514;4105,33000;UP
2026-07-09 13:25:00;M1;6;21;4104,91278;4104,75000;DOWN
2026-07-09 13:38:00;M1;6;21;4104,52462;4104,75000;UP
2026-07-09 13:43:00;M1;6;34;4104,10477;4104,09000;DOWN
2026-07-09 14:01:00;M1;6;21;4100,39193;4101,96000;UP
2026-07-09 14:08:00;M1;6;34;4101,09535;4100,70000;DOWN
2026-07-09 14:13:00;M1;6;34;4100,98914;4103,94000;UP
2026-07-09 14:23:00;M1;6;55;4103,12513;4100,64000;DOWN
2026-07-09 14:25:00;M1;6;21;4100,61519;4100,64000;UP
2026-07-09 14:32:00;M1;6;55;4102,04016;4102,49000;UP
2026-07-09 14:35:00;M1;6;34;4100,48277;4099,41000;DOWN
2026-07-09 14:38:00;M1;6;21;4100,97122;4103,24000;UP
2026-07-09 14:37:00;M1;6;55;4101,74433;4100,88000;DOWN
2026-07-09 14:43:00;M1;6;55;4101,61342;4107,63000;UP
2026-07-09 15:02:00;M1;6;89;4109,56030;4109,74000;UP
2026-07-09 15:19:00;M1;6;89;4108,95888;4108,01000;DOWN
2026-07-09 15:30:00;M1;6;34;4107,40070;4108,31000;UP
2026-07-09 15:33:00;M1;6;21;4112,05740;4114,08000;UP
2026-07-09 15:43:00;M1;6;21;4114,24939;4113,73000;DOWN
2026-07-09 15:52:00;M1;6;34;4112,27488;4111,08000;DOWN
2026-07-09 15:58:00;M1;6;89;4109,09957;4108,78000;DOWN
2026-07-09 16:06:00;M1;6;34;4113,40324;4114,05000;UP
2026-07-09 16:08:00;M1;6;21;4114,46251;4116,57000;UP
2026-07-09 16:07:00;M1;6;34;4114,08247;4112,73000;DOWN
2026-07-09 16:13:00;M1;6;34;4115,34996;4120,06000;UP
2026-07-09 16:31:00;M1;6;21;4123,00569;4121,97000;DOWN
2026-07-09 16:38:00;M1;6;21;4124,43500;4127,06000;UP
2026-07-09 16:46:00;M1;6;34;4123,09385;4122,47000;DOWN
2026-07-09 16:51:00;M1;6;34;4124,01656;4125,35000;UP
2026-07-09 16:54:00;M1;6;55;4119,63026;4118,73000;DOWN
2026-07-09 17:00:00;M1;6;21;4126,40189;4127,28000;UP
2026-07-09 16:55:00;M1;6;34;4124,70440;4119,65000;DOWN
2026-07-09 17:01:00;M1;6;34;4125,88040;4128,72000;UP
2026-07-09 17:10:00;M1;6;55;4123,34444;4121,62000;DOWN
2026-07-09 17:15:00;M1;6;89;4117,64110;4116,91000;DOWN
2026-07-09 17:22:00;M1;6;89;4118,41641;4118,61000;UP
2026-07-09 17:35:00;M1;6;21;4125,47926;4126,54000;UP
2026-07-09 17:37:00;M1;6;55;4126,97784;4123,38000;DOWN
2026-07-09 17:54:00;M1;6;21;4123,96095;4124,02000;UP
2026-07-09 17:49:00;M1;6;89;4122,01550;4119,52000;DOWN
2026-07-09 17:58:00;M1;6;34;4126,82119;4126,89000;UP
2026-07-09 17:56:00;M1;6;21;4123,84714;4123,25000;DOWN
2026-07-09 18:01:00;M1;6;21;4123,98293;4126,42000;UP
2026-07-09 18:01:00;M1;6;34;4126,62915;4126,42000;DOWN
2026-07-09 18:07:00;M1;6;34;4126,49286;4128,19000;UP
2026-07-09 18:07:00;M1;6;55;4128,53584;4128,19000;DOWN
2026-07-09 18:13:00;M1;6;34;4126,43976;4125,71000;DOWN
2026-07-09 18:19:00;M1;6;34;4126,58219;4127,43000;UP
2026-07-09 18:25:00;M1;6;55;4129,35908;4128,86000;DOWN
2026-07-09 18:33:00;M1;6;34;4126,97929;4126,83000;DOWN
2026-07-09 18:38:00;M1;6;21;4127,80913;4129,83000;UP
2026-07-09 18:37:00;M1;6;89;4127,28289;4126,85000;DOWN
2026-07-09 18:43:00;M1;6;89;4127,93569;4130,35000;UP
2026-07-09 18:44:00;M1;6;55;4130,16252;4130,11000;DOWN
2026-07-09 18:51:00;M1;6;55;4130,36491;4131,17000;UP
2026-07-09 18:53:00;M1;6;89;4128,54489;4127,69000;DOWN
2026-07-09 18:55:00;M1;6;55;4130,47287;4126,81000;DOWN
2026-07-09 19:01:00;M1;6;21;4129,14569;4129,47000;UP
2026-07-09 19:10:00;M1;6;89;4130,05921;4130,20000;UP
2026-07-09 19:07:00;M1;6;34;4128,67484;4127,61000;DOWN
2026-07-09 19:13:00;M1;6;21;4129,53694;4130,87000;UP
2026-07-09 19:14:00;M1;6;89;4130,53933;4130,16000;DOWN
2026-07-09 19:19:00;M1;6;55;4130,71875;4129,53000;DOWN
2026-07-09 19:28:00;M1;6;21;4130,42665;4131,27000;UP
2026-07-09 19:38:00;M1;6;89;4132,39903;4132,39000;DOWN
2026-07-09 19:43:00;M1;6;89;4132,86693;4133,86000;UP
2026-07-09 19:47:00;M1;6;21;4132,74712;4132,35000;DOWN
2026-07-09 19:49:00;M1;6;89;4133,30968;4131,15000;DOWN
2026-07-09 20:28:00;M1;6;21;4128,45874;4128,72000;UP
2026-07-09 20:32:00;M1;6;55;4131,89073;4129,37000;DOWN
2026-07-09 20:37:00;M1;6;34;4130,53841;4132,89000;UP
2026-07-09 20:46:00;M1;6;89;4134,42282;4134,84000;UP
2026-07-09 21:01:00;M1;6;89;4134,98362;4134,17000;DOWN
2026-07-09 21:43:00;M1;6;21;4124,59608;4124,64000;UP
2026-07-09 21:51:00;M1;6;21;4123,30673;4123,07000;DOWN
2026-07-09 21:55:00;M1;6;21;4122,43989;4123,24000;UP
2026-07-09 22:07:00;M1;6;34;4124,70485;4125,23000;UP
2026-07-09 22:13:00;M1;6;34;4124,02591;4123,26000;DOWN
2026-07-09 22:19:00;M1;6;34;4123,38050;4123,82000;UP
2026-07-09 22:24:00;M1;6;21;4121,94336;4121,92000;DOWN
2026-07-09 22:25:00;M1;6;34;4122,64930;4121,27000;DOWN
2026-07-09 22:35:00;M1;6;21;4121,64026;4121,70000;UP
2026-07-09 22:37:00;M1;6;34;4121,28612;4120,77000;DOWN
2026-07-09 22:48:00;M1;6;21;4120,86403;4121,97000;UP
2026-07-09 23:00:00;M1;6;55;4122,67925;4123,41000;UP
2026-07-09 23:01:00;M1;6;55;4122,15796;4122,13000;DOWN
2026-07-09 23:07:00;M1;6;55;4121,66118;4121,80000;UP
2026-07-09 23:13:00;M1;6;55;4121,19336;4121,11000;DOWN
2026-07-09 23:19:00;M1;6;55;4120,77317;4121,75000;UP
2026-07-09 23:27:00;M1;6;21;4120,83918;4120,71000;DOWN
2026-07-09 23:32:00;M1;6;21;4121,24917;4121,43000;UP
2026-07-09 23:39:00;M1;6;89;4124,22877;4123,84000;DOWN
2026-07-09 23:43:00;M1;6;89;4123,87544;4124,30000;UP
2026-07-09 23:50:00;M1;6;89;4123,55517;4123,35000;DOWN
2026-07-09 23:55:00;M1;6;89;4123,26997;4124,33000;UP
2026-07-10 01:09:00;M1;6;89;4122,81072;4122,61000;DOWN
2026-07-10 01:16:00;M1;6;21;4124,33655;4124,53000;UP
2026-07-10 01:20:00;M1;6;34;4123,17161;4122,81000;DOWN
2026-07-10 01:26:00;M1;6;21;4124,32421;4124,38000;UP
2026-07-10 01:31:00;M1;6;34;4123,58523;4123,13000;DOWN
2026-07-10 01:39:00;M1;6;21;4123,97042;4123,99000;UP
2026-07-10 01:43:00;M1;6;34;4123,74735;4123,32000;DOWN
2026-07-10 01:59:00;M1;6;55;4121,86554;4121,68000;DOWN
2026-07-10 02:04:00;M1;6;21;4122,78569;4123,31000;UP
2026-07-10 02:10:00;M1;6;34;4123,44926;4123,32000;DOWN
2026-07-10 02:13:00;M1;6;34;4123,42764;4124,15000;UP
2026-07-10 02:24:00;M1;6;55;4122,39435;4122,37000;DOWN
2026-07-10 02:26:00;M1;6;21;4122,73173;4123,01000;UP
2026-07-10 02:31:00;M1;6;55;4122,58138;4121,43000;DOWN
2026-07-10 02:37:00;M1;6;21;4122,59684;4122,84000;UP
2026-07-10 02:46:00;M1;6;34;4122,95150;4123,72000;UP
2026-07-10 02:43:00;M1;6;55;4122,73917;4122,68000;DOWN
2026-07-10 02:49:00;M1;6;21;4122,83306;4124,05000;UP
2026-07-10 03:00:00;M1;6;89;4121,17742;4120,88000;DOWN
2026-07-10 03:03:00;M1;6;21;4123,21623;4123,37000;UP
2026-07-10 03:07:00;M1;6;55;4123,02919;4122,19000;DOWN
2026-07-10 03:17:00;M1;6;21;4123,16959;4123,47000;UP
2026-07-10 03:16:00;M1;6;89;4121,37460;4121,35000;DOWN
2026-07-10 03:21:00;M1;6;89;4121,42066;4121,70000;UP
2026-07-10 03:19:00;M1;6;55;4123,04587;4120,86000;DOWN
2026-07-10 03:25:00;M1;6;89;4121,42414;4118,77000;DOWN
2026-07-10 03:42:00;M1;6;21;4120,69865;4121,92000;UP
2026-07-10 03:43:00;M1;6;55;4122,16829;4123,07000;UP
2026-07-10 04:03:00;M1;6;89;4121,24687;4120,85000;DOWN
2026-07-10 04:07:00;M1;6;21;4121,61454;4121,98000;UP
2026-07-10 04:21:00;M1;6;21;4122,54191;4122,35000;DOWN
2026-07-10 04:25:00;M1;6;89;4121,48979;4121,07000;DOWN
2026-07-10 04:31:00;M1;6;34;4121,95287;4122,25000;UP
2026-07-10 04:37:00;M1;6;89;4121,40294;4119,78000;DOWN
2026-07-10 04:56:00;M1;6;21;4116,72512;4118,32000;UP
2026-07-10 05:01:00;M1;6;34;4118,16923;4117,01000;DOWN
2026-07-10 05:07:00;M1;6;34;4118,35821;4120,17000;UP
2026-07-10 05:37:00;M1;6;21;4123,93128;4122,60000;DOWN
2026-07-10 05:43:00;M1;6;21;4125,03513;4125,91000;UP
2026-07-10 05:49:00;M1;6;21;4126,22364;4125,72000;DOWN
2026-07-10 05:59:00;M1;6;21;4127,30790;4127,80000;UP
2026-07-10 06:10:00;M1;6;21;4129,10494;4128,92000;DOWN
2026-07-10 06:14:00;M1;6;34;4126,75223;4126,53000;DOWN
2026-07-10 06:24:00;M1;6;89;4122,70808;4122,31000;DOWN
2026-07-10 06:26:00;M1;6;55;4124,79690;4124,90000;UP
2026-07-10 06:31:00;M1;6;55;4125,14497;4123,81000;DOWN
2026-07-10 06:38:00;M1;6;89;4123,47377;4123,05000;DOWN
2026-07-10 07:14:00;M1;6;21;4119,49370;4120,93000;UP
2026-07-10 07:20:00;M1;6;21;4118,11227;4117,65000;DOWN
2026-07-10 07:29:00;M1;6;21;4116,96646;4117,54000;UP
2026-07-10 07:38:00;M1;6;34;4118,83242;4119,37000;UP
2026-07-10 07:45:00;M1;6;34;4118,02881;4116,90000;DOWN
2026-07-10 07:52:00;M1;6;34;4117,33269;4117,42000;UP
2026-07-10 07:56:00;M1;6;34;4116,62155;4115,97000;DOWN
2026-07-10 08:06:00;M1;6;21;4115,14048;4115,25000;UP
2026-07-10 08:07:00;M1;6;34;4115,12571;4116,28000;UP
2026-07-10 08:08:00;M1;6;21;4114,62731;4114,13000;DOWN
2026-07-10 08:13:00;M1;6;21;4114,38853;4114,54000;UP
2026-07-10 08:13:00;M1;6;34;4114,54006;4114,54000;DOWN
2026-07-10 08:19:00;M1;6;34;4113,99614;4117,04000;UP
2026-07-10 08:23:00;M1;6;21;4114,12848;4113,58000;DOWN
2026-07-10 08:25:00;M1;6;21;4113,86293;4115,99000;UP
2026-07-10 08:30:00;M1;6;34;4113,54799;4110,77000;DOWN
2026-07-10 08:32:00;M1;6;34;4113,18009;4113,48000;UP
2026-07-10 08:31:00;M1;6;21;4113,57581;4111,60000;DOWN
2026-07-10 08:37:00;M1;6;34;4112,72284;4110,01000;DOWN
2026-07-10 08:44:00;M1;6;21;4112,07359;4114,04000;UP
2026-07-10 08:52:00;M1;6;55;4113,78117;4114,03000;UP
2026-07-10 09:01:00;M1;6;89;4116,78784;4117,06000;UP
2026-07-10 09:12:00;M1;6;89;4116,47235;4115,92000;DOWN
2026-07-10 09:17:00;M1;6;89;4116,20781;4117,59000;UP
2026-07-10 09:15:00;M1;6;21;4114,69252;4114,56000;DOWN
2026-07-10 09:19:00;M1;6;21;4115,65465;4119,88000;UP
2026-07-10 09:28:00;M1;6;89;4115,75270;4114,92000;DOWN
2026-07-10 09:32:00;M1;6;34;4114,09684;4112,81000;DOWN
2026-07-10 09:37:00;M1;6;34;4114,19308;4115,05000;UP
2026-07-10 09:42:00;M1;6;55;4112,67222;4112,35000;DOWN
2026-07-10 09:47:00;M1;6;55;4112,61154;4113,95000;UP
2026-07-10 09:43:00;M1;6;89;4114,94966;4111,36000;DOWN
2026-07-10 09:55:00;M1;6;55;4112,41922;4112,27000;DOWN
2026-07-10 10:03:00;M1;6;55;4112,29362;4112,82000;UP
2026-07-10 10:07:00;M1;6;55;4112,10167;4111,80000;DOWN
2026-07-10 10:13:00;M1;6;21;4111,94015;4112,07000;UP
2026-07-10 10:19:00;M1;6;34;4112,95136;4114,10000;UP
2026-07-10 10:29:00;M1;6;89;4112,45947;4112,40000;DOWN
2026-07-10 10:31:00;M1;6;34;4112,47988;4114,13000;UP
2026-07-10 10:38:00;M1;6;89;4111,83598;4111,63000;DOWN
2026-07-10 10:59:00;M1;6;21;4108,42646;4108,91000;UP
2026-07-10 11:01:00;M1;6;21;4107,57495;4105,50000;DOWN
2026-07-10 11:07:00;M1;6;21;4106,85513;4107,03000;UP
2026-07-10 11:19:00;M1;6;34;4106,97469;4107,62000;UP
2026-07-10 11:24:00;M1;6;21;4105,64232;4105,16000;DOWN
2026-07-10 11:28:00;M1;6;21;4105,00376;4105,17000;UP
2026-07-10 11:25:00;M1;6;34;4106,30382;4104,68000;DOWN
2026-07-10 11:32:00;M1;6;21;4104,14991;4103,63000;DOWN
2026-07-10 12:03:00;M1;6;21;4097,91548;4098,48000;UP
2026-07-10 12:07:00;M1;6;34;4098,82417;4099,31000;UP
2026-07-10 12:11:00;M1;6;21;4096,93239;4096,93000;DOWN
2026-07-10 12:13:00;M1;6;21;4096,56733;4099,49000;UP
2026-07-10 12:20:00;M1;6;55;4100,14348;4099,82000;DOWN
2026-07-10 12:25:00;M1;6;55;4099,57275;4102,67000;UP
2026-07-10 12:35:00;M1;6;89;4101,71826;4101,23000;DOWN
2026-07-10 12:39:00;M1;6;89;4101,26350;4101,29000;UP
2026-07-10 13:19:00;M1;6;21;4107,22397;4107,18000;DOWN
2026-07-10 13:25:00;M1;6;21;4108,37589;4108,58000;UP
2026-07-10 13:31:00;M1;6;21;4109,21912;4109,06000;DOWN
2026-07-10 13:46:00;M1;6;34;4107,27461;4107,11000;DOWN
2026-07-10 13:51:00;M1;6;34;4107,99023;4108,02000;UP
2026-07-10 13:55:00;M1;6;34;4108,37549;4108,03000;DOWN
2026-07-10 14:24:00;M1;6;21;4107,41218;4107,58000;UP
2026-07-10 14:29:00;M1;6;89;4101,73141;4100,20000;DOWN
2026-07-10 14:31:00;M1;6;89;4101,75336;4101,98000;UP
2026-07-10 14:42:00;M1;6;21;4103,23189;4104,60000;UP
2026-07-10 14:37:00;M1;6;89;4101,73020;4098,72000;DOWN
2026-07-10 14:44:00;M1;6;34;4105,95455;4106,67000;UP
2026-07-10 14:54:00;M1;6;55;4105,63963;4105,30000;DOWN
2026-07-10 14:58:00;M1;6;21;4102,45307;4102,23000;DOWN
2026-07-10 15:01:00;M1;6;21;4102,36616;4103,37000;UP
2026-07-10 15:08:00;M1;6;89;4101,94197;4101,75000;DOWN
2026-07-10 15:13:00;M1;6;21;4103,20333;4115,90000;UP
2026-07-10 15:27:00;M1;6;55;4105,77110;4103,73000;DOWN
2026-07-10 15:31:00;M1;6;34;4104,36166;4104,94000;UP
2026-07-10 15:34:00;M1;6;89;4102,74409;4101,98000;DOWN
2026-07-10 15:37:00;M1;6;34;4104,03096;4098,73000;DOWN
2026-07-10 15:51:00;M1;6;21;4103,18582;4104,27000;UP
2026-07-10 15:55:00;M1;6;89;4102,95054;4100,11000;DOWN
2026-07-10 16:01:00;M1;6;21;4101,68517;4104,81000;UP
2026-07-10 16:10:00;M1;6;89;4102,88173;4102,72000;DOWN
2026-07-10 16:13:00;M1;6;55;4103,20158;4105,30000;UP
2026-07-10 16:18:00;M1;6;34;4101,85617;4100,95000;DOWN
2026-07-10 16:19:00;M1;6;21;4100,58299;4102,11000;UP
2026-07-10 16:19:00;M1;6;89;4102,77329;4102,11000;DOWN
2026-07-10 16:25:00;M1;6;34;4100,59898;4097,65000;DOWN
2026-07-10 16:31:00;M1;6;21;4096,33071;4096,34000;UP
2026-07-10 16:40:00;M1;6;34;4097,78518;4097,96000;UP
2026-07-10 16:37:00;M1;6;21;4094,72602;4093,35000;DOWN
2026-07-10 16:43:00;M1;6;21;4094,16094;4102,09000;UP
2026-07-10 16:56:00;M1;6;89;4100,70986;4099,62000;DOWN
2026-07-10 17:01:00;M1;6;55;4098,47701;4099,09000;UP
2026-07-10 17:11:00;M1;6;89;4100,28184;4099,38000;DOWN
2026-07-10 17:13:00;M1;6;89;4100,09871;4102,92000;UP
2026-07-10 17:16:00;M1;6;21;4098,74887;4098,68000;DOWN
2026-07-10 17:19:00;M1;6;21;4099,97768;4104,30000;UP
2026-07-10 17:32:00;M1;6;89;4099,81404;4087,60000;DOWN
2026-07-10 17:42:00;M1;6;34;4098,37295;4098,98000;UP
2026-07-10 17:43:00;M1;6;21;4100,10687;4100,35000;UP
2026-07-10 17:55:00;M1;6;89;4098,95946;4098,45000;DOWN
2026-07-10 18:03:00;M1;6;21;4098,11312;4098,52000;UP
2026-07-10 18:14:00;M1;6;89;4098,23580;4097,47000;DOWN
2026-07-10 18:19:00;M1;6;34;4098,70665;4099,72000;UP
2026-07-10 19:07:00;M1;6;21;4111,32482;4109,67000;DOWN
2026-07-10 19:16:00;M1;6;21;4112,34668;4112,88000;UP
2026-07-10 19:20:00;M1;6;34;4109,32813;4108,50000;DOWN
2026-07-10 19:27:00;M1;6;21;4113,54737;4113,68000;UP
2026-07-10 19:31:00;M1;6;21;4114,23223;4114,13000;DOWN
2026-07-10 19:39:00;M1;6;34;4112,68379;4112,35000;DOWN
2026-07-10 19:45:00;M1;6;55;4108,99375;4108,68000;DOWN
2026-07-10 19:59:00;M1;6;89;4105,17207;4104,49000;DOWN
2026-07-10 20:20:00;M1;6;21;4105,58514;4106,13000;UP
2026-07-10 20:25:00;M1;6;89;4106,51705;4104,69000;DOWN
2026-07-10 20:31:00;M1;6;21;4104,14228;4106,63000;UP
2026-07-10 20:46:00;M1;6;21;4103,20579;4103,17000;DOWN
2026-07-10 20:49:00;M1;6;21;4102,93344;4103,31000;UP
2026-07-10 20:56:00;M1;6;21;4102,47063;4102,43000;DOWN
2026-07-10 21:04:00;M1;6;21;4102,04930;4102,65000;UP
2026-07-10 21:10:00;M1;6;34;4103,30087;4104,12000;UP
2026-07-10 21:18:00;M1;6;34;4102,72558;4102,24000;DOWN
2026-07-10 21:19:00;M1;6;34;4102,26492;4103,19000;UP
2026-07-10 21:31:00;M1;6;21;4102,02974;4101,77000;DOWN
2026-07-10 21:37:00;M1;6;21;4101,78150;4101,88000;UP
2026-07-10 21:38:00;M1;6;34;4101,43921;4100,94000;DOWN
2026-07-10 21:43:00;M1;6;21;4101,26619;4099,02000;DOWN
2026-07-10 21:54:00;M1;6;21;4100,67852;4101,18000;UP
2026-07-10 22:00:00;M1;6;34;4100,20066;4099,96000;DOWN
2026-07-10 22:07:00;M1;6;21;4099,40475;4101,52000;UP
2026-07-10 22:14:00;M1;6;55;4101,14369;4101,58000;UP
2026-07-10 22:48:00;M1;6;89;4103,73295;4104,95000;UP
2026-07-10 23:25:00;M1;6;21;4112,07732;4111,48000;DOWN
2026-07-10 23:43:00;M1;6;34;4111,35297;4111,09000;DOWN
2026-07-10 23:53:00;M1;6;21;4115,45578;4119,04000;UP
2026-07-13 01:01:00;M1;6;89;4106,68110;4095,73000;DOWN
2026-07-13 01:37:00;M1;6;21;4081,66386;4081,76000;UP
2026-07-13 01:47:00;M1;6;21;4077,40440;4076,42000;DOWN
2026-07-13 01:49:00;M1;6;21;4073,84236;4078,25000;UP
2026-07-13 02:21:00;M1;6;34;4070,16654;4071,03000;UP
2026-07-13 02:39:00;M1;6;55;4076,31481;4077,24000;UP
2026-07-13 02:57:00;M1;6;89;4082,46987;4083,71000;UP
2026-07-13 03:16:00;M1;6;21;4083,43112;4082,25000;DOWN
2026-07-13 03:26:00;M1;6;89;4078,98181;4076,74000;DOWN
2026-07-13 03:33:00;M1;6;55;4070,48198;4069,53000;DOWN
2026-07-13 03:42:00;M1;6;55;4070,03723;4073,06000;UP
2026-07-13 03:49:00;M1;6;55;4069,31439;4069,03000;DOWN
2026-07-13 03:55:00;M1;6;21;4074,23047;4075,01000;UP
2026-07-13 04:01:00;M1;6;89;4073,48162;4066,82000;DOWN
2026-07-13 04:07:00;M1;6;21;4072,24125;4079,32000;UP
2026-07-13 04:17:00;M1;6;34;4075,49425;4073,17000;DOWN
2026-07-13 04:25:00;M1;6;34;4075,13919;4078,06000;UP
2026-07-13 04:54:00;M1;6;34;4077,80005;4074,07000;DOWN
2026-07-13 04:55:00;M1;6;55;4074,09286;4070,33000;DOWN
2026-07-13 05:26:00;M1;6;89;4068,54645;4067,61000;DOWN
2026-07-13 05:33:00;M1;6;21;4071,45883;4071,65000;UP
2026-07-13 05:40:00;M1;6;55;4073,25338;4071,65000;DOWN
2026-07-13 05:47:00;M1;6;21;4069,63193;4069,10000;DOWN
2026-07-13 05:49:00;M1;6;21;4069,27378;4069,42000;UP
2026-07-13 06:00:00;M1;6;89;4067,90696;4066,81000;DOWN
2026-07-13 06:22:00;M1;6;21;4061,37129;4061,58000;UP
2026-07-13 06:26:00;M1;6;21;4059,86932;4059,30000;DOWN
2026-07-13 06:31:00;M1;6;21;4058,43048;4059,44000;UP
2026-07-13 06:47:00;M1;6;34;4059,19516;4059,21000;UP
2026-07-13 07:10:00;M1;6;34;4055,86093;4055,08000;DOWN
2026-07-13 07:17:00;M1;6;21;4055,57836;4056,06000;UP
2026-07-13 07:28:00;M1;6;21;4055,01331;4053,87000;DOWN
2026-07-13 07:31:00;M1;6;21;4054,83206;4055,87000;UP
2026-07-13 07:41:00;M1;6;55;4054,61095;4054,16000;DOWN
2026-07-13 07:45:00;M1;6;21;4054,18625;4054,68000;UP
2026-07-13 07:49:00;M1;6;21;4053,88104;4053,20000;DOWN
2026-07-13 07:55:00;M1;6;21;4054,11245;4056,10000;UP
2026-07-13 08:23:00;M1;6;21;4061,69885;4061,35000;DOWN
2026-07-13 08:25:00;M1;6;21;4062,62150;4063,27000;UP
2026-07-13 08:29:00;M1;6;34;4058,15152;4058,15000;DOWN
2026-07-13 08:33:00;M1;6;34;4059,06645;4060,10000;UP
2026-07-13 08:31:00;M1;6;21;4063,34374;4057,17000;DOWN
2026-07-13 08:37:00;M1;6;21;4063,87563;4064,86000;UP
2026-07-13 08:46:00;M1;6;34;4060,57033;4060,02000;DOWN
2026-07-13 08:49:00;M1;6;34;4061,04236;4062,44000;UP
2026-07-13 08:59:00;M1;6;89;4054,58860;4053,79000;DOWN
2026-07-13 09:02:00;M1;6;89;4054,31681;4054,49000;UP
2026-07-13 09:07:00;M1;6;89;4053,96956;4049,17000;DOWN
2026-07-13 09:19:00;M1;6;21;4052,87793;4053,49000;UP
2026-07-13 09:25:00;M1;6;34;4056,81907;4058,75000;UP
2026-07-13 09:51:00;M1;6;55;4055,73765;4055,18000;DOWN
2026-07-13 09:57:00;M1;6;89;4052,54209;4052,52000;DOWN
2026-07-13 10:03:00;M1;6;89;4052,49158;4053,01000;UP
2026-07-13 10:08:00;M1;6;21;4055,99754;4059,22000;UP
2026-07-13 10:13:00;M1;6;55;4055,81669;4054,89000;DOWN
2026-07-13 10:19:00;M1;6;21;4056,58927;4057,04000;UP
2026-07-13 10:30:00;M1;6;21;4056,96963;4056,57000;DOWN
2026-07-13 10:32:00;M1;6;21;4057,64358;4058,32000;UP
2026-07-13 10:44:00;M1;6;34;4057,33053;4057,32000;DOWN
2026-07-13 10:54:00;M1;6;21;4059,60836;4061,39000;UP
2026-07-13 10:50:00;M1;6;55;4056,71855;4056,38000;DOWN
2026-07-13 10:55:00;M1;6;55;4057,06328;4061,40000;UP
2026-07-13 11:31:00;M1;6;21;4075,34613;4074,24000;DOWN
2026-07-13 11:46:00;M1;6;34;4073,32991;4072,27000;DOWN
2026-07-13 11:49:00;M1;6;34;4074,92155;4076,16000;UP
2026-07-13 11:55:00;M1;6;34;4076,25242;4075,64000;DOWN
2026-07-13 12:13:00;M1;6;55;4073,63023;4072,88000;DOWN
2026-07-13 12:25:00;M1;6;21;4076,16957;4076,18000;UP
2026-07-13 12:31:00;M1;6;55;4075,91823;4072,34000;DOWN
2026-07-13 12:49:00;M1;6;21;4072,08291;4072,79000;UP
2026-07-13 12:50:00;M1;6;89;4070,52866;4070,12000;DOWN
2026-07-13 12:55:00;M1;6;89;4071,03874;4072,03000;UP
2026-07-13 12:56:00;M1;6;21;4071,03850;4069,48000;DOWN
2026-07-13 13:04:00;M1;6;21;4070,12145;4070,14000;UP
2026-07-13 13:01:00;M1;6;89;4071,49751;4068,26000;DOWN
2026-07-13 13:09:00;M1;6;21;4069,15284;4068,99000;DOWN
2026-07-13 13:19:00;M1;6;21;4067,68900;4068,26000;UP
2026-07-13 13:26:00;M1;6;21;4066,88357;4065,11000;DOWN
2026-07-13 13:32:00;M1;6;21;4066,25029;4066,71000;UP
2026-07-13 13:37:00;M1;6;34;4067,56186;4067,67000;UP
2026-07-13 13:41:00;M1;6;21;4064,27786;4053,17000;DOWN
2026-07-13 13:43:00;M1;6;34;4065,33766;4054,09000;DOWN
2026-07-13 13:55:00;M1;6;21;4056,74740;4059,16000;UP
2026-07-13 14:01:00;M1;6;34;4060,09826;4060,95000;UP
2026-07-13 14:31:00;M1;6;55;4063,38764;4064,47000;UP
2026-07-13 14:48:00;M1;6;55;4062,41256;4061,36000;DOWN
2026-07-13 14:49:00;M1;6;55;4061,79352;4063,06000;UP
2026-07-13 14:52:00;M1;6;34;4059,53794;4057,34000;DOWN
2026-07-13 14:55:00;M1;6;55;4061,09135;4057,43000;DOWN
2026-07-13 15:01:00;M1;6;34;4058,94811;4059,31000;UP
2026-07-13 15:07:00;M1;6;34;4058,52789;4056,18000;DOWN
2026-07-13 15:16:00;M1;6;21;4058,96344;4059,20000;UP
2026-07-13 15:20:00;M1;6;55;4058,44216;4058,10000;DOWN
2026-07-13 15:25:00;M1;6;21;4058,35735;4061,78000;UP
2026-07-13 15:43:00;M1;6;89;4063,22963;4063,86000;UP
2026-07-13 16:03:00;M1;6;89;4062,37988;4061,71000;DOWN
2026-07-13 16:08:00;M1;6;34;4062,09953;4064,58000;UP
2026-07-13 16:13:00;M1;6;89;4061,85042;4061,74000;DOWN
2026-07-13 16:22:00;M1;6;34;4062,18241;4062,66000;UP
2026-07-13 16:28:00;M1;6;21;4063,29388;4064,97000;UP
2026-07-13 16:25:00;M1;6;34;4062,20834;4061,48000;DOWN
2026-07-13 16:31:00;M1;6;34;4062,18625;4062,19000;UP
2026-07-13 16:33:00;M1;6;89;4061,06177;4057,85000;DOWN
2026-07-13 16:37:00;M1;6;34;4061,96302;4058,18000;DOWN
2026-07-13 17:25:00;M1;6;21;4025,14362;4025,17000;UP
2026-07-13 17:31:00;M1;6;21;4017,69497;4005,94000;DOWN
2026-07-13 17:44:00;M1;6;21;4004,13980;4005,45000;UP
2026-07-13 17:56:00;M1;6;34;4010,11864;4011,26000;UP
2026-07-13 18:19:00;M1;6;55;4013,79529;4019,16000;UP
2026-07-13 18:47:00;M1;6;21;4012,61560;4012,45000;DOWN
2026-07-13 18:53:00;M1;6;21;4013,71934;4013,83000;UP
2026-07-13 18:55:00;M1;6;21;4014,54890;4013,57000;DOWN
2026-07-13 19:01:00;M1;6;21;4015,26867;4015,93000;UP
2026-07-13 19:07:00;M1;6;21;4015,83046;4014,17000;DOWN
2026-07-13 19:17:00;M1;6;89;4012,27053;4012,14000;DOWN
2026-07-13 19:19:00;M1;6;89;4010,90402;4012,05000;UP
2026-07-13 19:26:00;M1;6;89;4009,48230;4008,88000;DOWN
2026-07-13 19:33:00;M1;6;55;3999,43079;3995,25000;DOWN
2026-07-13 19:41:00;M1;6;55;3998,58619;3999,32000;UP
2026-07-13 19:50:00;M1;6;55;3996,76491;3993,88000;DOWN
2026-07-13 20:01:00;M1;6;21;3993,59966;3995,15000;UP
2026-07-13 20:09:00;M1;6;89;3997,28710;3998,08000;UP
2026-07-13 20:13:00;M1;6;34;3997,09801;3997,40000;UP
2026-07-13 20:48:00;M1;6;21;3996,00701;3994,33000;DOWN
2026-07-13 21:04:00;M1;6;55;3991,43396;3990,73000;DOWN
2026-07-13 21:07:00;M1;6;34;3991,96348;3994,20000;UP
2026-07-13 21:14:00;M1;6;21;3993,36607;3993,77000;UP
2026-07-13 21:18:00;M1;6;55;3990,29755;3988,12000;DOWN
2026-07-13 21:23:00;M1;6;34;3991,20726;3993,99000;UP
2026-07-13 21:19:00;M1;6;21;3992,48818;3988,32000;DOWN
2026-07-13 21:25:00;M1;6;21;3992,08905;3995,96000;UP
2026-07-13 21:58:00;M1;6;21;3999,06795;3998,58000;DOWN
2026-07-13 22:02:00;M1;6;21;4000,84495;4002,51000;UP
2026-07-13 22:07:00;M1;6;21;4001,92393;3999,29000;DOWN
2026-07-13 22:14:00;M1;6;34;3998,29734;3998,04000;DOWN
2026-07-13 22:19:00;M1;6;34;3998,82255;3999,24000;UP
2026-07-13 22:26:00;M1;6;34;3999,22356;3998,57000;DOWN
2026-07-13 22:31:00;M1;6;34;3999,41700;4000,15000;UP
2026-07-13 22:38:00;M1;6;55;3995,14058;3994,72000;DOWN
2026-07-13 22:44:00;M1;6;21;3998,99839;3999,08000;UP
2026-07-13 22:53:00;M1;6;34;3999,59201;3999,84000;UP
2026-07-13 22:49:00;M1;6;21;3998,37998;3997,00000;DOWN
2026-07-13 22:55:00;M1;6;21;3998,37258;4000,70000;UP
2026-07-13 23:12:00;M1;6;34;4000,69203;4000,48000;DOWN
2026-07-13 23:13:00;M1;6;21;4000,24518;3999,92000;DOWN
2026-07-13 23:34:00;M1;6;55;3998,78322;3998,57000;DOWN
2026-07-13 23:39:00;M1;6;55;3999,05736;3999,38000;UP
2026-07-13 23:44:00;M1;6;21;3999,94766;4000,06000;UP
2026-07-13 23:45:00;M1;6;55;3999,30661;3998,97000;DOWN
2026-07-13 23:54:00;M1;6;34;4000,00852;4000,81000;UP
2026-07-13 23:49:00;M1;6;21;3999,79446;3999,02000;DOWN
2026-07-13 23:55:00;M1;6;21;3999,88821;4001,55000;UP
2026-07-14 01:31:00;M1;6;21;4004,49166;4003,85000;DOWN
2026-07-14 01:39:00;M1;6;34;4003,44923;4003,44000;DOWN
2026-07-14 01:43:00;M1;6;34;4003,89129;4004,21000;UP
2026-07-14 01:51:00;M1;6;55;4003,27342;4003,02000;DOWN
2026-07-14 02:15:00;M1;6;89;3999,90102;3999,49000;DOWN
2026-07-14 02:43:00;M1;6;21;3996,05120;3996,81000;UP
2026-07-14 02:53:00;M1;6;34;3998,89686;3999,12000;UP
2026-07-14 02:59:00;M1;6;55;4000,87361;4001,05000;UP
2026-07-14 03:02:00;M1;6;89;4000,24204;3996,43000;DOWN
2026-07-14 03:10:00;M1;6;21;3995,37982;3998,37000;UP
2026-07-14 03:13:00;M1;6;34;3996,30081;3993,60000;DOWN
2026-07-14 03:28:00;M1;6;21;3992,65013;3995,50000;UP
2026-07-14 03:32:00;M1;6;55;3997,34867;3999,48000;UP
2026-07-14 04:00:00;M1;6;21;4000,00192;3999,01000;DOWN
2026-07-14 04:01:00;M1;6;89;3998,97142;3994,61000;DOWN
2026-07-14 04:17:00;M1;6;21;4001,28978;4002,49000;UP
2026-07-14 04:21:00;M1;6;89;3999,07074;3998,70000;DOWN
2026-07-14 04:30:00;M1;6;34;3998,70860;3999,57000;UP
2026-07-14 04:27:00;M1;6;55;3997,40680;3996,79000;DOWN
2026-07-14 04:31:00;M1;6;21;3999,92167;4001,06000;UP
2026-07-14 04:34:00;M1;6;89;3998,95037;3998,46000;DOWN
2026-07-14 04:41:00;M1;6;34;3998,84015;4000,19000;UP
2026-07-14 04:40:00;M1;6;55;3997,28976;3995,58000;DOWN
2026-07-14 04:43:00;M1;6;21;3998,93644;4001,13000;UP
2026-07-14 05:33:00;M1;6;21;4016,93082;4015,18000;DOWN
2026-07-14 05:38:00;M1;6;34;4012,93401;4012,84000;DOWN
2026-07-14 05:50:00;M1;6;55;4009,95944;4009,78000;DOWN
2026-07-14 05:55:00;M1;6;55;4010,98212;4011,21000;UP
2026-07-14 06:13:00;M1;6;55;4013,53900;4013,34000;DOWN
2026-07-14 06:23:00;M1;6;21;4015,09320;4015,63000;UP
2026-07-14 06:27:00;M1;6;34;4017,97522;4018,62000;UP
2026-07-14 06:34:00;M1;6;55;4015,83034;4015,02000;DOWN
2026-07-14 06:37:00;M1;6;21;4015,44790;4017,31000;UP
2026-07-14 06:43:00;M1;6;55;4017,18181;4015,29000;DOWN
2026-07-14 06:51:00;M1;6;21;4016,09514;4017,16000;UP
2026-07-14 07:00:00;M1;6;34;4018,07176;4018,49000;UP
2026-07-14 06:56:00;M1;6;21;4016,49814;4016,39000;DOWN
2026-07-14 07:03:00;M1;6;21;4016,86179;4017,43000;UP
2026-07-14 07:01:00;M1;6;55;4018,95070;4015,91000;DOWN
2026-07-14 07:10:00;M1;6;89;4014,30256;4014,26000;DOWN
2026-07-14 07:13:00;M1;6;89;4014,89924;4014,95000;UP
2026-07-14 07:19:00;M1;6;89;4015,45310;4015,02000;DOWN
2026-07-14 07:26:00;M1;6;21;4015,95382;4016,80000;UP
2026-07-14 07:31:00;M1;6;34;4017,29778;4019,11000;UP
2026-07-14 07:47:00;M1;6;55;4020,39151;4019,82000;DOWN
2026-07-14 07:49:00;M1;6;89;4018,35939;4017,84000;DOWN
2026-07-14 07:58:00;M1;6;21;4019,85009;4020,74000;UP
2026-07-14 08:02:00;M1;6;55;4021,07466;4020,42000;DOWN
2026-07-14 08:07:00;M1;6;21;4021,50625;4022,31000;UP
2026-07-14 08:17:00;M1;6;89;4020,72046;4020,66000;DOWN
2026-07-14 08:19:00;M1;6;34;4021,13753;4021,30000;UP
2026-07-14 08:28:00;M1;6;21;4022,94250;4023,13000;UP
2026-07-14 09:01:00;M1;6;21;4031,63791;4030,53000;DOWN
2026-07-14 09:14:00;M1;6;34;4031,11622;4030,89000;DOWN
2026-07-14 09:19:00;M1;6;89;4028,37952;4028,20000;DOWN
2026-07-14 09:51:00;M1;6;21;4026,11282;4026,16000;UP
2026-07-14 09:55:00;M1;6;21;4024,96782;4023,90000;DOWN
2026-07-14 10:04:00;M1;6;21;4024,43115;4025,50000;UP
2026-07-14 10:08:00;M1;6;34;4028,18042;4028,27000;UP
2026-07-14 10:13:00;M1;6;34;4027,73064;4024,95000;DOWN
2026-07-14 10:22:00;M1;6;34;4027,44474;4028,26000;UP
2026-07-14 10:29:00;M1;6;34;4027,15335;4026,32000;DOWN
2026-07-14 10:36:00;M1;6;21;4025,72836;4026,53000;UP
2026-07-14 10:37:00;M1;6;34;4026,36007;4026,71000;UP
2026-07-14 10:40:00;M1;6;21;4025,82411;4025,75000;DOWN
2026-07-14 10:43:00;M1;6;34;4025,87164;4023,57000;DOWN
2026-07-14 11:21:00;M1;6;21;4019,49995;4019,72000;UP
2026-07-14 11:25:00;M1;6;34;4020,98719;4021,00000;UP
2026-07-14 11:33:00;M1;6;34;4020,47202;4019,23000;DOWN
2026-07-14 11:40:00;M1;6;34;4020,08815;4020,93000;UP
2026-07-14 11:43:00;M1;6;34;4019,73139;4019,62000;DOWN
2026-07-14 11:54:00;M1;6;34;4019,32119;4019,48000;UP
2026-07-14 11:51:00;M1;6;21;4018,60187;4017,72000;DOWN
2026-07-14 11:55:00;M1;6;34;4018,74008;4017,83000;DOWN
2026-07-14 12:02:00;M1;6;21;4018,13255;4018,28000;UP
2026-07-14 12:08:00;M1;6;55;4020,42442;4021,66000;UP
2026-07-14 12:15:00;M1;6;55;4020,04204;4019,21000;DOWN
2026-07-14 12:19:00;M1;6;21;4019,23709;4020,43000;UP
2026-07-14 12:25:00;M1;6;55;4019,24390;4018,10000;DOWN
2026-07-14 12:45:00;M1;6;21;4017,33225;4018,19000;UP
2026-07-14 12:49:00;M1;6;89;4022,58456;4023,05000;UP
2026-07-14 12:55:00;M1;6;89;4022,15039;4020,48000;DOWN
2026-07-14 13:05:00;M1;6;21;4018,80456;4018,51000;DOWN
2026-07-14 13:10:00;M1;6;21;4018,99432;4019,45000;UP
2026-07-14 13:09:00;M1;6;34;4018,03899;4018,03000;DOWN
2026-07-14 13:13:00;M1;6;34;4018,19209;4018,31000;UP
2026-07-14 13:13:00;M1;6;21;4019,10504;4018,31000;DOWN
2026-07-14 13:22:00;M1;6;55;4017,10529;4016,97000;DOWN
2026-07-14 13:30:00;M1;6;34;4018,20631;4018,31000;UP
2026-07-14 13:31:00;M1;6;55;4016,96821;4015,41000;DOWN
2026-07-14 13:37:00;M1;6;21;4018,58124;4018,89000;UP
2026-07-14 13:45:00;M1;6;89;4019,19035;4019,50000;UP
2026-07-14 13:43:00;M1;6;21;4018,63771;4018,34000;DOWN
2026-07-14 13:49:00;M1;6;21;4018,80024;4021,65000;UP
2026-07-14 14:08:00;M1;6;89;4018,48273;4016,38000;DOWN
2026-07-14 14:13:00;M1;6;21;4020,28195;4021,19000;UP
2026-07-14 14:45:00;M1;6;21;4027,10488;4026,23000;DOWN
2026-07-14 14:53:00;M1;6;21;4028,48144;4029,40000;UP
2026-07-14 15:04:00;M1;6;21;4030,82545;4029,88000;DOWN
2026-07-14 15:07:00;M1;6;34;4028,55295;4027,13000;DOWN
2026-07-14 15:20:00;M1;6;55;4026,18438;4023,66000;DOWN
2026-07-14 15:28:00;M1;6;21;4030,03281;4030,39000;UP
2026-07-14 15:55:00;M1;6;21;4078,26727;4073,88000;DOWN
2026-07-14 16:13:00;M1;6;34;4076,26840;4074,08000;DOWN
2026-07-14 16:22:00;M1;6;34;4080,33583;4081,03000;UP
2026-07-14 16:25:00;M1;6;34;4084,03088;4083,68000;DOWN
2026-07-14 16:51:00;M1;6;55;4082,12846;4082,07000;DOWN
2026-07-14 17:13:00;M1;6;21;4080,72429;4083,34000;UP
2026-07-14 17:17:00;M1;6;89;4072,27299;4072,22000;DOWN
2026-07-14 17:20:00;M1;6;89;4074,36856;4074,51000;UP
2026-07-14 17:19:00;M1;6;21;4079,12598;4073,22000;DOWN
2026-07-14 17:26:00;M1;6;21;4077,82597;4078,04000;UP
2026-07-14 17:25:00;M1;6;89;4076,33157;4074,95000;DOWN
2026-07-14 17:32:00;M1;6;89;4078,20828;4078,42000;UP
2026-07-14 17:31:00;M1;6;21;4077,20930;4073,92000;DOWN
2026-07-14 17:38:00;M1;6;21;4077,22721;4080,45000;UP
2026-07-14 17:37:00;M1;6;89;4080,00802;4076,63000;DOWN
2026-07-14 17:45:00;M1;6;89;4081,74607;4081,78000;UP
2026-07-14 17:49:00;M1;6;89;4083,41483;4078,95000;DOWN
2026-07-14 17:55:00;M1;6;34;4083,99618;4084,06000;UP
2026-07-14 18:01:00;M1;6;89;4086,70974;4080,15000;DOWN
2026-07-14 18:07:00;M1;6;21;4083,94658;4095,22000;UP
2026-07-14 18:15:00;M1;6;89;4090,04161;4088,78000;DOWN
2026-07-14 18:19:00;M1;6;21;4088,03955;4086,97000;DOWN
2026-07-14 18:25:00;M1;6;34;4086,19754;4085,05000;DOWN
2026-07-14 19:16:00;M1;6;21;4064,15179;4064,80000;UP
2026-07-14 19:22:00;M1;6;21;4060,89703;4059,50000;DOWN
2026-07-14 19:25:00;M1;6;21;4058,29145;4059,83000;UP
2026-07-14 19:43:00;M1;6;34;4060,71251;4062,10000;UP
2026-07-14 20:15:00;M1;6;21;4056,24156;4054,50000;DOWN
2026-07-14 20:19:00;M1;6;21;4056,63620;4056,73000;UP
2026-07-14 20:25:00;M1;6;55;4059,81088;4060,58000;UP
2026-07-14 20:44:00;M1;6;21;4059,88899;4059,71000;DOWN
2026-07-14 20:49:00;M1;6;21;4060,49194;4061,63000;UP
2026-07-14 21:01:00;M1;6;21;4061,60178;4060,60000;DOWN
2026-07-14 21:18:00;M1;6;21;4062,01389;4062,21000;UP
2026-07-14 21:24:00;M1;6;34;4059,12027;4057,13000;DOWN
2026-07-14 21:37:00;M1;6;55;4054,51134;4052,42000;DOWN
2026-07-14 21:55:00;M1;6;21;4051,71694;4052,27000;UP
2026-07-14 22:03:00;M1;6;34;4054,37974;4054,44000;UP
2026-07-14 22:05:00;M1;6;55;4052,59524;4052,52000;DOWN
2026-07-14 22:07:00;M1;6;55;4052,21455;4053,26000;UP
2026-07-14 22:07:00;M1;6;34;4053,63417;4053,26000;DOWN
2026-07-14 22:13:00;M1;6;34;4053,14899;4056,77000;UP
2026-07-14 22:19:00;M1;6;89;4055,77234;4056,44000;UP
2026-07-14 22:24:00;M1;6;34;4052,68093;4052,49000;DOWN
2026-07-14 22:25:00;M1;6;34;4052,15326;4053,18000;UP
2026-07-14 22:25:00;M1;6;89;4054,80410;4053,18000;DOWN
2026-07-14 22:31:00;M1;6;21;4050,56764;4050,70000;UP
2026-07-14 22:31:00;M1;6;34;4051,52592;4050,70000;DOWN
2026-07-14 22:37:00;M1;6;34;4050,86743;4051,72000;UP
2026-07-14 22:38:00;M1;6;55;4050,96666;4050,96000;DOWN
2026-07-14 22:43:00;M1;6;21;4050,80652;4052,20000;UP
2026-07-14 23:14:00;M1;6;21;4054,17959;4053,71000;DOWN
2026-07-14 23:35:00;M1;6;55;4050,72334;4050,66000;DOWN
2026-07-14 23:38:00;M1;6;55;4050,63647;4050,71000;UP
2026-07-14 23:43:00;M1;6;55;4050,52509;4050,40000;DOWN
2026-07-14 23:53:00;M1;6;21;4052,19048;4052,69000;UP
2026-07-15 01:10:00;M1;6;55;4050,43154;4050,37000;DOWN
2026-07-15 01:14:00;M1;6;55;4050,43189;4050,68000;UP
2026-07-15 01:20:00;M1;6;21;4050,82596;4051,30000;UP
2026-07-15 01:19:00;M1;6;55;4050,41840;4050,39000;DOWN
2026-07-15 01:25:00;M1;6;55;4050,41812;4050,75000;UP
2026-07-15 01:25:00;M1;6;34;4051,47101;4050,75000;DOWN
2026-07-15 01:31:00;M1;6;21;4050,64115;4051,83000;UP
2026-07-15 01:42:00;M1;6;55;4050,38562;4050,16000;DOWN
2026-07-15 01:44:00;M1;6;21;4050,46204;4050,50000;UP
2026-07-15 01:49:00;M1;6;55;4050,22107;4049,14000;DOWN
2026-07-15 02:05:00;M1;6;21;4049,63388;4049,67000;UP
2026-07-15 02:07:00;M1;6;21;4049,29874;4048,94000;DOWN
2026-07-15 02:17:00;M1;6;89;4047,17311;4047,14000;DOWN
2026-07-15 02:22:00;M1;6;21;4048,57484;4049,32000;UP
2026-07-15 02:50:00;M1;6;21;4052,80899;4052,68000;DOWN
2026-07-15 02:55:00;M1;6;21;4053,44173;4053,74000;UP
2026-07-15 03:01:00;M1;6;21;4053,90816;4052,12000;DOWN
2026-07-15 03:07:00;M1;6;21;4054,39230;4055,17000;UP
2026-07-15 03:13:00;M1;6;34;4052,74671;4052,34000;DOWN
2026-07-15 03:23:00;M1;6;21;4054,92945;4055,71000;UP
2026-07-15 03:36:00;M1;6;34;4054,49868;4053,62000;DOWN
2026-07-15 03:38:00;M1;6;34;4054,93135;4055,26000;UP
2026-07-15 03:47:00;M1;6;21;4056,02350;4056,67000;UP
2026-07-15 03:43:00;M1;6;34;4055,39173;4053,48000;DOWN
2026-07-15 03:50:00;M1;6;34;4055,83980;4056,19000;UP
2026-07-15 03:49:00;M1;6;21;4056,25435;4054,97000;DOWN
2026-07-15 03:55:00;M1;6;21;4056,82366;4058,34000;UP
2026-07-15 04:03:00;M1;6;34;4056,80673;4056,18000;DOWN
2026-07-15 04:08:00;M1;6;21;4057,58720;4057,70000;UP
2026-07-15 04:16:00;M1;6;55;4055,48810;4054,52000;DOWN
2026-07-15 04:28:00;M1;6;55;4056,03374;4056,45000;UP
2026-07-15 04:30:00;M1;6;89;4052,91897;4052,41000;DOWN
2026-07-15 04:31:00;M1;6;55;4055,98563;4051,16000;DOWN
2026-07-15 05:05:00;M1;6;21;4039,75717;4040,14000;UP
2026-07-15 05:12:00;M1;6;21;4037,43016;4035,68000;DOWN
2026-07-15 05:13:00;M1;6;21;4035,05500;4037,43000;UP
2026-07-15 05:19:00;M1;6;21;4032,74067;4030,22000;DOWN
2026-07-15 05:25:00;M1;6;21;4030,85659;4030,93000;UP
2026-07-15 05:33:00;M1;6;34;4035,46664;4035,56000;UP
2026-07-15 05:43:00;M1;6;55;4040,31910;4040,53000;UP
2026-07-15 05:50:00;M1;6;55;4039,12940;4037,33000;DOWN
2026-07-15 05:56:00;M1;6;55;4038,01075;4039,30000;UP
2026-07-15 06:01:00;M1;6;55;4037,03794;4036,74000;DOWN
2026-07-15 06:07:00;M1;6;55;4036,09115;4037,22000;UP
2026-07-15 06:14:00;M1;6;55;4035,13837;4033,99000;DOWN
2026-07-15 06:24:00;M1;6;34;4031,03500;4030,97000;DOWN
2026-07-15 06:25:00;M1;6;34;4030,76046;4032,04000;UP
2026-07-15 06:35:00;M1;6;21;4033,44001;4034,15000;UP
2026-07-15 06:31:00;M1;6;34;4030,62232;4029,18000;DOWN
2026-07-15 06:37:00;M1;6;34;4030,41020;4034,84000;UP
2026-07-15 06:40:00;M1;6;55;4031,21877;4030,26000;DOWN
2026-07-15 06:48:00;M1;6;21;4031,66049;4031,82000;UP
2026-07-15 06:43:00;M1;6;34;4030,19886;4029,38000;DOWN
2026-07-15 06:49:00;M1;6;34;4030,06041;4032,04000;UP
2026-07-15 07:17:00;M1;6;89;4033,00821;4033,43000;UP
2026-07-15 07:34:00;M1;6;21;4031,80683;4031,61000;DOWN
2026-07-15 07:37:00;M1;6;21;4031,81586;4031,95000;UP
2026-07-15 07:41:00;M1;6;89;4030,52425;4029,48000;DOWN
2026-07-15 07:45:00;M1;6;34;4030,63550;4031,12000;UP
2026-07-15 07:43:00;M1;6;21;4032,00708;4029,58000;DOWN
2026-07-15 07:50:00;M1;6;21;4032,30800;4032,85000;UP
2026-07-15 07:56:00;M1;6;21;4032,63998;4032,51000;DOWN
2026-07-15 08:01:00;M1;6;21;4032,69738;4033,94000;UP
2026-07-15 08:05:00;M1;6;34;4031,29879;4030,82000;DOWN
2026-07-15 08:07:00;M1;6;34;4031,20026;4032,46000;UP
2026-07-15 08:11:00;M1;6;89;4028,25380;4027,18000;DOWN
2026-07-15 08:16:00;M1;6;55;4028,23252;4028,39000;UP
2026-07-15 08:13:00;M1;6;34;4030,90796;4027,57000;DOWN
2026-07-15 08:21:00;M1;6;89;4027,34994;4027,18000;DOWN
2026-07-15 08:34:00;M1;6;21;4027,69933;4028,06000;UP
2026-07-15 08:38:00;M1;6;34;4028,91567;4029,80000;UP
2026-07-15 08:45:00;M1;6;34;4028,73099;4027,96000;DOWN
2026-07-15 08:49:00;M1;6;34;4028,62283;4029,12000;UP
2026-07-15 09:07:00;M1;6;34;4029,12919;4028,48000;DOWN
2026-07-15 09:18:00;M1;6;89;4025,16021;4024,95000;DOWN
2026-07-15 09:19:00;M1;6;89;4025,06800;4026,76000;UP
2026-07-15 09:26:00;M1;6;34;4028,12453;4028,20000;UP
2026-07-15 09:30:00;M1;6;89;4024,95919;4024,33000;DOWN
2026-07-15 09:34:00;M1;6;21;4027,93892;4028,03000;UP
2026-07-15 09:31:00;M1;6;55;4027,66777;4025,49000;DOWN
2026-07-15 09:37:00;M1;6;34;4027,68410;4030,29000;UP
2026-07-15 10:01:00;M1;6;21;4030,13652;4030,09000;DOWN
2026-07-15 10:09:00;M1;6;34;4029,62730;4029,38000;DOWN
2026-07-15 10:20:00;M1;6;55;4028,57297;4028,54000;DOWN
2026-07-15 10:25:00;M1;6;89;4025,50908;4024,95000;DOWN
2026-07-15 10:33:00;M1;6;89;4025,45961;4025,50000;UP
2026-07-15 10:37:00;M1;6;89;4025,30944;4020,54000;DOWN
2026-07-15 10:48:00;M1;6;21;4024,88209;4025,83000;UP
2026-07-15 10:49:00;M1;6;89;4024,91758;4024,62000;DOWN
2026-07-15 10:55:00;M1;6;21;4022,71726;4024,67000;UP
2026-07-15 11:03:00;M1;6;34;4024,95605;4025,22000;UP
2026-07-15 11:01:00;M1;6;21;4022,30171;4022,12000;DOWN
2026-07-15 11:07:00;M1;6;21;4021,68651;4022,49000;UP
2026-07-15 11:07:00;M1;6;89;4024,25549;4022,49000;DOWN
2026-07-15 11:18:00;M1;6;34;4023,65789;4024,35000;UP
2026-07-15 11:13:00;M1;6;21;4021,19052;4018,62000;DOWN
2026-07-15 11:19:00;M1;6;21;4020,95438;4024,08000;UP
2026-07-15 11:21:00;M1;6;89;4023,76056;4023,61000;DOWN
2026-07-15 11:25:00;M1;6;34;4022,61976;4024,80000;UP
2026-07-15 11:27:00;M1;6;55;4024,20930;4023,81000;DOWN
2026-07-15 11:31:00;M1;6;55;4023,96343;4026,34000;UP
2026-07-15 12:11:00;M1;6;21;4030,86056;4030,84000;DOWN
2026-07-15 12:25:00;M1;6;34;4029,13596;4028,18000;DOWN
2026-07-15 12:35:00;M1;6;55;4026,71748;4026,56000;DOWN
2026-07-15 12:37:00;M1;6;55;4026,89278;4027,16000;UP
2026-07-15 12:45:00;M1;6;55;4027,04042;4026,47000;DOWN
2026-07-15 12:49:00;M1;6;55;4027,17034;4028,45000;UP
2026-07-15 12:59:00;M1;6;21;4028,66889;4030,22000;UP
2026-07-15 12:55:00;M1;6;55;4027,37600;4026,75000;DOWN
2026-07-15 13:01:00;M1;6;55;4027,67999;4029,58000;UP
2026-07-15 13:01:00;M1;6;34;4030,02821;4029,58000;DOWN
2026-07-15 13:07:00;M1;6;34;4030,25276;4031,26000;UP
2026-07-15 13:23:00;M1;6;34;4030,85554;4030,69000;DOWN
2026-07-15 13:25:00;M1;6;55;4029,36816;4027,80000;DOWN
2026-07-15 13:35:00;M1;6;21;4030,75440;4031,57000;UP
2026-07-15 13:42:00;M1;6;34;4031,06630;4030,62000;DOWN
2026-07-15 13:44:00;M1;6;21;4030,96843;4031,11000;UP
2026-07-15 13:47:00;M1;6;89;4027,64537;4027,56000;DOWN
2026-07-15 13:49:00;M1;6;89;4027,82462;4028,39000;UP
2026-07-15 13:49:00;M1;6;34;4030,67869;4028,39000;DOWN
2026-07-15 14:00:00;M1;6;21;4030,03207;4030,72000;UP
2026-07-15 13:55:00;M1;6;89;4027,96807;4027,71000;DOWN
2026-07-15 14:01:00;M1;6;89;4028,11810;4028,93000;UP
2026-07-15 14:01:00;M1;6;55;4030,61768;4028,93000;DOWN
2026-07-15 14:09:00;M1;6;21;4029,76714;4031,22000;UP
2026-07-15 14:14:00;M1;6;55;4030,75372;4030,28000;DOWN
2026-07-15 14:22:00;M1;6;21;4029,73957;4029,76000;UP
2026-07-15 14:25:00;M1;6;34;4030,32702;4030,56000;UP
2026-07-15 14:26:00;M1;6;21;4029,79226;4029,74000;DOWN
2026-07-15 14:31:00;M1;6;21;4030,07163;4030,93000;UP
2026-07-15 15:08:00;M1;6;21;4038,06431;4038,05000;DOWN
2026-07-15 15:15:00;M1;6;21;4039,15389;4039,61000;UP
2026-07-15 15:19:00;M1;6;21;4040,06379;4039,15000;DOWN
2026-07-15 15:30:00;M1;6;21;4040,76699;4048,52000;UP
2026-07-15 15:26:00;M1;6;34;4038,14090;4037,99000;DOWN
2026-07-15 15:31:00;M1;6;34;4039,95139;4047,56000;UP
2026-07-15 16:10:00;M1;6;21;4069,10895;4065,12000;DOWN
2026-07-15 16:13:00;M1;6;34;4063,31655;4063,21000;DOWN
2026-07-15 16:19:00;M1;6;34;4065,60477;4065,68000;UP
2026-07-15 16:26:00;M1;6;55;4058,35661;4055,33000;DOWN
2026-07-15 16:33:00;M1;6;55;4060,08255;4060,30000;UP
2026-07-15 16:37:00;M1;6;55;4061,61283;4058,82000;DOWN
2026-07-15 16:57:00;M1;6;21;4061,88629;4064,53000;UP
2026-07-15 17:23:00;M1;6;89;4060,33874;4058,61000;DOWN
2026-07-15 17:33:00;M1;6;21;4060,33706;4061,60000;UP
2026-07-15 17:37:00;M1;6;89;4063,10682;4061,76000;DOWN
2026-07-15 17:49:00;M1;6;21;4059,63013;4059,87000;UP
2026-07-15 18:00:00;M1;6;34;4061,46356;4061,64000;UP
2026-07-15 17:55:00;M1;6;21;4059,18734;4056,82000;DOWN
2026-07-15 18:01:00;M1;6;21;4058,64187;4060,55000;UP
2026-07-15 18:01:00;M1;6;34;4060,74939;4060,55000;DOWN
2026-07-15 18:08:00;M1;6;21;4057,66141;4057,33000;DOWN
2026-07-15 18:33:00;M1;6;21;4048,03334;4048,42000;UP
2026-07-15 18:49:00;M1;6;34;4048,95463;4049,60000;UP
2026-07-15 18:57:00;M1;6;34;4047,98307;4046,67000;DOWN
2026-07-15 19:02:00;M1;6;21;4044,77560;4043,86000;DOWN
2026-07-15 19:46:00;M1;6;21;4030,98823;4035,22000;UP
2026-07-15 19:56:00;M1;6;34;4031,63576;4030,22000;DOWN
2026-07-15 20:01:00;M1;6;34;4030,96242;4036,01000;UP
2026-07-15 20:15:00;M1;6;55;4033,61484;4033,37000;DOWN
2026-07-15 20:19:00;M1;6;55;4032,72763;4035,74000;UP
2026-07-15 20:29:00;M1;6;89;4044,87545;4047,52000;UP
2026-07-15 21:01:00;M1;6;21;4064,60370;4063,25000;DOWN
2026-07-15 21:30:00;M1;6;21;4076,16097;4078,74000;UP
2026-07-15 21:32:00;M1;6;21;4077,51589;4074,86000;DOWN
2026-07-15 21:38:00;M1;6;34;4072,43460;4071,62000;DOWN
2026-07-15 21:55:00;M1;6;55;4063,53987;4063,41000;DOWN
2026-07-15 22:20:00;M1;6;89;4056,71399;4055,00000;DOWN
2026-07-15 22:27:00;M1;6;89;4057,15246;4057,25000;UP
2026-07-15 22:31:00;M1;6;21;4055,49030;4056,75000;UP
2026-07-15 22:31:00;M1;6;89;4057,46062;4056,75000;DOWN
2026-07-15 22:37:00;M1;6;21;4052,98697;4051,80000;DOWN
2026-07-15 22:43:00;M1;6;21;4051,02296;4052,16000;UP
2026-07-15 23:01:00;M1;6;34;4055,86632;4057,14000;UP
2026-07-15 23:16:00;M1;6;89;4058,79521;4059,70000;UP
2026-07-15 23:37:00;M1;6;55;4061,98626;4062,07000;UP
2026-07-15 23:43:00;M1;6;89;4060,99442;4060,90000;DOWN
2026-07-15 23:50:00;M1;6;21;4062,24157;4062,81000;UP
2026-07-15 23:55:00;M1;6;89;4061,93140;4061,12000;DOWN
2026-07-16 01:01:00;M1;6;21;4063,00418;4063,65000;UP
2026-07-16 01:09:00;M1;6;21;4063,51007;4063,36000;DOWN
2026-07-16 01:15:00;M1;6;89;4063,23665;4063,20000;DOWN
2026-07-16 01:25:00;M1;6;34;4062,34987;4061,65000;DOWN
2026-07-16 01:32:00;M1;6;55;4060,98338;4060,82000;DOWN
2026-07-16 02:03:00;M1;6;21;4060,27581;4061,65000;UP
2026-07-16 02:07:00;M1;6;55;4061,07067;4060,91000;DOWN
2026-07-16 02:16:00;M1;6;21;4059,43168;4058,50000;DOWN
2026-07-16 02:37:00;M1;6;21;4057,55486;4057,56000;UP
2026-07-16 02:47:00;M1;6;34;4058,96798;4059,14000;UP
2026-07-16 02:45:00;M1;6;21;4057,28421;4057,08000;DOWN
2026-07-16 02:49:00;M1;6;21;4057,08535;4058,38000;UP
2026-07-16 02:49:00;M1;6;34;4058,43836;4058,38000;DOWN
2026-07-16 02:55:00;M1;6;34;4057,99235;4058,64000;UP
2026-07-16 03:03:00;M1;6;34;4057,58430;4057,02000;DOWN
2026-07-16 03:07:00;M1;6;21;4056,51007;4055,78000;DOWN
2026-07-16 03:14:00;M1;6;21;4056,21742;4056,31000;UP
2026-07-16 03:22:00;M1;6;55;4058,40470;4059,21000;UP
2026-07-16 03:27:00;M1;6;55;4058,19551;4058,00000;DOWN
2026-07-16 03:31:00;M1;6;55;4058,09271;4060,01000;UP
2026-07-16 03:37:00;M1;6;89;4060,39057;4060,25000;DOWN
2026-07-16 03:47:00;M1;6;21;4058,22266;4058,49000;UP
2026-07-16 03:53:00;M1;6;55;4057,78363;4055,82000;DOWN
2026-07-16 04:31:00;M1;6;21;4039,00292;4040,33000;UP
2026-07-16 04:39:00;M1;6;34;4043,61134;4044,45000;UP
2026-07-16 04:43:00;M1;6;34;4042,25261;4041,26000;DOWN
2026-07-16 04:49:00;M1;6;34;4040,95944;4041,29000;UP
2026-07-16 04:57:00;M1;6;34;4039,71762;4039,35000;DOWN
2026-07-16 05:01:00;M1;6;34;4038,26863;4039,20000;UP
2026-07-16 05:05:00;M1;6;21;4035,89212;4034,68000;DOWN
2026-07-16 05:08:00;M1;6;21;4035,01321;4035,92000;UP
2026-07-16 05:07:00;M1;6;34;4036,66828;4034,32000;DOWN
2026-07-16 05:13:00;M1;6;21;4033,95250;4031,74000;DOWN
2026-07-16 05:19:00;M1;6;21;4033,06474;4033,13000;UP
2026-07-16 05:26:00;M1;6;34;4032,34106;4032,22000;DOWN
2026-07-16 05:35:00;M1;6;21;4031,83628;4032,41000;UP
2026-07-16 05:38:00;M1;6;34;4030,22379;4028,17000;DOWN
2026-07-16 05:45:00;M1;6;21;4029,06146;4029,35000;UP
2026-07-16 05:50:00;M1;6;34;4028,18656;4028,15000;DOWN
2026-07-16 05:55:00;M1;6;21;4027,34938;4030,15000;UP
2026-07-16 06:26:00;M1;6;89;4032,20515;4032,61000;UP
2026-07-16 07:01:00;M1;6;21;4035,09071;4034,91000;DOWN
2026-07-16 07:14:00;M1;6;21;4035,86384;4036,90000;UP
2026-07-16 07:19:00;M1;6;21;4035,92052;4033,30000;DOWN
2026-07-16 07:26:00;M1;6;34;4033,69412;4033,60000;DOWN
2026-07-16 07:31:00;M1;6;34;4034,04787;4035,34000;UP
2026-07-16 07:37:00;M1;6;34;4034,30918;4033,65000;DOWN
2026-07-16 07:46:00;M1;6;21;4034,71358;4034,73000;UP
2026-07-16 07:49:00;M1;6;34;4034,72699;4034,45000;DOWN
2026-07-16 07:55:00;M1;6;21;4034,25212;4034,65000;UP
2026-07-16 08:01:00;M1;6;21;4033,81877;4032,03000;DOWN
2026-07-16 08:10:00;M1;6;55;4030,90568;4029,55000;DOWN
2026-07-16 08:15:00;M1;6;55;4031,09076;4032,01000;UP
2026-07-16 08:19:00;M1;6;55;4031,17493;4029,33000;DOWN
2026-07-16 08:32:00;M1;6;21;4029,26340;4031,07000;UP
2026-07-16 08:37:00;M1;6;55;4030,84872;4029,37000;DOWN
2026-07-16 08:43:00;M1;6;21;4028,05439;4030,18000;UP
2026-07-16 08:49:00;M1;6;55;4030,43246;4027,55000;DOWN
2026-07-16 08:55:00;M1;6;21;4026,96099;4028,80000;UP
2026-07-16 09:01:00;M1;6;55;4030,01767;4030,68000;UP
2026-07-16 09:16:00;M1;6;55;4029,93821;4029,56000;DOWN
2026-07-16 09:20:00;M1;6;21;4029,72804;4029,81000;UP
2026-07-16 09:30:00;M1;6;55;4029,77713;4029,53000;DOWN
2026-07-16 09:31:00;M1;6;21;4029,85266;4030,00000;UP
2026-07-16 09:36:00;M1;6;89;4026,04328;4024,05000;DOWN
2026-07-16 09:39:00;M1;6;89;4026,08434;4026,67000;UP
2026-07-16 09:37:00;M1;6;55;4029,29400;4023,62000;DOWN
2026-07-16 09:48:00;M1;6;34;4027,94920;4028,35000;UP
2026-07-16 09:50:00;M1;6;21;4028,29862;4028,50000;UP
2026-07-16 10:00:00;M1;6;55;4028,42647;4028,33000;DOWN
2026-07-16 10:02:00;M1;6;55;4028,25224;4029,69000;UP
2026-07-16 10:01:00;M1;6;34;4027,93028;4027,86000;DOWN
2026-07-16 10:07:00;M1;6;21;4028,37435;4028,68000;UP
2026-07-16 10:14:00;M1;6;89;4026,30735;4026,26000;DOWN
2026-07-16 10:27:00;M1;6;21;4026,48634;4026,53000;UP
2026-07-16 10:31:00;M1;6;89;4026,04482;4024,93000;DOWN
2026-07-16 10:38:00;M1;6;21;4025,23847;4025,38000;UP
2026-07-16 10:44:00;M1;6;55;4026,31554;4026,09000;DOWN
2026-07-16 10:49:00;M1;6;55;4026,15533;4030,63000;UP
2026-07-16 11:10:00;M1;6;55;4026,28483;4025,94000;DOWN
2026-07-16 11:13:00;M1;6;21;4028,01665;4028,16000;UP
2026-07-16 11:43:00;M1;6;21;4032,95234;4032,60000;DOWN
2026-07-16 11:49:00;M1;6;21;4033,98769;4035,50000;UP
2026-07-16 11:55:00;M1;6;21;4034,91358;4033,51000;DOWN
2026-07-16 12:01:00;M1;6;21;4035,80063;4036,45000;UP
2026-07-16 12:07:00;M1;6;21;4036,59966;4036,44000;DOWN
2026-07-16 12:20:00;M1;6;34;4035,71163;4035,44000;DOWN
2026-07-16 12:31:00;M1;6;55;4033,31661;4031,84000;DOWN
2026-07-16 12:37:00;M1;6;55;4033,76214;4033,77000;UP
2026-07-16 12:45:00;M1;6;55;4034,13782;4031,66000;DOWN
2026-07-16 12:54:00;M1;6;21;4035,07052;4035,71000;UP
2026-07-16 12:56:00;M1;6;55;4034,74977;4033,23000;DOWN
2026-07-16 13:01:00;M1;6;89;4031,64219;4031,19000;DOWN
2026-07-16 13:07:00;M1;6;89;4031,82866;4031,92000;UP
2026-07-16 13:15:00;M1;6;21;4031,94296;4032,14000;UP
2026-07-16 13:13:00;M1;6;89;4031,99567;4031,81000;DOWN
2026-07-16 13:24:00;M1;6;34;4034,26183;4034,54000;UP
2026-07-16 13:27:00;M1;6;89;4032,31204;4032,05000;DOWN
2026-07-16 13:34:00;M1;6;34;4033,54288;4033,69000;UP
2026-07-16 13:39:00;M1;6;89;4032,62770;4031,77000;DOWN
2026-07-16 13:43:00;M1;6;21;4031,96285;4033,08000;UP
2026-07-16 13:49:00;M1;6;89;4032,87221;4030,89000;DOWN
2026-07-16 13:55:00;M1;6;21;4031,45779;4031,61000;UP
2026-07-16 14:01:00;M1;6;21;4030,81091;4028,88000;DOWN
2026-07-16 14:32:00;M1;6;21;4026,40158;4027,26000;UP
2026-07-16 14:37:00;M1;6;55;4030,57028;4030,86000;UP
2026-07-16 15:10:00;M1;6;89;4032,62301;4030,93000;DOWN
2026-07-16 15:14:00;M1;6;55;4031,45115;4031,73000;UP
2026-07-16 15:19:00;M1;6;55;4031,20441;4028,77000;DOWN
2026-07-16 16:13:00;M1;6;21;3987,28964;3993,04000;UP
2026-07-16 16:24:00;M1;6;34;3997,91586;3998,96000;UP
2026-07-16 16:31:00;M1;6;55;4003,72746;4004,45000;UP
2026-07-16 16:35:00;M1;6;34;3992,11290;3988,85000;DOWN
2026-07-16 16:37:00;M1;6;34;3989,28160;3992,36000;UP
2026-07-16 16:37:00;M1;6;55;4001,01224;3992,36000;DOWN
2026-07-16 16:43:00;M1;6;21;3983,66551;3987,35000;UP
2026-07-16 16:44:00;M1;6;34;3986,89610;3986,30000;DOWN
2026-07-16 16:49:00;M1;6;34;3985,09921;3991,91000;UP
2026-07-16 17:00:00;M1;6;55;3994,02518;3995,26000;UP
2026-07-16 17:12:00;M1;6;55;3990,18132;3988,39000;DOWN
2026-07-16 17:15:00;M1;6;21;3989,89214;3990,66000;UP
2026-07-16 17:27:00;M1;6;89;3998,10081;3998,17000;UP
2026-07-16 17:49:00;M1;6;21;3999,82997;3999,35000;DOWN
2026-07-16 18:06:00;M1;6;89;3992,20687;3991,59000;DOWN
2026-07-16 18:09:00;M1;6;34;3994,59391;3995,22000;UP
2026-07-16 18:13:00;M1;6;89;3990,63704;3990,26000;DOWN
2026-07-16 18:20:00;M1;6;21;3999,06110;3999,69000;UP
2026-07-16 18:53:00;M1;6;21;4010,01219;4009,26000;DOWN
2026-07-16 18:56:00;M1;6;34;4007,85782;4006,23000;DOWN
2026-07-16 19:07:00;M1;6;55;3999,34306;3997,62000;DOWN
2026-07-16 19:14:00;M1;6;89;3990,86140;3989,89000;DOWN
2026-07-16 19:35:00;M1;6;89;3990,00545;3990,96000;UP
2026-07-16 19:37:00;M1;6;21;3989,85048;3990,05000;UP
2026-07-16 19:40:00;M1;6;89;3989,61131;3989,33000;DOWN
2026-07-16 19:43:00;M1;6;89;3989,22990;3990,73000;UP
2026-07-16 19:51:00;M1;6;34;3995,19374;3995,25000;UP
2026-07-16 19:58:00;M1;6;34;3993,81320;3993,48000;DOWN
2026-07-16 20:09:00;M1;6;89;3988,40108;3987,78000;DOWN
2026-07-16 20:15:00;M1;6;21;3985,94476;3987,03000;UP
2026-07-16 20:21:00;M1;6;34;3987,75152;3988,41000;UP
2026-07-16 20:25:00;M1;6;89;3987,97378;3983,74000;DOWN
2026-07-16 20:31:00;M1;6;21;3985,50919;3986,69000;UP
2026-07-16 20:39:00;M1;6;34;3984,06166;3982,48000;DOWN
2026-07-16 20:46:00;M1;6;21;3983,81332;3983,98000;UP
2026-07-16 20:53:00;M1;6;89;3986,81660;3987,37000;UP
2026-07-16 20:55:00;M1;6;89;3986,48816;3985,43000;DOWN
2026-07-16 21:01:00;M1;6;55;3986,39511;3986,47000;UP
2026-07-16 21:14:00;M1;6;89;3985,59418;3985,21000;DOWN
2026-07-16 21:19:00;M1;6;89;3985,37605;3988,10000;UP
2026-07-16 21:30:00;M1;6;89;3985,16785;3984,49000;DOWN
2026-07-16 21:31:00;M1;6;55;3983,05226;3982,98000;DOWN
2026-07-16 21:46:00;M1;6;21;3983,79466;3983,96000;UP
2026-07-16 21:53:00;M1;6;55;3981,33711;3981,06000;DOWN
2026-07-16 21:55:00;M1;6;21;3981,98477;3981,99000;UP
2026-07-16 22:02:00;M1;6;89;3982,69806;3984,90000;UP
2026-07-16 22:10:00;M1;6;89;3982,21299;3981,31000;DOWN
2026-07-16 22:16:00;M1;6;21;3980,54860;3981,03000;UP
2026-07-16 22:23:00;M1;6;89;3981,22005;3980,38000;DOWN
2026-07-16 22:25:00;M1;6;34;3980,51507;3980,56000;UP
2026-07-16 22:26:00;M1;6;55;3979,06757;3978,92000;DOWN
2026-07-16 22:31:00;M1;6;34;3979,55698;3976,89000;DOWN
2026-07-16 22:43:00;M1;6;21;3975,72463;3976,71000;UP
2026-07-16 22:51:00;M1;6;34;3976,92052;3977,91000;UP
2026-07-16 22:49:00;M1;6;21;3975,50660;3974,98000;DOWN
2026-07-16 22:55:00;M1;6;21;3975,82147;3978,08000;UP
2026-07-16 22:56:00;M1;6;89;3977,64638;3976,69000;DOWN
2026-07-16 23:01:00;M1;6;89;3977,12056;3978,16000;UP
2026-07-16 23:06:00;M1;6;55;3976,13791;3975,40000;DOWN
2026-07-16 23:07:00;M1;6;21;3976,02341;3976,64000;UP
2026-07-16 23:08:00;M1;6;89;3976,61380;3976,23000;DOWN
2026-07-16 23:14:00;M1;6;55;3975,51978;3974,93000;DOWN
2026-07-16 23:26:00;M1;6;21;3974,37781;3975,17000;UP
2026-07-16 23:31:00;M1;6;89;3974,67337;3974,40000;DOWN
2026-07-16 23:37:00;M1;6;55;3973,86980;3975,87000;UP
2026-07-17 01:19:00;M1;6;21;3975,86662;3975,73000;DOWN
2026-07-17 01:29:00;M1;6;21;3976,08602;3976,39000;UP
2026-07-17 01:31:00;M1;6;21;3976,23463;3976,01000;DOWN
2026-07-17 01:37:00;M1;6;21;3976,29606;3976,49000;UP
2026-07-17 01:44:00;M1;6;34;3974,99014;3973,44000;DOWN
2026-07-17 01:51:00;M1;6;34;3975,04904;3975,05000;UP
2026-07-17 01:55:00;M1;6;21;3975,91813;3976,31000;UP
2026-07-17 02:30:00;M1;6;21;3978,23482;3977,81000;DOWN
2026-07-17 02:35:00;M1;6;21;3978,69236;3979,44000;UP
2026-07-17 02:31:00;M1;6;34;3977,70181;3976,68000;DOWN
2026-07-17 02:37:00;M1;6;34;3978,18487;3980,26000;UP
2026-07-17 02:45:00;M1;6;34;3978,56873;3977,90000;DOWN
2026-07-17 02:51:00;M1;6;21;3980,06741;3980,14000;UP
2026-07-17 02:55:00;M1;6;21;3980,91581;3980,66000;DOWN
2026-07-17 03:01:00;M1;6;21;3982,04934;3984,10000;UP
2026-07-17 03:13:00;M1;6;21;3984,95080;3984,21000;DOWN
2026-07-17 03:19:00;M1;6;21;3986,53634;3988,03000;UP
2026-07-17 03:29:00;M1;6;34;3985,03791;3984,82000;DOWN
2026-07-17 03:34:00;M1;6;55;3982,33153;3981,35000;DOWN
2026-07-17 03:37:00;M1;6;55;3982,95343;3983,68000;UP
2026-07-17 03:46:00;M1;6;34;3986,28576;3986,81000;UP
2026-07-17 03:43:00;M1;6;55;3983,56079;3981,50000;DOWN
2026-07-17 03:50:00;M1;6;21;3987,04393;3987,25000;UP
2026-07-17 03:49:00;M1;6;34;3986,63316;3986,39000;DOWN
2026-07-17 03:55:00;M1;6;34;3987,30029;3988,80000;UP
2026-07-17 03:56:00;M1;6;21;3987,64428;3987,35000;DOWN
2026-07-17 04:01:00;M1;6;21;3988,59634;3989,86000;UP
2026-07-17 04:23:00;M1;6;34;3991,02641;3990,22000;DOWN
2026-07-17 04:26:00;M1;6;55;3989,37263;3989,25000;DOWN
2026-07-17 04:34:00;M1;6;34;3992,36110;3992,66000;UP
2026-07-17 04:37:00;M1;6;21;3993,40940;3995,15000;UP
2026-07-17 04:41:00;M1;6;55;3990,97112;3990,59000;DOWN
2026-07-17 04:43:00;M1;6;55;3991,49904;3992,50000;UP
2026-07-17 04:43:00;M1;6;21;3993,00443;3992,50000;DOWN
2026-07-17 04:49:00;M1;6;89;3986,35745;3984,01000;DOWN
2026-07-17 05:17:00;M1;6;21;3983,55458;3983,88000;UP
2026-07-17 05:21:00;M1;6;21;3982,37929;3981,61000;DOWN
2026-07-17 05:25:00;M1;6;21;3981,54528;3982,77000;UP
2026-07-17 05:32:00;M1;6;21;3980,45100;3980,41000;DOWN
2026-07-17 05:47:00;M1;6;21;3977,74293;3978,43000;UP
2026-07-17 05:50:00;M1;6;21;3976,80786;3976,26000;DOWN
2026-07-17 05:55:00;M1;6;21;3976,36583;3978,86000;UP
2026-07-17 06:02:00;M1;6;55;3984,55968;3985,17000;UP
2026-07-17 06:37:00;M1;6;21;3999,14640;3998,82000;DOWN
2026-07-17 06:52:00;M1;6;34;3993,86571;3993,34000;DOWN
2026-07-17 06:56:00;M1;6;89;3991,06997;3990,98000;DOWN
2026-07-17 07:48:00;M1;6;21;3983,65176;3983,87000;UP
2026-07-17 07:49:00;M1;6;21;3981,89810;3981,73000;DOWN
2026-07-17 07:55:00;M1;6;21;3980,54717;3981,97000;UP
2026-07-17 08:06:00;M1;6;21;3979,42825;3978,27000;DOWN
2026-07-17 08:07:00;M1;6;21;3978,51982;3979,23000;UP
2026-07-17 08:16:00;M1;6;21;3977,88170;3976,74000;DOWN
2026-07-17 08:20:00;M1;6;21;3977,32301;3978,38000;UP
2026-07-17 08:26:00;M1;6;34;3979,72854;3979,75000;UP
2026-07-17 08:32:00;M1;6;55;3985,11533;3985,88000;UP
2026-07-17 08:41:00;M1;6;89;3987,16501;3989,07000;UP
2026-07-17 08:37:00;M1;6;55;3984,57669;3982,79000;DOWN
2026-07-17 08:43:00;M1;6;55;3984,12291;3986,80000;UP
2026-07-17 08:43:00;M1;6;89;3986,83462;3986,80000;DOWN
2026-07-17 08:49:00;M1;6;89;3986,61009;3987,95000;UP
2026-07-17 08:59:00;M1;6;89;3986,43011;3984,94000;DOWN
2026-07-17 09:01:00;M1;6;89;3986,38543;3988,09000;UP
2026-07-17 09:36:00;M1;6;21;4001,89264;4001,10000;DOWN
2026-07-17 09:43:00;M1;6;34;3997,58975;3997,06000;DOWN
2026-07-17 09:57:00;M1;6;34;4000,44605;4001,25000;UP
2026-07-17 10:01:00;M1;6;34;4001,57704;4000,69000;DOWN
2026-07-17 10:09:00;M1;6;55;3995,29588;3994,97000;DOWN
2026-07-17 10:14:00;M1;6;55;3996,21242;3996,44000;UP
2026-07-17 10:19:00;M1;6;55;3997,03575;3997,00000;DOWN
2026-07-17 10:32:00;M1;6;21;3997,89558;3998,02000;UP
2026-07-17 10:37:00;M1;6;89;3994,90502;3994,39000;DOWN
2026-07-17 10:44:00;M1;6;21;3996,37502;3998,57000;UP
2026-07-17 10:53:00;M1;6;89;3995,40585;3994,54000;DOWN
2026-07-17 10:55:00;M1;6;21;3994,93547;3995,51000;UP
2026-07-17 11:04:00;M1;6;34;3998,67909;3999,10000;UP
2026-07-17 11:10:00;M1;6;89;3995,95088;3995,91000;DOWN
2026-07-17 11:15:00;M1;6;21;3993,28207;3993,54000;UP
2026-07-17 11:19:00;M1;6;21;3992,50389;3990,02000;DOWN
2026-07-17 11:25:00;M1;6;21;3991,83916;3994,61000;UP
2026-07-17 11:31:00;M1;6;34;3993,67967;3990,61000;DOWN
2026-07-17 11:43:00;M1;6;21;3990,79111;3991,68000;UP
2026-07-17 11:49:00;M1;6;55;3996,88121;3998,51000;UP
2026-07-17 11:51:00;M1;6;89;3996,32847;3995,55000;DOWN
2026-07-17 11:55:00;M1;6;89;3996,41137;3997,62000;UP
2026-07-17 11:58:00;M1;6;55;3996,44715;3995,14000;DOWN
2026-07-17 12:01:00;M1;6;89;3996,52624;3994,48000;DOWN
2026-07-17 12:07:00;M1;6;55;3995,79503;3996,60000;UP
2026-07-17 12:13:00;M1;6;89;3996,85315;3997,11000;UP
2026-07-17 12:19:00;M1;6;89;3997,09533;3996,06000;DOWN
2026-07-17 12:25:00;M1;6;89;3997,36622;4001,83000;UP
2026-07-17 12:33:00;M1;6;89;3997,62288;3996,71000;DOWN
2026-07-17 12:37:00;M1;6;55;3995,93660;3996,06000;UP
2026-07-17 12:43:00;M1;6;89;3998,07139;3997,13000;DOWN
2026-07-17 12:52:00;M1;6;34;3996,68403;3997,77000;UP
2026-07-17 12:55:00;M1;6;89;3998,41590;3997,44000;DOWN
2026-07-17 13:01:00;M1;6;55;3996,38591;3995,64000;DOWN
2026-07-17 13:08:00;M1;6;55;3996,46194;3996,67000;UP
2026-07-17 13:13:00;M1;6;21;3997,86130;3997,87000;UP
2026-07-17 13:16:00;M1;6;55;3996,50116;3995,95000;DOWN
2026-07-17 13:20:00;M1;6;34;3997,94750;3998,31000;UP
2026-07-17 13:19:00;M1;6;21;3997,25590;3994,59000;DOWN
2026-07-17 13:25:00;M1;6;55;3996,56462;3995,94000;DOWN
2026-07-17 13:31:00;M1;6;21;3996,27647;3996,54000;UP
2026-07-17 13:37:00;M1;6;55;3996,54696;3995,14000;DOWN
2026-07-17 13:43:00;M1;6;21;3995,48315;3995,99000;UP
2026-07-17 13:49:00;M1;6;55;3996,42713;3995,58000;DOWN
2026-07-17 14:01:00;M1;6;21;3993,25791;3993,90000;UP
2026-07-17 14:07:00;M1;6;21;3992,43943;3991,57000;DOWN
2026-07-17 14:13:00;M1;6;21;3991,73483;3992,46000;UP
2026-07-17 14:20:00;M1;6;34;3993,20639;3993,40000;UP
2026-07-17 14:25:00;M1;6;55;3994,67708;3993,05000;DOWN
2026-07-17 14:33:00;M1;6;34;3992,54221;3991,93000;DOWN
2026-07-17 14:38:00;M1;6;34;3992,36523;3992,99000;UP
2026-07-17 14:43:00;M1;6;55;3993,97625;3991,90000;DOWN
2026-07-17 14:49:00;M1;6;21;3992,76458;3993,62000;UP
2026-07-17 14:58:00;M1;6;89;3995,31796;3994,02000;DOWN
2026-07-17 15:03:00;M1;6;55;3993,53682;3992,88000;DOWN
2026-07-17 15:12:00;M1;6;21;3993,22129;3993,24000;UP
2026-07-17 15:13:00;M1;6;34;3991,94254;3990,32000;DOWN
2026-07-17 15:19:00;M1;6;21;3991,50100;3991,70000;UP
2026-07-17 15:25:00;M1;6;34;3990,63113;3985,41000;DOWN
2026-07-17 16:04:00;M1;6;21;3970,26906;3974,08000;UP
2026-07-17 16:10:00;M1;6;21;3967,36361;3966,90000;DOWN
2026-07-17 16:13:00;M1;6;21;3965,52072;3970,08000;UP
2026-07-17 16:19:00;M1;6;34;3970,63194;3970,88000;UP
2026-07-17 16:29:00;M1;6;34;3968,73096;3968,25000;DOWN
2026-07-17 16:31:00;M1;6;34;3967,19666;3970,22000;UP
2026-07-17 16:37:00;M1;6;89;3980,40534;3983,17000;UP
2026-07-17 17:14:00;M1;6;21;3996,12992;3994,54000;DOWN
2026-07-17 17:20:00;M1;6;21;3999,67099;4000,82000;UP
2026-07-17 17:25:00;M1;6;21;4002,35975;4001,21000;DOWN
2026-07-17 17:43:00;M1;6;34;3997,09117;3996,40000;DOWN
2026-07-17 17:59:00;M1;6;34;4000,71425;4001,09000;UP
2026-07-17 18:04:00;M1;6;21;4003,77782;4012,37000;UP
2026-07-17 18:01:00;M1;6;34;4002,88842;4002,26000;DOWN
2026-07-17 18:08:00;M1;6;34;4005,07163;4006,86000;UP
2026-07-17 18:07:00;M1;6;21;4005,15368;4004,88000;DOWN
2026-07-17 18:17:00;M1;6;21;4006,70809;4007,73000;UP
2026-07-17 18:13:00;M1;6;34;4007,06121;4003,97000;DOWN
2026-07-17 18:20:00;M1;6;34;4008,80335;4009,06000;UP
2026-07-17 18:19:00;M1;6;21;4008,16379;4005,55000;DOWN
2026-07-17 18:27:00;M1;6;21;4009,81943;4010,73000;UP
2026-07-17 18:25:00;M1;6;34;4010,45536;4006,70000;DOWN
2026-07-17 18:31:00;M1;6;34;4011,85068;4014,35000;UP
2026-07-17 18:34:00;M1;6;21;4011,46287;4010,89000;DOWN
2026-07-17 18:37:00;M1;6;21;4013,13364;4013,91000;UP
2026-07-17 18:43:00;M1;6;34;4014,44639;4014,25000;DOWN
2026-07-17 18:50:00;M1;6;21;4016,85388;4017,05000;UP
2026-07-17 18:57:00;M1;6;21;4018,64392;4017,48000;DOWN
2026-07-17 19:01:00;M1;6;55;4013,71759;4012,94000;DOWN
2026-07-17 19:07:00;M1;6;55;4015,66398;4016,06000;UP
2026-07-17 19:24:00;M1;6;21;4021,94469;4023,54000;UP
2026-07-17 19:22:00;M1;6;55;4019,12192;4018,35000;DOWN
2026-07-17 19:25:00;M1;6;34;4022,62184;4019,33000;DOWN
2026-07-17 19:49:00;M1;6;21;4019,11015;4019,93000;UP
2026-07-17 19:55:00;M1;6;21;4018,11834;4015,50000;DOWN
2026-07-17 20:01:00;M1;6;21;4017,36566;4018,84000;UP
2026-07-17 20:12:00;M1;6;89;4015,99328;4014,58000;DOWN
2026-07-17 20:25:00;M1;6;21;4015,04727;4015,07000;UP
2026-07-17 20:31:00;M1;6;21;4014,15693;4013,32000;DOWN
2026-07-17 20:49:00;M1;6;21;4011,46157;4012,87000;UP
2026-07-17 20:55:00;M1;6;21;4010,66948;4009,17000;DOWN
2026-07-17 21:02:00;M1;6;21;4009,96082;4010,54000;UP
2026-07-17 21:07:00;M1;6;34;4011,83194;4012,21000;UP
2026-07-17 21:13:00;M1;6;34;4011,23295;4010,21000;DOWN
2026-07-17 21:19:00;M1;6;34;4010,86225;4012,11000;UP
2026-07-17 21:40:00;M1;6;34;4010,62981;4010,12000;DOWN
2026-07-17 21:54:00;M1;6;34;4009,94926;4010,34000;UP
2026-07-17 21:55:00;M1;6;21;4010,45688;4010,48000;UP
2026-07-17 22:00:00;M1;6;34;4009,68943;4009,36000;DOWN
2026-07-17 22:01:00;M1;6;21;4009,92689;4008,60000;DOWN
2026-07-17 22:30:00;M1;6;21;4005,45576;4005,61000;UP
2026-07-17 22:31:00;M1;6;34;4006,36443;4007,28000;UP
2026-07-17 22:37:00;M1;6;55;4007,87305;4007,97000;UP
2026-07-17 22:55:00;M1;6;89;4015,42854;4016,19000;UP
2026-07-17 23:01:00;M1;6;89;4015,05570;4013,41000;DOWN
2026-07-17 23:14:00;M1;6;21;4012,47794;4012,15000;DOWN
2026-07-17 23:19:00;M1;6;34;4009,73321;4009,23000;DOWN
2026-07-17 23:28:00;M1;6;34;4010,12642;4010,14000;UP
2026-07-17 23:31:00;M1;6;34;4010,42375;4009,93000;DOWN
2026-07-17 23:38:00;M1;6;34;4010,72387;4010,91000;UP
2026-07-17 23:44:00;M1;6;21;4012,89318;4013,51000;UP
2026-07-20 01:01:00;M1;6;89;4012,52326;3998,35000;DOWN
2026-07-20 01:37:00;M1;6;21;3996,25866;3996,64000;UP
2026-07-20 01:55:00;M1;6;34;3997,96630;3998,27000;UP
2026-07-20 02:00:00;M1;6;21;3992,45394;3992,27000;DOWN
2026-07-20 02:01:00;M1;6;21;3991,93904;3992,32000;UP
2026-07-20 02:01:00;M1;6;34;3996,51582;3992,32000;DOWN
2026-07-20 02:13:00;M1;6;21;3991,28066;3991,12000;DOWN
2026-07-20 02:19:00;M1;6;21;3990,93432;3991,29000;UP
2026-07-20 02:50:00;M1;6;55;3992,29812;3992,72000;UP
2026-07-20 03:00:00;M1;6;55;3991,50401;3989,11000;DOWN
2026-07-20 03:01:00;M1;6;34;3988,66069;3983,91000;DOWN
2026-07-20 03:12:00;M1;6;21;3990,72758;3991,26000;UP
2026-07-20 03:13:00;M1;6;89;3994,32962;3997,79000;UP
2026-07-20 03:39:00;M1;6;21;4000,59792;3999,91000;DOWN
2026-07-20 03:59:00;M1;6;21;4004,80004;4008,46000;UP
2026-07-20 04:18:00;M1;6;34;4005,94278;4005,57000;DOWN
2026-07-20 04:38:00;M1;6;55;4001,93212;4000,65000;DOWN
2026-07-20 04:48:00;M1;6;55;4002,51765;4003,48000;UP
2026-07-20 04:50:00;M1;6;55;4002,89468;4000,57000;DOWN
2026-07-20 05:01:00;M1;6;21;4001,78802;4003,55000;UP
2026-07-20 05:07:00;M1;6;34;4006,27038;4005,06000;DOWN
2026-07-20 05:13:00;M1;6;34;4006,04374;4006,22000;UP
2026-07-20 05:15:00;M1;6;55;4004,62255;4004,62000;DOWN
2026-07-20 05:20:00;M1;6;55;4005,18960;4006,09000;UP
2026-07-20 05:19:00;M1;6;34;4006,02779;4004,57000;DOWN
2026-07-20 05:25:00;M1;6;34;4006,07988;4007,35000;UP
2026-07-20 06:05:00;M1;6;21;4019,84064;4019,78000;DOWN
2026-07-20 06:12:00;M1;6;21;4022,07801;4022,33000;UP
2026-07-20 06:13:00;M1;6;21;4024,16966;4021,91000;DOWN
2026-07-20 06:20:00;M1;6;21;4025,99229;4026,09000;UP
2026-07-20 06:25:00;M1;6;21;4027,13726;4023,76000;DOWN
2026-07-20 06:31:00;M1;6;34;4023,30340;4020,66000;DOWN
2026-07-20 06:39:00;M1;6;34;4024,71350;4024,80000;UP
2026-07-20 06:49:00;M1;6;34;4027,16848;4025,92000;DOWN
2026-07-20 06:55:00;M1;6;55;4023,86322;4023,21000;DOWN
2026-07-20 07:01:00;M1;6;55;4024,93194;4024,99000;UP
2026-07-20 07:07:00;M1;6;55;4025,90726;4024,69000;DOWN
2026-07-20 07:29:00;M1;6;21;4025,15963;4025,23000;UP
2026-07-20 07:33:00;M1;6;89;4022,89781;4022,41000;DOWN
2026-07-20 07:38:00;M1;6;89;4023,64655;4023,77000;UP
2026-07-20 07:43:00;M1;6;89;4024,29599;4022,60000;DOWN
2026-07-20 08:32:00;M1;6;21;4011,53176;4012,48000;UP
2026-07-20 08:48:00;M1;6;21;4008,77461;4008,74000;DOWN
2026-07-20 08:52:00;M1;6;21;4007,72940;4008,04000;UP
2026-07-20 08:56:00;M1;6;34;4010,20677;4010,30000;UP
2026-07-20 09:05:00;M1;6;34;4009,02574;4008,63000;DOWN
2026-07-20 09:07:00;M1;6;34;4007,99819;4009,71000;UP
2026-07-20 09:27:00;M1;6;34;4005,62958;4005,37000;DOWN
2026-07-20 09:31:00;M1;6;34;4004,85278;4005,19000;UP
2026-07-20 09:40:00;M1;6;21;4004,95415;4005,47000;UP
2026-07-20 09:38:00;M1;6;34;4004,20052;4004,10000;DOWN
2026-07-20 09:43:00;M1;6;34;4003,72042;4004,10000;UP
2026-07-20 09:43:00;M1;6;21;4004,66736;4004,10000;DOWN
2026-07-20 09:49:00;M1;6;21;4004,32958;4006,11000;UP
2026-07-20 09:58:00;M1;6;21;4003,94668;4003,60000;DOWN
2026-07-20 10:01:00;M1;6;21;4003,74675;4005,43000;UP
2026-07-20 10:11:00;M1;6;55;4004,20589;4004,11000;DOWN
2026-07-20 10:14:00;M1;6;55;4003,39821;4004,22000;UP
2026-07-20 10:17:00;M1;6;21;4003,23000;4002,71000;DOWN
2026-07-20 10:19:00;M1;6;21;4003,29163;4003,75000;UP
2026-07-20 10:33:00;M1;6;89;4010,82297;4011,66000;UP
2026-07-20 11:07:00;M1;6;21;4019,87464;4019,67000;DOWN
2026-07-20 11:13:00;M1;6;21;4022,16300;4022,22000;UP
2026-07-20 11:20:00;M1;6;21;4024,14967;4023,81000;DOWN
2026-07-20 11:25:00;M1;6;21;4025,45803;4026,53000;UP
2026-07-20 11:31:00;M1;6;34;4021,26818;4019,57000;DOWN
2026-07-20 11:37:00;M1;6;34;4022,75454;4023,57000;UP
2026-07-20 11:43:00;M1;6;34;4023,94948;4022,00000;DOWN
2026-07-20 12:03:00;M1;6;55;4018,98721;4018,85000;DOWN
2026-07-20 12:12:00;M1;6;55;4019,74673;4020,23000;UP
2026-07-20 12:15:00;M1;6;21;4020,85591;4020,87000;UP
2026-07-20 12:14:00;M1;6;55;4020,48419;4019,41000;DOWN
2026-07-20 12:19:00;M1;6;21;4020,22795;4019,68000;DOWN
2026-07-20 12:35:00;M1;6;21;4018,92695;4019,93000;UP
2026-07-20 12:46:00;M1;6;21;4018,72090;4018,20000;DOWN
2026-07-20 12:49:00;M1;6;21;4019,00610;4022,73000;UP
2026-07-20 12:55:00;M1;6;34;4021,44151;4018,90000;DOWN
2026-07-20 13:04:00;M1;6;21;4019,94355;4020,26000;UP
2026-07-20 13:07:00;M1;6;34;4021,02805;4019,98000;DOWN
2026-07-20 13:13:00;M1;6;21;4020,46085;4021,33000;UP
2026-07-20 13:19:00;M1;6;34;4020,69771;4019,32000;DOWN
2026-07-20 13:25:00;M1;6;21;4021,07219;4021,22000;UP
2026-07-20 13:38:00;M1;6;21;4021,87661;4021,61000;DOWN
2026-07-20 13:43:00;M1;6;21;4022,08432;4022,17000;UP
2026-07-20 13:51:00;M1;6;55;4023,62909;4023,73000;UP
2026-07-20 13:49:00;M1;6;89;4021,30735;4021,14000;DOWN
2026-07-20 13:55:00;M1;6;21;4023,00484;4023,49000;UP
2026-07-20 13:55:00;M1;6;55;4023,66437;4023,49000;DOWN
2026-07-20 14:01:00;M1;6;55;4023,73928;4025,93000;UP
2026-07-20 14:06:00;M1;6;21;4023,55683;4023,03000;DOWN
2026-07-20 14:09:00;M1;6;89;4022,62358;4022,62000;DOWN
2026-07-20 14:19:00;M1;6;34;4023,04657;4023,13000;UP
2026-07-20 14:27:00;M1;6;21;4023,15064;4023,33000;UP
2026-07-20 14:25:00;M1;6;34;4023,06072;4020,97000;DOWN
2026-07-20 14:31:00;M1;6;34;4023,59825;4031,22000;UP
2026-07-20 14:50:00;M1;6;34;4026,52090;4025,98000;DOWN
2026-07-20 14:55:00;M1;6;34;4027,17665;4027,40000;UP
2026-07-20 14:59:00;M1;6;89;4025,81165;4025,24000;DOWN
2026-07-20 15:01:00;M1;6;34;4027,04837;4019,77000;DOWN
2026-07-20 15:35:00;M1;6;21;4013,91509;4014,43000;UP
2026-07-20 15:40:00;M1;6;21;4011,59464;4010,20000;DOWN
2026-07-20 15:45:00;M1;6;21;4010,16364;4012,14000;UP
2026-07-20 16:04:00;M1;6;34;4012,11575;4012,45000;UP
2026-07-20 16:07:00;M1;6;34;4010,76151;4009,89000;DOWN
2026-07-20 16:16:00;M1;6;34;4009,46539;4011,28000;UP
2026-07-20 16:31:00;M1;6;55;4012,04006;4013,21000;UP
2026-07-20 16:45:00;M1;6;55;4010,70141;4010,58000;DOWN
2026-07-20 16:49:00;M1;6;55;4010,06446;4010,77000;UP
2026-07-20 16:50:00;M1;6;21;4009,86258;4009,42000;DOWN
2026-07-20 16:56:00;M1;6;21;4009,65524;4009,91000;UP
2026-07-20 16:58:00;M1;6;55;4009,35396;4006,55000;DOWN
2026-07-20 17:01:00;M1;6;21;4008,79720;4006,28000;DOWN
2026-07-20 17:25:00;M1;6;21;4002,72023;4004,38000;UP
2026-07-20 17:39:00;M1;6;89;4009,59575;4009,67000;UP
2026-07-20 17:43:00;M1;6;89;4008,95611;4007,18000;DOWN
2026-07-20 17:49:00;M1;6;89;4008,41071;4012,80000;UP
2026-07-20 17:55:00;M1;6;89;4007,89271;4007,59000;DOWN
2026-07-20 18:01:00;M1;6;21;4007,64668;4009,58000;UP
2026-07-20 18:20:00;M1;6;21;4011,40815;4011,34000;DOWN
2026-07-20 18:25:00;M1;6;21;4012,87998;4015,87000;UP
2026-07-20 18:33:00;M1;6;21;4013,92171;4013,81000;DOWN
2026-07-20 18:40:00;M1;6;34;4010,85664;4010,30000;DOWN
2026-07-20 18:44:00;M1;6;34;4011,74758;4012,89000;UP
2026-07-20 18:51:00;M1;6;21;4015,02681;4015,64000;UP
2026-07-20 18:57:00;M1;6;34;4013,32531;4012,85000;DOWN
2026-07-20 19:05:00;M1;6;21;4015,45743;4016,40000;UP
2026-07-20 19:12:00;M1;6;21;4015,75120;4015,31000;DOWN
2026-07-20 19:13:00;M1;6;34;4015,25074;4013,54000;DOWN
2026-07-20 19:30:00;M1;6;55;4011,76528;4010,21000;DOWN
2026-07-20 19:41:00;M1;6;89;4007,88499;4005,42000;DOWN
2026-07-20 19:43:00;M1;6;89;4007,98349;4008,56000;UP
2026-07-20 19:51:00;M1;6;89;4008,05280;4007,76000;DOWN
2026-07-20 19:57:00;M1;6;21;4008,98963;4009,45000;UP
2026-07-20 20:03:00;M1;6;34;4011,72267;4011,82000;UP
2026-07-20 20:07:00;M1;6;34;4011,25999;4010,64000;DOWN
2026-07-20 20:18:00;M1;6;34;4010,88840;4011,18000;UP
2026-07-20 20:19:00;M1;6;34;4010,60856;4010,47000;DOWN
2026-07-20 20:25:00;M1;6;34;4010,43477;4012,05000;UP
2026-07-20 20:31:00;M1;6;55;4012,18151;4011,19000;DOWN
2026-07-20 20:39:00;M1;6;34;4010,21525;4010,03000;DOWN
2026-07-20 20:43:00;M1;6;89;4009,11210;4008,92000;DOWN
2026-07-20 21:01:00;M1;6;21;4007,91933;4008,66000;UP
2026-07-20 21:10:00;M1;6;55;4010,15242;4010,63000;UP
2026-07-20 21:13:00;M1;6;89;4009,07172;4008,80000;DOWN
2026-07-20 21:21:00;M1;6;34;4007,69963;4007,54000;DOWN
2026-07-20 21:38:00;M1;6;21;4006,22944;4006,33000;UP
2026-07-20 21:43:00;M1;6;34;4006,69894;4006,72000;UP
2026-07-20 21:51:00;M1;6;55;4007,58219;4007,00000;DOWN
2026-07-20 22:00:00;M1;6;55;4007,30310;4007,53000;UP
2026-07-20 21:55:00;M1;6;34;4006,40472;4006,36000;DOWN
2026-07-20 22:01:00;M1;6;21;4006,41256;4007,27000;UP
2026-07-20 22:02:00;M1;6;55;4007,01562;4006,61000;DOWN
2026-07-20 22:10:00;M1;6;55;4006,74012;4007,22000;UP
2026-07-20 22:07:00;M1;6;34;4005,98275;4005,61000;DOWN
2026-07-20 22:15:00;M1;6;21;4005,86706;4006,46000;UP
2026-07-20 22:13:00;M1;6;55;4006,48338;4004,46000;DOWN
2026-07-20 22:19:00;M1;6;55;4006,31200;4008,16000;UP
2026-07-20 22:25:00;M1;6;89;4007,71770;4007,69000;DOWN
2026-07-20 22:31:00;M1;6;89;4007,70896;4014,48000;UP
2026-07-20 22:44:00;M1;6;89;4007,73948;4005,75000;DOWN
2026-07-20 22:49:00;M1;6;34;4008,48902;4008,81000;UP
2026-07-20 22:55:00;M1;6;89;4007,76968;4006,96000;DOWN
2026-07-20 23:01:00;M1;6;55;4007,31333;4008,30000;UP
2026-07-20 23:07:00;M1;6;89;4007,71651;4006,11000;DOWN
2026-07-20 23:14:00;M1;6;55;4007,31268;4007,75000;UP
2026-07-20 23:21:00;M1;6;21;4008,62703;4008,82000;UP
2026-07-20 23:19:00;M1;6;89;4007,59620;4007,24000;DOWN
2026-07-20 23:25:00;M1;6;55;4007,38051;4008,41000;UP
2026-07-20 23:25:00;M1;6;34;4008,59905;4008,41000;DOWN
2026-07-20 23:32:00;M1;6;21;4008,01893;4008,88000;UP
2026-07-20 23:37:00;M1;6;34;4008,74442;4008,62000;DOWN
2026-07-20 23:47:00;M1;6;21;4007,97786;4007,90000;DOWN
2026-07-20 23:53:00;M1;6;21;4008,03474;4008,40000;UP
2026-07-20 23:52:00;M1;6;89;4007,44814;4007,41000;DOWN
2026-07-20 23:56:00;M1;6;55;4007,93020;4007,98000;UP
2026-07-20 23:55:00;M1;6;21;4008,13855;4007,83000;DOWN
2026-07-21 01:01:00;M1;6;21;4008,10736;4009,49000;UP
2026-07-21 01:05:00;M1;6;89;4007,45491;4007,21000;DOWN
2026-07-21 01:07:00;M1;6;34;4008,36070;4007,08000;DOWN
2026-07-21 01:24:00;M1;6;21;4007,33079;4008,08000;UP
2026-07-21 01:35:00;M1;6;89;4007,30430;4007,20000;DOWN
2026-07-21 01:37:00;M1;6;21;4007,08973;4007,89000;UP
2026-07-21 01:43:00;M1;6;89;4007,10731;4004,65000;DOWN
2026-07-21 02:02:00;M1;6;21;4003,36118;4004,01000;UP
2026-07-21 02:10:00;M1;6;89;4006,21210;4001,23000;DOWN
2026-07-21 02:13:00;M1;6;21;4002,32695;4002,76000;UP
2026-07-21 02:22:00;M1;6;89;4005,75362;4005,62000;DOWN
2026-07-21 02:32:00;M1;6;55;4004,59028;4005,77000;UP
2026-07-21 02:39:00;M1;6;89;4005,27038;4004,94000;DOWN
2026-07-21 02:43:00;M1;6;89;4005,20802;4007,76000;UP
2026-07-21 03:00:00;M1;6;21;4006,67027;4005,33000;DOWN
2026-07-21 03:02:00;M1;6;89;4005,25628;4004,13000;DOWN
2026-07-21 03:12:00;M1;6;21;4008,18076;4010,16000;UP
2026-07-21 03:55:00;M1;6;21;4023,71079;4023,47000;DOWN
2026-07-21 04:05:00;M1;6;21;4026,00159;4027,03000;UP
2026-07-21 04:07:00;M1;6;21;4027,97398;4027,58000;DOWN
2026-07-21 04:18:00;M1;6;21;4029,61571;4030,53000;UP
2026-07-21 04:23:00;M1;6;34;4026,48485;4026,20000;DOWN
2026-07-21 04:25:00;M1;6;34;4028,02409;4029,55000;UP
2026-07-21 04:33:00;M1;6;34;4029,36244;4028,51000;DOWN
2026-07-21 04:39:00;M1;6;55;4024,11234;4023,75000;DOWN
2026-07-21 04:43:00;M1;6;55;4025,35569;4026,27000;UP
2026-07-21 04:49:00;M1;6;55;4026,47141;4025,70000;DOWN
2026-07-21 05:21:00;M1;6;21;4025,15386;4025,29000;UP
2026-07-21 05:19:00;M1;6;89;4022,98945;4022,56000;DOWN
2026-07-21 05:30:00;M1;6;34;4029,42966;4031,89000;UP
2026-07-21 05:31:00;M1;6;55;4030,84558;4030,38000;DOWN
2026-07-21 05:37:00;M1;6;55;4031,68190;4036,63000;UP
2026-07-21 05:51:00;M1;6;55;4033,43631;4033,10000;DOWN
2026-07-21 05:55:00;M1;6;21;4034,70735;4035,05000;UP
2026-07-21 06:13:00;M1;6;21;4040,37853;4039,03000;DOWN
2026-07-21 06:24:00;M1;6;21;4041,42337;4041,74000;UP
2026-07-21 06:19:00;M1;6;55;4038,03467;4037,29000;DOWN
2026-07-21 06:25:00;M1;6;34;4039,14597;4042,03000;UP
2026-07-21 06:25:00;M1;6;21;4042,89902;4042,03000;DOWN
2026-07-21 06:31:00;M1;6;21;4044,19089;4045,32000;UP
2026-07-21 06:37:00;M1;6;21;4045,20363;4043,72000;DOWN
2026-07-21 06:44:00;M1;6;55;4041,92796;4041,85000;DOWN
2026-07-21 06:51:00;M1;6;21;4046,43845;4046,61000;UP
2026-07-21 06:55:00;M1;6;21;4047,05586;4046,62000;DOWN
2026-07-21 07:01:00;M1;6;21;4047,96764;4047,97000;UP
2026-07-21 07:11:00;M1;6;55;4045,89082;4045,87000;DOWN
2026-07-21 07:19:00;M1;6;89;4044,92839;4043,93000;DOWN
2026-07-21 07:47:00;M1;6;21;4047,11729;4047,32000;UP
2026-07-21 07:49:00;M1;6;21;4046,99971;4046,43000;DOWN
2026-07-21 07:55:00;M1;6;21;4047,20934;4047,66000;UP
2026-07-21 08:01:00;M1;6;89;4050,06746;4048,51000;DOWN
2026-07-21 08:07:00;M1;6;21;4047,80794;4049,15000;UP
2026-07-21 08:14:00;M1;6;89;4051,21853;4051,49000;UP
2026-07-21 08:16:00;M1;6;34;4049,78426;4049,59000;DOWN
2026-07-21 08:19:00;M1;6;34;4049,87941;4050,41000;UP
2026-07-21 08:19:00;M1;6;89;4051,76599;4050,41000;DOWN
2026-07-21 08:25:00;M1;6;21;4049,85027;4054,82000;UP
2026-07-21 08:57:00;M1;6;21;4063,40123;4062,39000;DOWN
2026-07-21 09:03:00;M1;6;21;4065,32877;4066,37000;UP
2026-07-21 09:07:00;M1;6;21;4067,42735;4064,70000;DOWN
2026-07-21 09:13:00;M1;6;21;4069,52673;4070,85000;UP
2026-07-21 09:19:00;M1;6;21;4071,72779;4071,56000;DOWN
2026-07-21 09:41:00;M1;6;21;4076,45055;4078,77000;UP
2026-07-21 09:43:00;M1;6;21;4078,11419;4078,02000;DOWN
2026-07-21 09:49:00;M1;6;21;4079,84089;4082,99000;UP
2026-07-21 09:58:00;M1;6;34;4079,14427;4079,12000;DOWN
2026-07-21 10:11:00;M1;6;89;4072,99129;4072,92000;DOWN
2026-07-21 11:32:00;M1;6;21;4064,60953;4064,65000;UP
2026-07-21 11:37:00;M1;6;21;4063,42401;4062,26000;DOWN
2026-07-21 11:43:00;M1;6;21;4062,17562;4062,81000;UP
2026-07-21 11:49:00;M1;6;21;4061,15241;4060,08000;DOWN
2026-07-21 11:55:00;M1;6;21;4060,48106;4061,96000;UP
2026-07-21 12:01:00;M1;6;34;4062,39840;4063,96000;UP
2026-07-21 12:25:00;M1;6;55;4066,94817;4068,18000;UP
2026-07-21 12:29:00;M1;6;21;4063,12460;4062,77000;DOWN
2026-07-21 12:32:00;M1;6;21;4063,44236;4063,45000;UP
2026-07-21 12:31:00;M1;6;55;4066,15127;4063,36000;DOWN
2026-07-21 12:42:00;M1;6;34;4061,35552;4061,30000;DOWN
2026-07-21 12:46:00;M1;6;21;4063,50840;4064,61000;UP
2026-07-21 13:06:00;M1;6;55;4063,45192;4063,33000;DOWN
2026-07-21 13:11:00;M1;6;21;4065,65188;4068,21000;UP
2026-07-21 13:07:00;M1;6;34;4063,30921;4063,17000;DOWN
2026-07-21 13:13:00;M1;6;34;4063,94165;4066,71000;UP
2026-07-21 13:15:00;M1;6;21;4066,04581;4065,46000;DOWN
2026-07-21 13:19:00;M1;6;21;4066,61241;4067,40000;UP
2026-07-21 13:29:00;M1;6;21;4067,13112;4066,69000;DOWN
2026-07-21 13:31:00;M1;6;21;4067,62262;4067,73000;UP
2026-07-21 13:40:00;M1;6;21;4068,07197;4067,61000;DOWN
2026-07-21 13:45:00;M1;6;21;4067,94197;4068,10000;UP
2026-07-21 13:48:00;M1;6;55;4063,82088;4063,66000;DOWN
2026-07-21 13:52:00;M1;6;55;4063,98582;4065,11000;UP
2026-07-21 13:49:00;M1;6;21;4067,59429;4062,94000;DOWN
2026-07-21 13:57:00;M1;6;55;4064,07472;4062,60000;DOWN
2026-07-21 14:27:00;M1;6;21;4058,64000;4059,26000;UP
2026-07-21 14:42:00;M1;6;21;4056,74988;4055,71000;DOWN
2026-07-21 14:43:00;M1;6;21;4056,06126;4056,41000;UP
2026-07-21 15:00:00;M1;6;34;4057,57054;4057,74000;UP
2026-07-21 15:06:00;M1;6;55;4059,28611;4060,16000;UP
2026-07-21 15:01:00;M1;6;34;4056,84010;4056,42000;DOWN
2026-07-21 15:07:00;M1;6;34;4056,23995;4060,18000;UP
2026-07-21 15:09:00;M1;6;55;4058,79847;4058,60000;DOWN
2026-07-21 15:13:00;M1;6;55;4058,40092;4058,96000;UP
2026-07-21 15:21:00;M1;6;89;4060,51110;4060,54000;UP
2026-07-21 15:34:00;M1;6;89;4059,82511;4059,39000;DOWN
2026-07-21 15:48:00;M1;6;21;4058,23563;4060,28000;UP
2026-07-21 15:50:00;M1;6;89;4058,75769;4058,24000;DOWN
2026-07-21 16:00:00;M1;6;21;4057,22783;4058,06000;UP
2026-07-21 16:01:00;M1;6;89;4058,02257;4059,26000;UP
2026-07-21 16:04:00;M1;6;21;4056,96649;4056,84000;DOWN
2026-07-21 16:07:00;M1;6;21;4056,84666;4059,43000;UP
2026-07-21 16:09:00;M1;6;89;4057,69641;4057,55000;DOWN
2026-07-21 16:13:00;M1;6;89;4057,35943;4057,59000;UP
2026-07-21 16:17:00;M1;6;34;4056,10701;4055,69000;DOWN
2026-07-21 16:21:00;M1;6;21;4056,08195;4056,11000;UP
2026-07-21 16:19:00;M1;6;89;4056,99992;4055,79000;DOWN
2026-07-21 16:25:00;M1;6;34;4055,64167;4053,55000;DOWN
2026-07-21 16:34:00;M1;6;21;4054,55378;4055,92000;UP
2026-07-21 16:37:00;M1;6;89;4055,76712;4051,71000;DOWN
2026-07-21 16:53:00;M1;6;21;4051,08504;4051,78000;UP
2026-07-21 16:58:00;M1;6;34;4052,27791;4052,87000;UP
2026-07-21 17:03:00;M1;6;89;4053,73196;4055,54000;UP
2026-07-21 17:37:00;M1;6;21;4064,84465;4064,47000;DOWN
2026-07-21 17:44:00;M1;6;21;4066,79808;4067,47000;UP
2026-07-21 17:51:00;M1;6;21;4068,26429;4068,15000;DOWN
2026-07-21 17:55:00;M1;6;21;4069,48502;4069,64000;UP
2026-07-21 18:01:00;M1;6;21;4070,24252;4068,51000;DOWN
2026-07-21 18:10:00;M1;6;21;4071,03243;4073,18000;UP
2026-07-21 18:13:00;M1;6;21;4072,45622;4071,35000;DOWN
2026-07-21 18:19:00;M1;6;21;4074,01766;4077,01000;UP
2026-07-21 18:41:00;M1;6;21;4078,85507;4078,00000;DOWN
2026-07-21 18:44:00;M1;6;34;4077,78883;4075,78000;DOWN
2026-07-21 19:19:00;M1;6;55;4078,23020;4077,32000;DOWN
2026-07-21 19:43:00;M1;6;89;4073,01000;4071,89000;DOWN
2026-07-21 20:13:00;M1;6;21;4070,73219;4071,40000;UP
2026-07-21 20:19:00;M1;6;21;4070,04459;4069,02000;DOWN
2026-07-21 20:25:00;M1;6;21;4069,74205;4071,80000;UP
2026-07-21 20:36:00;M1;6;21;4069,48497;4069,43000;DOWN
2026-07-21 20:37:00;M1;6;21;4069,04368;4070,02000;UP
2026-07-21 20:43:00;M1;6;21;4068,46440;4068,05000;DOWN
2026-07-21 20:55:00;M1;6;21;4067,48319;4068,10000;UP
2026-07-21 21:01:00;M1;6;34;4068,10114;4068,23000;UP
2026-07-21 21:17:00;M1;6;55;4072,59851;4073,74000;UP
2026-07-21 21:23:00;M1;6;89;4076,34640;4078,34000;UP
2026-07-21 21:47:00;M1;6;21;4080,99973;4080,72000;DOWN
2026-07-21 22:03:00;M1;6;21;4085,00229;4085,14000;UP
2026-07-21 22:11:00;M1;6;34;4080,73522;4080,09000;DOWN
2026-07-21 22:15:00;M1;6;34;4081,80177;4082,02000;UP
2026-07-21 22:31:00;M1;6;34;4084,56376;4083,93000;DOWN
2026-07-21 22:47:00;M1;6;21;4084,86734;4085,12000;UP
2026-07-21 22:49:00;M1;6;21;4084,92667;4084,58000;DOWN
2026-07-21 22:57:00;M1;6;21;4085,00768;4085,06000;UP
2026-07-21 23:01:00;M1;6;21;4085,00846;4084,71000;DOWN
2026-07-21 23:07:00;M1;6;21;4085,02684;4085,60000;UP
2026-07-21 23:12:00;M1;6;55;4084,38056;4084,09000;DOWN
2026-07-21 23:13:00;M1;6;21;4085,00124;4084,08000;DOWN
2026-07-21 23:20:00;M1;6;89;4083,57965;4082,22000;DOWN
2026-07-21 23:30:00;M1;6;21;4084,47687;4084,48000;UP
2026-07-21 23:31:00;M1;6;89;4084,13074;4083,82000;DOWN
2026-07-22 01:11:00;M1;6;21;4078,55438;4078,83000;UP
2026-07-22 01:13:00;M1;6;21;4078,12946;4077,97000;DOWN
2026-07-22 01:19:00;M1;6;21;4078,18854;4080,13000;UP
2026-07-22 01:31:00;M1;6;55;4083,52244;4083,85000;UP
2026-07-22 01:38:00;M1;6;89;4084,65687;4084,72000;UP
2026-07-22 01:43:00;M1;6;89;4084,74768;4084,29000;DOWN
2026-07-22 01:51:00;M1;6;34;4080,54553;4080,42000;DOWN
2026-07-22 01:55:00;M1;6;34;4080,54381;4080,71000;UP
2026-07-22 02:01:00;M1;6;34;4080,55392;4080,45000;DOWN
2026-07-22 02:08:00;M1;6;34;4080,56487;4080,80000;UP
2026-07-22 02:18:00;M1;6;21;4081,87143;4082,25000;UP
2026-07-22 02:20:00;M1;6;55;4082,03197;4081,65000;DOWN
2026-07-22 02:25:00;M1;6;21;4081,71123;4081,74000;UP
2026-07-22 02:30:00;M1;6;34;4080,98015;4080,61000;DOWN
2026-07-22 02:31:00;M1;6;34;4081,09499;4081,40000;UP
2026-07-22 02:31:00;M1;6;55;4081,65331;4081,40000;DOWN
2026-07-22 02:37:00;M1;6;21;4081,23659;4081,26000;UP
2026-07-22 02:41:00;M1;6;34;4081,18232;4080,99000;DOWN
2026-07-22 02:45:00;M1;6;34;4081,25308;4082,53000;UP
2026-07-22 02:43:00;M1;6;55;4081,33803;4079,74000;DOWN
2026-07-22 02:49:00;M1;6;34;4081,26225;4080,96000;DOWN
2026-07-22 03:04:00;M1;6;21;4080,99799;4082,72000;UP
2026-07-22 03:32:00;M1;6;21;4093,49518;4092,10000;DOWN
2026-07-22 03:38:00;M1;6;21;4095,39226;4096,62000;UP
2026-07-22 03:43:00;M1;6;21;4096,70604;4092,24000;DOWN
2026-07-22 04:00:00;M1;6;21;4098,48831;4107,77000;UP
2026-07-22 03:56:00;M1;6;34;4094,27182;4093,93000;DOWN
2026-07-22 04:01:00;M1;6;34;4096,41615;4105,42000;UP
2026-07-22 04:31:00;M1;6;21;4116,38570;4113,76000;DOWN
2026-07-22 04:39:00;M1;6;21;4119,04470;4119,59000;UP
2026-07-22 04:44:00;M1;6;21;4121,83428;4121,63000;DOWN
2026-07-22 04:50:00;M1;6;34;4119,07930;4118,77000;DOWN
2026-07-22 04:59:00;M1;6;34;4121,26049;4122,09000;UP
2026-07-22 05:01:00;M1;6;34;4123,05574;4121,66000;DOWN
2026-07-22 05:19:00;M1;6;55;4121,41199;4120,42000;DOWN
2026-07-22 05:25:00;M1;6;55;4123,26957;4124,72000;UP
2026-07-22 05:32:00;M1;6;21;4127,00124;4129,07000;UP
2026-07-22 05:37:00;M1;6;55;4126,79047;4126,24000;DOWN
2026-07-22 05:44:00;M1;6;21;4128,06789;4128,21000;UP
2026-07-22 05:49:00;M1;6;55;4129,89537;4128,38000;DOWN
2026-07-22 05:59:00;M1;6;21;4129,43389;4130,48000;UP
2026-07-22 06:04:00;M1;6;34;4132,72428;4133,35000;UP
2026-07-22 06:01:00;M1;6;21;4130,72522;4130,47000;DOWN
2026-07-22 06:07:00;M1;6;21;4132,48353;4140,09000;UP
2026-07-22 06:28:00;M1;6;55;4138,77381;4137,07000;DOWN
2026-07-22 06:40:00;M1;6;89;4133,14589;4133,12000;DOWN
2026-07-22 07:29:00;M1;6;21;4128,41536;4128,76000;UP
2026-07-22 07:32:00;M1;6;21;4127,33991;4126,98000;DOWN
2026-07-22 07:41:00;M1;6;21;4126,48978;4126,93000;UP
2026-07-22 07:47:00;M1;6;21;4125,70523;4125,67000;DOWN
2026-07-22 07:49:00;M1;6;21;4125,04319;4126,21000;UP
2026-07-22 08:01:00;M1;6;34;4127,46450;4127,54000;UP
2026-07-22 08:16:00;M1;6;34;4126,22042;4123,91000;DOWN
2026-07-22 08:26:00;M1;6;21;4124,85618;4125,67000;UP
2026-07-22 08:37:00;M1;6;55;4130,39583;4131,57000;UP
2026-07-22 08:55:00;M1;6;55;4129,22233;4129,16000;DOWN
2026-07-22 09:01:00;M1;6;21;4130,71778;4132,89000;UP
2026-07-22 09:08:00;M1;6;21;4131,61324;4131,45000;DOWN
2026-07-22 09:23:00;M1;6;55;4128,98588;4125,95000;DOWN
2026-07-22 10:07:00;M1;6;21;4113,64626;4115,50000;UP
2026-07-22 10:18:00;M1;6;34;4118,22942;4118,86000;UP
2026-07-22 10:21:00;M1;6;55;4120,35439;4121,00000;UP
2026-07-22 10:25:00;M1;6;55;4119,60356;4118,91000;DOWN
2026-07-22 10:31:00;M1;6;55;4118,92849;4120,19000;UP
2026-07-22 10:37:00;M1;6;55;4118,16589;4117,40000;DOWN
2026-07-22 10:53:00;M1;6;21;4113,08796;4113,29000;UP
2026-07-22 10:58:00;M1;6;34;4111,82180;4109,63000;DOWN
2026-07-22 11:03:00;M1;6;21;4112,17609;4112,91000;UP
2026-07-22 11:10:00;M1;6;55;4113,76439;4112,93000;DOWN
2026-07-22 11:13:00;M1;6;55;4113,00726;4115,22000;UP
2026-07-22 11:31:00;M1;6;89;4117,53300;4118,80000;UP
2026-07-22 11:38:00;M1;6;89;4116,95958;4116,93000;DOWN
2026-07-22 11:43:00;M1;6;21;4115,74630;4115,33000;DOWN
2026-07-22 11:53:00;M1;6;21;4116,31251;4117,49000;UP
2026-07-22 12:21:00;M1;6;21;4120,34083;4119,50000;DOWN
2026-07-22 12:25:00;M1;6;21;4120,73077;4120,82000;UP
2026-07-22 12:30:00;M1;6;34;4118,29906;4118,20000;DOWN
2026-07-22 12:31:00;M1;6;21;4120,66718;4118,25000;DOWN
2026-07-22 12:39:00;M1;6;55;4114,93200;4114,55000;DOWN
2026-07-22 12:43:00;M1;6;55;4115,33218;4117,84000;UP
2026-07-22 12:53:00;M1;6;89;4114,08557;4113,38000;DOWN
2026-07-22 12:55:00;M1;6;55;4115,69835;4116,88000;UP
2026-07-22 13:01:00;M1;6;21;4116,97665;4117,13000;UP
2026-07-22 13:07:00;M1;6;34;4118,24603;4117,10000;DOWN
2026-07-22 13:13:00;M1;6;21;4116,11486;4117,61000;UP
2026-07-22 13:19:00;M1;6;34;4118,05065;4117,61000;DOWN
2026-07-22 13:25:00;M1;6;34;4118,14448;4120,64000;UP
2026-07-22 13:35:00;M1;6;34;4118,17220;4117,54000;DOWN
2026-07-22 13:39:00;M1;6;55;4117,23429;4117,04000;DOWN
2026-07-22 13:48:00;M1;6;21;4117,48349;4117,77000;UP
2026-07-22 13:49:00;M1;6;34;4117,75087;4118,89000;UP
2026-07-22 13:55:00;M1;6;55;4117,70576;4117,17000;DOWN
2026-07-22 14:06:00;M1;6;21;4117,76618;4118,02000;UP
2026-07-22 14:07:00;M1;6;55;4117,85254;4117,09000;DOWN
2026-07-22 14:13:00;M1;6;21;4118,36865;4119,46000;UP
2026-07-22 14:26:00;M1;6;55;4118,49532;4117,60000;DOWN
2026-07-22 14:33:00;M1;6;21;4119,69331;4119,72000;UP
2026-07-22 14:37:00;M1;6;55;4118,75788;4117,95000;DOWN
2026-07-22 14:48:00;M1;6;34;4118,97497;4119,04000;UP
2026-07-22 14:43:00;M1;6;89;4115,97409;4113,49000;DOWN
2026-07-22 14:49:00;M1;6;21;4119,27157;4120,19000;UP
2026-07-22 15:34:00;M1;6;21;4128,22203;4127,57000;DOWN
2026-07-22 15:37:00;M1;6;34;4126,31586;4124,71000;DOWN
2026-07-22 15:43:00;M1;6;34;4126,95157;4127,32000;UP
2026-07-22 15:48:00;M1;6;89;4120,87546;4120,20000;DOWN
2026-07-22 15:49:00;M1;6;34;4126,92402;4118,73000;DOWN
2026-07-22 16:10:00;M1;6;21;4121,79094;4122,35000;UP
2026-07-22 16:14:00;M1;6;34;4124,17752;4125,73000;UP
2026-07-22 17:13:00;M1;6;21;4157,52783;4157,29000;DOWN
2026-07-22 17:19:00;M1;6;34;4149,85006;4148,98000;DOWN
2026-07-22 17:41:00;M1;6;55;4147,95774;4147,84000;DOWN
2026-07-22 17:43:00;M1;6;55;4149,33734;4151,88000;UP
2026-07-22 17:49:00;M1;6;55;4150,50559;4148,21000;DOWN
2026-07-22 18:00:00;M1;6;55;4151,53920;4152,04000;UP
2026-07-22 18:02:00;M1;6;21;4151,62118;4152,86000;UP
2026-07-22 18:01:00;M1;6;55;4152,62571;4151,34000;DOWN
2026-07-22 18:07:00;M1;6;55;4153,80393;4155,59000;UP
2026-07-22 18:13:00;M1;6;34;4157,55441;4157,81000;UP
2026-07-22 18:17:00;M1;6;55;4154,95344;4153,49000;DOWN
2026-07-22 18:20:00;M1;6;55;4156,26044;4156,81000;UP
2026-07-22 18:19:00;M1;6;34;4158,06973;4154,98000;DOWN
2026-07-22 18:25:00;M1;6;34;4158,52778;4159,41000;UP
2026-07-22 18:28:00;M1;6;55;4157,56492;4157,43000;DOWN
2026-07-22 18:31:00;M1;6;34;4158,91408;4157,60000;DOWN
2026-07-22 18:40:00;M1;6;34;4159,29536;4159,49000;UP
2026-07-22 18:37:00;M1;6;21;4157,90960;4157,69000;DOWN
2026-07-22 18:43:00;M1;6;21;4159,20989;4159,73000;UP
2026-07-22 18:43:00;M1;6;55;4161,21589;4159,73000;DOWN
2026-07-22 18:49:00;M1;6;34;4160,39575;4164,38000;UP
2026-07-22 18:55:00;M1;6;55;4163,33973;4162,02000;DOWN
2026-07-22 19:01:00;M1;6;89;4157,80484;4157,61000;DOWN
2026-07-22 19:55:00;M1;6;21;4146,23035;4146,74000;UP
2026-07-22 20:27:00;M1;6;34;4145,36824;4145,59000;UP
2026-07-22 20:36:00;M1;6;34;4144,37640;4142,58000;DOWN
2026-07-22 20:38:00;M1;6;21;4142,09759;4140,45000;DOWN
2026-07-22 20:46:00;M1;6;21;4141,59431;4141,73000;UP
2026-07-22 20:49:00;M1;6;34;4141,45701;4143,14000;UP
2026-07-22 21:01:00;M1;6;34;4140,14350;4136,92000;DOWN
2026-07-22 21:07:00;M1;6;21;4140,11905;4140,98000;UP
2026-07-22 21:13:00;M1;6;34;4138,92277;4138,62000;DOWN
2026-07-22 21:19:00;M1;6;21;4138,38671;4138,75000;UP
2026-07-22 21:25:00;M1;6;34;4137,35759;4136,46000;DOWN
2026-07-22 21:37:00;M1;6;21;4134,98708;4135,79000;UP
2026-07-22 21:46:00;M1;6;55;4137,40441;4137,80000;UP
2026-07-22 22:00:00;M1;6;55;4135,70723;4135,13000;DOWN
2026-07-22 22:05:00;M1;6;55;4135,04289;4136,35000;UP
2026-07-22 22:01:00;M1;6;34;4134,20954;4133,34000;DOWN
2026-07-22 22:07:00;M1;6;21;4134,43364;4136,00000;UP
2026-07-22 22:18:00;M1;6;55;4133,91571;4133,76000;DOWN
2026-07-22 22:23:00;M1;6;21;4134,24965;4134,54000;UP
2026-07-22 22:20:00;M1;6;34;4133,45547;4133,45000;DOWN
2026-07-22 22:25:00;M1;6;34;4133,21551;4133,39000;UP
2026-07-22 22:30:00;M1;6;55;4132,95156;4132,76000;DOWN
2026-07-22 22:33:00;M1;6;21;4134,23320;4134,72000;UP
2026-07-22 22:44:00;M1;6;21;4134,29059;4133,89000;DOWN
2026-07-22 22:49:00;M1;6;21;4133,92216;4135,01000;UP
2026-07-22 22:54:00;M1;6;55;4131,62905;4130,51000;DOWN
2026-07-22 22:58:00;M1;6;55;4131,29566;4132,06000;UP
2026-07-22 22:55:00;M1;6;21;4133,36780;4131,07000;DOWN
2026-07-22 23:01:00;M1;6;21;4132,85458;4134,22000;UP
2026-07-22 23:04:00;M1;6;55;4130,97860;4130,94000;DOWN
2026-07-22 23:07:00;M1;6;55;4130,69074;4133,02000;UP
2026-07-22 23:10:00;M1;6;21;4132,48018;4132,47000;DOWN
2026-07-22 23:13:00;M1;6;21;4132,45730;4133,61000;UP
2026-07-22 23:42:00;M1;6;89;4132,59493;4132,43000;DOWN
2026-07-22 23:45:00;M1;6;55;4130,70979;4129,43000;DOWN
2026-07-23 01:20:00;M1;6;21;4123,99462;4125,25000;UP
2026-07-23 01:26:00;M1;6;34;4126,38852;4128,04000;UP
2026-07-23 01:32:00;M1;6;89;4127,07353;4126,91000;DOWN
2026-07-23 01:37:00;M1;6;34;4124,93769;4127,50000;UP
2026-07-23 01:40:00;M1;6;21;4122,20814;4121,89000;DOWN
2026-07-23 01:43:00;M1;6;21;4122,00189;4122,38000;UP
2026-07-23 01:43:00;M1;6;89;4125,79276;4122,38000;DOWN
2026-07-23 01:49:00;M1;6;34;4123,62660;4124,52000;UP
2026-07-23 01:55:00;M1;6;89;4124,63309;4123,25000;DOWN
2026-07-23 02:02:00;M1;6;21;4121,19782;4121,53000;UP
2026-07-23 02:07:00;M1;6;21;4120,23885;4117,74000;DOWN
2026-07-23 02:13:00;M1;6;21;4119,59525;4124,67000;UP
2026-07-23 02:19:00;M1;6;89;4122,11723;4120,47000;DOWN
2026-07-23 02:26:00;M1;6;55;4120,73595;4120,79000;UP
2026-07-23 02:33:00;M1;6;89;4120,95468;4121,08000;UP
2026-07-23 02:31:00;M1;6;55;4120,07374;4119,82000;DOWN
2026-07-23 02:37:00;M1;6;55;4119,52982;4122,91000;UP
2026-07-23 03:07:00;M1;6;21;4128,69410;4128,48000;DOWN
2026-07-23 03:23:00;M1;6;21;4130,79429;4131,10000;UP
2026-07-23 03:28:00;M1;6;21;4131,47339;4131,12000;DOWN
2026-07-23 03:39:00;M1;6;34;4128,72810;4128,39000;DOWN
2026-07-23 03:45:00;M1;6;34;4129,44352;4129,92000;UP
2026-07-23 03:49:00;M1;6;34;4129,94210;4127,11000;DOWN
2026-07-23 03:59:00;M1;6;21;4130,67303;4132,10000;UP
2026-07-23 04:08:00;M1;6;34;4132,05799;4130,73000;DOWN
2026-07-23 04:13:00;M1;6;21;4132,94023;4136,09000;UP
2026-07-23 04:30:00;M1;6;55;4130,30396;4129,70000;DOWN
2026-07-23 04:32:00;M1;6;55;4131,26328;4133,73000;UP
2026-07-23 04:37:00;M1;6;89;4125,65382;4125,39000;DOWN
2026-07-23 05:13:00;M1;6;21;4116,26205;4117,71000;UP
2026-07-23 05:39:00;M1;6;34;4116,68501;4118,72000;UP
2026-07-23 05:45:00;M1;6;55;4122,33560;4124,18000;UP
2026-07-23 05:50:00;M1;6;89;4122,52331;4122,48000;DOWN
2026-07-23 05:55:00;M1;6;89;4122,43558;4126,22000;UP
2026-07-23 06:27:00;M1;6;21;4129,98197;4129,73000;DOWN
2026-07-23 06:46:00;M1;6;34;4126,72019;4126,38000;DOWN
2026-07-23 06:56:00;M1;6;89;4124,59158;4124,43000;DOWN
2026-07-23 07:03:00;M1;6;55;4123,94255;4122,86000;DOWN
2026-07-23 07:07:00;M1;6;55;4124,01001;4124,49000;UP
2026-07-23 07:13:00;M1;6;21;4126,48633;4127,02000;UP
2026-07-23 07:22:00;M1;6;34;4128,39208;4129,08000;UP
2026-07-23 07:19:00;M1;6;21;4125,85457;4125,39000;DOWN
2026-07-23 07:25:00;M1;6;21;4125,86040;4128,63000;UP
2026-07-23 07:28:00;M1;6;34;4128,53522;4128,16000;DOWN
2026-07-23 07:40:00;M1;6;89;4124,77235;4124,65000;DOWN
2026-07-23 08:07:00;M1;6;21;4122,44754;4123,37000;UP
2026-07-23 08:13:00;M1;6;34;4123,91545;4124,41000;UP
2026-07-23 08:15:00;M1;6;89;4124,14302;4122,73000;DOWN
2026-07-23 08:19:00;M1;6;34;4123,20950;4121,99000;DOWN
2026-07-23 08:25:00;M1;6;21;4121,30391;4121,43000;UP
2026-07-23 08:50:00;M1;6;55;4124,84551;4124,44000;DOWN
2026-07-23 09:00:00;M1;6;21;4125,86886;4126,98000;UP
2026-07-23 08:55:00;M1;6;89;4123,97402;4122,86000;DOWN
2026-07-23 09:01:00;M1;6;34;4124,11212;4126,26000;UP
2026-07-23 09:02:00;M1;6;55;4124,84267;4124,63000;DOWN
2026-07-23 09:07:00;M1;6;89;4124,19440;4122,31000;DOWN
2026-07-23 09:18:00;M1;6;21;4125,73637;4126,24000;UP
2026-07-23 09:22:00;M1;6;89;4124,42443;4124,23000;DOWN
2026-07-23 09:49:00;M1;6;21;4121,19715;4121,71000;UP
2026-07-23 09:55:00;M1;6;21;4120,28012;4119,60000;DOWN
2026-07-23 10:26:00;M1;6;21;4109,32087;4110,11000;UP
2026-07-23 10:31:00;M1;6;21;4107,08093;4103,20000;DOWN
2026-07-23 10:55:00;M1;6;21;4094,08848;4095,68000;UP
2026-07-23 11:01:00;M1;6;21;4091,61564;4090,80000;DOWN
2026-07-23 11:07:00;M1;6;21;4090,07392;4095,49000;UP
2026-07-23 11:13:00;M1;6;34;4093,50587;4093,18000;DOWN
2026-07-23 11:25:00;M1;6;34;4089,68614;4090,22000;UP
2026-07-23 11:44:00;M1;6;55;4091,87612;4092,38000;UP
2026-07-23 11:49:00;M1;6;55;4090,25445;4089,45000;DOWN
2026-07-23 11:55:00;M1;6;55;4088,86295;4093,39000;UP
2026-07-23 12:03:00;M1;6;89;4097,50997;4097,60000;UP
2026-07-23 12:14:00;M1;6;89;4095,37296;4094,90000;DOWN
2026-07-23 12:19:00;M1;6;89;4094,41524;4096,85000;UP
2026-07-23 12:21:00;M1;6;21;4093,91899;4093,91000;DOWN
2026-07-23 12:25:00;M1;6;89;4093,48304;4092,34000;DOWN
2026-07-23 12:31:00;M1;6;34;4089,11301;4088,74000;DOWN
2026-07-23 12:37:00;M1;6;34;4089,57662;4090,81000;UP
2026-07-23 12:45:00;M1;6;21;4093,86492;4093,94000;UP
2026-07-23 12:49:00;M1;6;21;4093,52375;4093,33000;DOWN
2026-07-23 12:58:00;M1;6;89;4089,19896;4088,82000;DOWN
2026-07-23 13:01:00;M1;6;89;4088,39592;4090,32000;UP
2026-07-23 13:12:00;M1;6;21;4091,08036;4091,16000;UP
2026-07-23 13:13:00;M1;6;34;4090,87738;4089,70000;DOWN
2026-07-23 13:29:00;M1;6;21;4089,10532;4089,81000;UP
2026-07-23 13:32:00;M1;6;34;4090,04005;4089,21000;DOWN
2026-07-23 13:37:00;M1;6;21;4088,19457;4089,99000;UP
2026-07-23 13:43:00;M1;6;34;4089,23199;4088,50000;DOWN
2026-07-23 13:49:00;M1;6;21;4088,21586;4093,46000;UP
2026-07-23 14:06:00;M1;6;21;4089,59993;4089,46000;DOWN
2026-07-23 14:07:00;M1;6;21;4089,99005;4090,20000;UP
2026-07-23 14:09:00;M1;6;34;4089,31607;4088,58000;DOWN
2026-07-23 14:15:00;M1;6;55;4086,88659;4086,16000;DOWN
2026-07-23 14:23:00;M1;6;89;4081,93072;4081,59000;DOWN
2026-07-23 14:25:00;M1;6;89;4081,65692;4084,65000;UP
2026-07-23 14:31:00;M1;6;89;4081,32884;4081,30000;DOWN
2026-07-23 14:37:00;M1;6;89;4080,89038;4081,69000;UP
2026-07-23 14:48:00;M1;6;21;4081,06986;4081,37000;UP
2026-07-23 14:43:00;M1;6;89;4080,44501;4076,53000;DOWN
2026-07-23 14:50:00;M1;6;34;4082,81251;4083,15000;UP
2026-07-23 14:57:00;M1;6;55;4083,44220;4083,42000;DOWN
2026-07-23 15:04:00;M1;6;55;4083,00183;4083,26000;UP
2026-07-23 15:16:00;M1;6;89;4079,05532;4076,26000;DOWN
2026-07-23 16:20:00;M1;6;21;4049,45471;4050,88000;UP
2026-07-23 16:28:00;M1;6;34;4055,16945;4057,31000;UP
2026-07-23 16:31:00;M1;6;55;4060,54590;4062,91000;UP
2026-07-23 16:38:00;M1;6;55;4058,74212;4058,13000;DOWN
2026-07-23 16:43:00;M1;6;55;4057,11645;4060,87000;UP
2026-07-23 16:48:00;M1;6;34;4051,23708;4050,44000;DOWN
2026-07-23 16:49:00;M1;6;34;4050,53859;4052,77000;UP
2026-07-23 16:49:00;M1;6;55;4055,75384;4052,77000;DOWN
2026-07-23 16:55:00;M1;6;55;4054,19957;4054,83000;UP
2026-07-23 16:57:00;M1;6;34;4049,28894;4047,11000;DOWN
2026-07-23 17:01:00;M1;6;55;4052,53735;4047,14000;DOWN
2026-07-23 17:12:00;M1;6;34;4046,34465;4047,67000;UP
2026-07-23 17:13:00;M1;6;21;4047,85486;4048,87000;UP
2026-07-23 17:18:00;M1;6;34;4045,15687;4043,62000;DOWN
2026-07-23 17:21:00;M1;6;34;4044,30567;4046,84000;UP
2026-07-23 17:19:00;M1;6;21;4047,27266;4044,06000;DOWN
2026-07-23 17:25:00;M1;6;21;4047,56020;4054,51000;UP
2026-07-23 18:01:00;M1;6;21;4057,48907;4057,20000;DOWN
2026-07-23 18:09:00;M1;6;34;4052,17963;4052,05000;DOWN
2026-07-23 18:16:00;M1;6;34;4052,81357;4053,62000;UP
2026-07-23 18:19:00;M1;6;34;4053,01756;4052,50000;DOWN
2026-07-23 18:30:00;M1;6;89;4046,70424;4045,51000;DOWN
2026-07-23 18:35:00;M1;6;55;4046,17533;4047,43000;UP
2026-07-23 18:41:00;M1;6;21;4051,63887;4051,92000;UP
2026-07-23 18:43:00;M1;6;21;4050,30154;4049,69000;DOWN
2026-07-23 18:49:00;M1;6;21;4049,22339;4049,38000;UP
2026-07-23 18:57:00;M1;6;21;4048,34488;4046,95000;DOWN
2026-07-23 19:01:00;M1;6;21;4047,52214;4049,94000;UP
2026-07-23 19:14:00;M1;6;34;4049,52492;4050,15000;UP
2026-07-23 19:19:00;M1;6;55;4046,65085;4046,41000;DOWN
2026-07-23 19:25:00;M1;6;21;4047,57531;4049,35000;UP
2026-07-23 19:34:00;M1;6;34;4048,23402;4048,19000;DOWN
2026-07-23 19:37:00;M1;6;34;4048,02575;4048,08000;UP
2026-07-23 19:37:00;M1;6;21;4048,37710;4048,08000;DOWN
2026-07-23 19:43:00;M1;6;21;4048,78718;4050,46000;UP
2026-07-23 19:50:00;M1;6;21;4049,08042;4048,33000;DOWN
2026-07-23 19:55:00;M1;6;21;4049,53868;4050,43000;UP
2026-07-23 20:12:00;M1;6;55;4047,79556;4047,47000;DOWN
2026-07-23 20:16:00;M1;6;34;4048,78353;4049,11000;UP
2026-07-23 20:19:00;M1;6;55;4047,80202;4046,51000;DOWN
2026-07-23 20:25:00;M1;6;55;4047,72788;4048,23000;UP
2026-07-23 20:33:00;M1;6;55;4047,55328;4047,48000;DOWN
2026-07-23 20:59:00;M1;6;89;4042,14468;4041,78000;DOWN
2026-07-23 21:02:00;M1;6;21;4042,62091;4042,72000;UP
2026-07-23 21:18:00;M1;6;34;4043,60308;4043,97000;UP
2026-07-23 21:21:00;M1;6;89;4041,51298;4041,42000;DOWN
2026-07-23 21:26:00;M1;6;34;4042,46887;4043,07000;UP
2026-07-23 22:04:00;M1;6;21;4045,90226;4045,15000;DOWN
2026-07-23 22:09:00;M1;6;34;4043,63906;4043,53000;DOWN
2026-07-23 22:15:00;M1;6;34;4043,89540;4044,66000;UP
2026-07-23 22:13:00;M1;6;55;4043,25373;4043,20000;DOWN
2026-07-23 22:21:00;M1;6;21;4046,50909;4046,85000;UP
2026-07-23 22:33:00;M1;6;21;4047,12175;4046,56000;DOWN
2026-07-23 22:37:00;M1;6;21;4047,38783;4047,40000;UP
2026-07-23 22:44:00;M1;6;34;4046,27568;4045,80000;DOWN
2026-07-23 22:51:00;M1;6;21;4047,78539;4049,82000;UP
2026-07-23 23:05:00;M1;6;21;4048,69583;4048,44000;DOWN
2026-07-23 23:08:00;M1;6;21;4049,13165;4049,37000;UP
2026-07-23 23:16:00;M1;6;34;4048,67994;4048,55000;DOWN
2026-07-23 23:27:00;M1;6;21;4049,76332;4050,08000;UP
2026-07-23 23:33:00;M1;6;34;4049,60029;4049,24000;DOWN
2026-07-23 23:37:00;M1;6;21;4050,15165;4050,18000;UP
2026-07-23 23:43:00;M1;6;34;4050,09194;4049,51000;DOWN
2026-07-23 23:52:00;M1;6;55;4048,54042;4047,55000;DOWN
2026-07-23 23:55:00;M1;6;55;4048,82520;4049,47000;UP
2026-07-24 01:01:00;M1;6;21;4049,57126;4049,59000;UP
2026-07-24 01:03:00;M1;6;55;4049,07154;4049,07000;DOWN
2026-07-24 01:07:00;M1;6;55;4049,28321;4049,92000;UP
2026-07-24 01:08:00;M1;6;21;4049,43732;4049,34000;DOWN
2026-07-24 01:15:00;M1;6;21;4049,38127;4049,63000;UP
2026-07-24 01:13:00;M1;6;55;4049,46834;4049,02000;DOWN
2026-07-24 01:21:00;M1;6;55;4049,64573;4049,94000;UP
2026-07-24 01:26:00;M1;6;55;4049,81667;4049,52000;DOWN
2026-07-24 01:31:00;M1;6;21;4049,57194;4050,12000;UP
2026-07-24 01:37:00;M1;6;55;4050,14956;4049,84000;DOWN
2026-07-24 01:46:00;M1;6;21;4049,79278;4049,84000;UP
2026-07-24 01:49:00;M1;6;21;4049,90020;4048,68000;DOWN
2026-07-24 01:55:00;M1;6;21;4049,94594;4050,01000;UP
2026-07-24 02:01:00;M1;6;21;4049,88473;4049,61000;DOWN
2026-07-24 02:07:00;M1;6;89;4048,49565;4047,99000;DOWN
2026-07-24 02:15:00;M1;6;89;4048,66632;4048,68000;UP
2026-07-24 02:21:00;M1;6;21;4048,93812;4048,94000;UP
2026-07-24 02:19:00;M1;6;89;4048,81855;4047,23000;DOWN
2026-07-24 02:25:00;M1;6;34;4049,31774;4049,68000;UP
2026-07-24 02:33:00;M1;6;55;4050,21895;4050,24000;UP
2026-07-24 02:36:00;M1;6;89;4049,09000;4048,79000;DOWN
2026-07-24 02:37:00;M1;6;34;4049,09434;4049,34000;UP
2026-07-24 02:37:00;M1;6;55;4050,10042;4049,34000;DOWN
2026-07-24 02:48:00;M1;6;21;4048,36277;4049,54000;UP
2026-07-24 02:43:00;M1;6;89;4049,27532;4047,71000;DOWN
2026-07-24 02:52:00;M1;6;34;4048,78196;4048,82000;UP
2026-07-24 02:50:00;M1;6;21;4048,21693;4048,13000;DOWN
2026-07-24 02:57:00;M1;6;21;4047,96798;4047,99000;UP
2026-07-24 02:55:00;M1;6;34;4048,55352;4047,69000;DOWN
2026-07-24 03:01:00;M1;6;34;4048,27472;4049,08000;UP
2026-07-24 03:04:00;M1;6;21;4047,67889;4047,15000;DOWN
2026-07-24 03:07:00;M1;6;34;4047,80162;4045,86000;DOWN
2026-07-24 03:22:00;M1;6;21;4045,51108;4046,09000;UP
2026-07-24 03:25:00;M1;6;34;4046,27218;4045,55000;DOWN
2026-07-24 03:31:00;M1;6;21;4044,96823;4046,52000;UP
2026-07-24 03:37:00;M1;6;89;4048,60336;4049,16000;UP
2026-07-24 04:00:00;M1;6;89;4048,42801;4047,47000;DOWN
2026-07-24 04:01:00;M1;6;55;4046,97898;4044,88000;DOWN
2026-07-24 04:25:00;M1;6;21;4044,46932;4045,25000;UP
2026-07-24 04:31:00;M1;6;34;4044,30633;4041,98000;DOWN
2026-07-24 04:37:00;M1;6;21;4043,28043;4043,49000;UP
2026-07-24 04:50:00;M1;6;89;4046,48791;4046,19000;DOWN
2026-07-24 04:57:00;M1;6;55;4044,42427;4043,51000;DOWN
2026-07-24 05:01:00;M1;6;21;4044,02243;4045,13000;UP
2026-07-24 05:07:00;M1;6;55;4044,13231;4044,04000;DOWN
2026-07-24 05:13:00;M1;6;21;4044,23826;4045,32000;UP
2026-07-24 05:24:00;M1;6;89;4045,51016;4046,35000;UP
2026-07-24 05:22:00;M1;6;55;4043,95004;4042,79000;DOWN
2026-07-24 05:25:00;M1;6;21;4044,84567;4046,14000;UP
2026-07-24 05:33:00;M1;6;89;4045,22079;4044,60000;DOWN
2026-07-24 06:13:00;M1;6;21;4028,33681;4031,04000;UP
2026-07-24 06:30:00;M1;6;34;4031,01355;4032,93000;UP
2026-07-24 06:49:00;M1;6;55;4031,49793;4031,52000;UP
2026-07-24 06:55:00;M1;6;55;4030,75394;4028,87000;DOWN
2026-07-24 07:02:00;M1;6;21;4028,73231;4029,03000;UP
2026-07-24 07:07:00;M1;6;55;4029,27907;4029,37000;UP
2026-07-24 07:08:00;M1;6;21;4028,77191;4028,33000;DOWN
2026-07-24 07:16:00;M1;6;21;4028,61314;4028,65000;UP
2026-07-24 07:13:00;M1;6;55;4028,53677;4028,30000;DOWN
2026-07-24 07:19:00;M1;6;55;4027,85493;4028,53000;UP
2026-07-24 07:19:00;M1;6;21;4028,54404;4028,53000;DOWN
2026-07-24 07:25:00;M1;6;21;4028,57095;4029,73000;UP
2026-07-24 07:36:00;M1;6;21;4028,54464;4027,53000;DOWN
2026-07-24 07:46:00;M1;6;34;4026,26617;4026,09000;DOWN
2026-07-24 07:49:00;M1;6;34;4026,22126;4026,88000;UP
2026-07-24 07:56:00;M1;6;21;4026,85242;4027,02000;UP
2026-07-24 08:04:00;M1;6;89;4027,71405;4028,67000;UP
2026-07-24 08:02:00;M1;6;34;4026,16643;4025,73000;DOWN
2026-07-24 08:07:00;M1;6;21;4027,20925;4028,13000;UP
2026-07-24 08:16:00;M1;6;89;4026,73001;4026,21000;DOWN
2026-07-24 08:23:00;M1;6;21;4027,64750;4029,35000;UP
2026-07-24 08:27:00;M1;6;89;4025,87627;4025,56000;DOWN
2026-07-24 08:31:00;M1;6;21;4027,81335;4028,91000;UP
2026-07-24 08:39:00;M1;6;34;4027,11948;4026,10000;DOWN
2026-07-24 08:47:00;M1;6;21;4028,28479;4028,66000;UP
2026-07-24 08:44:00;M1;6;89;4024,91101;4024,79000;DOWN
2026-07-24 08:49:00;M1;6;89;4024,60346;4028,09000;UP
2026-07-24 08:53:00;M1;6;55;4024,75495;4024,71000;DOWN
2026-07-24 08:55:00;M1;6;89;4024,25631;4022,31000;DOWN
2026-07-24 09:01:00;M1;6;55;4024,66047;4024,74000;UP
2026-07-24 09:07:00;M1;6;21;4025,98029;4026,07000;UP
2026-07-24 09:43:00;M1;6;21;4034,68983;4034,28000;DOWN
2026-07-24 09:52:00;M1;6;34;4032,44096;4032,19000;DOWN
2026-07-24 09:56:00;M1;6;21;4036,75223;4037,09000;UP
2026-07-24 10:01:00;M1;6;21;4037,84795;4037,75000;DOWN
2026-07-24 10:07:00;M1;6;21;4039,53479;4042,19000;UP
2026-07-24 10:38:00;M1;6;21;4049,61417;4048,75000;DOWN
2026-07-24 10:43:00;M1;6;34;4047,35681;4046,58000;DOWN
2026-07-24 11:12:00;M1;6;55;4046,31562;4046,03000;DOWN
2026-07-24 11:16:00;M1;6;55;4047,29406;4047,59000;UP
2026-07-24 11:19:00;M1;6;55;4048,17893;4046,64000;DOWN
2026-07-24 11:29:00;M1;6;21;4049,39417;4052,48000;UP
2026-07-24 11:34:00;M1;6;55;4050,00289;4049,86000;DOWN
2026-07-24 11:39:00;M1;6;34;4052,60203;4052,63000;UP
2026-07-24 11:47:00;M1;6;34;4053,05013;4052,71000;DOWN
2026-07-24 11:49:00;M1;6;34;4053,62539;4054,65000;UP
2026-07-24 12:11:00;M1;6;55;4055,71339;4054,88000;DOWN
2026-07-24 12:52:00;M1;6;21;4056,25519;4056,97000;UP
2026-07-24 12:58:00;M1;6;55;4059,26184;4059,43000;UP
2026-07-24 13:01:00;M1;6;55;4059,63252;4059,22000;DOWN
2026-07-24 13:09:00;M1;6;55;4060,01663;4060,30000;UP
2026-07-24 13:12:00;M1;6;34;4058,71665;4058,34000;DOWN
2026-07-24 13:16:00;M1;6;34;4059,26242;4059,49000;UP
2026-07-24 13:14:00;M1;6;89;4058,16885;4058,11000;DOWN
2026-07-24 13:22:00;M1;6;21;4060,00421;4060,56000;UP
2026-07-24 13:19:00;M1;6;34;4059,78596;4059,58000;DOWN
2026-07-24 13:26:00;M1;6;34;4060,33453;4060,68000;UP
2026-07-24 13:25:00;M1;6;21;4060,92223;4059,83000;DOWN
2026-07-24 13:31:00;M1;6;21;4061,70303;4063,45000;UP
2026-07-24 13:34:00;M1;6;55;4061,82540;4061,56000;DOWN
2026-07-24 13:38:00;M1;6;89;4061,33215;4060,74000;DOWN
2026-07-24 14:03:00;M1;6;21;4061,02863;4062,62000;UP
2026-07-24 14:07:00;M1;6;34;4061,84168;4061,44000;DOWN
2026-07-24 14:14:00;M1;6;21;4061,09522;4061,22000;UP
2026-07-24 14:20:00;M1;6;21;4061,18570;4060,68000;DOWN
2026-07-24 14:58:00;M1;6;21;4056,88782;4057,77000;UP
2026-07-24 15:01:00;M1;6;21;4055,84734;4053,93000;DOWN
2026-07-24 15:07:00;M1;6;21;4055,12684;4055,86000;UP
2026-07-24 15:16:00;M1;6;34;4057,11990;4057,26000;UP
2026-07-24 15:20:00;M1;6;34;4056,74797;4055,92000;DOWN
2026-07-24 15:25:00;M1;6;34;4056,60204;4058,26000;UP
2026-07-24 15:38:00;M1;6;34;4056,29779;4055,72000;DOWN
2026-07-24 15:45:00;M1;6;21;4055,61632;4055,72000;UP
2026-07-24 15:49:00;M1;6;21;4055,25508;4054,03000;DOWN
2026-07-24 15:59:00;M1;6;21;4055,04450;4056,06000;UP
2026-07-24 16:01:00;M1;6;34;4054,38037;4052,94000;DOWN
2026-07-24 16:27:00;M1;6;21;4047,97188;4048,19000;UP
2026-07-24 16:33:00;M1;6;34;4049,62455;4049,92000;UP
2026-07-24 16:32:00;M1;6;21;4047,20498;4047,20000;DOWN
2026-07-24 16:37:00;M1;6;21;4047,38942;4054,61000;UP
2026-07-24 16:48:00;M1;6;89;4057,86594;4059,70000;UP
2026-07-24 16:51:00;M1;6;89;4057,40258;4056,35000;DOWN
2026-07-24 16:55:00;M1;6;89;4057,17274;4057,95000;UP
2026-07-24 17:07:00;M1;6;21;4059,07564;4058,10000;DOWN
2026-07-24 17:18:00;M1;6;89;4057,12437;4057,11000;DOWN
2026-07-24 17:24:00;M1;6;21;4062,55516;4064,71000;UP
2026-07-24 17:34:00;M1;6;21;4065,63105;4064,62000;DOWN
2026-07-24 17:39:00;M1;6;34;4061,04476;4060,56000;DOWN
2026-07-24 17:50:00;M1;6;34;4063,06485;4063,97000;UP
2026-07-24 17:57:00;M1;6;21;4065,19521;4065,63000;UP
2026-07-24 17:55:00;M1;6;34;4063,83470;4061,62000;DOWN
2026-07-24 18:01:00;M1;6;34;4064,55630;4065,80000;UP
2026-07-24 18:04:00;M1;6;21;4064,87078;4063,87000;DOWN
2026-07-24 18:10:00;M1;6;21;4065,32723;4070,55000;UP
2026-07-24 18:07:00;M1;6;34;4065,47565;4062,20000;DOWN
2026-07-24 18:13:00;M1;6;34;4067,00074;4069,62000;UP
2026-07-24 18:42:00;M1;6;21;4075,39146;4073,99000;DOWN
2026-07-24 18:43:00;M1;6;34;4074,25696;4072,56000;DOWN
2026-07-24 18:53:00;M1;6;34;4075,20150;4075,64000;UP
2026-07-24 18:55:00;M1;6;34;4076,17128;4076,01000;DOWN
2026-07-24 19:01:00;M1;6;34;4076,98429;4077,00000;UP
2026-07-24 19:07:00;M1;6;34;4077,66584;4076,26000;DOWN
2026-07-24 19:13:00;M1;6;55;4075,51187;4074,80000;DOWN
2026-07-24 19:24:00;M1;6;55;4076,41211;4077,34000;UP
2026-07-24 19:25:00;M1;6;21;4077,25612;4077,55000;UP
2026-07-24 19:27:00;M1;6;55;4077,15214;4076,72000;DOWN
2026-07-24 19:36:00;M1;6;89;4070,90636;4070,48000;DOWN
2026-07-24 20:01:00;M1;6;21;4066,79115;4067,79000;UP
2026-07-24 20:07:00;M1;6;21;4065,41746;4065,13000;DOWN
2026-07-24 20:17:00;M1;6;21;4064,28950;4064,62000;UP
2026-07-24 20:24:00;M1;6;34;4068,46538;4068,74000;UP
2026-07-24 20:48:00;M1;6;34;4065,69880;4065,27000;DOWN
2026-07-24 20:49:00;M1;6;34;4065,10639;4065,94000;UP
2026-07-24 20:52:00;M1;6;21;4065,01358;4063,77000;DOWN
2026-07-24 20:58:00;M1;6;21;4064,79761;4064,80000;UP
2026-07-24 20:59:00;M1;6;34;4064,45961;4063,35000;DOWN
2026-07-24 21:05:00;M1;6;34;4063,87374;4064,29000;UP
2026-07-24 21:01:00;M1;6;21;4064,51228;4063,29000;DOWN
2026-07-24 21:07:00;M1;6;34;4063,29412;4063,25000;DOWN
2026-07-24 21:38:00;M1;6;21;4056,57117;4056,80000;UP
2026-07-24 21:43:00;M1;6;21;4054,85916;4051,46000;DOWN
