datetime;fast_tf;slow_tf;period;hma_value;fast_close;direction
2026-04-20 12:45:00;M5;30;21;4793,06570;4795,26000;UP
2026-04-20 14:00:00;M5;30;21;4794,26391;4790,84000;DOWN
2026-04-20 14:45:00;M5;30;21;4795,85203;4801,81000;UP
2026-04-20 17:05:00;M5;30;21;4814,34530;4812,71000;DOWN
2026-04-20 20:35:00;M5;30;21;4809,51413;4809,84000;UP
2026-04-20 21:05:00;M5;30;34;4812,47927;4814,05000;UP
2026-04-20 21:35:00;M5;30;34;4813,09727;4812,12000;DOWN
2026-04-20 22:05:00;M5;30;34;4813,92307;4820,04000;UP
2026-04-20 22:35:00;M5;30;34;4814,63693;4811,01000;DOWN
2026-04-20 23:05:00;M5;30;21;4812,86383;4814,34000;UP
2026-04-20 23:35:00;M5;30;34;4815,97508;4815,49000;DOWN
2026-04-21 01:05:00;M5;30;34;4817,22348;4829,93000;UP
2026-04-21 02:30:00;M5;30;21;4824,40392;4823,81000;DOWN
2026-04-21 02:45:00;M5;30;34;4821,80322;4821,16000;DOWN
2026-04-21 03:05:00;M5;30;21;4826,98258;4828,31000;UP
2026-04-21 03:35:00;M5;30;34;4823,96997;4819,65000;DOWN
2026-04-21 08:35:00;M5;30;21;4787,28462;4795,86000;UP
2026-04-21 09:15:00;M5;30;21;4782,70867;4780,43000;DOWN
2026-04-21 09:40:00;M5;30;21;4778,68774;4780,37000;UP
2026-04-21 10:40:00;M5;30;34;4784,40533;4786,70000;UP
2026-04-21 11:05:00;M5;30;34;4781,73743;4780,29000;DOWN
2026-04-21 11:35:00;M5;30;34;4779,71978;4788,46000;UP
2026-04-21 13:35:00;M5;30;55;4785,82522;4786,94000;UP
2026-04-21 14:05:00;M5;30;55;4783,99903;4780,07000;DOWN
2026-04-21 14:35:00;M5;30;21;4784,18080;4789,87000;UP
2026-04-21 15:25:00;M5;30;55;4781,20824;4780,74000;DOWN
2026-04-21 15:35:00;M5;30;55;4779,83633;4780,56000;UP
2026-04-21 16:05:00;M5;30;55;4778,40129;4768,02000;DOWN
2026-04-21 16:35:00;M5;30;21;4782,03508;4784,42000;UP
2026-04-21 17:20:00;M5;30;55;4775,69550;4772,63000;DOWN
2026-04-21 20:40:00;M5;30;21;4712,41580;4717,83000;UP
2026-04-21 21:15:00;M5;30;21;4702,29743;4696,22000;DOWN
2026-04-21 21:35:00;M5;30;21;4695,13650;4701,35000;UP
2026-04-21 22:20:00;M5;30;34;4711,78443;4714,32000;UP
2026-04-21 22:35:00;M5;30;34;4704,46239;4701,09000;DOWN
2026-04-21 23:10:00;M5;30;21;4684,42881;4697,17000;UP
2026-04-21 23:45:00;M5;30;55;4712,89055;4713,23000;UP
2026-04-22 05:35:00;M5;30;21;4755,95227;4753,27000;DOWN
2026-04-22 06:25:00;M5;30;21;4761,11849;4763,11000;UP
2026-04-22 06:35:00;M5;30;21;4764,82751;4758,26000;DOWN
2026-04-22 08:15:00;M5;30;21;4768,19383;4768,51000;UP
2026-04-22 08:05:00;M5;30;34;4757,77406;4755,69000;DOWN
2026-04-22 08:35:00;M5;30;34;4762,15083;4766,36000;UP
2026-04-22 08:35:00;M5;30;21;4769,24330;4766,36000;DOWN
2026-04-22 09:05:00;M5;30;34;4766,03240;4760,58000;DOWN
2026-04-22 11:35:00;M5;30;55;4754,85480;4753,32000;DOWN
2026-04-22 12:05:00;M5;30;55;4757,58007;4760,90000;UP
2026-04-22 12:35:00;M5;30;55;4759,84497;4758,67000;DOWN
2026-04-22 13:55:00;M5;30;21;4757,74541;4759,19000;UP
2026-04-22 14:40:00;M5;30;21;4754,86964;4748,63000;DOWN
2026-04-22 16:25:00;M5;30;21;4749,97359;4750,07000;UP
2026-04-22 16:45:00;M5;30;34;4755,98025;4756,74000;UP
2026-04-22 16:35:00;M5;30;21;4749,13708;4748,48000;DOWN
2026-04-22 17:30:00;M5;30;89;4742,67165;4736,13000;DOWN
2026-04-22 19:35:00;M5;30;21;4730,38535;4730,91000;UP
2026-04-22 20:05:00;M5;30;34;4734,95615;4736,45000;UP
2026-04-22 21:25:00;M5;30;34;4731,08508;4730,44000;DOWN
2026-04-22 21:35:00;M5;30;34;4730,13270;4738,00000;UP
2026-04-22 22:05:00;M5;30;89;4744,75606;4740,28000;DOWN
2026-04-22 22:50:00;M5;30;55;4740,33453;4740,41000;UP
2026-04-22 23:05:00;M5;30;55;4738,98917;4738,01000;DOWN
2026-04-22 23:45:00;M5;30;55;4737,80449;4738,63000;UP
2026-04-23 01:10:00;M5;30;55;4736,60354;4736,42000;DOWN
2026-04-23 01:40:00;M5;30;34;4730,67145;4729,87000;DOWN
2026-04-23 03:25:00;M5;30;21;4732,65239;4741,49000;UP
2026-04-23 04:10:00;M5;30;89;4739,71185;4736,85000;DOWN
2026-04-23 04:40:00;M5;30;21;4733,20527;4733,60000;UP
2026-04-23 05:05:00;M5;30;55;4728,08087;4714,41000;DOWN
2026-04-23 07:35:00;M5;30;21;4702,81268;4703,21000;UP
2026-04-23 08:05:00;M5;30;34;4709,53665;4709,64000;UP
2026-04-23 08:55:00;M5;30;55;4712,22691;4713,52000;UP
2026-04-23 08:35:00;M5;30;34;4707,28795;4702,91000;DOWN
2026-04-23 09:05:00;M5;30;34;4705,68143;4713,10000;UP
2026-04-23 09:15:00;M5;30;55;4710,64574;4710,33000;DOWN
2026-04-23 09:35:00;M5;30;55;4709,35618;4713,40000;UP
2026-04-23 10:20:00;M5;30;55;4708,10880;4705,65000;DOWN
2026-04-23 10:35:00;M5;30;55;4707,23446;4709,36000;UP
2026-04-23 11:30:00;M5;30;89;4715,28611;4709,78000;DOWN
2026-04-23 11:40:00;M5;30;55;4705,72984;4703,76000;DOWN
2026-04-23 14:00:00;M5;30;34;4698,26049;4698,57000;UP
2026-04-23 14:10:00;M5;30;21;4697,89766;4697,90000;UP
2026-04-23 14:40:00;M5;30;89;4704,69064;4705,38000;UP
2026-04-23 17:05:00;M5;30;21;4726,83379;4721,36000;DOWN
2026-04-23 17:50:00;M5;30;21;4731,35138;4735,11000;UP
2026-04-23 18:05:00;M5;30;21;4735,40307;4728,65000;DOWN
2026-04-23 18:50:00;M5;30;34;4724,70589;4717,13000;DOWN
2026-04-23 19:30:00;M5;30;34;4726,62378;4728,39000;UP
2026-04-23 19:35:00;M5;30;34;4728,61119;4727,88000;DOWN
2026-04-23 20:20:00;M5;30;89;4708,11400;4707,46000;DOWN
2026-04-23 20:55:00;M5;30;89;4708,35578;4709,32000;UP
2026-04-23 21:30:00;M5;30;55;4718,62790;4718,63000;UP
2026-04-23 21:45:00;M5;30;89;4708,45053;4706,54000;DOWN
2026-04-24 01:05:00;M5;30;21;4690,58462;4697,38000;UP
2026-04-24 02:30:00;M5;30;34;4698,89606;4699,02000;UP
2026-04-24 02:55:00;M5;30;34;4695,80257;4695,35000;DOWN
2026-04-24 03:05:00;M5;30;34;4693,80598;4696,25000;UP
2026-04-24 03:45:00;M5;30;89;4700,82438;4699,28000;DOWN
2026-04-24 04:05:00;M5;30;55;4703,05534;4703,91000;UP
2026-04-24 04:35:00;M5;30;89;4699,99516;4695,93000;DOWN
2026-04-24 05:05:00;M5;30;34;4690,44246;4694,66000;UP
2026-04-24 05:35:00;M5;30;34;4688,60924;4683,43000;DOWN
2026-04-24 07:45:00;M5;30;21;4673,48807;4675,92000;UP
2026-04-24 08:15:00;M5;30;34;4674,36134;4674,76000;UP
2026-04-24 09:20:00;M5;30;55;4677,92248;4673,72000;DOWN
2026-04-24 09:35:00;M5;30;34;4671,10419;4675,05000;UP
2026-04-24 10:05:00;M5;30;55;4674,11387;4677,50000;UP
2026-04-24 10:40:00;M5;30;89;4683,72711;4685,48000;UP
2026-04-24 12:25:00;M5;30;21;4684,15001;4683,28000;DOWN
2026-04-24 13:30:00;M5;30;89;4679,77200;4675,31000;DOWN
2026-04-24 14:00:00;M5;30;21;4686,29665;4689,54000;UP
2026-04-24 15:45:00;M5;30;34;4692,50263;4692,28000;DOWN
2026-04-24 16:05:00;M5;30;34;4695,74966;4700,36000;UP
2026-04-24 16:40:00;M5;30;21;4706,95199;4708,17000;UP
2026-04-24 18:30:00;M5;30;21;4721,20394;4718,21000;DOWN
2026-04-24 18:40:00;M5;30;21;4725,54162;4727,83000;UP
2026-04-24 19:05:00;M5;30;21;4728,26527;4721,70000;DOWN
2026-04-24 19:40:00;M5;30;34;4723,09313;4722,50000;DOWN
2026-04-24 20:05:00;M5;30;34;4726,00013;4727,73000;UP
2026-04-24 20:35:00;M5;30;34;4728,42644;4721,80000;DOWN
2026-04-24 22:20:00;M5;30;55;4720,85694;4717,88000;DOWN
2026-04-27 01:05:00;M5;30;89;4706,57332;4681,63000;DOWN
2026-04-27 03:35:00;M5;30;21;4678,96607;4679,29000;UP
2026-04-27 04:05:00;M5;30;89;4705,41050;4698,13000;DOWN
2026-04-27 04:35:00;M5;30;34;4691,71877;4699,81000;UP
2026-04-27 05:15:00;M5;30;89;4705,07374;4705,24000;UP
2026-04-27 05:35:00;M5;30;55;4707,03831;4712,19000;UP
2026-04-27 08:05:00;M5;30;21;4724,41058;4719,70000;DOWN
2026-04-27 08:35:00;M5;30;89;4711,40771;4710,64000;DOWN
2026-04-27 09:05:00;M5;30;89;4712,38268;4713,21000;UP
2026-04-27 09:30:00;M5;30;34;4710,77001;4710,27000;DOWN
2026-04-27 09:45:00;M5;30;34;4712,92470;4714,18000;UP
2026-04-27 09:35:00;M5;30;89;4713,21111;4711,85000;DOWN
2026-04-27 10:05:00;M5;30;89;4713,93644;4717,03000;UP
2026-04-27 10:45:00;M5;30;89;4714,53053;4714,26000;DOWN
2026-04-27 11:10:00;M5;30;55;4710,99143;4710,87000;DOWN
2026-04-27 11:40:00;M5;30;55;4711,04896;4711,80000;UP
2026-04-27 12:05:00;M5;30;55;4710,93103;4704,58000;DOWN
2026-04-27 13:30:00;M5;30;21;4706,56901;4707,40000;UP
2026-04-27 14:35:00;M5;30;21;4703,05200;4701,96000;DOWN
2026-04-27 15:05:00;M5;30;21;4702,71070;4706,03000;UP
2026-04-27 15:35:00;M5;30;55;4709,94759;4701,56000;DOWN
2026-04-27 19:35:00;M5;30;21;4675,11505;4677,59000;UP
2026-04-27 20:30:00;M5;30;34;4680,42024;4685,04000;UP
2026-04-27 20:15:00;M5;30;21;4672,41605;4671,31000;DOWN
2026-04-27 20:35:00;M5;30;21;4671,32688;4680,44000;UP
2026-04-27 23:35:00;M5;30;55;4678,67961;4679,72000;UP
2026-04-28 02:05:00;M5;30;89;4687,60468;4688,13000;UP
2026-04-28 03:55:00;M5;30;21;4691,17608;4690,54000;DOWN
2026-04-28 04:30:00;M5;30;89;4685,04908;4684,10000;DOWN
2026-04-28 04:35:00;M5;30;34;4684,85924;4690,23000;UP
2026-04-28 04:55:00;M5;30;55;4677,78417;4670,63000;DOWN
2026-04-28 05:15:00;M5;30;55;4677,53058;4678,00000;UP
2026-04-28 05:05:00;M5;30;89;4683,33116;4675,13000;DOWN
2026-04-28 05:35:00;M5;30;55;4676,92544;4671,08000;DOWN
2026-04-28 10:55:00;M5;30;21;4629,32801;4633,14000;UP
2026-04-28 11:05:00;M5;30;21;4624,30570;4621,86000;DOWN
2026-04-28 11:35:00;M5;30;21;4620,64826;4629,16000;UP
2026-04-28 12:20:00;M5;30;21;4617,05620;4616,07000;DOWN
2026-04-28 12:40:00;M5;30;21;4612,42663;4613,59000;UP
2026-04-28 13:35:00;M5;30;34;4612,89507;4614,67000;UP
2026-04-28 13:55:00;M5;30;21;4604,69578;4603,22000;DOWN
2026-04-28 14:05:00;M5;30;21;4601,00400;4601,98000;UP
2026-04-28 14:05:00;M5;30;34;4607,53283;4601,98000;DOWN
2026-04-28 14:35:00;M5;30;21;4593,68664;4569,91000;DOWN
2026-04-28 15:35:00;M5;30;21;4580,64098;4583,86000;UP
2026-04-28 16:05:00;M5;30;34;4582,43141;4572,96000;DOWN
2026-04-28 16:35:00;M5;30;21;4573,27404;4579,74000;UP
2026-04-28 17:05:00;M5;30;34;4573,99146;4569,38000;DOWN
2026-04-28 17:55:00;M5;30;21;4567,59104;4574,47000;UP
2026-04-28 18:35:00;M5;30;55;4575,34828;4578,85000;UP
2026-04-28 19:50:00;M5;30;89;4592,30904;4593,48000;UP
2026-04-28 20:15:00;M5;30;89;4589,00183;4588,38000;DOWN
2026-04-28 20:35:00;M5;30;89;4586,01880;4598,48000;UP
2026-04-28 22:50:00;M5;30;21;4596,56424;4595,13000;DOWN
2026-04-29 02:05:00;M5;30;34;4591,72944;4590,95000;DOWN
2026-04-29 03:00:00;M5;30;21;4597,72922;4606,75000;UP
2026-04-29 04:00:00;M5;30;34;4596,51091;4582,53000;DOWN
2026-04-29 05:05:00;M5;30;21;4592,86427;4598,82000;UP
2026-04-29 05:50:00;M5;30;34;4595,83787;4592,96000;DOWN
2026-04-29 06:05:00;M5;30;34;4595,79507;4599,60000;UP
2026-04-29 06:35:00;M5;30;34;4595,89022;4594,96000;DOWN
2026-04-29 07:05:00;M5;30;21;4594,59435;4599,88000;UP
2026-04-29 08:30:00;M5;30;34;4597,91132;4595,45000;DOWN
2026-04-29 08:40:00;M5;30;21;4598,88221;4599,02000;UP
2026-04-29 08:55:00;M5;30;55;4591,84317;4590,90000;DOWN
2026-04-29 09:05:00;M5;30;34;4597,55093;4592,48000;DOWN
2026-04-29 10:40:00;M5;30;89;4571,53531;4570,38000;DOWN
2026-04-29 11:50:00;M5;30;89;4571,36081;4574,83000;UP
2026-04-29 12:05:00;M5;30;21;4570,28345;4572,22000;UP
2026-04-29 12:25:00;M5;30;89;4571,04874;4565,80000;DOWN
2026-04-29 12:35:00;M5;30;21;4564,94302;4564,49000;DOWN
2026-04-29 13:05:00;M5;30;21;4561,57446;4565,30000;UP
2026-04-29 13:35:00;M5;30;34;4570,46775;4570,48000;UP
2026-04-29 13:40:00;M5;30;89;4569,46420;4566,33000;DOWN
2026-04-29 14:05:00;M5;30;34;4567,78837;4567,06000;DOWN
2026-04-29 14:35:00;M5;30;34;4565,19370;4567,04000;UP
2026-04-29 15:20:00;M5;30;34;4562,64800;4562,20000;DOWN
2026-04-29 15:35:00;M5;30;21;4555,17426;4555,84000;UP
2026-04-29 16:05:00;M5;30;21;4551,36859;4546,47000;DOWN
2026-04-29 17:30:00;M5;30;21;4538,86891;4539,53000;UP
2026-04-29 17:35:00;M5;30;34;4540,48920;4540,90000;UP
2026-04-29 17:45:00;M5;30;21;4534,28267;4532,85000;DOWN
2026-04-29 18:05:00;M5;30;21;4531,63500;4539,93000;UP
2026-04-29 18:35:00;M5;30;55;4547,85406;4551,00000;UP
2026-04-29 19:30:00;M5;30;89;4553,76375;4550,60000;DOWN
2026-04-29 20:05:00;M5;30;89;4550,52053;4550,77000;UP
2026-04-29 20:35:00;M5;30;89;4549,09769;4545,27000;DOWN
2026-04-29 21:05:00;M5;30;55;4537,75121;4533,54000;DOWN
2026-04-29 21:55:00;M5;30;34;4534,54366;4538,07000;UP
2026-04-29 22:10:00;M5;30;21;4541,98180;4547,73000;UP
2026-04-29 22:35:00;M5;30;89;4543,24756;4540,81000;DOWN
2026-04-29 23:05:00;M5;30;21;4542,65579;4552,23000;UP
2026-04-29 23:45:00;M5;30;21;4542,71692;4541,76000;DOWN
2026-04-30 01:05:00;M5;30;21;4543,21114;4545,99000;UP
2026-04-30 05:25:00;M5;30;21;4574,22119;4573,06000;DOWN
2026-04-30 05:35:00;M5;30;34;4565,50309;4563,70000;DOWN
2026-04-30 07:30:00;M5;30;89;4542,84980;4541,15000;DOWN
2026-04-30 07:40:00;M5;30;89;4543,19782;4544,66000;UP
2026-04-30 08:30:00;M5;30;21;4561,24174;4562,28000;UP
2026-04-30 08:45:00;M5;30;34;4565,68145;4566,85000;UP
2026-04-30 09:05:00;M5;30;34;4565,44501;4565,19000;DOWN
2026-04-30 09:35:00;M5;30;34;4566,87079;4575,35000;UP
2026-04-30 13:05:00;M5;30;21;4628,22193;4625,86000;DOWN
2026-04-30 13:55:00;M5;30;21;4637,93515;4639,75000;UP
2026-04-30 14:05:00;M5;30;21;4645,46078;4644,76000;DOWN
2026-04-30 15:05:00;M5;30;34;4634,41485;4631,18000;DOWN
2026-04-30 16:00:00;M5;30;34;4639,71500;4640,25000;UP
2026-04-30 16:05:00;M5;30;34;4644,06272;4639,97000;DOWN
2026-04-30 16:35:00;M5;30;55;4629,11926;4624,14000;DOWN
2026-04-30 19:05:00;M5;30;89;4615,14563;4613,92000;DOWN
2026-04-30 19:50:00;M5;30;21;4616,42136;4616,53000;UP
2026-04-30 20:20:00;M5;30;89;4619,53107;4619,54000;UP
2026-04-30 20:35:00;M5;30;89;4621,49362;4617,12000;DOWN
2026-04-30 21:15:00;M5;30;89;4623,38303;4623,93000;UP
2026-04-30 21:35:00;M5;30;89;4625,20494;4620,89000;DOWN
2026-04-30 22:05:00;M5;30;34;4623,24308;4625,56000;UP
2026-04-30 22:45:00;M5;30;34;4621,34949;4620,67000;DOWN
2026-04-30 23:45:00;M5;30;34;4618,33289;4618,53000;UP
2026-05-01 02:55:00;M5;30;21;4627,19198;4626,50000;DOWN
2026-05-01 03:30:00;M5;30;34;4621,93542;4621,55000;DOWN
2026-05-01 03:50:00;M5;30;34;4622,59921;4624,11000;UP
2026-05-01 04:05:00;M5;30;34;4622,76897;4617,97000;DOWN
2026-05-01 05:00:00;M5;30;34;4622,84019;4624,61000;UP
2026-05-01 05:05:00;M5;30;21;4625,36133;4626,24000;UP
2026-05-01 05:35:00;M5;30;55;4628,62357;4628,24000;DOWN
2026-05-01 06:25:00;M5;30;21;4624,07982;4626,20000;UP
2026-05-01 06:40:00;M5;30;55;4627,49426;4626,17000;DOWN
2026-05-01 07:05:00;M5;30;34;4624,62249;4620,93000;DOWN
2026-05-01 12:30:00;M5;30;21;4571,44333;4571,56000;UP
2026-05-01 12:50:00;M5;30;21;4565,16434;4560,99000;DOWN
2026-05-01 13:05:00;M5;30;21;4561,00706;4566,59000;UP
2026-05-01 14:15:00;M5;30;34;4567,15392;4571,69000;UP
2026-05-01 15:10:00;M5;30;55;4578,26072;4584,75000;UP
2026-05-01 16:30:00;M5;30;89;4598,45774;4598,61000;UP
2026-05-01 19:05:00;M5;30;21;4643,25498;4639,22000;DOWN
2026-05-01 20:35:00;M5;30;34;4631,94810;4630,81000;DOWN
2026-05-01 22:35:00;M5;30;55;4617,19725;4617,10000;DOWN
2026-05-04 01:05:00;M5;30;21;4618,73186;4621,95000;UP
2026-05-04 01:50:00;M5;30;55;4624,16612;4619,67000;DOWN
2026-05-04 03:00:00;M5;30;89;4611,22324;4608,42000;DOWN
2026-05-04 03:05:00;M5;30;21;4610,79744;4615,27000;UP
2026-05-04 03:35:00;M5;30;89;4611,77598;4606,35000;DOWN
2026-05-04 04:50:00;M5;30;21;4605,61096;4606,17000;UP
2026-05-04 05:05:00;M5;30;89;4611,78833;4608,84000;DOWN
2026-05-04 05:40:00;M5;30;21;4601,55970;4603,86000;UP
2026-05-04 06:50:00;M5;30;89;4611,65080;4613,36000;UP
2026-05-04 06:35:00;M5;30;34;4605,01164;4601,37000;DOWN
2026-05-04 07:05:00;M5;30;21;4602,92581;4610,73000;UP
2026-05-04 07:05:00;M5;30;89;4611,77535;4610,73000;DOWN
2026-05-04 08:25:00;M5;30;34;4602,46830;4596,51000;DOWN
2026-05-04 12:05:00;M5;30;21;4577,11906;4580,04000;UP
2026-05-04 12:50:00;M5;30;34;4581,17954;4579,17000;DOWN
2026-05-04 13:45:00;M5;30;21;4563,60978;4566,56000;UP
2026-05-04 14:30:00;M5;30;21;4559,32379;4556,78000;DOWN
2026-05-04 14:50:00;M5;30;21;4556,02953;4558,84000;UP
2026-05-04 15:10:00;M5;30;34;4561,57444;4563,67000;UP
2026-05-04 15:35:00;M5;30;55;4569,41215;4568,40000;DOWN
2026-05-04 16:05:00;M5;30;55;4566,54644;4572,17000;UP
2026-05-04 16:45:00;M5;30;55;4564,02723;4561,43000;DOWN
2026-05-04 17:15:00;M5;30;55;4561,96007;4572,92000;UP
2026-05-04 17:05:00;M5;30;34;4555,47622;4555,02000;DOWN
2026-05-04 17:35:00;M5;30;21;4558,98785;4579,69000;UP
2026-05-04 18:05:00;M5;30;89;4575,58185;4557,90000;DOWN
2026-05-04 20:15:00;M5;30;21;4525,74098;4528,99000;UP
2026-05-04 21:25:00;M5;30;21;4513,32719;4511,92000;DOWN
2026-05-04 21:35:00;M5;30;21;4508,79769;4514,82000;UP
2026-05-04 22:05:00;M5;30;34;4516,40880;4517,89000;UP
2026-05-04 22:50:00;M5;30;55;4519,91318;4519,17000;DOWN
2026-05-04 23:30:00;M5;30;55;4516,76164;4517,27000;UP
2026-05-05 03:00:00;M5;30;89;4521,47674;4522,80000;UP
2026-05-05 03:25:00;M5;30;89;4518,85556;4517,06000;DOWN
2026-05-05 03:35:00;M5;30;89;4516,53702;4520,91000;UP
2026-05-05 06:20:00;M5;30;21;4538,81299;4538,29000;DOWN
2026-05-05 07:25:00;M5;30;34;4530,25074;4529,57000;DOWN
2026-05-05 07:45:00;M5;30;34;4532,12244;4534,53000;UP
2026-05-05 08:05:00;M5;30;21;4541,01547;4543,07000;UP
2026-05-05 09:20:00;M5;30;34;4538,11897;4535,11000;DOWN
2026-05-05 09:35:00;M5;30;21;4542,67831;4548,00000;UP
2026-05-05 11:40:00;M5;30;21;4549,97797;4549,79000;DOWN
2026-05-05 12:05:00;M5;30;21;4552,47219;4559,11000;UP
2026-05-05 12:45:00;M5;30;21;4554,88251;4553,90000;DOWN
2026-05-05 13:05:00;M5;30;34;4553,81450;4552,21000;DOWN
2026-05-05 13:50:00;M5;30;55;4544,30400;4540,95000;DOWN
2026-05-05 14:25:00;M5;30;21;4555,35406;4556,02000;UP
2026-05-05 15:05:00;M5;30;21;4559,25538;4558,24000;DOWN
2026-05-05 15:35:00;M5;30;21;4562,26910;4570,11000;UP
2026-05-05 17:10:00;M5;30;21;4574,85845;4573,66000;DOWN
2026-05-05 17:35:00;M5;30;21;4579,40297;4581,22000;UP
2026-05-05 18:05:00;M5;30;21;4582,98983;4580,22000;DOWN
2026-05-05 18:50:00;M5;30;55;4571,65789;4570,89000;DOWN
2026-05-05 22:00:00;M5;30;89;4559,04193;4558,77000;DOWN
2026-05-05 22:45:00;M5;30;21;4557,40428;4558,86000;UP
2026-05-06 01:05:00;M5;30;21;4552,21780;4551,49000;DOWN
2026-05-06 01:50:00;M5;30;21;4553,16743;4558,63000;UP
2026-05-06 05:35:00;M5;30;21;4631,36988;4630,82000;DOWN
2026-05-06 06:05:00;M5;30;21;4641,51270;4644,71000;UP
2026-05-06 06:40:00;M5;30;21;4649,68882;4647,78000;DOWN
2026-05-06 08:35:00;M5;30;34;4653,83145;4647,06000;DOWN
2026-05-06 09:05:00;M5;30;34;4660,71788;4663,48000;UP
2026-05-06 09:35:00;M5;30;34;4667,14755;4666,10000;DOWN
2026-05-06 10:55:00;M5;30;21;4678,32059;4681,51000;UP
2026-05-06 11:05:00;M5;30;34;4682,71958;4677,48000;DOWN
2026-05-06 11:50:00;M5;30;21;4685,76978;4697,33000;UP
2026-05-06 12:40:00;M5;30;34;4697,90234;4696,03000;DOWN
2026-05-06 13:25:00;M5;30;21;4703,29392;4704,40000;UP
2026-05-06 14:10:00;M5;30;34;4712,17476;4712,03000;DOWN
2026-05-06 14:40:00;M5;30;55;4706,42761;4699,58000;DOWN
2026-05-06 15:10:00;M5;30;89;4680,34534;4673,15000;DOWN
2026-05-06 16:30:00;M5;30;89;4689,00565;4697,87000;UP
2026-05-06 16:50:00;M5;30;21;4701,69753;4703,85000;UP
2026-05-06 17:15:00;M5;30;34;4712,66512;4713,04000;UP
2026-05-06 17:35:00;M5;30;34;4712,51326;4708,18000;DOWN
2026-05-06 18:05:00;M5;30;89;4704,14491;4698,76000;DOWN
2026-05-06 21:10:00;M5;30;21;4686,10300;4686,79000;UP
2026-05-06 22:05:00;M5;30;34;4692,24347;4694,36000;UP
2026-05-06 23:30:00;M5;30;34;4690,75857;4690,16000;DOWN
2026-05-06 23:35:00;M5;30;34;4690,43563;4690,68000;UP
2026-05-07 02:30:00;M5;30;21;4693,16267;4693,02000;DOWN
2026-05-07 02:45:00;M5;30;21;4694,77218;4697,02000;UP
2026-05-07 03:05:00;M5;30;21;4695,59743;4695,04000;DOWN
2026-05-07 03:40:00;M5;30;34;4691,59959;4688,28000;DOWN
2026-05-07 04:05:00;M5;30;21;4696,20771;4697,52000;UP
2026-05-07 05:30:00;M5;30;21;4701,43329;4701,09000;DOWN
2026-05-07 05:40:00;M5;30;21;4704,09606;4704,11000;UP
2026-05-07 06:10:00;M5;30;21;4705,94212;4705,87000;DOWN
2026-05-07 06:55:00;M5;30;55;4701,90849;4699,08000;DOWN
2026-05-07 08:30:00;M5;30;21;4703,23229;4703,28000;UP
2026-05-07 08:55:00;M5;30;55;4701,80707;4701,00000;DOWN
2026-05-07 09:05:00;M5;30;21;4702,91044;4707,76000;UP
2026-05-07 11:40:00;M5;30;21;4736,27806;4735,23000;DOWN
2026-05-07 12:55:00;M5;30;34;4732,49171;4729,04000;DOWN
2026-05-07 13:10:00;M5;30;34;4734,78663;4734,86000;UP
2026-05-07 13:35:00;M5;30;34;4736,87097;4736,37000;DOWN
2026-05-07 14:10:00;M5;30;89;4730,76374;4730,18000;DOWN
2026-05-07 14:55:00;M5;30;34;4740,67067;4742,78000;UP
2026-05-07 15:10:00;M5;30;21;4742,70881;4744,14000;UP
2026-05-07 15:05:00;M5;30;34;4742,60223;4740,69000;DOWN
2026-05-07 15:35:00;M5;30;34;4744,92723;4746,20000;UP
2026-05-07 16:00:00;M5;30;21;4743,34514;4738,88000;DOWN
2026-05-07 16:20:00;M5;30;21;4744,44293;4744,74000;UP
2026-05-07 16:10:00;M5;30;89;4735,90092;4733,48000;DOWN
2026-05-07 16:35:00;M5;30;34;4749,02287;4752,50000;UP
2026-05-07 16:45:00;M5;30;21;4745,79595;4742,54000;DOWN
2026-05-07 17:10:00;M5;30;21;4748,26369;4751,87000;UP
2026-05-07 17:05:00;M5;30;34;4751,06935;4747,63000;DOWN
2026-05-07 17:35:00;M5;30;34;4753,38670;4753,88000;UP
2026-05-07 18:25:00;M5;30;89;4742,62875;4740,13000;DOWN
2026-05-07 21:35:00;M5;30;21;4710,29650;4713,24000;UP
2026-05-07 22:15:00;M5;30;21;4705,08178;4702,23000;DOWN
2026-05-07 22:35:00;M5;30;21;4700,52354;4710,94000;UP
2026-05-07 23:55:00;M5;30;21;4695,27549;4688,23000;DOWN
2026-05-08 01:15:00;M5;30;21;4692,76899;4694,35000;UP
2026-05-08 01:35:00;M5;30;21;4689,86141;4689,69000;DOWN
2026-05-08 02:05:00;M5;30;21;4688,00593;4691,29000;UP
2026-05-08 04:00:00;M5;30;55;4707,88490;4712,90000;UP
2026-05-08 05:00:00;M5;30;89;4723,87766;4731,73000;UP
2026-05-08 05:15:00;M5;30;89;4722,81122;4719,23000;DOWN
2026-05-08 06:30:00;M5;30;89;4721,13196;4730,66000;UP
2026-05-08 06:45:00;M5;30;89;4720,50928;4720,46000;DOWN
2026-05-08 07:05:00;M5;30;21;4720,84016;4718,78000;DOWN
2026-05-08 08:30:00;M5;30;21;4722,59766;4724,21000;UP
2026-05-08 08:35:00;M5;30;21;4723,79604;4722,58000;DOWN
2026-05-08 09:15:00;M5;30;21;4725,90131;4727,62000;UP
2026-05-08 09:35:00;M5;30;21;4727,60686;4727,51000;DOWN
2026-05-08 10:10:00;M5;30;89;4717,33731;4715,28000;DOWN
2026-05-08 10:35:00;M5;30;55;4708,56702;4709,17000;UP
2026-05-08 11:20:00;M5;30;89;4716,29125;4720,01000;UP
2026-05-08 11:35:00;M5;30;21;4719,26049;4721,39000;UP
2026-05-08 11:55:00;M5;30;89;4715,77762;4715,74000;DOWN
2026-05-08 12:05:00;M5;30;89;4715,30197;4716,02000;UP
2026-05-08 12:05:00;M5;30;21;4718,02003;4716,02000;DOWN
2026-05-08 12:35:00;M5;30;89;4714,77081;4713,42000;DOWN
2026-05-08 13:10:00;M5;30;21;4715,94666;4718,82000;UP
2026-05-08 13:45:00;M5;30;34;4720,98312;4719,64000;DOWN
2026-05-08 14:05:00;M5;30;34;4720,95895;4724,67000;UP
2026-05-08 15:00:00;M5;30;89;4713,52134;4713,25000;DOWN
2026-05-08 15:30:00;M5;30;21;4716,98881;4723,31000;UP
2026-05-08 17:25:00;M5;30;55;4721,64963;4717,49000;DOWN
2026-05-08 17:35:00;M5;30;34;4723,45260;4723,60000;UP
2026-05-08 18:00:00;M5;30;89;4714,97308;4713,87000;DOWN
2026-05-08 18:05:00;M5;30;89;4715,39968;4716,75000;UP
2026-05-08 18:05:00;M5;30;55;4722,87324;4716,75000;DOWN
2026-05-08 18:35:00;M5;30;89;4715,67066;4712,68000;DOWN
2026-05-08 19:25:00;M5;30;89;4715,94688;4717,61000;UP
2026-05-08 19:40:00;M5;30;89;4716,14344;4713,39000;DOWN
2026-05-08 20:15:00;M5;30;21;4716,85068;4718,65000;UP
2026-05-08 20:50:00;M5;30;55;4721,37151;4721,96000;UP
2026-05-08 23:10:00;M5;30;89;4718,75623;4718,65000;DOWN
2026-05-11 03:45:00;M5;30;21;4689,40221;4690,31000;UP
2026-05-11 04:20:00;M5;30;34;4697,39394;4703,07000;UP
2026-05-11 04:50:00;M5;30;34;4694,24200;4686,57000;DOWN
2026-05-11 05:30:00;M5;30;34;4691,36143;4691,99000;UP
2026-05-11 05:35:00;M5;30;55;4698,93951;4698,99000;UP
2026-05-11 05:45:00;M5;30;34;4688,40706;4685,35000;DOWN
2026-05-11 06:05:00;M5;30;34;4685,88552;4686,23000;UP
2026-05-11 06:05:00;M5;30;55;4696,40266;4686,23000;DOWN
2026-05-11 06:45:00;M5;30;34;4683,15212;4681,22000;DOWN
2026-05-11 07:05:00;M5;30;21;4677,12665;4677,30000;UP
2026-05-11 07:35:00;M5;30;21;4675,16943;4671,51000;DOWN
2026-05-11 08:10:00;M5;30;21;4672,88802;4673,32000;UP
2026-05-11 08:40:00;M5;30;34;4670,35498;4663,63000;DOWN
2026-05-11 09:10:00;M5;30;21;4665,19970;4665,30000;UP
2026-05-11 09:50:00;M5;30;55;4675,33074;4678,92000;UP
2026-05-11 10:45:00;M5;30;55;4670,36078;4667,53000;DOWN
2026-05-11 11:10:00;M5;30;55;4668,23040;4671,97000;UP
2026-05-11 12:20:00;M5;30;55;4664,23488;4659,04000;DOWN
2026-05-11 12:40:00;M5;30;21;4662,55259;4662,90000;UP
2026-05-11 13:05:00;M5;30;21;4661,38548;4660,97000;DOWN
2026-05-11 13:35:00;M5;30;21;4660,77564;4662,95000;UP
2026-05-11 14:25:00;M5;30;89;4671,20509;4671,93000;UP
2026-05-11 18:05:00;M5;30;21;4730,46596;4728,59000;DOWN
2026-05-11 19:35:00;M5;30;34;4723,75726;4720,44000;DOWN
2026-05-11 22:45:00;M5;30;21;4731,07854;4731,30000;UP
2026-05-12 01:40:00;M5;30;34;4744,46591;4744,73000;UP
2026-05-12 03:55:00;M5;30;55;4751,45991;4749,25000;DOWN
2026-05-12 04:35:00;M5;30;89;4727,24540;4724,64000;DOWN
2026-05-12 05:05:00;M5;30;89;4729,98757;4730,15000;UP
2026-05-12 05:35:00;M5;30;89;4732,41643;4726,71000;DOWN
2026-05-12 07:35:00;M5;30;21;4722,12280;4725,55000;UP
2026-05-12 08:05:00;M5;30;21;4716,93154;4711,09000;DOWN
2026-05-12 08:35:00;M5;30;21;4712,91335;4716,32000;UP
2026-05-12 09:05:00;M5;30;21;4708,14834;4704,67000;DOWN
2026-05-12 10:15:00;M5;30;21;4698,95746;4699,17000;UP
2026-05-12 11:45:00;M5;30;34;4700,74355;4703,55000;UP
2026-05-12 12:40:00;M5;30;34;4695,51730;4695,29000;DOWN
2026-05-12 13:05:00;M5;30;34;4693,75414;4707,71000;UP
2026-05-12 13:35:00;M5;30;34;4692,10499;4686,52000;DOWN
2026-05-12 14:15:00;M5;30;21;4693,77822;4697,88000;UP
2026-05-12 14:45:00;M5;30;55;4704,79631;4705,51000;UP
2026-05-12 15:05:00;M5;30;55;4702,12436;4700,59000;DOWN
2026-05-12 15:35:00;M5;30;21;4698,09047;4701,63000;UP
2026-05-12 16:05:00;M5;30;55;4697,53697;4695,43000;DOWN
2026-05-12 16:35:00;M5;30;21;4695,79396;4698,06000;UP
2026-05-12 17:05:00;M5;30;55;4692,42100;4691,50000;DOWN
2026-05-12 17:35:00;M5;30;34;4686,71703;4687,01000;UP
2026-05-12 18:05:00;M5;30;34;4683,34540;4672,86000;DOWN
2026-05-12 19:10:00;M5;30;21;4669,01707;4671,91000;UP
2026-05-12 20:00:00;M5;30;34;4673,13851;4676,26000;UP
2026-05-12 20:05:00;M5;30;55;4673,74889;4678,39000;UP
2026-05-12 21:35:00;M5;30;89;4691,16168;4691,20000;UP
2026-05-13 01:40:00;M5;30;21;4717,66012;4716,30000;DOWN
2026-05-13 03:55:00;M5;30;34;4715,40496;4714,46000;DOWN
2026-05-13 05:05:00;M5;30;55;4701,74478;4699,61000;DOWN
2026-05-13 05:50:00;M5;30;89;4692,22922;4689,08000;DOWN
2026-05-13 06:15:00;M5;30;89;4692,52211;4694,09000;UP
2026-05-13 06:35:00;M5;30;21;4702,69301;4704,21000;UP
2026-05-13 07:05:00;M5;30;21;4699,18921;4696,60000;DOWN
2026-05-13 07:35:00;M5;30;21;4696,75252;4701,75000;UP
2026-05-13 08:05:00;M5;30;55;4706,66336;4704,45000;DOWN
2026-05-13 09:00:00;M5;30;34;4707,23440;4709,48000;UP
2026-05-13 09:50:00;M5;30;55;4708,48925;4702,57000;DOWN
2026-05-13 10:15:00;M5;30;34;4703,71208;4705,99000;UP
2026-05-13 10:05:00;M5;30;21;4699,39817;4698,58000;DOWN
2026-05-13 10:35:00;M5;30;21;4701,15763;4703,51000;UP
2026-05-13 10:50:00;M5;30;34;4702,94301;4702,57000;DOWN
2026-05-13 11:05:00;M5;30;21;4701,76117;4700,45000;DOWN
2026-05-13 11:40:00;M5;30;89;4696,59137;4695,96000;DOWN
2026-05-13 12:05:00;M5;30;89;4696,93287;4698,38000;UP
2026-05-13 12:55:00;M5;30;21;4699,66920;4700,88000;UP
2026-05-13 12:35:00;M5;30;89;4697,28262;4690,93000;DOWN
2026-05-13 13:05:00;M5;30;55;4706,10174;4708,73000;UP
2026-05-13 13:30:00;M5;30;34;4697,95418;4696,21000;DOWN
2026-05-13 13:35:00;M5;30;89;4697,87091;4695,98000;DOWN
2026-05-13 14:10:00;M5;30;21;4697,19291;4699,03000;UP
2026-05-13 14:35:00;M5;30;55;4702,70256;4704,88000;UP
2026-05-13 14:55:00;M5;30;89;4698,37274;4697,39000;DOWN
2026-05-13 15:05:00;M5;30;89;4698,45369;4699,18000;UP
2026-05-13 15:05:00;M5;30;55;4701,35952;4699,18000;DOWN
2026-05-13 15:35:00;M5;30;89;4698,38257;4678,87000;DOWN
2026-05-13 16:10:00;M5;30;21;4689,79146;4689,86000;UP
2026-05-13 16:35:00;M5;30;34;4690,82446;4674,18000;DOWN
2026-05-13 17:30:00;M5;30;21;4684,69236;4689,94000;UP
2026-05-13 17:35:00;M5;30;34;4686,81102;4686,40000;DOWN
2026-05-13 18:05:00;M5;30;21;4681,34142;4688,34000;UP
2026-05-13 18:35:00;M5;30;89;4695,76562;4698,86000;UP
2026-05-13 20:30:00;M5;30;89;4695,06264;4690,40000;DOWN
2026-05-13 20:50:00;M5;30;55;4689,59284;4688,83000;DOWN
2026-05-13 21:05:00;M5;30;34;4689,08410;4690,65000;UP
2026-05-13 21:40:00;M5;30;55;4689,01998;4686,06000;DOWN
2026-05-13 22:10:00;M5;30;34;4688,63791;4689,11000;UP
2026-05-13 22:50:00;M5;30;55;4687,83691;4685,64000;DOWN
2026-05-13 23:20:00;M5;30;21;4691,03801;4692,80000;UP
2026-05-13 23:35:00;M5;30;89;4691,82564;4691,38000;DOWN
2026-05-14 01:10:00;M5;30;21;4690,02283;4691,13000;UP
2026-05-14 03:00:00;M5;30;34;4692,74366;4691,76000;DOWN
2026-05-14 03:10:00;M5;30;21;4696,12666;4697,54000;UP
2026-05-14 03:35:00;M5;30;21;4698,47819;4695,52000;DOWN
2026-05-14 04:05:00;M5;30;89;4691,31919;4688,35000;DOWN
2026-05-14 04:45:00;M5;30;55;4691,50286;4694,54000;UP
2026-05-14 05:30:00;M5;30;34;4696,49546;4697,92000;UP
2026-05-14 05:05:00;M5;30;89;4691,52677;4690,91000;DOWN
2026-05-14 05:35:00;M5;30;55;4692,36137;4695,26000;UP
2026-05-14 05:35:00;M5;30;34;4695,94455;4695,26000;DOWN
2026-05-14 06:05:00;M5;30;89;4691,38639;4684,36000;DOWN
2026-05-14 07:20:00;M5;30;21;4690,21565;4691,50000;UP
2026-05-14 08:25:00;M5;30;34;4694,02884;4693,64000;DOWN
2026-05-14 08:35:00;M5;30;34;4694,00110;4699,92000;UP
2026-05-14 08:55:00;M5;30;89;4690,64663;4689,60000;DOWN
2026-05-14 09:30:00;M5;30;21;4691,55795;4694,05000;UP
2026-05-14 09:05:00;M5;30;34;4693,82851;4690,65000;DOWN
2026-05-14 09:35:00;M5;30;34;4693,83259;4694,30000;UP
2026-05-14 10:55:00;M5;30;55;4694,25584;4693,03000;DOWN
2026-05-14 11:10:00;M5;30;21;4698,00202;4698,99000;UP
2026-05-14 11:45:00;M5;30;55;4695,30108;4695,13000;DOWN
2026-05-14 12:05:00;M5;30;34;4695,86774;4696,44000;UP
2026-05-14 12:25:00;M5;30;89;4692,14126;4690,68000;DOWN
2026-05-14 12:45:00;M5;30;21;4698,07047;4700,38000;UP
2026-05-14 12:35:00;M5;30;55;4695,93218;4692,45000;DOWN
2026-05-14 13:05:00;M5;30;34;4696,47846;4698,45000;UP
2026-05-14 13:10:00;M5;30;21;4697,96544;4697,17000;DOWN
2026-05-14 13:45:00;M5;30;89;4693,07714;4692,89000;DOWN
2026-05-14 14:05:00;M5;30;34;4696,97792;4697,18000;UP
2026-05-14 14:45:00;M5;30;21;4696,69448;4698,08000;UP
2026-05-14 14:35:00;M5;30;55;4696,51845;4695,40000;DOWN
2026-05-14 15:10:00;M5;30;34;4697,32496;4703,78000;UP
2026-05-14 16:00:00;M5;30;34;4697,95317;4697,43000;DOWN
2026-05-14 16:05:00;M5;30;21;4697,44314;4701,38000;UP
2026-05-14 16:15:00;M5;30;89;4694,46805;4693,33000;DOWN
2026-05-14 16:35:00;M5;30;34;4696,93254;4682,65000;DOWN
2026-05-14 17:15:00;M5;30;21;4693,37485;4694,60000;UP
2026-05-14 17:35:00;M5;30;89;4694,18604;4689,94000;DOWN
2026-05-14 18:30:00;M5;30;21;4687,77567;4688,66000;UP
2026-05-14 18:40:00;M5;30;21;4685,81493;4682,55000;DOWN
2026-05-14 20:00:00;M5;30;21;4680,88362;4681,07000;UP
2026-05-14 20:25:00;M5;30;21;4678,42204;4677,36000;DOWN
2026-05-14 20:35:00;M5;30;21;4676,41746;4678,77000;UP
2026-05-14 21:05:00;M5;30;21;4674,68478;4672,11000;DOWN
2026-05-15 01:05:00;M5;30;21;4652,92976;4655,85000;UP
2026-05-15 02:30:00;M5;30;34;4655,65249;4651,09000;DOWN
2026-05-15 02:40:00;M5;30;34;4653,94225;4657,31000;UP
2026-05-15 03:00:00;M5;30;21;4650,69653;4649,44000;DOWN
2026-05-15 03:05:00;M5;30;21;4647,67000;4650,70000;UP
2026-05-15 03:05:00;M5;30;34;4651,07651;4650,70000;DOWN
2026-05-15 03:35:00;M5;30;21;4643,07152;4621,66000;DOWN
2026-05-15 05:40:00;M5;30;21;4614,59668;4617,85000;UP
2026-05-15 06:30:00;M5;30;21;4609,61731;4608,98000;DOWN
2026-05-15 06:35:00;M5;30;21;4605,89250;4614,62000;UP
2026-05-15 07:20:00;M5;30;34;4611,15142;4610,68000;DOWN
2026-05-15 07:35:00;M5;30;34;4607,60908;4611,30000;UP
2026-05-15 08:00:00;M5;30;21;4600,63962;4599,93000;DOWN
2026-05-15 08:05:00;M5;30;34;4603,39489;4593,12000;DOWN
2026-05-15 10:05:00;M5;30;21;4570,77763;4575,97000;UP
2026-05-15 10:50:00;M5;30;34;4572,66026;4570,58000;DOWN
2026-05-15 11:05:00;M5;30;21;4562,07469;4566,43000;UP
2026-05-15 11:55:00;M5;30;21;4556,99652;4554,35000;DOWN
2026-05-15 12:05:00;M5;30;21;4552,04368;4554,81000;UP
2026-05-15 12:35:00;M5;30;21;4547,24692;4546,66000;DOWN
2026-05-15 13:05:00;M5;30;21;4543,98481;4558,50000;UP
2026-05-15 13:35:00;M5;30;55;4554,12630;4552,30000;DOWN
2026-05-15 14:05:00;M5;30;55;4550,11647;4564,34000;UP
2026-05-15 15:10:00;M5;30;21;4546,56367;4545,56000;DOWN
2026-05-15 15:35:00;M5;30;21;4546,33536;4548,20000;UP
2026-05-15 16:05:00;M5;30;34;4538,31469;4538,23000;DOWN
2026-05-15 16:35:00;M5;30;55;4534,60522;4528,51000;DOWN
2026-05-15 17:15:00;M5;30;21;4544,21553;4558,42000;UP
2026-05-15 18:20:00;M5;30;21;4546,87133;4545,76000;DOWN
2026-05-15 18:45:00;M5;30;89;4540,34722;4540,08000;DOWN
2026-05-15 19:20:00;M5;30;34;4538,05122;4540,45000;UP
2026-05-15 19:35:00;M5;30;21;4543,52195;4545,52000;UP
2026-05-15 22:05:00;M5;30;21;4553,82934;4551,74000;DOWN
2026-05-15 22:35:00;M5;30;21;4553,77545;4554,77000;UP
2026-05-15 22:55:00;M5;30;34;4547,16712;4545,77000;DOWN
2026-05-15 23:05:00;M5;30;21;4552,23055;4536,83000;DOWN
2026-05-18 01:05:00;M5;30;21;4547,52123;4552,86000;UP
2026-05-18 02:00:00;M5;30;34;4545,55171;4545,43000;DOWN
2026-05-18 02:50:00;M5;30;21;4540,92212;4541,23000;UP
2026-05-18 03:00:00;M5;30;55;4533,13076;4530,90000;DOWN
2026-05-18 03:25:00;M5;30;89;4516,49464;4515,84000;DOWN
2026-05-18 03:55:00;M5;30;89;4515,30540;4515,98000;UP
2026-05-18 04:05:00;M5;30;89;4513,86129;4501,55000;DOWN
2026-05-18 04:45:00;M5;30;21;4518,24861;4528,21000;UP
2026-05-18 08:50:00;M5;30;21;4536,84079;4536,30000;DOWN
2026-05-18 09:20:00;M5;30;21;4539,41471;4543,30000;UP
2026-05-18 09:35:00;M5;30;21;4541,79762;4538,11000;DOWN
2026-05-18 10:05:00;M5;30;21;4544,25454;4546,23000;UP
2026-05-18 10:45:00;M5;30;21;4546,42645;4543,90000;DOWN
2026-05-18 11:20:00;M5;30;21;4548,25032;4549,77000;UP
2026-05-18 11:40:00;M5;30;21;4549,81789;4548,07000;DOWN
2026-05-18 12:30:00;M5;30;34;4543,48148;4543,47000;DOWN
2026-05-18 12:35:00;M5;30;34;4545,33432;4546,07000;UP
2026-05-18 13:30:00;M5;30;55;4535,97108;4532,77000;DOWN
2026-05-18 13:35:00;M5;30;55;4536,88652;4538,27000;UP
2026-05-18 14:05:00;M5;30;55;4537,58695;4532,56000;DOWN
2026-05-18 14:35:00;M5;30;21;4544,73051;4555,69000;UP
2026-05-18 17:30:00;M5;30;55;4549,60103;4549,49000;DOWN
2026-05-18 18:25:00;M5;30;89;4535,50488;4534,66000;DOWN
2026-05-18 18:35:00;M5;30;89;4536,88775;4541,80000;UP
2026-05-18 19:25:00;M5;30;89;4537,96551;4536,92000;DOWN
2026-05-18 19:50:00;M5;30;21;4551,75934;4553,04000;UP
2026-05-18 20:10:00;M5;30;55;4554,32335;4553,21000;DOWN
2026-05-18 20:35:00;M5;30;21;4547,62848;4549,51000;UP
2026-05-18 21:20:00;M5;30;89;4541,44236;4541,09000;DOWN
2026-05-18 22:00:00;M5;30;21;4542,43983;4553,47000;UP
2026-05-18 22:15:00;M5;30;55;4553,04465;4551,57000;DOWN
2026-05-18 22:35:00;M5;30;55;4552,99994;4559,38000;UP
2026-05-19 03:10:00;M5;30;21;4579,49019;4578,81000;DOWN
2026-05-19 03:55:00;M5;30;55;4565,42904;4563,26000;DOWN
2026-05-19 04:20:00;M5;30;89;4558,83908;4555,78000;DOWN
2026-05-19 04:35:00;M5;30;55;4567,74967;4568,28000;UP
2026-05-19 05:05:00;M5;30;89;4561,57803;4555,20000;DOWN
2026-05-19 08:05:00;M5;30;21;4541,22890;4545,21000;UP
2026-05-19 08:45:00;M5;30;21;4537,70312;4533,54000;DOWN
2026-05-19 09:05:00;M5;30;21;4536,10466;4537,75000;UP
2026-05-19 09:35:00;M5;30;34;4547,69568;4552,23000;UP
2026-05-19 10:30:00;M5;30;34;4545,60468;4544,08000;DOWN
2026-05-19 10:45:00;M5;30;34;4544,47948;4550,95000;UP
2026-05-19 11:05:00;M5;30;55;4553,52892;4544,31000;DOWN
2026-05-19 11:35:00;M5;30;21;4541,99675;4543,18000;UP
2026-05-19 12:05:00;M5;30;34;4540,58566;4540,57000;DOWN
2026-05-19 12:50:00;M5;30;21;4542,34112;4543,18000;UP
2026-05-19 13:05:00;M5;30;21;4542,11828;4540,20000;DOWN
2026-05-19 13:55:00;M5;30;21;4542,09207;4544,65000;UP
2026-05-19 13:40:00;M5;30;34;4538,14957;4529,10000;DOWN
2026-05-19 14:05:00;M5;30;34;4537,84066;4541,33000;UP
2026-05-19 14:05:00;M5;30;21;4541,57950;4541,33000;DOWN
2026-05-19 14:40:00;M5;30;21;4539,84666;4541,96000;UP
2026-05-19 14:50:00;M5;30;34;4537,14474;4534,85000;DOWN
2026-05-19 15:05:00;M5;30;34;4536,86799;4542,14000;UP
2026-05-19 15:40:00;M5;30;55;4540,21552;4537,36000;DOWN
2026-05-19 18:10:00;M5;30;21;4498,99949;4499,00000;UP
2026-05-19 18:55:00;M5;30;34;4508,25013;4508,38000;UP
2026-05-19 19:05:00;M5;30;34;4504,71161;4498,43000;DOWN
2026-05-19 19:35:00;M5;30;34;4502,08826;4508,80000;UP
2026-05-19 20:10:00;M5;30;55;4509,39074;4510,37000;UP
2026-05-19 20:35:00;M5;30;55;4506,99729;4506,80000;DOWN
2026-05-19 21:25:00;M5;30;34;4496,01367;4496,00000;DOWN
2026-05-19 21:35:00;M5;30;34;4493,72642;4499,86000;UP
2026-05-19 21:50:00;M5;30;21;4494,10023;4493,86000;DOWN
2026-05-19 22:05:00;M5;30;21;4493,22750;4495,46000;UP
2026-05-19 22:20:00;M5;30;34;4491,10870;4486,64000;DOWN
2026-05-19 22:40:00;M5;30;34;4488,26397;4488,34000;UP
2026-05-19 22:35:00;M5;30;21;4491,18868;4487,60000;DOWN
2026-05-19 23:05:00;M5;30;34;4485,66411;4485,46000;DOWN
2026-05-19 23:35:00;M5;30;34;4483,20433;4483,36000;UP
2026-05-20 01:05:00;M5;30;21;4482,71759;4484,56000;UP
2026-05-20 01:15:00;M5;30;34;4480,96429;4480,21000;DOWN
2026-05-20 01:35:00;M5;30;34;4479,39624;4480,81000;UP
2026-05-20 03:25:00;M5;30;89;4493,07075;4501,99000;UP
2026-05-20 04:20:00;M5;30;89;4488,99557;4484,69000;DOWN
2026-05-20 04:50:00;M5;30;34;4480,49189;4481,66000;UP
2026-05-20 05:30:00;M5;30;55;4474,77476;4470,45000;DOWN
2026-05-20 07:10:00;M5;30;21;4468,98927;4469,14000;UP
2026-05-20 08:00:00;M5;30;34;4469,03116;4471,02000;UP
2026-05-20 07:35:00;M5;30;55;4466,70463;4464,15000;DOWN
2026-05-20 08:05:00;M5;30;21;4461,90188;4468,57000;UP
2026-05-20 08:45:00;M5;30;89;4468,87287;4465,38000;DOWN
2026-05-20 09:05:00;M5;30;34;4465,26777;4469,65000;UP
2026-05-20 12:20:00;M5;30;21;4479,51585;4479,38000;DOWN
2026-05-20 12:35:00;M5;30;21;4481,89259;4483,25000;UP
2026-05-20 14:45:00;M5;30;21;4494,74629;4493,10000;DOWN
2026-05-20 15:25:00;M5;30;21;4497,94635;4499,39000;UP
2026-05-20 15:50:00;M5;30;21;4500,17800;4498,62000;DOWN
2026-05-20 16:10:00;M5;30;21;4500,74239;4505,14000;UP
2026-05-20 16:25:00;M5;30;34;4493,57484;4489,32000;DOWN
2026-05-20 16:35:00;M5;30;21;4499,53853;4485,27000;DOWN
2026-05-20 17:20:00;M5;30;21;4499,83368;4502,71000;UP
2026-05-20 17:05:00;M5;30;55;4482,89780;4476,18000;DOWN
2026-05-20 17:35:00;M5;30;55;4485,86032;4523,66000;UP
2026-05-20 19:35:00;M5;30;21;4527,91120;4527,45000;DOWN
2026-05-20 20:05:00;M5;30;21;4532,71959;4535,64000;UP
2026-05-20 20:35:00;M5;30;21;4536,70401;4536,00000;DOWN
2026-05-20 23:20:00;M5;30;34;4546,09541;4545,24000;DOWN
2026-05-21 01:05:00;M5;30;55;4540,26132;4539,60000;DOWN
2026-05-21 03:50:00;M5;30;21;4546,56640;4547,62000;UP
2026-05-21 04:10:00;M5;30;34;4554,60100;4559,86000;UP
2026-05-21 05:05:00;M5;30;55;4558,55476;4555,91000;DOWN
2026-05-21 05:40:00;M5;30;89;4539,43201;4536,34000;DOWN
2026-05-21 09:00:00;M5;30;21;4532,59543;4533,50000;UP
2026-05-21 09:40:00;M5;30;21;4526,41406;4524,86000;DOWN
2026-05-21 10:50:00;M5;30;21;4519,89655;4520,89000;UP
2026-05-21 11:05:00;M5;30;34;4527,58370;4528,66000;UP
2026-05-21 12:15:00;M5;30;55;4540,47668;4540,55000;UP
2026-05-21 12:35:00;M5;30;55;4538,86660;4532,62000;DOWN
2026-05-21 13:25:00;M5;30;34;4523,96574;4518,05000;DOWN
2026-05-21 15:05:00;M5;30;21;4516,37914;4517,99000;UP
2026-05-21 15:35:00;M5;30;34;4514,19966;4511,97000;DOWN
2026-05-21 16:50:00;M5;30;21;4505,66241;4517,99000;UP
2026-05-21 17:05:00;M5;30;34;4507,85596;4505,11000;DOWN
2026-05-21 17:35:00;M5;30;21;4502,42463;4508,72000;UP
2026-05-21 18:05:00;M5;30;34;4505,15317;4501,56000;DOWN
2026-05-21 18:35:00;M5;30;21;4502,00575;4509,27000;UP
2026-05-21 20:15:00;M5;30;89;4527,30064;4535,21000;UP
2026-05-21 21:50:00;M5;30;21;4535,84314;4527,72000;DOWN
2026-05-21 22:15:00;M5;30;21;4540,86757;4541,38000;UP
2026-05-21 22:35:00;M5;30;21;4544,80226;4542,15000;DOWN
2026-05-22 01:35:00;M5;30;34;4541,88338;4540,23000;DOWN
2026-05-22 03:10:00;M5;30;55;4532,36092;4531,32000;DOWN
2026-05-22 03:35:00;M5;30;55;4533,73328;4540,09000;UP
2026-05-22 03:50:00;M5;30;89;4529,63236;4529,10000;DOWN
2026-05-22 04:15:00;M5;30;89;4529,78484;4531,60000;UP
2026-05-22 04:05:00;M5;30;55;4534,82471;4525,35000;DOWN
2026-05-22 04:35:00;M5;30;89;4529,83395;4523,07000;DOWN
2026-05-22 06:35:00;M5;30;21;4522,66886;4524,69000;UP
2026-05-22 07:05:00;M5;30;89;4529,08105;4528,45000;DOWN
2026-05-22 08:35:00;M5;30;34;4527,20477;4533,69000;UP
2026-05-22 08:55:00;M5;30;21;4521,81376;4511,21000;DOWN
2026-05-22 09:05:00;M5;30;21;4521,08884;4522,74000;UP
2026-05-22 09:05:00;M5;30;89;4528,49110;4522,74000;DOWN
2026-05-22 09:40:00;M5;30;34;4523,75052;4526,57000;UP
2026-05-22 10:10:00;M5;30;34;4522,62571;4522,40000;DOWN
2026-05-22 10:50:00;M5;30;34;4521,70415;4521,71000;UP
2026-05-22 10:35:00;M5;30;21;4522,00325;4517,25000;DOWN
2026-05-22 11:05:00;M5;30;21;4522,58354;4526,94000;UP
2026-05-22 11:30:00;M5;30;34;4521,29840;4519,99000;DOWN
2026-05-22 11:35:00;M5;30;34;4520,91947;4521,91000;UP
2026-05-22 11:35:00;M5;30;89;4527,75042;4521,91000;DOWN
2026-05-22 12:05:00;M5;30;21;4521,99645;4522,15000;UP
2026-05-22 12:10:00;M5;30;34;4520,37731;4517,26000;DOWN
2026-05-22 12:35:00;M5;30;34;4520,53460;4524,42000;UP
2026-05-22 13:25:00;M5;30;89;4527,46184;4524,74000;DOWN
2026-05-22 14:40:00;M5;30;21;4520,00464;4521,67000;UP
2026-05-22 15:10:00;M5;30;89;4526,32502;4529,24000;UP
2026-05-22 15:05:00;M5;30;55;4521,87158;4519,94000;DOWN
2026-05-22 15:50:00;M5;30;21;4519,54710;4519,86000;UP
2026-05-22 15:35:00;M5;30;89;4526,06898;4517,85000;DOWN
2026-05-22 16:05:00;M5;30;89;4525,80136;4531,72000;UP
2026-05-22 16:35:00;M5;30;89;4525,40887;4519,75000;DOWN
2026-05-22 18:10:00;M5;30;21;4510,95494;4511,15000;UP
2026-05-22 18:45:00;M5;30;55;4515,54589;4514,88000;DOWN
2026-05-22 19:05:00;M5;30;55;4514,92191;4517,75000;UP
2026-05-22 19:35:00;M5;30;89;4520,47263;4519,58000;DOWN
2026-05-22 20:05:00;M5;30;55;4514,21163;4519,98000;UP
2026-05-22 20:55:00;M5;30;89;4519,28935;4519,16000;DOWN
2026-05-22 21:30:00;M5;30;21;4516,89009;4516,98000;UP
2026-05-22 21:10:00;M5;30;55;4514,18882;4513,79000;DOWN
2026-05-22 21:35:00;M5;30;34;4515,13239;4518,22000;UP
2026-05-22 21:40:00;M5;30;21;4517,52804;4515,12000;DOWN
2026-05-22 22:05:00;M5;30;55;4513,73965;4508,61000;DOWN
2026-05-25 01:05:00;M5;30;21;4514,84562;4554,14000;UP
2026-05-25 04:05:00;M5;30;21;4574,51566;4562,05000;DOWN
2026-05-25 05:10:00;M5;30;34;4563,72366;4561,99000;DOWN
2026-05-25 05:40:00;M5;30;34;4567,48818;4569,51000;UP
2026-05-25 06:05:00;M5;30;34;4570,46290;4563,16000;DOWN
2026-05-25 08:10:00;M5;30;55;4563,60831;4563,49000;DOWN
2026-05-25 09:55:00;M5;30;21;4558,67452;4562,44000;UP
2026-05-25 10:15:00;M5;30;21;4556,90219;4555,36000;DOWN
2026-05-25 10:35:00;M5;30;21;4556,60696;4558,69000;UP
2026-05-25 11:20:00;M5;30;89;4555,50527;4555,37000;DOWN
2026-05-25 11:35:00;M5;30;21;4555,81630;4556,08000;UP
2026-05-25 12:30:00;M5;30;34;4563,85764;4565,03000;UP
2026-05-25 12:05:00;M5;30;89;4558,07391;4555,04000;DOWN
2026-05-25 12:35:00;M5;30;21;4556,98730;4564,70000;UP
2026-05-25 14:15:00;M5;30;55;4573,96402;4574,83000;UP
2026-05-25 15:00:00;M5;30;89;4565,40134;4564,55000;DOWN
2026-05-25 15:35:00;M5;30;34;4565,69351;4568,80000;UP
2026-05-25 16:05:00;M5;30;89;4569,40473;4568,44000;DOWN
2026-05-25 17:00:00;M5;30;34;4565,80366;4567,01000;UP
2026-05-25 17:05:00;M5;30;21;4568,07369;4569,61000;UP
2026-05-25 17:50:00;M5;30;34;4566,41723;4565,84000;DOWN
2026-05-25 18:10:00;M5;30;21;4568,03986;4570,08000;UP
2026-05-25 18:35:00;M5;30;55;4571,82372;4568,75000;DOWN
2026-05-25 19:15:00;M5;30;34;4568,96122;4568,80000;DOWN
2026-05-25 19:35:00;M5;30;21;4569,92790;4571,08000;UP
2026-05-25 20:20:00;M5;30;55;4572,28944;4571,35000;DOWN
2026-05-26 01:05:00;M5;30;21;4571,51730;4572,59000;UP
2026-05-26 01:35:00;M5;30;55;4572,98874;4572,75000;DOWN
2026-05-26 02:05:00;M5;30;55;4573,17963;4576,29000;UP
2026-05-26 02:25:00;M5;30;34;4572,14273;4568,37000;DOWN
2026-05-26 02:35:00;M5;30;55;4573,03204;4561,73000;DOWN
2026-05-26 06:05:00;M5;30;21;4535,75573;4535,77000;UP
2026-05-26 07:30:00;M5;30;21;4530,66332;4530,29000;DOWN
2026-05-26 08:00:00;M5;30;21;4528,16550;4528,66000;UP
2026-05-26 08:35:00;M5;30;34;4531,42207;4532,57000;UP
2026-05-26 10:55:00;M5;30;55;4534,30942;4538,20000;UP
2026-05-26 10:35:00;M5;30;34;4523,30760;4523,16000;DOWN
2026-05-26 11:05:00;M5;30;21;4525,61714;4533,11000;UP
2026-05-26 11:10:00;M5;30;55;4532,08916;4527,52000;DOWN
2026-05-26 11:35:00;M5;30;21;4525,23214;4522,33000;DOWN
2026-05-26 12:25:00;M5;30;21;4524,72375;4524,81000;UP
2026-05-26 12:10:00;M5;30;34;4520,67271;4520,49000;DOWN
2026-05-26 12:55:00;M5;30;34;4519,94650;4522,66000;UP
2026-05-26 12:35:00;M5;30;21;4523,94396;4516,74000;DOWN
2026-05-26 13:05:00;M5;30;21;4524,37315;4525,40000;UP
2026-05-26 14:30:00;M5;30;55;4521,26061;4519,39000;DOWN
2026-05-26 15:45:00;M5;30;21;4517,70790;4519,78000;UP
2026-05-26 16:55:00;M5;30;34;4515,73039;4514,03000;DOWN
2026-05-26 17:05:00;M5;30;21;4514,59454;4515,49000;UP
2026-05-26 17:10:00;M5;30;55;4512,39090;4511,03000;DOWN
2026-05-26 17:35:00;M5;30;55;4511,46872;4522,25000;UP
2026-05-26 18:00:00;M5;30;34;4514,65213;4511,44000;DOWN
2026-05-26 18:10:00;M5;30;55;4510,48722;4509,51000;DOWN
2026-05-26 18:50:00;M5;30;55;4509,44230;4509,74000;UP
2026-05-26 19:30:00;M5;30;21;4508,09051;4509,70000;UP
2026-05-26 19:05:00;M5;30;55;4508,36189;4503,01000;DOWN
2026-05-26 19:35:00;M5;30;55;4507,19499;4508,22000;UP
2026-05-26 19:45:00;M5;30;21;4506,54596;4503,34000;DOWN
2026-05-26 20:20:00;M5;30;21;4504,87830;4506,58000;UP
2026-05-26 20:05:00;M5;30;55;4505,92064;4504,35000;DOWN
2026-05-26 20:35:00;M5;30;21;4501,85842;4499,08000;DOWN
2026-05-26 21:35:00;M5;30;21;4496,03804;4496,45000;UP
2026-05-26 22:05:00;M5;30;34;4498,11829;4500,50000;UP
2026-05-26 22:35:00;M5;30;89;4502,93717;4503,61000;UP
2026-05-27 01:35:00;M5;30;21;4502,41669;4501,56000;DOWN
2026-05-27 02:05:00;M5;30;21;4504,95396;4509,85000;UP
2026-05-27 04:05:00;M5;30;21;4517,00969;4516,62000;DOWN
2026-05-27 04:50:00;M5;30;34;4509,08217;4507,59000;DOWN
2026-05-27 05:15:00;M5;30;55;4501,94493;4499,58000;DOWN
2026-05-27 05:50:00;M5;30;55;4502,53241;4503,81000;UP
2026-05-27 06:15:00;M5;30;34;4510,88989;4510,97000;UP
2026-05-27 06:35:00;M5;30;55;4503,06676;4502,94000;DOWN
2026-05-27 07:10:00;M5;30;55;4502,96396;4503,02000;UP
2026-05-27 07:40:00;M5;30;21;4505,04722;4508,50000;UP
2026-05-27 07:35:00;M5;30;55;4503,01150;4502,92000;DOWN
2026-05-27 08:05:00;M5;30;55;4503,15323;4511,03000;UP
2026-05-27 08:15:00;M5;30;34;4508,52767;4505,47000;DOWN
2026-05-27 08:40:00;M5;30;89;4495,74073;4493,34000;DOWN
2026-05-27 09:05:00;M5;30;89;4495,32233;4497,66000;UP
2026-05-27 09:35:00;M5;30;89;4494,72870;4483,30000;DOWN
2026-05-27 11:05:00;M5;30;21;4485,18866;4485,93000;UP
2026-05-27 11:35:00;M5;30;34;4491,46788;4492,73000;UP
2026-05-27 12:05:00;M5;30;89;4490,74513;4489,42000;DOWN
2026-05-27 12:35:00;M5;30;34;4488,40013;4491,15000;UP
2026-05-27 13:05:00;M5;30;89;4489,22170;4487,10000;DOWN
2026-05-27 15:20:00;M5;30;21;4451,50266;4454,88000;UP
2026-05-27 15:55:00;M5;30;21;4444,11559;4438,80000;DOWN
2026-05-27 16:55:00;M5;30;21;4425,31314;4427,30000;UP
2026-05-27 17:05:00;M5;30;34;4436,27677;4444,15000;UP
2026-05-27 19:10:00;M5;30;55;4437,52668;4440,15000;UP
2026-05-27 20:30:00;M5;30;89;4449,98503;4452,05000;UP
2026-05-27 22:10:00;M5;30;21;4452,02165;4451,73000;DOWN
2026-05-27 22:35:00;M5;30;21;4454,46695;4454,64000;UP
2026-05-27 23:05:00;M5;30;21;4456,27115;4452,95000;DOWN
2026-05-28 01:15:00;M5;30;21;4458,99940;4459,51000;UP
2026-05-28 01:40:00;M5;30;21;4459,88791;4458,48000;DOWN
2026-05-28 02:25:00;M5;30;34;4451,25384;4450,69000;DOWN
2026-05-28 02:35:00;M5;30;34;4452,86817;4453,20000;UP
2026-05-28 03:05:00;M5;30;34;4453,69591;4449,17000;DOWN
2026-05-28 03:55:00;M5;30;21;4454,68133;4457,09000;UP
2026-05-28 04:15:00;M5;30;89;4434,22154;4433,31000;DOWN
2026-05-28 08:05:00;M5;30;21;4366,12891;4371,95000;UP
2026-05-28 08:35:00;M5;30;34;4386,42614;4391,10000;UP
2026-05-28 09:05:00;M5;30;34;4380,17152;4379,89000;DOWN
2026-05-28 09:35:00;M5;30;34;4375,08730;4382,01000;UP
2026-05-28 10:05:00;M5;30;55;4391,94764;4391,96000;UP
2026-05-28 10:45:00;M5;30;55;4388,41674;4387,95000;DOWN
2026-05-28 11:05:00;M5;30;55;4385,29154;4393,58000;UP
2026-05-28 11:50:00;M5;30;89;4389,81541;4388,61000;DOWN
2026-05-28 12:05:00;M5;30;89;4387,81440;4389,57000;UP
2026-05-28 13:45:00;M5;30;89;4383,20710;4380,75000;DOWN
2026-05-28 14:05:00;M5;30;89;4381,82620;4386,84000;UP
2026-05-28 15:10:00;M5;30;21;4391,59106;4392,61000;UP
2026-05-28 20:10:00;M5;30;21;4506,88784;4503,90000;DOWN
2026-05-28 21:35:00;M5;30;34;4505,17310;4501,86000;DOWN
2026-05-29 01:05:00;M5;30;55;4497,90270;4493,68000;DOWN
2026-05-29 03:15:00;M5;30;21;4497,80805;4499,05000;UP
2026-05-29 03:35:00;M5;30;21;4496,27312;4494,18000;DOWN
2026-05-29 04:05:00;M5;30;21;4496,39259;4508,81000;UP
2026-05-29 04:35:00;M5;30;34;4515,30798;4507,08000;DOWN
2026-05-29 06:05:00;M5;30;21;4501,30386;4498,18000;DOWN
2026-05-29 07:00:00;M5;30;21;4501,82727;4502,62000;UP
2026-05-29 06:35:00;M5;30;89;4496,56338;4496,28000;DOWN
2026-05-29 07:20:00;M5;30;34;4507,39096;4510,40000;UP
2026-05-29 07:10:00;M5;30;21;4503,10629;4502,32000;DOWN
2026-05-29 07:35:00;M5;30;21;4505,31338;4509,64000;UP
2026-05-29 08:35:00;M5;30;89;4510,91234;4503,69000;DOWN
2026-05-29 09:05:00;M5;30;21;4512,23679;4514,25000;UP
2026-05-29 09:35:00;M5;30;89;4517,41333;4514,93000;DOWN
2026-05-29 10:05:00;M5;30;21;4517,41833;4519,16000;UP
2026-05-29 10:20:00;M5;30;34;4513,00619;4511,82000;DOWN
2026-05-29 10:35:00;M5;30;34;4515,05402;4522,48000;UP
2026-05-29 10:35:00;M5;30;89;4523,40466;4522,48000;DOWN
2026-05-29 11:05:00;M5;30;34;4516,82879;4515,93000;DOWN
2026-05-29 12:00:00;M5;30;34;4518,16806;4518,78000;UP
2026-05-29 12:10:00;M5;30;21;4523,85222;4529,01000;UP
2026-05-29 12:45:00;M5;30;89;4533,30993;4537,23000;UP
2026-05-29 13:00:00;M5;30;55;4528,37153;4525,96000;DOWN
2026-05-29 13:25:00;M5;30;55;4529,04697;4530,42000;UP
2026-05-29 13:05:00;M5;30;89;4535,49861;4526,41000;DOWN
2026-05-29 13:35:00;M5;30;21;4530,90086;4541,37000;UP
2026-05-29 14:05:00;M5;30;89;4539,57970;4532,44000;DOWN
2026-05-29 14:55:00;M5;30;21;4534,97966;4538,32000;UP
2026-05-29 15:05:00;M5;30;55;4533,44198;4530,14000;DOWN
2026-05-29 16:45:00;M5;30;21;4533,45878;4535,87000;UP
2026-05-29 17:10:00;M5;30;89;4546,79993;4543,87000;DOWN
2026-05-29 17:40:00;M5;30;21;4536,60410;4540,28000;UP
2026-05-29 19:45:00;M5;30;21;4565,45601;4564,78000;DOWN
2026-05-29 20:35:00;M5;30;89;4559,16991;4558,67000;DOWN
2026-05-29 21:15:00;M5;30;55;4558,28841;4558,54000;UP
2026-05-29 21:35:00;M5;30;55;4560,29341;4560,06000;DOWN
2026-06-01 02:05:00;M5;30;21;4539,12816;4541,44000;UP
2026-06-01 04:00:00;M5;30;21;4534,87175;4534,27000;DOWN
2026-06-01 04:10:00;M5;30;21;4533,47546;4533,87000;UP
2026-06-01 04:35:00;M5;30;21;4531,43366;4529,81000;DOWN
2026-06-01 05:10:00;M5;30;21;4529,66486;4532,17000;UP
2026-06-01 05:40:00;M5;30;21;4527,39163;4523,01000;DOWN
2026-06-01 08:00:00;M5;30;21;4515,66057;4515,98000;UP
2026-06-01 08:10:00;M5;30;34;4518,09567;4518,15000;UP
2026-06-01 09:10:00;M5;30;34;4514,20029;4514,07000;DOWN
2026-06-01 10:10:00;M5;30;21;4507,11532;4507,21000;UP
2026-06-01 10:35:00;M5;30;21;4504,59372;4503,43000;DOWN
2026-06-01 11:40:00;M5;30;21;4498,95407;4500,04000;UP
2026-06-01 12:25:00;M5;30;34;4498,53734;4496,41000;DOWN
2026-06-01 12:35:00;M5;30;21;4494,26602;4497,85000;UP
2026-06-01 13:30:00;M5;30;55;4502,68920;4504,86000;UP
2026-06-01 14:00:00;M5;30;55;4500,30719;4500,14000;DOWN
2026-06-01 14:05:00;M5;30;55;4498,49161;4505,66000;UP
2026-06-01 16:10:00;M5;30;55;4493,10786;4484,09000;DOWN
2026-06-01 18:15:00;M5;30;21;4464,85993;4465,33000;UP
2026-06-01 18:35:00;M5;30;55;4475,19841;4476,71000;UP
2026-06-01 18:45:00;M5;30;34;4470,41026;4469,69000;DOWN
2026-06-01 19:05:00;M5;30;34;4467,63990;4468,65000;UP
2026-06-01 19:05:00;M5;30;55;4471,99921;4468,65000;DOWN
2026-06-01 19:45:00;M5;30;55;4469,55368;4471,91000;UP
2026-06-01 20:35:00;M5;30;89;4482,73240;4482,77000;UP
2026-06-01 22:50:00;M5;30;21;4483,07443;4480,11000;DOWN
2026-06-02 03:20:00;M5;30;21;4488,29397;4489,71000;UP
2026-06-02 03:05:00;M5;30;34;4483,19565;4478,47000;DOWN
2026-06-02 03:35:00;M5;30;34;4484,74948;4489,16000;UP
2026-06-02 03:40:00;M5;30;21;4488,08478;4487,04000;DOWN
2026-06-02 04:10:00;M5;30;21;4487,83456;4489,61000;UP
2026-06-02 04:05:00;M5;30;34;4485,91574;4479,39000;DOWN
2026-06-02 05:00:00;M5;30;55;4473,70805;4473,33000;DOWN
2026-06-02 05:05:00;M5;30;55;4474,40910;4474,58000;UP
2026-06-02 05:55:00;M5;30;21;4483,88581;4485,90000;UP
2026-06-02 05:45:00;M5;30;55;4475,22780;4474,65000;DOWN
2026-06-02 06:05:00;M5;30;55;4476,41999;4486,56000;UP
2026-06-02 10:35:00;M5;30;21;4537,05261;4532,93000;DOWN
2026-06-02 11:35:00;M5;30;34;4530,26342;4530,13000;DOWN
2026-06-02 12:10:00;M5;30;34;4533,30114;4533,94000;UP
2026-06-02 12:35:00;M5;30;34;4535,85423;4524,37000;DOWN
2026-06-02 13:35:00;M5;30;55;4527,46551;4526,64000;DOWN
2026-06-02 16:10:00;M5;30;89;4514,40105;4513,96000;DOWN
2026-06-02 18:05:00;M5;30;21;4503,99889;4506,69000;UP
2026-06-02 19:15:00;M5;30;21;4496,49873;4494,80000;DOWN
2026-06-02 20:10:00;M5;30;21;4489,48241;4489,56000;UP
2026-06-02 20:35:00;M5;30;21;4486,36670;4482,81000;DOWN
2026-06-02 21:05:00;M5;30;21;4484,19168;4487,46000;UP
2026-06-02 21:40:00;M5;30;21;4482,68183;4480,45000;DOWN
2026-06-02 22:05:00;M5;30;21;4481,97004;4488,43000;UP
2026-06-02 22:35:00;M5;30;34;4484,59340;4484,40000;DOWN
2026-06-02 23:05:00;M5;30;34;4482,63587;4488,01000;UP
2026-06-03 02:10:00;M5;30;34;4478,38109;4477,18000;DOWN
2026-06-03 03:00:00;M5;30;34;4476,82893;4478,71000;UP
2026-06-03 03:20:00;M5;30;21;4478,55583;4478,90000;UP
2026-06-03 04:00:00;M5;30;55;4482,43090;4473,68000;DOWN
2026-06-03 04:05:00;M5;30;34;4474,11429;4474,36000;UP
2026-06-03 04:45:00;M5;30;21;4475,15183;4475,63000;UP
2026-06-03 04:35:00;M5;30;34;4473,36015;4466,31000;DOWN
2026-06-03 05:05:00;M5;30;34;4472,87685;4478,73000;UP
2026-06-03 07:25:00;M5;30;21;4477,71701;4477,04000;DOWN
2026-06-03 07:50:00;M5;30;55;4470,54773;4470,23000;DOWN
2026-06-03 08:05:00;M5;30;55;4469,71884;4470,56000;UP
2026-06-03 08:35:00;M5;30;55;4468,49315;4466,82000;DOWN
2026-06-03 09:15:00;M5;30;55;4467,12071;4468,27000;UP
2026-06-03 09:35:00;M5;30;55;4465,69362;4462,90000;DOWN
2026-06-03 10:05:00;M5;30;21;4462,80748;4468,77000;UP
2026-06-03 10:35:00;M5;30;55;4462,36836;4458,37000;DOWN
2026-06-03 11:25:00;M5;30;21;4455,96823;4457,44000;UP
2026-06-03 11:50:00;M5;30;21;4452,08227;4444,84000;DOWN
2026-06-03 12:05:00;M5;30;21;4447,75703;4456,84000;UP
2026-06-03 12:35:00;M5;30;55;4454,27221;4446,83000;DOWN
2026-06-03 13:05:00;M5;30;21;4442,63421;4461,63000;UP
2026-06-03 13:35:00;M5;30;89;4460,03871;4458,96000;DOWN
2026-06-03 14:05:00;M5;30;89;4458,12992;4463,14000;UP
2026-06-03 15:25:00;M5;30;89;4454,96116;4452,76000;DOWN
2026-06-03 15:40:00;M5;30;21;4453,81582;4458,90000;UP
2026-06-03 16:20:00;M5;30;89;4452,39354;4450,14000;DOWN
2026-06-03 16:35:00;M5;30;34;4448,31423;4448,64000;UP
2026-06-03 16:40:00;M5;30;55;4447,65465;4427,54000;DOWN
2026-06-03 17:10:00;M5;30;21;4454,19976;4454,49000;UP
2026-06-03 17:40:00;M5;30;89;4448,86130;4448,18000;DOWN
2026-06-03 18:05:00;M5;30;34;4448,22229;4449,33000;UP
2026-06-03 18:15:00;M5;30;55;4445,88358;4445,67000;DOWN
2026-06-03 18:35:00;M5;30;89;4446,55144;4439,09000;DOWN
2026-06-03 20:00:00;M5;30;21;4444,53553;4444,59000;UP
2026-06-03 20:05:00;M5;30;34;4444,50530;4446,94000;UP
2026-06-03 20:10:00;M5;30;89;4442,66601;4441,87000;DOWN
2026-06-03 20:35:00;M5;30;21;4439,54103;4440,15000;UP
2026-06-03 20:35:00;M5;30;34;4443,20935;4440,15000;DOWN
2026-06-03 21:25:00;M5;30;55;4439,56890;4440,06000;UP
2026-06-03 21:05:00;M5;30;21;4437,97694;4437,40000;DOWN
2026-06-03 21:35:00;M5;30;21;4437,10096;4438,50000;UP
2026-06-03 21:35:00;M5;30;55;4438,68909;4438,50000;DOWN
2026-06-03 22:05:00;M5;30;55;4438,15777;4447,76000;UP
2026-06-03 23:30:00;M5;30;89;4435,94218;4433,83000;DOWN
2026-06-04 01:30:00;M5;30;21;4437,44566;4439,78000;UP
2026-06-04 01:35:00;M5;30;34;4437,06304;4436,20000;DOWN
2026-06-04 02:05:00;M5;30;21;4439,78990;4448,21000;UP
2026-06-04 03:35:00;M5;30;21;4448,23256;4446,57000;DOWN
2026-06-04 04:05:00;M5;30;21;4451,55972;4459,52000;UP
2026-06-04 05:05:00;M5;30;21;4459,29568;4458,37000;DOWN
2026-06-04 05:45:00;M5;30;21;4464,00677;4470,27000;UP
2026-06-04 06:20:00;M5;30;21;4468,00322;4467,83000;DOWN
2026-06-04 06:45:00;M5;30;34;4460,44670;4459,77000;DOWN
2026-06-04 07:20:00;M5;30;21;4472,90975;4474,15000;UP
2026-06-04 08:05:00;M5;30;21;4477,87727;4473,72000;DOWN
2026-06-04 08:35:00;M5;30;34;4472,83526;4471,32000;DOWN
2026-06-04 09:05:00;M5;30;34;4475,04620;4475,99000;UP
2026-06-04 09:35:00;M5;30;34;4476,49700;4472,98000;DOWN
2026-06-04 10:05:00;M5;30;55;4466,28197;4465,75000;DOWN
2026-06-04 12:05:00;M5;30;21;4466,24913;4468,45000;UP
2026-06-04 12:50:00;M5;30;34;4473,40579;4474,95000;UP
2026-06-04 13:05:00;M5;30;55;4471,98338;4469,39000;DOWN
2026-06-04 13:55:00;M5;30;34;4472,19897;4473,65000;UP
2026-06-04 14:10:00;M5;30;55;4474,00625;4473,53000;DOWN
2026-06-04 14:35:00;M5;30;55;4476,18702;4487,77000;UP
2026-06-04 16:50:00;M5;30;21;4503,00755;4498,49000;DOWN
2026-06-04 17:10:00;M5;30;55;4489,92458;4487,73000;DOWN
2026-06-04 17:40:00;M5;30;89;4476,89739;4474,50000;DOWN
2026-06-04 19:05:00;M5;30;89;4481,46362;4482,49000;UP
2026-06-04 19:35:00;M5;30;89;4482,63245;4481,97000;DOWN
2026-06-04 20:45:00;M5;30;21;4478,11142;4478,57000;UP
2026-06-04 21:30:00;M5;30;21;4475,94461;4473,72000;DOWN
2026-06-04 21:45:00;M5;30;21;4474,67684;4475,36000;UP
2026-06-04 23:30:00;M5;30;21;4475,97273;4475,86000;DOWN
2026-06-05 01:15:00;M5;30;21;4476,34586;4477,92000;UP
2026-06-05 01:40:00;M5;30;34;4477,15847;4475,08000;DOWN
2026-06-05 04:00:00;M5;30;21;4465,27756;4466,13000;UP
2026-06-05 04:10:00;M5;30;21;4461,88843;4459,92000;DOWN
2026-06-05 06:35:00;M5;30;21;4440,31703;4440,62000;UP
2026-06-05 07:50:00;M5;30;34;4442,55603;4444,20000;UP
2026-06-05 09:00:00;M5;30;34;4438,22670;4437,52000;DOWN
2026-06-05 09:05:00;M5;30;34;4436,63262;4440,29000;UP
2026-06-05 09:35:00;M5;30;55;4444,70922;4448,31000;UP
2026-06-05 10:20:00;M5;30;89;4462,01184;4464,06000;UP
2026-06-05 12:05:00;M5;30;21;4461,20871;4460,71000;DOWN
2026-06-05 12:40:00;M5;30;21;4464,53235;4465,89000;UP
2026-06-05 13:05:00;M5;30;21;4467,20142;4464,80000;DOWN
2026-06-05 14:50:00;M5;30;21;4471,91757;4471,97000;UP
2026-06-05 15:30:00;M5;30;89;4455,53956;4453,19000;DOWN
2026-06-05 15:35:00;M5;30;55;4450,69569;4443,94000;DOWN
2026-06-05 19:35:00;M5;30;21;4326,31406;4331,65000;UP
2026-06-05 22:05:00;M5;30;34;4318,44739;4319,82000;UP
2026-06-08 01:10:00;M5;30;55;4325,64288;4329,89000;UP
2026-06-08 01:55:00;M5;30;55;4318,85682;4317,35000;DOWN
2026-06-08 02:05:00;M5;30;55;4313,03413;4326,70000;UP
2026-06-08 03:00:00;M5;30;89;4344,48445;4344,78000;UP
2026-06-08 04:10:00;M5;30;89;4332,21260;4327,10000;DOWN
2026-06-08 05:30:00;M5;30;34;4312,16268;4309,60000;DOWN
2026-06-08 05:40:00;M5;30;34;4312,65729;4315,93000;UP
2026-06-08 06:05:00;M5;30;34;4312,40572;4308,27000;DOWN
2026-06-08 06:50:00;M5;30;34;4312,39387;4314,95000;UP
2026-06-08 07:05:00;M5;30;21;4316,56017;4318,04000;UP
2026-06-08 07:35:00;M5;30;34;4312,89640;4311,11000;DOWN
2026-06-08 08:25:00;M5;30;21;4311,29165;4311,86000;UP
2026-06-08 08:30:00;M5;30;89;4302,38021;4286,93000;DOWN
2026-06-08 08:35:00;M5;30;55;4290,37540;4291,03000;UP
2026-06-08 08:35:00;M5;30;21;4307,14845;4291,03000;DOWN
2026-06-08 09:20:00;M5;30;21;4303,94699;4308,36000;UP
2026-06-08 09:35:00;M5;30;21;4301,11662;4296,46000;DOWN
2026-06-08 10:05:00;M5;30;21;4299,56742;4300,51000;UP
2026-06-08 10:40:00;M5;30;34;4303,26859;4301,71000;DOWN
2026-06-08 11:25:00;M5;30;55;4288,46062;4288,12000;DOWN
2026-06-08 11:35:00;M5;30;55;4287,59156;4287,60000;UP
2026-06-08 12:10:00;M5;30;21;4287,97859;4288,92000;UP
2026-06-08 12:30:00;M5;30;89;4277,36808;4273,85000;DOWN
2026-06-08 12:35:00;M5;30;34;4290,52208;4293,74000;UP
2026-06-08 16:55:00;M5;30;21;4329,62695;4326,71000;DOWN
2026-06-08 17:45:00;M5;30;34;4317,97736;4317,55000;DOWN
2026-06-08 18:05:00;M5;30;34;4321,61650;4328,76000;UP
2026-06-08 18:50:00;M5;30;21;4339,95010;4343,00000;UP
2026-06-08 19:05:00;M5;30;21;4341,76768;4339,74000;DOWN
2026-06-08 19:40:00;M5;30;21;4343,15341;4343,97000;UP
2026-06-08 20:20:00;M5;30;34;4338,07500;4335,55000;DOWN
2026-06-08 21:00:00;M5;30;34;4341,32426;4343,79000;UP
2026-06-08 21:05:00;M5;30;34;4344,01245;4343,51000;DOWN
2026-06-08 22:10:00;M5;30;55;4330,46020;4329,84000;DOWN
2026-06-09 02:05:00;M5;30;21;4326,06546;4326,44000;UP
2026-06-09 02:35:00;M5;30;21;4323,25492;4321,78000;DOWN
2026-06-09 03:10:00;M5;30;21;4320,42166;4322,67000;UP
2026-06-09 03:45:00;M5;30;21;4318,23436;4316,95000;DOWN
2026-06-09 04:05:00;M5;30;21;4318,52340;4325,19000;UP
2026-06-09 04:45:00;M5;30;55;4335,26515;4334,05000;DOWN
2026-06-09 05:25:00;M5;30;55;4335,06377;4335,35000;UP
2026-06-09 06:00:00;M5;30;55;4335,03327;4331,93000;DOWN
2026-06-09 06:05:00;M5;30;55;4335,15814;4338,34000;UP
2026-06-09 06:35:00;M5;30;55;4335,38473;4335,16000;DOWN
2026-06-09 07:05:00;M5;30;55;4335,48704;4337,18000;UP
2026-06-09 07:30:00;M5;30;34;4329,01896;4325,25000;DOWN
2026-06-09 08:00:00;M5;30;21;4336,03451;4336,18000;UP
2026-06-09 07:35:00;M5;30;55;4335,48418;4329,94000;DOWN
2026-06-09 08:30:00;M5;30;55;4335,38337;4342,73000;UP
2026-06-09 08:05:00;M5;30;21;4336,64440;4332,51000;DOWN
2026-06-09 08:35:00;M5;30;21;4337,87067;4343,45000;UP
2026-06-09 09:30:00;M5;30;55;4335,66447;4333,72000;DOWN
2026-06-09 09:45:00;M5;30;21;4338,73249;4339,36000;UP
2026-06-09 09:55:00;M5;30;89;4331,27979;4330,60000;DOWN
2026-06-09 10:05:00;M5;30;55;4335,56936;4332,42000;DOWN
2026-06-09 11:25:00;M5;30;89;4334,20008;4334,35000;UP
2026-06-09 11:35:00;M5;30;21;4332,87781;4334,38000;UP
2026-06-09 11:35:00;M5;30;89;4334,83353;4334,38000;DOWN
2026-06-09 12:05:00;M5;30;55;4334,18660;4330,07000;DOWN
2026-06-09 12:50:00;M5;30;21;4330,11782;4333,12000;UP
2026-06-09 13:10:00;M5;30;34;4333,23665;4335,34000;UP
2026-06-09 13:05:00;M5;30;21;4329,61335;4327,25000;DOWN
2026-06-09 13:35:00;M5;30;21;4330,21557;4331,87000;UP
2026-06-09 13:35:00;M5;30;55;4333,60725;4331,87000;DOWN
2026-06-09 14:05:00;M5;30;34;4333,62060;4337,12000;UP
2026-06-09 15:25:00;M5;30;89;4336,89880;4335,84000;DOWN
2026-06-09 15:35:00;M5;30;89;4337,21203;4340,62000;UP
2026-06-09 16:15:00;M5;30;89;4337,42949;4334,06000;DOWN
2026-06-09 16:45:00;M5;30;21;4337,15688;4352,18000;UP
2026-06-09 17:05:00;M5;30;89;4337,36233;4328,43000;DOWN
2026-06-09 20:35:00;M5;30;21;4257,10479;4262,85000;UP
2026-06-09 22:05:00;M5;30;34;4264,46174;4265,09000;UP
2026-06-09 22:35:00;M5;30;34;4258,96576;4253,58000;DOWN
2026-06-09 23:05:00;M5;30;34;4254,04184;4257,62000;UP
2026-06-10 01:45:00;M5;30;34;4242,52142;4239,11000;DOWN
2026-06-10 02:05:00;M5;30;34;4238,05201;4241,69000;UP
2026-06-10 02:35:00;M5;30;34;4233,23225;4221,88000;DOWN
2026-06-10 06:30:00;M5;30;21;4178,87086;4180,46000;UP
2026-06-10 07:00:00;M5;30;34;4185,39285;4186,29000;UP
2026-06-10 07:20:00;M5;30;34;4179,17215;4178,39000;DOWN
2026-06-10 07:35:00;M5;30;34;4173,57855;4174,73000;UP
2026-06-10 08:10:00;M5;30;55;4178,66949;4179,70000;UP
2026-06-10 09:00:00;M5;30;89;4208,56561;4211,05000;UP
2026-06-10 10:30:00;M5;30;89;4194,80179;4194,69000;DOWN
2026-06-10 11:00:00;M5;30;55;4167,70090;4164,18000;DOWN
2026-06-10 11:15:00;M5;30;34;4173,02919;4173,40000;UP
2026-06-10 11:40:00;M5;30;34;4172,38055;4170,53000;DOWN
2026-06-10 12:15:00;M5;30;34;4171,05370;4171,26000;UP
2026-06-10 12:45:00;M5;30;34;4169,64432;4168,36000;DOWN
2026-06-10 13:40:00;M5;30;21;4170,59829;4171,37000;UP
2026-06-10 14:05:00;M5;30;89;4162,94299;4161,34000;DOWN
2026-06-10 14:55:00;M5;30;55;4151,60737;4147,55000;DOWN
2026-06-10 15:30:00;M5;30;21;4155,64515;4162,37000;UP
2026-06-10 15:55:00;M5;30;89;4151,57342;4146,91000;DOWN
2026-06-10 16:05:00;M5;30;21;4145,78624;4153,99000;UP
2026-06-10 16:35:00;M5;30;34;4153,20652;4166,24000;UP
2026-06-10 17:50:00;M5;30;89;4139,52903;4138,02000;DOWN
2026-06-10 19:15:00;M5;30;21;4132,14429;4132,87000;UP
2026-06-10 19:40:00;M5;30;89;4127,63457;4122,18000;DOWN
2026-06-10 21:00:00;M5;30;21;4117,19873;4119,73000;UP
2026-06-10 21:30:00;M5;30;21;4111,90645;4109,25000;DOWN
2026-06-10 21:35:00;M5;30;21;4106,11970;4107,41000;UP
2026-06-10 22:05:00;M5;30;21;4099,24715;4094,86000;DOWN
2026-06-11 01:35:00;M5;30;21;4058,67165;4065,39000;UP
2026-06-11 02:05:00;M5;30;21;4051,00955;4040,50000;DOWN
2026-06-11 02:35:00;M5;30;21;4044,29902;4060,69000;UP
2026-06-11 03:25:00;M5;30;55;4067,34510;4067,60000;UP
2026-06-11 03:05:00;M5;30;34;4051,73968;4043,01000;DOWN
2026-06-11 03:35:00;M5;30;34;4048,48954;4063,39000;UP
2026-06-11 05:40:00;M5;30;89;4060,39115;4059,46000;DOWN
2026-06-11 06:05:00;M5;30;21;4075,98235;4076,44000;UP
2026-06-11 06:35:00;M5;30;21;4077,22337;4070,35000;DOWN
2026-06-11 07:05:00;M5;30;21;4078,29790;4079,91000;UP
2026-06-11 07:35:00;M5;30;21;4079,82904;4078,60000;DOWN
2026-06-11 08:30:00;M5;30;21;4080,33562;4095,10000;UP
2026-06-11 09:05:00;M5;30;21;4083,03118;4080,86000;DOWN
2026-06-11 09:35:00;M5;30;21;4085,10012;4088,22000;UP
2026-06-11 11:25:00;M5;30;21;4098,96019;4097,30000;DOWN
2026-06-11 11:40:00;M5;30;34;4091,54989;4090,61000;DOWN
2026-06-11 12:45:00;M5;30;34;4093,48999;4093,99000;UP
2026-06-11 13:05:00;M5;30;34;4093,74263;4090,55000;DOWN
2026-06-11 15:10:00;M5;30;55;4079,84715;4076,34000;DOWN
2026-06-11 16:00:00;M5;30;21;4082,96554;4083,82000;UP
2026-06-11 16:10:00;M5;30;55;4081,59363;4073,15000;DOWN
2026-06-11 16:45:00;M5;30;21;4077,92366;4083,70000;UP
2026-06-11 17:05:00;M5;30;55;4082,22726;4062,54000;DOWN
2026-06-11 17:35:00;M5;30;21;4074,84346;4078,70000;UP
2026-06-11 18:15:00;M5;30;34;4081,32967;4081,94000;UP
2026-06-11 19:25:00;M5;30;55;4082,18093;4079,61000;DOWN
2026-06-11 19:35:00;M5;30;55;4082,26331;4082,60000;UP
2026-06-11 20:00:00;M5;30;34;4078,52123;4074,74000;DOWN
2026-06-11 20:25:00;M5;30;21;4080,66982;4101,89000;UP
2026-06-11 20:05:00;M5;30;55;4082,86614;4076,63000;DOWN
2026-06-11 20:35:00;M5;30;55;4085,22026;4150,38000;UP
2026-06-12 01:05:00;M5;30;21;4220,56678;4209,36000;DOWN
2026-06-12 01:55:00;M5;30;21;4235,83775;4243,25000;UP
2026-06-12 02:05:00;M5;30;21;4245,97867;4225,83000;DOWN
2026-06-12 02:35:00;M5;30;34;4216,82179;4216,58000;DOWN
2026-06-12 04:00:00;M5;30;55;4192,61068;4184,63000;DOWN
2026-06-12 06:35:00;M5;30;21;4198,46449;4201,99000;UP
2026-06-12 07:15:00;M5;30;21;4194,11578;4192,07000;DOWN
2026-06-12 07:35:00;M5;30;21;4190,59133;4195,33000;UP
2026-06-12 08:00:00;M5;30;89;4188,05700;4188,02000;DOWN
2026-06-12 08:05:00;M5;30;21;4187,62343;4185,17000;DOWN
2026-06-12 09:05:00;M5;30;21;4181,59610;4181,68000;UP
2026-06-12 09:35:00;M5;30;21;4180,02821;4177,86000;DOWN
2026-06-12 10:05:00;M5;30;21;4178,08110;4180,61000;UP
2026-06-12 10:55:00;M5;30;34;4191,57181;4194,20000;UP
2026-06-12 10:45:00;M5;30;21;4178,16991;4175,07000;DOWN
2026-06-12 11:05:00;M5;30;21;4181,52665;4201,90000;UP
2026-06-12 12:05:00;M5;30;55;4222,66549;4223,12000;UP
2026-06-12 12:55:00;M5;30;55;4222,43469;4221,85000;DOWN
2026-06-12 13:05:00;M5;30;55;4222,04897;4224,62000;UP
2026-06-12 13:15:00;M5;30;89;4220,17783;4217,77000;DOWN
2026-06-12 13:35:00;M5;30;21;4215,15517;4215,46000;UP
2026-06-12 13:35:00;M5;30;55;4221,62728;4215,46000;DOWN
2026-06-12 14:25:00;M5;30;34;4203,30857;4202,52000;DOWN
2026-06-12 14:40:00;M5;30;34;4204,83037;4209,66000;UP
2026-06-12 15:20:00;M5;30;34;4205,85339;4203,53000;DOWN
2026-06-12 16:35:00;M5;30;21;4205,09270;4207,26000;UP
2026-06-12 17:05:00;M5;30;34;4204,90360;4198,17000;DOWN
2026-06-12 17:50:00;M5;30;21;4196,62326;4207,52000;UP
2026-06-12 18:10:00;M5;30;55;4210,04740;4214,03000;UP
2026-06-12 18:45:00;M5;30;55;4209,83841;4207,73000;DOWN
2026-06-12 19:05:00;M5;30;55;4210,06684;4213,25000;UP
2026-06-12 21:50:00;M5;30;21;4222,34428;4221,86000;DOWN
2026-06-12 22:15:00;M5;30;55;4215,67070;4215,03000;DOWN
2026-06-12 23:55:00;M5;30;34;4218,11448;4218,87000;UP
2026-06-15 01:05:00;M5;30;21;4226,62726;4306,58000;UP
2026-06-15 04:00:00;M5;30;21;4292,39615;4291,71000;DOWN
2026-06-15 04:25:00;M5;30;21;4303,15630;4303,50000;UP
2026-06-15 05:05:00;M5;30;21;4323,45774;4321,53000;DOWN
2026-06-15 05:35:00;M5;30;21;4332,35182;4332,72000;UP
2026-06-15 06:05:00;M5;30;21;4338,27895;4323,68000;DOWN
2026-06-15 06:35:00;M5;30;34;4324,78512;4324,71000;DOWN
2026-06-15 08:35:00;M5;30;55;4323,76795;4320,58000;DOWN
2026-06-15 09:35:00;M5;30;89;4305,01728;4303,03000;DOWN
2026-06-15 10:05:00;M5;30;89;4308,75224;4312,52000;UP
2026-06-15 10:50:00;M5;30;21;4321,59392;4323,06000;UP
2026-06-15 11:30:00;M5;30;34;4341,14014;4343,34000;UP
2026-06-15 11:35:00;M5;30;55;4343,99744;4342,85000;DOWN
2026-06-15 12:20:00;M5;30;34;4340,54732;4340,57000;UP
2026-06-15 12:35:00;M5;30;34;4340,77119;4339,64000;DOWN
2026-06-15 14:30:00;M5;30;34;4341,62295;4345,91000;UP
2026-06-15 14:10:00;M5;30;21;4338,42050;4337,86000;DOWN
2026-06-15 14:35:00;M5;30;21;4340,93098;4346,64000;UP
2026-06-15 14:40:00;M5;30;89;4341,01528;4338,47000;DOWN
2026-06-15 15:30:00;M5;30;34;4341,83025;4342,38000;UP
2026-06-15 15:05:00;M5;30;21;4342,51075;4334,58000;DOWN
2026-06-15 15:40:00;M5;30;21;4344,45965;4345,10000;UP
2026-06-15 16:30:00;M5;30;55;4360,10577;4362,90000;UP
2026-06-15 16:05:00;M5;30;89;4350,77161;4345,23000;DOWN
2026-06-15 16:35:00;M5;30;21;4349,93775;4363,20000;UP
2026-06-15 16:50:00;M5;30;55;4360,98929;4357,58000;DOWN
2026-06-15 17:05:00;M5;30;55;4362,14723;4365,90000;UP
2026-06-15 17:35:00;M5;30;89;4360,32438;4357,31000;DOWN
2026-06-15 18:05:00;M5;30;34;4354,93077;4354,53000;DOWN
2026-06-15 18:40:00;M5;30;34;4357,22994;4357,39000;UP
2026-06-15 19:05:00;M5;30;34;4358,33263;4352,24000;DOWN
2026-06-15 23:05:00;M5;30;21;4318,14770;4319,35000;UP
2026-06-15 23:35:00;M5;30;21;4313,20262;4311,79000;DOWN
2026-06-16 01:05:00;M5;30;21;4308,89881;4313,32000;UP
2026-06-16 02:35:00;M5;30;34;4313,54480;4315,11000;UP
2026-06-16 03:20:00;M5;30;34;4310,46711;4309,06000;DOWN
2026-06-16 03:35:00;M5;30;34;4308,36809;4311,98000;UP
2026-06-16 05:10:00;M5;30;21;4310,52811;4309,50000;DOWN
2026-06-16 05:35:00;M5;30;21;4312,23444;4313,57000;UP
2026-06-16 07:50:00;M5;30;21;4322,14380;4321,78000;DOWN
2026-06-16 08:05:00;M5;30;21;4324,16854;4328,32000;UP
2026-06-16 08:35:00;M5;30;21;4324,61561;4316,94000;DOWN
2026-06-16 09:20:00;M5;30;34;4316,93414;4314,74000;DOWN
2026-06-16 10:00:00;M5;30;21;4324,00481;4326,78000;UP
2026-06-16 10:55:00;M5;30;89;4333,75639;4335,03000;UP
2026-06-16 13:30:00;M5;30;21;4343,64396;4342,97000;DOWN
2026-06-16 13:50:00;M5;30;21;4346,82334;4347,40000;UP
2026-06-16 14:05:00;M5;30;34;4342,51952;4340,46000;DOWN
2026-06-16 15:50:00;M5;30;21;4350,76264;4350,92000;UP
2026-06-16 16:20:00;M5;30;55;4338,29500;4338,15000;DOWN
2026-06-16 16:55:00;M5;30;89;4333,78119;4331,67000;DOWN
2026-06-16 17:10:00;M5;30;89;4333,79737;4335,46000;UP
2026-06-16 17:35:00;M5;30;89;4333,66673;4324,75000;DOWN
2026-06-16 18:50:00;M5;30;21;4329,65937;4337,92000;UP
2026-06-16 19:05:00;M5;30;34;4339,39372;4341,92000;UP
2026-06-16 19:55:00;M5;30;55;4340,68760;4340,58000;DOWN
2026-06-16 20:15:00;M5;30;89;4333,78888;4331,25000;DOWN
2026-06-16 20:35:00;M5;30;21;4332,26420;4336,81000;UP
2026-06-16 21:45:00;M5;30;34;4337,14708;4336,57000;DOWN
2026-06-16 22:05:00;M5;30;34;4337,03334;4340,96000;UP
2026-06-16 22:50:00;M5;30;89;4336,46546;4333,89000;DOWN
2026-06-17 01:55:00;M5;30;21;4334,84167;4335,37000;UP
2026-06-17 02:35:00;M5;30;34;4334,11033;4333,64000;DOWN
2026-06-17 03:05:00;M5;30;21;4333,24485;4338,13000;UP
2026-06-17 03:35:00;M5;30;89;4338,41583;4334,97000;DOWN
2026-06-17 04:05:00;M5;30;34;4334,93005;4347,64000;UP
2026-06-17 04:45:00;M5;30;89;4338,92035;4337,21000;DOWN
2026-06-17 05:05:00;M5;30;89;4339,21769;4341,76000;UP
2026-06-17 05:35:00;M5;30;89;4339,40498;4339,26000;DOWN
2026-06-17 08:40:00;M5;30;21;4328,47439;4329,69000;UP
2026-06-17 09:05:00;M5;30;34;4330,43815;4327,59000;DOWN
2026-06-17 09:35:00;M5;30;21;4325,46508;4325,85000;UP
2026-06-17 10:10:00;M5;30;34;4328,91814;4327,19000;DOWN
2026-06-17 10:35:00;M5;30;34;4328,10279;4330,98000;UP
2026-06-17 11:05:00;M5;30;55;4329,66547;4327,10000;DOWN
2026-06-17 11:50:00;M5;30;21;4323,85565;4324,51000;UP
2026-06-17 12:15:00;M5;30;34;4325,54244;4326,69000;UP
2026-06-17 12:05:00;M5;30;21;4324,35650;4321,94000;DOWN
2026-06-17 12:35:00;M5;30;21;4325,23834;4328,95000;UP
2026-06-17 12:45:00;M5;30;55;4327,74716;4326,97000;DOWN
2026-06-17 13:05:00;M5;30;55;4327,35677;4329,39000;UP
2026-06-17 13:45:00;M5;30;89;4332,04764;4332,42000;UP
2026-06-17 14:05:00;M5;30;89;4331,66209;4328,29000;DOWN
2026-06-17 14:35:00;M5;30;34;4325,71552;4326,62000;UP
2026-06-17 15:30:00;M5;30;21;4327,81576;4328,92000;UP
2026-06-17 15:05:00;M5;30;34;4325,65596;4322,90000;DOWN
2026-06-17 15:35:00;M5;30;34;4326,00557;4330,53000;UP
2026-06-17 16:05:00;M5;30;89;4330,29206;4327,56000;DOWN
2026-06-17 16:35:00;M5;30;21;4331,32445;4337,66000;UP
2026-06-17 18:05:00;M5;30;21;4344,77929;4344,77000;DOWN
2026-06-17 18:35:00;M5;30;21;4350,25245;4359,56000;UP
2026-06-17 19:35:00;M5;30;21;4360,84793;4359,59000;DOWN
2026-06-17 20:30:00;M5;30;21;4364,72769;4377,63000;UP
2026-06-17 21:00:00;M5;30;89;4338,73972;4316,70000;DOWN
2026-06-17 23:35:00;M5;30;21;4261,48548;4264,12000;UP
2026-06-18 02:10:00;M5;30;34;4274,21385;4281,79000;UP
2026-06-18 03:05:00;M5;30;55;4291,24572;4293,10000;UP
2026-06-18 03:35:00;M5;30;89;4304,43464;4305,55000;UP
2026-06-18 06:05:00;M5;30;21;4318,44622;4312,70000;DOWN
2026-06-18 08:40:00;M5;30;34;4310,51864;4310,49000;DOWN
2026-06-18 09:10:00;M5;30;89;4299,97320;4298,89000;DOWN
2026-06-18 09:35:00;M5;30;89;4299,83903;4301,02000;UP
2026-06-18 10:30:00;M5;30;89;4299,66057;4298,43000;DOWN
2026-06-18 10:35:00;M5;30;55;4295,15529;4294,35000;DOWN
2026-06-18 13:35:00;M5;30;21;4263,13315;4266,93000;UP
2026-06-18 14:05:00;M5;30;21;4256,18862;4247,95000;DOWN
2026-06-18 15:05:00;M5;30;21;4243,79510;4244,11000;UP
2026-06-18 16:10:00;M5;30;34;4253,31237;4259,21000;UP
2026-06-18 16:35:00;M5;30;89;4271,39317;4272,16000;UP
2026-06-18 16:40:00;M5;30;55;4268,15697;4264,40000;DOWN
2026-06-18 17:15:00;M5;30;34;4245,40519;4249,37000;UP
2026-06-18 17:05:00;M5;30;89;4268,60531;4243,59000;DOWN
2026-06-18 18:25:00;M5;30;34;4239,24122;4235,65000;DOWN
2026-06-18 19:05:00;M5;30;34;4231,78971;4231,99000;UP
2026-06-18 19:35:00;M5;30;34;4227,87593;4223,09000;DOWN
2026-06-18 20:10:00;M5;30;21;4226,05413;4227,87000;UP
2026-06-18 21:05:00;M5;30;55;4230,58908;4231,53000;UP
2026-06-18 21:35:00;M5;30;55;4226,72430;4221,09000;DOWN
2026-06-18 22:40:00;M5;30;21;4211,94060;4213,99000;UP
2026-06-18 23:05:00;M5;30;55;4215,81276;4216,56000;UP
2026-06-18 23:45:00;M5;30;55;4212,61019;4209,98000;DOWN
2026-06-19 01:10:00;M5;30;21;4206,97900;4208,01000;UP
2026-06-19 01:45:00;M5;30;55;4206,50829;4208,74000;UP
2026-06-19 01:35:00;M5;30;34;4204,76755;4203,59000;DOWN
2026-06-19 02:05:00;M5;30;55;4203,55857;4200,16000;DOWN
2026-06-19 03:45:00;M5;30;21;4189,86863;4190,42000;UP
2026-06-19 04:25:00;M5;30;34;4189,70971;4190,73000;UP
2026-06-19 04:05:00;M5;30;21;4186,89929;4184,94000;DOWN
2026-06-19 04:35:00;M5;30;21;4184,19538;4185,23000;UP
2026-06-19 04:35:00;M5;30;55;4187,46826;4185,23000;DOWN
2026-06-19 05:10:00;M5;30;21;4181,27849;4179,90000;DOWN
2026-06-19 05:35:00;M5;30;21;4178,10242;4179,63000;UP
2026-06-19 06:05:00;M5;30;21;4174,13529;4167,56000;DOWN
2026-06-19 08:45:00;M5;30;21;4136,23468;4137,56000;UP
2026-06-19 09:05:00;M5;30;34;4142,06184;4143,42000;UP
2026-06-19 09:55:00;M5;30;55;4145,72040;4147,60000;UP
2026-06-19 09:35:00;M5;30;34;4137,74820;4133,71000;DOWN
2026-06-19 10:05:00;M5;30;34;4134,96518;4159,06000;UP
2026-06-19 13:05:00;M5;30;21;4160,88047;4156,72000;DOWN
2026-06-19 14:25:00;M5;30;34;4144,43058;4144,20000;DOWN
2026-06-19 14:35:00;M5;30;34;4145,24050;4147,47000;UP
2026-06-19 15:05:00;M5;30;21;4157,14034;4158,43000;UP
2026-06-19 15:45:00;M5;30;34;4148,83190;4148,76000;DOWN
2026-06-19 16:05:00;M5;30;21;4159,42890;4182,44000;UP
2026-06-19 16:55:00;M5;30;34;4154,10699;4151,35000;DOWN
2026-06-19 19:35:00;M5;30;21;4151,05478;4151,74000;UP
2026-06-22 01:10:00;M5;30;34;4152,80761;4151,48000;DOWN
2026-06-22 01:35:00;M5;30;21;4150,29247;4152,04000;UP
2026-06-22 02:30:00;M5;30;34;4152,74969;4147,84000;DOWN
2026-06-22 02:35:00;M5;30;55;4145,00331;4144,87000;DOWN
2026-06-22 03:10:00;M5;30;21;4151,66281;4161,04000;UP
2026-06-22 05:10:00;M5;30;21;4186,17627;4184,15000;DOWN
2026-06-22 05:35:00;M5;30;21;4191,98244;4196,11000;UP
2026-06-22 06:10:00;M5;30;34;4179,90178;4178,33000;DOWN
2026-06-22 08:25:00;M5;30;21;4191,94415;4193,94000;UP
2026-06-22 09:00:00;M5;30;21;4191,68772;4191,46000;DOWN
2026-06-22 09:05:00;M5;30;21;4192,11682;4196,59000;UP
2026-06-22 10:20:00;M5;30;34;4197,51921;4197,07000;DOWN
2026-06-22 10:35:00;M5;30;21;4195,83028;4194,80000;DOWN
2026-06-22 11:10:00;M5;30;55;4191,43759;4189,95000;DOWN
2026-06-22 11:55:00;M5;30;21;4197,36137;4197,37000;UP
2026-06-22 13:55:00;M5;30;34;4205,23100;4204,64000;DOWN
2026-06-22 14:05:00;M5;30;21;4207,47207;4210,85000;UP
2026-06-22 14:25:00;M5;30;55;4205,12035;4203,96000;DOWN
2026-06-22 14:55:00;M5;30;55;4207,08539;4207,39000;UP
2026-06-22 14:35:00;M5;30;34;4208,00554;4206,27000;DOWN
2026-06-22 15:20:00;M5;30;21;4209,75351;4210,78000;UP
2026-06-22 15:05:00;M5;30;55;4208,87142;4207,71000;DOWN
2026-06-22 15:35:00;M5;30;34;4209,58371;4203,63000;DOWN
2026-06-22 16:05:00;M5;30;89;4192,46058;4190,86000;DOWN
2026-06-22 16:45:00;M5;30;89;4194,35843;4199,86000;UP
2026-06-22 17:05:00;M5;30;21;4200,78961;4206,13000;UP
2026-06-22 17:15:00;M5;30;89;4196,01671;4195,96000;DOWN
2026-06-22 17:45:00;M5;30;89;4197,54245;4201,09000;UP
2026-06-22 17:35:00;M5;30;21;4198,42723;4191,30000;DOWN
2026-06-22 18:10:00;M5;30;21;4195,85420;4197,75000;UP
2026-06-22 18:05:00;M5;30;89;4198,82999;4195,38000;DOWN
2026-06-22 18:35:00;M5;30;21;4192,53490;4182,07000;DOWN
2026-06-22 19:50:00;M5;30;21;4186,41762;4186,97000;UP
2026-06-22 20:25:00;M5;30;21;4184,29020;4184,13000;DOWN
2026-06-22 20:55:00;M5;30;21;4182,68981;4182,90000;UP
2026-06-22 21:40:00;M5;30;34;4187,68863;4189,75000;UP
2026-06-22 22:40:00;M5;30;34;4185,60385;4184,36000;DOWN
2026-06-22 23:05:00;M5;30;34;4185,12196;4190,52000;UP
2026-06-23 01:45:00;M5;30;21;4189,74326;4188,65000;DOWN
2026-06-23 02:05:00;M5;30;21;4190,78338;4191,80000;UP
2026-06-23 02:45:00;M5;30;55;4191,50496;4190,76000;DOWN
2026-06-23 03:05:00;M5;30;34;4186,50783;4184,46000;DOWN
2026-06-23 03:40:00;M5;30;21;4190,34545;4192,63000;UP
2026-06-23 04:05:00;M5;30;55;4188,78984;4188,61000;DOWN
2026-06-23 07:35:00;M5;30;21;4137,47755;4138,84000;UP
2026-06-23 08:05:00;M5;30;21;4129,15352;4127,99000;DOWN
2026-06-23 08:35:00;M5;30;21;4121,56650;4125,10000;UP
2026-06-23 09:05:00;M5;30;21;4115,03458;4113,46000;DOWN
2026-06-23 09:35:00;M5;30;21;4109,92835;4115,91000;UP
2026-06-23 10:50:00;M5;30;21;4102,54395;4100,60000;DOWN
2026-06-23 11:30:00;M5;30;21;4098,50096;4101,71000;UP
2026-06-23 11:40:00;M5;30;34;4103,06994;4109,43000;UP
2026-06-23 12:35:00;M5;30;55;4114,31215;4118,39000;UP
2026-06-23 15:10:00;M5;30;21;4117,98679;4114,05000;DOWN
2026-06-23 15:35:00;M5;30;21;4119,57567;4121,99000;UP
2026-06-23 16:30:00;M5;30;89;4120,54831;4122,41000;UP
2026-06-23 16:05:00;M5;30;21;4120,23875;4116,43000;DOWN
2026-06-23 16:40:00;M5;30;21;4122,31326;4126,43000;UP
2026-06-23 17:35:00;M5;30;21;4127,32557;4124,21000;DOWN
2026-06-23 18:30:00;M5;30;21;4128,90870;4132,97000;UP
2026-06-23 19:55:00;M5;30;21;4135,19448;4134,29000;DOWN
2026-06-23 20:10:00;M5;30;21;4136,56910;4138,48000;UP
2026-06-23 20:35:00;M5;30;34;4131,49582;4129,85000;DOWN
2026-06-23 22:50:00;M5;30;55;4115,83634;4115,56000;DOWN
2026-06-24 01:05:00;M5;30;21;4112,17796;4112,44000;UP
2026-06-24 01:30:00;M5;30;89;4103,61435;4098,69000;DOWN
2026-06-24 01:40:00;M5;30;89;4102,62008;4104,28000;UP
2026-06-24 01:35:00;M5;30;21;4108,11690;4101,03000;DOWN
2026-06-24 02:05:00;M5;30;89;4101,54910;4096,67000;DOWN
2026-06-24 03:00:00;M5;30;21;4100,18054;4102,25000;UP
2026-06-24 03:05:00;M5;30;34;4108,77163;4110,23000;UP
2026-06-24 03:20:00;M5;30;89;4099,42470;4096,33000;DOWN
2026-06-24 03:35:00;M5;30;21;4094,91976;4096,78000;UP
2026-06-24 03:35:00;M5;30;34;4105,24066;4096,78000;DOWN
2026-06-24 04:05:00;M5;30;89;4097,45316;4077,22000;DOWN
2026-06-24 04:35:00;M5;30;21;4091,48751;4095,08000;UP
2026-06-24 05:05:00;M5;30;21;4087,81091;4080,99000;DOWN
2026-06-24 06:40:00;M5;30;21;4067,46676;4068,38000;UP
2026-06-24 07:05:00;M5;30;21;4061,79926;4058,70000;DOWN
2026-06-24 07:35:00;M5;30;21;4057,68868;4064,80000;UP
2026-06-24 08:05:00;M5;30;34;4063,63493;4069,41000;UP
2026-06-24 08:45:00;M5;30;55;4076,30892;4074,87000;DOWN
2026-06-24 09:05:00;M5;30;55;4073,57233;4090,56000;UP
2026-06-24 10:55:00;M5;30;89;4075,38888;4074,79000;DOWN
2026-06-24 11:05:00;M5;30;89;4074,38684;4075,53000;UP
2026-06-24 11:05:00;M5;30;21;4076,93418;4075,53000;DOWN
2026-06-24 11:35:00;M5;30;21;4079,17383;4082,08000;UP
2026-06-24 12:05:00;M5;30;89;4072,33898;4069,84000;DOWN
2026-06-24 13:00:00;M5;30;55;4064,54091;4062,09000;DOWN
2026-06-24 13:40:00;M5;30;55;4061,49485;4064,82000;UP
2026-06-24 14:05:00;M5;30;55;4059,43107;4049,17000;DOWN
2026-06-24 16:40:00;M5;30;21;4008,27374;4015,42000;UP
2026-06-24 17:05:00;M5;30;55;4033,32824;4027,79000;DOWN
2026-06-24 17:35:00;M5;30;34;4019,11624;4019,56000;UP
2026-06-24 18:05:00;M5;30;34;4014,04832;3999,84000;DOWN
2026-06-24 18:45:00;M5;30;34;4009,16213;4013,06000;UP
2026-06-24 19:05:00;M5;30;34;4004,98030;4000,37000;DOWN
2026-06-24 19:35:00;M5;30;34;4001,20719;4018,02000;UP
2026-06-24 20:05:00;M5;30;55;4009,69097;4006,84000;DOWN
2026-06-24 21:25:00;M5;30;21;3989,46434;3990,20000;UP
2026-06-24 21:45:00;M5;30;34;3983,13486;3979,26000;DOWN
2026-06-24 22:25:00;M5;30;21;3981,81022;3984,00000;UP
2026-06-24 22:50:00;M5;30;55;3987,18704;3990,59000;UP
2026-06-24 23:25:00;M5;30;89;3999,03406;4000,03000;UP
2026-06-25 03:25:00;M5;30;21;3998,39534;3996,17000;DOWN
2026-06-25 03:35:00;M5;30;34;3986,37968;3982,55000;DOWN
2026-06-25 04:05:00;M5;30;34;3987,49985;3991,23000;UP
2026-06-25 04:55:00;M5;30;89;3979,01030;3976,66000;DOWN
2026-06-25 05:15:00;M5;30;89;3977,22692;3981,23000;UP
2026-06-25 05:05:00;M5;30;55;3974,29818;3965,75000;DOWN
2026-06-25 05:35:00;M5;30;55;3973,99984;3984,64000;UP
2026-06-25 06:05:00;M5;30;89;3973,54851;3973,37000;DOWN
2026-06-25 06:45:00;M5;30;21;3984,76629;3986,55000;UP
2026-06-25 08:35:00;M5;30;34;3988,39384;3984,80000;DOWN
2026-06-25 09:15:00;M5;30;55;3976,55015;3974,76000;DOWN
2026-06-25 09:35:00;M5;30;55;3976,93690;3980,59000;UP
2026-06-25 10:55:00;M5;30;21;3985,49259;3987,88000;UP
2026-06-25 10:40:00;M5;30;55;3977,66380;3974,53000;DOWN
2026-06-25 11:05:00;M5;30;55;3978,27408;3988,06000;UP
2026-06-25 13:00:00;M5;30;34;3986,51911;3986,45000;DOWN
2026-06-25 13:25:00;M5;30;21;3988,85602;3989,16000;UP
2026-06-25 13:40:00;M5;30;34;3987,35867;3985,50000;DOWN
2026-06-25 14:15:00;M5;30;55;3982,12779;3981,49000;DOWN
2026-06-25 14:35:00;M5;30;55;3982,07095;3982,36000;UP
2026-06-25 15:25:00;M5;30;21;3984,52471;3984,54000;UP
2026-06-25 15:20:00;M5;30;55;3981,97583;3980,23000;DOWN
2026-06-25 15:35:00;M5;30;55;3982,61060;3997,89000;UP
2026-06-25 18:10:00;M5;30;21;4015,27269;4007,98000;DOWN
2026-06-25 18:35:00;M5;30;21;4022,95698;4028,84000;UP
2026-06-25 19:35:00;M5;30;21;4036,68841;4031,77000;DOWN
2026-06-25 21:00:00;M5;30;34;4029,80235;4028,58000;DOWN
2026-06-25 21:15:00;M5;30;34;4034,10219;4037,87000;UP
2026-06-25 21:35:00;M5;30;34;4037,79059;4036,33000;DOWN
2026-06-25 22:45:00;M5;30;55;4028,26537;4026,69000;DOWN
2026-06-26 01:35:00;M5;30;21;4032,95573;4034,11000;UP
2026-06-26 02:05:00;M5;30;21;4030,57283;4022,75000;DOWN
2026-06-26 02:55:00;M5;30;89;4017,40341;4014,46000;DOWN
2026-06-26 03:10:00;M5;30;89;4019,00648;4019,68000;UP
2026-06-26 03:35:00;M5;30;89;4020,46765;4016,23000;DOWN
2026-06-26 04:10:00;M5;30;21;4018,63379;4019,64000;UP
2026-06-26 04:35:00;M5;30;89;4023,09105;4021,49000;DOWN
2026-06-26 05:05:00;M5;30;21;4015,69109;4016,92000;UP
2026-06-26 05:35:00;M5;30;21;4011,36410;3997,62000;DOWN
2026-06-26 06:50:00;M5;30;21;4001,99730;4002,12000;UP
2026-06-26 07:40:00;M5;30;34;4006,63244;4008,08000;UP
2026-06-26 09:20:00;M5;30;55;4019,24265;4023,06000;UP
2026-06-26 09:40:00;M5;30;89;4024,62842;4025,18000;UP
2026-06-26 11:50:00;M5;30;21;4032,98603;4032,72000;DOWN
2026-06-26 12:05:00;M5;30;21;4037,81294;4038,59000;UP
2026-06-26 13:15:00;M5;30;21;4046,88758;4044,52000;DOWN
2026-06-26 13:50:00;M5;30;21;4051,28906;4052,82000;UP
2026-06-26 14:05:00;M5;30;21;4054,73192;4053,18000;DOWN
2026-06-26 14:50:00;M5;30;34;4045,31052;4044,51000;DOWN
2026-06-26 15:10:00;M5;30;34;4048,75833;4048,97000;UP
2026-06-26 15:55:00;M5;30;21;4058,05850;4059,01000;UP
2026-06-26 15:35:00;M5;30;34;4052,11603;4044,15000;DOWN
2026-06-26 16:20:00;M5;30;34;4055,14334;4057,20000;UP
2026-06-26 16:05:00;M5;30;21;4059,17335;4044,61000;DOWN
2026-06-26 16:40:00;M5;30;21;4062,09886;4062,22000;UP
2026-06-26 16:35:00;M5;30;34;4058,73825;4048,04000;DOWN
2026-06-26 17:05:00;M5;30;34;4063,25489;4079,03000;UP
2026-06-26 19:20:00;M5;30;21;4087,88646;4085,42000;DOWN
2026-06-26 19:35:00;M5;30;34;4085,75474;4084,54000;DOWN
2026-06-26 20:35:00;M5;30;55;4078,26025;4075,57000;DOWN
2026-06-26 22:00:00;M5;30;89;4066,76637;4065,37000;DOWN
2026-06-26 22:10:00;M5;30;89;4068,75768;4069,48000;UP
2026-06-26 22:35:00;M5;30;89;4070,58914;4068,64000;DOWN
2026-06-26 23:45:00;M5;30;21;4074,62033;4075,90000;UP
2026-06-29 01:10:00;M5;30;89;4075,57529;4069,99000;DOWN
2026-06-29 02:05:00;M5;30;21;4066,62158;4070,32000;UP
2026-06-29 02:35:00;M5;30;21;4063,76609;4060,61000;DOWN
2026-06-29 03:35:00;M5;30;21;4058,70929;4060,57000;UP
2026-06-29 04:05:00;M5;30;34;4066,60844;4061,83000;DOWN
2026-06-29 04:35:00;M5;30;21;4056,91565;4061,74000;UP
2026-06-29 05:05:00;M5;30;34;4062,69514;4061,90000;DOWN
2026-06-29 05:45:00;M5;30;34;4061,78846;4067,42000;UP
2026-06-29 07:30:00;M5;30;34;4062,05231;4061,08000;DOWN
2026-06-29 09:05:00;M5;30;21;4058,70800;4061,68000;UP
2026-06-29 10:25:00;M5;30;55;4064,27345;4066,01000;UP
2026-06-29 10:35:00;M5;30;55;4063,07551;4062,94000;DOWN
2026-06-29 11:05:00;M5;30;55;4062,12551;4063,82000;UP
2026-06-29 11:40:00;M5;30;55;4060,99242;4055,65000;DOWN
2026-06-29 14:40:00;M5;30;21;4035,03849;4035,27000;UP
2026-06-29 15:05:00;M5;30;55;4046,13096;4047,96000;UP
2026-06-29 15:20:00;M5;30;34;4039,91474;4039,78000;DOWN
2026-06-29 15:35:00;M5;30;34;4038,22358;4044,96000;UP
2026-06-29 15:45:00;M5;30;55;4044,23682;4043,26000;DOWN
2026-06-29 16:05:00;M5;30;55;4042,51842;4046,11000;UP
2026-06-29 16:35:00;M5;30;55;4040,79340;4036,05000;DOWN
2026-06-29 18:45:00;M5;30;21;4025,30890;4026,77000;UP
2026-06-29 19:10:00;M5;30;34;4024,26399;4023,67000;DOWN
2026-06-29 19:45:00;M5;30;21;4022,54606;4026,08000;UP
2026-06-29 20:05:00;M5;30;55;4026,15484;4030,40000;UP
2026-06-29 20:35:00;M5;30;55;4024,29169;4024,05000;DOWN
2026-06-29 21:10:00;M5;30;55;4022,55915;4023,93000;UP
2026-06-29 21:35:00;M5;30;55;4020,74933;4020,73000;DOWN
2026-06-29 22:25:00;M5;30;21;4016,49867;4017,02000;UP
2026-06-29 22:40:00;M5;30;55;4017,27551;4017,88000;UP
2026-06-29 22:45:00;M5;30;34;4015,35625;4014,78000;DOWN
2026-06-29 23:15:00;M5;30;21;4014,51421;4016,70000;UP
2026-06-29 23:05:00;M5;30;55;4015,68970;4014,06000;DOWN
2026-06-29 23:35:00;M5;30;55;4014,21562;4014,83000;UP
2026-06-30 01:40:00;M5;30;55;4011,67567;4010,41000;DOWN
2026-06-30 02:05:00;M5;30;21;4012,96461;4019,21000;UP
2026-06-30 03:00:00;M5;30;55;4009,84114;4008,43000;DOWN
2026-06-30 03:10:00;M5;30;34;4010,53282;4010,60000;UP
2026-06-30 03:35:00;M5;30;55;4007,37608;3995,81000;DOWN
2026-06-30 06:05:00;M5;30;21;3967,37979;3967,42000;UP
2026-06-30 07:15:00;M5;30;34;3972,58830;3974,33000;UP
2026-06-30 07:40:00;M5;30;89;3989,88992;3988,48000;DOWN
2026-06-30 08:05:00;M5;30;89;3987,03613;3987,41000;UP
2026-06-30 08:35:00;M5;30;89;3984,40242;3981,77000;DOWN
2026-06-30 09:05:00;M5;30;89;3982,44209;3987,24000;UP
2026-06-30 11:35:00;M5;30;21;4026,88056;4019,29000;DOWN
2026-06-30 15:05:00;M5;30;34;4032,70643;4028,27000;DOWN
2026-06-30 16:15:00;M5;30;21;4029,67890;4029,85000;UP
2026-06-30 16:35:00;M5;30;55;4015,36914;4013,66000;DOWN
2026-06-30 17:05:00;M5;30;21;4029,98103;4043,23000;UP
2026-06-30 17:55:00;M5;30;34;4038,88286;4037,36000;DOWN
2026-06-30 18:15:00;M5;30;21;4034,20427;4027,04000;DOWN
2026-06-30 19:00:00;M5;30;55;4028,58811;4027,13000;DOWN
2026-06-30 21:00:00;M5;30;21;4031,97416;4032,20000;UP
2026-06-30 21:25:00;M5;30;21;4031,59739;4031,41000;DOWN
2026-06-30 21:45:00;M5;30;21;4030,86032;4031,57000;UP
2026-06-30 22:05:00;M5;30;21;4029,01330;4025,09000;DOWN
2026-06-30 22:50:00;M5;30;89;4018,03465;4016,16000;DOWN
2026-06-30 23:05:00;M5;30;89;4019,11391;4019,44000;UP
2026-06-30 23:35:00;M5;30;89;4019,93705;4010,54000;DOWN
2026-07-01 01:05:00;M5;30;21;4015,48447;4017,05000;UP
2026-07-01 01:50:00;M5;30;21;4012,79484;4011,76000;DOWN
2026-07-01 02:05:00;M5;30;21;4010,53048;4017,44000;UP
2026-07-01 02:45:00;M5;30;21;4008,12078;4007,43000;DOWN
2026-07-01 03:05:00;M5;30;21;4005,31380;4007,44000;UP
2026-07-01 03:35:00;M5;30;21;4002,08638;4001,08000;DOWN
2026-07-01 05:35:00;M5;30;21;3982,14153;3983,90000;UP
2026-07-01 06:30:00;M5;30;21;3978,11885;3977,02000;DOWN
2026-07-01 06:35:00;M5;30;21;3975,09030;3981,31000;UP
2026-07-01 07:45:00;M5;30;34;3976,84121;3979,71000;UP
2026-07-01 08:05:00;M5;30;34;3973,97736;3973,25000;DOWN
2026-07-01 08:35:00;M5;30;34;3971,42400;3975,40000;UP
2026-07-01 09:05:00;M5;30;34;3968,85229;3966,97000;DOWN
2026-07-01 09:35:00;M5;30;21;3966,64907;3967,52000;UP
2026-07-01 10:05:00;M5;30;34;3964,41123;3964,19000;DOWN
2026-07-01 10:35:00;M5;30;21;3965,52045;3968,91000;UP
2026-07-01 12:45:00;M5;30;89;3985,36824;3985,39000;UP
2026-07-01 13:15:00;M5;30;89;3983,62785;3982,17000;DOWN
2026-07-01 13:35:00;M5;30;89;3982,26742;3989,62000;UP
2026-07-01 16:05:00;M5;30;21;4029,00354;4017,92000;DOWN
2026-07-01 16:35:00;M5;30;21;4042,92098;4070,92000;UP
2026-07-01 18:05:00;M5;30;21;4090,70700;4084,36000;DOWN
2026-07-01 19:30:00;M5;30;34;4077,89322;4076,22000;DOWN
2026-07-01 21:25:00;M5;30;55;4063,80366;4061,27000;DOWN
2026-07-01 23:00:00;M5;30;89;4038,22627;4030,07000;DOWN
2026-07-02 01:35:00;M5;30;21;4037,03289;4039,77000;UP
2026-07-02 03:45:00;M5;30;34;4047,93564;4050,54000;UP
2026-07-02 04:20:00;M5;30;89;4054,09092;4052,31000;DOWN
2026-07-02 06:20:00;M5;30;89;4060,54094;4061,60000;UP
2026-07-02 06:45:00;M5;30;55;4066,97815;4068,76000;UP
2026-07-02 07:30:00;M5;30;89;4064,31050;4063,32000;DOWN
2026-07-02 07:35:00;M5;30;21;4064,83027;4063,28000;DOWN
2026-07-02 09:00:00;M5;30;21;4067,58639;4070,17000;UP
2026-07-02 09:05:00;M5;30;89;4070,92657;4069,85000;DOWN
2026-07-02 09:35:00;M5;30;21;4071,48332;4072,74000;UP
2026-07-02 10:05:00;M5;30;89;4073,81411;4071,88000;DOWN
2026-07-02 10:40:00;M5;30;21;4072,16007;4074,49000;UP
2026-07-02 11:05:00;M5;30;21;4072,31282;4071,18000;DOWN
2026-07-02 11:35:00;M5;30;21;4073,01344;4075,12000;UP
2026-07-02 12:05:00;M5;30;89;4077,90380;4071,12000;DOWN
2026-07-02 12:35:00;M5;30;55;4067,36360;4067,45000;UP
2026-07-02 13:05:00;M5;30;55;4068,13107;4064,17000;DOWN
2026-07-02 14:40:00;M5;30;21;4068,37020;4071,04000;UP
2026-07-02 15:30:00;M5;30;34;4072,30446;4127,18000;UP
2026-07-02 15:05:00;M5;30;55;4070,22940;4069,95000;DOWN
2026-07-02 15:35:00;M5;30;21;4071,97698;4137,03000;UP
2026-07-02 18:05:00;M5;30;21;4123,38883;4121,05000;DOWN
2026-07-02 19:25:00;M5;30;34;4116,83316;4116,33000;DOWN
2026-07-02 20:35:00;M5;30;55;4113,47743;4109,17000;DOWN
2026-07-02 21:05:00;M5;30;55;4116,39929;4122,39000;UP
2026-07-02 22:00:00;M5;30;55;4119,19721;4118,39000;DOWN
2026-07-02 22:20:00;M5;30;89;4110,79910;4108,97000;DOWN
2026-07-02 22:50:00;M5;30;21;4122,89897;4123,68000;UP
2026-07-02 23:05:00;M5;30;21;4121,74480;4121,71000;DOWN
2026-07-02 23:35:00;M5;30;21;4121,38132;4121,50000;UP
2026-07-03 02:35:00;M5;30;89;4125,44257;4123,27000;DOWN
2026-07-03 03:05:00;M5;30;21;4127,91072;4128,72000;UP
2026-07-03 03:35:00;M5;30;55;4139,05872;4137,51000;DOWN
2026-07-03 04:05:00;M5;30;55;4142,23605;4172,46000;UP
2026-07-03 06:05:00;M5;30;21;4182,36424;4181,75000;DOWN
2026-07-03 07:35:00;M5;30;34;4179,91537;4176,42000;DOWN
2026-07-03 08:20:00;M5;30;55;4175,18612;4174,31000;DOWN
2026-07-03 09:00:00;M5;30;89;4166,25240;4164,71000;DOWN
2026-07-03 09:05:00;M5;30;89;4169,32579;4170,19000;UP
2026-07-03 09:35:00;M5;30;89;4172,18555;4170,19000;DOWN
2026-07-03 10:05:00;M5;30;89;4174,87070;4180,37000;UP
2026-07-03 10:35:00;M5;30;21;4178,71979;4179,18000;UP
2026-07-03 10:55:00;M5;30;89;4177,42263;4177,23000;DOWN
2026-07-03 11:05:00;M5;30;89;4179,92890;4182,32000;UP
2026-07-03 11:35:00;M5;30;89;4182,34656;4181,99000;DOWN
2026-07-03 12:10:00;M5;30;21;4177,58717;4180,36000;UP
2026-07-03 12:35:00;M5;30;21;4176,66118;4171,47000;DOWN
2026-07-03 13:05:00;M5;30;21;4176,23273;4178,45000;UP
2026-07-03 13:45:00;M5;30;21;4176,22251;4175,74000;DOWN
2026-07-03 14:05:00;M5;30;21;4177,26211;4179,74000;UP
2026-07-03 14:50:00;M5;30;34;4183,66025;4181,39000;DOWN
2026-07-03 15:05:00;M5;30;21;4178,93042;4181,11000;UP
2026-07-03 15:35:00;M5;30;21;4178,90840;4175,02000;DOWN
2026-07-03 18:00:00;M5;30;21;4171,48727;4171,62000;UP
2026-07-03 18:25:00;M5;30;21;4169,55842;4167,42000;DOWN
2026-07-03 18:40:00;M5;30;21;4167,63677;4167,69000;UP
2026-07-03 19:05:00;M5;30;21;4165,96494;4165,20000;DOWN
2026-07-03 19:35:00;M5;30;21;4165,56379;4169,14000;UP
2026-07-06 01:20:00;M5;30;55;4181,49875;4182,10000;UP
2026-07-06 02:25:00;M5;30;89;4197,51474;4200,35000;UP
2026-07-06 02:35:00;M5;30;89;4197,84992;4197,71000;DOWN
2026-07-06 03:15:00;M5;30;34;4177,42331;4178,22000;UP
2026-07-06 03:40:00;M5;30;21;4185,37705;4185,83000;UP
2026-07-06 04:05:00;M5;30;55;4182,52161;4181,00000;DOWN
2026-07-06 04:35:00;M5;30;21;4188,06233;4196,31000;UP
2026-07-06 05:05:00;M5;30;55;4182,96736;4180,96000;DOWN
2026-07-06 09:25:00;M5;30;21;4153,84767;4156,47000;UP
2026-07-06 10:35:00;M5;30;34;4156,93859;4158,52000;UP
2026-07-06 11:05:00;M5;30;55;4163,95735;4161,54000;DOWN
2026-07-06 12:15:00;M5;30;21;4147,42283;4147,21000;DOWN
2026-07-06 13:10:00;M5;30;21;4145,32878;4148,31000;UP
2026-07-06 13:55:00;M5;30;55;4154,46252;4154,85000;UP
2026-07-06 14:05:00;M5;30;55;4152,80211;4152,48000;DOWN
2026-07-06 14:35:00;M5;30;55;4151,35879;4155,14000;UP
2026-07-06 15:20:00;M5;30;55;4149,89382;4147,09000;DOWN
2026-07-06 16:00:00;M5;30;34;4143,79759;4144,70000;UP
2026-07-06 16:20:00;M5;30;21;4146,22870;4146,58000;UP
2026-07-06 16:10:00;M5;30;34;4143,12076;4141,24000;DOWN
2026-07-06 16:35:00;M5;30;34;4142,27253;4149,00000;UP
2026-07-06 16:55:00;M5;30;55;4145,01587;4140,79000;DOWN
2026-07-06 17:05:00;M5;30;34;4141,18175;4136,18000;DOWN
2026-07-06 18:00:00;M5;30;21;4140,78084;4144,11000;UP
2026-07-06 18:10:00;M5;30;55;4140,22380;4139,68000;DOWN
2026-07-06 18:35:00;M5;30;21;4140,54125;4150,90000;UP
2026-07-06 19:10:00;M5;30;21;4141,10400;4140,50000;DOWN
2026-07-06 19:35:00;M5;30;21;4142,88712;4149,46000;UP
2026-07-06 22:05:00;M5;30;21;4160,69025;4160,67000;DOWN
2026-07-06 22:55:00;M5;30;21;4163,59362;4163,71000;UP
2026-07-06 23:05:00;M5;30;21;4165,65306;4161,68000;DOWN
2026-07-07 02:05:00;M5;30;34;4164,65818;4164,15000;DOWN
2026-07-07 03:10:00;M5;30;55;4156,27721;4155,95000;DOWN
2026-07-07 03:55:00;M5;30;89;4148,99702;4145,96000;DOWN
2026-07-07 06:05:00;M5;30;21;4137,64527;4138,40000;UP
2026-07-07 06:35:00;M5;30;21;4133,37978;4132,48000;DOWN
2026-07-07 07:05:00;M5;30;21;4129,86798;4139,66000;UP
2026-07-07 07:55:00;M5;30;21;4126,74329;4126,66000;DOWN
2026-07-07 08:05:00;M5;30;21;4124,42185;4125,99000;UP
2026-07-07 08:35:00;M5;30;21;4122,50143;4120,05000;DOWN
2026-07-07 09:05:00;M5;30;21;4121,31614;4123,00000;UP
2026-07-07 09:35:00;M5;30;34;4126,30381;4128,11000;UP
2026-07-07 11:10:00;M5;30;55;4132,96921;4136,92000;UP
2026-07-07 11:35:00;M5;30;89;4135,54016;4131,88000;DOWN
2026-07-07 12:05:00;M5;30;21;4124,56179;4126,54000;UP
2026-07-07 12:35:00;M5;30;55;4127,67763;4129,29000;UP
2026-07-07 13:05:00;M5;30;89;4132,80857;4133,56000;UP
2026-07-07 16:55:00;M5;30;21;4164,12044;4158,53000;DOWN
2026-07-07 17:30:00;M5;30;34;4152,20844;4151,27000;DOWN
2026-07-07 17:45:00;M5;30;34;4155,59815;4156,50000;UP
2026-07-07 18:05:00;M5;30;34;4157,52106;4153,34000;DOWN
2026-07-07 18:50:00;M5;30;89;4138,85132;4137,93000;DOWN
2026-07-07 19:25:00;M5;30;55;4144,52408;4146,10000;UP
2026-07-07 19:35:00;M5;30;55;4145,50816;4144,36000;DOWN
2026-07-07 20:40:00;M5;30;55;4147,08114;4147,09000;UP
2026-07-07 21:30:00;M5;30;89;4140,17158;4138,94000;DOWN
2026-07-07 21:35:00;M5;30;21;4140,56846;4141,32000;UP
2026-07-07 22:05:00;M5;30;89;4139,38803;4111,22000;DOWN
2026-07-08 01:35:00;M5;30;21;4100,74984;4102,53000;UP
2026-07-08 03:15:00;M5;30;34;4102,94804;4103,26000;UP
2026-07-08 03:35:00;M5;30;55;4119,33182;4122,76000;UP
2026-07-08 04:05:00;M5;30;55;4116,16559;4104,02000;DOWN
2026-07-08 05:05:00;M5;30;55;4110,98265;4116,68000;UP
2026-07-08 05:45:00;M5;30;89;4118,48464;4116,73000;DOWN
2026-07-08 06:05:00;M5;30;89;4117,61847;4127,16000;UP
2026-07-08 08:10:00;M5;30;21;4125,87624;4125,86000;DOWN
2026-07-08 08:40:00;M5;30;21;4128,15996;4128,19000;UP
2026-07-08 09:05:00;M5;30;21;4130,15554;4125,67000;DOWN
2026-07-08 10:05:00;M5;30;34;4121,30643;4120,60000;DOWN
2026-07-08 10:40:00;M5;30;34;4123,12800;4127,12000;UP
2026-07-08 11:15:00;M5;30;89;4114,58626;4088,72000;DOWN
2026-07-08 13:40:00;M5;30;21;4055,45942;4057,20000;UP
2026-07-08 15:05:00;M5;30;34;4062,68191;4069,27000;UP
2026-07-08 15:40:00;M5;30;55;4074,10637;4078,00000;UP
2026-07-08 16:25:00;M5;30;55;4071,05485;4066,70000;DOWN
2026-07-08 16:35:00;M5;30;55;4068,42677;4079,06000;UP
2026-07-08 17:05:00;M5;30;55;4065,85257;4063,64000;DOWN
2026-07-08 17:35:00;M5;30;34;4047,54324;4043,01000;DOWN
2026-07-08 19:05:00;M5;30;34;4036,33624;4039,30000;UP
2026-07-08 19:35:00;M5;30;21;4043,34086;4045,00000;UP
2026-07-08 23:10:00;M5;30;21;4079,54306;4078,95000;DOWN
2026-07-09 02:35:00;M5;30;34;4076,46734;4076,27000;DOWN
2026-07-09 03:10:00;M5;30;21;4083,51237;4087,53000;UP
2026-07-09 03:35:00;M5;30;34;4080,58737;4079,21000;DOWN
2026-07-09 05:10:00;M5;30;21;4075,64594;4078,41000;UP
2026-07-09 05:55:00;M5;30;55;4067,46905;4065,00000;DOWN
2026-07-09 07:35:00;M5;30;21;4062,59966;4063,77000;UP
2026-07-09 08:10:00;M5;30;34;4069,93996;4073,46000;UP
2026-07-09 11:45:00;M5;30;21;4110,37294;4109,65000;DOWN
2026-07-09 13:10:00;M5;30;34;4105,27813;4105,01000;DOWN
2026-07-09 13:50:00;M5;30;55;4098,27894;4097,23000;DOWN
2026-07-09 14:05:00;M5;30;55;4100,29191;4102,46000;UP
2026-07-09 15:05:00;M5;30;21;4111,94827;4115,44000;UP
2026-07-09 15:40:00;M5;30;34;4114,57602;4113,15000;DOWN
2026-07-09 16:05:00;M5;30;21;4111,50927;4116,20000;UP
2026-07-09 16:50:00;M5;30;34;4118,73878;4118,73000;DOWN
2026-07-09 17:05:00;M5;30;34;4120,79815;4126,27000;UP
2026-07-09 17:45:00;M5;30;34;4122,84416;4119,52000;DOWN
2026-07-09 18:05:00;M5;30;21;4123,51920;4126,65000;UP
2026-07-09 19:00:00;M5;30;34;4126,41852;4125,75000;DOWN
2026-07-09 19:10:00;M5;30;21;4129,91948;4130,16000;UP
2026-07-09 19:55:00;M5;30;34;4129,76557;4127,99000;DOWN
2026-07-09 20:25:00;M5;30;34;4131,33605;4131,58000;UP
2026-07-09 20:05:00;M5;30;55;4129,25934;4127,82000;DOWN
2026-07-09 20:45:00;M5;30;21;4136,01922;4136,18000;UP
2026-07-09 20:40:00;M5;30;34;4133,10332;4132,20000;DOWN
2026-07-09 21:05:00;M5;30;55;4133,51306;4130,47000;DOWN
2026-07-09 22:25:00;M5;30;89;4121,47974;4120,89000;DOWN
2026-07-10 01:35:00;M5;30;21;4122,99882;4123,99000;UP
2026-07-10 02:30:00;M5;30;21;4121,79948;4121,53000;DOWN
2026-07-10 02:35:00;M5;30;21;4121,03909;4122,82000;UP
2026-07-10 03:20:00;M5;30;21;4120,39030;4119,10000;DOWN
2026-07-10 03:40:00;M5;30;21;4120,61706;4123,08000;UP
2026-07-10 04:10:00;M5;30;34;4125,08789;4124,98000;DOWN
2026-07-10 05:05:00;M5;30;21;4120,88481;4124,82000;UP
2026-07-10 06:20:00;M5;30;34;4122,78222;4122,31000;DOWN
2026-07-10 06:35:00;M5;30;34;4122,59488;4122,98000;UP
2026-07-10 07:05:00;M5;30;34;4122,20551;4117,82000;DOWN
2026-07-10 09:05:00;M5;30;21;4116,89789;4117,72000;UP
2026-07-10 09:35:00;M5;30;34;4117,32695;4115,48000;DOWN
2026-07-10 10:15:00;M5;30;21;4113,65403;4114,10000;UP
2026-07-10 10:35:00;M5;30;21;4111,78470;4111,72000;DOWN
2026-07-10 12:40:00;M5;30;21;4101,99594;4102,83000;UP
2026-07-10 14:25:00;M5;30;34;4103,00989;4100,20000;DOWN
2026-07-10 14:40:00;M5;30;21;4099,99295;4106,67000;UP
2026-07-10 15:10:00;M5;30;55;4106,23928;4114,99000;UP
2026-07-10 15:35:00;M5;30;55;4105,00846;4101,29000;DOWN
2026-07-10 16:05:00;M5;30;21;4098,69234;4105,61000;UP
2026-07-10 16:35:00;M5;30;55;4101,92738;4097,45000;DOWN
2026-07-10 17:05:00;M5;30;21;4097,57492;4100,34000;UP
2026-07-10 17:35:00;M5;30;55;4099,35306;4095,66000;DOWN
2026-07-10 18:05:00;M5;30;21;4096,82708;4098,51000;UP
2026-07-10 18:55:00;M5;30;89;4110,44117;4112,93000;UP
2026-07-10 19:45:00;M5;30;89;4108,42804;4107,60000;DOWN
2026-07-10 20:20:00;M5;30;21;4105,20691;4105,70000;UP
2026-07-10 20:55:00;M5;30;34;4100,95748;4100,59000;DOWN
2026-07-10 21:05:00;M5;30;34;4101,48079;4103,15000;UP
2026-07-10 21:35:00;M5;30;34;4101,71961;4099,74000;DOWN
2026-07-10 22:15:00;M5;30;34;4101,89421;4102,71000;UP
2026-07-10 22:50:00;M5;30;21;4105,22588;4105,79000;UP
2026-07-10 22:35:00;M5;30;34;4102,40569;4102,10000;DOWN
2026-07-10 23:05:00;M5;30;34;4103,34235;4111,46000;UP
2026-07-13 01:05:00;M5;30;89;4102,34044;4090,42000;DOWN
2026-07-13 03:05:00;M5;30;21;4085,17648;4088,41000;UP
2026-07-13 03:35:00;M5;30;21;4080,05893;4069,21000;DOWN
2026-07-13 04:05:00;M5;30;21;4076,10231;4077,39000;UP
2026-07-13 04:35:00;M5;30;34;4083,46361;4087,38000;UP
2026-07-13 04:55:00;M5;30;21;4072,27938;4072,13000;DOWN
2026-07-13 05:05:00;M5;30;21;4068,54857;4073,21000;UP
2026-07-13 05:05:00;M5;30;34;4079,84696;4073,21000;DOWN
2026-07-13 06:00:00;M5;30;21;4065,49466;4064,46000;DOWN
2026-07-13 07:35:00;M5;30;21;4055,80806;4056,54000;UP
2026-07-13 08:05:00;M5;30;34;4058,28019;4070,90000;UP
2026-07-13 08:35:00;M5;30;55;4066,96072;4063,41000;DOWN
2026-07-13 09:05:00;M5;30;21;4051,71243;4052,87000;UP
2026-07-13 09:35:00;M5;30;55;4061,49987;4062,49000;UP
2026-07-13 10:05:00;M5;30;55;4059,06979;4058,33000;DOWN
2026-07-13 10:35:00;M5;30;55;4057,05324;4060,17000;UP
2026-07-13 11:05:00;M5;30;89;4065,61670;4071,33000;UP
2026-07-13 13:10:00;M5;30;21;4068,98897;4067,63000;DOWN
2026-07-13 13:40:00;M5;30;89;4060,59692;4052,20000;DOWN
2026-07-13 14:05:00;M5;30;34;4060,12077;4064,98000;UP
2026-07-13 14:50:00;M5;30;89;4058,81100;4056,52000;DOWN
2026-07-13 15:20:00;M5;30;34;4060,74420;4062,14000;UP
2026-07-13 15:45:00;M5;30;21;4064,46106;4065,66000;UP
2026-07-13 15:35:00;M5;30;34;4061,30497;4060,89000;DOWN
2026-07-13 16:05:00;M5;30;34;4061,83658;4063,31000;UP
2026-07-13 16:10:00;M5;30;21;4063,27730;4061,85000;DOWN
2026-07-13 16:35:00;M5;30;89;4055,03115;4054,49000;DOWN
2026-07-13 20:15:00;M5;30;21;3998,93379;4001,03000;UP
2026-07-13 21:00:00;M5;30;21;3991,50468;3990,73000;DOWN
2026-07-13 21:05:00;M5;30;21;3985,99152;3991,95000;UP
2026-07-13 21:40:00;M5;30;34;3999,69366;4000,07000;UP
2026-07-13 23:55:00;M5;30;55;4000,87866;4001,97000;UP
2026-07-14 02:30:00;M5;30;21;3995,25144;3994,74000;DOWN
2026-07-14 02:45:00;M5;30;21;3997,08169;3997,23000;UP
2026-07-14 03:30:00;M5;30;89;4000,09760;4004,90000;UP
2026-07-14 03:15:00;M5;30;55;3988,34813;3987,83000;DOWN
2026-07-14 03:35:00;M5;30;21;3998,90349;4003,45000;UP
2026-07-14 04:05:00;M5;30;89;3996,17208;3995,00000;DOWN
2026-07-14 04:40:00;M5;30;21;4000,71543;4002,02000;UP
2026-07-14 07:05:00;M5;30;21;4015,43335;4015,11000;DOWN
2026-07-14 07:35:00;M5;30;21;4017,97483;4021,82000;UP
2026-07-14 09:25:00;M5;30;21;4026,20074;4022,91000;DOWN
2026-07-14 10:40:00;M5;30;34;4025,01296;4023,64000;DOWN
2026-07-14 13:45:00;M5;30;21;4020,67081;4021,65000;UP
2026-07-14 14:20:00;M5;30;34;4025,86707;4027,95000;UP
2026-07-14 14:05:00;M5;30;55;4018,58640;4016,21000;DOWN
2026-07-14 14:35:00;M5;30;21;4021,40840;4028,39000;UP
2026-07-14 15:05:00;M5;30;34;4026,63031;4025,75000;DOWN
2026-07-14 15:35:00;M5;30;34;4029,85112;4087,12000;UP
2026-07-14 18:30:00;M5;30;21;4083,43902;4081,39000;DOWN
2026-07-14 18:50:00;M5;30;34;4068,66296;4067,02000;DOWN
2026-07-14 19:35:00;M5;30;55;4062,53437;4059,98000;DOWN
2026-07-14 22:35:00;M5;30;89;4051,05671;4051,05000;DOWN
2026-07-14 23:05:00;M5;30;89;4053,03231;4054,55000;UP
2026-07-14 23:35:00;M5;30;89;4054,81760;4050,42000;DOWN
2026-07-15 01:05:00;M5;30;21;4050,52872;4051,66000;UP
2026-07-15 02:10:00;M5;30;21;4047,87729;4047,56000;DOWN
2026-07-15 02:35:00;M5;30;21;4047,59954;4053,53000;UP
2026-07-15 03:25:00;M5;30;34;4056,64397;4058,15000;UP
2026-07-15 03:35:00;M5;30;34;4055,27676;4054,19000;DOWN
2026-07-15 04:05:00;M5;30;34;4054,28655;4056,35000;UP
2026-07-15 04:30:00;M5;30;21;4051,73410;4050,81000;DOWN
2026-07-15 04:35:00;M5;30;34;4052,60900;4046,29000;DOWN
2026-07-15 07:15:00;M5;30;21;4033,51003;4034,03000;UP
2026-07-15 07:40:00;M5;30;21;4030,80901;4030,20000;DOWN
2026-07-15 08:05:00;M5;30;21;4027,91377;4031,01000;UP
2026-07-15 08:55:00;M5;30;34;4031,45075;4034,79000;UP
2026-07-15 09:10:00;M5;30;34;4029,54236;4027,56000;DOWN
2026-07-15 09:35:00;M5;30;34;4028,02398;4029,13000;UP
2026-07-15 10:20:00;M5;30;34;4026,43158;4026,03000;DOWN
2026-07-15 10:45:00;M5;30;21;4023,50084;4024,62000;UP
2026-07-15 11:05:00;M5;30;34;4023,46518;4022,44000;DOWN
2026-07-15 11:35:00;M5;30;21;4023,54546;4026,41000;UP
2026-07-15 12:25:00;M5;30;55;4028,84461;4027,39000;DOWN
2026-07-15 12:45:00;M5;30;55;4027,34836;4028,45000;UP
2026-07-15 15:30:00;M5;30;89;4040,62171;4054,20000;UP
2026-07-15 17:40:00;M5;30;21;4059,76063;4057,22000;DOWN
2026-07-15 18:10:00;M5;30;34;4049,56978;4044,08000;DOWN
2026-07-15 19:10:00;M5;30;89;4040,29555;4038,28000;DOWN
2026-07-15 20:30:00;M5;30;21;4052,28734;4054,85000;UP
2026-07-15 22:15:00;M5;30;34;4059,47888;4056,72000;DOWN
2026-07-15 23:00:00;M5;30;21;4057,64215;4058,00000;UP
2026-07-15 22:35:00;M5;30;55;4051,17205;4050,44000;DOWN
2026-07-15 23:05:00;M5;30;55;4053,31809;4056,90000;UP
2026-07-15 23:05:00;M5;30;21;4058,92444;4056,90000;DOWN
2026-07-15 23:35:00;M5;30;21;4060,38885;4062,91000;UP
2026-07-16 01:20:00;M5;30;34;4062,42092;4061,99000;DOWN
2026-07-16 02:15:00;M5;30;55;4060,12312;4059,02000;DOWN
2026-07-16 03:55:00;M5;30;89;4050,86270;4044,61000;DOWN
2026-07-16 06:35:00;M5;30;21;4032,71221;4033,35000;UP
2026-07-16 09:05:00;M5;30;34;4030,30324;4034,83000;UP
2026-07-16 09:35:00;M5;30;34;4028,24461;4026,67000;DOWN
2026-07-16 10:05:00;M5;30;34;4026,26419;4029,25000;UP
2026-07-16 10:30:00;M5;30;21;4024,41932;4024,04000;DOWN
2026-07-16 10:35:00;M5;30;21;4024,63359;4025,20000;UP
2026-07-16 11:35:00;M5;30;55;4033,38382;4033,48000;UP
2026-07-16 12:30:00;M5;30;55;4031,90186;4031,71000;DOWN
2026-07-16 12:35:00;M5;30;55;4030,56793;4033,19000;UP
2026-07-16 13:45:00;M5;30;21;4031,24421;4030,89000;DOWN
2026-07-16 14:15:00;M5;30;55;4027,25282;4026,35000;DOWN
2026-07-16 14:40:00;M5;30;21;4031,41971;4034,88000;UP
2026-07-16 15:05:00;M5;30;89;4036,44723;4033,28000;DOWN
2026-07-16 17:40:00;M5;30;21;4000,34156;4004,72000;UP
2026-07-16 18:20:00;M5;30;34;4007,68860;4007,69000;UP
2026-07-16 18:05:00;M5;30;21;3997,09572;3995,22000;DOWN
2026-07-16 18:35:00;M5;30;21;3995,61054;4014,09000;UP
2026-07-16 18:50:00;M5;30;55;4009,05163;4009,05000;DOWN
2026-07-16 19:10:00;M5;30;21;3993,16782;3989,89000;DOWN
2026-07-16 19:35:00;M5;30;21;3990,68977;3991,08000;UP
2026-07-16 20:05:00;M5;30;21;3988,09375;3987,78000;DOWN
2026-07-16 20:50:00;M5;30;21;3985,74587;3986,47000;UP
2026-07-16 21:30:00;M5;30;21;3984,05071;3979,24000;DOWN
2026-07-16 21:40:00;M5;30;21;3982,17877;3983,07000;UP
2026-07-16 22:05:00;M5;30;34;3982,47530;3982,64000;UP
2026-07-16 22:25:00;M5;30;21;3980,01211;3978,83000;DOWN
2026-07-16 22:50:00;M5;30;21;3977,91549;3981,41000;UP
2026-07-16 22:35:00;M5;30;34;3979,60039;3975,16000;DOWN
2026-07-16 23:10:00;M5;30;21;3975,50966;3974,93000;DOWN
2026-07-16 23:35:00;M5;30;21;3973,54741;3975,09000;UP
2026-07-17 01:55:00;M5;30;55;3977,13368;3978,32000;UP
2026-07-17 02:55:00;M5;30;89;3985,41162;3985,89000;UP
2026-07-17 03:10:00;M5;30;89;3983,39418;3983,34000;DOWN
2026-07-17 03:40:00;M5;30;89;3981,66967;3982,01000;UP
2026-07-17 04:50:00;M5;30;21;3983,65231;3979,99000;DOWN
2026-07-17 05:30:00;M5;30;89;3977,60193;3977,58000;DOWN
2026-07-17 06:00:00;M5;30;21;3985,68351;3988,99000;UP
2026-07-17 05:35:00;M5;30;34;3976,93300;3973,45000;DOWN
2026-07-17 06:05:00;M5;30;34;3978,82286;3990,25000;UP
2026-07-17 07:00:00;M5;30;21;3989,59892;3989,50000;DOWN
2026-07-17 07:35:00;M5;30;34;3984,04818;3983,52000;DOWN
2026-07-17 08:45:00;M5;30;21;3987,53025;3987,95000;UP
2026-07-17 10:55:00;M5;30;21;3994,54491;3992,67000;DOWN
2026-07-17 11:05:00;M5;30;21;3995,14137;3997,49000;UP
2026-07-17 11:15:00;M5;30;34;3993,11832;3990,02000;DOWN
2026-07-17 11:45:00;M5;30;34;3993,95537;3998,51000;UP
2026-07-17 11:35:00;M5;30;21;3995,51555;3989,05000;DOWN
2026-07-17 12:10:00;M5;30;21;3996,43114;3997,87000;UP
2026-07-17 12:40:00;M5;30;34;3995,79735;3995,69000;DOWN
2026-07-17 13:10:00;M5;30;34;3996,67104;3997,25000;UP
2026-07-17 13:35:00;M5;30;34;3997,14155;3995,94000;DOWN
2026-07-17 14:50:00;M5;30;21;3996,94998;3998,58000;UP
2026-07-17 15:00:00;M5;30;55;3991,76735;3990,34000;DOWN
2026-07-17 15:05:00;M5;30;34;3997,20636;3990,85000;DOWN
2026-07-17 15:40:00;M5;30;89;3977,53276;3969,59000;DOWN
2026-07-17 16:35:00;M5;30;21;3983,23983;3993,69000;UP
2026-07-17 20:10:00;M5;30;21;4013,58824;4013,32000;DOWN
2026-07-17 21:40:00;M5;30;34;4010,76738;4008,16000;DOWN
2026-07-17 22:05:00;M5;30;55;4007,44211;4005,38000;DOWN
2026-07-17 22:50:00;M5;30;34;4013,77703;4015,48000;UP
2026-07-17 23:15:00;M5;30;55;4009,89219;4009,23000;DOWN
2026-07-17 23:55:00;M5;30;21;4017,40314;4017,53000;UP
2026-07-20 01:05:00;M5;30;89;4000,91822;3997,67000;DOWN
2026-07-20 03:15:00;M5;30;21;3998,82027;3999,89000;UP
2026-07-20 03:55:00;M5;30;34;4008,05965;4008,46000;UP
2026-07-20 03:35:00;M5;30;89;4004,16871;3999,91000;DOWN
2026-07-20 04:05:00;M5;30;89;4004,61415;4016,51000;UP
2026-07-20 04:10:00;M5;30;55;4009,99171;4009,98000;DOWN
2026-07-20 05:00:00;M5;30;34;4005,45768;4008,11000;UP
2026-07-20 04:35:00;M5;30;89;4005,01195;4001,95000;DOWN
2026-07-20 05:05:00;M5;30;21;3998,87560;4007,38000;UP
2026-07-20 05:15:00;M5;30;34;4004,63175;4004,57000;DOWN
2026-07-20 05:35:00;M5;30;34;4004,89505;4013,02000;UP
2026-07-20 07:45:00;M5;30;21;4020,67566;4020,03000;DOWN
2026-07-20 08:25:00;M5;30;89;4011,59838;4010,87000;DOWN
2026-07-20 10:35:00;M5;30;21;4012,66241;4016,39000;UP
2026-07-20 15:00:00;M5;30;89;4019,69346;4014,35000;DOWN
2026-07-20 17:45:00;M5;30;21;4010,21758;4012,80000;UP
2026-07-20 18:05:00;M5;30;34;4014,43716;4019,45000;UP
2026-07-20 18:35:00;M5;30;55;4016,95536;4011,22000;DOWN
2026-07-20 19:05:00;M5;30;34;4012,87646;4017,31000;UP
2026-07-20 19:35:00;M5;30;55;4015,65637;4011,94000;DOWN
2026-07-20 20:05:00;M5;30;34;4011,42311;4011,73000;UP
2026-07-20 20:35:00;M5;30;34;4010,43423;4010,03000;DOWN
2026-07-20 21:05:00;M5;30;21;4007,65067;4009,53000;UP
2026-07-20 21:35:00;M5;30;34;4008,34698;4006,43000;DOWN
2026-07-20 22:15:00;M5;30;21;4007,77804;4008,16000;UP
2026-07-20 22:35:00;M5;30;55;4011,85378;4010,87000;DOWN
2026-07-20 23:20:00;M5;30;21;4007,80776;4008,25000;UP
2026-07-21 01:05:00;M5;30;34;4006,82733;4006,17000;DOWN
2026-07-21 01:35:00;M5;30;21;4007,08064;4007,89000;UP
2026-07-21 02:05:00;M5;30;55;4008,74240;4008,84000;UP
2026-07-21 02:10:00;M5;30;34;4005,99384;4003,02000;DOWN
2026-07-21 02:40:00;M5;30;21;4005,86814;4007,54000;UP
2026-07-21 02:35:00;M5;30;55;4008,05554;4004,94000;DOWN
2026-07-21 03:05:00;M5;30;55;4007,63206;4007,68000;UP
2026-07-21 07:35:00;M5;30;21;4048,30145;4046,04000;DOWN
2026-07-21 08:25:00;M5;30;21;4052,58369;4054,45000;UP
2026-07-21 10:10:00;M5;30;21;4073,47226;4072,08000;DOWN
2026-07-21 11:00:00;M5;30;34;4067,14613;4066,28000;DOWN
2026-07-21 12:35:00;M5;30;55;4063,64102;4062,44000;DOWN
2026-07-21 13:15:00;M5;30;55;4066,49602;4067,40000;UP
2026-07-21 13:35:00;M5;30;55;4068,99546;4068,84000;DOWN
2026-07-21 15:20:00;M5;30;21;4063,41993;4065,05000;UP
2026-07-21 15:35:00;M5;30;89;4058,29327;4055,07000;DOWN
2026-07-21 16:10:00;M5;30;21;4057,93551;4059,78000;UP
2026-07-21 16:35:00;M5;30;21;4055,53887;4052,81000;DOWN
2026-07-21 17:10:00;M5;30;21;4055,22276;4065,84000;UP
2026-07-21 17:35:00;M5;30;34;4065,46280;4064,54000;DOWN
2026-07-21 18:05:00;M5;30;34;4065,28607;4069,17000;UP
2026-07-21 18:40:00;M5;30;55;4076,45812;4075,78000;DOWN
2026-07-21 19:10:00;M5;30;55;4077,12329;4078,42000;UP
2026-07-21 20:00:00;M5;30;89;4070,58227;4070,22000;DOWN
2026-07-21 20:35:00;M5;30;34;4069,50622;4069,35000;DOWN
2026-07-21 21:20:00;M5;30;21;4076,73332;4081,22000;UP
2026-07-21 22:05:00;M5;30;21;4081,54390;4081,39000;DOWN
2026-07-21 22:45:00;M5;30;21;4083,68347;4084,58000;UP
2026-07-21 23:05:00;M5;30;21;4085,09113;4085,08000;DOWN
2026-07-21 23:35:00;M5;30;89;4083,52868;4081,91000;DOWN
2026-07-22 01:25:00;M5;30;34;4082,68331;4082,74000;UP
2026-07-22 01:45:00;M5;30;55;4083,36684;4081,19000;DOWN
2026-07-22 03:05:00;M5;30;21;4086,07830;4088,10000;UP
2026-07-22 06:50:00;M5;30;21;4131,64092;4131,07000;DOWN
2026-07-22 07:35:00;M5;30;34;4127,24551;4126,24000;DOWN
2026-07-22 09:00:00;M5;30;34;4133,53823;4134,19000;UP
2026-07-22 09:25:00;M5;30;55;4125,06896;4117,46000;DOWN
2026-07-22 09:35:00;M5;30;89;4119,00092;4117,40000;DOWN
2026-07-22 12:05:00;M5;30;21;4117,59002;4120,06000;UP
2026-07-22 12:35:00;M5;30;21;4115,85495;4114,55000;DOWN
2026-07-22 13:05:00;M5;30;21;4114,94642;4116,11000;UP
2026-07-22 15:00:00;M5;30;34;4122,94612;4125,23000;UP
2026-07-22 14:40:00;M5;30;21;4115,61013;4115,10000;DOWN
2026-07-22 15:05:00;M5;30;21;4118,11802;4124,79000;UP
2026-07-22 15:35:00;M5;30;89;4133,38023;4127,11000;DOWN
2026-07-22 16:10:00;M5;30;21;4121,53002;4125,73000;UP
2026-07-22 19:10:00;M5;30;21;4155,69484;4154,40000;DOWN
2026-07-22 20:05:00;M5;30;89;4147,68638;4144,30000;DOWN
2026-07-23 02:40:00;M5;30;21;4123,32331;4123,68000;UP
2026-07-23 03:55:00;M5;30;34;4131,09317;4132,10000;UP
2026-07-23 04:35:00;M5;30;34;4128,27109;4123,05000;DOWN
2026-07-23 05:50:00;M5;30;21;4123,27838;4125,29000;UP
2026-07-23 07:00:00;M5;30;21;4124,04704;4123,56000;DOWN
2026-07-23 07:05:00;M5;30;21;4124,98716;4125,29000;UP
2026-07-23 07:45:00;M5;30;34;4122,39726;4121,81000;DOWN
2026-07-23 08:25:00;M5;30;21;4124,59547;4125,46000;UP
2026-07-23 08:55:00;M5;30;21;4124,19867;4124,02000;DOWN
2026-07-23 09:15:00;M5;30;21;4123,60778;4126,83000;UP
2026-07-23 09:35:00;M5;30;55;4125,45779;4120,84000;DOWN
2026-07-23 12:45:00;M5;30;21;4092,53832;4093,33000;UP
2026-07-23 13:20:00;M5;30;21;4088,23301;4087,64000;DOWN
2026-07-23 13:35:00;M5;30;21;4085,24501;4089,93000;UP
2026-07-23 14:30:00;M5;30;21;4082,56789;4080,80000;DOWN
2026-07-23 14:45:00;M5;30;21;4080,56704;4081,75000;UP
2026-07-23 15:15:00;M5;30;21;4078,16020;4077,86000;DOWN
2026-07-23 17:35:00;M5;30;21;4052,17867;4059,07000;UP
2026-07-23 18:25:00;M5;30;21;4047,83612;4046,88000;DOWN
2026-07-23 18:35:00;M5;30;21;4044,31802;4049,24000;UP
2026-07-23 19:05:00;M5;30;34;4047,23995;4048,55000;UP
2026-07-23 21:30:00;M5;30;55;4044,95568;4045,42000;UP
2026-07-24 01:05:00;M5;30;89;4048,90363;4049,03000;UP
2026-07-24 02:15:00;M5;30;21;4047,81742;4047,23000;DOWN
2026-07-24 02:45:00;M5;30;21;4048,48201;4048,51000;UP
2026-07-24 03:05:00;M5;30;21;4048,66661;4045,65000;DOWN
2026-07-24 03:40:00;M5;30;21;4048,84031;4049,21000;UP
2026-07-24 04:10:00;M5;30;34;4042,54999;4042,41000;DOWN
2026-07-24 04:40:00;M5;30;21;4047,25682;4049,96000;UP
2026-07-24 05:05:00;M5;30;21;4046,44606;4044,84000;DOWN
2026-07-24 05:45:00;M5;30;89;4031,75647;4026,38000;DOWN
2026-07-24 06:10:00;M5;30;55;4030,34740;4031,80000;UP
2026-07-24 06:50:00;M5;30;55;4029,82432;4029,78000;DOWN
2026-07-24 07:05:00;M5;30;55;4029,21939;4029,27000;UP
2026-07-24 07:35:00;M5;30;55;4028,49894;4027,10000;DOWN
2026-07-24 08:05:00;M5;30;21;4026,69386;4028,96000;UP
2026-07-24 08:35:00;M5;30;55;4026,76914;4026,10000;DOWN
2026-07-24 09:05:00;M5;30;21;4023,28801;4027,21000;UP
2026-07-24 13:35:00;M5;30;21;4061,56849;4060,03000;DOWN
2026-07-24 14:50:00;M5;30;34;4053,83620;4052,67000;DOWN
2026-07-24 15:05:00;M5;30;34;4056,61345;4056,76000;UP
2026-07-24 15:35:00;M5;30;34;4058,85649;4055,66000;DOWN
2026-07-24 16:05:00;M5;30;55;4047,88587;4046,50000;DOWN
2026-07-24 16:55:00;M5;30;21;4062,83404;4067,58000;UP
2026-07-24 17:05:00;M5;30;34;4063,30363;4062,40000;DOWN
2026-07-24 17:55:00;M5;30;21;4063,18242;4063,26000;UP
2026-07-24 18:10:00;M5;30;34;4066,63112;4074,68000;UP
2026-07-24 18:05:00;M5;30;21;4064,96979;4063,25000;DOWN
2026-07-24 18:35:00;M5;30;21;4067,59366;4077,94000;UP
2026-07-24 19:35:00;M5;30;34;4072,24915;4067,99000;DOWN
2026-07-24 20:10:00;M5;30;55;4065,66497;4064,14000;DOWN
2026-07-24 20:35:00;M5;30;55;4067,53931;4067,98000;UP
2026-07-24 21:05:00;M5;30;55;4068,83026;4063,02000;DOWN
