datetime;open;close;hma8;hma13;hma21;hma34;hma55;hma89;hma116;hma144;hma188;hma233;hma377;atr;adx;choppiness;fast_hma_spread;fast_hma_spread_atr;trend;event;lateral_filter;lateral_filter_reasons;reversal_cooldown_bars_remaining;last_reversal_fast_hmas_crossed;fast_hma_alignment;fast_hma_up_count;fast_hma_down_count;fast_hma_aligned_up;fast_hma_aligned_down;crossed_hmas;up_touched_hmas;down_touched_hmas;crossed_all_up;crossed_all_down;crossed_history;crossed_up;crossed_down;crossed_free_up;crossed_free_down;possivel_reversa;hma8_dir;hma8_angle_degrees;hma8_angle_percent;hma13_dir;hma13_angle_degrees;hma13_angle_percent;hma21_dir;hma21_angle_degrees;hma21_angle_percent
2026-04-20 00:00:00;4775,44000;4779,22000;;;;;;;;;;;;;;;;;NEUTRAL;;False;;0;;HMA8:FLAT|HMA13:FLAT|HMA21:FLAT;0;0;False;False;;;;;;;;;;;False;FLAT;0,00000;0.0%;FLAT;0,00000;0.0%;FLAT;0,00000;0.0%
2026-04-20 02:00:00;4779,25000;4772,25000;;;;;;;;;;;;;;;;;NEUTRAL;;False;;0;;HMA8:FLAT|HMA13:FLAT|HMA21:FLAT;0;0;False;False;;;;;;;;;;;False;FLAT;0,00000;0.0%;FLAT;0,00000;0.0%;FLAT;0,00000;0.0%
2026-04-20 04:00:00;4772,23000;4797,16000;;;;;;;;;;;;;;;;;NEUTRAL;;False;;0;;HMA8:FLAT|HMA13:FLAT|HMA21:FLAT;0;0;False;False;;;;;;;;;;;False;FLAT;0,00000;0.0%;FLAT;0,00000;0.0%;FLAT;0,00000;0.0%
2026-04-20 06:00:00;4797,08000;4788,85000;;;;;;;;;;;;;;;;;NEUTRAL;;False;;0;;HMA8:FLAT|HMA13:FLAT|HMA21:FLAT;0;0;False;False;;;;;;;;;;;False;FLAT;0,00000;0.0%;FLAT;0,00000;0.0%;FLAT;0,00000;0.0%
2026-04-20 08:00:00;4788,89000;4795,38000;;;;;;;;;;;;;;;;;NEUTRAL;;False;;0;;HMA8:FLAT|HMA13:FLAT|HMA21:FLAT;0;0;False;False;;;;;;;;;;;False;FLAT;0,00000;0.0%;FLAT;0,00000;0.0%;FLAT;0,00000;0.0%
2026-04-20 10:00:00;4796,40000;4796,24000;;;;;;;;;;;;;;;;;NEUTRAL;;False;;0;;HMA8:FLAT|HMA13:FLAT|HMA21:FLAT;0;0;False;False;;;;;;;;;;;False;FLAT;0,00000;0.0%;FLAT;0,00000;0.0%;FLAT;0,00000;0.0%
2026-04-20 12:00:00;4796,21000;4795,76000;;;;;;;;;;;;;;;;;NEUTRAL;;False;;0;;HMA8:FLAT|HMA13:FLAT|HMA21:FLAT;0;0;False;False;;;;;;;;;;;False;FLAT;0,00000;0.0%;FLAT;0,00000;0.0%;FLAT;0,00000;0.0%
2026-04-20 14:00:00;4795,75000;4803,41000;;;;;;;;;;;;;;;;;NEUTRAL;;False;;0;;HMA8:FLAT|HMA13:FLAT|HMA21:FLAT;0;0;False;False;;;;;;;;;;;False;FLAT;0,00000;0.0%;FLAT;0,00000;0.0%;FLAT;0,00000;0.0%
2026-04-20 16:00:00;4804,03000;4805,34000;4804,64200;;;;;;;;;;;;;;0,00000;;UPTREND;REVERSAL_TO_HMA8;False;;0;8;HMA8:FLAT|HMA13:FLAT|HMA21:FLAT;0;0;False;False;;;;8;;;8;;8;;False;FLAT;0,00000;0.0%;FLAT;0,00000;0.0%;FLAT;0,00000;0.0%
2026-04-20 18:00:00;4805,73000;4805,53000;4806,80572;;;;;;;;;;;;;;0,00000;;DOWNTREND;REVERSAL_TO_HMA8;False;;0;8;HMA8:UP|HMA13:FLAT|HMA21:FLAT;1;0;False;False;;;;;8;;;8;;8;False;UP;0,00000;0.0%;FLAT;0,00000;0.0%;FLAT;0,00000;0.0%
2026-04-20 20:00:00;4805,80000;4814,08000;4811,25485;;;;;;;;;;;;;;0,00000;;UPTREND;REVERSAL_TO_HMA8;False;;0;8;HMA8:UP|HMA13:FLAT|HMA21:FLAT;1;0;False;False;;;;8;;;8;;8;;False;UP;0,00000;0.0%;FLAT;0,00000;0.0%;FLAT;0,00000;0.0%
2026-04-20 22:00:00;4814,06000;4820,54000;4817,39843;;;;;;;;;;;;;;0,00000;;NEUTRAL;TREND_EXHAUSTED;False;;0;8;HMA8:UP|HMA13:FLAT|HMA21:FLAT;1;0;False;False;;;;8;;;8;;8;;False;UP;0,00000;0.0%;FLAT;0,00000;0.0%;FLAT;0,00000;0.0%
2026-04-21 00:00:00;4822,85000;4827,67000;4824,77070;;;;;;;;;;;;;;0,00000;;UPTREND;REVERSAL_TO_HMA8;False;;0;8;HMA8:UP|HMA13:FLAT|HMA21:FLAT;1;0;False;False;;;;8;;;8;;8;;False;UP;0,00000;0.0%;FLAT;0,00000;0.0%;FLAT;0,00000;0.0%
2026-04-21 02:00:00;4827,56000;4824,03000;4828,88615;;;;;;;;;;;26,31609;;46,18492;0,00000;0,00000;UPTREND;;False;;0;8;HMA8:UP|HMA13:FLAT|HMA21:FLAT;1;0;False;False;;;;8;8;;;8;;8;True;UP;11,85000;26.33%;FLAT;0,00000;0.0%;FLAT;0,00000;0.0%
2026-04-21 04:00:00;4824,31000;4806,86000;4822,54520;4825,94320;;;;;;;;;;26,02137;;44,55872;3,39800;0,13058;DOWNTREND;REVERSAL_TO_HMA8;False;;0;8;HMA8:DOWN|HMA13:FLAT|HMA21:FLAT;0;1;False;False;;;;;8;;;8;;8;False;DOWN;6,19000;13.76%;FLAT;0,00000;0.0%;FLAT;0,00000;0.0%
2026-04-21 06:00:00;4807,21000;4789,00000;4806,21024;4817,89744;;;;;;;;;;25,50985;;58,47455;11,68720;0,45814;DOWNTREND;;False;;0;8;HMA8:DOWN|HMA13:DOWN|HMA21:FLAT;0;2;False;True;8;;8;;8;8;;8;;8;False;DOWN;-6,26000;13.9%;DOWN;0,00000;0.0%;FLAT;0,00000;0.0%
2026-04-21 08:00:00;4789,24000;4778,51000;4786,91757;4804,40157;;;;;;;;;;25,28486;;57,58932;17,48399;0,69148;DOWNTREND;;False;;0;8;HMA8:DOWN|HMA13:DOWN|HMA21:FLAT;0;2;False;True;8;;8;;8;8;;8;;;False;DOWN;-20,52000;45.6%;DOWN;0,00000;0.0%;FLAT;0,00000;0.0%
2026-04-21 10:00:00;4778,07000;4785,97000;4776,50515;4791,90111;;;;;;;;;;24,91522;;57,65062;15,39596;0,61793;DOWNTREND;;False;;0;8;HMA8:DOWN|HMA13:DOWN|HMA21:FLAT;0;2;False;True;8;;8;8;8;8;8;;8;;True;DOWN;-27,73000;61.61%;DOWN;0,00000;0.0%;FLAT;0,00000;0.0%
2026-04-21 12:00:00;4786,25000;4789,75000;4776,72681;4783,46034;;;;;;;;;;23,82557;;56,71163;6,73352;0,28262;UPTREND;REVERSAL_TO_HMA13;False;;0;13;HMA8:UP|HMA13:DOWN|HMA21:FLAT;1;1;False;False;;;;13;;;13;;13;;False;UP;-25,68000;57.06%;DOWN;0,00000;0.0%;FLAT;0,00000;0.0%
2026-04-21 14:00:00;4789,80000;4778,73000;4777,61874;4777,10970;;;;;;;;;;24,34445;;54,74412;0,50904;0,02091;UPTREND;;False;;0;13;HMA8:UP|HMA13:DOWN|HMA21:FLAT;1;1;False;False;;;;13;13;;;13;;13;True;UP;-16,36000;36.36%;DOWN;0,00000;0.0%;FLAT;0,00000;0.0%
2026-04-21 16:00:00;4779,33000;4739,08000;4762,62617;4764,73346;;;;;;;;;;27,66985;;42,27759;2,10729;0,07616;DOWNTREND;REVERSAL_TO_HMA8;False;;2;8,13;HMA8:DOWN|HMA13:DOWN|HMA21:FLAT;0;2;False;True;;;;;8,13;8,13;;8,13;;8,13;False;DOWN;-12,38000;27.51%;DOWN;-20,24000;44.97%;FLAT;0,00000;0.0%
2026-04-21 18:00:00;4739,05000;4711,01000;4733,09946;4744,73067;;;;;;;;;;29,21629;;38,87045;11,63121;0,39811;DOWNTREND;;False;;1;8,13;HMA8:DOWN|HMA13:DOWN|HMA21:FLAT;0;2;False;True;8;;8;;8,13;8,13;;8;;;False;DOWN;-20,38000;45.28%;DOWN;-22,65000;50.34%;FLAT;0,00000;0.0%
2026-04-21 20:00:00;4711,10000;4709,46000;4707,27974;4723,35308;;;;;;;;;;29,24084;;33,72546;16,07334;0,54969;DOWNTREND;;False;;0;8,13;HMA8:DOWN|HMA13:DOWN|HMA21:FLAT;0;2;False;True;8;;8;;8,13;8,13;;8;;;False;DOWN;-30,70000;68.22%;DOWN;-24,80000;55.1%;FLAT;0,00000;0.0%
2026-04-21 22:00:00;4709,86000;4718,48000;4697,48835;4707,53054;4731,88292;;;;;;;;;30,74292;;31,32909;34,39457;1,11878;DOWNTREND;;False;;0;8,13;HMA8:DOWN|HMA13:DOWN|HMA21:FLAT;0;2;False;True;8;;8;13;8,13;8,13;13;;13;;True;DOWN;-33,09000;73.53%;DOWN;-24,58000;54.62%;FLAT;0,00000;0.0%
2026-04-22 00:00:00;4722,13000;4719,60000;4701,04378;4698,71973;4718,32834;;;;;;;;;29,54057;;31,45194;19,60860;0,66379;NEUTRAL;TREND_EXHAUSTED;False;;0;8,13;HMA8:UP|HMA13:DOWN|HMA21:DOWN;1;2;False;True;;;;;21;21;;21;;21;False;UP;-27,53000;61.17%;DOWN;-25,55000;56.78%;DOWN;0,00000;0.0%
2026-04-22 02:00:00;4719,44000;4739,82000;4717,47346;4700,54436;4710,89363;;;;;;;;;29,51624;;33,20331;16,92910;0,57355;NEUTRAL;;False;;0;8,13;HMA8:UP|HMA13:UP|HMA21:DOWN;2;1;True;False;;;;;21;21;;;;;False;UP;-7,54000;16.75%;UP;-23,38000;51.96%;DOWN;0,00000;0.0%
2026-04-22 04:00:00;4739,78000;4755,71000;4739,97520;4712,86614;4709,73716;;;;;;;;;29,02937;42,02312;34,44867;30,23804;1,04164;UPTREND;REVERSAL_TO_HMA8;False;;0;8;HMA8:UP|HMA13:UP|HMA21:DOWN;2;1;True;False;;;;8;;8;8;;8;;False;UP;15,73000;34.95%;UP;-16,58000;36.85%;DOWN;0,00000;0.0%
2026-04-22 06:00:00;4755,61000;4754,56000;4755,94926;4729,33056;4712,53901;;;;;;;;;27,87299;40,60949;35,93576;43,41025;1,55743;UPTREND;;False;;0;8;HMA8:UP|HMA13:UP|HMA21:UP;3;0;True;False;;;;8;8;8;;8;;8;True;UP;27,67000;61.49%;UP;-5,26000;11.69%;UP;0,00000;0.0%
2026-04-22 08:00:00;4754,59000;4767,66000;4768,09098;4746,89018;4719,27255;;;;;;;;;27,29777;38,90060;40,09772;48,81843;1,78837;UPTREND;;False;;0;8;HMA8:UP|HMA13:UP|HMA21:UP;3;0;True;False;8;8;;8;8;8;8;;;;False;UP;31,55000;70.11%;UP;8,18000;18.17%;UP;0,00000;0.0%
2026-04-22 10:00:00;4767,40000;4757,05000;4770,16098;4759,11363;4727,12516;;;;;;;;;26,80508;37,29516;42,99509;43,03582;1,60551;UPTREND;;False;;0;8;HMA8:UP|HMA13:UP|HMA21:UP;3;0;True;False;8;8;;8;8,13;8;;13;;13;True;UP;26,17000;58.15%;UP;17,78000;39.52%;UP;0,00000;0.0%
2026-04-22 12:00:00;4757,04000;4759,19000;4766,62776;4766,54823;4735,71073;;;;;;;;;26,07543;36,06312;42,44746;30,91703;1,18568;UPTREND;;False;;0;8;HMA8:DOWN|HMA13:UP|HMA21:UP;2;1;True;False;8,13;8,13;;8,13;8,13;8,13;13;;13;;False;DOWN;14,33000;31.85%;UP;23,44000;52.09%;UP;0,00000;0.0%
2026-04-22 14:00:00;4759,39000;4744,20000;4757,46731;4766,02021;4742,64179;;;;;;;;;25,49004;35,04743;42,23367;23,37843;0,91716;DOWNTREND;REVERSAL_TO_HMA8;False;;0;8;HMA8:DOWN|HMA13:DOWN|HMA21:UP;1;2;False;True;;;;;8;8;;8;;8;False;DOWN;0,85000;1.9%;DOWN;23,18000;51.5%;UP;0,00000;0.0%
2026-04-22 16:00:00;4744,24000;4735,90000;4744,30896;4759,25976;4746,56568;;;;;;;;;25,87289;34,63305;44,21799;14,95080;0,57786;DOWNTREND;ADVANCE_HMA21;False;;0;8;HMA8:DOWN|HMA13:DOWN|HMA21:UP;1;2;False;True;21;;21;;8,21;8;;21;;21;False;DOWN;-12,94000;28.76%;DOWN;16,64000;36.98%;UP;0,00000;0.0%
2026-04-22 18:00:00;4735,99000;4728,62000;4732,21328;4748,40753;4747,14461;;;;;;;;;25,17769;34,48040;43,87475;16,19425;0,64320;DOWNTREND;;False;;0;8;HMA8:DOWN|HMA13:DOWN|HMA21:UP;1;2;False;True;8,21;;8,21;;8,21;8;;8;;;False;DOWN;-20,65000;45.88%;DOWN;7,20000;15.99%;UP;3,47000;7.71%
2026-04-22 20:00:00;4728,67000;4741,73000;4729,61681;4740,22854;4746,58411;;;;;;;;;24,86571;33,67627;46,13208;16,96730;0,68236;DOWNTREND;;False;;0;8;HMA8:DOWN|HMA13:DOWN|HMA21:DOWN;0;3;False;True;8,21;;8,21;8,13;8,21;8;8,13;;8,13;;True;DOWN;-20,41000;45.36%;DOWN;-2,56000;5.68%;DOWN;6,48000;14.41%
2026-04-22 22:00:00;4741,75000;4739,24000;4732,44687;4735,29357;4745,08099;;;;;;;;;23,87387;32,92958;41,73966;12,63411;0,52920;NEUTRAL;TREND_EXHAUSTED;False;;0;8;HMA8:UP|HMA13:DOWN|HMA21:DOWN;1;2;False;True;;;;;13;13;;13;;13;False;UP;-14,68000;32.63%;DOWN;-9,44000;20.98%;DOWN;8,15000;18.11%
2026-04-23 00:00:00;4745,30000;4725,91000;4731,07504;4730,42290;4741,68725;;;;;;;;;23,61574;32,62597;40,59282;11,26435;0,47698;DOWNTREND;REVERSAL_TO_HMA8;False;;2;8,13,21;HMA8:DOWN|HMA13:DOWN|HMA21:DOWN;0;3;False;True;;;;;8,13,21;8,13,21;;8,13,21;;8,21;False;DOWN;-7,98000;17.72%;DOWN;-14,30000;31.78%;DOWN;7,70000;17.12%
2026-04-23 02:00:00;4726,02000;4748,05000;4736,41161;4730,98229;4739,77064;4728,60733;;;;;;;;26,18676;33,45069;52,49470;8,78835;0,33560;DOWNTREND;;False;;1;8,13,21;HMA8:UP|HMA13:UP|HMA21:DOWN;2;1;True;False;;;;8,13,21,34;8,13,21;8,13,21;8,13,21,34;;8,13,21,34;;False;UP;2,30000;5.1%;UP;-12,57000;27.94%;DOWN;5,94000;13.19%
2026-04-23 04:00:00;4747,83000;4698,80000;4724,56391;4724,59277;4733,61244;4727,88338;;;;;;;;28,01199;34,21650;56,83139;9,04853;0,32302;NEUTRAL;TREND_EXHAUSTED;False;;0;8,13,21;HMA8:DOWN|HMA13:DOWN|HMA21:DOWN;0;3;False;True;;;;;8,13,21,34;8,13,21,34;;8,13,21,34;;34;False;DOWN;-2,58000;5.74%;DOWN;-11,65000;25.9%;DOWN;2,93000;6.51%
2026-04-23 06:00:00;4698,79000;4704,34000;4708,59194;4716,00125;4725,89019;4725,88507;;;;;;;;26,75970;34,92761;54,74737;17,29825;0,64643;NEUTRAL;;False;;0;8,13,21;HMA8:DOWN|HMA13:DOWN|HMA21:DOWN;0;3;False;True;;;;;8,13,21,34;8,13,21,34;;;;;False;DOWN;-12,56000;27.92%;DOWN;-11,41000;25.36%;DOWN;-0,26000;0.59%
2026-04-23 08:00:00;4704,38000;4712,83000;4703,17519;4708,39503;4718,82368;4723,36175;;;;;;;;26,92615;34,59015;54,41867;15,64849;0,58116;NEUTRAL;;False;;0;8,13,21;HMA8:DOWN|HMA13:DOWN|HMA21:DOWN;0;3;False;True;;;;8,13;8,13,21,34;8,13,21,34;8,13;;8,13;;False;DOWN;-14,52000;32.27%;DOWN;-11,15000;24.77%;DOWN;-3,59000;7.97%
2026-04-23 10:00:00;4712,89000;4703,25000;4698,97783;4702,58782;4711,82583;4719,99511;;;;;;;;26,63143;33,99801;55,52076;12,84799;0,48244;NEUTRAL;;False;;0;8,13,21;HMA8:DOWN|HMA13:DOWN|HMA21:DOWN;0;3;False;True;;;;8,13;8,13,21,34;8,13,21,34;;13,21;;;False;DOWN;-19,36000;43.03%;DOWN;-11,57000;25.71%;DOWN;-6,60000;14.67%
2026-04-23 12:00:00;4703,17000;4696,60000;4696,53587;4697,00929;4705,40870;4715,66845;;;;;;;;26,11347;34,15505;51,98029;8,87283;0,33978;NEUTRAL;;False;;0;8,13,21;HMA8:DOWN|HMA13:DOWN|HMA21:DOWN;0;3;False;True;;;;8,13;8,13,21,34;8,13,21,34;;8,13;;;False;DOWN;-15,02000;33.38%;DOWN;-12,04000;26.75%;DOWN;-8,96000;19.9%
2026-04-23 14:00:00;4696,61000;4740,15000;4711,79733;4701,48110;4704,28908;4713,49155;;;;;;;;27,65108;31,92634;59,33597;10,31623;0,37309;UPTREND;REVERSAL_TO_HMA34;False;;2;8,13,21;HMA8:UP|HMA13:UP|HMA21:DOWN;2;1;True;False;;;;8,13,21,34;;8,13;8,13,21,34;;8,13,21,34;;False;UP;1,66000;3.69%;UP;-10,08000;22.41%;DOWN;-8,81000;19.58%
2026-04-23 16:00:00;4740,68000;4733,54000;4727,87111;4711,71683;4706,08985;4712,65867;;;;;;;;27,40743;29,85682;60,86151;21,78126;0,79472;UPTREND;;False;;1;8,13,21;HMA8:UP|HMA13:UP|HMA21:UP;3;0;True;False;;;;8,13,21,34;;8,13;;;;;False;UP;12,69000;28.21%;UP;-4,48000;9.95%;UP;-8,40000;18.68%
2026-04-23 18:00:00;4733,58000;4732,98000;4737,45720;4722,82171;4709,94882;4712,83957;;;;;;;;27,26261;28,00237;61,59845;27,50838;1,00901;UPTREND;;False;;0;8,13,21;HMA8:UP|HMA13:UP|HMA21:UP;3;0;True;False;;;;8,13,21,34;8;8,13;;8;;8;False;UP;19,44000;43.19%;UP;2,39000;5.31%;UP;-7,34000;16.32%
2026-04-23 20:00:00;4733,24000;4701,02000;4729,07183;4724,09464;4711,40512;4712,11624;;;;;;;;30,33528;28,21257;59,33666;17,66671;0,58238;UPTREND;;False;;0;8,13,21;HMA8:DOWN|HMA13:UP|HMA21:UP;2;1;True;False;;;;8,13,21,34;8,13,21,34;8,13;;8,13,21,34;;8,13,21,34;True;DOWN;15,01000;33.36%;UP;4,93000;10.96%;UP;-5,70000;12.67%
2026-04-23 22:00:00;4700,99000;4692,62000;4708,62589;4717,88173;4709,54381;4710,15973;;;;;;;;29,44991;28,40776;59,49538;9,25584;0,31429;UPTREND;;False;;0;8,13,21;HMA8:DOWN|HMA13:DOWN|HMA21:DOWN;0;3;False;True;;;;8,13,21,34;8,13,21,34;8,13;;;;;False;DOWN;-1,54000;3.43%;DOWN;4,95000;10.99%;DOWN;-5,86000;13.02%
2026-04-24 00:00:00;4702,16000;4693,24000;4692,64717;4708,36905;4706,31588;4707,16836;;;;;;;;28,23491;28,58901;58,75163;15,72189;0,55682;UPTREND;;False;;0;8,13,21;HMA8:DOWN|HMA13:DOWN|HMA21:DOWN;0;3;False;True;;;;8,13,21,34;8,13,21,34;8,13;;8;;8;False;DOWN;-17,32000;38.49%;DOWN;3,84000;8.52%;DOWN;-5,52000;12.27%
2026-04-24 02:00:00;4693,15000;4704,49000;4689,19189;4700,95739;4703,70956;4704,32196;;;;;;;;27,71242;28,42994;59,63328;14,51767;0,52387;UPTREND;;False;;0;8,13,21;HMA8:DOWN|HMA13:DOWN|HMA21:DOWN;0;3;False;True;13,21,34;13,21,34;;8,13,21,34;8,13,21,34;8,13;13,21,34;;21,34;;False;DOWN;-23,53000;52.29%;DOWN;-0,18000;0.4%;DOWN;-4,58000;10.17%
2026-04-24 04:00:00;4704,45000;4676,71000;4683,52974;4690,84166;4699,08954;4700,36179;;;;;;;;28,43153;28,74952;61,13899;15,55980;0,54727;DOWNTREND;REVERSAL_TO_HMA13;False;;2;8,13,21;HMA8:DOWN|HMA13:DOWN|HMA21:DOWN;0;3;False;True;;;;;8,13,21,34;8,13,21,34;;8,13,21,34;;13,21,34;False;DOWN;-21,82000;48.5%;DOWN;-6,98000;15.5%;DOWN;-3,97000;8.82%
2026-04-24 06:00:00;4676,77000;4674,40000;4676,41141;4680,40283;4693,03934;4695,80127;;;;;;;;27,87357;29,51435;56,63899;16,62794;0,59655;DOWNTREND;;False;;1;8,13,21;HMA8:DOWN|HMA13:DOWN|HMA21:DOWN;0;3;False;True;8;;8;;8,13,21,34;8,13,21,34;;8;;;False;DOWN;-16,12000;35.81%;DOWN;-14,23000;31.63%;DOWN;-3,86000;8.57%
2026-04-24 08:00:00;4674,71000;4671,90000;4670,53346;4671,83906;4685,81937;4690,86531;;;;;;;;27,40045;29,61451;56,54175;15,28590;0,55787;DOWNTREND;;False;;0;8,13,21;HMA8:DOWN|HMA13:DOWN|HMA21:DOWN;0;3;False;True;8,13;;8,13;;8,13,21,34;8,13,21,34;;8,13;;;False;DOWN;-11,41000;25.35%;DOWN;-17,63000;39.18%;DOWN;-4,09000;9.09%
2026-04-24 10:00:00;4671,79000;4690,71000;4673,72909;4670,53400;4680,16714;4686,87151;;;;;;;;27,33256;29,13967;58,10071;9,63314;0,35244;DOWNTREND;;False;;0;8,13,21;HMA8:UP|HMA13:DOWN|HMA21:DOWN;1;2;False;True;8,13;;8,13;8,13,21,34;8,13,21,34;8,13,21,34;8,13,21,34;;8,13,21,34;;True;UP;-8,05000;17.89%;DOWN;-16,10000;35.79%;DOWN;-5,04000;11.21%
2026-04-24 12:00:00;4690,75000;4677,83000;4677,49269;4670,63769;4675,49886;4683,06796;;;;;;;;26,95381;28,69876;57,41943;6,85499;0,25432;NEUTRAL;TREND_EXHAUSTED;False;;0;8,13,21;HMA8:UP|HMA13:UP|HMA21:DOWN;2;1;True;False;;;;;21,34;;;21,34;;;False;UP;-3,20000;7.12%;UP;-13,13000;29.18%;DOWN;-6,48000;14.39%
2026-04-24 14:00:00;4677,78000;4700,71000;4687,53722;4676,12437;4674,61887;4681,11454;;;;;;;;27,85354;27,11674;59,01628;12,91836;0,46380;UPTREND;REVERSAL_TO_HMA8;False;;0;8;HMA8:UP|HMA13:UP|HMA21:DOWN;2;1;True;False;;;;8,34;;8;8,34;;8,34;;False;UP;5,70000;12.67%;UP;-8,45000;18.78%;DOWN;-7,23000;16.06%
2026-04-24 16:00:00;4700,69000;4726,34000;4708,21300;4690,04024;4679,53642;4681,94272;;;;;;;;29,47400;25,76410;61,81894;28,67658;0,97295;UPTREND;;False;;0;8;HMA8:UP|HMA13:UP|HMA21:UP;3;0;True;False;8;8;;8,34;;8;8;;;;False;UP;17,72000;39.39%;UP;-0,26000;0.58%;UP;-6,17000;13.71%
2026-04-24 18:00:00;4726,40000;4726,80000;4725,67731;4707,24429;4687,92742;4684,75581;;;;;;;;28,68586;24,50808;60,10015;37,74989;1,31598;UPTREND;;False;;0;8;HMA8:UP|HMA13:UP|HMA21:UP;3;0;True;False;8;8;;8,34;;8;;;;;False;UP;24,36000;54.13%;UP;8,86000;19.7%;UP;-4,31000;9.58%
2026-04-24 20:00:00;4726,86000;4722,68000;4733,92156;4721,37103;4697,51979;4688,56618;;;;;;;;27,57044;23,34177;59,15244;36,40177;1,32032;UPTREND;;False;;0;8;HMA8:UP|HMA13:UP|HMA21:UP;3;0;True;False;8;8;;8,34;8;8;;8;;8;True;UP;27,10000;60.22%;UP;16,67000;37.04%;UP;-1,83000;4.06%
2026-04-24 22:00:00;4722,72000;4707,81000;4728,31648;4726,77968;4704,93737;4692,07700;;;;;;;;27,09255;21,71708;59,02167;23,37911;0,86293;UPTREND;;False;;0;8;HMA8:DOWN|HMA13:UP|HMA21:UP;2;1;True;False;8;8;;8,34;8,13;8;;13;;13;True;DOWN;20,62000;45.82%;UP;19,09000;42.41%;UP;0,26000;0.58%
2026-04-27 00:00:00;4699,44000;4684,50000;4707,97657;4721,50389;4707,65097;4693,60250;4685,64273;;;;;;;27,13880;21,32238;54,67111;13,85293;0,51045;DOWNTREND;REVERSAL_TO_HMA55;False;;0;;HMA8:DOWN|HMA13:DOWN|HMA21:UP;1;2;False;True;;;;;34,55;;;34,55;;34,55;False;DOWN;-0,12000;0.28%;DOWN;17,35000;38.55%;UP;1,81000;4.02%
2026-04-27 02:00:00;4683,98000;4697,83000;4693,92987;4712,98728;4708,45594;4694,31843;4686,20268;;;;;;;27,06245;21,25848;55,54209;19,05741;0,70420;DOWNTREND;;False;;0;;HMA8:DOWN|HMA13:DOWN|HMA21:UP;1;2;False;True;;;;8,34,55;34,55;;8,34,55;;8,34,55;;True;DOWN;-16,35000;36.32%;DOWN;12,79000;28.42%;UP;3,26000;7.25%
2026-04-27 04:00:00;4698,13000;4718,14000;4697,17406;4708,72398;4710,27829;4695,79793;4687,13034;;;;;;;27,46014;19,93029;57,62225;13,10423;0,47721;UPTREND;REVERSAL_TO_HMA21;False;;2;13,21;HMA8:UP|HMA13:DOWN|HMA21:UP;2;1;True;False;;;;13,21;;21;13,21;;13,21;;False;UP;-18,50000;41.11%;DOWN;6,47000;14.38%;UP;5,09000;11.31%
2026-04-27 06:00:00;4718,08000;4725,00000;4710,32124;4710,23722;4713,59821;4698,52658;4688,51919;;;;;;;26,60941;18,61205;57,08003;3,36098;0,12631;UPTREND;;False;;1;13,21;HMA8:UP|HMA13:UP|HMA21:UP;3;0;True;False;;;;13,21;;21;;;;;False;UP;-9,60000;21.32%;UP;1,07000;2.39%;UP;7,16000;15.91%
2026-04-27 08:00:00;4725,10000;4712,76000;4718,90867;4712,27380;4716,46050;4701,64019;4690,00586;;;;;;;25,90303;17,43857;54,87538;6,63486;0,25614;UPTREND;;False;;0;13,21;HMA8:UP|HMA13:UP|HMA21:UP;3;0;True;False;;;;13,21;8,21;21;;8,21;;8,21;False;UP;6,02000;13.38%;UP;-3,35000;7.44%;UP;8,99000;19.97%
2026-04-27 10:00:00;4712,47000;4706,79000;4717,89863;4712,84487;4717,29037;4704,60717;4691,49338;;;;;;;24,97638;16,50470;58,40301;5,05376;0,20234;UPTREND;;False;;0;13,21;HMA8:DOWN|HMA13:UP|HMA21:UP;2;1;True;False;;;;13,21;8,13,21;21;;13;;13;True;DOWN;13,49000;29.98%;UP;-5,31000;11.81%;UP;9,70000;21.54%
2026-04-27 12:00:00;4706,83000;4708,80000;4712,93807;4712,93222;4716,43264;4707,18739;4693,04601;;;;;;;24,01021;15,91840;59,54959;3,50042;0,14579;UPTREND;;False;;0;13,21;HMA8:DOWN|HMA13:UP|HMA21:DOWN;1;2;False;True;34;34;;13,21,34;8,13,21;21;34;;34;;False;DOWN;9,32000;20.71%;UP;-3,41000;7.57%;DOWN;8,74000;19.41%
2026-04-27 14:00:00;4708,89000;4699,22000;4704,88024;4710,15759;4713,75686;4708,73011;4694,36341;;;;;;;23,40662;15,48565;58,98254;8,87662;0,37924;DOWNTREND;REVERSAL_TO_HMA8;False;;0;8;HMA8:DOWN|HMA13:DOWN|HMA21:DOWN;0;3;False;True;;;;;8,34;8;;8,34;;8,34;False;DOWN;-3,33000;7.39%;DOWN;-1,15000;2.57%;DOWN;6,30000;13.99%
2026-04-27 16:00:00;4699,66000;4678,09000;4690,61081;4701,05636;4708,29073;4708,22893;4694,81126;;;;;;;23,64758;15,97072;59,53545;17,67991;0,74764;DOWNTREND;ADVANCE_HMA55;False;;0;8;HMA8:DOWN|HMA13:DOWN|HMA21:DOWN;0;3;False;True;55;;55;;8,34,55;8;;8,55;;55;False;DOWN;-16,66000;37.01%;DOWN;-3,09000;6.87%;DOWN;2,61000;5.8%
2026-04-27 18:00:00;4678,12000;4676,65000;4677,86033;4689,40821;4701,46586;4706,16209;4694,43310;;;;;;;23,05132;16,77765;53,90473;23,60552;1,02404;DOWNTREND;;False;;0;8;HMA8:DOWN|HMA13:DOWN|HMA21:DOWN;0;3;False;True;8,55;;8,55;;8,34,55;8;;8;;;False;DOWN;-23,47000;52.16%;DOWN;-8,56000;19.03%;DOWN;-0,86000;1.92%
2026-04-27 20:00:00;4676,81000;4680,65000;4672,25169;4680,13723;4694,69012;4703,17014;4693,50170;;;;;;;22,68266;17,28690;53,37968;22,43844;0,98923;DOWNTREND;;False;;0;8;HMA8:DOWN|HMA13:DOWN|HMA21:DOWN;0;3;False;True;8,55;;8,55;8,13;8,34,55;8;8,13;;8,13;;True;DOWN;-24,15000;53.67%;DOWN;-13,29000;29.52%;DOWN;-3,27000;7.27%
2026-04-27 22:00:00;4680,63000;4679,85000;4671,97756;4674,38607;4688,24389;4699,58241;4692,22936;;;;;;;21,48604;17,75978;53,56111;16,26634;0,75707;DOWNTREND;;False;;0;8;HMA8:DOWN|HMA13:DOWN|HMA21:DOWN;0;3;False;True;8,13,55;;8,13,55;8,13;8,13,34,55;8,13;;13;;13;False;DOWN;-20,95000;46.55%;DOWN;-16,61000;36.91%;DOWN;-5,37000;11.94%
2026-04-28 00:00:00;4686,59000;4687,89000;4677,92233;4673,10350;4683,43432;4696,16041;4691,00485;;;;;;;20,75204;17,62181;53,28748;10,33083;0,49782;DOWNTREND;;False;;0;8;HMA8:UP|HMA13:DOWN|HMA21:DOWN;1;2;False;True;8,13,55;;8,13,55;8,13,21;8,13,34,55;8,13;21;;21;;True;UP;-8,69000;19.31%;DOWN;-17,74000;39.42%;DOWN;-7,37000;16.38%
2026-04-28 02:00:00;4687,89000;4690,54000;4685,54235;4675,48998;4680,41419;4693,27453;4690,00430;;;;;;;20,27403;16,84489;52,26690;10,05237;0,49582;UPTREND;REVERSAL_TO_HMA55;False;;0;;HMA8:UP|HMA13:UP|HMA21:DOWN;2;1;True;False;;;;55;;;55;;55;;False;UP;5,41000;12.03%;UP;-15,91000;35.35%;DOWN;-9,30000;20.66%
2026-04-28 04:00:00;4690,55000;4669,09000;4682,37398;4675,61943;4676,70579;4689,77294;4688,69970;;;;;;;20,60089;17,09520;51,48411;6,75455;0,32788;DOWNTREND;REVERSAL_TO_HMA13;False;;2;8,13,21;HMA8:DOWN|HMA13:UP|HMA21:DOWN;1;2;False;True;;;;;8,13,21,34,55;8,21,34,55;;8,13,21,34,55;;8,13,21,34,55;False;DOWN;7,00000;15.56%;UP;-11,63000;25.84%;DOWN;-10,92000;24.27%
2026-04-28 06:00:00;4669,08000;4667,63000;4674,24163;4673,42479;4672,74326;4685,86271;4687,15632;;;;;;;19,77297;17,32764;48,77136;1,49837;0,07578;DOWNTREND;;False;;1;8,13,21;HMA8:DOWN|HMA13:DOWN|HMA21:DOWN;0;3;False;True;;;;;8,13,21,34,55;8,21,34,55;;;;;False;DOWN;1,64000;3.64%;DOWN;-7,67000;17.05%;DOWN;-12,70000;28.21%
2026-04-28 08:00:00;4667,71000;4628,98000;4652,38800;4661,68856;4664,73004;4679,70099;4684,37465;;;;;;;21,53990;19,03064;31,03768;12,34204;0,57298;DOWNTREND;;False;;0;8,13,21;HMA8:DOWN|HMA13:DOWN|HMA21:DOWN;0;3;False;True;8,13,21;;8,13,21;;8,13,21,34,55;8,13,21,34,55;;8,13,21;;13;False;DOWN;-16,51000;36.68%;DOWN;-8,12000;18.05%;DOWN;-13,50000;29.99%
2026-04-28 10:00:00;4628,89000;4629,66000;4630,81998;4646,59678;4654,84711;4672,07107;4680,61355;;;;;;;21,76562;20,83685;30,99781;24,02713;1,10390;DOWNTREND;;False;;0;8,13,21;HMA8:DOWN|HMA13:DOWN|HMA21:DOWN;0;3;False;True;8,13,21;;8,13,21;;8,13,21,34,55;8,13,21,34,55;;;;;False;DOWN;-32,15000;71.45%;DOWN;-12,01000;26.7%;DOWN;-15,14000;33.65%
2026-04-28 12:00:00;4629,60000;4603,22000;4609,91839;4626,44838;4642,03485;4662,14584;4675,36923;;;;;;;22,12522;22,79578;31,02685;32,11646;1,45158;DOWNTREND;;False;;0;8,13,21;HMA8:DOWN|HMA13:DOWN|HMA21:DOWN;0;3;False;True;8,13,21;;8,13,21;;8,13,21,34,55;8,13,21,34,55;;8,13;;;False;DOWN;-39,31000;87.35%;DOWN;-19,36000;43.03%;DOWN;-16,67000;37.05%
2026-04-28 14:00:00;4602,91000;4593,71000;4591,23389;4605,92962;4627,16955;4650,48666;4668,71734;;;;;;;24,38985;25,51124;24,60962;35,93566;1,47339;DOWNTREND;;False;;0;8,13,21;HMA8:DOWN|HMA13:DOWN|HMA21:DOWN;0;3;False;True;8,13,21;;8,13,21;;8,13,21,34,55;8,13,21,34,55;;8;;;False;DOWN;-40,39000;89.76%;DOWN;-25,42000;56.5%;DOWN;-16,94000;37.65%
2026-04-28 16:00:00;4593,66000;4574,47000;4575,24207;4584,97248;4610,32435;4637,07481;4660,54471;;;;;;;25,29271;28,03273;27,69164;35,08227;1,38705;DOWNTREND;;False;;0;8,13,21;HMA8:DOWN|HMA13:DOWN|HMA21:DOWN;0;3;False;True;8,13,21;;8,13,21;;8,13,21,34,55;8,13,21,34,55;;8,13;;;False;DOWN;-37,33000;82.95%;DOWN;-30,85000;68.56%;DOWN;-18,45000;40.99%
2026-04-28 18:00:00;4574,43000;4592,29000;4571,70681;4572,03301;4595,30860;4624,19992;4651,85291;;;;;;;25,47966;30,33878;31,38009;23,60179;0,92630;DOWNTREND;;False;;0;8,13,21;HMA8:DOWN|HMA13:DOWN|HMA21:DOWN;0;3;False;True;8,13,21;;8,13,21;8,13;8,13,21,34,55;8,13,21,34,55;8,13;;8,13;;True;DOWN;-30,11000;66.92%;DOWN;-33,55000;74.56%;DOWN;-20,04000;44.53%
2026-04-28 20:00:00;4592,34000;4594,29000;4578,12096;4567,68277;4583,46961;4612,47034;4643,01076;;;;;;;24,67326;32,02575;30,47383;15,78683;0,63984;DOWNTREND;;False;;0;8,13,21;HMA8:UP|HMA13:DOWN|HMA21:DOWN;1;2;False;True;8,13,21;;8,13,21;8,13,21;8,13,21,34,55;8,13,21,34,55;21;;21;;True;UP;-17,86000;39.68%;DOWN;-32,42000;72.03%;DOWN;-22,06000;49.01%
2026-04-28 22:00:00;4594,33000;4596,17000;4587,03154;4569,84422;4575,36676;4602,40669;4634,38827;;;;;;;23,54374;33,59222;29,72064;17,18731;0,73002;DOWNTREND;;False;;0;8,13,21;HMA8:UP|HMA13:UP|HMA21:DOWN;2;1;True;False;8,13,21;;8,13,21;8,13,21;8,13,21,34,55;8,13,21,34,55;;;;;False;UP;-2,56000;5.68%;UP;-28,52000;63.37%;DOWN;-24,05000;53.43%
2026-04-29 00:00:00;4599,16000;4594,11000;4593,76211;4574,94458;4570,72152;4593,94493;4626,11122;;;;;;;22,46133;34,99045;28,58149;23,04059;1,02579;DOWNTREND;;False;;0;8,13,21;HMA8:UP|HMA13:UP|HMA21:DOWN;2;1;True;False;8,13,21,34;;8,13,21,34;8,13,21;8,13,21,34,55;8,13,21,34,55;;34;;;False;UP;11,65000;25.88%;UP;-20,92000;46.48%;DOWN;-25,26000;56.13%
2026-04-29 02:00:00;4594,12000;4600,25000;4598,37091;4582,31687;4569,33927;4587,35367;4618,53198;;;;;;;22,43195;35,58554;30,49467;29,03164;1,29421;UPTREND;REVERSAL_TO_HMA8;False;;0;8;HMA8:UP|HMA13:UP|HMA21:DOWN;2;1;True;False;;;;8;;8;8;;8;;False;UP;16,55000;36.78%;UP;-9,95000;22.11%;DOWN;-24,75000;55.0%
2026-04-29 04:00:00;4600,24000;4593,57000;4598,35102;4588,54678;4569,97905;4581,81322;4611,50768;;;;;;;22,84824;36,47486;32,41832;28,37197;1,24176;UPTREND;;False;;0;8;HMA8:DOWN|HMA13:UP|HMA21:UP;2;1;True;False;;;;8;8;8;;8;;8;True;DOWN;12,48000;27.74%;UP;1,49000;3.32%;UP;-22,52000;50.05%
2026-04-29 06:00:00;4593,63000;4604,79000;4600,48070;4594,68185;4573,20531;4577,83640;4605,34593;;;;;;;22,17194;37,19192;35,00195;27,27540;1,23018;UPTREND;;False;;0;8;HMA8:UP|HMA13:UP|HMA21:UP;3;0;True;False;8,13;8,13;;8,13;8;8,13;8,13;;13;;False;UP;8,62000;19.16%;UP;9,66000;21.47%;UP;-20,21000;44.92%
2026-04-29 08:00:00;4604,83000;4584,52000;4595,97807;4595,42466;4575,97089;4574,09624;4599,34557;;;;;;;22,50108;38,17174;39,82250;20,00718;0,88917;UPTREND;;False;;0;8;HMA8:DOWN|HMA13:UP|HMA21:UP;2;1;True;False;8,13;8,13;;8,13;8,13,55;8,13;;8,13,55;;8,13,55;True;DOWN;1,41000;3.13%;UP;11,61000;25.8%;UP;-16,36000;36.36%
2026-04-29 10:00:00;4584,52000;4573,17000;4584,19244;4590,53650;4576,83509;4570,11150;4593,23855;;;;;;;23,14529;39,62679;44,74748;13,70141;0,59197;DOWNTREND;REVERSAL_TO_HMA21;False;;2;8,21;HMA8:DOWN|HMA13:DOWN|HMA21:UP;1;2;False;True;;;;;8,21,34;8,34;;8,21,34;;8,21,34;False;DOWN;-8,71000;19.35%;DOWN;8,47000;18.83%;UP;-12,27000;27.26%
2026-04-29 12:00:00;4573,26000;4569,80000;4572,91180;4582,33504;4575,94607;4566,02102;4587,05386;;;;;;;23,57991;41,09461;52,66866;9,42325;0,39963;DOWNTREND;;False;;1;8,21;HMA8:DOWN|HMA13:DOWN|HMA21:DOWN;0;3;False;True;8,34;;8,34;;8,21,34;8,34;;8,34;;;False;DOWN;-15,09000;33.54%;DOWN;2,99000;6.64%;DOWN;-8,29000;18.43%
2026-04-29 14:00:00;4569,82000;4544,90000;4555,73511;4568,86304;4570,94587;4560,89022;4580,27021;;;;;;;24,02778;42,64173;53,21760;15,21076;0,63305;DOWNTREND;;False;;0;8,21;HMA8:DOWN|HMA13:DOWN|HMA21:DOWN;0;3;False;True;8,13,34;;8,13,34;;8,13,21,34;8,13,34;;8,13,34;;13;False;DOWN;-24,96000;55.48%;DOWN;-5,33000;11.85%;DOWN;-5,79000;12.87%
2026-04-29 16:00:00;4544,91000;4539,34000;4540,01504;4553,53237;4563,25180;4555,02191;4572,98181;;;;;;;25,38294;44,58677;50,09502;23,23676;0,91545;DOWNTREND;;False;;0;8,21;HMA8:DOWN|HMA13:DOWN|HMA21:DOWN;0;3;False;True;8,13,34;;8,13,34;;8,13,21,34;8,13,34;;8;;;False;DOWN;-28,86000;64.14%;DOWN;-12,95000;28.77%;DOWN;-4,55000;10.12%
2026-04-29 18:00:00;4539,24000;4545,44000;4534,10146;4541,03938;4555,18556;4549,53801;4565,62869;;;;;;;25,62130;45,53897;47,46358;21,08410;0,82291;DOWNTREND;;False;;0;8,21;HMA8:DOWN|HMA13:DOWN|HMA21:DOWN;0;3;False;True;8,13,34;;8,13,34;8,13;8,13,21,34;8,13,34;8,13;;8,13;;True;DOWN;-26,05000;57.88%;DOWN;-19,24000;42.75%;DOWN;-4,50000;10.01%
2026-04-29 20:00:00;4545,44000;4538,07000;4531,71109;4532,40227;4546,93809;4544,31104;4558,23742;;;;;;;26,37620;46,73631;47,37231;15,22700;0,57730;DOWNTREND;;False;;0;8,21;HMA8:DOWN|HMA13:DOWN|HMA21:DOWN;0;3;False;True;8,13,34;;8,13,34;8,13;8,13,21,34;8,13,34;;13,34;;;False;DOWN;-21,33000;47.4%;DOWN;-21,71000;48.25%;DOWN;-5,15000;11.45%
2026-04-29 22:00:00;4538,16000;4543,30000;4534,45989;4528,72173;4540,15034;4539,92504;4551,22895;;;;;;;25,93505;47,84814;46,52418;11,42861;0,44066;DOWNTREND;;False;;0;8,21;HMA8:UP|HMA13:DOWN|HMA21:DOWN;1;2;False;True;8,13,34;;8,13,34;8,13,21,34;8,13,21,34;8,13,34;21,34;;21,34;;True;UP;-11,59000;25.75%;DOWN;-21,66000;48.14%;DOWN;-6,42000;14.27%
2026-04-30 00:00:00;4545,24000;4552,09000;4542,27780;4530,45258;4535,92224;4536,94504;4544,97204;4578,24393;;;;;;25,03897;48,88054;46,43508;11,82522;0,47227;UPTREND;REVERSAL_TO_HMA55;False;;0;;HMA8:UP|HMA13:UP|HMA21:DOWN;2;1;True;False;;;;55;;;55;;55;;False;UP;1,29000;2.88%;UP;-19,05000;42.34%;DOWN;-7,75000;17.21%
2026-04-30 02:00:00;4552,09000;4569,96000;4555,90861;4539,64261;4535,70660;4536,03155;4539,98759;4572,80460;;;;;;24,99405;48,29107;48,13051;20,20201;0,80827;UPTREND;;False;;0;;HMA8:UP|HMA13:UP|HMA21:DOWN;2;1;True;False;8;8;;8,55;;8;8;;8;;False;UP;12,30000;27.34%;UP;-11,03000;24.5%;DOWN;-8,53000;18.96%
2026-04-30 04:00:00;4569,94000;4564,85000;4566,53370;4550,37382;4538,16761;4536,23734;4536,08876;4567,73582;;;;;;24,82019;47,20688;49,61208;28,36609;1,14286;UPTREND;;False;;0;;HMA8:UP|HMA13:UP|HMA21:UP;3;0;True;False;8;8;;8,55;8,89;8;;8,89;;8,89;True;UP;19,33000;42.95%;UP;-1,22000;2.7%;UP;-8,66000;19.24%
2026-04-30 06:00:00;4564,82000;4542,02000;4562,05415;4554,66642;4539,76592;4535,97211;4532,54357;4562,73447;;;;;;25,05660;46,75271;51,14522;22,28823;0,88952;UPTREND;;False;;0;;HMA8:DOWN|HMA13:UP|HMA21:UP;2;1;True;False;8;8;;8,55;8,13,89;8;;8,13,89;;8,13,89;True;DOWN;15,39000;34.21%;UP;5,18000;11.51%;UP;-8,42000;18.7%
2026-04-30 08:00:00;4542,14000;4589,52000;4569,76017;4564,00925;4545,66733;4537,83170;4530,61803;4558,48317;;;;;;26,80184;45,03698;53,22856;24,09284;0,89892;UPTREND;ADVANCE_HMA13;False;;0;;HMA8:UP|HMA13:UP|HMA21:UP;3;0;True;False;8,13,21,89;8,13,21,89;;8,13,21,55,89;8,13,89;8,13,21;8,13,21,89;;13,21,89;;False;UP;14,38000;31.95%;UP;11,12000;24.71%;UP;-6,45000;14.32%
2026-04-30 10:00:00;4589,52000;4616,35000;4592,94611;4581,17245;4557,15167;4542,67241;4530,81820;4555,27407;;;;;;28,08957;41,86618;48,34130;35,79445;1,27430;UPTREND;;False;;0;;HMA8:UP|HMA13:UP|HMA21:UP;3;0;True;False;8,13,21,89;8,13,21,89;;8,13,21,55,89;8,13,89;8,13,21;8;;;;False;UP;18,24000;40.54%;UP;17,29000;38.41%;UP;-2,81000;6.25%
2026-04-30 12:00:00;4616,45000;4639,75000;4623,40976;4605,54258;4574,38189;4550,90023;4533,38467;4553,29628;;;;;;28,41031;39,51297;43,82565;49,02787;1,72571;UPTREND;;False;;0;;HMA8:UP|HMA13:UP|HMA21:UP;3;0;True;False;8,13,21,89;8,13,21,89;;8,13,21,55,89;8,13,89;8,13,21;8;;;;False;UP;26,59000;59.08%;UP;23,77000;52.83%;UP;2,24000;4.99%
2026-04-30 14:00:00;4640,53000;4639,57000;4647,77094;4628,27788;4594,10228;4561,55887;4537,84771;4552,39087;;;;;;27,84815;37,32785;42,85488;53,66867;1,92719;UPTREND;;False;;0;;HMA8:UP|HMA13:UP|HMA21:UP;3;0;True;False;8,13,21,89;8,13,21,89;;8,13,21,55,89;8,13,89;8,13,21;;8;;8;True;UP;37,58000;83.51%;UP;27,94000;62.1%;UP;7,96000;17.68%
2026-04-30 16:00:00;4639,61000;4619,81000;4649,21046;4641,85299;4610,77899;4572,55800;4543,21399;4552,12514;;;;;;28,44185;34,68342;43,47047;38,43147;1,35123;UPTREND;;False;;0;;HMA8:UP|HMA13:UP|HMA21:UP;3;0;True;False;8,13,21,89;8,13,21,89;;8,13,21,55,89;8,13,89;8,13,21;;13;;13;True;UP;34,93000;77.62%;UP;28,19000;62.65%;UP;12,65000;28.11%
2026-04-30 18:00:00;4619,85000;4607,59000;4633,74085;4644,54450;4622,08732;4582,36167;4548,88137;4552,20508;;;;;;27,83458;32,35023;42,58707;22,45718;0,80681;UPTREND;;False;;0;;HMA8:DOWN|HMA13:UP|HMA21:UP;2;1;True;False;8,13,21,89;8,13,21,89;;8,13,21,55,89;8,13,21,89;8,13,21;;21;;21;True;DOWN;20,12000;44.72%;UP;28,29000;62.86%;UP;16,40000;36.45%
2026-04-30 20:00:00;4607,62000;4622,46000;4622,11802;4642,07042;4630,17253;4591,58736;4555,00238;4552,74176;;;;;;27,10425;30,18370;42,51566;19,95240;0,73614;UPTREND;;False;;0;;HMA8:DOWN|HMA13:DOWN|HMA21:UP;1;2;False;True;8,13,21,89;8,13,21,89;;8,13,21,55,89;8,13,21,89;8,13,21;8,21;;;;False;DOWN;-0,68000;1.52%;DOWN;25,64000;56.98%;UP;19,17000;42.61%
2026-04-30 22:00:00;4622,46000;4620,39000;4616,86631;4636,69203;4635,47746;4599,96222;4561,12213;4553,62828;;;;;;26,08395;28,07347;40,95781;19,82572;0,76007;UPTREND;;False;;0;;HMA8:DOWN|HMA13:DOWN|HMA21:UP;1;2;False;True;8,13,21,89;8,13,21,89;;8,13,21,55,89;8,13,21,89;8,13,21;;8;;8;False;DOWN;-16,50000;36.67%;DOWN;19,53000;43.4%;UP;20,93000;46.52%
2026-05-01 00:00:00;4635,66000;4630,33000;4627,88426;4630,87960;4643,49724;4616,10670;4573,44542;4556,47292;;;;;;24,22356;24,86017;44,52006;15,61298;0,64454;UPTREND;;False;;0;;HMA8:UP|HMA13:DOWN|HMA21:UP;2;1;True;False;8,13,21,89;8,13,21,89;;8,13,21,55,89;8,13,21,89;8,13,21;;13;;13;True;UP;-3,46000;7.69%;DOWN;1,03000;2.28%;UP;23,18000;51.52%
2026-05-01 02:00:00;4630,36000;4619,71000;4627,84187;4628,97724;4643,83909;4622,89024;4579,26860;4558,08962;;;;;;23,60687;23,12334;45,29184;15,99722;0,67765;DOWNTREND;REVERSAL_TO_HMA34;False;;2;8,13;HMA8:DOWN|HMA13:DOWN|HMA21:UP;1;2;False;True;;;;;8,13,34;8,13;;8,13,34;;13,34;False;DOWN;3,47000;7.71%;DOWN;-5,19000;11.54%;UP;22,58000;50.18%
2026-05-01 04:00:00;4619,28000;4619,07000;4624,11663;4626,58755;4641,62500;4628,31381;4584,82718;4559,75891;;;;;;23,49567;21,75096;45,03548;17,50837;0,74517;DOWNTREND;;False;;1;8,13;HMA8:DOWN|HMA13:DOWN|HMA21:DOWN;0;3;False;True;;;;;8,13,34;8,13;;;;;False;DOWN;4,41000;9.8%;DOWN;-7,26000;16.13%;DOWN;19,77000;43.94%
2026-05-01 06:00:00;4618,95000;4609,20000;4616,26050;4621,45948;4636,64975;4631,84298;4589,85105;4561,38143;;;;;;23,44883;20,72199;45,06599;20,38925;0,86952;DOWNTREND;;False;;0;8,13;HMA8:DOWN|HMA13:DOWN|HMA21:DOWN;0;3;False;True;8;;8;;8,13,34;8,13;;8;;;False;DOWN;-2,73000;6.08%;DOWN;-8,33000;18.52%;DOWN;14,87000;33.05%
2026-05-01 08:00:00;4609,18000;4594,70000;4603,43733;4612,69597;4629,07004;4632,87098;4593,96368;4562,80460;;;;;;23,58320;20,63743;45,19879;25,63271;1,08691;DOWNTREND;;False;;0;8,13;HMA8:DOWN|HMA13:DOWN|HMA21:DOWN;0;3;False;True;8;;8;;8,13,34;8,13;;8;;;False;DOWN;-14,53000;32.29%;DOWN;-9,62000;21.39%;DOWN;8,43000;18.74%
2026-05-01 10:00:00;4594,54000;4568,88000;4583,69848;4597,45908;4618,02996;4630,54060;4596,60840;4563,72121;;;;;;24,25155;21,50788;52,78215;34,33148;1,41564;DOWNTREND;ADVANCE_HMA55;False;;0;8,13;HMA8:DOWN|HMA13:DOWN|HMA21:DOWN;0;3;False;True;8,55;;8,55;;8,13,34,55;8,13;;8,55;;55;False;DOWN;-24,47000;54.37%;DOWN;-13,65000;30.33%;DOWN;1,71000;3.81%
2026-05-01 12:00:00;4569,13000;4566,83000;4566,23835;4580,89204;4605,22568;4625,73166;4597,99983;4564,16988;;;;;;23,63858;22,47223;47,07291;38,98733;1,64931;DOWNTREND;;False;;0;8,13;HMA8:DOWN|HMA13:DOWN|HMA21:DOWN;0;3;False;True;8,55;;8,55;;8,13,34,55;8,13;;8;;;False;DOWN;-31,47000;69.94%;DOWN;-19,41000;43.14%;DOWN;-4,08000;9.07%
2026-05-01 14:00:00;4567,51000;4591,13000;4566,60944;4572,21232;4594,84266;4620,57138;4599,07023;4564,56430;;;;;;25,18439;21,56875;49,08784;28,23321;1,12106;DOWNTREND;;False;;0;8,13;HMA8:UP|HMA13:DOWN|HMA21:DOWN;1;2;False;True;8,55;;8,55;13;8,13,34,55;8,13;13;;13;;True;UP;-26,24000;58.31%;DOWN;-20,59000;45.75%;DOWN;-7,99000;17.75%
2026-05-01 16:00:00;4591,13000;4632,10000;4592,11172;4579,36891;4591,69963;4617,57576;4601,05079;4565,49537;;;;;;28,64337;21,27972;49,14820;12,74282;0,44488;UPTREND;REVERSAL_TO_HMA34;False;;2;8,21;HMA8:UP|HMA13:UP|HMA21:DOWN;2;1;True;False;;;;8,21,34,55;;8,55;8,21,34,55;;8,21,34,55;;False;UP;-5,65000;12.55%;UP;-15,36000;34.14%;DOWN;-8,69000;19.31%
2026-05-01 18:00:00;4632,02000;4638,80000;4623,97307;4596,60108;4594,79795;4616,83722;4604,00001;4567,03736;;;;;;28,80527;21,01134;48,59950;29,17512;1,01284;UPTREND;;False;;1;8,21;HMA8:UP|HMA13:UP|HMA21:UP;3;0;True;False;;;;8,21,34,55;;8,55;;;;;False;UP;19,27000;42.81%;UP;-8,18000;18.19%;UP;-8,92000;19.82%
2026-05-01 20:00:00;4638,91000;4624,24000;4640,07041;4613,35509;4600,15565;4617,11400;4607,34446;4568,96162;;;;;;28,81561;20,52216;49,53635;39,91476;1,38518;UPTREND;;False;;0;8,21;HMA8:UP|HMA13:UP|HMA21:UP;3;0;True;False;;;;8,21,34,55;8;8,55;;8;;8;False;UP;32,64000;72.54%;UP;0,22000;0.49%;UP;-8,55000;19.01%
2026-05-01 22:00:00;4625,01000;4613,08000;4637,02143;4623,70967;4604,89460;4617,35881;4610,64379;4571,09727;;;;;;28,23878;19,76028;49,85645;32,12682;1,13768;UPTREND;;False;;0;8,21;HMA8:DOWN|HMA13:UP|HMA21:UP;2;1;True;False;;;;8,21,34,55;8,13,34;8,55;;13,34;;13,34;True;DOWN;31,94000;70.97%;UP;8,81000;19.57%;UP;-7,85000;17.45%
2026-05-04 00:00:00;4629,89000;4618,80000;4627,39209;4629,16682;4609,08612;4617,58292;4613,93267;4573,50545;;;;;;27,59887;19,20714;50,50869;20,08070;0,72759;UPTREND;;False;;0;8,21;HMA8:DOWN|HMA13:UP|HMA21:UP;2;1;True;False;;;;8,21,34,55;8,13,34;8,55;;8,13;;8,13;True;DOWN;17,72000;39.38%;UP;16,25000;36.12%;UP;-6,72000;14.94%
2026-05-04 02:00:00;4618,81000;4613,02000;4617,43024;4628,97170;4612,42322;4617,22535;4616,81212;4576,07264;;;;;;26,96752;18,19812;50,85644;16,54848;0,61364;DOWNTREND;REVERSAL_TO_HMA55;False;;0;8;HMA8:DOWN|HMA13:DOWN|HMA21:UP;1;2;False;True;;;;;8,34,55;8,34;;8,34,55;;8,34,55;False;DOWN;-3,47000;7.71%;DOWN;19,33000;42.96%;UP;-5,13000;11.41%
2026-05-04 04:00:00;4613,01000;4605,76000;4608,92331;4623,25919;4614,64029;4616,09258;4618,89387;4578,64705;;;;;;26,99484;17,02040;52,53180;14,33587;0,53106;DOWNTREND;ADVANCE_HMA21;False;;0;8;HMA8:DOWN|HMA13:DOWN|HMA21:UP;1;2;False;True;8,21;;8,21;;8,21,34,55;8,34;;8,21;;21;False;DOWN;-16,09000;35.76%;DOWN;15,16000;33.69%;UP;-3,06000;6.8%
2026-05-04 06:00:00;4605,79000;4605,85000;4604,36513;4615,68923;4615,93037;4614,61639;4620,14656;4581,14954;4566,72343;;;;;26,39235;15,92680;52,81261;11,56524;0,43820;DOWNTREND;;False;;0;8;HMA8:DOWN|HMA13:DOWN|HMA21:UP;1;2;False;True;8,21;;8,21;8;8,21,34,55;8,34;8;;8;;True;DOWN;-17,19000;38.2%;DOWN;6,87000;15.27%;UP;-0,46000;1.01%
2026-05-04 08:00:00;4605,85000;4588,47000;4595,95881;4605,79161;4614,00023;4612,06576;4620,25703;4583,26254;4567,53375;;;;;26,60790;15,56231;53,49962;18,04141;0,67805;DOWNTREND;;False;;0;8;HMA8:DOWN|HMA13:DOWN|HMA21:DOWN;0;3;False;True;8,13,21;;8,13,21;8;8,13,21,34,55;8,13,34;;8,13;;13;False;DOWN;-16,45000;36.56%;DOWN;-2,71000;6.03%;DOWN;1,89000;4.2%
2026-05-04 10:00:00;4588,64000;4576,98000;4583,63380;4593,93501;4608,26021;4608,22499;4619,16945;4584,82897;4568,09813;;;;;26,10590;15,62145;53,19686;24,62641;0,94333;DOWNTREND;ADVANCE_HMA89;False;;0;8;HMA8:DOWN|HMA13:DOWN|HMA21:DOWN;0;3;False;True;8,13,89;;8,13,89;8;8,13,21,34,55,89;8,13,34;;8,89;;89;False;DOWN;-17,93000;39.85%;DOWN;-10,76000;23.92%;DOWN;2,94000;6.54%
2026-05-04 12:00:00;4576,92000;4562,63000;4568,84702;4579,30065;4598,59214;4602,94104;4616,70975;4585,73912;4568,29705;;;;;28,41548;17,13831;44,96712;29,74513;1,04679;DOWNTREND;;False;;0;8;HMA8:DOWN|HMA13:DOWN|HMA21:DOWN;0;3;False;True;8,13,89,116;;8,13,89,116;8;8,13,21,34,55,89,116;8,13,34;;8,116;;116;False;DOWN;-19,42000;43.16%;DOWN;-16,30000;36.23%;DOWN;1,39000;3.09%
2026-05-04 14:00:00;4562,63000;4568,30000;4559,92054;4567,26194;4587,95574;4597,21338;4613,32140;4586,19174;4568,24954;;;;;28,37223;18,54682;44,52221;28,03520;0,98812;DOWNTREND;;False;;0;8;HMA8:DOWN|HMA13:DOWN|HMA21:DOWN;0;3;False;True;8,13,89,116;;8,13,89,116;8,13,116;8,13,21,34,55,89,116;8,13,34;8,13,116;;8,13,116;;True;DOWN;-21,39000;47.53%;DOWN;-19,93000;44.28%;DOWN;-1,38000;3.07%
2026-05-04 16:00:00;4568,01000;4561,41000;4555,91441;4557,97024;4577,53507;4591,13462;4609,12296;4586,18501;4567,95888;;;;;28,46350;19,63259;45,72260;21,62066;0,75959;DOWNTREND;;False;;0;8;HMA8:DOWN|HMA13:DOWN|HMA21:DOWN;0;3;False;True;8,13,89,116;;8,13,89,116;8,13,116;8,13,21,34,55,89,116;8,13,34,116;;13,116;;116;False;DOWN;-19,38000;43.06%;DOWN;-20,92000;46.49%;DOWN;-4,54000;10.1%
2026-05-04 18:00:00;4561,56000;4510,54000;4535,62087;4541,45236;4562,90676;4582,40496;4603,07808;4585,12963;4567,01592;;;;;31,10325;21,81773;40,83100;27,28589;0,87727;DOWNTREND;;False;;0;8;HMA8:DOWN|HMA13:DOWN|HMA21:DOWN;0;3;False;True;8,13,89,116;;8,13,89,116;8,13,116;8,13,21,34,55,89,116;8,13,34,116;;8,13;;;False;DOWN;-21,10000;46.89%;DOWN;-21,69000;48.21%;DOWN;-7,69000;17.08%
2026-05-04 20:00:00;4510,53000;4516,24000;4515,95920;4524,27889;4547,09131;4572,30406;4595,86407;4583,28931;4565,58053;;;;;30,42731;23,84679;38,86721;31,13211;1,02316;DOWNTREND;;False;;0;8;HMA8:DOWN|HMA13:DOWN|HMA21:DOWN;0;3;False;True;8,13,89,116;;8,13,89,116;8,13,116;8,13,21,34,55,89,116;8,13,34,116;8;;8;;True;DOWN;-23,49000;52.19%;DOWN;-24,06000;53.47%;DOWN;-11,52000;25.59%
2026-05-04 22:00:00;4516,20000;4523,08000;4508,03798;4511,74794;4532,43252;4561,81368;4588,10830;4580,92598;4563,82187;;;;;29,38107;25,73092;39,36426;24,39454;0,83028;DOWNTREND;;False;;0;8;HMA8:DOWN|HMA13:DOWN|HMA21:DOWN;0;3;False;True;8,13,89,116;;8,13,89,116;8,13,116;8,13,21,34,55,89,116;8,13,34,116;13;;13;;True;DOWN;-23,82000;52.93%;DOWN;-25,00000;55.55%;DOWN;-15,23000;33.84%
2026-05-05 00:00:00;4524,07000;4517,42000;4506,01428;4504,53355;4519,60659;4550,97332;4579,96101;4578,09715;4561,77548;;;;;27,92314;27,48047;40,45510;15,07303;0,53980;DOWNTREND;;False;;0;8;HMA8:DOWN|HMA13:DOWN|HMA21:DOWN;0;3;False;True;8,13,21,89,116;;8,13,21,89,116;8,13,116;8,13,21,34,55,89,116;8,13,21,34,116;;21;;21;False;DOWN;-24,07000;53.5%;DOWN;-24,05000;53.44%;DOWN;-18,80000;41.77%
2026-05-05 02:00:00;4517,34000;4530,03000;4514,55556;4503,59117;4511,18159;4541,11094;4572,04998;4575,10738;4559,64362;;;;;27,12577;28,72851;40,05760;10,96439;0,40421;DOWNTREND;;False;;0;8;HMA8:UP|HMA13:DOWN|HMA21:DOWN;1;2;False;True;8,13,21,89,116;;8,13,21,89,116;8,13,21,116;8,13,21,34,55,89,116;8,13,21,34,116;21;;21;;True;UP;-10,99000;24.42%;DOWN;-21,37000;47.48%;DOWN;-21,11000;46.92%
2026-05-05 04:00:00;4529,70000;4539,02000;4527,79493;4509,06210;4507,38138;4533,23083;4564,76016;4572,15925;4557,57211;;;;;26,70607;28,88611;43,58426;20,41354;0,76438;UPTREND;REVERSAL_TO_HMA34;False;;0;;HMA8:UP|HMA13:UP|HMA21:DOWN;2;1;True;False;;;;34;;;34;;34;;False;UP;6,32000;14.05%;UP;-16,97000;37.72%;DOWN;-21,76000;48.36%
2026-05-05 06:00:00;4538,85000;4533,62000;4535,47709;4517,65266;4506,52031;4526,82813;4558,07077;4569,22024;4555,54882;;;;;25,84564;29,03246;43,90523;28,95679;1,12037;UPTREND;;False;;0;;HMA8:UP|HMA13:UP|HMA21:DOWN;2;1;True;False;;;;34;8;;;8;;8;True;UP;14,86000;33.03%;UP;-8,73000;19.39%;DOWN;-21,49000;47.75%
2026-05-05 08:00:00;4533,70000;4548,06000;4543,89650;4528,59741;4509,47775;4522,54619;4552,47995;4566,50968;4553,73585;;;;;25,47238;28,59928;43,67581;34,41875;1,35122;UPTREND;;False;;0;;HMA8:UP|HMA13:UP|HMA21:UP;3;0;True;False;8;8;;8,34;8;8;8;;8;;False;UP;20,39000;45.32%;UP;1,62000;3.6%;UP;-19,28000;42.85%
2026-05-05 10:00:00;4548,02000;4558,40000;4553,72343;4540,82517;4515,84401;4520,58854;4548,09035;4564,17791;4552,22758;;;;;24,81721;27,75721;44,76789;37,87941;1,52634;UPTREND;ADVANCE_HMA116;False;;0;;HMA8:UP|HMA13:UP|HMA21:UP;3;0;True;False;8,55,116;8,55,116;;8,34,55,116;8;8;8,55,116;;55,116;;False;UP;21,53000;47.85%;UP;11,05000;24.55%;UP;-16,20000;36.01%
2026-05-05 12:00:00;4558,75000;4543,76000;4554,84000;4548,85692;4522,67242;4519,59183;4544,31292;4562,01081;4550,87905;;;;;24,48384;27,10246;51,11230;32,16758;1,31383;UPTREND;;False;;0;;HMA8:UP|HMA13:UP|HMA21:UP;3;0;True;False;8,55,116;8,55,116;;8,34,55,116;8,13,55,116;8;;8,13,55,116;;8,13,55,116;True;UP;15,44000;34.31%;UP;16,79000;37.31%;UP;-12,63000;28.07%
2026-05-05 14:00:00;4543,76000;4564,59000;4559,58987;4556,72023;4531,84961;4520,49736;4541,60149;4560,22482;4549,88745;;;;;25,22499;25,67221;56,51762;27,74026;1,09971;UPTREND;ADVANCE_HMA89;False;;0;;HMA8:UP|HMA13:UP|HMA21:UP;3;0;True;False;8,13,55,89;8,13,55,89;;8,13,34,55,89,116;8,13,55,116;8,13;8,13,55,89,116;;13,55,89,116;;False;UP;13,44000;29.87%;UP;19,34000;42.98%;UP;-7,02000;15.6%
2026-05-05 16:00:00;4564,31000;4582,30000;4571,75126;4567,10001;4543,36870;4523,85449;4540,18292;4558,97209;4549,35287;;;;;25,00821;23,93898;51,71120;28,38256;1,13493;UPTREND;;False;;0;;HMA8:UP|HMA13:UP|HMA21:UP;3;0;True;False;8,13,55,89;8,13,55,89;;8,13,34,55,89,116;8,13,55,116;8,13;8,13;;;;False;UP;15,56000;34.58%;UP;21,15000;46.99%;UP;-0,85000;1.9%
2026-05-05 18:00:00;4582,35000;4561,20000;4574,15189;4573,42328;4553,14077;4527,80584;4539,18438;4557,87642;4549,00589;;;;;25,36833;22,64383;51,96293;21,01112;0,82824;UPTREND;;False;;0;;HMA8:UP|HMA13:UP|HMA21:UP;3;0;True;False;8,13,55,89;8,13,55,89;;8,13,34,55,89,116;8,13,55,116;8,13;;8,13;;8,13;True;UP;11,38000;25.29%;UP;20,12000;44.72%;UP;4,67000;10.37%
2026-05-05 20:00:00;4561,21000;4560,96000;4570,91833;4574,76369;4560,85785;4532,08268;4538,44527;4556,86968;4548,80131;;;;;24,44488;21,46353;49,98451;13,90584;0,56887;UPTREND;;False;;0;;HMA8:DOWN|HMA13:UP|HMA21:UP;2;1;True;False;8,13,55,89;8,13,55,89;;8,13,34,55,89,116;8,13,55,116;8,13;;;;;False;DOWN;9,34000;20.75%;UP;17,47000;38.83%;UP;9,58000;21.29%
2026-05-05 22:00:00;4561,14000;4556,00000;4563,94294;4571,62490;4565,40273;4536,25421;4537,71092;4555,83320;4548,64904;;;;;23,39739;20,45550;47,08380;7,68195;0,32833;DOWNTREND;REVERSAL_TO_HMA21;False;;0;21;HMA8:DOWN|HMA13:DOWN|HMA21:UP;1;2;False;True;;;;;21,89;89;;21,89;;21,89;False;DOWN;2,66000;5.92%;DOWN;12,37000;27.5%;UP;13,05000;28.99%
2026-05-06 00:00:00;4558,93000;4573,38000;4563,32307;4571,15442;4569,26209;4541,01422;4537,47282;4554,98881;4548,68243;;;;;23,92115;19,34808;49,09370;7,83135;0,32738;DOWNTREND;;False;;0;21;HMA8:DOWN|HMA13:DOWN|HMA21:UP;1;2;False;True;;;;8,13,21;21,89;89;8,13,21;;8,13,21;;True;DOWN;-5,03000;11.19%;DOWN;8,83000;19.62%;UP;14,50000;32.23%
2026-05-06 02:00:00;4573,38000;4618,73000;4585,95672;4581,50568;4577,78441;4548,64720;4538,93245;4554,89962;4549,28557;;;;;25,79249;20,02541;40,51206;8,17231;0,31685;UPTREND;REVERSAL_TO_HMA8;False;;2;8,13,21;HMA8:UP|HMA13:UP|HMA21:UP;3;0;True;False;;;;8,13,21;;8,13,21;8,13,21;;8,13,21;;False;UP;6,53000;14.51%;UP;9,10000;20.22%;UP;15,45000;34.32%
2026-05-06 04:00:00;4618,70000;4640,74000;4620,07804;4601,62678;4591,21562;4559,69138;4542,36689;4555,76338;4550,56891;;;;;26,25446;21,28079;36,08445;28,86242;1,09933;UPTREND;;False;;1;8,13,21;HMA8:UP|HMA13:UP|HMA21:UP;3;0;True;False;8;8;;8,13,21;;8,13,21;8;;;;False;UP;25,08000;55.74%;UP;12,36000;27.47%;UP;17,29000;38.43%
2026-05-06 06:00:00;4640,69000;4648,97000;4649,49026;4625,99479;4607,77228;4573,22032;4547,64859;4557,56790;4552,50483;;;;;25,45271;22,74268;35,86590;41,71798;1,63904;UPTREND;;False;;0;8,13,21;HMA8:UP|HMA13:UP|HMA21:UP;3;0;True;False;8;8;;8,13,21;;8,13,21;8;;;;False;UP;40,04000;88.98%;UP;19,00000;42.21%;UP;19,86000;44.13%
2026-05-06 08:00:00;4649,00000;4669,21000;4673,02956;4651,74887;4626,81975;4589,00762;4555,01277;4560,41589;4555,17860;;;;;25,40252;24,46057;32,57151;46,20980;1,81910;UPTREND;;False;;0;8,13,21;HMA8:UP|HMA13:UP|HMA21:UP;3;0;True;False;8,13;8,13;;8,13,21;;8,13,21;8,13;;;;False;UP;47,19000;100%;UP;26,80000;59.55%;UP;22,29000;49.54%
2026-05-06 10:00:00;4669,32000;4700,22000;4695,82693;4680,10902;4648,51420;4607,20916;4564,79551;4564,54444;4558,73560;;;;;26,79948;26,67840;28,66112;47,31273;1,76543;UPTREND;;False;;0;8,13,21;HMA8:UP|HMA13:UP|HMA21:UP;3;0;True;False;8,13;8,13;;8,13,21;;8,13,21;8,13;;;;False;UP;45,71000;100%;UP;34,01000;75.57%;UP;23,52000;52.28%
2026-05-06 12:00:00;4700,48000;4718,00000;4717,57035;4707,99167;4672,15063;4627,06129;4576,82011;4569,99060;4563,18595;;;;;27,29523;29,05235;27,40248;45,41972;1,66402;UPTREND;;False;;0;8,13,21;HMA8:UP|HMA13:UP|HMA21:UP;3;0;True;False;8,13;8,13;;8,13,21;;8,13,21;8,13;;;;False;UP;41,76000;92.81%;UP;39,88000;88.62%;UP;25,26000;56.13%
2026-05-06 14:00:00;4718,00000;4683,22000;4717,80270;4721,67575;4691,66019;4645,31364;4589,41243;4576,02729;4568,05697;;;;;29,70129;29,76854;31,64265;30,01556;1,01058;UPTREND;;False;;0;8,13,21;HMA8:UP|HMA13:UP|HMA21:UP;3;0;True;False;8,13;8,13;;8,13,21;8,13,21;8,13,21;;8,13,21;;8,13,21;True;UP;29,90000;66.44%;UP;38,19000;84.86%;UP;25,00000;55.56%
2026-05-06 16:00:00;4682,64000;4703,00000;4713,04831;4727,57812;4708,32213;4662,61581;4602,60517;4582,72589;4573,40042;;;;;31,05120;30,43358;34,11458;19,25599;0,62014;UPTREND;;False;;0;8,13,21;HMA8:DOWN|HMA13:UP|HMA21:UP;2;1;True;False;8,13,21;8,13,21;;8,13,21;8,13,21;8,13,21;21;;;;False;DOWN;17,86000;39.69%;UP;34,06000;75.69%;UP;25,40000;56.45%
2026-05-06 18:00:00;4702,97000;4683,14000;4701,24330;4723,82223;4718,91456;4677,23097;4615,45745;4589,58732;4578,88439;4560,46499;;;;30,71040;31,05112;34,74054;22,57893;0,73522;DOWNTREND;REVERSAL_TO_HMA8;False;;0;8;HMA8:DOWN|HMA13:DOWN|HMA21:UP;1;2;False;True;;;;;8;8;;8;;8;False;DOWN;2,52000;5.61%;DOWN;27,96000;62.14%;UP;26,56000;59.02%
2026-05-06 20:00:00;4682,95000;4686,04000;4689,14806;4715,95266;4724,30410;4689,29267;4627,82941;4596,47816;4584,41123;4565,12664;;;;29,33965;31,59000;33,81439;35,15604;1,19824;DOWNTREND;;False;;0;8;HMA8:DOWN|HMA13:DOWN|HMA21:UP;1;2;False;True;;;;34;8;8;34;;34;;True;DOWN;-13,61000;30.25%;DOWN;20,04000;44.53%;UP;27,85000;61.9%
2026-05-06 22:00:00;4686,08000;4690,56000;4686,18765;4706,48175;4726,09121;4699,35779;4639,65802;4603,35219;4589,91775;4569,93581;;;;28,32682;32,33363;32,48291;39,90356;1,40868;DOWNTREND;;False;;0;8;HMA8:DOWN|HMA13:DOWN|HMA21:UP;1;2;False;True;;;;8,34;8;8;8,34;;8,34;;True;DOWN;-15,59000;34.64%;DOWN;8,82000;19.6%;UP;27,63000;61.41%
2026-05-07 00:00:00;4693,45000;4694,84000;4688,08798;4699,51823;4725,30299;4707,99484;4650,93196;4610,18426;4595,37671;4574,84097;;;;27,04562;33,02415;32,29588;37,21501;1,37601;DOWNTREND;;False;;0;8;HMA8:UP|HMA13:DOWN|HMA21:DOWN;1;2;False;True;;;;8,34;8;8;;;;;False;UP;-12,99000;28.87%;DOWN;-2,99000;6.64%;DOWN;26,37000;58.6%
2026-05-07 02:00:00;4694,81000;4688,55000;4689,84819;4694,74975;4722,33503;4714,80446;4661,39814;4616,81098;4600,67603;4579,73327;;;;26,23236;33,40825;32,82989;32,48684;1,23843;DOWNTREND;;False;;0;8;HMA8:UP|HMA13:DOWN|HMA21:DOWN;1;2;False;True;8,13;;8,13;8,34;8,13;8,13;;8,13;;13;False;UP;-6,20000;13.77%;DOWN;-9,71000;21.57%;DOWN;23,59000;52.43%
2026-05-07 04:00:00;4688,63000;4707,29000;4697,45922;4695,41763;4719,80694;4721,13536;4671,60022;4623,43668;4605,96074;4584,69097;;;;26,93219;34,30369;38,64175;24,38931;0,90558;UPTREND;REVERSAL_TO_HMA8;False;;2;8,13;HMA8:UP|HMA13:UP|HMA21:DOWN;2;1;True;False;;;;8,13;;8,13;8,13;;8,13;;False;UP;4,41000;9.8%;UP;-11,26000;25.01%;DOWN;19,05000;42.33%
2026-05-07 06:00:00;4707,03000;4696,37000;4700,97283;4697,13023;4716,39961;4726,07055;4681,08717;4629,88316;4611,10510;4589,60797;;;;26,26489;35,13516;47,06771;19,26938;0,73366;UPTREND;;False;;1;8,13;HMA8:UP|HMA13:UP|HMA21:DOWN;2;1;True;False;;;;8,13;8,13;8,13;;8,13;;8,13;False;UP;8,01000;17.8%;UP;-9,61000;21.36%;DOWN;14,49000;32.2%
2026-05-07 08:00:00;4696,38000;4739,12000;4716,80302;4707,77232;4717,41816;4731,84938;4690,98773;4636,74676;4616,52320;4594,72687;;;;28,34954;36,76296;49,89048;9,64584;0,34025;UPTREND;ADVANCE_HMA34;False;;0;8,13;HMA8:UP|HMA13:UP|HMA21:UP;3;0;True;False;13,21,34;13,21,34;;8,13,21,34;8,13;8,13,21,34;8,13,21,34;;21,34;;False;UP;14,21000;31.58%;UP;-2,75000;6.12%;UP;9,07000;20.16%
2026-05-07 10:00:00;4738,48000;4730,97000;4732,22659;4719,84071;4720,96487;4737,31465;4700,80345;4643,83154;4622,12667;4599,95234;;;;27,93672;38,33282;51,48899;12,38588;0,44336;UPTREND;;False;;0;8,13;HMA8:UP|HMA13:UP|HMA21:UP;3;0;True;False;13,21,34;13,21,34;;8,13,21,34;8,13,34;8,13,21,34;;8,34;;8,34;True;UP;20,77000;46.15%;UP;4,56000;10.13%;UP;5,99000;13.31%
2026-05-07 12:00:00;4731,13000;4735,72000;4740,52235;4731,76832;4726,04220;4742,27986;4710,46268;4651,16233;4627,91807;4605,29255;;;;27,23267;39,18096;55,63901;14,48015;0,53172;UPTREND;;False;;0;8,13;HMA8:UP|HMA13:UP|HMA21:UP;3;0;True;False;8,13,21,34;8,13,21,34;;8,13,21,34;8,13,34;8,13,21,34;8,13;;;;False;UP;21,57000;47.93%;UP;11,17000;24.81%;UP;3,72000;8.27%
2026-05-07 14:00:00;4735,92000;4750,06000;4750,00069;4743,37955;4733,36992;4747,16374;4720,14923;4658,84946;4633,99804;4610,82034;;;;27,10105;40,23631;54,97135;16,63077;0,61366;UPTREND;;False;;0;8,13;HMA8:UP|HMA13:UP|HMA21:UP;3;0;True;False;8,13,21,34;8,13,21,34;;8,13,21,34;8,13,34;8,13,21,34;8,13,34;;;;False;UP;24,34000;54.08%;UP;16,65000;37.0%;UP;3,05000;6.78%
2026-05-07 16:00:00;4750,18000;4762,79000;4759,65206;4755,65754;4742,30042;4752,41389;4729,98077;4666,95700;4640,42043;4616,57166;;;;27,45526;41,42608;50,97296;17,35164;0,63200;UPTREND;;False;;0;8,13;HMA8:UP|HMA13:UP|HMA21:UP;3;0;True;False;8,13,21,34;8,13,21,34;;8,13,21,34;8,13,34;8,13,21,34;8,13,34;;;;False;UP;21,31000;47.37%;UP;20,09000;44.64%;UP;3,75000;8.33%
2026-05-07 18:00:00;4762,79000;4714,98000;4748,41335;4755,90860;4746,52967;4754,82508;4738,38309;4674,73194;4646,66857;4622,20491;;;;29,80203;40,88339;53,63243;9,37892;0,31471;UPTREND;;False;;0;8,13;HMA8:DOWN|HMA13:UP|HMA21:UP;2;1;True;False;8,13,21,34;8,13,21,34;;8,13,21,34;8,13,21,34,55;8,13,21,34;;8,13,21,34,55;;8,13,21,34,55;True;DOWN;7,73000;17.18%;UP;18,20000;40.44%;UP;3,92000;8.72%
2026-05-07 20:00:00;4715,30000;4709,69000;4727,60178;4745,89693;4746,31045;4754,76130;4745,21564;4682,08195;4652,67807;4627,66632;;;;29,93974;39,52739;56,19838;18,70867;0,62488;UPTREND;;False;;0;8,13;HMA8:DOWN|HMA13:DOWN|HMA21:DOWN;0;3;False;True;8,13,21,34;8,13,21,34;;8,13,21,34;8,13,21,34,55;8,13,21,34;;;;;False;DOWN;-6,16000;13.68%;DOWN;11,98000;26.63%;DOWN;4,01000;8.92%
2026-05-07 22:00:00;4709,97000;4688,23000;4702,33115;4727,38115;4740,37505;4751,70223;4749,91587;4688,69759;4658,24434;4632,80613;;;;30,16404;38,18270;56,87359;38,04390;1,26123;DOWNTREND;REVERSAL_TO_HMA89;False;;0;8;HMA8:DOWN|HMA13:DOWN|HMA21:DOWN;0;3;False;True;;;;;8,89;8;;8,89;;8,89;False;DOWN;-21,56000;47.91%;DOWN;2,39000;5.3%;DOWN;3,42000;7.61%
2026-05-08 00:00:00;4679,43000;4685,87000;4681,86926;4707,72145;4730,63237;4746,48651;4752,72251;4694,59052;4663,35294;4637,61252;;;;29,57804;36,50135;57,26126;48,76311;1,64863;DOWNTREND;;False;;0;8;HMA8:DOWN|HMA13:DOWN|HMA21:DOWN;0;3;False;True;;;;8;8,89;8;8;;8;;True;DOWN;-33,32000;74.05%;DOWN;-7,72000;17.15%;DOWN;2,10000;4.66%
2026-05-08 02:00:00;4685,61000;4701,37000;4680,23974;4693,74183;4721,45657;4740,84562;4754,29064;4699,98964;4668,17262;4642,19211;;;;29,24104;35,30135;58,17948;41,21683;1,40955;DOWNTREND;;False;;0;8;HMA8:DOWN|HMA13:DOWN|HMA21:DOWN;0;3;False;True;;;;8,13,89;8,89;8;13,89;;13,89;;True;DOWN;-30,24000;67.19%;DOWN;-15,80000;35.11%;DOWN;0,99000;2.2%
2026-05-08 04:00:00;4701,24000;4713,33000;4692,10369;4688,97301;4714,43305;4736,23355;4755,10853;4705,10512;4672,80993;4646,61544;;;;29,43525;34,92688;60,14494;25,46004;0,86495;DOWNTREND;;False;;0;8;HMA8:UP|HMA13:DOWN|HMA21:DOWN;1;2;False;True;;;;8,13,89;8,89;8;89;;89;;True;UP;-16,78000;37.28%;DOWN;-20,69000;45.97%;DOWN;-0,58000;1.29%
2026-05-08 06:00:00;4713,27000;4711,04000;4705,12226;4691,37290;4709,51385;4732,43056;4755,25512;4709,91767;4677,26311;4650,86317;;;;28,89916;34,57915;60,69764;18,14095;0,62773;DOWNTREND;;False;;0;8;HMA8:UP|HMA13:UP|HMA21:DOWN;2;1;True;False;21;;21;8,13,89;8,21,89;8;;21;;21;False;UP;1,38000;3.07%;UP;-20,41000;45.37%;DOWN;-2,27000;5.04%
2026-05-08 08:00:00;4711,04000;4725,66000;4719,11730;4700,08676;4707,73885;4730,11933;4755,33030;4714,64907;4681,67552;4655,02432;;;;28,60779;34,36638;59,70372;19,03054;0,66522;UPTREND;REVERSAL_TO_HMA8;False;;0;8;HMA8:UP|HMA13:UP|HMA21:DOWN;2;1;True;False;;;;8,89;;8,89;8,89;;8,89;;False;UP;18,03000;40.07%;UP;-14,94000;33.21%;DOWN;-3,66000;8.14%
2026-05-08 10:00:00;4725,30000;4715,74000;4724,23211;4708,96964;4706,90197;4728,22548;4755,06856;4719,18681;4685,95282;4659,04975;;;;28,65938;33,42823;60,74399;17,33014;0,60469;UPTREND;;False;;0;8;HMA8:UP|HMA13:UP|HMA21:DOWN;2;1;True;False;;;;8,89;8,89;8,89;;8,89;;8,89;True;UP;20,99000;46.65%;UP;-6,11000;13.58%;DOWN;-5,28000;11.73%
2026-05-08 12:00:00;4716,10000;4719,76000;4724,08646;4716,57234;4707,35150;4726,62342;4754,62652;4723,62136;4690,15941;4662,98235;;;;28,05442;32,60625;57,52956;16,73497;0,59652;UPTREND;;False;;0;8;HMA8:DOWN|HMA13:UP|HMA21:UP;2;1;True;False;13,89;13,89;;8,13,89;8,89;8,13,89;13,89;;13;;False;DOWN;15,91000;35.35%;UP;3,01000;6.69%;UP;-7,10000;15.78%
2026-05-08 14:00:00;4719,81000;4724,36000;4724,86507;4722,19225;4709,74900;4725,30864;4754,07386;4727,97823;4694,38157;4666,86798;;;;28,13411;31,56328;58,15235;15,11607;0,53729;UPTREND;;False;;0;8;HMA8:UP|HMA13:UP|HMA21:UP;3;0;True;False;8,13,89;8,13,89;;8,13,89;8,89;8,13,89;8,13,89;;;;False;UP;9,95000;22.11%;UP;9,57000;21.26%;UP;-7,45000;16.55%
2026-05-08 16:00:00;4724,37000;4715,91000;4721,83244;4724,19213;4712,31226;4723,74757;4753,11762;4732,09917;4698,53709;4670,67154;;;;28,69738;31,26537;59,79524;11,87987;0,41397;UPTREND;;False;;0;8;HMA8:DOWN|HMA13:UP|HMA21:UP;2;1;True;False;8,13,89;8,13,89;;8,13,89;8,13,34,89;8,13,89;;8,13,34;;8,13,34;True;DOWN;1,35000;3.01%;UP;11,56000;25.69%;UP;-6,76000;15.01%
2026-05-08 18:00:00;4715,92000;4712,39000;4717,11939;4722,91874;4714,53653;4721,71914;4751,72744;4735,87841;4702,59024;4674,39870;;;;27,99471;30,30998;59,20546;8,38221;0,29942;DOWNTREND;REVERSAL_TO_HMA21;False;;0;21;HMA8:DOWN|HMA13:DOWN|HMA21:UP;1;2;False;True;;;;;21;;;21;;21;False;DOWN;-3,63000;8.08%;DOWN;10,64000;23.64%;UP;-5,27000;11.72%
2026-05-08 20:00:00;4712,37000;4721,88000;4716,96270;4721,63855;4716,95394;4720,11523;4750,28661;4739,39729;4706,60678;4678,11484;;;;27,18795;29,74057;57,78085;4,68461;0,17230;DOWNTREND;;False;;0;21;HMA8:DOWN|HMA13:DOWN|HMA21:UP;1;2;False;True;;;;8,13,21,34;21;;8,13,21,34;;8,13,21,34;;True;DOWN;-3,75000;8.33%;DOWN;7,53000;16.72%;UP;-2,88000;6.4%
2026-05-08 22:00:00;4721,87000;4715,10000;4716,22320;4719,89674;4718,23807;4718,58650;4748,61010;4742,53320;4710,49149;4681,77294;;;;26,13238;29,21183;60,32773;3,67354;0,14057;DOWNTREND;;False;;0;21;HMA8:DOWN|HMA13:DOWN|HMA21:UP;1;2;False;True;8,13,21,34;;8,13,21,34;8,13,21,34;8,13,21,34;8,13,34;;8,13,21,34;;8,13,21,34;False;DOWN;-4,73000;10.5%;DOWN;3,99000;8.86%;UP;-0,71000;1.57%
2026-05-11 00:00:00;4686,02000;4691,74000;4706,42769;4712,95024;4716,13285;4715,98534;4746,16792;4744,97409;4714,01800;4685,21514;;;;26,85578;27,42390;60,81087;9,70516;0,36138;DOWNTREND;;False;;0;21;HMA8:DOWN|HMA13:DOWN|HMA21:DOWN;0;3;False;True;8,13,21,34;;8,13,21,34;8,13,21,34;8,13,21,34;8,13,34;;;;;False;DOWN;-8,16000;18.13%;DOWN;-1,29000;2.86%;DOWN;0,36000;0.81%
2026-05-11 02:00:00;4691,61000;4683,35000;4692,15094;4701,85079;4710,94317;4712,39387;4742,86637;4746,65421;4717,13372;4688,39055;;;;26,95465;26,13000;56,67045;18,79223;0,69718;DOWNTREND;;False;;0;21;HMA8:DOWN|HMA13:DOWN|HMA21:DOWN;0;3;False;True;8,13,21,34,144;;8,13,21,34,144;8,13,21,34;8,13,21,34,144;8,13,34;;144;;144;False;DOWN;-13,04000;28.97%;DOWN;-7,17000;15.93%;DOWN;0,30000;0.68%
2026-05-11 04:00:00;4684,69000;4681,65000;4680,17298;4690,38138;4703,74859;4708,29127;4738,84125;4747,63777;4719,85425;4691,30288;;;;27,23004;24,58063;57,60949;23,57561;0,86579;DOWNTREND;;False;;0;21;HMA8:DOWN|HMA13:DOWN|HMA21:DOWN;0;3;False;True;8,13,21,34,144;;8,13,21,34,144;8,13,21,34;8,13,21,34,144;8,13,34;;8;;;False;DOWN;-18,66000;41.47%;DOWN;-11,69000;25.98%;DOWN;-0,84000;1.87%
2026-05-11 06:00:00;4681,39000;4671,99000;4670,44107;4679,26676;4695,15722;4703,41273;4734,03206;4747,86391;4722,13241;4693,91205;;;;26,84789;23,42126;56,44274;24,71615;0,92060;DOWNTREND;;False;;0;21;HMA8:DOWN|HMA13:DOWN|HMA21:DOWN;0;3;False;True;8,13,21,34,144;;8,13,21,34,144;8,13,21,34;8,13,21,34,144;8,13,34;;8,13;;;False;DOWN;-23,09000;51.31%;DOWN;-15,16000;33.69%;DOWN;-2,50000;5.57%
2026-05-11 08:00:00;4671,99000;4678,44000;4668,44048;4671,39125;4687,32925;4698,59727;4728,82017;4747,51527;4724,06783;4696,28212;;;;27,24661;23,17504;47,97794;18,88877;0,69325;DOWNTREND;;False;;0;21;HMA8:DOWN|HMA13:DOWN|HMA21:DOWN;0;3;False;True;8,13,21,34,144;;8,13,21,34,144;8,13,21,34;8,13,21,34,144;8,13,34;13;;13;;True;DOWN;-19,22000;42.7%;DOWN;-17,09000;37.97%;DOWN;-4,20000;9.34%
2026-05-11 10:00:00;4678,86000;4667,50000;4666,93672;4664,93114;4679,48770;4693,44836;4723,06796;4746,53995;4725,59276;4698,36891;;;;26,44686;22,94641;47,35226;14,55657;0,55041;DOWNTREND;;False;;0;21;HMA8:DOWN|HMA13:DOWN|HMA21:DOWN;0;3;False;True;8,13,21,34,144;;8,13,21,34,144;8,13,21,34;8,13,21,34,144;8,13,34;;8,13;;;False;DOWN;-13,41000;29.79%;DOWN;-19,11000;42.46%;DOWN;-6,53000;14.51%
2026-05-11 12:00:00;4667,41000;4663,82000;4663,73028;4660,35260;4671,85946;4687,90765;4716,94476;4744,97625;4726,72447;4700,17253;;;;25,94779;23,24735;46,77276;11,50686;0,44346;DOWNTREND;;False;;0;21;HMA8:DOWN|HMA13:DOWN|HMA21:DOWN;0;3;False;True;8,13,21,34,144;;8,13,21,34,144;8,13,21,34;8,13,21,34,144;8,13,34;;8,13;;;False;DOWN;-9,00000;20.0%;DOWN;-18,67000;41.48%;DOWN;-8,86000;19.69%
2026-05-11 14:00:00;4663,99000;4699,95000;4675,67500;4665,18120;4668,98640;4684,16828;4711,64745;4743,39103;4727,84249;4701,94795;;;;26,74724;21,89362;47,61421;10,49380;0,39233;UPTREND;REVERSAL_TO_HMA34;False;;2;8,13,21;HMA8:UP|HMA13:UP|HMA21:DOWN;2;1;True;False;;;;8,13,21,34;;8,13;8,13,21,34;;8,13,21,34;;False;UP;2,80000;6.22%;UP;-12,87000;28.6%;DOWN;-9,66000;21.48%
2026-05-11 16:00:00;4700,01000;4725,54000;4701,07750;4680,83783;4672,47813;4683,39790;4707,86972;4742,15414;4729,17520;4703,86656;;;;28,39172;21,73080;50,64181;28,59937;1,00731;UPTREND;ADVANCE_HMA55;False;;1;8,13,21;HMA8:UP|HMA13:UP|HMA21:UP;3;0;True;False;8,55,144;8,55,144;;8,13,21,34,55,144;;8,13,144;8,55,144;;55,144;;False;UP;16,03000;35.63%;UP;-3,21000;7.13%;UP;-8,90000;19.78%
2026-05-11 18:00:00;4725,54000;4716,50000;4720,26802;4698,45875;4679,58226;4684,37876;4705,19451;4741,11954;4730,61518;4705,86565;;;;28,52374;21,57961;50,74692;40,68575;1,42638;UPTREND;;False;;0;8,13,21;HMA8:UP|HMA13:UP|HMA21:UP;3;0;True;False;8,55,144;8,55,144;;8,13,21,34,55,144;8;8,13,144;;8;;8;False;UP;25,05000;55.67%;UP;6,40000;14.22%;UP;-7,72000;17.15%
2026-05-11 20:00:00;4716,44000;4724,84000;4732,18346;4714,59819;4689,52827;4687,15336;4703,71148;4740,37077;4732,22316;4707,99708;;;;27,44633;21,43922;48,75384;42,65519;1,55413;UPTREND;;False;;0;8,13,21;HMA8:UP|HMA13:UP|HMA21:UP;3;0;True;False;8,55,144;8,55,144;;8,13,21,34,55,144;8;8,13,144;8;;;;False;UP;31,94000;70.99%;UP;14,70000;32.67%;UP;-5,54000;12.3%
2026-05-11 22:00:00;4724,89000;4735,05000;4739,34196;4729,22471;4701,10568;4691,57083;4703,49819;4739,99453;4734,04699;4710,32252;;;;26,63659;21,60919;48,46623;38,23629;1,43548;UPTREND;;False;;0;8,13,21;HMA8:UP|HMA13:UP|HMA21:UP;3;0;True;False;8,13,55,116,144;8,13,55,116,144;;8,13,21,34,55,116,144;8;8,13,116,144;8,13,116;;116;;False;UP;30,86000;68.58%;UP;21,91000;48.7%;UP;-2,12000;4.7%
2026-05-12 00:00:00;4738,16000;4750,89000;4747,38785;4744,02267;4714,42899;4697,63831;4704,76898;4740,13310;4736,17348;4712,92776;;;;26,16469;22,26974;46,42061;32,95886;1,25967;UPTREND;;False;;0;8,13,21;HMA8:UP|HMA13:UP|HMA21:UP;3;0;True;False;8,13,55,89,116,144;8,13,55,89,116,144;;8,13,21,34,55,89,116,144;8;8,13,89,116,144;8,13,89;;89;;False;UP;23,87000;53.04%;UP;28,06000;62.35%;UP;2,34000;5.19%
2026-05-12 02:00:00;4751,48000;4749,25000;4754,05826;4754,70189;4727,96760;4704,61025;4707,08041;4740,65944;4738,51347;4715,76692;;;;26,24221;23,37229;41,94815;26,73429;1,01875;UPTREND;;False;;0;8,13,21;HMA8:UP|HMA13:UP|HMA21:UP;3;0;True;False;8,13,55,89,116,144;8,13,55,89,116,144;;8,13,21,34,55,89,116,144;8,13;8,13,89,116,144;;8,13;;8,13;True;UP;17,84000;39.65%;UP;29,62000;65.82%;UP;7,13000;15.84%
2026-05-12 04:00:00;4748,28000;4730,00000;4749,12606;4756,44049;4738,16056;4711,07904;4709,52017;4741,23623;4740,81003;4718,67997;;;;26,87420;23,11260;41,83103;18,27993;0,68020;UPTREND;;False;;0;8,13,21;HMA8:DOWN|HMA13:UP|HMA21:UP;2;1;True;False;8,13,55,89,116,144;8,13,55,89,116,144;;8,13,21,34,55,89,116,144;8,13,21,89,116;8,13,89,116,144;;21,89,116;;21,89,116;True;DOWN;8,96000;19.9%;UP;25,12000;55.82%;UP;10,71000;23.8%
2026-05-12 06:00:00;4730,02000;4714,11000;4733,47702;4749,27995;4743,20248;4715,98305;4711,48055;4741,59431;4742,86998;4721,53902;;;;26,52104;22,46400;41,19304;15,80293;0,59586;DOWNTREND;REVERSAL_TO_HMA34;False;;0;;HMA8:DOWN|HMA13:DOWN|HMA21:UP;1;2;False;True;;;;;34,144;;;34,144;;34,144;False;DOWN;-3,16000;7.03%;DOWN;17,71000;39.36%;UP;13,51000;30.02%
2026-05-12 08:00:00;4713,91000;4696,99000;4711,49631;4734,45009;4741,97426;4718,59315;4712,50777;4741,45361;4744,50008;4724,21389;;;;26,60740;21,16572;40,87769;30,47794;1,14547;DOWNTREND;ADVANCE_HMA8;False;;0;;HMA8:DOWN|HMA13:DOWN|HMA21:DOWN;0;3;False;True;8,55;;8,55;;8,34,55,144;8;;8,55;;8,55;False;DOWN;-18,64000;41.41%;DOWN;7,09000;15.75%;DOWN;14,76000;32.81%
2026-05-12 10:00:00;4697,36000;4703,29000;4696,83017;4719,06248;4736,96180;4719,79305;4712,85791;4740,93558;4745,73575;4726,73432;;;;26,08544;19,67818;40,61150;40,13163;1,53847;DOWNTREND;;False;;0;;HMA8:DOWN|HMA13:DOWN|HMA21:DOWN;0;3;False;True;8,55;;8,55;8;8,34,55,144;8;8;;8;;True;DOWN;-28,74000;63.87%;DOWN;-3,71000;8.26%;DOWN;14,61000;32.46%
2026-05-12 12:00:00;4703,21000;4694,35000;4689,14615;4704,15831;4729,12932;4719,57953;4712,39897;4739,97055;4746,50338;4729,02323;4694,98817;;;25,88505;18,33840;40,40026;39,98317;1,54464;DOWNTREND;;False;;0;;HMA8:DOWN|HMA13:DOWN|HMA21:DOWN;0;3;False;True;8,55,188;;8,55,188;8;8,34,55,144,188;8;;8,188;;188;False;DOWN;-30,08000;66.85%;DOWN;-14,40000;31.99%;DOWN;12,34000;27.43%
2026-05-12 14:00:00;4694,34000;4705,66000;4691,22719;4695,27761;4721,60866;4719,13135;4711,62679;4738,75799;4746,95190;4731,13316;4697,37023;;;25,77112;17,09588;41,26535;30,38148;1,17890;DOWNTREND;;False;;0;;HMA8:UP|HMA13:DOWN|HMA21:DOWN;1;2;False;True;8,55,188;;8,55,188;8,13,188;8,34,55,144,188;8;13,188;;13,188;;True;UP;-22,29000;49.53%;DOWN;-21,02000;46.72%;DOWN;9,26000;20.58%
2026-05-12 16:00:00;4705,52000;4672,83000;4685,51757;4685,08756;4711,39483;4716,83261;4709,87882;4736,89844;4746,79582;4732,85065;4699,48988;;;26,71604;16,53204;47,63796;26,30726;0,98470;DOWNTREND;;False;;0;;HMA8:DOWN|HMA13:DOWN|HMA21:DOWN;0;3;False;True;8,13,55,188;;8,13,55,188;8,13,188;8,13,34,55,144,188;8,13;;8,13,188;;13,188;False;DOWN;-13,66000;30.36%;DOWN;-24,00000;53.32%;DOWN;4,68000;10.4%
2026-05-12 18:00:00;4672,75000;4671,17000;4674,91272;4675,71674;4699,66101;4713,06017;4707,45523;4734,48253;4746,07961;4734,19235;4701,35352;;;27,50704;17,06943;39,72614;24,74829;0,89971;DOWNTREND;;False;;0;;HMA8:DOWN|HMA13:DOWN|HMA21:DOWN;0;3;False;True;8,13,55,188;;8,13,55,188;8,13,188;8,13,34,55,144,188;8,13;;;;;False;DOWN;-11,27000;25.04%;DOWN;-24,02000;53.39%;DOWN;-0,30000;0.67%
2026-05-12 20:00:00;4671,24000;4695,95000;4677,25769;4673,30391;4690,58881;4709,53181;4705,28869;4731,97343;4745,09977;4735,33235;4703,09638;;;27,46296;16,60006;37,40611;17,28490;0,62939;DOWNTREND;;False;;0;;HMA8:UP|HMA13:DOWN|HMA21:DOWN;1;2;False;True;8,13,55,188;;8,13,55,188;8,13,21,188;8,13,34,55,144,188;8,13;8,13,21;;8,13,21;;True;UP;-6,18000;13.73%;DOWN;-20,36000;45.24%;DOWN;-4,96000;11.03%
2026-05-12 22:00:00;4696,11000;4714,84000;4692,22572;4680,31879;4686,48405;4707,30439;4703,96051;4729,71260;4744,08724;4736,39817;4704,81361;;;27,16061;15,46864;36,66591;11,90693;0,43839;UPTREND;REVERSAL_TO_HMA34;False;;0;;HMA8:UP|HMA13:UP|HMA21:DOWN;2;1;True;False;;;;34,55,188;;188;34,55,188;;34,55,188;;False;UP;0,53000;1.17%;UP;-13,37000;29.72%;DOWN;-8,68000;19.3%
2026-05-13 00:00:00;4715,63000;4717,00000;4710,03141;4692,19990;4687,25811;4706,11985;4703,42099;4727,74830;4743,10465;4737,40727;4706,51920;;;25,92199;14,53504;36,27793;22,77329;0,87853;UPTREND;;False;;0;;HMA8:UP|HMA13:UP|HMA21:UP;3;0;True;False;;;;34,55,188;;188;;;;;False;UP;13,30000;29.56%;UP;-4,40000;9.77%;UP;-11,11000;24.69%
2026-05-13 02:00:00;4717,00000;4714,46000;4721,15070;4703,59241;4690,95737;4705,73040;4703,50087;4726,05472;4742,15365;4738,35427;4708,20826;;;24,96614;13,82889;35,89137;30,19333;1,20937;UPTREND;;False;;0;;HMA8:UP|HMA13:UP|HMA21:UP;3;0;True;False;;;;34,55,188;8;188;;8;;8;True;UP;24,84000;55.21%;UP;3,18000;7.06%;UP;-11,82000;26.27%
2026-05-13 04:00:00;4714,68000;4692,01000;4714,80887;4708,35961;4693,37451;4704,57424;4703,49140;4724,31201;4741,04009;4739,11083;4709,79175;;;25,28356;13,50393;36,89871;21,43436;0,84776;UPTREND;;False;;0;;HMA8:DOWN|HMA13:UP|HMA21:UP;2;1;True;False;;;;34,55,188;8,13,21,34,55,188;188;;13,21,34,55,188;;13,21,34,55,188;True;DOWN;20,37000;45.27%;UP;8,72000;19.38%;UP;-10,88000;24.18%
2026-05-13 06:00:00;4691,92000;4699,55000;4704,74706;4709,32072;4695,12858;4702,99139;4703,64410;4722,65175;4739,85839;4739,74323;4711,32279;;;24,68687;13,20218;41,18416;14,19214;0,57489;UPTREND;;False;;0;;HMA8:DOWN|HMA13:UP|HMA21:UP;2;1;True;False;21;21;;21,34,55,188;8,13,21,34,55,188;21,188;21;;21;;False;DOWN;7,23000;16.06%;UP;12,78000;28.4%;UP;-9,62000;21.37%
2026-05-13 08:00:00;4699,55000;4701,63000;4699,10509;4707,65742;4696,73048;4701,21124;4703,86918;4721,10939;4738,65398;4740,27019;4712,81862;;;24,47424;12,51095;47,71148;10,92694;0,44647;UPTREND;;False;;0;;HMA8:DOWN|HMA13:DOWN|HMA21:UP;1;2;False;True;8,21,34;8,21,34;;8,21,34,55,188;8,13,21,34,55,188;21,188;8,34;;8,34;;False;DOWN;-6,37000;14.15%;DOWN;13,17000;29.26%;UP;-7,54000;16.76%
2026-05-13 10:00:00;4701,71000;4700,65000;4697,03167;4704,85901;4698,25063;4699,47030;4703,98119;4719,69559;4737,43402;4740,68323;4714,27650;;;23,74465;11,86908;49,49708;7,82734;0,32965;UPTREND;;False;;0;;HMA8:DOWN|HMA13:DOWN|HMA21:UP;1;2;False;True;8,21,34;8,21,34;;8,21,34,55,188;8,13,21,34,55,188;21,34,188;;34;;34;False;DOWN;-14,25000;31.66%;DOWN;9,77000;21.72%;UP;-5,62000;12.48%
2026-05-13 12:00:00;4700,69000;4694,15000;4695,94439;4700,63987;4699,33999;4697,73597;4703,75674;4718,27751;4736,15622;4740,94461;4715,66511;;;23,80146;11,62755;49,12468;4,69548;0,19728;DOWNTREND;REVERSAL_TO_HMA8;False;;2;8,13,21;HMA8:DOWN|HMA13:DOWN|HMA21:UP;1;2;False;True;;;;;8,13,21,34;8,13,34;;8,13,21,34;;8,13,21;False;DOWN;-11,21000;24.91%;DOWN;3,38000;7.52%;UP;-2,90000;6.44%
2026-05-13 14:00:00;4694,14000;4683,80000;4690,49356;4694,59303;4698,42281;4695,77407;4702,97020;4716,67887;4734,72098;4740,99030;4716,94335;;;24,18136;11,79354;50,25957;7,92926;0,32791;DOWNTREND;;False;;1;8,13,21;HMA8:DOWN|HMA13:DOWN|HMA21:DOWN;0;3;False;True;8;;8;;8,13,21,34;8,13,34;;8;;;False;DOWN;-8,38000;18.63%;DOWN;-3,55000;7.89%;DOWN;-0,29000;0.65%
2026-05-13 16:00:00;4683,56000;4679,76000;4682,85909;4688,06352;4695,30958;4693,48637;4701,63806;4714,85496;4733,08956;4740,81146;4718,09985;;;24,24483;12,21001;50,46282;12,45048;0,51353;DOWNTREND;;False;;0;8,13,21;HMA8:DOWN|HMA13:DOWN|HMA21:DOWN;0;3;False;True;8;;8;;8,13,21,34;8,13,34;;8;;;False;DOWN;-9,51000;21.13%;DOWN;-7,94000;17.65%;DOWN;1,12000;2.48%
2026-05-13 18:00:00;4680,00000;4695,68000;4683,56767;4685,35068;4692,64241;4691,92166;4700,30919;4713,06224;4731,43209;4740,51232;4719,21731;;;24,71377;11,80854;51,19409;9,07475;0,36719;DOWNTREND;;False;;0;8,13,21;HMA8:UP|HMA13:DOWN|HMA21:DOWN;1;2;False;True;8;;8;8,13,21,34;8,13,21,34;8,13,34;8,13,21,34;;8,13,21,34;;True;UP;-7,76000;17.24%;DOWN;-9,18000;20.41%;DOWN;1,43000;3.17%
2026-05-13 20:00:00;4695,71000;4684,93000;4684,62965;4683,39118;4689,67574;4690,37266;4698,64874;4711,18198;4729,67095;4740,01527;4720,23954;;;24,63422;11,49516;49,44361;6,28456;0,25511;DOWNTREND;;False;;0;8,13,21;HMA8:UP|HMA13:DOWN|HMA21:DOWN;1;2;False;True;8,13,21,34;;8,13,21,34;8,13,21,34;8,13,21,34;8,13,21,34;;13,21,34;;21;False;UP;-6,55000;14.56%;DOWN;-9,32000;20.72%;DOWN;0,56000;1.25%
2026-05-13 22:00:00;4684,77000;4688,43000;4686,22507;4683,00752;4687,46812;4689,13320;4696,84643;4709,30769;4727,87335;4739,35201;4721,17874;;;23,59463;11,20417;62,56392;4,46060;0,18905;DOWNTREND;;False;;0;8,13,21;HMA8:UP|HMA13:DOWN|HMA21:DOWN;1;2;False;True;8,13,21,34;;8,13,21,34;8,13,21,34;8,13,21,34;8,13,21,34;8,21;;8,21;;True;UP;-2,59000;5.75%;DOWN;-8,77000;19.5%;DOWN;-0,85000;1.88%
2026-05-14 00:00:00;4692,10000;4700,10000;4692,71554;4686,08114;4687,36721;4688,81497;4695,32410;4707,60120;4726,17117;4738,61225;4722,09068;;;22,77501;10,53708;60,63776;6,63440;0,29130;UPTREND;REVERSAL_TO_HMA55;False;;0;8;HMA8:UP|HMA13:UP|HMA21:DOWN;2;1;True;False;;;;8,55;;8;8,55;;8,55;;False;UP;6,18000;13.72%;UP;-6,08000;13.51%;DOWN;-1,51000;3.36%
2026-05-14 02:00:00;4699,88000;4704,99000;4700,18515;4692,40611;4688,96367;4689,46002;4694,24055;4706,12990;4724,60216;4737,83818;4723,00213;;;22,38180;9,98530;59,83192;11,22148;0,50137;UPTREND;;False;;0;8;HMA8:UP|HMA13:UP|HMA21:UP;3;0;True;False;8;8;;8,55;;8;8;;;;False;UP;10,52000;23.37%;UP;-0,93000;2.07%;UP;-1,58000;3.51%
2026-05-14 04:00:00;4704,98000;4686,30000;4698,86630;4695,12050;4689,72367;4689,58855;4693,07833;4704,63800;4722,98481;4736,92378;4723,83239;;;22,70310;9,58440;62,09438;9,14263;0,40270;UPTREND;;False;;0;8;HMA8:DOWN|HMA13:UP|HMA21:UP;2;1;True;False;8;8;;8,55;8,13,21,34,55,89;8;;8,13,21,34,55,89;;8,13,21,34,55,89;True;DOWN;8,91000;19.8%;UP;2,97000;6.59%;UP;-1,77000;3.93%
2026-05-14 06:00:00;4686,40000;4702,46000;4699,26396;4697,67275;4691,45270;4690,12898;4692,31111;4703,37337;4721,49105;4735,98438;4724,66338;;;24,21359;9,78150;72,32908;7,81126;0,32260;UPTREND;;False;;0;8;HMA8:UP|HMA13:UP|HMA21:UP;3;0;True;False;8,13,21,34,55;8,13,21,34,55;;8,13,21,34,55;8,13,21,34,55,89;8,13,21,34;8,13,21,34,55;;13,21,34,55;;False;UP;7,67000;17.04%;UP;4,85000;10.77%;UP;-1,61000;3.57%
2026-05-14 08:00:00;4702,62000;4700,20000;4700,21428;4699,77973;4693,43605;4690,76399;4691,83302;4702,29918;4720,10249;4735,01338;4725,47906;;;23,77262;9,96453;72,28382;6,77823;0,28513;UPTREND;;False;;0;8;HMA8:UP|HMA13:UP|HMA21:UP;3;0;True;False;8,13,21,34,55;8,13,21,34,55;;8,13,21,34,55;8,13,21,34,55,89;8,13,21,34;;8,89;;8,89;True;UP;4,51000;10.02%;UP;6,55000;14.57%;UP;-1,42000;3.16%
2026-05-14 10:00:00;4699,43000;4693,29000;4697,67033;4700,18150;4694,82618;4691,09375;4691,48110;4701,30078;4718,75499;4733,97848;4726,24523;;;24,05743;9,26031;70,98524;5,35532;0,22261;UPTREND;;False;;0;8;HMA8:DOWN|HMA13:UP|HMA21:UP;2;1;True;False;8,13,21,34,55;8,13,21,34,55;;8,13,21,34,55;8,13,21,34,55,89;8,13,21,34;;8,21;;8,21;True;DOWN;-1,50000;3.33%;UP;6,79000;15.08%;UP;-0,86000;1.9%
2026-05-14 12:00:00;4693,34000;4697,00000;4696,92294;4699,38159;4696,23969;4691,51157;4691,33041;4700,40964;4717,48265;4732,92095;4726,97928;;;23,55047;8,73584;70,42754;3,14190;0,13341;UPTREND;;False;;0;8;HMA8:DOWN|HMA13:DOWN|HMA21:UP;1;2;False;True;8,13,21,34,55;8,13,21,34,55;;8,13,21,34,55;8,13,21,34,55,89;8,13,21,34;8,21;;;;False;DOWN;-1,18000;2.63%;DOWN;5,38000;11.95%;UP;0,23000;0.5%
2026-05-14 14:00:00;4697,09000;4704,93000;4699,49931;4700,01894;4698,04850;4692,60347;4691,54240;4699,73231;4716,35233;4731,90357;4727,71535;;;23,34687;8,25420;71,18171;1,97044;0,08440;UPTREND;ADVANCE_HMA89;False;;0;8;HMA8:UP|HMA13:UP|HMA21:UP;3;0;True;False;8,13,21,34,89;8,13,21,34,89;;8,13,21,34,55,89;8,13,21,34,55,89;8,13,21,34;8,13,21,89;;89;;False;UP;0,14000;0.32%;UP;3,11000;6.91%;UP;1,33000;2.95%
2026-05-14 16:00:00;4705,06000;4679,46000;4693,16693;4696,65100;4697,39230;4692,66541;4691,36910;4698,89515;4715,11730;4730,76243;4728,32870;;;24,61781;8,75176;71,45472;4,22537;0,17164;DOWNTREND;REVERSAL_TO_HMA55;False;;2;8,13,21;HMA8:DOWN|HMA13:DOWN|HMA21:DOWN;0;3;False;True;;;;;8,13,21,34,55,89;8,13,21,55,89;;8,13,21,34,55,89;;8,13,21,34,55,89;False;DOWN;-4,09000;9.1%;DOWN;0,59000;1.32%;DOWN;1,80000;3.99%
2026-05-14 18:00:00;4679,57000;4678,49000;4683,92680;4690,38883;4694,88048;4691,92480;4690,87382;4697,89446;4713,77368;4729,50298;4728,81245;;;24,22511;9,21377;70,33489;10,95368;0,45216;DOWNTREND;;False;;1;8,13,21;HMA8:DOWN|HMA13:DOWN|HMA21:DOWN;0;3;False;True;;;;;8,13,21,34,55,89;8,13,21,55,89;;;;;False;DOWN;-8,07000;17.94%;DOWN;-2,87000;6.38%;DOWN;1,75000;3.89%
2026-05-14 20:00:00;4678,66000;4671,61000;4674,52393;4682,05092;4690,34636;4690,26248;4689,88013;4696,66304;4712,26294;4728,09872;4729,13352;;;23,62974;9,80242;69,27691;15,82244;0,66960;DOWNTREND;;False;;0;8,13,21;HMA8:DOWN|HMA13:DOWN|HMA21:DOWN;0;3;False;True;8;;8;;8,13,21,34,55,89;8,13,21,55,89;;8;;;False;DOWN;-13,33000;29.63%;DOWN;-7,13000;15.84%;DOWN;0,72000;1.61%
2026-05-14 22:00:00;4671,61000;4651,04000;4659,72735;4670,33911;4682,63582;4686,82165;4687,96194;4694,97077;4710,41817;4726,43434;4729,20550;;;23,90333;11,35668;55,39794;22,90847;0,95838;DOWNTREND;;False;;0;8,13,21;HMA8:DOWN|HMA13:DOWN|HMA21:DOWN;0;3;False;True;8,13;;8,13;;8,13,21,34,55,89;8,13,21,55,89;;8,13;;;False;DOWN;-22,59000;50.19%;DOWN;-11,75000;26.12%;DOWN;-1,52000;3.37%
2026-05-15 00:00:00;4652,26000;4662,37000;4653,12306;4660,64845;4675,08901;4682,82225;4685,59799;4693,01995;4708,39730;4724,60964;4729,09131;;;23,36881;12,79992;54,54041;21,96596;0,93997;DOWNTREND;;False;;0;8,13,21;HMA8:DOWN|HMA13:DOWN|HMA21:DOWN;0;3;False;True;8,13;;8,13;8,13;8,13,21,34,55,89;8,13,21,55,89;8,13;;8,13;;True;DOWN;-23,19000;51.53%;DOWN;-15,44000;34.32%;DOWN;-3,58000;7.96%
2026-05-15 02:00:00;4662,13000;4630,05000;4640,94631;4647,31408;4664,64235;4676,95300;4682,02083;4690,43656;4705,92783;4722,44675;4728,65482;;;25,38389;15,21929;46,18991;23,69603;0,93351;DOWNTREND;;False;;0;8,13,21;HMA8:DOWN|HMA13:DOWN|HMA21:DOWN;0;3;False;True;8,13;;8,13;8,13;8,13,21,34,55,89;8,13,21,55,89;;8,13;;;False;DOWN;-22,94000;50.98%;DOWN;-19,09000;42.42%;DOWN;-6,03000;13.4%
2026-05-15 04:00:00;4629,93000;4618,08000;4624,01093;4632,40015;4651,88651;4669,18820;4677,22174;4687,16930;4702,97574;4719,91680;4727,86856;;;25,31647;17,64107;45,16797;27,87558;1,10108;DOWNTREND;;False;;0;8,13,21;HMA8:DOWN|HMA13:DOWN|HMA21:DOWN;0;3;False;True;8,13;;8,13;8,13;8,13,21,34,55,89;8,13,21,55,89;;8;;;False;DOWN;-26,51000;58.91%;DOWN;-22,93000;50.95%;DOWN;-9,32000;20.71%
2026-05-15 06:00:00;4617,99000;4605,76000;4608,34435;4615,89548;4637,42214;4659,70683;4671,28995;4683,17327;4699,51707;4716,98699;4726,71054;;;24,78958;19,96587;44,28129;29,07779;1,17298;DOWNTREND;;False;;0;8,13,21;HMA8:DOWN|HMA13:DOWN|HMA21:DOWN;0;3;False;True;8,13;;8,13;8,13;8,13,21,34,55,89;8,13,21,55,89;;8,13;;;False;DOWN;-27,39000;60.87%;DOWN;-26,60000;59.12%;DOWN;-13,04000;28.97%
2026-05-15 08:00:00;4606,05000;4569,98000;4583,56189;4594,81996;4618,95644;4647,40832;4663,63765;4678,13295;4695,31469;4713,49050;4725,05224;;;26,59533;23,10221;33,33674;35,39455;1,33086;DOWNTREND;;False;;0;8,13,21;HMA8:DOWN|HMA13:DOWN|HMA21:DOWN;0;3;False;True;8,13;;8,13;8,13;8,13,21,34,55,89;8,13,21,55,89;;8,13;;;False;DOWN;-33,18000;73.73%;DOWN;-28,66000;63.7%;DOWN;-16,20000;36.01%
2026-05-15 10:00:00;4570,06000;4554,35000;4558,25970;4571,34433;4598,10835;4632,58271;4654,37419;4672,08707;4690,35903;4709,41272;4722,87474;;;27,44066;26,10800;31,41309;39,84865;1,45218;DOWNTREND;;False;;0;8,13,21;HMA8:DOWN|HMA13:DOWN|HMA21:DOWN;0;3;False;True;8,13;;8,13;8,13;8,13,21,34,55,89;8,13,21,55,89;;8;;;False;DOWN;-36,99000;82.2%;DOWN;-31,02000;68.93%;DOWN;-20,01000;44.47%
2026-05-15 12:00:00;4554,56000;4566,07000;4547,40174;4553,14247;4579,00624;4617,36289;4644,34013;4665,41977;4684,91669;4704,91499;4720,28896;;;28,39061;29,16298;29,62436;31,60450;1,11320;DOWNTREND;;False;;0;8,13,21;HMA8:DOWN|HMA13:DOWN|HMA21:DOWN;0;3;False;True;8,13;;8,13;8,13;8,13,21,34,55,89;8,13,21,55,89;8,13;;8,13;;True;DOWN;-34,00000;75.56%;DOWN;-32,26000;71.68%;DOWN;-22,64000;50.3%
2026-05-15 14:00:00;4565,96000;4545,88000;4539,90152;4538,96456;4560,84208;4601,53738;4633,37855;4658,06208;4678,91923;4699,95133;4717,25558;;;28,25557;31,99975;31,31268;21,87752;0,77427;DOWNTREND;;False;;0;8,13,21;HMA8:DOWN|HMA13:DOWN|HMA21:DOWN;0;3;False;True;8,13,21;;8,13,21;8,13;8,13,21,34,55,89;8,13,21,55,89;;8,13,21;;;False;DOWN;-31,20000;69.33%;DOWN;-32,58000;72.41%;DOWN;-25,38000;56.4%
2026-05-15 16:00:00;4546,75000;4562,78000;4543,54919;4533,39747;4547,23857;4586,94708;4622,45726;4650,46354;4672,65892;4694,72700;4713,90969;;;30,15588;35,02282;30,65470;13,84110;0,45898;DOWNTREND;;False;;0;8,13,21;HMA8:UP|HMA13:DOWN|HMA21:DOWN;1;2;False;True;8,13,21;;8,13,21;8,13,21;8,13,21,34,55,89;8,13,21,55,89;21;;21;;True;UP;-18,35000;40.78%;DOWN;-28,69000;63.75%;DOWN;-25,39000;56.42%
2026-05-15 18:00:00;4562,85000;4544,35000;4545,48674;4530,11961;4536,06279;4573,11003;4611,36420;4642,54026;4666,07612;4689,19974;4710,22246;;;30,45046;37,82995;32,22739;15,36713;0,50466;DOWNTREND;;False;;0;8,13,21;HMA8:UP|HMA13:DOWN|HMA21:DOWN;1;2;False;True;8,13,21;;8,13,21;8,13,21;8,13,21,34,55,89;8,13,21,55,89;;8,21;;;False;UP;-5,99000;13.3%;DOWN;-25,15000;55.89%;DOWN;-25,70000;57.12%
2026-05-15 20:00:00;4544,53000;4559,21000;4548,90283;4533,07636;4528,87785;4561,18597;4600,80392;4634,69470;4659,41548;4683,54121;4706,31257;;;29,79186;40,37987;34,27073;20,02498;0,67216;UPTREND;REVERSAL_TO_HMA8;False;;0;8;HMA8:UP|HMA13:UP|HMA21:DOWN;2;1;True;False;;;;8;;8;8;;8;;False;UP;0,72000;1.6%;UP;-19,06000;42.35%;DOWN;-26,14000;58.09%
2026-05-15 22:00:00;4559,41000;4539,44000;4547,26337;4534,53262;4523,52206;4549,97836;4590,41069;4626,77587;4652,58934;4677,68948;4702,13679;;;29,59173;42,86892;36,32750;23,74131;0,80230;DOWNTREND;REVERSAL_TO_HMA8;False;;0;8;HMA8:DOWN|HMA13:UP|HMA21:DOWN;1;2;False;True;;;;;8,34;8,34;;8,34;;8,34;False;DOWN;3,56000;7.91%;UP;-11,71000;26.03%;DOWN;-25,50000;56.66%
2026-05-18 00:00:00;4531,00000;4546,12000;4543,93215;4536,27353;4520,56751;4540,19621;4580,48009;4618,99175;4645,74278;4671,74715;4697,77869;;;29,37803;45,23447;39,79416;23,36464;0,79531;DOWNTREND;;False;;0;8;HMA8:DOWN|HMA13:UP|HMA21:DOWN;1;2;False;True;;;;8,13,34;8,34;8,34;8,13,34;;8,13,34;;True;DOWN;0,19000;0.41%;UP;-5,47000;12.15%;DOWN;-24,08000;53.52%
2026-05-18 02:00:00;4546,05000;4515,98000;4531,87270;4531,41322;4516,71671;4530,23992;4570,25189;4611,01924;4638,66211;4665,58482;4693,14638;;;32,10603;47,87051;37,51650;15,15599;0,47206;DOWNTREND;ADVANCE_HMA21;False;;0;8;HMA8:DOWN|HMA13:DOWN|HMA21:DOWN;0;3;False;True;13,21,34;;13,21,34;8,13,34;8,13,21,34;8,13,21,34;;8,13,21,34;;13,21;False;DOWN;-6,05000;13.45%;DOWN;-2,24000;4.99%;DOWN;-20,60000;45.79%
2026-05-18 04:00:00;4515,16000;4533,63000;4524,76889;4527,36956;4514,56327;4521,64281;4560,42414;4603,17474;4631,59415;4659,37741;4688,37888;;;33,61560;50,31826;40,22120;12,80629;0,38096;DOWNTREND;;False;;0;8;HMA8:DOWN|HMA13:DOWN|HMA21:DOWN;0;3;False;True;13,21,34;;13,21,34;8,13,21,34;8,13,21,34;8,13,21,34;8,13,21,34;;8,13,21,34;;True;DOWN;-10,18000;22.61%;DOWN;-1,71000;3.8%;DOWN;-17,25000;38.34%
2026-05-18 06:00:00;4533,65000;4540,64000;4528,11046;4526,59241;4514,80316;4514,86816;4551,23665;4595,57432;4624,63607;4653,21598;4683,54889;;;32,95806;52,06257;45,88115;13,30730;0,40376;DOWNTREND;;False;;0;8;HMA8:UP|HMA13:DOWN|HMA21:UP;2;1;True;False;13,21,34;;13,21,34;8,13,21,34;8,13,21,34;8,13,21,34;;;;;False;UP;-8,27000;18.37%;DOWN;-1,02000;2.27%;UP;-14,19000;31.52%
2026-05-18 08:00:00;4540,78000;4546,78000;4536,31507;4529,92299;4517,23244;4510,37099;4542,94758;4588,33216;4617,85238;4647,17338;4678,71896;;;32,19105;53,49460;48,13458;19,08263;0,59279;UPTREND;REVERSAL_TO_HMA55;False;;0;;HMA8:UP|HMA13:UP|HMA21:UP;3;0;True;False;;;;55;;;55;;55;;False;UP;-3,39000;7.52%;UP;-0,94000;2.08%;UP;-10,86000;24.14%
2026-05-18 10:00:00;4546,79000;4549,98000;4546,42198;4535,70520;4521,70299;4508,05308;4535,64054;4581,46879;4611,28468;4641,28188;4673,93168;4680,49321;;31,44312;54,19224;52,89655;24,71899;0,78615;UPTREND;;False;;0;;HMA8:UP|HMA13:UP|HMA21:UP;3;0;True;False;;;;55;;;;;;;False;UP;6,60000;14.66%;UP;0,36000;0.79%;UP;-7,10000;15.77%
2026-05-18 12:00:00;4549,88000;4540,21000;4548,76070;4539,77338;4525,64423;4507,22717;4529,06572;4574,85321;4604,84246;4635,48019;4669,15431;4677,53517;;30,60933;54,94669;56,31730;23,11648;0,75521;UPTREND;;False;;0;;HMA8:UP|HMA13:UP|HMA21:UP;3;0;True;False;;;;55;8;;;8;;8;True;UP;11,09000;24.64%;UP;1,09000;2.43%;UP;-4,04000;8.97%
2026-05-18 14:00:00;4540,48000;4571,41000;4557,79185;4549,24527;4532,39323;4509,17389;4524,06275;4568,90495;4598,84463;4629,97842;4664,53776;4674,65110;;31,61223;53,99686;62,04587;25,39862;0,80344;UPTREND;ADVANCE_HMA89;False;;0;;HMA8:UP|HMA13:UP|HMA21:UP;3;0;True;False;8,13,89;8,13,89;;8,13,55,89;8;8,13;8,13,89;;8,13,89;;False;UP;13,21000;29.36%;UP;5,37000;11.94%;UP;-0,67000;1.48%
2026-05-18 16:00:00;4571,83000;4546,58000;4559,14252;4554,47745;4537,89988;4511,82131;4519,83198;4563,27026;4593,03919;4624,60392;4659,97027;4671,75799;;32,65993;52,51850;58,85323;21,24263;0,65042;UPTREND;;False;;0;;HMA8:UP|HMA13:UP|HMA21:UP;3;0;True;False;8,13,89;8,13,89;;8,13,55,89;8,13,89;8,13;;8,13,89;;8,13,89;True;UP;9,91000;22.03%;UP;7,88000;17.5%;UP;1,58000;3.52%
2026-05-18 18:00:00;4546,56000;4550,16000;4555,36994;4556,87317;4542,75186;4515,13851;4516,33967;4557,99311;4587,47937;4619,38749;4655,47065;4668,86675;;31,95493;51,33513;58,56543;14,12132;0,44191;UPTREND;;False;;0;;HMA8:DOWN|HMA13:UP|HMA21:UP;2;1;True;False;8,13,89;8,13,89;;8,13,55,89;8,13,89;8,13;;;;;False;DOWN;4,00000;8.9%;UP;8,97000;19.94%;UP;3,44000;7.65%
2026-05-18 20:00:00;4550,17000;4535,72000;4547,35133;4553,11118;4545,20856;4518,01983;4513,13257;4552,87738;4582,03076;4614,23409;4650,98046;4665,93288;;31,37744;49,99322;56,07197;7,90262;0,25186;DOWNTREND;REVERSAL_TO_HMA21;False;;2;8,21;HMA8:DOWN|HMA13:DOWN|HMA21:UP;1;2;False;True;;;;;8,21;8;;8,21;;8,21;False;DOWN;-0,64000;1.43%;DOWN;7,02000;15.6%;UP;4,49000;9.98%
2026-05-18 22:00:00;4535,91000;4566,11000;4549,19931;4553,98072;4548,90207;4522,07336;4511,07196;4548,29756;4576,99641;4609,34966;4646,64213;4663,05529;;31,37619;48,20053;55,82834;5,07865;0,16186;DOWNTREND;;False;;1;8,21;HMA8:UP|HMA13:UP|HMA21:UP;3;0;True;False;;;;8,13,21,89;8,21;8,13,21;8,13,21,89;;8,13,21,89;;False;UP;-3,92000;8.7%;UP;5,54000;12.32%;UP;5,86000;13.02%
2026-05-19 00:00:00;4567,70000;4573,90000;4561,39780;4559,24463;4554,23923;4527,23965;4510,25282;4544,30144;4572,40755;4604,76694;4642,48822;4660,25663;;30,01289;45,82061;55,07255;7,15856;0,23852;DOWNTREND;;False;;0;8,21;HMA8:UP|HMA13:UP|HMA21:UP;3;0;True;False;;;;8,13,21,89,116;8,21;8,13,21;116;;116;;False;UP;1,08000;2.39%;UP;6,17000;13.71%;UP;7,53000;16.73%
2026-05-19 02:00:00;4573,93000;4563,26000;4568,44693;4563,77013;4558,96798;4532,67394;4510,25511;4540,68859;4568,12787;4600,39835;4638,45907;4657,49553;;29,87840;42,99892;53,30256;9,47894;0,31725;DOWNTREND;;False;;0;8,21;HMA8:UP|HMA13:UP|HMA21:UP;3;0;True;False;8,13,116;;8,13,116;8,13,21,89,116;8,13,21,116;8,13,21;;8,13,116;;13,116;False;UP;6,24000;13.88%;UP;4,63000;10.29%;UP;8,41000;18.69%
2026-05-19 04:00:00;4562,90000;4547,07000;4564,13976;4563,15836;4561,07979;4537,23866;4510,52311;4537,21405;4563,98410;4596,11159;4634,47561;4654,71935;;29,61923;41,04980;53,27274;3,05997;0,10331;DOWNTREND;;False;;0;8,21;HMA8:DOWN|HMA13:DOWN|HMA21:UP;1;2;False;True;8,13,21,116;;8,13,21,116;8,13,21,89,116;8,13,21,116;8,13,21;;21;;21;False;DOWN;8,07000;17.92%;DOWN;2,80000;6.21%;UP;8,42000;18.71%
2026-05-19 06:00:00;4547,56000;4542,43000;4552,79059;4558,47679;4560,19532;4540,68386;4510,99025;4533,82087;4559,92919;4591,86710;4630,50951;4651,91180;;28,71714;39,56458;51,98466;7,40472;0,25785;DOWNTREND;;False;;0;8,21;HMA8:DOWN|HMA13:DOWN|HMA21:DOWN;0;3;False;True;8,13,21,116;;8,13,21,116;8,13,21,89,116;8,13,21,116;8,13,21;;;;;False;DOWN;1,79000;3.98%;DOWN;0,53000;1.18%;DOWN;7,63000;16.97%
2026-05-19 08:00:00;4542,82000;4548,01000;4544,62465;4553,84719;4558,09237;4543,32169;4511,81639;4530,57744;4556,01844;4587,69592;4626,58576;4649,09275;;28,29520;38,45560;65,67736;13,46772;0,47597;DOWNTREND;;False;;0;8,21;HMA8:DOWN|HMA13:DOWN|HMA21:DOWN;0;3;False;True;8,13,21,116;;8,13,21,116;8,13,21,34,89,116;8,13,21,116;8,13,21;8,34;;34;;True;DOWN;-8,43000;18.73%;DOWN;0,25000;0.55%;DOWN;6,54000;14.54%
2026-05-19 10:00:00;4548,06000;4542,75000;4540,29611;4548,33821;4555,02583;4545,03153;4512,81776;4527,44381;4552,18957;4583,56184;4622,68080;4646,24023;;27,91340;37,08516;68,32756;14,72972;0,52769;DOWNTREND;ADVANCE_HMA34;False;;0;8,21;HMA8:DOWN|HMA13:DOWN|HMA21:DOWN;0;3;False;True;8,13,34,116;;8,13,34,116;8,13,21,34,89,116;8,13,21,34,116;8,13,21;;8,34;;34;False;DOWN;-14,15000;31.45%;DOWN;-1,93000;4.29%;DOWN;4,64000;10.3%
2026-05-19 12:00:00;4542,64000;4544,65000;4540,02307;4543,74941;4552,24412;4546,28355;4513,96447;4524,45546;4548,48487;4579,47832;4618,80822;4643,35941;;27,43173;36,25289;65,61592;12,22104;0,44551;DOWNTREND;;False;;0;8,21;HMA8:DOWN|HMA13:DOWN|HMA21:DOWN;0;3;False;True;8,13,34,116;;8,13,34,116;8,13,21,34,89,116;8,13,21,34,116;8,13,21;13;;;;False;DOWN;-12,40000;27.55%;DOWN;-5,38000;11.95%;DOWN;2,99000;6.65%
2026-05-19 14:00:00;4544,66000;4537,19000;4539,02924;4539,36656;4548,94688;4546,74885;4515,08050;4521,52052;4544,82816;4575,39340;4614,94047;4640,42642;;26,93089;35,40097;65,47923;9,91764;0,36826;DOWNTREND;;False;;0;8,21;HMA8:DOWN|HMA13:DOWN|HMA21:DOWN;0;3;False;True;8,13,34,116;;8,13,34,116;8,13,21,34,89,116;8,13,21,34,116;8,13,21;;8,13;;13;False;DOWN;-7,28000;16.18%;DOWN;-8,59000;19.08%;DOWN;1,32000;2.93%
2026-05-19 16:00:00;4537,06000;4494,12000;4520,41587;4527,32173;4540,63655;4544,17278;4515,06610;4518,06631;4540,82752;4571,05592;4610,88563;4637,30623;;30,17869;36,43042;45,38863;20,22068;0,67003;DOWNTREND;ADVANCE_HMA55;False;;0;8,21;HMA8:DOWN|HMA13:DOWN|HMA21:DOWN;0;3;False;True;8,13,55,89,116;;8,13,55,89,116;8,13,21,34,89,116;8,13,21,34,55,89,116;8,13,21,55,89;;8,13,55,89;;55,89;False;DOWN;-11,34000;25.2%;DOWN;-11,19000;24.88%;DOWN;-0,87000;1.93%
2026-05-19 18:00:00;4494,10000;4507,70000;4504,52783;4514,86902;4530,67802;4540,03825;4514,50749;4514,40455;4536,65365;4566,58837;4606,73465;4634,05721;;29,62807;37,38633;43,29362;26,15018;0,88262;DOWNTREND;;False;;0;8,21;HMA8:DOWN|HMA13:DOWN|HMA21:DOWN;0;3;False;True;8,13,55,89,116;;8,13,55,89,116;8,13,21,34,89,116;8,13,21,34,55,89,116;8,13,21,55,89;8;;;;False;DOWN;-16,79000;37.32%;DOWN;-13,78000;30.63%;DOWN;-3,52000;7.82%
2026-05-19 20:00:00;4507,70000;4493,56000;4492,30709;4501,49618;4518,99575;4534,17855;4513,14903;4510,46221;4532,23797;4561,93008;4602,43788;4630,64488;;28,99035;38,27396;40,72424;26,68865;0,92060;DOWNTREND;;False;;0;8,21;HMA8:DOWN|HMA13:DOWN|HMA21:DOWN;0;3;False;True;8,13,55,89,116;;8,13,55,89,116;8,13,21,34,89,116;8,13,21,34,55,89,116;8,13,21,55,89;;8,13;;;False;DOWN;-22,37000;49.7%;DOWN;-16,75000;37.22%;DOWN;-6,93000;15.4%
2026-05-19 22:00:00;4493,46000;4481,80000;4480,47661;4488,49425;4506,45775;4526,67479;4510,83286;4506,19823;4527,55642;4557,03749;4597,96298;4627,05301;;28,10675;39,31068;40,07752;25,98114;0,92437;DOWNTREND;;False;;0;8,21;HMA8:DOWN|HMA13:DOWN|HMA21:DOWN;0;3;False;True;8,13,55,89,116;;8,13,55,89,116;8,13,21,34,89,116;8,13,21,34,55,89,116;8,13,21,55,89;;8,13;;;False;DOWN;-27,51000;61.14%;DOWN;-19,54000;43.42%;DOWN;-10,58000;23.52%
2026-05-20 00:00:00;4482,46000;4484,43000;4476,56737;4477,97332;4495,30921;4518,52496;4507,90312;4501,76501;4522,71910;4551,98214;4593,34323;4623,30895;;26,69341;40,35086;38,39689;18,74184;0,70211;DOWNTREND;;False;;0;8,21;HMA8:DOWN|HMA13:DOWN|HMA21:DOWN;0;3;False;True;8,13,55,89,116;;8,13,55,89,116;8,13,21,34,89,116;8,13,21,34,55,89,116;8,13,21,55,89;13;;;;False;DOWN;-22,33000;49.61%;DOWN;-22,33000;49.62%;DOWN;-13,84000;30.76%
2026-05-20 02:00:00;4484,42000;4500,87000;4482,74296;4475,42781;4487,53799;4511,43418;4505,01885;4497,48329;4517,93897;4546,92595;4588,68397;4619,48479;;26,86603;39,75921;38,14741;12,11018;0,45076;DOWNTREND;;False;;0;8,21;HMA8:UP|HMA13:DOWN|HMA21:DOWN;1;2;False;True;8,13,55,89,116;;8,13,55,89,116;8,13,21,34,89,116;8,13,21,34,55,89,116;8,13,21,55,89;21,89;;89;;True;UP;-11,46000;25.47%;DOWN;-21,64000;48.08%;DOWN;-15,13000;33.63%
2026-05-20 04:00:00;4500,89000;4465,23000;4478,54919;4471,59112;4479,01196;4503,34343;4501,39443;4492,95223;4512,92646;4541,68497;4583,85164;4615,47920;;28,50702;39,86701;39,51006;7,42084;0,26032;DOWNTREND;;False;;0;8,21;HMA8:DOWN|HMA13:DOWN|HMA21:DOWN;0;3;False;True;8,13,21,55,89,116;;8,13,21,55,89,116;8,13,21,34,89,116;8,13,21,34,55,89,116;8,13,21,55,89;;8,13,21,89;;21;False;DOWN;-6,88000;15.29%;DOWN;-18,05000;40.1%;DOWN;-15,50000;34.45%
2026-05-20 06:00:00;4465,23000;4462,03000;4468,63296;4465,68043;4470,32104;4494,68395;4497,23899;4488,26050;4507,73530;4536,29040;4578,87006;4611,31022;;27,68366;40,03014;42,79688;4,64061;0,16763;DOWNTREND;;False;;0;8,21;HMA8:DOWN|HMA13:DOWN|HMA21:DOWN;0;3;False;True;8,13,21,55,89,116;;8,13,21,55,89,116;8,13,21,34,89,116;8,13,21,34,55,89,116;8,13,21,55,89;;;;;False;DOWN;-6,10000;13.57%;DOWN;-16,50000;36.66%;DOWN;-17,01000;37.81%
2026-05-20 08:00:00;4461,95000;4474,30000;4465,22411;4462,10450;4463,50889;4486,53155;4493,02970;4483,71148;4502,55993;4530,86756;4573,82724;4607,04597;;26,94983;39,66344;46,27111;3,11961;0,11576;DOWNTREND;;False;;0;8,21;HMA8:DOWN|HMA13:DOWN|HMA21:DOWN;0;3;False;True;8,13,21,55,89,116;;8,13,21,55,89,116;8,13,21,34,89,116;8,13,21,34,55,89,116;8,13,21,55,89;8,13,21;;;;False;DOWN;-6,01000;13.35%;DOWN;-13,69000;30.42%;DOWN;-18,22000;40.5%
2026-05-20 10:00:00;4474,15000;4484,06000;4469,54348;4464,10445;4459,91291;4479,61512;4489,12028;4479,52755;4497,55683;4525,51832;4568,79317;4602,74143;;26,31770;38,64867;46,38835;9,63057;0,36594;UPTREND;REVERSAL_TO_HMA34;False;;0;;HMA8:UP|HMA13:UP|HMA21:DOWN;2;1;True;False;;;;34,89;;;34,89;;34,89;;False;UP;-7,15000;15.88%;UP;-8,78000;19.51%;DOWN;-18,69000;41.54%
2026-05-20 12:00:00;4483,82000;4494,67000;4482,12474;4471,12073;4460,94450;4474,60459;4485,81355;4475,85939;4492,86959;4520,34108;4563,83962;4598,44709;;26,16358;37,31235;46,53046;21,18024;0,80953;UPTREND;ADVANCE_HMA116;False;;0;;HMA8:UP|HMA13:UP|HMA21:UP;3;0;True;False;55,116;55,116;;34,55,89,116;;;55,116;;55,116;;False;UP;1,96000;4.35%;UP;-2,50000;5.55%;UP;-16,94000;37.65%
2026-05-20 14:00:00;4494,63000;4496,15000;4494,31648;4479,79016;4464,95420;4471,62502;4483,07895;4472,73470;4488,50432;4515,36933;4558,99036;4594,18044;;25,33332;35,59772;49,96785;29,36228;1,15904;UPTREND;;False;;0;;HMA8:UP|HMA13:UP|HMA21:UP;3;0;True;False;55,116;55,116;;34,55,89,116;;;;;;;False;UP;14,22000;31.61%;UP;1,64000;3.65%;UP;-14,54000;32.32%
2026-05-20 16:00:00;4496,16000;4531,42000;4514,14276;4496,29081;4474,34500;4472,16241;4481,80593;4470,60060;4484,79343;4510,84536;4554,42107;4590,06784;;28,54166;33,58730;54,91077;39,79776;1,39437;UPTREND;;False;;0;;HMA8:UP|HMA13:UP|HMA21:UP;3;0;True;False;8,13,55,116,144;8,13,55,116,144;;8,13,34,55,89,116,144;;8,13;8,13,144;;8,13,144;;False;UP;23,19000;51.54%;UP;8,21000;18.24%;UP;-8,89000;19.76%
2026-05-20 18:00:00;4531,26000;4534,42000;4533,02972;4515,11659;4486,89683;4475,36450;4481,91152;4469,39829;4481,71772;4506,75895;4550,14589;4586,12213;;28,59582;32,28722;53,90700;46,13289;1,61327;UPTREND;;False;;0;;HMA8:UP|HMA13:UP|HMA21:UP;3;0;True;False;8,13,55,116,144;8,13,55,116,144;;8,13,34,55,89,116,144;;8,13;8;;;;False;UP;29,03000;64.51%;UP;16,07000;35.72%;UP;-3,91000;8.7%
2026-05-20 20:00:00;4534,56000;4542,39000;4546,09811;4533,23605;4501,25966;4480,82592;4483,29168;4469,12377;4479,29210;4503,13777;4546,18472;4582,37122;;27,67541;31,08000;48,27116;44,83845;1,62015;UPTREND;;False;;0;;HMA8:UP|HMA13:UP|HMA21:UP;3;0;True;False;8,13,55,116,144;8,13,55,116,144;;8,13,34,55,89,116,144;;8,13;8;;;;False;UP;30,02000;66.72%;UP;23,19000;51.53%;UP;1,23000;2.74%
2026-05-20 22:00:00;4542,35000;4543,68000;4553,21789;4546,72134;4515,75584;4487,79496;4485,66148;4469,69426;4477,46710;4499,95824;4542,52736;4578,81845;;26,30217;30,15920;46,73776;37,46205;1,42430;UPTREND;;False;;0;;HMA8:UP|HMA13:UP|HMA21:UP;3;0;True;False;8,13,55,116,144,188;8,13,55,116,144,188;;8,13,34,55,89,116,144,188;;8,13;13,188;;188;;False;UP;29,24000;64.98%;UP;27,63000;61.41%;UP;6,12000;13.61%
2026-05-21 00:00:00;4545,91000;4539,85000;4551,81867;4554,46607;4528,59877;4495,43247;4488,61598;4470,90348;4476,16211;4497,16018;4539,13487;4575,44019;;25,38630;28,93632;45,92321;25,86730;1,01895;UPTREND;;False;;0;;HMA8:DOWN|HMA13:UP|HMA21:UP;2;1;True;False;8,13,55,116,144,188;8,13,55,116,144,188;;8,13,34,55,89,116,144,188;188;8,13;;188;;188;True;DOWN;20,36000;45.24%;UP;28,69000;63.75%;UP;11,05000;24.56%
2026-05-21 02:00:00;4539,91000;4545,22000;4549,42750;4558,34768;4539,79258;4503,48432;4492,06478;4472,66077;4475,34829;4494,74619;4536,00737;4572,24760;;24,90370;27,99440;45,88066;18,55510;0,74507;UPTREND;;False;;0;;HMA8:DOWN|HMA13:UP|HMA21:UP;2;1;True;False;8,13,55,116,144,188;8,13,55,116,144,188;;8,13,34,55,89,116,144,188;188;8,13;;;;;False;DOWN;9,35000;20.77%;UP;27,73000;61.63%;UP;15,59000;34.64%
2026-05-21 04:00:00;4545,22000;4533,24000;4543,19357;4556,07686;4547,37879;4510,89934;4495,45318;4474,65387;4474,83337;4492,61488;4533,06530;4569,19133;;25,92701;27,80320;43,10480;12,88328;0,49691;DOWNTREND;REVERSAL_TO_HMA8;False;;2;8,21;HMA8:DOWN|HMA13:DOWN|HMA21:UP;1;2;False;True;;;;;8,21,188;8,188;;8,21,188;;8,21,188;False;DOWN;-1,60000;3.57%;DOWN;21,02000;46.72%;UP;17,93000;39.83%
2026-05-21 06:00:00;4533,16000;4538,40000;4538,42050;4551,72915;4552,24918;4517,88610;4498,79943;4476,84914;4474,60868;4490,75961;4530,31787;4566,27760;;25,02365;27,36599;41,42560;13,82868;0,55262;DOWNTREND;;False;;1;8,21;HMA8:DOWN|HMA13:DOWN|HMA21:UP;1;2;False;True;;;;;8,21,188;8,188;;;;;False;DOWN;-8,41000;18.69%;DOWN;13,70000;30.45%;UP;20,25000;45.01%
2026-05-21 08:00:00;4538,41000;4521,53000;4530,59667;4543,25363;4552,85794;4523,42392;4501,65795;4478,92401;4474,46497;4489,03171;4527,66025;4563,44178;;24,78339;26,44100;38,23882;22,26128;0,89823;DOWNTREND;;False;;0;8,21;HMA8:DOWN|HMA13:DOWN|HMA21:UP;1;2;False;True;8,34,188;;8,34,188;;8,21,34,188;8,188;;8,34,188;;34;False;DOWN;-12,08000;26.85%;DOWN;3,85000;8.56%;UP;20,35000;45.22%
2026-05-21 10:00:00;4521,77000;4532,51000;4526,75585;4536,58186;4551,47965;4528,28301;4504,40688;4480,97430;4474,47961;4487,47595;4525,11899;4560,71651;;24,77386;25,20824;41,73859;24,72380;0,99798;DOWNTREND;;False;;0;8,21;HMA8:DOWN|HMA13:DOWN|HMA21:DOWN;0;3;False;True;8,34,188;;8,34,188;8,34,188;8,21,34,188;8,188;8,34,188;;8,34,188;;True;DOWN;-12,89000;28.64%;DOWN;-3,90000;8.67%;DOWN;19,25000;42.78%
2026-05-21 12:00:00;4532,43000;4511,50000;4519,72602;4527,57426;4546,53345;4531,30325;4506,51628;4482,69843;4474,42760;4485,93359;4522,57929;4558,01968;;25,70216;23,66947;46,03701;26,80744;1,04300;DOWNTREND;;False;;0;8,21;HMA8:DOWN|HMA13:DOWN|HMA21:DOWN;0;3;False;True;8,13,34,188;;8,13,34,188;8,34,188;8,13,21,34,188;8,13,188;;8,13,34,188;;13,34;False;DOWN;-12,86000;28.57%;DOWN;-9,89000;21.98%;DOWN;15,69000;34.86%
2026-05-21 14:00:00;4511,63000;4504,11000;4508,95957;4517,27463;4538,74122;4532,57428;4507,93015;4484,03129;4474,26053;4484,35045;4520,00140;4555,31736;;25,25986;22,04967;46,18970;29,78164;1,17901;DOWNTREND;;False;;0;8,21;HMA8:DOWN|HMA13:DOWN|HMA21:DOWN;0;3;False;True;8,13,34,55,188;;8,13,34,55,188;8,34,188;8,13,21,34,55,188;8,13,188;;8,55;;55;False;DOWN;-16,26000;36.12%;DOWN;-15,16000;33.7%;DOWN;11,60000;25.77%
2026-05-21 16:00:00;4503,28000;4508,81000;4503,58278;4508,71963;4530,35626;4532,64039;4508,93841;4485,08999;4474,05255;4482,75262;4517,40613;4552,61809;;25,75273;21,09673;47,04456;26,77348;1,03964;DOWNTREND;;False;;0;8,21;HMA8:DOWN|HMA13:DOWN|HMA21:DOWN;0;3;False;True;8,13,34,55,188;;8,13,34,55,188;8,13,34,55,188;8,13,21,34,55,188;8,13,188;8,13,55;;8,13,55;;True;DOWN;-14,69000;32.65%;DOWN;-17,04000;37.87%;DOWN;6,45000;14.32%
2026-05-21 18:00:00;4508,86000;4519,45000;4506,25033;4505,66101;4523,45261;4532,36941;4509,97923;4486,06998;4473,93297;4481,21881;4514,84005;4549,95034;;25,62825;20,21186;48,03219;17,79159;0,69422;DOWNTREND;;False;;0;8,21;HMA8:UP|HMA13:DOWN|HMA21:DOWN;1;2;False;True;8,13,34,55,188;;8,13,34,55,188;8,13,34,55,188;8,13,21,34,55,188;8,13,188;55,188;;55,188;;True;UP;-11,31000;25.14%;DOWN;-16,68000;37.06%;DOWN;1,72000;3.82%
2026-05-21 20:00:00;4519,70000;4531,92000;4517,59504;4509,45862;4519,95282;4532,42651;4511,43647;4487,15617;4474,03251;4479,83610;4512,36657;4547,34865;;27,02266;20,07615;54,20013;10,49420;0,38835;UPTREND;REVERSAL_TO_HMA21;False;;0;21;HMA8:UP|HMA13:UP|HMA21:DOWN;2;1;True;False;;;;21;;;21;;21;;False;UP;-1,13000;2.51%;UP;-11,77000;26.16%;DOWN;-1,83000;4.07%
2026-05-21 22:00:00;4531,93000;4542,54000;4533,31698;4518,53358;4520,20170;4533,35736;4513,59383;4488,50229;4474,45029;4478,67468;4510,03785;4544,83935;;26,15818;19,95014;52,57721;14,78340;0,56515;UPTREND;ADVANCE_HMA34;False;;0;21;HMA8:UP|HMA13:UP|HMA21:UP;3;0;True;False;8,34;8,34;;8,21,34;;8,34;8,34;;8,34;;False;UP;13,10000;29.12%;UP;-6,56000;14.58%;UP;-4,28000;9.52%
2026-05-22 00:00:00;4542,18000;4543,22000;4544,92530;4529,62518;4523,00406;4534,82460;4516,30427;4490,09587;4475,18047;4477,73665;4507,85909;4542,42169;;24,74403;19,88449;51,48342;21,92123;0,88592;UPTREND;ADVANCE_HMA233;False;;0;21;HMA8:UP|HMA13:UP|HMA21:UP;3;0;True;False;8,233;8,233;;8,21,34,233;8;8,34;233;8;233;8;True;UP;22,67000;50.38%;UP;0,79000;1.76%;UP;-5,63000;12.5%
2026-05-22 02:00:00;4543,19000;4526,61000;4543,55665;4536,01285;4525,28232;4535,49440;4519,03078;4491,70358;4476,04451;4476,91396;4505,75604;4540,04037;;24,36088;18,96557;52,75897;18,27433;0,75015;UPTREND;;False;;0;21;HMA8:DOWN|HMA13:UP|HMA21:UP;2;1;True;False;8,233;8,233;;8,21,34,233;8,13,34,233;8,34;;13,34,233;;13,34,233;True;DOWN;20,95000;46.55%;UP;7,31000;16.23%;UP;-6,32000;14.04%
2026-05-22 04:00:00;4526,15000;4523,16000;4534,50306;4537,02517;4526,53928;4535,21339;4521,57716;4493,27604;4477,00791;4476,19501;4503,71767;4537,68762;;23,86653;17,72603;53,21071;10,48589;0,43936;UPTREND;;False;;0;21;HMA8:DOWN|HMA13:UP|HMA21:UP;2;1;True;False;8,233;8,233;;8,21,34,233;8,13,21,34,233;8,34;;21;;21;True;DOWN;10,04000;22.32%;UP;11,18000;24.85%;UP;-6,29000;13.98%
2026-05-22 06:00:00;4523,17000;4527,17000;4527,18157;4535,14583;4527,34544;4534,37059;4523,93346;4494,88251;4478,08703;4475,60866;4501,76850;4535,38084;;23,14250;16,57503;52,65094;7,96426;0,34414;UPTREND;;False;;0;21;HMA8:DOWN|HMA13:DOWN|HMA21:UP;1;2;False;True;8,21,55,233;8,21,55,233;;8,21,34,55,233;8,13,21,34,233;8,34;21,55;;21,55;;False;DOWN;-3,79000;8.43%;DOWN;11,99000;26.64%;UP;-5,95000;13.23%
2026-05-22 08:00:00;4527,08000;4526,86000;4523,68131;4532,20777;4528,10153;4533,18126;4525,98572;4496,50689;4479,26328;4475,15857;4499,90824;4533,12188;;23,40232;15,93656;56,89085;8,52645;0,36434;UPTREND;;False;;0;21;HMA8:DOWN|HMA13:DOWN|HMA21:UP;1;2;False;True;8,21,55,233;8,21,55,233;;8,21,34,55,233;8,13,21,34,233;8,34;8;;;;False;DOWN;-12,79000;28.41%;DOWN;9,20000;20.45%;UP;-4,50000;10.01%
2026-05-22 10:00:00;4526,55000;4521,84000;4521,94150;4528,07818;4528,42700;4531,66957;4527,57329;4498,04871;4480,46145;4474,80948;4498,11673;4530,89855;;22,80144;15,34370;57,09483;6,48550;0,28443;DOWNTREND;REVERSAL_TO_HMA8;False;;0;8;HMA8:DOWN|HMA13:DOWN|HMA21:UP;1;2;False;True;;;;;8,55;8;;8,55;;8,55;False;DOWN;-13,33000;29.63%;DOWN;3,99000;8.87%;UP;-2,59000;5.76%
2026-05-22 12:00:00;4521,81000;4514,64000;4518,39959;4522,63858;4527,32455;4529,75234;4528,50814;4499,39645;4481,58350;4474,52024;4496,36060;4528,69011;;23,07491;15,13219;57,68154;8,92496;0,38678;DOWNTREND;;False;;0;8;HMA8:DOWN|HMA13:DOWN|HMA21:DOWN;0;3;False;True;8;;8;;8,55;8;;8;;;False;DOWN;-9,90000;21.99%;DOWN;-2,89000;6.42%;DOWN;-0,75000;1.67%
2026-05-22 14:00:00;4514,62000;4528,25000;4519,86952;4520,70849;4526,45893;4528,40732;4529,24600;4500,73964;4482,74208;4474,37477;4494,70470;4526,54570;;23,16170;14,93579;57,63934;6,58941;0,28450;DOWNTREND;;False;;0;8;HMA8:UP|HMA13:DOWN|HMA21:DOWN;1;2;False;True;8;;8;8,13,21,233;8,55;8;8,13,21,233;;8,13,21,233;;True;UP;-4,51000;10.03%;DOWN;-6,28000;13.97%;DOWN;0,74000;1.65%
2026-05-22 16:00:00;4528,36000;4500,58000;4513,30193;4515,46403;4522,73709;4526,01506;4529,08752;4501,72337;4483,66283;4474,18584;4493,01511;4524,37494;;24,58515;15,80271;58,25814;9,43516;0,38377;DOWNTREND;;False;;0;8;HMA8:DOWN|HMA13:DOWN|HMA21:DOWN;0;3;False;True;8,13,21,34,89,233;;8,13,21,34,89,233;8,13,21,233;8,13,21,34,55,89,233;8,13,21,34,233;;8,13,21,34,89,233;;13,21,34,89,233;False;DOWN;-6,02000;13.39%;DOWN;-8,32000;18.48%;DOWN;0,65000;1.44%
2026-05-22 18:00:00;4500,60000;4514,90000;4509,43120;4511,79349;4518,99824;4523,75113;4528,55392;4502,62018;4484,50686;4474,04778;4491,35759;4522,23051;;24,72121;16,60771;59,05499;9,56704;0,38700;DOWNTREND;;False;;0;8;HMA8:DOWN|HMA13:DOWN|HMA21:DOWN;0;3;False;True;8,13,21,34,89,233;;8,13,21,34,89,233;8,13,21,89,233;8,13,21,34,55,89,233;8,13,21,34,233;8,13,89;;8,13,89;;True;DOWN;-7,21000;16.02%;DOWN;-8,95000;19.88%;DOWN;-0,28000;0.62%
2026-05-22 20:00:00;4514,95000;4515,09000;4510,45726;4509,55923;4515,85241;4521,70904;4527,71083;4503,48145;4485,29653;4473,96266;4489,73152;4520,11152;;24,07755;17,27904;58,50472;6,29318;0,26137;DOWNTREND;;False;;0;8;HMA8:UP|HMA13:DOWN|HMA21:DOWN;1;2;False;True;8,13,21,34,89,233;;8,13,21,34,89,233;8,13,21,89,233;8,13,21,34,55,89,233;8,13,21,34,233;;;;;False;UP;-4,71000;10.48%;DOWN;-8,91000;19.8%;DOWN;-1,70000;3.78%
2026-05-22 22:00:00;4515,14000;4507,54000;4508,75656;4508,05742;4512,70354;4519,54792;4526,42769;4504,22203;4485,98606;4473,88961;4488,10533;4517,99064;;23,20487;18,29904;57,03314;4,64613;0,20022;DOWNTREND;;False;;0;8;HMA8:DOWN|HMA13:DOWN|HMA21:DOWN;0;3;False;True;8,13,21,34,89,233;;8,13,21,34,89,233;8,13,21,89,233;8,13,21,34,55,89,233;8,13,21,34,233;;8,13,21;;;False;DOWN;-6,83000;15.17%;DOWN;-8,18000;18.18%;DOWN;-3,10000;6.9%
2026-05-25 00:00:00;4543,08000;4564,97000;4530,01606;4518,90763;4516,37830;4520,42962;4526,39186;4505,63017;4487,11652;4474,20562;4486,74743;4516,05142;;25,69309;17,88427;55,21997;13,63776;0,53079;DOWNTREND;;False;;0;8;HMA8:UP|HMA13:UP|HMA21:UP;3;0;True;False;8,13,21,34,89,233;;8,13,21,34,89,233;8,13,21,89,233;8,13,21,34,55,89,233;8,13,21,34,233;;;;;False;UP;9,24000;20.53%;UP;-1,39000;3.08%;UP;-2,26000;5.03%
2026-05-25 02:00:00;4565,00000;4569,49000;4557,39650;4536,66148;4524,71905;4523,91673;4527,56239;4507,69139;4488,67940;4474,91970;4485,66733;4514,29633;;24,92502;18,08592;48,56482;32,67745;1,31103;DOWNTREND;;False;;0;8;HMA8:UP|HMA13:UP|HMA21:UP;3;0;True;False;8,13,21,34,89,233;;8,13,21,34,89,233;8,13,21,89,233;8,13,21,34,55,89,233;8,13,21,34,233;;;;;False;UP;25,69000;57.09%;UP;6,09000;13.53%;UP;-0,60000;1.34%
2026-05-25 04:00:00;4569,52000;4561,31000;4572,16059;4554,25759;4534,71546;4528,57238;4529,51405;4510,21365;4490,55106;4475,94623;4484,81683;4512,68847;;24,38037;17,91447;49,83967;37,44513;1,53587;DOWNTREND;;False;;0;8;HMA8:UP|HMA13:UP|HMA21:UP;3;0;True;False;8,13,21,34,89,233;;8,13,21,34,89,233;8,13,21,89,233;8,13,21,34,55,89,233;8,13,21,34,233;;8;;;False;UP;32,32000;71.83%;UP;14,85000;33.01%;UP;1,55000;3.45%
2026-05-25 06:00:00;4561,33000;4564,79000;4578,19319;4567,08166;4545,16160;4533,99405;4532,21738;4513,16961;4492,72643;4477,27594;4484,19817;4511,23262;;23,30034;17,61886;48,66188;33,03159;1,41764;DOWNTREND;;False;;0;8;HMA8:UP|HMA13:UP|HMA21:UP;3;0;True;False;8,13,21,34,89,233;;8,13,21,34,89,233;8,13,21,89,233;8,13,21,34,55,89,233;8,13,21,34,233;13;;13;;False;UP;36,69000;81.53%;UP;21,58000;47.95%;UP;4,11000;9.13%
2026-05-25 08:00:00;4564,82000;4562,44000;4574,38494;4574,76072;4554,03553;4539,49410;4535,35542;4516,43632;4495,13887;4478,86251;4483,78464;4509,91563;;22,72532;16,98134;48,40211;20,72519;0,91199;DOWNTREND;;False;;0;8;HMA8:DOWN|HMA13:UP|HMA21:UP;2;1;True;False;8,13,21,34,89,233;;8,13,21,34,89,233;8,13,21,89,233;8,13,21,34,55,89,233;8,13,21,34,233;;;;;False;DOWN;26,02000;57.82%;UP;25,56000;56.79%;UP;6,70000;14.9%
2026-05-25 10:00:00;4562,53000;4556,10000;4565,68659;4576,60136;4560,63994;4544,19554;4538,57821;4519,84628;4497,67879;4480,63226;4483,53329;4508,70962;;22,00280;16,38936;48,26857;15,96142;0,72543;DOWNTREND;;False;;0;8;HMA8:DOWN|HMA13:UP|HMA21:UP;2;1;True;False;8,13,21,34,89,233;;8,13,21,34,89,233;8,13,21,89,233;8,13,21,34,55,89,233;8,13,21,34,233;;21;;;False;DOWN;5,38000;11.96%;UP;27,44000;60.97%;UP;8,83000;19.62%
2026-05-25 12:00:00;4556,13000;4568,63000;4563,88331;4575,81207;4566,91132;4549,00173;4542,05879;4523,46369;4500,43842;4482,63183;4483,48807;4507,64769;;21,76545;16,28410;47,28851;11,92875;0,54806;DOWNTREND;;False;;0;8;HMA8:DOWN|HMA13:DOWN|HMA21:UP;1;2;False;True;8,13,21,34,89,233;;8,13,21,34,89,233;8,13,21,89,233;8,13,21,34,55,89,233;8,13,21,34,233;8,21;;8,21;;True;DOWN;-5,43000;12.07%;DOWN;23,54000;52.32%;UP;11,47000;25.49%
2026-05-25 14:00:00;4568,68000;4567,64000;4565,40152;4574,10911;4572,11267;4553,80683;4545,51822;4527,16991;4503,34037;4484,81393;4483,62533;4506,71787;;21,92078;16,35247;48,36996;8,70759;0,39723;DOWNTREND;;False;;0;8;HMA8:UP|HMA13:DOWN|HMA21:UP;2;1;True;False;8,13,21,34,89,233;;8,13,21,34,89,233;8,13,21,89,233;8,13,21,34,55,89,233;8,13,21,34,233;;21;;;False;UP;-8,30000;18.44%;DOWN;15,89000;35.32%;UP;13,62000;30.27%
2026-05-25 16:00:00;4567,69000;4566,77000;4567,13465;4572,69056;4575,95471;4558,41113;4548,89117;4530,85145;4506,32481;4487,13896;4483,92130;4505,90920;;21,15858;16,41596;46,49205;8,82006;0,41686;DOWNTREND;;False;;0;8;HMA8:UP|HMA13:DOWN|HMA21:UP;2;1;True;False;8,13,21,34,89,233;;8,13,21,34,89,233;8,13,21,89,233;8,13,21,34,55,89,233;8,13,21,34,233;;8;;;False;UP;-4,90000;10.88%;DOWN;8,26000;18.36%;UP;15,86000;35.24%
2026-05-25 18:00:00;4566,56000;4573,59000;4571,14967;4572,77055;4578,98547;4563,11059;4552,35962;4534,49292;4509,40130;4489,60562;4484,39128;4505,23531;;20,28654;16,65707;44,52147;7,83580;0,38626;UPTREND;REVERSAL_TO_HMA8;False;;2;8,13;HMA8:UP|HMA13:UP|HMA21:UP;3;0;True;False;;;;8,13;;8,13;8,13;;8;;False;UP;3,85000;8.56%;UP;2,68000;5.95%;UP;18,09000;40.21%
2026-05-25 20:00:00;4573,45000;4570,87000;4572,90239;4573,25614;4580,18378;4567,55948;4555,76146;4538,03604;4512,48482;4492,15599;4484,99563;4504,67595;;19,86536;17,05466;44,65282;7,28139;0,36654;UPTREND;;False;;1;8,13;HMA8:UP|HMA13:UP|HMA21:UP;3;0;True;False;;;;8,13;8,13;8,13;;8,13;;8,13;False;UP;6,48000;14.39%;UP;-0,72000;1.61%;UP;17,81000;39.57%
2026-05-26 00:00:00;4570,89000;4574,92000;4574,44159;4574,58620;4580,72817;4571,76300;4559,14135;4541,51297;4515,61126;4494,78030;4485,73242;4504,23560;;18,93783;17,42384;43,45880;6,28658;0,33196;UPTREND;;False;;0;8,13;HMA8:UP|HMA13:UP|HMA21:UP;3;0;True;False;8,13,34;8,13,34;;8,13,34;8,13;8,13,34;8,13,34;;34;;False;UP;6,81000;15.12%;UP;-1,02000;2.26%;UP;16,48000;36.61%
2026-05-26 02:00:00;4574,64000;4549,60000;4566,16402;4570,23882;4578,25163;4574,18853;4561,74104;4544,54686;4518,54299;4497,27666;4486,46650;4503,81717;;20,48442;16,81916;47,07591;12,08761;0,59009;DOWNTREND;REVERSAL_TO_HMA55;False;;2;8,13;HMA8:DOWN|HMA13:DOWN|HMA21:DOWN;0;3;False;True;;;;;8,13,34,55;8,13;;8,13,34,55;;8,13,34,55;False;DOWN;-0,68000;1.51%;DOWN;-2,60000;5.77%;DOWN;12,00000;26.66%
2026-05-26 04:00:00;4549,58000;4532,28000;4547,99861;4559,57984;4571,94625;4574,19033;4563,14240;4546,92796;4521,13340;4499,54216;4487,10557;4503,35801;;20,61981;16,89094;62,73862;23,94764;1,16139;DOWNTREND;ADVANCE_HMA89;False;;1;8,13;HMA8:DOWN|HMA13:DOWN|HMA21:DOWN;0;3;False;True;8,89;;8,89;;8,13,34,55,89;8,13;;8,89;;89;False;DOWN;-15,68000;34.84%;DOWN;-6,70000;14.88%;DOWN;7,40000;16.45%
2026-05-26 06:00:00;4532,28000;4525,42000;4529,94780;4545,24124;4562,84695;4571,80331;4563,35967;4548,62185;4523,35341;4501,55039;4487,63273;4502,83346;;20,69983;17,16605;54,47554;32,89915;1,58934;DOWNTREND;;False;;0;8,13;HMA8:DOWN|HMA13:DOWN|HMA21:DOWN;0;3;False;True;8,89;;8,89;;8,13,34,55,89;8,13;;8;;;False;DOWN;-27,42000;60.93%;DOWN;-12,46000;27.69%;DOWN;2,44000;5.42%
2026-05-26 08:00:00;4525,32000;4531,02000;4520,52609;4532,99429;4553,17562;4567,99301;4562,78123;4549,76701;4525,29522;4503,35624;4488,09129;4502,25849;;20,16270;17,45419;53,77474;32,64952;1,61930;DOWNTREND;;False;;0;8,13;HMA8:DOWN|HMA13:DOWN|HMA21:DOWN;0;3;False;True;8,89;;8,89;8;8,13,34,55,89;8,13;8;;8;;True;DOWN;-33,76000;75.03%;DOWN;-18,20000;40.45%;DOWN;-2,12000;4.71%
2026-05-26 10:00:00;4531,06000;4523,75000;4517,18770;4523,01287;4543,41792;4562,86996;4561,41554;4550,33878;4526,91799;4504,93310;4488,46083;4501,61805;;20,05608;17,49061;52,23938;26,23022;1,30784;DOWNTREND;ADVANCE_HMA116;False;;0;8,13;HMA8:DOWN|HMA13:DOWN|HMA21:DOWN;0;3;False;True;8,13,116;;8,13,116;8;8,13,34,55,89,116;8,13;;13,116;;116;False;DOWN;-31,40000;69.79%;DOWN;-22,66000;50.36%;DOWN;-6,68000;14.85%
2026-05-26 12:00:00;4524,28000;4534,43000;4521,80054;4518,51587;4535,68164;4557,63829;4559,78048;4550,57724;4528,36735;4506,37180;4488,80609;4500,95602;;20,65207;17,97790;50,36158;17,16577;0,83119;DOWNTREND;;False;;0;8,13;HMA8:UP|HMA13:DOWN|HMA21:DOWN;1;2;False;True;8,13,116;;8,13,116;8,116;8,13,34,55,89,116;8,13;116;;116;;True;UP;-17,60000;39.1%;DOWN;-24,35000;54.1%;DOWN;-10,00000;22.23%
2026-05-26 14:00:00;4534,44000;4520,38000;4523,37156;4515,75457;4528,40081;4551,92249;4557,65357;4550,36829;4529,54574;4507,59753;4489,07608;4500,23242;;21,71764;19,00265;47,31664;12,64624;0,58230;DOWNTREND;;False;;0;8,13;HMA8:UP|HMA13:DOWN|HMA21:DOWN;1;2;False;True;8,13,21,116;;8,13,21,116;8,116;8,13,21,34,55,89,116;8,13,21;;8,21,116;;21,116;False;UP;-4,33000;9.62%;DOWN;-22,69000;50.42%;DOWN;-12,35000;27.45%
2026-05-26 16:00:00;4520,38000;4515,21000;4519,47631;4513,69185;4521,30200;4545,82336;4555,13216;4549,75327;4530,44188;4508,60553;4489,26134;4499,44078;;21,82995;19,95420;48,74898;7,61015;0,34861;DOWNTREND;;False;;0;8,13;HMA8:DOWN|HMA13:DOWN|HMA21:DOWN;0;3;False;True;8,13,21,116;;8,13,21,116;8,116;8,13,21,34,55,89,116;8,13,21;;8,13;;;False;DOWN;-0,69000;1.53%;DOWN;-19,31000;42.91%;DOWN;-14,80000;32.89%
2026-05-26 18:00:00;4515,25000;4504,89000;4511,48102;4509,58308;4513,97394;4539,04531;4552,08971;4548,70706;4531,01130;4509,36470;4489,33529;4498,55941;;21,38852;21,22188;47,95940;4,39086;0,20529;DOWNTREND;;False;;0;8,13;HMA8:DOWN|HMA13:DOWN|HMA21:DOWN;0;3;False;True;8,13,21,116,144;;8,13,21,116,144;8,116;8,13,21,34,55,89,116,144;8,13,21;;8,13,21,144;;144;False;DOWN;-3,82000;8.48%;DOWN;-15,53000;34.51%;DOWN;-17,20000;38.22%
2026-05-26 20:00:00;4504,92000;4499,28000;4501,52511;4503,80604;4506,59402;4531,72606;4548,49322;4547,28522;4531,25888;4509,87617;4489,29572;4497,58297;;21,64077;23,08561;40,71226;5,06891;0,23423;DOWNTREND;;False;;0;8,13;HMA8:DOWN|HMA13:DOWN|HMA21:DOWN;0;3;False;True;8,13,21,116,144;;8,13,21,116,144;8,116;8,13,21,34,55,89,116,144;8,13,21;;8,13;;;False;DOWN;-13,18000;29.29%;DOWN;-12,67000;28.15%;DOWN;-18,91000;42.02%
2026-05-26 22:00:00;4499,30000;4506,93000;4498,35433;4499,86534;4501,18429;4524,65662;4544,65924;4545,69011;4531,31967;4510,23184;4489,20043;4496,55252;;21,00429;24,52963;40,90793;2,82996;0,13473;DOWNTREND;;False;;0;8,13;HMA8:DOWN|HMA13:DOWN|HMA21:DOWN;0;3;False;True;8,13,21,116,144;;8,13,21,116,144;8,13,21,116;8,13,21,34,55,89,116,144;8,13,21;8,13,21;;8,13,21;;True;DOWN;-16,58000;36.85%;DOWN;-10,41000;23.13%;DOWN;-20,15000;44.77%
2026-05-27 00:00:00;4536,92000;4510,99000;4501,70944;4498,89281;4498,19801;4518,34379;4540,80921;4544,02654;4531,26533;4510,49224;4489,09084;4495,49453;;22,39755;23,60125;44,85674;3,51143;0,15678;DOWNTREND;;False;;0;8,13;HMA8:UP|HMA13:DOWN|HMA21:DOWN;1;2;False;True;8,13,21,34,116,144;;8,13,21,34,116,144;8,13,21,116;8,13,21,34,55,89,116,144;8,13,21,34,116;;34,116;;34,116;False;UP;-11,22000;24.93%;DOWN;-8,31000;18.46%;DOWN;-18,23000;40.5%
2026-05-27 02:00:00;4511,00000;4515,06000;4508,33139;4501,37603;4497,59098;4513,13532;4537,07629;4542,37945;4531,15095;4510,72086;4489,00358;4494,43465;;22,48059;22,73918;45,93097;10,74041;0,47776;UPTREND;REVERSAL_TO_HMA34;False;;0;;HMA8:UP|HMA13:UP|HMA21:DOWN;2;1;True;False;;;;34;;;34;;34;;False;UP;-2,01000;4.46%;UP;-6,08000;13.52%;DOWN;-16,19000;35.97%
2026-05-27 04:00:00;4515,02000;4505,77000;4510,73776;4503,33407;4497,46785;4508,51991;4533,27571;4540,64749;4530,89049;4510,88156;4488,91408;4493,35628;;22,50483;22,27765;47,72872;13,26991;0,58965;UPTREND;;False;;0;;HMA8:UP|HMA13:UP|HMA21:DOWN;2;1;True;False;;;;34;8,34,144;;;8,34,144;;8,34,144;True;UP;5,84000;12.99%;UP;-4,39000;9.75%;DOWN;-13,90000;30.9%
2026-05-27 06:00:00;4505,77000;4510,15000;4510,88752;4505,61498;4497,95211;4504,75116;4529,57812;4538,91899;4530,54028;4511,01948;4488,85351;4492,28820;;22,42234;21,97716;59,47795;12,93541;0,57690;UPTREND;;False;;0;;HMA8:UP|HMA13:UP|HMA21:UP;3;0;True;False;34;34;;34;8,34,144;;34;;34;;False;UP;7,95000;17.68%;UP;-1,69000;3.75%;UP;-11,46000;25.47%
2026-05-27 08:00:00;4510,07000;4485,17000;4500,94209;4502,24704;4496,08194;4500,36880;4525,31603;4536,88981;4529,87850;4510,98561;4488,71113;4491,16460;;23,25360;22,49537;61,93761;6,16510;0,26512;DOWNTREND;REVERSAL_TO_HMA188;False;;2;8,13,21;HMA8:DOWN|HMA13:DOWN|HMA21:DOWN;0;3;False;True;;;;;8,13,21,34,188,233;8,13,21,34,188,233;;8,13,21,34,188,233;;8,13,21,34,188,233;False;DOWN;-0,47000;1.05%;DOWN;-0,64000;1.42%;DOWN;-9,66000;21.48%
2026-05-27 10:00:00;4486,18000;4497,79000;4493,62372;4498,59995;4494,34161;4496,42327;4520,98749;4534,77784;4529,07107;4510,88605;4488,55254;4490,04042;;23,22335;23,14963;62,57762;4,97622;0,21428;DOWNTREND;;False;;1;8,13,21;HMA8:DOWN|HMA13:DOWN|HMA21:DOWN;0;3;False;True;;;;8,21,34,188,233;8,13,21,34,188,233;8,13,21,34,188,233;8,21,34,188,233;;8,21,34,188,233;;False;DOWN;-9,00000;19.99%;DOWN;-0,52000;1.16%;DOWN;-8,34000;18.54%
2026-05-27 12:00:00;4497,79000;4445,74000;4472,30135;4484,24698;4487,47560;4490,25421;4515,26871;4531,91071;4527,66345;4510,40734;4488,15012;4488,75619;;25,50096;24,92150;51,35310;15,17424;0,59505;DOWNTREND;;False;;0;8,13,21;HMA8:DOWN|HMA13:DOWN|HMA21:DOWN;0;3;False;True;8,13,21,34,188,233;;8,13,21,34,188,233;8,21,34,188,233;8,13,21,34,188,233;8,13,21,34,188,233;;8,13,21,34,188,233;;;False;DOWN;-20,65000;45.88%;DOWN;-5,47000;12.15%;DOWN;-7,56000;16.79%
2026-05-27 14:00:00;4446,06000;4438,80000;4446,37946;4464,86980;4476,87312;4482,36395;4508,31193;4528,30219;4525,66925;4509,55810;4487,49720;4487,30884;;26,63875;27,01851;47,21472;30,49366;1,14471;DOWNTREND;;False;;0;8,13,21;HMA8:DOWN|HMA13:DOWN|HMA21:DOWN;0;3;False;True;8,13,21,34,188,233;;8,13,21,34,188,233;8,21,34,188,233;8,13,21,34,188,233;8,13,21,34,188,233;;;;;False;DOWN;-31,19000;69.31%;DOWN;-12,87000;28.59%;DOWN;-7,93000;17.62%
2026-05-27 16:00:00;4438,28000;4433,91000;4428,99535;4444,71136;4464,24985;4473,27180;4500,36431;4524,00261;4523,12582;4508,35640;4486,60433;4485,70423;;28,58313;29,44483;43,07649;35,25450;1,23340;DOWNTREND;;False;;0;8,13,21;HMA8:DOWN|HMA13:DOWN|HMA21:DOWN;0;3;False;True;8,13,21,34,188,233;;8,13,21,34,188,233;8,21,34,188,233;8,13,21,34,188,233;8,13,21,34,188,233;;8;;;False;DOWN;-32,18000;71.51%;DOWN;-18,87000;41.94%;DOWN;-8,43000;18.73%
2026-05-27 18:00:00;4433,79000;4450,73000;4426,68137;4432,87321;4452,97528;4464,75060;4492,26951;4519,37340;4520,26933;4506,95540;4485,57610;4484,01752;;28,33219;31,69785;42,13460;26,29391;0,92806;DOWNTREND;;False;;0;8,13,21;HMA8:DOWN|HMA13:DOWN|HMA21:DOWN;0;3;False;True;8,13,21,34,188,233;;8,13,21,34,188,233;8,13,21,34,188,233;8,13,21,34,188,233;8,13,21,34,188,233;13;;13;;True;DOWN;-30,57000;67.93%;DOWN;-23,17000;51.48%;DOWN;-9,66000;21.46%
2026-05-27 20:00:00;4450,77000;4454,33000;4436,78046;4429,33515;4444,71545;4457,32887;4484,36723;4514,57138;4517,20148;4505,40304;4484,45013;4482,27961;;27,51775;33,38410;41,55249;15,38030;0,55892;DOWNTREND;;False;;0;8,13,21;HMA8:UP|HMA13:DOWN|HMA21:DOWN;1;2;False;True;8,13,21,34,188,233;;8,13,21,34,188,233;8,13,21,34,188,233;8,13,21,34,188,233;8,13,21,34,188,233;21;;21;;True;UP;-17,89000;39.75%;DOWN;-23,83000;52.95%;DOWN;-11,00000;24.44%
2026-05-27 22:00:00;4454,34000;4455,98000;4448,65220;4431,68958;4439,36405;4451,49381;4476,94660;4509,71705;4514,00364;4503,73159;4483,24897;4480,51107;;26,25862;34,90989;41,01746;16,96262;0,64598;UPTREND;REVERSAL_TO_HMA34;False;;0;;HMA8:UP|HMA13:UP|HMA21:DOWN;2;1;True;False;;;;34;;;34;;34;;False;UP;1,24000;2.75%;UP;-23,01000;51.13%;DOWN;-12,50000;27.78%
2026-05-28 00:00:00;4453,66000;4457,25000;4456,98813;4438,18097;4436,64252;4447,13959;4470,16065;4504,90489;4510,75334;4501,97211;4481,99156;4478,72877;;25,31372;35,72616;39,88856;20,34560;0,80374;UPTREND;;False;;0;;HMA8:UP|HMA13:UP|HMA21:DOWN;2;1;True;False;8;8;;8,34;;8;8;;8;;False;UP;15,45000;34.34%;UP;-16,87000;37.49%;DOWN;-13,51000;30.02%
2026-05-28 02:00:00;4457,27000;4457,09000;4460,23107;4445,68192;4435,80894;4443,94791;4464,16248;4500,21496;4507,50294;4500,14646;4480,69097;4476,94306;;24,53988;36,75889;40,05684;24,42213;0,99520;UPTREND;;False;;0;;HMA8:UP|HMA13:UP|HMA21:DOWN;2;1;True;False;8;8;;8,34;8;8;;8;;8;True;UP;18,87000;41.93%;UP;-7,42000;16.5%;DOWN;-14,21000;31.58%
2026-05-28 04:00:00;4457,23000;4394,39000;4435,87587;4438,68487;4429,84949;4438,12180;4457,23236;4494,85225;4503,72732;4497,88470;4479,08165;4474,96262;;27,51489;38,76958;42,93592;8,83539;0,32111;DOWNTREND;REVERSAL_TO_HMA21;False;;2;8,13,21;HMA8:DOWN|HMA13:DOWN|HMA21:DOWN;0;3;False;True;;;;;8,13,21,34;8,13,21,34;;8,13,21,34;;8,13,21,34;False;DOWN;-0,47000;1.05%;DOWN;-2,09000;4.65%;DOWN;-13,53000;30.08%
2026-05-28 06:00:00;4394,42000;4373,03000;4397,45778;4418,30924;4418,51068;4429,23710;4449,04317;4488,70389;4499,32796;4495,11455;4477,11136;4472,74544;;27,78740;40,98714;38,64567;21,05290;0,75764;DOWNTREND;;False;;1;8,13,21;HMA8:DOWN|HMA13:DOWN|HMA21:DOWN;0;3;False;True;;;;;8,13,21,34;8,13,21,34;;;;;False;DOWN;-24,73000;54.96%;DOWN;-4,99000;11.09%;DOWN;-15,26000;33.92%
2026-05-28 08:00:00;4373,03000;4383,42000;4372,29056;4396,02424;4405,95967;4418,93495;4440,20331;4482,03475;4494,52781;4491,97559;4474,87643;4470,35723;;27,84187;43,04631;40,10039;33,66911;1,20930;DOWNTREND;;False;;0;8,13,21;HMA8:DOWN|HMA13:DOWN|HMA21:DOWN;0;3;False;True;;;;8;8,13,21,34;8,13,21,34;8;;8;;False;DOWN;-37,25000;82.79%;DOWN;-11,28000;25.06%;DOWN;-16,32000;36.26%
2026-05-28 10:00:00;4383,58000;4386,93000;4364,30639;4379,51705;4394,29644;4408,34490;4431,10196;4474,99219;4489,42617;4488,54385;4472,43985;4467,84002;;26,79388;44,92295;40,25221;29,99006;1,11929;DOWNTREND;;False;;0;8,13,21;HMA8:DOWN|HMA13:DOWN|HMA21:DOWN;0;3;False;True;;;;8,13;8,13,21,34;8,13,21,34;13;;13;;True;DOWN;-41,83000;92.95%;DOWN;-17,98000;39.96%;DOWN;-17,13000;38.06%
2026-05-28 12:00:00;4386,91000;4382,96000;4368,09672;4368,92814;4384,54754;4398,12547;4421,88875;4467,59557;4484,03744;4484,85432;4469,81972;4465,20774;;26,94360;46,04124;43,89838;16,45081;0,61056;DOWNTREND;;False;;0;8,13,21;HMA8:UP|HMA13:DOWN|HMA21:DOWN;1;2;False;True;21;;21;8,13;8,13,21,34;8,13,21,34;;21;;;False;UP;-32,17000;71.48%;DOWN;-23,19000;51.53%;DOWN;-16,48000;36.62%
2026-05-28 14:00:00;4382,93000;4432,11000;4394,34324;4374,18729;4381,95812;4391,88814;4414,14659;4460,61033;4478,86348;4481,25300;4467,28119;4462,64629;;28,87977;45,15709;46,85514;20,15595;0,69793;UPTREND;REVERSAL_TO_HMA55;False;;2;8,21;HMA8:UP|HMA13:UP|HMA21:DOWN;2;1;True;False;;;;8,21,34,55;;8;8,21,34,55;;8,21,34,55;;False;UP;-1,54000;3.43%;UP;-22,42000;49.82%;DOWN;-13,82000;30.7%
2026-05-28 16:00:00;4432,59000;4469,28000;4436,15481;4398,11783;4388,30965;4391,07218;4408,89865;4454,55667;4474,25765;4477,97729;4464,99562;4460,28533;;31,25550;42,21457;52,86573;47,84516;1,53078;UPTREND;ADVANCE_HMA188;False;;1;8,21;HMA8:UP|HMA13:UP|HMA21:UP;3;0;True;False;8,89,188,233;8,89,188,233;;8,21,34,55,89,188,233;;8;8,89,188,233;;89,188,233;;False;UP;27,06000;60.13%;UP;-12,21000;27.12%;UP;-10,23000;22.73%
2026-05-28 18:00:00;4470,07000;4510,96000;4485,79467;4438,11377;4405,05322;4396,62310;4407,09627;4449,94665;4470,58013;4475,26757;4463,13749;4458,26171;;32,04440;39,92819;43,87528;80,74145;2,51967;UPTREND;;False;;0;8,21;HMA8:UP|HMA13:UP|HMA21:UP;3;0;True;False;8,89,116,144,188,233;8,89,116,144,188,233;;8,21,34,55,89,116,144,188,233;;8;8,116,144;;116,144;;False;UP;43,47000;96.59%;UP;5,88000;13.07%;UP;-6,11000;13.58%
2026-05-28 20:00:00;4511,08000;4500,89000;4518,43061;4476,52214;4426,67433;4406,09373;4407,88536;4446,55235;4467,67239;4473,02582;4461,62912;4456,52555;;31,03980;37,96840;39,38900;91,75628;2,95609;UPTREND;;False;;0;8,21;HMA8:UP|HMA13:UP|HMA21:UP;3;0;True;False;8,89,116,144,188,233;8,89,116,144,188,233;;8,21,34,55,89,116,144,188,233;8;8;;8;;8;True;UP;50,45000;100%;UP;23,38000;51.95%;UP;-1,84000;4.09%
2026-05-28 22:00:00;4501,22000;4496,32000;4525,84520;4504,94218;4448,89836;4417,69744;4410,53616;4444,23939;4465,44317;4471,19735;4460,42990;4455,04470;;29,44910;36,00619;37,90355;76,94685;2,61288;UPTREND;;False;;0;8,21;HMA8:UP|HMA13:UP|HMA21:UP;3;0;True;False;8,89,116,144,188,233;8,89,116,144,188,233;;8,21,34,55,89,116,144,188,233;8,13;8;;13;;13;True;UP;48,15000;100%;UP;35,37000;78.6%;UP;2,54000;5.66%
2026-05-29 00:00:00;4493,82000;4491,20000;4517,25343;4520,32089;4469,22538;4429,52741;4414,39121;4442,77821;4463,80219;4469,72839;4459,50044;4453,78525;;27,98202;34,02103;37,15073;51,09550;1,82601;UPTREND;;False;;0;8,21;HMA8:DOWN|HMA13:UP|HMA21:UP;2;1;True;False;8,89,116,144,188,233;8,89,116,144,188,233;;8,21,34,55,89,116,144,188,233;8,13;8;;;;;False;DOWN;35,93000;79.83%;UP;42,04000;93.43%;UP;8,01000;17.8%
2026-05-29 02:00:00;4491,29000;4496,12000;4505,50485;4525,64363;4486,73553;4440,96993;4419,11295;4442,05438;4462,69671;4468,63212;4458,84869;4452,75024;;26,79759;32,10021;37,29362;38,90809;1,45193;UPTREND;;False;;0;8,21;HMA8:DOWN|HMA13:UP|HMA21:UP;2;1;True;False;8,89,116,144,188,233;8,89,116,144,188,233;;8,21,34,55,89,116,144,188,233;8,13;8;;;;;False;DOWN;10,42000;23.15%;UP;43,29000;96.2%;UP;14,28000;31.74%
2026-05-29 04:00:00;4496,16000;4501,68000;4500,38280;4524,69379;4501,54039;4451,86465;4424,35729;4441,97019;4462,05677;4467,92173;4458,48263;4451,94317;;26,90276;31,02801;37,66447;24,31099;0,90366;UPTREND;;False;;0;8,21;HMA8:DOWN|HMA13:DOWN|HMA21:UP;1;2;False;True;8,21,89,116,144,188,233;8,21,89,116,144,188,233;;8,21,34,55,89,116,144,188,233;8,13;8;8,21;;21;;False;DOWN;-9,52000;21.16%;DOWN;38,10000;84.67%;UP;19,56000;43.46%
2026-05-29 06:00:00;4501,47000;4514,02000;4505,17828;4522,69283;4514,36585;4462,95228;4430,15683;4442,51578;4461,88152;4467,61716;4458,43834;4451,38791;;26,42256;30,03239;38,17961;17,51455;0,66286;UPTREND;;False;;0;8,21;HMA8:UP|HMA13:DOWN|HMA21:UP;2;1;True;False;8,21,89,116,144,188,233;8,21,89,116,144,188,233;;8,21,34,55,89,116,144,188,233;8,13;8,21;8,21;;21;;False;UP;-11,06000;24.59%;DOWN;28,08000;62.4%;UP;24,44000;54.31%
2026-05-29 08:00:00;4514,02000;4523,60000;4516,24387;4523,60623;4525,42213;4474,56644;4436,56953;4443,62199;4462,13576;4467,70134;4458,71329;4451,09756;;26,05524;29,42317;33,10008;9,17826;0,35226;UPTREND;;False;;0;8,21;HMA8:UP|HMA13:UP|HMA21:UP;3;0;True;False;8,13,21,89,116,144,188,233;8,13,21,89,116,144,188,233;;8,13,21,34,55,89,116,144,188,233;8,13;8,13,21;8,13,21;;13;;False;UP;-0,55000;1.23%;UP;16,76000;37.25%;UP;28,40000;63.11%
2026-05-29 10:00:00;4523,59000;4514,82000;4522,03693;4524,54253;4532,63298;4485,88166;4443,29265;4445,03277;4462,60198;4468,04179;4459,21105;4451,02375;;25,34629;28,92991;31,17047;10,59605;0,41805;UPTREND;;False;;0;8,21;HMA8:UP|HMA13:UP|HMA21:UP;3;0;True;False;8,13,21,89,116,144,188,233;8,13,21,89,116,144,188,233;;8,13,21,34,55,89,116,144,188,233;8,13;8,13,21;;8;;8;True;UP;9,26000;20.58%;UP;7,34000;16.32%;UP;30,73000;68.29%
2026-05-29 12:00:00;4514,88000;4538,53000;4531,19287;4529,83169;4538,79050;4497,95742;4450,88950;4446,99754;4463,41710;4468,71678;4459,98936;4451,21220;;25,67941;29,03944;29,27763;8,95881;0,34887;UPTREND;;False;;0;8,21;HMA8:UP|HMA13:UP|HMA21:UP;3;0;True;False;8,13,21,89,116,144,188,233;8,13,21,89,116,144,188,233;;8,13,21,34,55,89,116,144,188,233;8,13;8,13,21;8,13,21;;;;False;UP;16,70000;37.1%;UP;3,53000;7.85%;UP;30,37000;67.49%
2026-05-29 14:00:00;4538,07000;4522,94000;4533,48293;4532,92860;4541,93511;4509,39656;4458,74562;4449,26133;4464,36827;4469,54163;4460,92120;4451,57215;;25,82660;29,10871;30,76689;9,00650;0,34873;UPTREND;;False;;0;8,21;HMA8:UP|HMA13:UP|HMA21:UP;3;0;True;False;8,13,21,89,116,144,188,233;8,13,21,89,116,144,188,233;;8,13,21,34,55,89,116,144,188,233;8,13;8,13,21;;8,13;;8,13;True;UP;15,32000;34.05%;UP;2,69000;5.98%;UP;27,92000;62.05%
2026-05-29 16:00:00;4523,19000;4564,22000;4545,86639;4542,82941;4547,65820;4521,96666;4467,80388;4452,33960;4465,81712;4470,72451;4462,13849;4452,20249;;27,78541;30,03442;28,28691;4,82879;0,17379;UPTREND;;False;;0;8,21;HMA8:UP|HMA13:UP|HMA21:UP;3;0;True;False;8,13,21,89,116,144,188,233;8,13,21,89,116,144,188,233;;8,13,21,34,55,89,116,144,188,233;8,13;8,13,21;8,13,21;;;;False;UP;14,92000;33.16%;UP;6,21000;13.8%;UP;23,53000;52.29%
2026-05-29 18:00:00;4564,12000;4566,89000;4562,81656;4555,02143;4555,37761;4534,80789;4477,80183;4456,15444;4467,71854;4472,22356;4463,60177;4453,06889;;28,47860;31,44567;29,50804;7,79513;0,27372;UPTREND;;False;;0;8,21;HMA8:UP|HMA13:UP|HMA21:UP;3;0;True;False;8,13,21,89,116,144,188,233;8,13,21,89,116,144,188,233;;8,13,21,34,55,89,116,144,188,233;8,13;8,13,21;;;;;False;UP;19,70000;43.77%;UP;10,71000;23.81%;UP;20,50000;45.56%
2026-05-29 20:00:00;4567,08000;4553,20000;4567,34376;4563,95775;4562,02003;4546,37331;4487,98972;4460,38887;4469,87081;4473,91524;4465,20955;4454,08408;;27,70513;32,34283;37,60654;5,32373;0,19216;UPTREND;;False;;0;8,21;HMA8:UP|HMA13:UP|HMA21:UP;3;0;True;False;8,13,21,89,116,144,188,233;8,13,21,89,116,144,188,233;;8,13,21,34,55,89,116,144,188,233;8,13,21;8,13,21;;8,13,21;;8,13,21;True;UP;18,07000;40.15%;UP;13,64000;30.32%;UP;18,52000;41.15%
2026-05-29 22:00:00;4553,13000;4540,55000;4560,54380;4565,16932;4565,69022;4555,38528;4497,77698;4464,76777;4472,09315;4475,68763;4466,88482;4455,17763;;27,20976;32,52137;41,79996;5,14642;0,18914;UPTREND;;False;;0;8,21;HMA8:DOWN|HMA13:UP|HMA21:UP;2;1;True;False;8,13,21,89,116,144,188,233;8,13,21,89,116,144,188,233;;8,13,21,34,55,89,116,144,188,233;8,13,21,34;8,13,21;;34;;34;True;DOWN;13,96000;31.03%;UP;13,97000;31.05%;UP;16,18000;35.96%
2026-06-01 00:00:00;4517,72000;4535,25000;4535,40230;4552,49095;4562,78739;4564,81198;4515,20628;4473,47965;4476,48285;4479,27909;4470,29666;4457,48995;;26,58785;30,69271;43,94752;27,38510;1,02999;UPTREND;;False;;0;8,21;HMA8:DOWN|HMA13:DOWN|HMA21:DOWN;0;3;False;True;8,13,21,89,116,144,188,233;8,13,21,89,116,144,188,233;;8,13,21,34,55,89,116,144,188,233;8,13,21,34;8,13,21;;;;;False;DOWN;-14,45000;32.12%;DOWN;6,99000;15.54%;DOWN;10,32000;22.94%
2026-06-01 02:00:00;4535,29000;4540,58000;4532,58544;4545,30480;4559,41342;4566,36796;4522,89643;4477,81252;4478,66659;4481,09050;4472,02214;4458,71117;;25,46515;30,06945;44,16631;26,82798;1,05352;UPTREND;;False;;0;8,21;HMA8:DOWN|HMA13:DOWN|HMA21:DOWN;0;3;False;True;8,13,21,89,116,144,188,233;8,13,21,89,116,144,188,233;;8,13,21,34,55,89,116,144,188,233;8,13,21,34;8,13,21;8;;;;False;DOWN;-18,84000;41.87%;DOWN;0,93000;2.06%;DOWN;7,60000;16.9%
2026-06-01 04:00:00;4540,64000;4521,40000;4527,42639;4536,03400;4554,02131;4565,86169;4529,37344;4481,84183;4480,66997;4482,77480;4473,65659;4459,90729;;25,08264;28,77473;46,31313;26,59492;1,06029;DOWNTREND;REVERSAL_TO_HMA8;False;;2;8,13;HMA8:DOWN|HMA13:DOWN|HMA21:DOWN;0;3;False;True;;;;;8,13,55;8,13;;8,13,55;;8,13,55;False;DOWN;-18,27000;40.59%;DOWN;-7,19000;15.98%;DOWN;4,87000;10.83%
2026-06-01 06:00:00;4522,47000;4514,45000;4519,28150;4525,98780;4546,67600;4563,62008;4534,64971;4485,49559;4482,43264;4484,28567;4475,16046;4461,04978;;24,50102;26,97986;45,93519;27,39450;1,11810;DOWNTREND;;False;;1;8,13;HMA8:DOWN|HMA13:DOWN|HMA21:DOWN;0;3;False;True;8;;8;;8,13,55;8,13;;8;;;False;DOWN;-15,74000;34.98%;DOWN;-14,48000;32.18%;DOWN;1,84000;4.1%
2026-06-01 08:00:00;4514,43000;4501,67000;4507,98950;4514,66079;4537,06596;4559,49719;4538,62689;4488,61327;4483,86692;4485,54982;4476,47602;4462,09555;;24,53166;25,16150;48,61262;29,07646;1,18526;DOWNTREND;;False;;0;8,13;HMA8:DOWN|HMA13:DOWN|HMA21:DOWN;0;3;False;True;8;;8;;8,13,55;8,13;;8;;;False;DOWN;-15,61000;34.69%;DOWN;-18,94000;42.09%;DOWN;-1,14000;2.53%
2026-06-01 10:00:00;4501,59000;4497,98000;4497,01022;4503,94177;4525,91743;4553,83333;4541,36652;4491,23829;4484,97109;4486,55473;4477,59597;4463,03402;;24,14655;23,88539;44,72630;28,90721;1,19716;DOWNTREND;;False;;0;8,13;HMA8:DOWN|HMA13:DOWN|HMA21:DOWN;0;3;False;True;8;;8;;8,13,55;8,13;;8;;;False;DOWN;-20,22000;44.93%;DOWN;-21,16000;47.01%;DOWN;-5,14000;11.43%
2026-06-01 12:00:00;4497,98000;4503,96000;4493,91587;4496,51624;4515,73026;4547,49519;4543,13147;4493,55278;4485,87253;4487,36300;4478,55529;4463,88930;;23,96965;22,76127;44,83046;21,81439;0,91008;DOWNTREND;;False;;0;8,13;HMA8:DOWN|HMA13:DOWN|HMA21:DOWN;0;3;False;True;8;;8;13;8,13,55;8,13;13;;13;;True;DOWN;-19,27000;42.81%;DOWN;-21,27000;47.26%;DOWN;-9,39000;20.87%
2026-06-01 14:00:00;4503,88000;4502,14000;4495,24863;4492,28995;4507,21636;4540,84499;4543,94327;4495,60643;4486,62042;4487,97494;4479,36191;4464,66045;;23,35325;21,61317;43,18868;14,92641;0,63916;DOWNTREND;;False;;0;8,13;HMA8:UP|HMA13:DOWN|HMA21:DOWN;1;2;False;True;8;;8;13;8,13,55;8,13;;;;;False;UP;-14,43000;32.06%;DOWN;-20,72000;46.05%;DOWN;-13,21000;29.35%
2026-06-01 16:00:00;4502,84000;4458,63000;4481,32352;4482,05086;4496,03769;4531,79491;4542,73239;4496,87948;4486,86736;4488,15200;4479,83151;4465,21253;;25,69516;22,35293;33,76597;14,71417;0,57264;DOWNTREND;ADVANCE_HMA233;False;;0;8,13;HMA8:DOWN|HMA13:DOWN|HMA21:DOWN;0;3;False;True;13,21,89,116,144,188,233;;13,21,89,116,144,188,233;13;8,13,21,55,89,116,144,188,233;8,13,21;;8,13,21,89,116,144,188,233;;21,89,116,144,188,233;False;DOWN;-14,54000;32.32%;DOWN;-19,30000;42.88%;DOWN;-15,17000;33.7%
2026-06-01 18:00:00;4458,63000;4480,03000;4472,09554;4474,03814;4486,09280;4522,40634;4540,41001;4497,79045;4486,89786;4488,09022;4480,10428;4465,63463;;25,74550;23,03986;30,82634;13,99726;0,54368;DOWNTREND;;False;;0;8,13;HMA8:DOWN|HMA13:DOWN|HMA21:DOWN;0;3;False;True;13,21,89,116,144,188,233;;13,21,89,116,144,188,233;8,13,188,233;8,13,21,55,89,116,144,188,233;8,13,21;8,13,188,233;;8,13,188,233;;True;DOWN;-13,60000;30.22%;DOWN;-18,59000;41.31%;DOWN;-17,15000;38.1%
2026-06-01 20:00:00;4480,51000;4486,64000;4472,96704;4470,73091;4478,43026;4513,36544;4537,37650;4498,51642;4486,83110;4487,87254;4480,24568;4465,95915;;25,61725;22,94958;36,84801;7,69935;0,30055;DOWNTREND;;False;;0;8,13;HMA8:UP|HMA13:DOWN|HMA21:DOWN;1;2;False;True;13,21,89,116,144,188,233;;13,21,89,116,144,188,233;8,13,21,188,233;8,13,21,55,89,116,144,188,233;8,13,21;21;;21;;True;UP;-11,55000;25.68%;DOWN;-15,95000;35.45%;DOWN;-18,23000;40.5%
2026-06-01 22:00:00;4486,60000;4483,95000;4476,37707;4471,24760;4473,01402;4504,77661;4533,76878;4499,10623;4486,68717;4487,51198;4480,27099;4466,19509;;24,43816;22,86576;38,50238;5,12947;0,20990;DOWNTREND;;False;;0;8,13;HMA8:UP|HMA13:UP|HMA21:DOWN;2;1;True;False;13,21,89,116,144,188,233;;13,21,89,116,144,188,233;8,13,21,188,233;8,13,21,55,89,116,144,188,233;8,13,21;;;;;False;UP;-10,93000;24.28%;UP;-12,57000;27.93%;DOWN;-19,47000;43.27%
2026-06-02 00:00:00;4482,19000;4485,82000;4482,68267;4473,23057;4470,47972;4497,02502;4529,85896;4499,63595;4486,53190;4487,04830;4480,21258;4466,36699;;23,31472;22,78147;42,13852;12,20294;0,52340;UPTREND;REVERSAL_TO_HMA8;False;;0;8;HMA8:UP|HMA13:UP|HMA21:DOWN;2;1;True;False;;;;8;;8;8;;8;;False;UP;0,83000;1.86%;UP;-9,45000;21.0%;DOWN;-19,71000;43.81%
2026-06-02 02:00:00;4485,53000;4481,32000;4484,62648;4475,27120;4469,20624;4490,24943;4525,68392;4500,08846;4486,35064;4486,48636;4480,07018;4466,47552;;23,08796;22,18017;41,79574;15,42024;0,66789;UPTREND;;False;;0;8;HMA8:UP|HMA13:UP|HMA21:DOWN;2;1;True;False;;;;8;8;8;;8;;8;True;UP;7,73000;17.17%;UP;-7,00000;15.56%;DOWN;-18,55000;41.22%
2026-06-02 04:00:00;4480,89000;4485,90000;4485,02783;4478,99294;4469,41189;4484,61654;4521,53829;4500,53521;4486,21250;4485,89422;4479,88622;4466,54836;;23,53810;22,19086;42,65884;15,61595;0,66343;UPTREND;;False;;0;8;HMA8:UP|HMA13:UP|HMA21:UP;3;0;True;False;8,34,144;8,34,144;;8,34,144;8;8;8,34,144;;34,144;;False;UP;7,30000;16.22%;UP;-1,24000;2.76%;UP;-16,04000;35.64%
2026-06-02 06:00:00;4485,90000;4517,44000;4497,98396;4488,86790;4474,11366;4481,85409;4518,37675;4501,39157;4486,41652;4485,49525;4479,82287;4466,69734;;24,18752;20,82813;47,13769;23,87031;0,98689;UPTREND;ADVANCE_HMA89;False;;0;8;HMA8:UP|HMA13:UP|HMA21:UP;3;0;True;False;13,34,89,116,144;13,34,89,116,144;;8,13,34,89,116,144;8;8,13,89,116;8,13,89,116;;13,89,116;;False;UP;12,59000;27.98%;UP;5,83000;12.97%;UP;-12,09000;26.86%
2026-06-02 08:00:00;4517,42000;4535,98000;4519,85591;4504,91109;4483,68168;4482,49053;4516,46699;4502,85004;4487,10670;4485,40720;4479,96428;4466,98449;;24,10556;19,96067;48,73823;36,17423;1,50066;UPTREND;;False;;0;8;HMA8:UP|HMA13:UP|HMA21:UP;3;0;True;False;8,13,34,55,89,116,144;8,13,34,55,89,116,144;;8,13,34,55,89,116,144;8;8,13,89,116;8,55;;55;;False;UP;21,08000;46.85%;UP;13,30000;29.55%;UP;-7,57000;16.83%
2026-06-02 10:00:00;4535,73000;4526,67000;4534,36585;4519,89435;4495,03727;4485,18053;4515,31611;4504,70511;4488,15445;4485,55357;4480,25745;4467,37757;;23,49230;19,28504;47,22860;39,32859;1,67411;UPTREND;;False;;0;8;HMA8:UP|HMA13:UP|HMA21:UP;3;0;True;False;8,13,34,55,89,116,144;8,13,34,55,89,116,144;;8,13,34,55,89,116,144;8;8,13,89,116;;8;;8;True;UP;27,89000;61.98%;UP;19,04000;42.31%;UP;-2,97000;6.59%
2026-06-02 12:00:00;4526,77000;4533,16000;4541,77185;4532,27714;4507,28642;4489,61874;4514,93679;4506,92003;4489,58551;4485,96069;4480,71940;4467,89372;;22,80857;18,44660;45,92720;34,48543;1,51195;UPTREND;;False;;0;8;HMA8:UP|HMA13:UP|HMA21:UP;3;0;True;False;8,13,34,55,89,116,144;8,13,34,55,89,116,144;;8,13,34,55,89,116,144;8;8,13,89,116;13;;;;False;UP;31,88000;70.84%;UP;23,34000;51.86%;UP;2,82000;6.27%
2026-06-02 14:00:00;4533,16000;4514,31000;4535,13570;4536,81344;4516,23896;4494,02675;4514,62991;4509,14692;4491,14441;4486,49517;4481,24945;4468,46516;;22,69296;17,25158;46,17292;20,57448;0,90665;UPTREND;;False;;0;8;HMA8:DOWN|HMA13:UP|HMA21:UP;2;1;True;False;8,13,34,55,89,116,144;8,13,34,55,89,116,144;;8,13,34,55,89,116,144;8,13,21,55;8,13,89,116;;13,21,55;;13,21,55;True;DOWN;22,26000;49.46%;UP;24,32000;54.05%;UP;7,57000;16.82%
2026-06-02 16:00:00;4514,72000;4504,02000;4519,16526;4533,39507;4520,90174;4497,42529;4514,02000;4511,20147;4492,69692;4487,08823;4481,79583;4469,05318;;23,52846;16,90546;47,66299;14,22981;0,60479;DOWNTREND;REVERSAL_TO_HMA89;False;;0;;HMA8:DOWN|HMA13:DOWN|HMA21:UP;1;2;False;True;;;;;55,89;55;;55,89;;55,89;False;DOWN;-0,42000;0.93%;DOWN;21,07000;46.83%;UP;10,23000;22.74%
2026-06-02 18:00:00;4504,10000;4491,88000;4501,62504;4522,00993;4521,16616;4499,26704;4512,75066;4512,89275;4494,11282;4487,64219;4482,30269;4469,61517;;23,43143;16,74590;48,43954;20,38489;0,86998;DOWNTREND;ADVANCE_HMA116;False;;0;;HMA8:DOWN|HMA13:DOWN|HMA21:UP;1;2;False;True;8,34,116;;8,34,116;;8,34,55,89,116;8,55;;8,34,116;;8,34,116;False;DOWN;-19,26000;42.79%;DOWN;13,26000;29.48%;UP;11,61000;25.81%
2026-06-02 20:00:00;4491,87000;4487,30000;4487,11600;4507,50086;4517,88998;4499,77685;4510,72014;4514,13250;4495,34403;4488,12659;4482,73883;4470,13773;;22,77561;16,89583;46,77978;30,77398;1,35118;DOWNTREND;;False;;0;;HMA8:DOWN|HMA13:DOWN|HMA21:DOWN;0;3;False;True;8,34,116,144;;8,34,116,144;;8,34,55,89,116,144;8,55;;8,144;;144;False;DOWN;-30,96000;68.8%;DOWN;1,09000;2.41%;DOWN;11,76000;26.13%
2026-06-02 22:00:00;4487,35000;4488,20000;4480,62926;4494,67031;4512,84836;4499,43002;4508,17057;4514,90389;4496,40208;4488,55073;4483,10731;4470,62442;;21,68878;17,03505;47,65729;32,21910;1,48552;DOWNTREND;;False;;0;;HMA8:DOWN|HMA13:DOWN|HMA21:DOWN;0;3;False;True;8,34,116,144;;8,34,116,144;144;8,34,55,89,116,144;8,55;144;;144;;True;DOWN;-32,14000;71.42%;DOWN;-10,97000;24.38%;DOWN;11,38000;25.28%
2026-06-03 00:00:00;4487,76000;4484,87000;4479,04333;4484,80673;4506,52135;4498,55571;4505,28038;4515,14696;4497,25253;4488,89532;4483,39324;4471,05579;;20,79673;17,02815;45,57590;27,47802;1,32127;DOWNTREND;;False;;0;;HMA8:DOWN|HMA13:DOWN|HMA21:DOWN;0;3;False;True;8,13,34,116,144;;8,13,34,116,144;144;8,13,34,55,89,116,144;8,13,55;;13;;13;False;DOWN;-25,75000;57.22%;DOWN;-20,83000;46.29%;DOWN;10,12000;22.48%
2026-06-03 02:00:00;4484,92000;4486,02000;4480,33581;4479,09573;4499,71261;4497,55333;4502,29905;4514,91760;4497,91117;4489,16858;4483,60228;4471,43314;;21,76196;17,89638;48,68602;20,61688;0,94738;DOWNTREND;;False;;0;;HMA8:UP|HMA13:DOWN|HMA21:DOWN;1;2;False;True;8,13,34,116,144;;8,13,34,116,144;144;8,13,34,55,89,116,144;8,13,55;;;;;False;UP;-13,74000;30.54%;DOWN;-23,85000;52.99%;DOWN;6,71000;14.91%
2026-06-03 04:00:00;4485,86000;4481,87000;4481,08324;4475,91999;4492,68365;4496,20133;4499,32182;4514,22700;4498,36727;4489,34065;4483,71676;4471,74246;;21,89968;18,70259;50,61773;16,76366;0,76548;DOWNTREND;;False;;0;;HMA8:UP|HMA13:DOWN|HMA21:DOWN;1;2;False;True;8,13,34,116,144,188;;8,13,34,116,144,188;144;8,13,34,55,89,116,144,188;8,13,55;;188;;188;False;UP;-3,94000;8.75%;DOWN;-23,63000;52.5%;DOWN;2,35000;5.23%
2026-06-03 06:00:00;4481,86000;4469,43000;4476,02817;4472,29263;4484,95405;4493,88601;4496,15156;4512,98960;4498,55805;4489,33358;4483,68190;4471,94427;;21,74756;19,38487;50,57118;12,66142;0,58220;DOWNTREND;;False;;0;;HMA8:DOWN|HMA13:DOWN|HMA21:DOWN;0;3;False;True;8,13,34,116,144,188,233;;8,13,34,116,144,188,233;144;8,13,34,55,89,116,144,188,233;8,13,55;;8,13,233;;233;False;DOWN;-3,03000;6.73%;DOWN;-20,86000;46.35%;DOWN;-2,65000;5.9%
2026-06-03 08:00:00;4469,40000;4462,94000;4467,63604;4467,33414;4476,85170;4490,48425;4492,75931;4511,24572;4498,46919;4489,13208;4483,47595;4472,02185;;21,54630;20,52592;46,05457;9,51756;0,44173;DOWNTREND;;False;;0;;HMA8:DOWN|HMA13:DOWN|HMA21:DOWN;0;3;False;True;8,13,34,116,144,188,233;;8,13,34,116,144,188,233;144;8,13,34,55,89,116,144,188,233;8,13,55;;8,13;;;False;DOWN;-7,54000;16.75%;DOWN;-17,26000;38.36%;DOWN;-8,04000;17.87%
2026-06-03 10:00:00;4462,88000;4443,93000;4453,67065;4458,35187;4467,37295;4485,28802;4488,76675;4508,86679;4497,98206;4488,65466;4483,03409;4471,92037;;22,29085;22,09468;39,82073;13,70230;0,61471;DOWNTREND;;False;;0;;HMA8:DOWN|HMA13:DOWN|HMA21:DOWN;0;3;False;True;8,13,34,116,144,188,233;;8,13,34,116,144,188,233;144;8,13,34,55,89,116,144,188,233;8,13,55;;8,13;;;False;DOWN;-16,65000;37.0%;DOWN;-15,19000;33.76%;DOWN;-12,36000;27.48%
2026-06-03 12:00:00;4443,79000;4458,94000;4447,63137;4451,90896;4459,57258;4479,69172;4484,74900;4506,18602;4497,29442;4488,04235;4482,45947;4471,69982;;22,69293;23,58708;40,03686;11,94121;0,52621;DOWNTREND;;False;;0;;HMA8:DOWN|HMA13:DOWN|HMA21:DOWN;0;3;False;True;8,13,34,116,144,188,233;;8,13,34,116,144,188,233;8,13,144;8,13,34,55,89,116,144,188,233;8,13,55;8,13;;8,13;;True;DOWN;-20,23000;44.96%;DOWN;-13,58000;30.18%;DOWN;-15,12000;33.61%
2026-06-03 14:00:00;4458,97000;4460,28000;4449,89322;4448,75731;4453,97041;4474,09566;4480,83446;4503,30263;4496,45547;4487,34195;4481,78195;4471,37972;;22,48630;24,88156;42,78678;5,21310;0,23183;DOWNTREND;;False;;0;;HMA8:UP|HMA13:DOWN|HMA21:DOWN;1;2;False;True;8,13,34,116,144,188,233;;8,13,34,116,144,188,233;8,13,21,144;8,13,34,55,89,116,144,188,233;8,13,55;21;;21;;True;UP;-16,20000;36.0%;DOWN;-12,67000;28.16%;DOWN;-16,64000;36.97%
2026-06-03 16:00:00;4460,15000;4457,10000;4453,15730;4448,12226;4450,04713;4468,57804;4476,99827;4500,23904;4495,46133;4486,55976;4481,01323;4470,96858;;23,68799;26,75823;41,64415;5,03504;0,21256;DOWNTREND;;False;;0;;HMA8:UP|HMA13:DOWN|HMA21:DOWN;1;2;False;True;8,13,34,116,144,188,233;;8,13,34,116,144,188,233;8,13,21,144;8,13,34,55,89,116,144,188,233;8,13,55;;;;;False;UP;-8,69000;19.31%;DOWN;-11,07000;24.59%;DOWN;-15,98000;35.52%
2026-06-03 18:00:00;4457,17000;4441,78000;4450,52378;4445,54869;4445,93727;4462,58654;4472,92185;4496,85863;4494,19668;4485,62130;4480,10472;4470,43449;4460,88867;23,74599;28,50085;45,64098;4,97509;0,20951;DOWNTREND;;False;;0;;HMA8:DOWN|HMA13:DOWN|HMA21:DOWN;0;3;False;True;8,13,21,34,116,144,188,233;;8,13,21,34,116,144,188,233;8,13,21,144;8,13,21,34,55,89,116,144,188,233;8,13,21,55;;8,13,21;;21;False;DOWN;-1,90000;4.22%;DOWN;-10,63000;23.62%;DOWN;-15,74000;34.97%
2026-06-03 20:00:00;4441,84000;4442,03000;4444,63565;4442,43954;4441,71965;4456,62870;4468,77782;4493,25192;4492,70855;4484,55303;4479,07984;4469,80038;4460,00125;22,96842;30,11899;49,94267;2,91600;0,12696;DOWNTREND;;False;;0;;HMA8:DOWN|HMA13:DOWN|HMA21:DOWN;0;3;False;True;8,13,21,34,116,144,188,233;;8,13,21,34,116,144,188,233;8,13,21,144;8,13,21,34,55,89,116,144,188,233;8,13,21,55;21;;21;;True;DOWN;-1,87000;4.15%;DOWN;-10,24000;22.75%;DOWN;-15,76000;35.01%
2026-06-03 22:00:00;4442,02000;4433,82000;4436,88389;4438,17254;4437,00866;4450,43305;4464,45709;4489,39654;4490,96333;4483,32690;4477,92332;4469,05730;4459,05838;22,87710;31,77112;55,84861;1,28865;0,05633;DOWNTREND;;False;;0;;HMA8:DOWN|HMA13:DOWN|HMA21:DOWN;0;3;False;True;8,13,21,34,116,144,188,233;;8,13,21,34,116,144,188,233;8,13,21,144;8,13,21,34,55,89,116,144,188,233;8,13,21,55;;8,13,21;;;False;DOWN;-8,09000;17.98%;DOWN;-8,36000;18.59%;DOWN;-15,33000;34.06%
2026-06-04 00:00:00;4432,00000;4448,74000;4436,92491;4436,94137;4434,33247;4445,27257;4460,42827;4485,58337;4489,13779;4482,06661;4476,72561;4468,27019;4458,09266;23,30588;33,50512;56,23308;2,60889;0,11194;DOWNTREND;;False;;0;;HMA8:UP|HMA13:DOWN|HMA21:DOWN;1;2;False;True;8,13,21,34,116,144,188,233;;8,13,21,34,116,144,188,233;8,13,21,34,144;8,13,21,34,55,89,116,144,188,233;8,13,21,55;8,13,21,34;;8,13,21,34;;True;UP;-9,88000;21.95%;DOWN;-6,11000;13.58%;DOWN;-14,06000;31.24%
2026-06-04 02:00:00;4448,95000;4448,45000;4442,01369;4437,82761;4433,69641;4441,23863;4456,64344;4481,84547;4487,24516;4480,78938;4475,50206;4467,44798;4457,11039;23,13832;33,91702;57,78565;8,31727;0,35946;DOWNTREND;;False;;0;;HMA8:UP|HMA13:UP|HMA21:DOWN;2;1;True;False;8,13,21,34,116,144,188,233;;8,13,21,34,116,144,188,233;8,13,21,34,144;8,13,21,34,55,89,116,144,188,233;8,13,21,55;;;;;False;UP;-5,25000;11.67%;UP;-4,50000;10.0%;DOWN;-12,49000;27.76%
2026-06-04 04:00:00;4448,13000;4475,04000;4456,90891;4446,04102;4437,42637;4439,79296;4453,84128;4478,57228;4485,53936;4479,68188;4474,38792;4466,68513;4456,16112;23,82915;33,35872;60,37534;19,48254;0,81759;UPTREND;REVERSAL_TO_HMA188;False;;0;8;HMA8:UP|HMA13:UP|HMA21:UP;3;0;True;False;;;;8,55,188,233,377;;8;8,55,188,233,377;;8,55,188,233,377;;False;UP;7,34000;16.3%;UP;-0,83000;1.85%;UP;-9,39000;20.88%
2026-06-04 06:00:00;4474,88000;4481,04000;4474,73028;4458,73516;4444,57604;4440,65856;4452,07478;4475,79362;4484,05139;4478,78277;4473,41497;4466,00294;4455,25755;23,95779;32,24821;64,10618;30,15424;1,25864;UPTREND;ADVANCE_HMA144;False;;0;8;HMA8:UP|HMA13:UP|HMA21:UP;3;0;True;False;89,144;89,144;;8,55,89,144,188,233,377;;8;89,144;;89,144;;False;UP;21,55000;47.89%;UP;5,24000;11.65%;UP;-5,44000;12.08%
2026-06-04 08:00:00;4481,04000;4467,76000;4480,62880;4468,97727;4451,54879;4442,45350;4450,84023;4473,31056;4482,61097;4477,99604;4472,52374;4465,35834;4454,38023;23,63866;31,21703;63,64704;29,08000;1,23019;UPTREND;;False;;0;8;HMA8:UP|HMA13:UP|HMA21:UP;3;0;True;False;89,144;89,144;;8,55,89,144,188,233,377;8,13,89,144,188;8;;8,13,89,144,188;;8,13,89,144,188;True;UP;24,81000;55.13%;UP;10,60000;23.55%;UP;-1,94000;4.32%
2026-06-04 10:00:00;4467,99000;4463,31000;4476,96124;4474,00856;4457,22628;4444,44829;4449,88267;4471,06696;4481,16978;4477,28827;4471,69626;4464,74026;4453,52391;22,83161;30,50640;65,32664;19,73496;0,86437;UPTREND;;False;;0;8;HMA8:DOWN|HMA13:UP|HMA21:UP;2;1;True;False;89,144;89,144;;8,55,89,144,188,233,377;8,13,89,144,188,233;8;;233;;233;True;DOWN;20,94000;46.53%;UP;14,66000;32.58%;UP;0,82000;1.82%
2026-06-04 12:00:00;4463,32000;4473,65000;4473,66754;4476,82139;4462,45434;4447,00470;4449,38483;4469,20006;4479,83010;4476,70638;4470,98024;4464,18557;4452,70704;22,24864;29,44060;64,84472;14,36705;0,64575;UPTREND;;False;;0;8;HMA8:DOWN|HMA13:UP|HMA21:UP;2;1;True;False;89,144,188,233;89,144,188,233;;8,55,89,144,188,233,377;8,13,89,144,188,233;8;89,188,233;;89,188,233;;False;DOWN;10,66000;23.7%;UP;16,63000;36.96%;UP;3,19000;7.09%
2026-06-04 14:00:00;4474,13000;4504,13000;4484,08526;4484,95573;4470,62841;4451,50046;4450,03764;4468,06729;4478,87368;4476,42594;4470,50315;4463,79075;4451,97901;23,93945;28,62183;50,78107;14,32732;0,59848;UPTREND;ADVANCE_HMA13;False;;0;8;HMA8:UP|HMA13:UP|HMA21:UP;3;0;True;False;8,13,116,144,188,233;8,13,116,144,188,233;;8,13,55,89,116,144,188,233,377;8,13,89,144,188,233;8,13;8,13,116,144;;13,116,144;;False;UP;5,58000;12.4%;UP;18,16000;40.37%;UP;5,89000;13.09%
2026-06-04 16:00:00;4504,02000;4465,85000;4484,23713;4486,42759;4476,37143;4455,36960;4450,61702;4467,05127;4477,89721;4476,17080;4470,07608;4463,42327;4451,27697;26,36663;27,15539;53,68787;10,05616;0,38140;UPTREND;;False;;0;8;HMA8:UP|HMA13:UP|HMA21:UP;3;0;True;False;8,13,116,144,188,233;8,13,116,144,188,233;;8,13,55,89,116,144,188,233,377;8,13,21,89,116,144,188,233;8,13;;8,13,21,89,116,144,188;;8,13,21,89,116,144,188;True;UP;1,96000;4.35%;UP;14,32000;31.82%;UP;7,49000;16.64%
2026-06-04 18:00:00;4465,98000;4482,68000;4483,18243;4486,73962;4481,55472;4459,68182;4451,55283;4466,32855;4477,04727;4476,03854;4469,77376;4463,13273;4450,62935;26,02187;25,79370;53,86246;5,18490;0,19925;UPTREND;ADVANCE_HMA21;False;;0;8;HMA8:DOWN|HMA13:UP|HMA21:UP;2;1;True;False;8,13,21,89,116,188,233;8,13,21,89,116,188,233;;8,13,21,55,89,116,144,188,233,377;8,13,21,89,116,144,188,233;8,13,21;21,89,116,144,188;;21,89,116,144,188;;False;DOWN;3,42000;7.6%;UP;10,17000;22.6%;UP;9,71000;21.59%
2026-06-04 20:00:00;4482,68000;4478,08000;4481,93419;4485,30950;4484,84614;4463,90833;4452,72224;4465,78418;4476,24569;4475,97370;4469,56646;4462,89842;4450,02872;24,87245;24,52927;50,80091;3,37531;0,13570;DOWNTREND;REVERSAL_TO_HMA8;False;;2;8,21;HMA8:DOWN|HMA13:DOWN|HMA21:UP;1;2;False;True;;;;;8,21;8;;8,21;;8,21;False;DOWN;4,75000;10.56%;DOWN;6,25000;13.88%;UP;11,48000;25.51%
2026-06-04 22:00:00;4478,09000;4475,51000;4477,30133;4483,77940;4485,96643;4467,59838;4454,06922;4465,32999;4475,45180;4475,93777;4469,42850;4462,70760;4449,47002;23,74014;23,39638;49,08248;8,66509;0,36500;DOWNTREND;ADVANCE_HMA116;False;;1;8,21;HMA8:DOWN|HMA13:DOWN|HMA21:UP;1;2;False;True;116,144;;116,144;;8,21,116,144;8,116,144;;8,116,144;;116,144;False;DOWN;-4,09000;9.08%;DOWN;3,92000;8.72%;UP;12,42000;27.59%
2026-06-05 00:00:00;4471,95000;4469,53000;4473,31652;4479,70132;4485,24364;4470,37840;4455,39063;4464,87606;4474,59509;4475,86913;4469,31866;4462,53675;4448,94270;22,94655;21,94609;49,05635;11,92712;0,51978;DOWNTREND;;False;;0;8,21;HMA8:DOWN|HMA13:DOWN|HMA21:DOWN;0;3;False;True;34,116,144;;34,116,144;;8,21,34,116,144;8,116,144;;34;;34;False;DOWN;-6,79000;15.08%;DOWN;1,20000;2.66%;DOWN;11,77000;26.16%
2026-06-05 02:00:00;4469,63000;4459,60000;4465,75402;4472,48794;4482,06065;4472,11226;4456,36774;4464,29488;4473,60038;4475,69353;4469,17735;4462,34797;4448,42887;22,98037;21,29150;49,25245;16,30663;0,70959;DOWNTREND;;False;;0;8,21;HMA8:DOWN|HMA13:DOWN|HMA21:DOWN;0;3;False;True;8,34,89,116,144,188,233;;8,34,89,116,144,188,233;;8,21,34,89,116,144,188,233;8,89,116,144,188,233;;8,89,188,233;;89,188,233;False;DOWN;-10,74000;23.86%;DOWN;-5,17000;11.48%;DOWN;9,26000;20.59%
2026-06-05 04:00:00;4459,33000;4440,49000;4451,69787;4461,64325;4475,63808;4471,84605;4456,52236;4463,33619;4472,32379;4475,27797;4468,91364;4462,07635;4447,89818;23,58963;21,30980;56,10712;23,94021;1,01486;DOWNTREND;;False;;0;8,21;HMA8:DOWN|HMA13:DOWN|HMA21:DOWN;0;3;False;True;8,34,55,89,116,144,188,233,377;;8,34,55,89,116,144,188,233,377;;8,21,34,55,89,116,144,188,233,377;8,89,116,144,188,233,377;;8,55,377;;55,377;False;DOWN;-17,77000;39.48%;DOWN;-9,93000;22.07%;DOWN;5,83000;12.96%
2026-06-05 06:00:00;4440,49000;4444,95000;4441,58144;4451,06311;4467,99304;4470,32326;4456,21816;4462,09752;4470,84264;4474,66323;4468,54998;4461,73530;4447,35960;22,70537;21,47994;53,46072;26,41159;1,16323;DOWNTREND;;False;;0;8,21;HMA8:DOWN|HMA13:DOWN|HMA21:DOWN;0;3;False;True;8,34,55,89,116,144,188,233,377;;8,34,55,89,116,144,188,233,377;8;8,21,34,55,89,116,144,188,233,377;8,89,116,144,188,233,377;8;;8;;True;DOWN;-21,47000;47.71%;DOWN;-14,68000;32.61%;DOWN;2,71000;6.03%
2026-06-05 08:00:00;4444,94000;4452,75000;4440,50613;4444,56052;4460,95960;4468,35303;4455,73478;4460,72802;4469,25843;4473,91371;4468,13210;4461,35155;4446,82683;23,02784;20,91285;49,91584;20,45347;0,88821;DOWNTREND;;False;;0;8,21;HMA8:DOWN|HMA13:DOWN|HMA21:DOWN;0;3;False;True;8,34,55,89,116,144,188,233,377;;8,34,55,89,116,144,188,233,377;8,13,377;8,21,34,55,89,116,144,188,233,377;8,89,116,144,188,233,377;13,377;;13,377;;True;DOWN;-19,61000;43.57%;DOWN;-16,43000;36.52%;DOWN;-0,37000;0.83%
2026-06-05 10:00:00;4452,81000;4462,65000;4448,23048;4444,13848;4456,11139;4466,65801;4455,44330;4459,41832;4467,68856;4473,09599;4467,71342;4460,95555;4446,31461;22,55371;19,57852;48,81415;11,97291;0,53086;DOWNTREND;;False;;0;8,21;HMA8:UP|HMA13:DOWN|HMA21:DOWN;1;2;False;True;8,34,55,89,116,144,188,233,377;;8,34,55,89,116,144,188,233,377;8,13,21,55,89,233,377;8,21,34,55,89,116,144,188,233,377;8,89,116,144,188,233,377;21,55,89,233;;21,55,89,233;;True;UP;-10,99000;24.43%;DOWN;-16,33000;36.28%;DOWN;-3,68000;8.18%
2026-06-05 12:00:00;4462,52000;4466,95000;4459,73757;4448,43788;4454,13963;4465,52630;4455,49924;4458,21930;4466,22356;4472,23305;4467,31330;4460,56377;4445,82785;21,68559;18,26892;47,69817;11,29969;0,52107;UPTREND;REVERSAL_TO_HMA116;False;;0;;HMA8:UP|HMA13:UP|HMA21:DOWN;2;1;True;False;;;;34,116;;;34,116;;34,116;;False;UP;5,30000;11.77%;UP;-13,51000;30.02%;DOWN;-5,85000;13.01%
2026-06-05 14:00:00;4466,65000;4406,29000;4444,58457;4441,94278;4447,34844;4461,51108;4454,27522;4456,33813;4464,31349;4470,94695;4466,65494;4459,98468;4445,26730;25,20162;19,44029;45,06028;5,40566;0,21450;DOWNTREND;REVERSAL_TO_HMA13;False;;2;8,13,21;HMA8:DOWN|HMA13:DOWN|HMA21:DOWN;0;3;False;True;;;;;8,13,21,34,55,89,116,233,377;8,13,21,34,55,89,116,233,377;;8,13,21,34,55,89,116,233,377;;8,13,21,34,55,89,116,233,377;False;DOWN;1,71000;3.79%;DOWN;-11,42000;25.38%;DOWN;-7,73000;17.18%
2026-06-05 16:00:00;4406,49000;4369,67000;4405,64919;4421,70044;4433,55295;4453,31025;4451,06442;4453,40747;4461,70842;4469,06979;4465,59786;4459,11556;4444,57856;28,86650;21,87521;34,53607;27,90376;0,96665;DOWNTREND;;False;;1;8,13,21;HMA8:DOWN|HMA13:DOWN|HMA21:DOWN;0;3;False;True;8;;8;;8,13,21,34,55,89,116,233,377;8,13,21,34,55,89,116,233,377;;8;;;False;DOWN;-16,80000;37.33%;DOWN;-12,99000;28.86%;DOWN;-10,08000;22.39%
2026-06-05 18:00:00;4370,09000;4344,53000;4361,14198;4390,63352;4413,24703;4440,81337;4445,58104;4449,27715;4458,29359;4466,51210;4464,07905;4457,90059;4443,72895;30,30604;24,46358;30,37633;52,10505;1,71930;DOWNTREND;;False;;0;8,13,21;HMA8:DOWN|HMA13:DOWN|HMA21:DOWN;0;3;False;True;8;;8;;8,13,21,34,55,89,116,233,377;8,13,21,34,55,89,116,233,377;;8;;;False;DOWN;-35,69000;79.32%;DOWN;-18,38000;40.85%;DOWN;-13,49000;29.98%
2026-06-05 20:00:00;4344,59000;4322,30000;4321,46278;4355,18974;4388,16286;4424,37415;4437,68614;4443,86758;4454,00243;4463,22481;4462,04567;4456,30145;4442,69464;30,43347;26,98520;32,61337;66,70008;2,19167;DOWNTREND;;False;;0;8,13,21;HMA8:DOWN|HMA13:DOWN|HMA21:DOWN;0;3;False;True;8;;8;;8,13,21,34,55,89,116,233,377;8,13,21,34,55,89,116,233,377;;8;;;False;DOWN;-48,64000;100%;DOWN;-26,08000;57.95%;DOWN;-17,69000;39.32%
2026-06-05 22:00:00;4322,35000;4328,43000;4303,77059;4325,04020;4363,77042;4406,21054;4428,11988;4437,50376;4449,04612;4459,34704;4459,58747;4454,38209;4441,49921;29,63108;29,37720;32,01481;59,99983;2,02490;DOWNTREND;;False;;0;8,13,21;HMA8:DOWN|HMA13:DOWN|HMA21:DOWN;0;3;False;True;8;;8;13;8,13,21,34,55,89,116,233,377;8,13,21,34,55,89,116,233,377;13;;13;;True;DOWN;-49,91000;100%;DOWN;-33,82000;75.15%;DOWN;-21,76000;48.36%
2026-06-08 00:00:00;4330,17000;4317,35000;4299,76369;4302,29898;4341,09780;4387,47188;4417,14167;4430,24953;4443,45916;4454,90184;4456,71169;4452,14130;4440,13702;29,35671;31,28580;33,16478;41,33412;1,40800;DOWNTREND;;False;;0;8,13,21;HMA8:DOWN|HMA13:DOWN|HMA21:DOWN;0;3;False;True;8,13;;8,13;13;8,13,21,34,55,89,116,233,377;8,13,21,34,55,89,116,233,377;;13;;;False;DOWN;-42,04000;93.43%;DOWN;-39,68000;88.18%;DOWN;-24,62000;54.71%
2026-06-08 02:00:00;4317,49000;4342,39000;4311,84826;4295,52295;4324,11931;4370,79750;4406,03557;4422,67970;4437,59703;4450,14309;4453,59189;4449,69936;4438,65998;29,82338;32,05674;35,96072;28,59635;0,95886;DOWNTREND;;False;;0;8,13,21;HMA8:UP|HMA13:DOWN|HMA21:DOWN;1;2;False;True;8,13;;8,13;13,21;8,13,21,34,55,89,116,233,377;8,13,21,34,55,89,116,233,377;21;;21;;True;UP;-22,45000;49.89%;DOWN;-39,29000;87.32%;DOWN;-25,75000;57.23%
2026-06-08 04:00:00;4342,09000;4310,59000;4316,79906;4293,08890;4308,99652;4354,67147;4394,43657;4414,56522;4431,26396;4444,94409;4450,13138;4446,98640;4437,02815;30,96313;33,14404;37,70379;23,71015;0,76575;DOWNTREND;;False;;0;8,13,21;HMA8:UP|HMA13:DOWN|HMA21:DOWN;1;2;False;True;8,13,21;;8,13,21;13,21;8,13,21,34,55,89,116,233,377;8,13,21,34,55,89,116,233,377;;8,21;;;False;UP;-2,16000;4.79%;DOWN;-34,69000;77.1%;DOWN;-26,14000;58.09%
2026-06-08 06:00:00;4310,57000;4312,61000;4314,09841;4293,97581;4296,48262;4339,70043;4382,78526;4406,19575;4424,61401;4439,40108;4446,39543;4444,04838;4435,26097;30,05148;34,15367;37,28537;20,12260;0,66960;DOWNTREND;;False;;0;8,13,21;HMA8:DOWN|HMA13:UP|HMA21:DOWN;1;2;False;True;8,13,21;;8,13,21;13,21;8,13,21,34,55,89,116,233,377;8,13,21,34,55,89,116,233,377;;;;;False;DOWN;4,91000;10.91%;UP;-28,19000;62.65%;DOWN;-27,98000;62.17%
2026-06-08 08:00:00;4312,87000;4300,03000;4306,64857;4293,11266;4285,98030;4325,36205;4370,99664;4397,65253;4417,67077;4433,51788;4442,37236;4440,88215;4433,35105;31,29352;35,73867;32,31899;20,66828;0,66047;DOWNTREND;;False;;0;8,13,21;HMA8:DOWN|HMA13:DOWN|HMA21:DOWN;0;3;False;True;8,13,21;;8,13,21;13,21;8,13,21,34,55,89,116,233,377;8,13,21,34,55,89,116,233,377;;8;;;False;DOWN;3,15000;7.0%;DOWN;-18,29000;40.66%;DOWN;-28,25000;62.78%
2026-06-08 10:00:00;4300,03000;4288,82000;4293,66496;4289,66850;4277,19121;4311,41865;4358,97279;4388,95649;4410,48842;4427,31580;4438,06245;4437,48939;4431,29597;31,30827;37,16035;33,86867;16,47376;0,52618;DOWNTREND;;False;;0;8,13,21;HMA8:DOWN|HMA13:DOWN|HMA21:DOWN;0;3;False;True;8,13,21;;8,13,21;13,21;8,13,21,34,55,89,116,233,377;8,13,21,34,55,89,116,233,377;;8,13;;;False;DOWN;-8,26000;18.36%;DOWN;-10,66000;23.7%;DOWN;-28,52000;63.39%
2026-06-08 12:00:00;4289,21000;4302,02000;4290,22769;4287,98699;4272,65444;4298,96672;4347,26826;4380,41007;4403,30045;4420,98248;4433,58273;4433,94845;4429,13249;31,40268;38,68834;34,27138;17,57325;0,55961;DOWNTREND;;False;;0;8,13,21;HMA8:DOWN|HMA13:DOWN|HMA21:DOWN;0;3;False;True;8,13,21;;8,13,21;8,13,21,34;8,13,21,34,55,89,116,233,377;8,13,21,34,55,89,116,233,377;8,13,34;;8,13,34;;True;DOWN;-11,94000;26.54%;DOWN;-4,34000;9.65%;DOWN;-27,13000;60.29%
2026-06-08 14:00:00;4302,02000;4333,04000;4305,10369;4294,63009;4274,86301;4290,12808;4336,87188;4372,48951;4396,44619;4414,80749;4429,12915;4430,39192;4426,92436;32,16463;38,28361;36,12667;30,24067;0,94018;UPTREND;REVERSAL_TO_HMA8;False;;0;8;HMA8:UP|HMA13:UP|HMA21:UP;3;0;True;False;;;;8;;8;8;;8;;False;UP;-4,00000;8.89%;UP;-0,27000;0.59%;UP;-23,28000;51.73%
2026-06-08 16:00:00;4332,87000;4331,26000;4323,01320;4306,20229;4281,46871;4284,30925;4327,66968;4365,14276;4389,90996;4408,82478;4424,73894;4426,84116;4424,67969;32,11930;37,55823;37,58793;41,54449;1,29344;UPTREND;;False;;0;8;HMA8:UP|HMA13:UP|HMA21:UP;3;0;True;False;;;;8;55;8;;55;;55;True;UP;7,26000;16.13%;UP;3,89000;8.65%;UP;-18,38000;40.83%
2026-06-08 18:00:00;4331,36000;4340,65000;4338,97107;4320,10697;4291,24812;4281,65073;4319,94381;4358,47711;4383,76362;4403,11937;4420,47896;4423,35457;4422,42371;31,51863;36,88465;45,83881;47,72295;1,51412;UPTREND;;False;;0;8;HMA8:UP|HMA13:UP|HMA21:UP;3;0;True;False;8;8;;8;55;8;8;;;;False;UP;19,77000;43.93%;UP;7,87000;17.48%;UP;-12,96000;28.8%
2026-06-08 20:00:00;4340,70000;4334,61000;4345,51478;4331,40910;4301,32559;4281,24793;4313,40116;4352,36200;4377,93310;4397,65713;4416,33027;4419,93880;4420,15436;30,25373;36,25919;55,44850;44,18919;1,46062;UPTREND;;False;;0;8;HMA8:UP|HMA13:UP|HMA21:UP;3;0;True;False;8;8;;8;8,55;8;;8;;8;True;UP;24,55000;54.56%;UP;11,91000;26.47%;UP;-7,49000;16.64%
2026-06-08 22:00:00;4334,47000;4329,69000;4341,62815;4338,30165;4309,85654;4282,30656;4307,84874;4346,73144;4372,35302;4392,40092;4412,27257;4416,59201;4417,87256;29,15061;35,94215;60,18471;31,77160;1,08991;UPTREND;;False;;0;8;HMA8:DOWN|HMA13:UP|HMA21:UP;2;1;True;False;8;8;;8;8,13,55;8;;13;;13;True;DOWN;17,39000;38.65%;UP;15,54000;34.53%;UP;-2,80000;6.22%
2026-06-09 00:00:00;4327,67000;4327,82000;4334,88637;4340,12127;4317,05436;4284,47665;4303,09256;4341,51585;4367,01456;4387,33800;4408,28966;4413,31558;4415,58526;27,79056;35,66533;58,11988;23,06691;0,83003;UPTREND;;False;;0;8;HMA8:DOWN|HMA13:UP|HMA21:UP;2;1;True;False;8;8;;8;8,13,55;8;;;;;False;DOWN;6,10000;13.55%;UP;17,36000;38.58%;UP;1,66000;3.69%
2026-06-09 02:00:00;4327,85000;4319,82000;4326,05774;4336,53866;4322,00059;4287,17440;4298,76756;4336,56935;4361,82670;4382,41189;4404,33981;4410,08601;4413,29073;26,94481;35,71386;57,80479;14,53807;0,53955;DOWNTREND;REVERSAL_TO_HMA21;False;;2;8,21;HMA8:DOWN|HMA13:DOWN|HMA21:UP;1;2;False;True;;;;;8,21;8;;8,21;;8,21;False;DOWN;-6,83000;15.18%;DOWN;14,53000;32.29%;UP;5,41000;12.02%
2026-06-09 04:00:00;4319,82000;4336,05000;4325,77798;4334,34410;4327,03107;4291,11477;4295,24691;4332,05841;4356,93945;4377,73774;4400,49099;4406,95532;4411,02688;26,61089;35,00724;57,46054;8,56612;0,32190;DOWNTREND;;False;;1;8,21;HMA8:DOWN|HMA13:DOWN|HMA21:UP;1;2;False;True;;;;8,13,21,89;8,21;8;8,13,21,89;;8,13,21,89;;False;DOWN;-10,50000;23.34%;DOWN;10,00000;22.21%;UP;8,77000;19.49%
2026-06-09 06:00:00;4335,80000;4332,37000;4329,32041;4332,86327;4331,27769;4295,73943;4292,41256;4327,84796;4352,29368;4373,27538;4396,72461;4403,90858;4408,79328;25,98655;34,27918;58,74734;3,54286;0,13633;DOWNTREND;;False;;0;8,21;HMA8:UP|HMA13:DOWN|HMA21:UP;2;1;True;False;13;;13;8,13,21,89;8,13,21;8;;13;;13;False;UP;-6,75000;15.01%;DOWN;4,68000;10.39%;UP;11,76000;26.13%
2026-06-09 08:00:00;4332,58000;4330,60000;4331,32167;4332,18976;4333,99248;4300,58340;4290,20261;4323,85907;4347,83960;4368,99934;4393,02108;4400,93534;4406,59025;25,63965;33,04073;53,85518;2,67081;0,10417;DOWNTREND;;False;;0;8,21;HMA8:UP|HMA13:DOWN|HMA21:UP;2;1;True;False;8,13,21;;8,13,21;8,13,21,89;8,13,21;8;;8,13,21;;13,21;False;UP;-1,99000;4.42%;DOWN;0,29000;0.65%;UP;13,45000;29.9%
2026-06-09 10:00:00;4330,88000;4326,46000;4330,81961;4330,65819;4334,70075;4305,16649;4288,52481;4320,03235;4343,52151;4364,86245;4389,35556;4398,02302;4404,41220;24,92182;32,26200;53,56577;4,04256;0,16221;DOWNTREND;;False;;0;8,21;HMA8:DOWN|HMA13:DOWN|HMA21:UP;1;2;False;True;8,13,21;;8,13,21;8,13,21,89;8,13,21;8,13;;8,13;;13;False;DOWN;2,73000;6.08%;DOWN;-2,93000;6.5%;UP;13,50000;30.0%
2026-06-09 12:00:00;4326,51000;4339,13000;4333,06096;4331,78730;4335,24733;4310,03309;4287,71130;4316,53302;4339,46677;4360,92032;4385,77870;4395,20703;4402,27879;24,33312;31,28744;52,06532;3,46003;0,14219;UPTREND;REVERSAL_TO_HMA21;False;;2;8,13,21;HMA8:UP|HMA13:UP|HMA21:UP;3;0;True;False;;;;8,13,21;;8,13,21;8,13,21;;8,13,21;;False;UP;4,28000;9.51%;UP;-3,27000;7.26%;UP;12,46000;27.69%
2026-06-09 14:00:00;4339,06000;4341,37000;4337,70426;4334,94451;4336,20265;4315,08837;4287,74856;4313,38010;4335,68747;4357,16324;4382,28795;4392,48715;4400,19234;23,27004;30,15790;49,26624;2,75975;0,11860;UPTREND;ADVANCE_HMA116;False;;1;8,13,21;HMA8:UP|HMA13:UP|HMA21:UP;3;0;True;False;116;116;;8,13,21,116;;8,13,21;116;;116;;False;UP;5,15000;11.44%;UP;-0,65000;1.45%;UP;10,93000;24.3%
2026-06-09 16:00:00;4341,83000;4300,58000;4325,92007;4329,70094;4333,27304;4317,90390;4287,46745;4310,00441;4331,80215;4353,32510;4378,68960;4389,72247;4398,08607;27,66932;31,00736;52,57453;7,35296;0,26574;UPTREND;;False;;0;8,13,21;HMA8:DOWN|HMA13:DOWN|HMA21:DOWN;0;3;False;True;116;116;;8,13,21,116;8,13,21,34,89,116;8,13,21,89,116;;8,13,21,34,89,116;;8,13,21,34,89,116;False;DOWN;-2,79000;6.21%;DOWN;-1,60000;3.56%;DOWN;6,59000;14.64%
2026-06-09 18:00:00;4300,49000;4252,02000;4290,58181;4309,26784;4322,58332;4316,23365;4285,68330;4305,80948;4327,39607;4349,11145;4374,78167;4386,75514;4395,88693;30,35865;32,63249;39,83137;32,00150;1,05411;DOWNTREND;REVERSAL_TO_HMA55;False;;0;8;HMA8:DOWN|HMA13:DOWN|HMA21:DOWN;0;3;False;True;;;;;8,55;8,55;;8,55;;55;False;DOWN;-18,33000;40.74%;DOWN;-7,38000;16.4%;DOWN;2,40000;5.33%
2026-06-09 20:00:00;4251,94000;4269,89000;4263,19341;4286,94125;4309,03814;4312,11893;4283,30012;4301,17154;4322,71586;4344,68539;4370,67969;4383,65478;4393,62902;29,82804;34,14154;38,92306;45,84474;1,53697;DOWNTREND;;False;;0;8;HMA8:DOWN|HMA13:DOWN|HMA21:DOWN;0;3;False;True;;;;8;8,55;8,55;8;;8;;True;DOWN;-30,35000;67.45%;DOWN;-14,19000;31.53%;DOWN;-1,54000;3.42%
2026-06-09 22:00:00;4269,98000;4260,27000;4247,88285;4266,90379;4293,85299;4305,69805;4280,29108;4296,06311;4317,73074;4340,02294;4366,37141;4380,40537;4391,30110;29,24818;35,56746;38,70867;45,97013;1,57173;DOWNTREND;;False;;0;8;HMA8:DOWN|HMA13:DOWN|HMA21:DOWN;0;3;False;True;8,13;;8,13;8;8,13,55;8,13,55;;8,13;;13;False;DOWN;-37,52000;83.37%;DOWN;-19,97000;44.37%;DOWN;-5,50000;12.22%
2026-06-10 00:00:00;4251,02000;4237,25000;4235,33415;4247,37742;4276,95668;4296,69492;4276,26503;4290,31975;4312,28950;4335,01882;4361,78591;4376,94901;4388,87044;29,14545;37,20036;38,98263;41,62253;1,42810;DOWNTREND;;False;;0;8;HMA8:DOWN|HMA13:DOWN|HMA21:DOWN;0;3;False;True;8,13;;8,13;8;8,13,55;8,13,55;;8,13;;;False;DOWN;-37,85000;84.11%;DOWN;-25,77000;57.26%;DOWN;-9,75000;21.66%
2026-06-10 02:00:00;4237,08000;4218,18000;4222,46085;4226,79545;4258,56277;4285,53667;4271,01009;4283,85519;4306,31601;4329,60535;4356,87784;4373,24866;4386,31189;30,52077;39,20080;33,67004;36,10192;1,18286;DOWNTREND;;False;;0;8;HMA8:DOWN|HMA13:DOWN|HMA21:DOWN;0;3;False;True;8,13;;8,13;8;8,13,55;8,13,55;;8,13;;;False;DOWN;-29,16000;64.8%;DOWN;-30,57000;67.92%;DOWN;-13,40000;29.78%
2026-06-10 04:00:00;4218,18000;4173,97000;4194,75024;4201,44527;4235,33563;4270,98681;4263,75505;4276,27474;4299,51813;4323,56319;4351,49534;4369,18807;4383,56318;31,58715;41,35338;31,37378;40,58539;1,28487;DOWNTREND;;False;;0;8;HMA8:DOWN|HMA13:DOWN|HMA21:DOWN;0;3;False;True;8,13;;8,13;8;8,13,55;8,13,55;;8,13;;;False;DOWN;-28,44000;63.21%;DOWN;-34,09000;75.75%;DOWN;-17,35000;38.55%
2026-06-10 06:00:00;4173,97000;4174,78000;4169,82133;4178,77549;4210,97853;4254,36017;4255,17399;4267,85956;4292,06378;4316,99371;4345,70250;4364,80469;4380,64021;30,37092;43,35926;31,12338;41,15720;1,35515;DOWNTREND;;False;;0;8;HMA8:DOWN|HMA13:DOWN|HMA21:DOWN;0;3;False;True;8,13;;8,13;8;8,13,55;8,13,55;8;;8;;True;DOWN;-32,72000;72.72%;DOWN;-35,61000;79.13%;DOWN;-22,16000;49.25%
2026-06-10 08:00:00;4174,94000;4203,93000;4169,45565;4167,34171;4191,56787;4238,58659;4246,52099;4259,29178;4284,37193;4310,17725;4339,69664;4360,22599;4377,60347;31,65657;43,33303;33,33612;24,22616;0,76528;DOWNTREND;;False;;0;8;HMA8:DOWN|HMA13:DOWN|HMA21:DOWN;0;3;False;True;8,13;;8,13;8,13,21;8,13,55;8,13,55;13,21;;13,21;;True;DOWN;-27,49000;61.08%;DOWN;-32,20000;71.55%;DOWN;-24,41000;54.25%
2026-06-10 10:00:00;4203,89000;4168,87000;4168,00913;4158,65634;4174,20785;4222,38857;4237,04059;4250,32299;4276,25025;4302,97075;4333,37082;4355,36524;4374,40901;32,70396;43,53242;33,46034;15,55152;0,47552;DOWNTREND;;False;;0;8;HMA8:DOWN|HMA13:DOWN|HMA21:DOWN;0;3;False;True;8,13,21;;8,13,21;8,13,21;8,13,21,55;8,13,21,55;;8,21;;21;False;DOWN;-22,60000;50.22%;DOWN;-28,88000;64.19%;DOWN;-26,35000;58.56%
2026-06-10 12:00:00;4168,97000;4174,67000;4168,40567;4154,30531;4161,27205;4206,96236;4227,28754;4241,25356;4267,92247;4295,50638;4326,81685;4350,27881;4371,08062;32,06653;43,82412;32,59832;14,10036;0,43972;DOWNTREND;;False;;0;8;HMA8:UP|HMA13:DOWN|HMA21:DOWN;1;2;False;True;8,13,21;;8,13,21;8,13,21;8,13,21,55;8,13,21,55;21;;21;;True;UP;-11,61000;25.79%;DOWN;-25,82000;57.37%;DOWN;-28,21000;62.69%
2026-06-10 14:00:00;4174,54000;4146,91000;4159,88726;4147,59689;4149,24796;4191,29627;4216,85662;4231,84506;4259,25552;4287,70662;4319,97053;4344,91312;4367,58764;32,98321;44,51564;30,56967;12,29037;0,37262;DOWNTREND;;False;;0;8;HMA8:DOWN|HMA13:DOWN|HMA21:DOWN;0;3;False;True;8,13,21;;8,13,21;8,13,21;8,13,21,55;8,13,21,55;;8,13,21;;;False;DOWN;-4,31000;9.57%;DOWN;-21,81000;48.47%;DOWN;-27,72000;61.61%
2026-06-10 16:00:00;4147,12000;4124,81000;4138,19830;4137,52424;4135,81342;4174,66771;4205,52145;4222,00763;4250,14932;4279,54445;4312,80680;4339,23915;4363,91067;35,49084;45,35989;32,05687;2,38488;0,06720;DOWNTREND;;False;;0;8;HMA8:DOWN|HMA13:DOWN|HMA21:DOWN;0;3;False;True;8,13,21;;8,13,21;8,13,21;8,13,21,55;8,13,21,55;;8,13,21;;;False;DOWN;-12,42000;27.59%;DOWN;-16,71000;37.13%;DOWN;-26,02000;57.81%
2026-06-10 18:00:00;4124,85000;4121,92000;4120,41533;4125,11712;4122,88678;4157,71494;4193,58618;4211,92684;4240,72081;4271,10355;4305,39483;4333,29362;4360,06222;35,09792;46,30882;31,70593;4,70179;0,13396;DOWNTREND;;False;;0;8;HMA8:DOWN|HMA13:DOWN|HMA21:DOWN;0;3;False;True;8,13,21;;8,13,21;8,13,21;8,13,21,55;8,13,21,55;;8,21;;;False;DOWN;-18,73000;41.62%;DOWN;-14,29000;31.77%;DOWN;-25,97000;57.71%
2026-06-10 20:00:00;4122,16000;4101,54000;4102,93667;4109,43353;4109,49823;4140,41454;4180,73549;4201,51802;4230,91804;4262,33016;4297,71045;4327,05797;4356,02876;35,29307;47,33060;37,11175;6,56156;0,18592;DOWNTREND;;False;;0;8;HMA8:DOWN|HMA13:DOWN|HMA21:DOWN;0;3;False;True;8,13,21;;8,13,21;8,13,21;8,13,21,55;8,13,21,55;;8,13,21;;;False;DOWN;-24,88000;55.29%;DOWN;-15,29000;33.99%;DOWN;-25,38000;56.41%
2026-06-10 22:00:00;4101,62000;4070,51000;4080,22874;4089,43904;4094,31333;4121,98245;4166,51028;4190,55160;4220,59427;4253,12391;4289,67216;4320,48405;4351,78101;35,27142;48,65972;34,53180;14,08459;0,39932;DOWNTREND;;False;;0;8;HMA8:DOWN|HMA13:DOWN|HMA21:DOWN;0;3;False;True;8,13,21;;8,13,21;8,13,21;8,13,21,55;8,13,21,55;;8,13,21;;;False;DOWN;-29,45000;65.44%;DOWN;-18,11000;40.25%;DOWN;-24,97000;55.49%
2026-06-11 00:00:00;4068,51000;4046,43000;4054,72983;4065,19540;4076,92415;4102,52145;4150,88913;4178,87972;4209,68111;4243,44135;4281,24790;4313,54511;4347,30338;35,36489;50,21305;30,64481;22,19432;0,62758;DOWNTREND;;False;;0;8;HMA8:DOWN|HMA13:DOWN|HMA21:DOWN;0;3;False;True;8,13,21;;8,13,21;8,13,21;8,13,21,55;8,13,21,55;;8,13;;;False;DOWN;-30,54000;67.87%;DOWN;-22,78000;50.62%;DOWN;-24,13000;53.62%
2026-06-11 02:00:00;4046,62000;4075,77000;4047,55650;4050,25603;4062,35518;4085,05337;4135,26121;4167,11234;4198,59168;4233,57744;4272,65006;4306,38106;4342,66704;36,70883;51,76834;33,21312;14,79868;0,40314;DOWNTREND;;False;;0;8;HMA8:DOWN|HMA13:DOWN|HMA21:DOWN;0;3;False;True;8,13,21;;8,13,21;8,13,21;8,13,21,55;8,13,21,55;8,13,21;;8,13,21;;True;DOWN;-26,39000;58.65%;DOWN;-23,84000;52.98%;DOWN;-22,04000;48.98%
2026-06-11 04:00:00;4075,80000;4067,91000;4051,20254;4043,08810;4050,43151;4069,61194;4119,85995;4155,35599;4187,36298;4223,56279;4263,90215;4299,00901;4337,88242;38,77320;51,28001;37,33897;8,11444;0,20928;DOWNTREND;;False;;0;8;HMA8:UP|HMA13:DOWN|HMA21:DOWN;1;2;False;True;8,13,21,34;;8,13,21,34;8,13,21;8,13,21,34,55;8,13,21,34,55;;34;;34;False;UP;-18,45000;40.99%;DOWN;-22,09000;49.1%;DOWN;-20,00000;44.45%
2026-06-11 06:00:00;4067,78000;4082,63000;4063,72631;4045,24198;4043,79616;4057,34272;4105,42551;4143,97610;4176,26888;4213,55043;4255,12429;4291,52003;4332,99672;38,07083;50,82656;40,68500;19,93016;0,52350;UPTREND;REVERSAL_TO_HMA34;False;;0;;HMA8:UP|HMA13:UP|HMA21:DOWN;2;1;True;False;;;;34;;;34;;34;;False;UP;-6,18000;13.74%;UP;-19,27000;42.83%;DOWN;-18,91000;42.02%
2026-06-11 08:00:00;4082,64000;4094,74000;4082,19676;4054,99075;4042,85547;4048,91395;4092,45648;4133,25644;4165,50585;4203,66568;4246,40277;4283,98939;4328,04809;37,75077;49,52886;39,90158;39,34129;1,04213;UPTREND;;False;;0;;HMA8:UP|HMA13:UP|HMA21:DOWN;2;1;True;False;55;55;;34,55;;;55;;55;;False;UP;10,31000;22.91%;UP;-13,52000;30.03%;DOWN;-17,42000;38.7%
2026-06-11 10:00:00;4094,36000;4084,48000;4090,64613;4066,74708;4044,73322;4043,22457;4080,75354;4123,10381;4155,05553;4193,89945;4237,71833;4276,41497;4323,03434;37,06428;48,06097;40,79728;45,91291;1,23874;UPTREND;;False;;0;;HMA8:UP|HMA13:UP|HMA21:UP;3;0;True;False;55;55;;34,55;8,55;;;8,55;;8,55;True;UP;16,21000;36.01%;UP;-5,83000;12.95%;UP;-15,75000;34.99%
2026-06-11 12:00:00;4084,48000;4089,91000;4093,85730;4078,12376;4049,29923;4039,88868;4070,52534;4113,61254;4145,03501;4184,32699;4229,13626;4268,83717;4317,98057;35,76755;46,86007;41,61249;44,55807;1,24577;UPTREND;;False;;0;;HMA8:UP|HMA13:UP|HMA21:UP;3;0;True;False;55;55;;34,55;8,55;;;;;;False;UP;16,60000;36.89%;UP;3,45000;7.66%;UP;-13,60000;30.22%
2026-06-11 14:00:00;4089,87000;4081,87000;4090,94131;4084,39642;4054,40072;4038,06175;4061,46598;4104,67824;4135,40047;4174,94023;4220,64365;4261,25167;4312,88920;35,95701;46,18138;45,80404;36,54060;1,01623;UPTREND;;False;;0;;HMA8:DOWN|HMA13:UP|HMA21:UP;2;1;True;False;55;55;;34,55;8,13,55;;;13;;13;True;DOWN;10,71000;23.81%;UP;8,99000;19.98%;UP;-10,78000;23.96%
2026-06-11 16:00:00;4082,43000;4073,33000;4081,92476;4085,16794;4058,80711;4036,79096;4053,20595;4096,18143;4126,11236;4165,71860;4212,23210;4253,66027;4307,76058;36,22079;45,64640;46,89375;26,36082;0,72778;UPTREND;;False;;0;;HMA8:DOWN|HMA13:UP|HMA21:UP;2;1;True;False;55;55;;34,55;8,13,55;;;8;;8;True;DOWN;-0,11000;0.24%;UP;10,96000;24.35%;UP;-7,97000;17.7%
2026-06-11 18:00:00;4073,51000;4080,20000;4077,41835;4083,58658;4063,50006;4036,34998;4045,94743;4088,17595;4117,26125;4156,73216;4203,95699;4246,10863;4302,61865;36,29217;44,45047;46,37032;20,08652;0,55347;UPTREND;ADVANCE_HMA8;False;;0;;HMA8:DOWN|HMA13:DOWN|HMA21:UP;1;2;False;True;8,55;8,55;;8,34,55;8,13,55;;8;;8;;False;DOWN;-5,21000;11.57%;DOWN;9,99000;22.19%;UP;-4,85000;10.78%
2026-06-11 20:00:00;4080,21000;4161,76000;4107,97987;4099,01601;4076,80475;4041,36467;4041,84952;4081,67834;4109,58850;4148,51450;4196,19941;4238,88136;4297,60152;40,81201;41,45789;52,04863;31,17512;0,76387;UPTREND;;False;;0;;HMA8:UP|HMA13:UP|HMA21:UP;3;0;True;False;8,13,55,89,116,144;8,13,55,89,116,144;;8,13,34,55,89,116,144;8,13,55;8,13;8,13,89,116,144;;8,13,89,116,144;;False;UP;4,94000;10.99%;UP;10,19000;22.65%;UP;-0,02000;0.04%
2026-06-11 22:00:00;4161,76000;4211,33000;4165,82719;4133,93015;4100,35464;4053,26987;4041,86511;4077,16643;4103,42637;4141,33545;4189,16296;4232,13474;4292,78884;42,06258;39,83887;43,07030;65,47254;1,55655;UPTREND;;False;;0;;HMA8:UP|HMA13:UP|HMA21:UP;3;0;True;False;8,13,55,89,116,144,188;8,13,55,89,116,144,188;;8,13,34,55,89,116,144,188;8,13,55;8,13;8,188;;188;;False;UP;23,99000;53.32%;UP;14,91000;33.13%;UP;5,16000;11.47%
2026-06-12 00:00:00;4212,46000;4243,25000;4226,71741;4181,12938;4132,65524;4072,00264;4046,22825;4074,79118;4098,91678;4135,30593;4182,94484;4225,95172;4288,23009;42,00168;38,84947;38,51122;94,06217;2,23949;UPTREND;;False;;0;;HMA8:UP|HMA13:UP|HMA21:UP;3;0;True;False;8,13,55,89,116,144,188,233;8,13,55,89,116,144,188,233;;8,13,34,55,89,116,144,188,233;8,13,55;8,13;8,233;;233;;False;UP;40,76000;90.57%;UP;22,23000;49.4%;UP;11,08000;24.61%
2026-06-12 02:00:00;4243,25000;4208,43000;4252,99822;4217,99945;4163,84412;4093,26540;4053,14334;4073,78562;4095,54331;4130,08648;4177,31930;4220,19261;4283,86270;42,22656;37,78538;39,13177;89,15410;2,11133;UPTREND;;False;;0;;HMA8:UP|HMA13:UP|HMA21:UP;3;0;True;False;8,13,55,89,116,144,188,233;8,13,55,89,116,144,188,233;;8,13,34,55,89,116,144,188,233;8,13,55,233;8,13;;8,13,233;;8,13,233;True;UP;46,11000;100%;UP;27,80000;61.79%;UP;15,87000;35.27%
2026-06-12 04:00:00;4208,42000;4191,54000;4241,31231;4237,37179;4188,39129;4114,21999;4061,55424;4073,71091;4093,01137;4125,49016;4172,15000;4214,78012;4279,65643;42,04038;35,90002;39,31548;52,92103;1,25881;UPTREND;;False;;0;;HMA8:DOWN|HMA13:UP|HMA21:UP;2;1;True;False;8,13,55,89,116,144,188,233;8,13,55,89,116,144,188,233;;8,13,34,55,89,116,144,188,233;8,13,55,233;8,13;;;;;False;DOWN;38,41000;85.36%;UP;31,11000;69.13%;UP;19,09000;42.43%
2026-06-12 06:00:00;4191,47000;4190,05000;4216,30998;4240,98993;4205,93732;4133,33560;4070,89915;4074,36353;4091,20316;4121,43812;4167,38902;4209,68312;4275,60452;40,13035;34,14932;42,13942;35,05261;0,87347;UPTREND;;False;;0;;HMA8:DOWN|HMA13:UP|HMA21:UP;2;1;True;False;8,13,55,89,116,144,188,233;8,13,55,89,116,144,188,233;;8,13,34,55,89,116,144,188,233;8,13,21,55,233;8,13;;21;;21;True;DOWN;17,46000;38.8%;UP;33,17000;73.72%;UP;21,89000;48.63%
2026-06-12 08:00:00;4189,85000;4184,11000;4192,52904;4232,31525;4216,78807;4149,82583;4080,47732;4075,51030;4089,95533;4117,83431;4162,96615;4204,85278;4271,69132;38,84533;31,96392;39,31976;39,78621;1,02422;UPTREND;;False;;0;;HMA8:DOWN|HMA13:DOWN|HMA21:UP;1;2;False;True;8,13,55,89,116,144,188,233;8,13,55,89,116,144,188,233;;8,13,34,55,89,116,144,188,233;8,13,21,55,233;8,13;;;;;False;DOWN;-12,41000;27.58%;DOWN;29,77000;66.15%;UP;23,32000;51.83%
2026-06-12 10:00:00;4184,85000;4219,57000;4193,61991;4225,07322;4226,90194;4165,75352;4090,76581;4077,47177;4089,50164;4114,85294;4159,00588;4200,38069;4267,96727;40,05138;30,74125;41,13423;33,28203;0,83098;UPTREND;;False;;0;;HMA8:UP|HMA13:DOWN|HMA21:UP;2;1;True;False;8,13,21,55,89,116,144,188,233;8,13,21,55,89,116,144,188,233;;8,13,21,34,55,89,116,144,188,233;8,13,21,55,233;8,13,21;8,21,233;;21,233;;False;UP;-20,34000;45.19%;DOWN;20,77000;46.16%;UP;23,30000;51.78%
2026-06-12 12:00:00;4219,63000;4210,89000;4204,26070;4219,04837;4234,69073;4180,54515;4101,17763;4079,91008;4089,61163;4112,36303;4155,42285;4196,20580;4264,40786;38,98485;29,65099;40,56990;30,43002;0,78056;UPTREND;;False;;0;;HMA8:UP|HMA13:DOWN|HMA21:UP;2;1;True;False;8,13,21,55,89,116,144,188,233;8,13,21,55,89,116,144,188,233;;8,13,21,34,55,89,116,144,188,233;8,13,21,55,233;8,13,21;;13;;13;True;UP;-13,37000;29.7%;DOWN;9,21000;20.46%;UP;24,28000;53.96%
2026-06-12 14:00:00;4211,75000;4191,71000;4204,71956;4212,46865;4237,19311;4193,01555;4111,11592;4082,37552;4089,95668;4110,17785;4152,08405;4192,23832;4260,97030;38,12165;28,18262;40,48657;32,47355;0,85184;UPTREND;;False;;0;;HMA8:UP|HMA13:DOWN|HMA21:UP;2;1;True;False;8,13,21,55,89,116,144,188,233;8,13,21,55,89,116,144,188,233;;8,13,21,34,55,89,116,144,188,233;8,13,21,34,55,233;8,13,21;;8,34,233;;8,34,233;True;UP;-4,35000;9.66%;DOWN;-1,39000;3.08%;UP;24,50000;54.43%
2026-06-12 16:00:00;4191,60000;4203,92000;4204,76783;4208,08907;4235,85507;4203,83887;4121,10361;4084,99637;4090,52490;4108,32093;4149,00712;4188,49616;4257,66158;37,75581;26,46917;41,42279;31,08724;0,82338;UPTREND;;False;;0;;HMA8:UP|HMA13:DOWN|HMA21:DOWN;1;2;False;True;8,13,21,34,55,89,116,144,188,233;8,13,21,34,55,89,116,144,188,233;;8,13,21,34,55,89,116,144,188,233;8,13,21,34,55,233;8,13,21;34,233;;34,233;;False;UP;4,63000;10.3%;DOWN;-7,37000;16.37%;DOWN;22,84000;50.76%
2026-06-12 18:00:00;4203,99000;4215,99000;4208,15485;4208,40013;4232,68514;4213,57695;4131,41247;4087,95001;4091,36501;4106,79843;4146,20133;4184,99167;4254,48975;37,57540;25,54645;41,21284;24,53029;0,65283;UPTREND;;False;;0;;HMA8:UP|HMA13:UP|HMA21:DOWN;2;1;True;False;8,13,21,34,55,89,116,144,188,233;8,13,21,34,55,89,116,144,188,233;;8,13,21,34,55,89,116,144,188,233;8,13,21,34,55,233;8,13,21,34;8,13,34;;34;;False;UP;5,52000;12.27%;UP;-8,23000;18.28%;DOWN;19,40000;43.11%
2026-06-12 20:00:00;4215,95000;4215,61000;4212,65259;4211,28071;4229,34876;4221,94133;4141,88426;4091,26871;4092,44840;4105,53688;4143,61277;4181,69578;4251,44113;36,42287;24,68965;43,57707;18,06805;0,49606;UPTREND;;False;;0;;HMA8:UP|HMA13:UP|HMA21:DOWN;2;1;True;False;8,13,21,34,55,89,116,144,188,233;8,13,21,34,55,89,116,144,188,233;;8,13,21,34,55,89,116,144,188,233;8,13,21,34,55,233;8,13,21,34;;34;;34;True;UP;3,30000;7.33%;UP;-5,50000;12.22%;DOWN;14,87000;33.04%
2026-06-12 22:00:00;4215,61000;4218,87000;4218,45793;4214,63782;4227,58428;4229,20217;4152,43541;4094,98767;4093,81095;4104,52905;4141,20685;4178,58888;4248,50908;35,05909;23,47946;42,52736;12,94646;0,36928;UPTREND;;False;;0;;HMA8:UP|HMA13:UP|HMA21:DOWN;2;1;True;False;8,13,21,34,55,89,116,144,188,233;8,13,21,34,55,89,116,144,188,233;;8,13,21,34,55,89,116,144,188,233;8,13,21,34,55,233;8,13,21,34;8;;;;False;UP;5,60000;12.43%;UP;-2,84000;6.31%;DOWN;10,30000;22.9%
2026-06-15 00:00:00;4275,23000;4285,53000;4247,38813;4232,41046;4234,27702;4238,96105;4164,63433;4099,95197;4096,04490;4104,19135;4139,26204;4175,85194;4245,78838;38,98487;24,26830;48,31095;14,97767;0,38419;UPTREND;;False;;0;;HMA8:UP|HMA13:UP|HMA21:UP;3;0;True;False;8,13,21,34,55,89,116,144,188,233;8,13,21,34,55,89,116,144,188,233;;8,13,21,34,55,89,116,144,188,233;8,13,21,34,55,233;8,13,21,34;;;;;False;UP;15,29000;33.97%;UP;3,27000;7.27%;UP;6,71000;14.92%
2026-06-15 02:00:00;4285,53000;4292,54000;4281,30970;4258,27378;4246,80087;4250,31365;4178,27534;4106,08558;4099,09912;4104,53772;4137,77851;4173,45943;4243,27215;38,13452;25,00079;48,23715;34,50884;0,90492;UPTREND;;False;;0;;HMA8:UP|HMA13:UP|HMA21:UP;3;0;True;False;8,13,21,34,55,89,116,144,188,233;8,13,21,34,55,89,116,144,188,233;;8,13,21,34,55,89,116,144,188,233;8,13,21,34,55,233;8,13,21,34;;;;;False;UP;25,62000;56.94%;UP;11,32000;25.16%;UP;6,12000;13.59%
2026-06-15 04:00:00;4292,78000;4329,57000;4317,48780;4291,32233;4265,96853;4264,05081;4193,87955;4113,69325;4103,19530;4105,74862;4136,89944;4171,49817;4241,00103;38,97706;26,11497;42,26049;51,51926;1,32178;UPTREND;;False;;0;;HMA8:UP|HMA13:UP|HMA21:UP;3;0;True;False;8,13,21,34,55,89,116,144,188,233;8,13,21,34,55,89,116,144,188,233;;8,13,21,34,55,89,116,144,188,233;8,13,21,34,55,233;8,13,21,34;8;;;;False;UP;33,92000;75.37%;UP;19,59000;43.54%;UP;7,19000;15.98%
2026-06-15 06:00:00;4329,58000;4328,31000;4342,88769;4320,50460;4287,19576;4278,51949;4210,66508;4122,56394;4108,15775;4107,72940;4136,56852;4169,93426;4238,95078;36,92298;27,14957;39,53884;55,69193;1,50833;UPTREND;;False;;0;;HMA8:UP|HMA13:UP|HMA21:UP;3;0;True;False;8,13,21,34,55,89,116,144,188,233;8,13,21,34,55,89,116,144,188,233;;8,13,21,34,55,89,116,144,188,233;8,13,21,34,55,233;8,13,21,34;;8;;8;True;UP;40,11000;89.14%;UP;26,84000;59.65%;UP;9,27000;20.61%
2026-06-15 08:00:00;4328,30000;4308,11000;4341,70335;4338,17086;4305,06178;4291,50652;4227,41262;4132,22860;4113,67400;4110,26766;4136,63827;4168,68053;4237,06679;36,57563;27,37386;38,92315;36,64157;1,00180;UPTREND;;False;;0;;HMA8:DOWN|HMA13:UP|HMA21:UP;2;1;True;False;8,13,21,34,55,89,116,144,188,233;8,13,21,34,55,89,116,144,188,233;;8,13,21,34,55,89,116,144,188,233;8,13,21,34,55,233;8,13,21,34;;13;;13;True;DOWN;32,81000;72.91%;UP;30,04000;66.75%;UP;10,89000;24.2%
2026-06-15 10:00:00;4308,26000;4334,10000;4339,52720;4349,83731;4322,01979;4303,89864;4244,36777;4142,83072;4119,88013;4113,45417;4137,17906;4167,79383;4235,37003;36,80951;27,81166;38,71880;27,81752;0,75572;UPTREND;;False;;0;;HMA8:DOWN|HMA13:UP|HMA21:UP;2;1;True;False;8,13,21,34,55,89,116,144,188,233;8,13,21,34,55,89,116,144,188,233;;8,13,21,34,55,89,116,144,188,233;8,13,21,34,55,233;8,13,21,34;21;;;;False;DOWN;21,57000;47.94%;UP;31,47000;69.94%;UP;12,98000;28.84%
2026-06-15 12:00:00;4334,13000;4338,07000;4339,99100;4355,92503;4337,00754;4315,83150;4261,08049;4154,17579;4126,67179;4117,24545;4138,15039;4167,25162;4233,85126;34,83026;28,21819;37,68832;18,91749;0,54313;UPTREND;;False;;0;;HMA8:UP|HMA13:UP|HMA21:UP;3;0;True;False;8,13,21,34,55,89,116,144,188,233;8,13,21,34,55,89,116,144,188,233;;8,13,21,34,55,89,116,144,188,233;8,13,21,34,55,233;8,13,21,34;21;;;;False;UP;9,18000;20.39%;UP;30,58000;67.97%;UP;16,19000;35.99%
2026-06-15 14:00:00;4338,18000;4348,89000;4344,84448;4360,54338;4350,84438;4327,58996;4277,33227;4166,18690;4134,01681;4121,63481;4139,55411;4167,05273;4232,51596;34,10524;28,21703;35,70489;15,69890;0,46031;UPTREND;;False;;0;;HMA8:UP|HMA13:UP|HMA21:UP;3;0;True;False;8,13,21,34,55,89,116,144,188,233;8,13,21,34,55,89,116,144,188,233;;8,13,21,34,55,89,116,144,188,233;8,13,21,34,55,233;8,13,21,34;8,21;;;;False;UP;0,82000;1.83%;UP;26,55000;59.01%;UP;19,11000;42.46%
2026-06-15 16:00:00;4349,02000;4356,72000;4355,02881;4363,95557;4363,54305;4339,38096;4293,07035;4178,72861;4141,85886;4126,57335;4141,37110;4167,18296;4231,36654;33,67058;28,63915;31,79814;8,92676;0,26512;UPTREND;;False;;0;;HMA8:UP|HMA13:UP|HMA21:UP;3;0;True;False;8,13,21,34,55,89,116,144,188,233;8,13,21,34,55,89,116,144,188,233;;8,13,21,34,55,89,116,144,188,233;8,13,21,34,55,233;8,13,21,34;8,21;;;;False;UP;5,65000;12.56%;UP;19,77000;43.94%;UP;21,73000;48.29%
2026-06-15 18:00:00;4356,43000;4339,12000;4354,61078;4363,20123;4371,49600;4349,79574;4307,55286;4191,31605;4149,89887;4131,85067;4143,45837;4167,55288;4230,36213;33,13268;28,75160;31,73335;16,88522;0,50962;DOWNTREND;REVERSAL_TO_HMA34;False;;0;8;HMA8:DOWN|HMA13:DOWN|HMA21:UP;1;2;False;True;;;;;8,34;8;;8,34;;8,34;False;DOWN;6,49000;14.43%;DOWN;12,12000;26.94%;UP;23,48000;52.17%
2026-06-15 20:00:00;4339,12000;4325,60000;4343,20717;4356,92366;4373,14186;4357,66915;4320,39550;4203,65262;4157,89911;4137,29904;4145,70303;4168,08893;4229,46871;32,26463;28,19746;35,56101;29,93470;0,92779;DOWNTREND;;False;;0;8;HMA8:DOWN|HMA13:DOWN|HMA21:UP;1;2;False;True;;;;;8,34;8;;;;;False;DOWN;1,43000;3.17%;DOWN;5,53000;12.3%;UP;23,29000;51.75%
2026-06-15 22:00:00;4325,68000;4308,70000;4324,37585;4343,62882;4368,22156;4362,33980;4331,17400;4215,42140;4165,66902;4142,73762;4147,98846;4168,70651;4228,64802;31,40359;27,23698;34,57619;43,84571;1,39620;DOWNTREND;ADVANCE_HMA55;False;;0;8;HMA8:DOWN|HMA13:DOWN|HMA21:DOWN;0;3;False;True;8,55;;8,55;;8,34,55;8;;8,55;;55;False;DOWN;-9,25000;20.57%;DOWN;-1,89000;4.19%;DOWN;21,14000;46.98%
2026-06-16 00:00:00;4306,78000;4311,99000;4309,34707;4329,30228;4359,50111;4364,49979;4339,99373;4226,66854;4173,22713;4148,12855;4150,29627;4169,39411;4227,89500;29,82333;26,32837;33,45496;50,15404;1,68170;DOWNTREND;;False;;0;8;HMA8:DOWN|HMA13:DOWN|HMA21:DOWN;0;3;False;True;8,55;;8,55;8;8,34,55;8;8;;8;;True;DOWN;-20,95000;46.56%;DOWN;-8,46000;18.81%;DOWN;17,41000;38.69%
2026-06-16 02:00:00;4311,99000;4319,14000;4306,23961;4318,59477;4350,39628;4365,01489;4347,15661;4237,50075;4180,66120;4153,49217;4152,62760;4170,15533;4227,21336;28,68095;25,64842;49,75659;44,15667;1,53958;DOWNTREND;;False;;0;8;HMA8:DOWN|HMA13:DOWN|HMA21:DOWN;0;3;False;True;8,55;;8,55;8,13;8,34,55;8;13;;13;;True;DOWN;-22,86000;50.8%;DOWN;-13,70000;30.44%;DOWN;12,43000;27.62%
2026-06-16 04:00:00;4319,17000;4318,69000;4309,74074;4312,39129;4342,15218;4364,32376;4352,84015;4247,87396;4187,97830;4158,80469;4154,97047;4170,96762;4226,59323;27,93803;25,17632;49,96361;32,41144;1,16012;DOWNTREND;;False;;0;8;HMA8:UP|HMA13:DOWN|HMA21:DOWN;1;2;False;True;8,55;;8,55;8,13;8,34,55;8;;;;;False;UP;-16,67000;37.05%;DOWN;-17,10000;38.0%;DOWN;7,56000;16.81%
2026-06-16 06:00:00;4318,50000;4322,52000;4316,38639;4311,06167;4335,28733;4362,91657;4357,42748;4257,84853;4195,20528;4164,08663;4157,33403;4171,82336;4226,03018;27,20745;24,96418;50,81935;24,22566;0,89041;DOWNTREND;;False;;0;8;HMA8:UP|HMA13:DOWN|HMA21:DOWN;1;2;False;True;8,55;;8,55;8,13;8,34,55;8;;;;;False;UP;-4,20000;9.33%;DOWN;-17,71000;39.36%;DOWN;2,79000;6.2%
2026-06-16 08:00:00;4322,52000;4323,86000;4322,23604;4313,12280;4329,72785;4360,90452;4361,26804;4267,44255;4202,36513;4169,34122;4159,72734;4172,71977;4225,51652;26,49121;24,67684;54,39081;16,60504;0,62681;DOWNTREND;;False;;0;8;HMA8:UP|HMA13:UP|HMA21:DOWN;2;1;True;False;8,55;;8,55;8,13;8,34,55;8;;;;;False;UP;6,94000;15.41%;UP;-15,41000;34.24%;DOWN;-1,57000;3.5%
2026-06-16 10:00:00;4323,86000;4346,93000;4333,87330;4321,80361;4327,79886;4359,40525;4365,14498;4276,97367;4209,68636;4174,69735;4162,25703;4173,72456;4225,08003;26,40041;24,94940;56,31769;12,06968;0,45718;UPTREND;REVERSAL_TO_HMA8;False;;2;8,21;HMA8:UP|HMA13:UP|HMA21:DOWN;2;1;True;False;;;;8,21;;8;8,21;;8,21;;False;UP;14,66000;32.59%;UP;-7,85000;17.43%;DOWN;-4,99000;11.09%
2026-06-16 12:00:00;4346,98000;4348,89000;4346,05233;4332,97819;4328,93687;4358,37061;4369,05710;4286,45157;4217,18767;4180,15004;4164,92015;4174,83963;4224,71287;25,26538;25,23556;56,08295;17,11547;0,67743;UPTREND;;False;;1;8,21;HMA8:UP|HMA13:UP|HMA21:UP;3;0;True;False;;;;8,21;;8;;;;;False;UP;19,76000;43.92%;UP;1,39000;3.09%;UP;-7,80000;17.33%
2026-06-16 14:00:00;4348,89000;4354,66000;4355,45565;4344,58919;4333,01893;4357,99343;4373,01179;4295,90405;4224,91939;4185,72298;4167,73665;4176,07811;4224,41335;24,86499;25,68928;53,68048;22,43672;0,90234;UPTREND;;False;;0;8,21;HMA8:UP|HMA13:UP|HMA21:UP;3;0;True;False;8;8;;8,21;;8;8;;;;False;UP;21,45000;47.66%;UP;9,88000;21.96%;UP;-8,80000;19.55%
2026-06-16 16:00:00;4354,46000;4324,04000;4348,94394;4347,34980;4335,48852;4356,47560;4376,00436;4304,83705;4232,56399;4191,21722;4170,56282;4177,33105;4224,12716;26,05964;24,90502;58,12935;13,45543;0,51633;UPTREND;;False;;0;8,21;HMA8:DOWN|HMA13:UP|HMA21:UP;2;1;True;False;8;8;;8,21;8,13,21;8;;8,13,21;;8,13,21;True;DOWN;14,37000;31.94%;UP;12,60000;28.01%;UP;-8,22000;18.27%
2026-06-16 18:00:00;4324,02000;4340,58000;4341,38806;4347,67577;4338,08229;4354,98499;4378,50876;4313,41223;4240,26599;4196,75526;4173,48324;4178,65362;4223,87800;26,06109;24,17678;58,30979;9,59348;0,36812;UPTREND;;False;;0;8,21;HMA8:DOWN|HMA13:UP|HMA21:UP;2;1;True;False;8,21;8,21;;8,21;8,13,21;8,21;21;;21;;False;DOWN;4,12000;9.16%;UP;13,18000;29.29%;UP;-6,60000;14.66%
2026-06-16 20:00:00;4340,42000;4338,42000;4337,52893;4345,97162;4340,15947;4353,22619;4380,39664;4321,53408;4247,96274;4202,32346;4176,49408;4180,03775;4223,66127;25,44673;23,50056;62,48564;8,44270;0,33178;DOWNTREND;REVERSAL_TO_HMA21;False;;0;21;HMA8:DOWN|HMA13:DOWN|HMA21:UP;1;2;False;True;;;;;8,21;8;;8,21;;8,21;False;DOWN;-4,79000;10.64%;DOWN;12,14000;26.98%;UP;-4,35000;9.66%
2026-06-16 22:00:00;4338,42000;4330,92000;4332,74813;4342,07313;4340,83365;4350,93972;4381,39634;4329,05337;4255,54478;4207,86837;4179,56165;4181,46087;4223,46393;24,57839;22,87531;64,98576;9,32500;0,37940;DOWNTREND;;False;;0;21;HMA8:DOWN|HMA13:DOWN|HMA21:UP;1;2;False;True;8;;8;;8,21;8;;8;;;False;DOWN;-13,01000;28.9%;DOWN;7,83000;17.39%;UP;-2,23000;4.95%
2026-06-17 00:00:00;4330,19000;4335,37000;4332,43854;4337,91308;4341,18217;4348,66233;4381,61972;4336,00431;4263,02646;4213,40726;4182,70351;4182,94171;4223,29100;23,34208;22,25886;63,02066;8,74364;0,37459;DOWNTREND;;False;;0;21;HMA8:DOWN|HMA13:DOWN|HMA21:UP;1;2;False;True;8;;8;8,89;8,21;8;8,89;;8,89;;True;DOWN;-10,03000;22.28%;DOWN;2,02000;4.48%;UP;-0,24000;0.53%
2026-06-17 02:00:00;4335,41000;4337,11000;4334,01913;4335,31159;4341,01487;4346,79773;4381,19470;4342,39495;4270,38505;4218,93927;4185,91616;4184,48517;4223,14484;22,60836;21,95449;61,95543;6,99574;0,30943;DOWNTREND;;False;;0;21;HMA8:UP|HMA13:DOWN|HMA21:DOWN;1;2;False;True;8;;8;8,13,89;8,21;8;13,89;;13,89;;True;UP;-4,66000;10.35%;DOWN;-3,91000;8.69%;DOWN;1,45000;3.22%
2026-06-17 04:00:00;4336,85000;4331,56000;4333,42911;4333,85175;4339,92710;4345,00167;4380,04241;4348,13503;4277,53635;4224,41935;4189,16405;4186,06861;4223,01656;22,41347;22,04881;64,18394;6,49799;0,28991;DOWNTREND;;False;;0;21;HMA8:DOWN|HMA13:DOWN|HMA21:DOWN;0;3;False;True;8,13;;8,13;8,13,89;8,13,21;8,13;;8,13;;13;False;DOWN;-2,62000;5.82%;DOWN;-5,73000;12.74%;DOWN;2,61000;5.79%
2026-06-17 06:00:00;4331,47000;4326,73000;4330,64391;4331,31109;4337,67926;4343,14868;4378,15310;4353,19347;4284,41930;4229,81283;4192,42043;4187,67015;4222,89970;21,99180;21,29334;65,11989;7,03535;0,31991;DOWNTREND;;False;;0;21;HMA8:DOWN|HMA13:DOWN|HMA21:DOWN;0;3;False;True;8,13;;8,13;8,13,89;8,13,21;8,13;;8,13;;;False;DOWN;-1,37000;3.05%;DOWN;-7,07000;15.71%;DOWN;2,57000;5.72%
2026-06-17 08:00:00;4326,80000;4331,69000;4329,17731;4329,58190;4335,37034;4341,58404;4375,76542;4357,67950;4291,08509;4235,15140;4195,70525;4189,30135;4222,80438;21,39738;20,59721;69,27295;6,19303;0,28943;DOWNTREND;;False;;0;21;HMA8:DOWN|HMA13:DOWN|HMA21:DOWN;0;3;False;True;8,13;;8,13;8,13,89;8,13,21;8,13;8,13;;8,13;;True;DOWN;-2,18000;4.85%;DOWN;-7,28000;16.17%;DOWN;1,72000;3.83%
2026-06-17 10:00:00;4331,47000;4324,68000;4326,61889;4327,45752;4332,61503;4339,76547;4372,83151;4361,53766;4297,47542;4240,38864;4198,98431;4190,93582;4222,71964;20,96471;19,73456;68,92475;5,99614;0,28601;DOWNTREND;;False;;0;21;HMA8:DOWN|HMA13:DOWN|HMA21:DOWN;0;3;False;True;8,13;;8,13;8,13,89;8,13,21;8,13;;8,13;;;False;DOWN;-5,04000;11.21%;DOWN;-6,63000;14.73%;DOWN;-0,11000;0.25%
2026-06-17 12:00:00;4324,66000;4331,41000;4326,98174;4326,91159;4330,81306;4338,11107;4369,73244;4364,86490;4303,66852;4245,58066;4202,28467;4192,59252;4222,65586;20,48438;19,09774;68,48832;3,90146;0,19046;DOWNTREND;;False;;0;21;HMA8:UP|HMA13:DOWN|HMA21:DOWN;1;2;False;True;8,13;;8,13;8,13,21,89;8,13,21;8,13;8,13,21;;8,13,21;;True;UP;-4,50000;10.0%;DOWN;-5,11000;11.37%;DOWN;-1,31000;2.91%
2026-06-17 14:00:00;4331,43000;4333,59000;4330,05207;4327,72154;4329,89608;4336,75643;4366,63847;4367,73915;4309,66184;4250,75244;4205,61612;4194,27519;4222,61424;20,12049;18,39568;66,99146;2,33054;0,11583;DOWNTREND;;False;;0;21;HMA8:UP|HMA13:UP|HMA21:DOWN;2;1;True;False;8,13;;8,13;8,13,21,89;8,13,21;8,13;;;;;False;UP;-0,42000;0.94%;UP;-3,60000;7.99%;DOWN;-2,33000;5.18%
2026-06-17 16:00:00;4333,56000;4344,47000;4336,81294;4331,90802;4330,79078;4336,24380;4363,90972;4370,36391;4315,54857;4255,98528;4209,02631;4196,01519;4222,60994;21,53760;19,26369;63,83538;6,02216;0,27961;UPTREND;REVERSAL_TO_HMA8;False;;0;8;HMA8:UP|HMA13:UP|HMA21:UP;3;0;True;False;;;;8,34;;8;8,34;;8,34;;False;UP;5,06000;11.26%;UP;-0,86000;1.91%;UP;-2,49000;5.54%
2026-06-17 18:00:00;4344,56000;4359,42000;4349,45965;4340,42746;4334,60447;4337,16500;4361,97681;4372,97119;4321,44332;4261,35875;4212,57788;4197,85991;4222,66424;21,62277;20,17948;62,38553;14,85518;0,68702;UPTREND;;False;;0;8;HMA8:UP|HMA13:UP|HMA21:UP;3;0;True;False;8;8;;8,34;;8;8;;;;False;UP;14,79000;32.87%;UP;4,02000;8.93%;UP;-1,65000;3.67%
2026-06-17 20:00:00;4359,49000;4286,28000;4331,82657;4334,40531;4331,99100;4335,11757;4358,79808;4374,57665;4326,62150;4266,39039;4215,92134;4199,57133;4222,65710;28,10614;20,27949;42,74846;2,57874;0,09175;DOWNTREND;REVERSAL_TO_HMA116;False;;2;8,13,21;HMA8:DOWN|HMA13:DOWN|HMA21:DOWN;0;3;False;True;;;;;8,13,21,34,55,116;8,13,21,34,55;;8,13,21,34,55,116;;8,13,21,34,55,116;False;DOWN;2,47000;5.48%;DOWN;1,64000;3.64%;DOWN;-1,87000;4.16%
2026-06-17 22:00:00;4285,48000;4257,15000;4291,95622;4313,49257;4321,75137;4329,19819;4353,84915;4374,90857;4330,84709;4270,92308;4218,94067;4201,07276;4222,54554;31,54285;21,67140;33,69928;29,79515;0,94459;DOWNTREND;ADVANCE_HMA144;False;;1;8,13,21;HMA8:DOWN|HMA13:DOWN|HMA21:DOWN;0;3;False;True;144;;144;;8,13,21,34,55,116,144;8,13,21,34,55;;144;;144;False;DOWN;-16,80000;37.34%;DOWN;-4,22000;9.38%;DOWN;-3,49000;7.77%
2026-06-18 00:00:00;4254,15000;4266,70000;4261,64706;4288,79832;4307,96510;4321,09275;4347,79469;4374,24770;4334,28245;4275,05708;4221,70733;4202,41231;4222,35057;30,50836;22,96388;33,66113;46,31804;1,51821;DOWNTREND;;False;;0;8,13,21;HMA8:DOWN|HMA13:DOWN|HMA21:DOWN;0;3;False;True;144;;144;8;8,13,21,34,55,116,144;8,13,21,34,55;8;;8;;False;DOWN;-31,63000;70.29%;DOWN;-11,76000;26.14%;DOWN;-5,98000;13.29%
2026-06-18 02:00:00;4266,73000;4308,32000;4262,82611;4277,50223;4297,80151;4314,06645;4342,03723;4373,26609;4337,36928;4279,08856;4224,42888;4203,74151;4222,14527;31,97276;22,27999;37,10029;34,97540;1,09391;DOWNTREND;;False;;0;8,13,21;HMA8:UP|HMA13:DOWN|HMA21:DOWN;1;2;False;True;144;;144;8,13,21,144;8,13,21,34,55,116,144;8,13,21,34,55;13,21,144;;13,21,144;;True;UP;-34,11000;75.81%;DOWN;-14,67000;32.6%;DOWN;-7,11000;15.8%
2026-06-18 04:00:00;4308,36000;4310,93000;4284,11948;4277,19011;4292,62285;4308,53945;4336,72199;4372,05412;4340,14406;4283,04044;4227,12298;4205,07588;4221,93646;31,33328;21,13238;38,44879;15,43274;0,49254;DOWNTREND;;False;;0;8,13,21;HMA8:UP|HMA13:DOWN|HMA21:DOWN;1;2;False;True;144;;144;8,13,21,34,144;8,13,21,34,55,116,144;8,13,21,34,55;34;;34;;True;UP;-20,84000;46.31%;DOWN;-16,23000;36.06%;DOWN;-7,77000;17.26%
2026-06-18 06:00:00;4310,95000;4316,00000;4307,45767;4284,37609;4291,84924;4305,26041;4332,03149;4370,70837;4342,67145;4286,94206;4229,81766;4206,43687;4221,73511;30,15876;20,06675;38,60157;23,08158;0,76534;DOWNTREND;;False;;0;8,13,21;HMA8:UP|HMA13:UP|HMA21:DOWN;2;1;True;False;144;;144;8,13,21,34,144;8,13,21,34,55,116,144;8,13,21,34,55;;;;;False;UP;7,32000;16.27%;UP;-17,21000;38.25%;DOWN;-7,70000;17.11%
2026-06-18 08:00:00;4315,72000;4306,46000;4318,09226;4293,73105;4292,30833;4303,22872;4327,77597;4369,11755;4344,86768;4290,72585;4232,47103;4207,79985;4221,52594;30,03885;19,48327;39,31527;25,78393;0,85835;DOWNTREND;;False;;0;8,13,21;HMA8:UP|HMA13:UP|HMA21:UP;3;0;True;False;8,144;;8,144;8,13,21,34,144;8,13,21,34,55,116,144;8,13,21,34,55;;8;;;False;UP;25,16000;55.92%;UP;-12,72000;28.26%;UP;-7,30000;16.23%
2026-06-18 10:00:00;4306,68000;4266,66000;4301,46772;4294,29025;4288,50423;4299,59978;4323,06764;4366,79082;4346,39031;4294,14655;4234,90851;4209,04432;4221,24822;31,03179;19,78930;41,50579;12,96349;0,41775;DOWNTREND;;False;;0;8,13,21;HMA8:DOWN|HMA13:UP|HMA21:DOWN;1;2;False;True;8,13,21,34,144;;8,13,21,34,144;8,13,21,34,144;8,13,21,34,55,116,144;8,13,21,34,55;;8,13,21,34,144;;144;False;DOWN;17,29000;38.43%;UP;-5,89000;13.08%;DOWN;-7,60000;16.88%
2026-06-18 12:00:00;4267,27000;4255,47000;4273,70206;4285,22011;4281,01927;4293,86913;4317,68493;4363,71235;4347,20495;4297,15779;4237,10469;4210,15059;4220,89016;30,14309;20,33815;41,88564;11,51805;0,38211;DOWNTREND;;False;;0;8,13,21;HMA8:DOWN|HMA13:DOWN|HMA21:DOWN;0;3;False;True;8,13,21,34,144;;8,13,21,34,144;8,13,21,34,144;8,13,21,34,55,116,144;8,13,21,34,55;;;;;False;DOWN;-4,94000;10.97%;DOWN;-1,13000;2.52%;DOWN;-9,38000;20.84%
2026-06-18 14:00:00;4255,70000;4246,61000;4249,11109;4269,06690;4271,18096;4286,30629;4311,41431;4359,93851;4347,31913;4299,74011;4239,04697;4211,10786;4220,44407;30,08358;21,19618;42,94391;22,06987;0,73362;DOWNTREND;;False;;0;8,13,21;HMA8:DOWN|HMA13:DOWN|HMA21:DOWN;0;3;False;True;8,13,21,34,144;;8,13,21,34,144;8,13,21,34,144;8,13,21,34,55,116,144;8,13,21,34,55;;8;;;False;DOWN;-25,87000;57.48%;DOWN;-2,68000;5.95%;DOWN;-11,91000;26.46%
2026-06-18 16:00:00;4246,56000;4252,31000;4237,47819;4254,37570;4262,39296;4278,07920;4304,51845;4355,62397;4346,89876;4301,97063;4240,79484;4211,95496;4219,92659;30,75047;21,66234;44,77976;24,91478;0,81022;DOWNTREND;;False;;0;8,13,21;HMA8:DOWN|HMA13:DOWN|HMA21:DOWN;0;3;False;True;8,13,21,34,144;;8,13,21,34,144;8,13,21,34,144;8,13,21,34,55,116,144;8,13,21,34,55;8;;8;;True;DOWN;-33,24000;73.87%;DOWN;-7,05000;15.66%;DOWN;-12,75000;28.34%
2026-06-18 18:00:00;4252,60000;4219,40000;4225,74854;4236,85854;4251,95423;4268,15166;4296,39608;4350,37953;4345,69535;4303,68379;4242,23173;4212,60360;4219,29262;31,46115;22,63585;45,38112;26,20569;0,83295;DOWNTREND;ADVANCE_HMA377;False;;0;8,13,21;HMA8:DOWN|HMA13:DOWN|HMA21:DOWN;0;3;False;True;8,13,21,34,188,377;;8,13,21,34,188,377;8,13,21,34,144;8,13,21,34,55,116,144,188,377;8,13,21,34,55,377;;8,13,21,188,377;;188,377;False;DOWN;-31,03000;68.97%;DOWN;-14,13000;31.4%;DOWN;-12,51000;27.8%
2026-06-18 20:00:00;4219,90000;4218,37000;4215,41535;4221,12662;4240,42427;4257,61581;4287,46871;4344,31425;4343,77159;4304,94449;4243,40153;4213,07659;4218,54958;30,27678;23,53983;43,63764;25,00892;0,82601;DOWNTREND;;False;;0;8,13,21;HMA8:DOWN|HMA13:DOWN|HMA21:DOWN;0;3;False;True;8,13,21,34,188,377;;8,13,21,34,188,377;8,13,21,34,144;8,13,21,34,55,116,144,188,377;8,13,21,34,55,377;;8,377;;;False;DOWN;-25,70000;57.11%;DOWN;-21,79000;48.41%;DOWN;-12,58000;27.95%
2026-06-18 22:00:00;4218,50000;4208,12000;4206,49557;4207,51032;4227,36027;4246,53125;4277,92309;4337,48622;4341,11880;4305,71942;4244,31159;4213,36697;4217,68970;29,40558;24,75357;40,58143;20,86470;0,70955;DOWNTREND;;False;;0;8,13,21;HMA8:DOWN|HMA13:DOWN|HMA21:DOWN;0;3;False;True;8,13,21,34,188,233,377;;8,13,21,34,188,233,377;8,13,21,34,144;8,13,21,34,55,116,144,188,233,377;8,13,21,34,55,377;;8,13,233,377;;233;False;DOWN;-19,92000;44.26%;DOWN;-26,19000;58.2%;DOWN;-13,47000;29.94%
2026-06-19 00:00:00;4208,83000;4207,37000;4200,06335;4198,13772;4214,30246;4235,50269;4268,15397;4330,09325;4337,85335;4306,02377;4244,98952;4213,50298;4216,72176;28,05233;25,88061;45,43442;16,16474;0,57624;DOWNTREND;;False;;0;8,13,21;HMA8:DOWN|HMA13:DOWN|HMA21:DOWN;0;3;False;True;8,13,21,34,188,233,377;;8,13,21,34,188,233,377;8,13,21,34,144;8,13,21,34,55,116,144,188,233,377;8,13,21,34,55,377;;13;;;False;DOWN;-18,44000;40.98%;DOWN;-27,36000;60.79%;DOWN;-15,60000;34.67%
2026-06-19 02:00:00;4207,40000;4190,38000;4192,66650;4189,01412;4201,31083;4224,12938;4257,97384;4322,10788;4333,93678;4305,77442;4245,38064;4213,46413;4215,62839;27,76930;27,32376;35,71163;12,29670;0,44282;DOWNTREND;;False;;0;8,13,21;HMA8:DOWN|HMA13:DOWN|HMA21:DOWN;0;3;False;True;8,13,21,34,188,233,377;;8,13,21,34,188,233,377;8,13,21,34,144;8,13,21,34,55,116,144,188,233,377;8,13,21,34,55,377;;8,13,21;;;False;DOWN;-16,59000;36.86%;DOWN;-25,66000;57.03%;DOWN;-18,06000;40.13%
2026-06-19 04:00:00;4190,38000;4176,29000;4181,10548;4178,77949;4188,37499;4212,49577;4247,30069;4313,56147;4329,37622;4304,94387;4245,45300;4213,22792;4214,39890;27,40864;28,90775;33,19091;9,59550;0,35009;DOWNTREND;;False;;0;8,13,21;HMA8:DOWN|HMA13:DOWN|HMA21:DOWN;0;3;False;True;8,13,21,34,188,233,377;;8,13,21,34,188,233,377;8,13,21,34,144;8,13,21,34,55,116,144,188,233,377;8,13,21,34,55,377;;8,13,21;;;False;DOWN;-17,38000;38.62%;DOWN;-24,69000;54.86%;DOWN;-20,77000;46.15%
2026-06-19 06:00:00;4176,62000;4125,77000;4152,74402;4159,56512;4171,61194;4198,52964;4235,09250;4303,95999;4323,84371;4303,28458;4245,02966;4212,65225;4212,96688;29,18588;31,11867;23,48342;18,86792;0,64647;DOWNTREND;;False;;0;8,13,21;HMA8:DOWN|HMA13:DOWN|HMA21:DOWN;0;3;False;True;8,13,21,34,188,233,377;;8,13,21,34,188,233,377;8,13,21,34,144;8,13,21,34,55,116,144,188,233,377;8,13,21,34,55,377;;8,13,21;;;False;DOWN;-24,72000;54.94%;DOWN;-23,82000;52.92%;DOWN;-21,83000;48.5%
2026-06-19 08:00:00;4126,07000;4147,60000;4133,87578;4142,92871;4155,90169;4184,48957;4222,50861;4293,84426;4317,70229;4301,04156;4244,27951;4211,83900;4211,38677;29,15832;33,21704;24,39029;22,02591;0,75539;DOWNTREND;;False;;0;8,13,21;HMA8:DOWN|HMA13:DOWN|HMA21:DOWN;0;3;False;True;8,13,21,34,188,233,377;;8,13,21,34,188,233,377;8,13,21,34,144;8,13,21,34,55,116,144,188,233,377;8,13,21,34,55,377;8,13;;8,13;;True;DOWN;-29,57000;65.72%;DOWN;-24,08000;53.52%;DOWN;-23,22000;51.61%
2026-06-19 10:00:00;4147,79000;4169,04000;4137,87157;4136,10031;4144,90725;4172,01580;4210,44461;4283,68897;4311,27028;4298,43939;4243,36221;4210,89086;4209,71198;29,27487;33,75585;25,91733;8,80694;0,30084;DOWNTREND;;False;;0;8,13,21;HMA8:UP|HMA13:DOWN|HMA21:DOWN;1;2;False;True;8,13,21,34,188,233,377;;8,13,21,34,188,233,377;8,13,21,34,144;8,13,21,34,55,116,144,188,233,377;8,13,21,34,55,377;21;;21;;True;UP;-25,08000;55.73%;DOWN;-22,12000;49.16%;DOWN;-23,33000;51.85%
2026-06-19 12:00:00;4169,08000;4149,71000;4143,47880;4133,63468;4136,38662;4160,23996;4198,57677;4273,37787;4304,44962;4295,40976;4242,24122;4209,77381;4207,92288;28,81238;34,25617;28,33406;9,84411;0,34166;DOWNTREND;;False;;0;8,13,21;HMA8:UP|HMA13:DOWN|HMA21:DOWN;1;2;False;True;8,13,21,34,188,233,377;;8,13,21,34,188,233,377;8,13,21,34,144;8,13,21,34,55,116,144,188,233,377;8,13,21,34,55,377;;34;;;False;UP;-18,08000;40.18%;DOWN;-20,46000;45.47%;DOWN;-23,62000;52.49%
2026-06-19 14:00:00;4149,59000;4179,05000;4159,89343;4139,88151;4134,04439;4151,30272;4187,93204;4263,41960;4297,61662;4292,19793;4241,08980;4208,61486;4206,07640;29,48292;34,27194;35,07125;25,84903;0,87675;UPTREND;REVERSAL_TO_HMA8;False;;0;8;HMA8:UP|HMA13:UP|HMA21:DOWN;2;1;True;False;;;;8,34;;8;8,34;;8,34;;False;UP;3,47000;7.71%;UP;-15,52000;34.49%;DOWN;-21,80000;48.44%
2026-06-19 16:00:00;4179,17000;4149,21000;4163,95872;4144,43512;4132,34995;4143,50178;4177,78938;4253,46892;4290,53841;4288,65168;4239,79566;4207,34247;4204,13341;30,25700;34,14501;37,12003;31,60877;1,04468;UPTREND;;False;;0;8;HMA8:UP|HMA13:UP|HMA21:DOWN;2;1;True;False;;;;8,34;8,34,55;8;;8,34,55;;8,34,55;True;UP;13,96000;31.02%;UP;-10,71000;23.81%;DOWN;-19,66000;43.68%
2026-06-19 18:00:00;4149,25000;4155,57000;4159,61396;4149,71960;4131,87178;4137,08207;4168,46930;4243,70266;4283,34694;4284,86786;4238,41964;4205,99958;4202,11859;29,06364;34,02714;35,64525;27,74219;0,95453;UPTREND;;False;;0;8;HMA8:DOWN|HMA13:UP|HMA21:DOWN;1;2;False;True;13;13;;8,13,34;8,34,55;8;13;;13;;False;DOWN;10,59000;23.54%;UP;-3,23000;7.18%;DOWN;-18,19000;40.42%
2026-06-22 00:00:00;4141,35000;4156,33000;4157,29235;4152,53628;4132,83856;4132,08003;4160,05721;4234,20913;4276,10503;4280,88735;4236,99610;4204,60831;4200,04721;28,38838;34,02946;39,46628;24,45379;0,86140;UPTREND;;False;;0;8;HMA8:DOWN|HMA13:UP|HMA21:UP;2;1;True;False;13;13;;8,13,34;8,34,55;8,13;13;;13;;False;DOWN;6,94000;15.41%;UP;3,23000;7.17%;UP;-16,01000;35.58%
2026-06-22 02:00:00;4156,14000;4200,78000;4171,56198;4163,62962;4139,66771;4130,94609;4153,61446;4225,63091;4269,29029;4277,03492;4235,74282;4203,32775;4198,00433;30,96207;32,06746;48,47694;31,89427;1,03011;UPTREND;ADVANCE_HMA377;False;;0;8;HMA8:UP|HMA13:UP|HMA21:UP;3;0;True;False;13,55,377;13,55,377;;8,13,34,55,377;8,34,55;8,13;8,13,55,377;;55,377;;False;UP;5,38000;11.96%;UP;8,43000;18.73%;UP;-11,26000;25.02%
2026-06-22 04:00:00;4200,82000;4188,43000;4187,50091;4175,71438;4149,50944;4132,07293;4148,56878;4217,75062;4262,78993;4273,24850;4234,60251;4202,12545;4195,97986;31,40835;30,04131;55,00228;37,99146;1,20960;UPTREND;;False;;0;8;HMA8:UP|HMA13:UP|HMA21:UP;3;0;True;False;13,55,377;13,55,377;;8,13,34,55,377;8,34,55,377;8,13;;377;;377;True;UP;10,61000;23.59%;UP;12,59000;27.97%;UP;-7,05000;15.68%
2026-06-22 06:00:00;4188,38000;4181,79000;4193,27633;4184,50887;4159,79023;4134,72400;4144,66960;4210,37802;4256,55030;4269,51143;4233,54283;4200,98308;4193,97040;30,54847;28,09997;55,11757;33,48610;1,09616;UPTREND;;False;;0;8;HMA8:UP|HMA13:UP|HMA21:UP;3;0;True;False;13,55,377;13,55,377;;8,13,34,55,377;8,13,34,55,377;8,13;;8,13;;8,13;True;UP;15,40000;34.23%;UP;13,68000;30.41%;UP;-2,22000;4.92%
2026-06-22 08:00:00;4181,60000;4197,49000;4198,32385;4192,72855;4170,39908;4139,25157;4142,12719;4203,67860;4250,68117;4265,93699;4232,63501;4199,95527;4192,00789;30,36215;26,50507;56,64617;27,92477;0,91972;UPTREND;ADVANCE_HMA377;False;;0;8;HMA8:UP|HMA13:UP|HMA21:UP;3;0;True;False;8,13,377;8,13,377;;8,13,34,55,377;8,13,34,55,377;8,13;8,13,377;;377;;False;UP;18,67000;41.48%;UP;14,85000;32.99%;UP;2,73000;6.07%
2026-06-22 10:00:00;4197,99000;4197,37000;4200,11572;4199,59975;4179,67766;4144,90781;4140,73750;4197,61183;4245,14303;4262,51764;4231,86963;4199,04066;4190,09676;29,12914;25,02408;55,69233;20,43806;0,70164;UPTREND;;False;;0;8;HMA8:UP|HMA13:UP|HMA21:UP;3;0;True;False;8,13,377;8,13,377;;8,13,34,55,377;8,13,34,55,89,377;8,13;;13,89;;13,89;True;UP;13,77000;30.6%;UP;15,93000;35.4%;UP;6,81000;15.13%
2026-06-22 12:00:00;4197,23000;4204,64000;4203,17711;4205,66145;4188,65329;4151,46886;4140,41079;4192,21067;4239,98771;4259,26465;4231,26386;4198,26293;4188,25408;28,34848;24,08462;55,29296;17,00815;0,59997;UPTREND;ADVANCE_HMA233;False;;0;8;HMA8:UP|HMA13:UP|HMA21:UP;3;0;True;False;8,13,89,233;8,13,89,233;;8,13,34,55,89,233,377;8,13,34,55,89,377;8,13;8,13,89,233;;89,233;;False;UP;7,87000;17.49%;UP;17,35000;38.55%;UP;10,45000;23.21%
2026-06-22 14:00:00;4204,65000;4193,31000;4202,53661;4206,45507;4195,47281;4158,09258;4140,62555;4187,27932;4235,06810;4256,07799;4230,73203;4197,58095;4186,46392;27,95645;23,04894;52,58433;10,98226;0,39283;UPTREND;;False;;0;8;HMA8:DOWN|HMA13:UP|HMA21:UP;2;1;True;False;8,13,89,233;8,13,89,233;;8,13,34,55,89,233,377;8,13,21,34,55,89,233,377;8,13;;8,21,233;;8,21,233;True;DOWN;4,73000;10.52%;UP;14,32000;31.83%;UP;12,39000;27.54%
2026-06-22 16:00:00;4193,44000;4198,20000;4200,19306;4205,93449;4200,86103;4164,90022;4141,37248;4182,82246;4230,42644;4252,98212;4230,27309;4197,00616;4184,73684;27,94742;21,67542;58,67575;5,74144;0,20544;UPTREND;;False;;0;8;HMA8:DOWN|HMA13:DOWN|HMA21:UP;1;2;False;True;8,13,21,89,233;8,13,21,89,233;;8,13,21,34,55,89,233,377;8,13,21,34,55,89,233,377;8,13;21,233;;21,233;;False;DOWN;0,96000;2.13%;DOWN;10,22000;22.7%;UP;13,77000;30.61%
2026-06-22 18:00:00;4198,42000;4189,76000;4195,80246;4202,97182;4203,76340;4171,09206;4142,45076;4178,66488;4225,94844;4249,90197;4229,83129;4196,49553;4183,06062;28,20332;20,40499;58,74646;7,96094;0,28227;DOWNTREND;REVERSAL_TO_HMA8;False;;0;8;HMA8:DOWN|HMA13:DOWN|HMA21:UP;1;2;False;True;;;;;8,233;8,233;;8,233;;8,233;False;DOWN;-2,19000;4.87%;DOWN;6,23000;13.84%;UP;14,30000;31.78%
2026-06-22 20:00:00;4189,87000;4191,23000;4191,50356;4199,30719;4204,61180;4176,71007;4143,91165;4174,77760;4221,62077;4246,84223;4229,39329;4196,04469;4181,43933;27,30879;19,22531;58,06061;13,10825;0,48000;DOWNTREND;;False;;0;8;HMA8:DOWN|HMA13:DOWN|HMA21:UP;1;2;False;True;;;;;8,233;8,233;;;;;False;DOWN;-6,10000;13.56%;DOWN;2,30000;5.11%;UP;14,73000;32.72%
2026-06-22 22:00:00;4191,43000;4192,21000;4190,11039;4195,61674;4203,96132;4181,60183;4145,71645;4171,18951;4217,41984;4243,78897;4228,95286;4195,65203;4179,87461;26,03888;18,08602;55,16595;13,85093;0,53193;DOWNTREND;;False;;0;8;HMA8:DOWN|HMA13:DOWN|HMA21:DOWN;0;3;False;True;;;;8;8,233;8,233;8;;8;;True;DOWN;-6,80000;15.12%;DOWN;-1,46000;3.25%;DOWN;13,87000;30.82%
2026-06-23 00:00:00;4191,51000;4189,89000;4189,27189;4192,34631;4202,22292;4185,68198;4147,78336;4167,86405;4213,32802;4240,71045;4228,47700;4195,30081;4178,36153;24,61896;16,98554;51,40082;12,95103;0,52606;DOWNTREND;;False;;0;8;HMA8:DOWN|HMA13:DOWN|HMA21:DOWN;0;3;False;True;8;;8;8;8,233;8,233;;8;;;False;DOWN;-6,33000;14.06%;DOWN;-5,15000;11.45%;DOWN;12,09000;26.86%
2026-06-23 02:00:00;4189,90000;4193,29000;4190,43328;4190,87697;4200,40572;4189,21265;4150,18132;4164,83288;4209,37135;4237,61189;4227,96140;4195,00009;4176,90002;24,07118;16,44892;51,79279;9,97244;0,41429;DOWNTREND;;False;;0;8;HMA8:UP|HMA13:DOWN|HMA21:DOWN;1;2;False;True;8;;8;8,13;8,233;8,233;8,13;;8,13;;True;UP;-3,19000;7.09%;DOWN;-6,16000;13.68%;DOWN;9,58000;21.28%
2026-06-23 04:00:00;4193,31000;4146,90000;4174,31815;4180,74557;4193,46674;4189,63543;4151,66554;4161,47938;4205,10913;4234,20592;4227,17956;4194,59207;4175,41236;26,05752;17,19525;55,32405;19,14859;0,73486;DOWNTREND;ADVANCE_HMA55;False;;0;8;HMA8:DOWN|HMA13:DOWN|HMA21:DOWN;0;3;False;True;13,34,55,89,377;;13,34,55,89,377;8,13;8,13,34,55,89,233,377;8,13,89,233,377;;8,13,34,55,89,377;;13,34,55,89,377;False;DOWN;-9,36000;20.81%;DOWN;-9,15000;20.34%;DOWN;5,06000;11.24%
2026-06-23 06:00:00;4147,02000;4118,09000;4142,73976;4160,63614;4180,39411;4186,10713;4151,61119;4157,50935;4200,32904;4230,34652;4226,01878;4193,98807;4173,85476;26,69341;18,78806;43,39107;37,65435;1,41062;DOWNTREND;;False;;0;8;HMA8:DOWN|HMA13:DOWN|HMA21:DOWN;0;3;False;True;8,13,34,55,89,377;;8,13,34,55,89,377;8,13;8,13,34,55,89,233,377;8,13,89,233,377;;8;;;False;DOWN;-23,92000;53.17%;DOWN;-14,81000;32.9%;DOWN;0,15000;0.34%
2026-06-23 08:00:00;4118,07000;4114,30000;4115,06333;4136,81086;4163,72017;4179,43070;4150,23443;4153,02239;4195,08104;4226,06029;4224,48781;4193,18671;4172,22416;26,72103;20,37231;42,69954;48,65683;1,82092;DOWNTREND;;False;;0;8;HMA8:DOWN|HMA13:DOWN|HMA21:DOWN;0;3;False;True;8,13,34,55,89,377;;8,13,34,55,89,377;8,13;8,13,34,55,89,233,377;8,13,89,233,377;;8;;;False;DOWN;-34,77000;77.27%;DOWN;-21,30000;47.32%;DOWN;-5,33000;11.85%
2026-06-23 10:00:00;4114,33000;4105,28000;4095,95243;4114,47914;4145,31305;4170,14861;4147,58953;4148,03747;4189,37650;4221,35476;4222,57193;4192,18066;4170,51210;27,23310;22,29254;37,89001;49,36063;1,81252;DOWNTREND;;False;;0;8;HMA8:DOWN|HMA13:DOWN|HMA21:DOWN;0;3;False;True;8,13,34,55,89,377;;8,13,34,55,89,377;8,13;8,13,34,55,89,233,377;8,13,89,233,377;;8;;;False;DOWN;-40,94000;90.97%;DOWN;-26,41000;58.68%;DOWN;-10,44000;23.19%
2026-06-23 12:00:00;4105,25000;4119,70000;4095,09141;4100,51480;4129,61066;4160,16616;4144,42028;4142,90423;4183,44588;4216,38861;4220,37050;4191,03708;4168,74555;27,37859;23,57384;38,03900;34,51925;1,26081;DOWNTREND;;False;;0;8;HMA8:DOWN|HMA13:DOWN|HMA21:DOWN;0;3;False;True;8,13,34,55,89,377;;8,13,34,55,89,377;8,13;8,13,34,55,89,233,377;8,13,89,233,377;13;;13;;True;DOWN;-35,88000;79.74%;DOWN;-29,21000;64.9%;DOWN;-14,59000;32.42%
2026-06-23 14:00:00;4119,90000;4113,22000;4101,89872;4093,01266;4116,61262;4150,20933;4140,81437;4137,65361;4177,31546;4211,17879;4217,88378;4189,74933;4166,91702;26,84940;24,76362;38,79940;23,59997;0,87898;DOWNTREND;;False;;0;8;HMA8:UP|HMA13:DOWN|HMA21:DOWN;1;2;False;True;8,13,21,34,55,89,377;;8,13,21,34,55,89,377;8,13;8,13,21,34,55,89,233,377;8,13,21,89,233,377;;21;;21;False;UP;-20,82000;46.27%;DOWN;-31,28000;69.51%;DOWN;-17,98000;39.96%
2026-06-23 16:00:00;4113,20000;4130,03000;4114,27057;4095,68219;4108,19561;4141,71587;4137,48930;4132,64301;4171,22674;4205,88821;4215,22134;4188,38840;4165,05692;27,72016;25,10640;41,01692;18,58838;0,67057;UPTREND;REVERSAL_TO_HMA8;False;;2;8,21;HMA8:UP|HMA13:UP|HMA21:DOWN;2;1;True;False;;;;8,21;;8;8,21;;8,21;;False;UP;-0,41000;0.91%;UP;-27,09000;60.19%;DOWN;-19,18000;42.62%
2026-06-23 18:00:00;4130,38000;4134,29000;4127,90822;4104,83770;4104,11310;4134,79400;4134,69090;4128,00207;4165,27931;4200,59123;4212,42496;4186,98151;4163,17797;27,18943;25,42470;42,09815;23,79512;0,87516;UPTREND;ADVANCE_HMA89;False;;1;8,21;HMA8:UP|HMA13:UP|HMA21:DOWN;2;1;True;False;89;89;;8,21,89;;8;89;;89;;False;UP;16,37000;36.39%;UP;-18,88000;41.96%;DOWN;-20,16000;44.81%
2026-06-23 20:00:00;4134,18000;4117,71000;4129,41643;4112,53434;4101,53462;4128,36080;4131,94979;4123,56080;4159,37937;4195,22399;4209,44306;4185,48921;4161,25834;27,17519;26,07132;45,13277;27,88181;1,02600;UPTREND;;False;;0;8,21;HMA8:UP|HMA13:UP|HMA21:DOWN;2;1;True;False;89;89;;8,21,89;8,34,55,89;8;;8,34,55,89;;8,34,55,89;False;UP;17,52000;38.94%;UP;-8,47000;18.82%;DOWN;-20,33000;45.18%
2026-06-23 22:00:00;4118,11000;4109,65000;4121,87133;4115,28478;4099,60615;4121,91728;4129,03652;4119,30399;4153,52609;4189,78687;4206,27128;4183,90028;4159,29073;26,56196;26,83849;44,72829;22,26519;0,83824;DOWNTREND;REVERSAL_TO_HMA13;False;;0;13;HMA8:DOWN|HMA13:UP|HMA21:DOWN;1;2;False;True;;;;;13;;;13;;13;False;DOWN;10,65000;23.66%;UP;0,29000;0.64%;DOWN;-20,78000;46.18%
2026-06-24 00:00:00;4108,68000;4104,24000;4110,87219;4113,13752;4098,01320;4115,39395;4125,80264;4115,21523;4147,75193;4184,29861;4202,92364;4182,21434;4157,27404;25,94682;27,86802;44,97306;15,12432;0,58290;DOWNTREND;;False;;0;13;HMA8:DOWN|HMA13:DOWN|HMA21:DOWN;0;3;False;True;;;;;13;;;;;;False;DOWN;-1,88000;4.17%;DOWN;4,64000;10.3%;DOWN;-20,20000;44.88%
2026-06-24 02:00:00;4104,24000;4097,22000;4099,53933;4107,76659;4096,27043;4108,57624;4122,09837;4111,22328;4142,03773;4178,76666;4199,41048;4180,42408;4155,20515;26,31991;29,26425;43,84651;11,49616;0,43679;DOWNTREND;ADVANCE_HMA21;False;;0;13;HMA8:DOWN|HMA13:DOWN|HMA21:DOWN;0;3;False;True;8,21;;8,21;;8,13,21;8,21;;8,21;;8,21;False;DOWN;-15,08000;33.51%;DOWN;5,34000;11.86%;DOWN;-17,72000;39.39%
2026-06-24 04:00:00;4097,20000;4061,12000;4079,36889;4093,47317;4090,76140;4099,95370;4117,05013;4106,87986;4136,07624;4173,01717;4195,60947;4178,43123;4153,03642;28,01920;31,18868;39,77476;14,10428;0,50338;DOWNTREND;;False;;0;13;HMA8:DOWN|HMA13:DOWN|HMA21:DOWN;0;3;False;True;8,13,21;;8,13,21;;8,13,21;8,13,21;;8,13,21;;13;False;DOWN;-24,06000;53.47%;DOWN;-0,75000;1.67%;DOWN;-14,60000;32.43%
2026-06-24 06:00:00;4061,12000;4064,41000;4062,37033;4077,03416;4083,27539;4090,68956;4111,00807;4102,31261;4129,95678;4167,12170;4191,58896;4176,27413;4150,78526;27,46354;33,00958;39,62138;20,90505;0,76119;DOWNTREND;;False;;0;13;HMA8:DOWN|HMA13:DOWN|HMA21:DOWN;0;3;False;True;8,13,21;;8,13,21;8;8,13,21;8,13,21;8;;8;;True;DOWN;-28,44000;63.2%;DOWN;-9,58000;21.28%;DOWN;-12,73000;28.29%
2026-06-24 08:00:00;4064,30000;4087,04000;4063,08052;4067,99797;4077,30811;4082,76116;4104,88319;4097,90531;4123,93339;4161,25588;4187,48582;4174,05039;4148,49970;28,12615;32,99510;53,39112;14,22760;0,50585;DOWNTREND;;False;;0;13;HMA8:UP|HMA13:DOWN|HMA21:DOWN;1;2;False;True;8,13,21;;8,13,21;8,13,21,34;8,13,21;8,13,21;13,21,34;;13,21,34;;True;UP;-23,02000;51.15%;DOWN;-14,78000;32.85%;DOWN;-10,53000;23.41%
2026-06-24 10:00:00;4086,37000;4076,24000;4068,05035;4064,17322;4072,06517;4075,82915;4098,63625;4093,54104;4117,94026;4155,36786;4183,26594;4171,74596;4146,17192;27,37571;32,98165;53,79285;7,89195;0,28828;DOWNTREND;;False;;0;13;HMA8:UP|HMA13:DOWN|HMA21:DOWN;1;2;False;True;8,13,21,34;;8,13,21,34;8,13,21,34;8,13,21,34;8,13,21,34;;21,34;;34;False;UP;-16,04000;35.65%;DOWN;-17,28000;38.41%;DOWN;-9,24000;20.54%
2026-06-24 12:00:00;4076,25000;4055,63000;4065,47246;4059,20548;4065,86952;4069,07946;4091,91967;4089,01672;4111,82581;4149,34603;4178,85587;4169,30718;4143,77937;27,17244;33,48850;53,54361;6,66405;0,24525;DOWNTREND;;False;;0;13;HMA8:DOWN|HMA13:DOWN|HMA21:DOWN;0;3;False;True;8,13,21,34;;8,13,21,34;8,13,21,34;8,13,21,34;8,13,21,34;;8,13,21,34;;;False;DOWN;-7,29000;16.19%;DOWN;-18,30000;40.68%;DOWN;-8,85000;19.67%
2026-06-24 14:00:00;4055,44000;3987,76000;4033,22626;4039,37159;4051,94008;4059,32837;4083,17030;4083,54513;4105,04281;4142,80121;4173,97324;4166,52732;4141,22631;30,29298;35,22975;37,64717;18,71382;0,61776;DOWNTREND;;False;;0;13;HMA8:DOWN|HMA13:DOWN|HMA21:DOWN;0;3;False;True;8,13,21,34;;8,13,21,34;8,13,21,34;8,13,21,34;8,13,21,34;;8,13,21;;;False;DOWN;-13,52000;30.05%;DOWN;-20,62000;45.82%;DOWN;-9,77000;21.72%
2026-06-24 16:00:00;3987,68000;4007,97000;4003,44735;4019,00991;4035,89620;4048,59578;4073,52034;4077,59412;4097,93372;4135,94101;4168,76270;4163,49806;4138,56277;33,66777;37,14593;36,52118;32,44885;0,96380;DOWNTREND;;False;;0;13;HMA8:DOWN|HMA13:DOWN|HMA21:DOWN;0;3;False;True;8,13,21,34;;8,13,21,34;8,13,21,34;8,13,21,34;8,13,21,34;8;;8;;True;DOWN;-23,88000;53.08%;DOWN;-20,23000;44.97%;DOWN;-11,03000;24.52%
2026-06-24 18:00:00;4008,54000;4006,57000;3989,76276;4002,01245;4020,20714;4037,32266;4063,37632;4071,29112;4090,60402;4128,83149;4163,26096;4160,23469;4135,80272;33,15793;38,92524;37,04459;30,44438;0,91816;DOWNTREND;;False;;0;13;HMA8:DOWN|HMA13:DOWN|HMA21:DOWN;0;3;False;True;8,13,21,34;;8,13,21,34;8,13,21,34;8,13,21,34;8,13,21,34;;13;;;False;DOWN;-30,55000;67.89%;DOWN;-20,66000;45.91%;DOWN;-13,47000;29.93%
2026-06-24 20:00:00;4006,62000;3981,36000;3978,08859;3985,72993;4004,14650;4024,91302;4052,35831;4064,43532;4082,93531;4121,39052;4157,40359;4156,67895;4132,91855;34,51593;40,99608;37,04654;26,05791;0,75495;DOWNTREND;;False;;0;13;HMA8:DOWN|HMA13:DOWN|HMA21:DOWN;0;3;False;True;8,13,21,34;;8,13,21,34;8,13,21,34;8,13,21,34;8,13,21,34;;8,13,21;;;False;DOWN;-32,33000;71.85%;DOWN;-21,67000;48.15%;DOWN;-15,21000;33.81%
2026-06-24 22:00:00;3981,86000;4001,01000;3981,35900;3976,18365;3992,03183;4013,46159;4041,38487;4057,46107;4075,22785;4113,82126;4151,33861;4152,92049;4129,95375;34,13551;42,91900;38,57260;15,84818;0,46427;DOWNTREND;;False;;0;13;HMA8:UP|HMA13:DOWN|HMA21:DOWN;1;2;False;True;8,13,21,34;;8,13,21,34;8,13,21,34;8,13,21,34;8,13,21,34;13,21;;13,21;;True;UP;-20,80000;46.22%;DOWN;-23,25000;51.66%;DOWN;-16,98000;37.74%
2026-06-25 00:00:00;4003,14000;3996,30000;3987,87170;3973,06240;3982,72012;4003,24316;4030,69543;4050,38345;4067,52054;4106,15754;4145,08954;4148,97089;4126,91093;32,83512;44,36341;40,71215;14,80930;0,45102;DOWNTREND;;False;;0;13;HMA8:UP|HMA13:DOWN|HMA21:DOWN;1;2;False;True;8,13,21,34;;8,13,21,34;8,13,21,34;8,13,21,34;8,13,21,34;;;;;False;UP;-6,76000;15.03%;DOWN;-23,62000;52.48%;DOWN;-18,21000;40.47%
2026-06-25 02:00:00;3996,38000;3991,37000;3989,98359;3975,17602;3975,46719;3993,85028;4020,47939;4043,22465;4059,82406;4098,43079;4138,68151;4144,84301;4123,79197;33,36546;45,88534;44,95517;14,80757;0,44380;DOWNTREND;;False;;0;13;HMA8:UP|HMA13:UP|HMA21:DOWN;2;1;True;False;8,13,21,34;;8,13,21,34;8,13,21,34;8,13,21,34;8,13,21,34;;34;;;False;UP;0,09000;0.21%;UP;-17,78000;39.51%;DOWN;-17,91000;39.79%
2026-06-25 04:00:00;3991,66000;3983,28000;3988,42267;3976,17197;3969,53434;3985,11084;4010,77658;4035,98880;4052,13676;4090,65009;4132,12527;4140,53769;4120,59519;34,01007;47,47375;47,44957;18,88832;0,55537;DOWNTREND;;False;;0;13;HMA8:DOWN|HMA13:UP|HMA21:DOWN;1;2;False;True;8,13,21,34;;8,13,21,34;8,13,21,34;8,13,21,34;8,13,21,34;;8,34;;;False;DOWN;4,34000;9.65%;UP;-11,86000;26.35%;DOWN;-17,58000;39.07%
2026-06-25 06:00:00;3982,87000;3996,00000;3988,83491;3979,14154;3966,51766;3978,09259;4001,95893;4028,96733;4044,67763;4082,94134;4125,52775;4136,12309;4117,35201;34,07364;48,94870;50,21802;22,31725;0,65497;UPTREND;REVERSAL_TO_HMA8;False;;0;8;HMA8:UP|HMA13:UP|HMA21:DOWN;2;1;True;False;;;;8,34;;8;8,34;;8,34;;False;UP;3,14000;6.98%;UP;-6,38000;14.18%;DOWN;-17,21000;38.25%
2026-06-25 08:00:00;3996,00000;3977,29000;3984,51280;3979,58907;3964,45905;3971,56550;3993,56900;4021,98855;4037,35156;4075,22533;4118,83569;4131,56182;4114,04396;33,49195;50,31830;49,74040;20,05375;0,59876;DOWNTREND;REVERSAL_TO_HMA13;False;;2;8,13;HMA8:DOWN|HMA13:UP|HMA21:DOWN;1;2;False;True;;;;;8,13,34,55;8,34,55;;8,13,34,55;;8,13,34,55;False;DOWN;-1,44000;3.19%;UP;-1,75000;3.89%;DOWN;-16,85000;37.44%
2026-06-25 10:00:00;3977,46000;3989,17000;3983,54009;3980,81339;3965,11899;3966,44165;3986,06195;4015,21764;4030,34351;4067,63781;4112,13982;4126,91789;4110,70334;33,28396;51,62489;50,49390;18,42110;0,55345;DOWNTREND;;False;;1;8,13;HMA8:DOWN|HMA13:UP|HMA21:UP;2;1;True;False;;;;8,13,55;8,13,34,55;8,13,34,55;8,13,55;;8,13,55;;False;DOWN;-2,77000;6.16%;UP;1,33000;2.95%;UP;-14,62000;32.49%
2026-06-25 12:00:00;3989,29000;3984,28000;3983,92620;3981,23524;3966,75846;3962,45665;3979,22259;4008,61988;4023,59885;4060,19405;4105,45908;4122,19061;4107,33326;32,06724;52,83814;50,88720;17,16774;0,53537;DOWNTREND;;False;;0;8,13;HMA8:UP|HMA13:UP|HMA21:UP;3;0;True;False;55;;55;8,13,55;8,13,34,55;8,13,34,55;;55;;;False;UP;-2,01000;4.46%;UP;2,43000;5.41%;UP;-12,17000;27.04%
2026-06-25 14:00:00;3984,52000;4012,29000;3994,06587;3987,79875;3971,76800;3961,14418;3973,79255;4002,59609;4017,38949;4053,10894;4098,95785;4117,48652;4103,98872;33,03744;52,42233;56,42115;22,29787;0,67493;UPTREND;REVERSAL_TO_HMA89;False;;2;8,13;HMA8:UP|HMA13:UP|HMA21:UP;3;0;True;False;;;;8,13,89;;8,13;8,13,89;;8,89;;False;UP;2,27000;5.04%;UP;3,64000;8.1%;UP;-8,34000;18.54%
2026-06-25 16:00:00;4012,62000;4011,96000;4007,47020;3996,76279;3978,98224;3961,84734;3969,60206;3997,08453;4011,69308;4046,36394;4092,65428;4112,81959;4100,67644;33,17048;51,13197;64,29940;28,48797;0,85883;UPTREND;;False;;1;8,13;HMA8:UP|HMA13:UP|HMA21:UP;3;0;True;False;116;116;;8,13,89,116;;8,13;116;;116;;False;UP;9,82000;21.81%;UP;5,91000;13.13%;UP;-4,34000;9.64%
2026-06-25 18:00:00;4011,99000;4028,68000;4021,93706;4009,23000;3988,55067;3965,09074;3966,92518;3992,28390;4006,62311;4040,05993;4086,61954;4108,25924;4097,42964;33,58616;49,36523;67,97034;33,38639;0,99405;UPTREND;;False;;0;8,13;HMA8:UP|HMA13:UP|HMA21:UP;3;0;True;False;8,116;8,116;;8,13,89,116;;8,13;8;;;;False;UP;15,95000;35.45%;UP;8,49000;18.87%;UP;-0,59000;1.32%
2026-06-25 20:00:00;4028,67000;4034,64000;4035,17635;4022,66368;3999,77752;3970,50942;3965,67001;3988,23180;4002,18678;4034,21920;4080,87479;4103,83355;4094,25983;32,46358;47,71723;63,20939;35,39883;1,09042;UPTREND;;False;;0;8,13;HMA8:UP|HMA13:UP|HMA21:UP;3;0;True;False;8,116,144;8,116,144;;8,13,89,116,144;;8,13;8,144;;144;;False;UP;21,54000;47.86%;UP;12,47000;27.71%;UP;3,01000;6.68%
2026-06-25 22:00:00;4034,64000;4026,66000;4038,43763;4032,48384;4010,08489;3977,02547;3965,40424;3984,75658;3998,25241;4028,76136;4075,37396;4099,51078;4091,15631;31,70475;46,34087;62,81376;28,35274;0,89427;UPTREND;;False;;0;8,13;HMA8:UP|HMA13:UP|HMA21:UP;3;0;True;False;8,116,144;8,116,144;;8,13,89,116,144;13,144;8,13;;13,144;;13,144;True;UP;19,28000;42.85%;UP;15,20000;33.77%;UP;6,23000;13.85%
2026-06-26 00:00:00;4023,64000;4026,30000;4035,79335;4037,77762;4018,98843;3984,01140;3965,91175;3981,78694;3994,76385;4023,67212;4070,09824;4095,28850;4088,12313;30,62870;45,13812;61,67982;18,78919;0,61345;UPTREND;;False;;0;8,13;HMA8:DOWN|HMA13:UP|HMA21:UP;2;1;True;False;8,116,144;8,116,144;;8,13,89,116,144;13,144;8,13;144;;144;;False;DOWN;13,02000;28.93%;UP;17,10000;38.0%;UP;9,17000;20.38%
2026-06-26 02:00:00;4026,24000;4020,29000;4029,08626;4037,41698;4025,34634;3990,64059;3966,90473;3979,20098;3991,60922;4018,89039;4065,01003;4091,14505;4085,15482;29,78093;44,32047;60,70658;12,07064;0,40531;DOWNTREND;REVERSAL_TO_HMA21;False;;0;21;HMA8:DOWN|HMA13:DOWN|HMA21:UP;1;2;False;True;;;;;21,144;144;;21,144;;21,144;False;DOWN;3,43000;7.63%;DOWN;15,52000;34.49%;UP;11,17000;24.83%
2026-06-26 04:00:00;4020,69000;3990,65000;4010,99756;4027,81805;4026,30110;3995,04539;3967,45376;3976,54473;3988,47685;4014,20465;4059,96617;4086,97892;4082,20732;30,98515;44,41124;63,50349;16,82050;0,54286;DOWNTREND;;False;;0;21;HMA8:DOWN|HMA13:DOWN|HMA21:UP;1;2;False;True;8,34,116,144;;8,34,116,144;;8,21,34,116,144;8,116,144;;8,34,116,144;;8,34,116;False;DOWN;-11,04000;24.53%;DOWN;9,48000;21.07%;UP;11,29000;25.08%
2026-06-26 06:00:00;3990,47000;4011,28000;4001,97756;4018,20031;4025,56036;3998,79047;3968,22121;3974,10878;3985,53466;4009,73716;4055,06011;4082,86058;4079,31333;30,82336;44,49553;62,47655;23,58281;0,76510;DOWNTREND;;False;;0;21;HMA8:DOWN|HMA13:DOWN|HMA21:DOWN;0;3;False;True;8,34,116,144;;8,34,116,144;8,34,144;8,21,34,116,144;8,116,144;8,34,144;;8,34,144;;True;DOWN;-16,47000;36.61%;DOWN;2,78000;6.17%;DOWN;11,09000;24.65%
2026-06-26 08:00:00;4011,64000;4032,11000;4009,97776;4015,44938;4025,93658;4003,13941;3969,76276;3972,13727;3982,93210;4005,61093;4050,37525;4078,85612;4076,50556;30,58526;43,37342;62,47412;15,95882;0,52178;UPTREND;REVERSAL_TO_HMA21;False;;2;13,21;HMA8:UP|HMA13:DOWN|HMA21:UP;2;1;True;False;;;;13,21;;21;13,21;;13,21;;False;UP;-11,92000;26.48%;DOWN;-2,25000;5.0%;UP;10,95000;24.33%
2026-06-26 10:00:00;4032,00000;4030,86000;4022,12265;4018,19065;4026,99141;4007,87767;3971,98745;3970,58354;3980,59613;4001,78806;4045,89173;4074,95415;4073,77976;29,39845;41,92974;63,08171;8,80077;0,29936;UPTREND;;False;;1;13,21;HMA8:UP|HMA13:UP|HMA21:UP;3;0;True;False;;;;13,21;;21;;;;;False;UP;-3,39000;7.53%;UP;-4,63000;10.29%;UP;10,64000;23.64%
2026-06-26 12:00:00;4030,87000;4054,66000;4041,62448;4027,97560;4031,25967;4014,21027;3975,46562;3969,73245;3978,72046;3998,39670;4041,69795;4071,22131;4071,16979;29,11071;39,72199;57,77429;13,64888;0,46886;UPTREND;ADVANCE_HMA188;False;;0;13,21;HMA8:UP|HMA13:UP|HMA21:UP;3;0;True;False;8,188;8,188;;8,13,21,188;;8,21;8,21,188;;8,188;;False;UP;14,74000;32.75%;UP;-3,21000;7.14%;UP;10,18000;22.62%
2026-06-26 14:00:00;4054,79000;4059,01000;4058,53717;4041,18195;4037,32992;4021,81486;3980,10895;3969,59093;3977,29070;3995,42356;4037,78978;4067,65912;4068,67765;28,86351;37,32569;55,33018;21,20724;0,73474;UPTREND;;False;;0;13,21;HMA8:UP|HMA13:UP|HMA21:UP;3;0;True;False;8,188;8,188;;8,13,21,188;;8,21;8;;;;False;UP;26,10000;58.0%;UP;1,25000;2.77%;UP;9,59000;21.32%
2026-06-26 16:00:00;4059,65000;4080,48000;4074,71067;4059,24827;4046,38233;4030,92485;3986,31102;3970,39670;3976,46987;3992,97184;4034,23716;4064,31918;4066,33194;30,35041;35,61687;46,93742;28,32834;0,93338;UPTREND;ADVANCE_HMA377;False;;0;13,21;HMA8:UP|HMA13:UP|HMA21:UP;3;0;True;False;8,233,377;8,233,377;;8,13,21,188,233,377;;8,21;8,233,377;;233,377;;False;UP;28,07000;62.37%;UP;9,79000;21.76%;UP;8,73000;19.4%
2026-06-26 18:00:00;4080,47000;4085,07000;4088,45867;4076,48737;4057,49275;4040,89316;3993,87674;3972,11105;3976,24220;3991,02401;4031,03342;4061,19609;4064,13199;29,62681;34,14382;46,64150;30,96592;1,04520;UPTREND;;False;;0;13,21;HMA8:UP|HMA13:UP|HMA21:UP;3;0;True;False;8,233,377;8,233,377;;8,13,21,188,233,377;;8,21;8;;;;False;UP;29,24000;64.97%;UP;18,15000;40.34%;UP;9,09000;20.2%
2026-06-26 20:00:00;4085,09000;4067,26000;4087,47915;4085,90753;4066,94497;4049,96563;4001,86851;3974,39108;3976,37648;3989,42762;4028,07059;4058,21059;4062,04055;29,01203;32,32625;45,25655;20,53417;0,70778;UPTREND;;False;;0;13,21;HMA8:DOWN|HMA13:UP|HMA21:UP;2;1;True;False;8,233,377;8,233,377;;8,13,21,188,233,377;13;8,21;;13;;13;True;DOWN;21,56000;47.91%;UP;22,04000;48.97%;UP;9,39000;20.86%
2026-06-26 22:00:00;4067,29000;4088,42000;4087,94459;4092,80800;4076,75675;4058,89689;4010,49794;3977,42123;3977,02077;3988,29246;4025,42944;4055,42102;4060,08487;28,78975;30,51052;43,90235;16,05124;0,55753;UPTREND;;False;;0;13,21;HMA8:UP|HMA13:UP|HMA21:UP;3;0;True;False;8,13,21,233,377;8,13,21,233,377;;8,13,21,188,233,377;13;8,13,21;8,13,21;;13;;False;UP;14,33000;31.83%;UP;23,36000;51.92%;UP;10,12000;22.5%
2026-06-29 00:00:00;4081,39000;4066,36000;4081,36465;4092,27465;4083,40956;4066,02751;4018,84937;3980,71900;3977,90706;3987,43536;4022,98950;4052,74187;4058,21999;29,24048;28,40913;45,67496;10,91000;0,37311;DOWNTREND;REVERSAL_TO_HMA8;False;;2;8,21;HMA8:DOWN|HMA13:DOWN|HMA21:UP;1;2;False;True;;;;;8,21;8;;8,21;;8,21;False;DOWN;3,26000;7.24%;DOWN;20,13000;44.73%;UP;11,05000;24.56%
2026-06-29 02:00:00;4066,32000;4069,49000;4073,01226;4088,31543;4087,27511;4071,62902;4026,81187;3984,21524;3978,99439;3986,84761;4020,75045;4050,17857;4056,44384;29,01044;26,71052;46,09278;15,30317;0,52751;DOWNTREND;;False;;1;8,21;HMA8:DOWN|HMA13:DOWN|HMA21:UP;1;2;False;True;;;;34;8,21;8;34;;34;;False;DOWN;-7,58000;16.85%;DOWN;15,15000;33.67%;UP;12,01000;26.69%
2026-06-29 04:00:00;4069,41000;4066,42000;4068,13133;4081,26687;4088,49353;4075,79055;4034,16672;3987,78500;3980,20034;3986,47633;4018,68280;4047,71692;4054,74391;28,41756;25,11439;46,49523;20,36219;0,71654;DOWNTREND;;False;;0;8,21;HMA8:DOWN|HMA13:DOWN|HMA21:UP;1;2;False;True;8;;8;34;8,21;8;;8;;;False;DOWN;-9,66000;21.47%;DOWN;7,36000;16.35%;UP;12,41000;27.59%
2026-06-29 06:00:00;4066,46000;4052,27000;4058,93491;4071,60667;4085,91372;4078,11943;4040,47747;3991,17068;3981,36702;3986,18602;4016,70595;4045,30537;4053,09284;28,24273;23,85196;47,19783;26,97881;0,95525;DOWNTREND;;False;;0;8,21;HMA8:DOWN|HMA13:DOWN|HMA21:DOWN;0;3;False;True;8,377;;8,377;34;8,21,377;8,377;;8,377;;377;False;DOWN;-14,40000;32.0%;DOWN;-1,65000;3.67%;DOWN;11,78000;26.19%
2026-06-29 08:00:00;4052,24000;4062,25000;4055,71752;4064,27287;4082,12680;4079,53478;4046,11804;3994,49898;3982,57261;3986,01171;4014,84310;4042,97410;4051,50304;28,04611;23,20186;46,32620;26,40928;0,94164;DOWNTREND;;False;;0;8,21;HMA8:DOWN|HMA13:DOWN|HMA21:DOWN;0;3;False;True;8,377;;8,377;8,34,377;8,21,377;8,377;8,377;;8,377;;True;DOWN;-12,88000;28.62%;DOWN;-7,33000;16.28%;DOWN;10,28000;22.84%
2026-06-29 10:00:00;4062,32000;4046,99000;4051,10228;4056,17734;4076,11259;4079,57464;4050,75932;3997,55775;3983,67513;3985,83366;4013,00744;4040,66840;4049,94739;27,81210;22,35838;53,17908;25,01031;0,89926;DOWNTREND;;False;;0;8,21;HMA8:DOWN|HMA13:DOWN|HMA21:DOWN;0;3;False;True;8,13,55,377;;8,13,55,377;8,34,377;8,13,21,55,377;8,13,377;;8,13,55,377;;13,55;False;DOWN;-11,14000;24.76%;DOWN;-12,38000;27.51%;DOWN;7,94000;17.64%
2026-06-29 12:00:00;4047,04000;4036,85000;4042,04231;4047,47568;4067,93152;4078,01684;4054,21472;4000,27134;3984,59732;3985,56869;4011,14879;4038,34745;4048,40813;27,98909;22,45687;62,56990;25,88921;0,92497;DOWNTREND;;False;;0;8,21;HMA8:DOWN|HMA13:DOWN|HMA21:DOWN;0;3;False;True;8,13,55,233,377;;8,13,55,233,377;8,34,377;8,13,21,55,233,377;8,13,233,377;;8,233;;233;False;DOWN;-13,12000;29.15%;DOWN;-14,94000;33.19%;DOWN;4,40000;9.78%
2026-06-29 14:00:00;4037,37000;4043,60000;4038,15639;4040,66264;4059,86202;4075,68055;4056,89598;4002,81037;3985,44934;3985,26327;4009,29740;4036,03148;4046,89424;27,76844;22,54833;63,67257;21,70563;0,78167;DOWNTREND;;False;;0;8,21;HMA8:DOWN|HMA13:DOWN|HMA21:DOWN;0;3;False;True;8,13,55,233,377;;8,13,55,233,377;8,13,34,233,377;8,13,21,55,233,377;8,13,233,377;8,13,233;;8,13,233;;True;DOWN;-10,60000;23.55%;DOWN;-15,96000;35.47%;DOWN;0,49000;1.09%
2026-06-29 16:00:00;4043,99000;4025,58000;4030,64519;4033,04389;4050,62676;4071,72146;4058,40250;4004,97376;3986,10694;3984,80964;4007,37789;4033,66314;4045,37447;29,44427;23,66019;54,95513;19,98158;0,67862;DOWNTREND;;False;;0;8,21;HMA8:DOWN|HMA13:DOWN|HMA21:DOWN;0;3;False;True;8,13,55,233,377;;8,13,55,233,377;8,13,34,233,377;8,13,21,55,233,377;8,13,233,377;;8,13,233;;;False;DOWN;-12,02000;26.71%;DOWN;-15,27000;33.93%;DOWN;-3,17000;7.05%
2026-06-29 18:00:00;4025,60000;4023,79000;4023,27113;4025,97129;4041,26518;4066,41017;4058,88698;4006,83740;3986,59854;3984,22334;4005,39753;4031,24048;4043,84440;28,31111;24,69263;53,81425;17,99405;0,63558;DOWNTREND;;False;;0;8,21;HMA8:DOWN|HMA13:DOWN|HMA21:DOWN;0;3;False;True;8,13,55,233,377;;8,13,55,233,377;8,13,34,233,377;8,13,21,55,233,377;8,13,233,377;;8;;;False;DOWN;-13,81000;30.68%;DOWN;-15,04000;33.42%;DOWN;-7,15000;15.88%
2026-06-29 20:00:00;4023,85000;4013,33000;4015,83741;4017,72386;4031,67781;4059,74576;4058,25916;4008,32725;3986,89337;3983,47280;4003,33343;4028,73830;4042,28369;27,72031;25,81595;50,85762;15,84040;0,57144;DOWNTREND;;False;;0;8,21;HMA8:DOWN|HMA13:DOWN|HMA21:DOWN;0;3;False;True;8,13,55,233,377;;8,13,55,233,377;8,13,34,233,377;8,13,21,55,233,377;8,13,233,377;;8,13;;;False;DOWN;-13,30000;29.55%;DOWN;-15,64000;34.75%;DOWN;-10,57000;23.49%
2026-06-29 22:00:00;4013,34000;4016,22000;4010,77872;4011,69242;4022,87875;4052,40590;4056,82109;4009,55526;3987,07342;3982,60457;4001,22352;4026,17730;4040,69592;26,74958;27,08343;52,46139;12,10003;0,45234;DOWNTREND;;False;;0;8,21;HMA8:DOWN|HMA13:DOWN|HMA21:DOWN;0;3;False;True;8,13,55,233,377;;8,13,55,233,377;8,13,34,233,377;8,13,21,55,233,377;8,13,233,377;8,13;;8,13;;True;DOWN;-14,35000;31.89%;DOWN;-15,49000;34.43%;DOWN;-13,54000;30.08%
2026-06-30 00:00:00;4017,92000;4014,11000;4009,52339;4007,69782;4015,47414;4044,71665;4054,75353;4010,55838;3987,17374;3981,64406;3999,07366;4023,56590;4039,07858;25,73675;28,02407;51,55921;7,77632;0,30215;DOWNTREND;;False;;0;8,21;HMA8:DOWN|HMA13:DOWN|HMA21:DOWN;0;3;False;True;8,13,21,55,233,377;;8,13,21,55,233,377;8,13,34,233,377;8,13,21,55,233,377;8,13,21,233,377;;21;;21;False;DOWN;-11,59000;25.77%;DOWN;-14,45000;32.1%;DOWN;-15,84000;35.2%
2026-06-30 02:00:00;4014,61000;3987,04000;3999,56411;3999,91705;4006,80986;4035,71213;4051,53111;4011,03513;3986,98770;3980,44784;3996,78648;4020,83363;4037,38938;26,91841;29,79745;47,02115;7,24575;0,26917;DOWNTREND;;False;;0;8,21;HMA8:DOWN|HMA13:DOWN|HMA21:DOWN;0;3;False;True;8,13,21,55,89,116,188,233,377;;8,13,21,55,89,116,188,233,377;8,13,34,233,377;8,13,21,55,89,116,188,233,377;8,13,21,116,188,233,377;;8,13,21,89,116,188;;89,116,188;False;DOWN;-12,42000;27.59%;DOWN;-14,16000;31.46%;DOWN;-16,38000;36.39%
2026-06-30 04:00:00;3987,26000;3962,97000;3979,22869;3986,06270;3995,31314;4024,79579;4046,79452;4010,78397;3986,34715;3978,91472;3994,28389;4017,92222;4035,59540;28,20281;32,19888;39,39948;16,08445;0,57031;DOWNTREND;;False;;0;8,21;HMA8:DOWN|HMA13:DOWN|HMA21:DOWN;0;3;False;True;8,13,21,55,89,116,144,188,233,377;;8,13,21,55,89,116,144,188,233,377;8,13,34,233,377;8,13,21,55,89,116,144,188,233,377;8,13,21,116,144,188,233,377;;8,13,116,144;;144;False;DOWN;-17,98000;39.95%;DOWN;-15,52000;34.48%;DOWN;-17,11000;38.02%
2026-06-30 06:00:00;3962,93000;3985,49000;3970,17335;3975,78795;3985,33694;4014,21388;4041,55152;4010,23711;3985,54891;3977,24856;3991,70839;4014,93302;4033,74023;28,88547;33,68237;40,56183;15,16358;0,52496;DOWNTREND;;False;;0;8,21;HMA8:DOWN|HMA13:DOWN|HMA21:DOWN;0;3;False;True;8,13,21,55,89,116,144,188,233,377;;8,13,21,55,89,116,144,188,233,377;8,13,21,34,144,233,377;8,13,21,55,89,116,144,188,233,377;8,13,21,116,144,188,233,377;8,13,21,144;;8,13,21,144;;True;DOWN;-19,36000;43.03%;DOWN;-16,15000;35.89%;DOWN;-17,45000;38.77%
2026-06-30 08:00:00;3985,51000;4029,56000;3988,12480;3980,18370;3982,35621;4006,77077;4037,17817;4010,03004;3985,04694;3975,76683;3989,28938;4012,02678;4031,90124;31,03079;32,99273;44,11552;7,94110;0,25591;UPTREND;REVERSAL_TO_HMA233;False;;0;8;HMA8:UP|HMA13:UP|HMA21:DOWN;2;1;True;False;;;;8,34,89,116,188,233;;8;8,34,89,116,188,233;;8,34,89,116,188,233;;False;UP;-9,78000;21.74%;UP;-11,40000;25.33%;DOWN;-15,42000;34.26%
2026-06-30 10:00:00;4029,70000;4015,57000;4008,69937;3990,30639;3983,54400;4001,49672;4033,24497;4009,96681;3984,70556;3974,40010;3986,97107;4009,16789;4030,06014;30,52216;32,17700;46,01618;25,15537;0,82417;UPTREND;;False;;0;8;HMA8:UP|HMA13:UP|HMA21:UP;3;0;True;False;;;;8,34,89,116,188,233;;8;;;;;False;UP;4,28000;9.51%;UP;-6,66000;14.8%;UP;-14,04000;31.2%
2026-06-30 12:00:00;4015,51000;4029,84000;4027,12680;4004,27197;3989,21749;3999,02901;4030,06643;4010,23050;3984,67129;3973,25766;3984,83114;4006,41421;4028,24372;29,69201;31,46256;45,42370;37,90931;1,27675;UPTREND;ADVANCE_HMA377;False;;0;8;HMA8:UP|HMA13:UP|HMA21:UP;3;0;True;False;8,377;8,377;;8,34,89,116,188,233,377;;8;8,377;;377;;False;UP;21,96000;48.81%;UP;-1,10000;2.45%;UP;-11,69000;25.97%
2026-06-30 14:00:00;4029,84000;4010,17000;4030,13756;4013,76900;3994,63662;3997,63996;4027,02095;4010,51662;3984,75091;3972,22050;3982,78274;4003,70689;4026,42535;29,61544;30,48028;49,97054;35,50093;1,19873;UPTREND;;False;;0;8;HMA8:UP|HMA13:UP|HMA21:UP;3;0;True;False;8,377;8,377;;8,34,89,116,188,233,377;8,13,55,89,377;8;;8,13,55,89,377;;8,13,55,89,377;True;UP;26,85000;59.66%;UP;4,46000;9.91%;UP;-8,95000;19.88%
2026-06-30 16:00:00;4009,77000;4037,36000;4032,12537;4025,41636;4001,95186;3998,22783;4024,86278;4011,17895;3985,20514;3971,47874;3980,95399;4001,14489;4024,65295;31,35362;28,33471;49,42092;30,17351;0,96236;UPTREND;ADVANCE_HMA13;False;;0;8;HMA8:UP|HMA13:UP|HMA21:UP;3;0;True;False;8,13,55,89;8,13,55,89;;8,13,34,55,89,116,188,233,377;8,13,55,89,377;8,13,89;8,13,55,89,377;;13,55,89,377;;False;UP;19,33000;42.96%;UP;11,82000;26.26%;UP;-5,42000;12.04%
2026-06-30 18:00:00;4037,34000;4026,08000;4032,69409;4032,43608;4009,20898;3999,41220;4023,07476;4012,01361;3985,89792;3970,95366;3979,29190;3998,69371;4022,91106;30,34907;26,34239;48,76833;23,48511;0,77383;UPTREND;;False;;0;8;HMA8:UP|HMA13:UP|HMA21:UP;3;0;True;False;8,13,55,89;8,13,55,89;;8,13,34,55,89,116,188,233,377;8,13,55,89,377;8,13,89;;8,13;;8,13;True;UP;11,18000;24.85%;UP;17,28000;38.4%;UP;-2,58000;5.73%
2026-06-30 20:00:00;4026,05000;4028,46000;4031,02402;4035,56596;4016,21807;4001,32183;4021,51560;4013,01838;3986,83478;3970,65789;3977,80158;3996,36296;4021,20666;29,11414;24,55547;45,31399;19,34789;0,66455;UPTREND;;False;;0;8;HMA8:DOWN|HMA13:UP|HMA21:UP;2;1;True;False;8,13,55,89;8,13,55,89;;8,13,34,55,89,116,188,233,377;8,13,55,89,377;8,13,89;;;;;False;DOWN;1,92000;4.26%;UP;17,59000;39.09%;UP;0,15000;0.33%
2026-06-30 22:00:00;4028,36000;4007,11000;4022,64620;4031,25420;4020,58525;4002,54911;4019,49191;4013,83372;3987,79868;3970,44743;3976,38026;3994,08736;4019,50767;28,67813;23,53657;46,19713;10,66895;0,37202;DOWNTREND;REVERSAL_TO_HMA89;False;;2;8,21;HMA8:DOWN|HMA13:DOWN|HMA21:UP;1;2;False;True;;;;;8,21,55,89,377;8,55,377;;8,21,55,89,377;;8,21,55,89,377;False;DOWN;-3,74000;8.3%;DOWN;13,39000;29.75%;UP;2,75000;6.11%
2026-07-01 00:00:00;4011,68000;4013,02000;4009,71472;4019,33267;4023,21755;4004,59722;4015,14534;4014,90132;3989,84811;3970,41063;3973,81719;3989,77470;4016,17088;25,94660;21,71190;44,65450;13,50282;0,52041;DOWNTREND;;False;;0;8,21;HMA8:DOWN|HMA13:DOWN|HMA21:UP;1;2;False;True;;;;8;8,21,55,89,377;8,55,377;8;;8;;False;DOWN;-12,48000;27.74%;DOWN;2,05000;4.55%;UP;8,31000;18.46%
2026-07-01 02:00:00;4013,10000;3996,67000;4002,35556;4010,98115;4020,18963;4004,70908;4012,57238;4014,91876;3990,69203;3970,46713;3972,59481;3987,68779;4014,51225;25,88613;21,68618;45,84373;17,83407;0,68894;DOWNTREND;ADVANCE_HMA34;False;;0;8,21;HMA8:DOWN|HMA13:DOWN|HMA21:DOWN;0;3;False;True;8,13,34,55;;8,13,34,55;8;8,13,21,34,55,89,377;8,13,55,377;;8,13,34,55;;13,34;False;DOWN;-15,48000;34.39%;DOWN;-5,31000;11.8%;DOWN;8,32000;18.48%
2026-07-01 04:00:00;3996,67000;3979,16000;3989,57437;3998,69895;4013,60535;4003,32843;4009,28398;4014,32838;3991,22368;3970,40147;3971,29945;3985,57831;4012,82857;26,13641;22,48475;44,61977;24,03098;0,91944;DOWNTREND;ADVANCE_HMA233;False;;0;8,21;HMA8:DOWN|HMA13:DOWN|HMA21:DOWN;0;3;False;True;8,13,55,116,233;;8,13,55,116,233;8;8,13,21,34,55,89,116,233,377;8,13,55,233,377;;8,116,233;;116,233;False;DOWN;-17,55000;39.01%;DOWN;-12,14000;26.98%;DOWN;6,56000;14.58%
2026-07-01 06:00:00;3979,04000;3976,57000;3977,38787;3985,79549;4004,69539;4000,87442;4005,48627;4013,19506;3991,45475;3970,19482;3969,90807;3983,44622;4011,11998;25,30166;23,22628;47,59322;27,30752;1,07928;DOWNTREND;;False;;0;8,21;HMA8:DOWN|HMA13:DOWN|HMA21:DOWN;0;3;False;True;8,13,55,116,233;;8,13,55,116,233;8;8,13,21,34,55,89,116,233,377;8,13,55,233,377;;8;;;False;DOWN;-19,86000;44.13%;DOWN;-18,15000;40.34%;DOWN;3,50000;7.78%
2026-07-01 08:00:00;3976,50000;3971,74000;3968,15257;3974,87060;3994,70086;3997,43803;4001,28105;4011,52533;3991,38775;3969,83872;3968,39869;3981,27937;4009,38329;24,60726;24,22025;46,34740;26,54829;1,07888;DOWNTREND;;False;;0;8,21;HMA8:DOWN|HMA13:DOWN|HMA21:DOWN;0;3;False;True;8,13,55,116,233;;8,13,55,116,233;8;8,13,21,34,55,89,116,233,377;8,13,55,233,377;;8,13;;;False;DOWN;-22,89000;50.87%;DOWN;-20,90000;46.45%;DOWN;0,01000;0.03%
2026-07-01 10:00:00;3971,65000;3974,51000;3965,41885;3967,41992;3985,26702;3993,65195;3996,99466;4009,48076;3991,06863;3969,36781;3966,80293;3979,08600;4007,62692;24,59031;24,75293;41,08339;19,84817;0,80715;DOWNTREND;;False;;0;8,21;HMA8:DOWN|HMA13:DOWN|HMA21:DOWN;0;3;False;True;8,13,55,116,233;;8,13,55,116,233;8,13;8,13,21,34,55,89,116,233,377;8,13,55,233,377;13;;13;;True;DOWN;-20,58000;45.74%;DOWN;-21,35000;47.45%;DOWN;-3,88000;8.63%
2026-07-01 12:00:00;3974,50000;3998,33000;3976,59817;3968,45082;3979,93924;3991,13823;3993,38713;4007,47779;3990,76573;3968,95795;3965,24079;3976,94638;4005,89218;24,67886;24,31100;41,32081;11,48842;0,46552;UPTREND;REVERSAL_TO_HMA55;False;;2;8,21;HMA8:UP|HMA13:UP|HMA21:DOWN;2;1;True;False;;;;8,21,34,55,116,233;;8;8,21,34,55,116,233;;8,21,34,55,116,233;;False;UP;-7,49000;16.64%;UP;-18,96000;42.14%;DOWN;-6,76000;15.03%
2026-07-01 14:00:00;3998,30000;4022,78000;4000,04202;3980,37578;3980,64387;3990,92566;3991,15110;4005,89462;3990,71695;3968,76306;3963,83310;3974,94679;4004,21841;25,60751;23,07778;43,56788;19,66624;0,76799;UPTREND;ADVANCE_HMA89;False;;1;8,21;HMA8:UP|HMA13:UP|HMA21:UP;3;0;True;False;8,89,377;8,89,377;;8,21,34,55,89,116,233,377;;8;8,89,377;;89,377;;False;UP;12,47000;27.71%;UP;-11,27000;25.03%;UP;-7,91000;17.58%
2026-07-01 16:00:00;4022,74000;4093,33000;4048,02969;4012,32582;3993,32822;3996,19348;3992,07272;4005,64497;3991,55859;3969,22949;3962,88980;3973,30946;4002,71381;31,11341;24,16221;35,81436;54,70146;1,75813;UPTREND;;False;;0;8,21;HMA8:UP|HMA13:UP|HMA21:UP;3;0;True;False;8,89,377;8,89,377;;8,21,34,55,89,116,233,377;;8;8;;;;False;UP;32,69000;72.65%;UP;4,17000;9.28%;UP;-5,01000;11.13%
2026-07-01 18:00:00;4093,39000;4071,19000;4083,36169;4045,62021;4010,70245;4004,18932;3995,03284;4006,28223;3992,98202;3970,16975;3962,28542;3971,94423;4001,33084;30,61031;25,16919;32,87434;72,65924;2,37369;UPTREND;;False;;0;8,21;HMA8:UP|HMA13:UP|HMA21:UP;3;0;True;False;8,89,377;8,89,377;;8,21,34,55,89,116,233,377;8;8;;8;;8;True;UP;43,93000;97.62%;UP;18,04000;40.09%;UP;-2,27000;5.05%
2026-07-01 20:00:00;4071,58000;4062,11000;4092,05915;4070,77668;4028,39298;4013,18627;3999,33808;4007,56395;3994,83112;3971,49311;3961,95919;3970,80466;4000,04644;29,54457;25,53107;32,71028;63,66617;2,15492;UPTREND;;False;;0;8,21;HMA8:UP|HMA13:UP|HMA21:UP;3;0;True;False;8,89,377;8,89,377;;8,21,34,55,89,116,233,377;8,13;8;;13;;13;True;UP;44,33000;98.52%;UP;28,41000;63.14%;UP;1,00000;2.23%
2026-07-01 22:00:00;4062,06000;4031,42000;4074,46331;4077,81143;4041,10642;4020,56867;4003,75006;4008,96246;3996,76076;3972,96760;3961,76097;3969,78496;3998,80768;30,26496;24,69464;35,34663;36,70501;1,21279;UPTREND;;False;;0;8,21;HMA8:DOWN|HMA13:UP|HMA21:UP;2;1;True;False;8,89,377;8,89,377;;8,21,34,55,89,116,233,377;8,13,21;8;;21;;21;True;DOWN;31,58000;70.18%;UP;31,30000;69.55%;UP;3,95000;8.79%
2026-07-02 00:00:00;4036,04000;4045,05000;4052,58669;4075,99269;4050,23456;4026,82009;4008,36962;4010,58191;3998,85389;3974,66418;3961,74487;3968,92682;3997,63320;29,08532;23,91796;34,44850;25,75813;0,88561;UPTREND;;False;;0;8,21;HMA8:DOWN|HMA13:DOWN|HMA21:UP;1;2;False;True;8,21,89,377;8,21,89,377;;8,21,34,55,89,116,233,377;8,13,21;8;21;;21;;False;DOWN;2,24000;4.98%;DOWN;31,64000;70.32%;UP;7,18000;15.95%
2026-07-02 02:00:00;4044,82000;4051,71000;4043,62722;4070,21688;4057,58549;4032,21618;4013,05862;4012,40530;4001,10338;3976,60187;3961,92988;3968,24690;3996,53064;28,56708;23,41542;35,51305;26,58966;0,93078;UPTREND;;False;;0;8,21;HMA8:DOWN|HMA13:DOWN|HMA21:UP;1;2;False;True;8,21,89,377;8,21,89,377;;8,21,34,55,89,116,233,377;8,13,21;8;8,21;;21;;False;DOWN;-19,17000;42.61%;DOWN;27,66000;61.47%;UP;10,49000;23.31%
2026-07-02 04:00:00;4051,87000;4057,04000;4045,92789;4064,11852;4063,89163;4037,55254;4017,71917;4014,39067;4003,47921;3978,77552;3962,32722;3967,75101;3995,50368;28,46872;23,40539;37,39148;18,19063;0,63897;UPTREND;;False;;0;8,21;HMA8:UP|HMA13:DOWN|HMA21:UP;2;1;True;False;8,21,89,377;8,21,89,377;;8,21,34,55,89,116,233,377;8,13,21;8;;;;;False;UP;-22,05000;49.01%;DOWN;16,87000;37.48%;UP;13,66000;30.36%
2026-07-02 06:00:00;4057,00000;4060,72000;4054,44926;4060,64606;4069,23165;4043,19884;4022,29132;4016,47221;4005,93242;3981,15868;3962,93323;3967,43852;3994,55494;27,76667;23,54725;36,80023;14,78239;0,53238;UPTREND;;False;;0;8,21;HMA8:UP|HMA13:DOWN|HMA21:UP;2;1;True;False;8,13,21,89,377;8,13,21,89,377;;8,13,21,34,55,89,116,233,377;8,13,21;8;13;;13;;False;UP;-10,21000;22.7%;DOWN;5,15000;11.45%;UP;16,82000;37.39%
2026-07-02 08:00:00;4060,69000;4073,21000;4066,16787;4062,68802;4073,89794;4049,74364;4027,17660;4018,74082;4008,49435;3983,78066;3963,77683;3967,33588;3993,69989;27,67048;23,83843;36,52528;11,20993;0,40512;UPTREND;;False;;0;8,21;HMA8:UP|HMA13:UP|HMA21:UP;3;0;True;False;8,13,21,89,377;8,13,21,89,377;;8,13,21,34,55,89,116,233,377;8,13,21;8,13,21;8,13,21;;13,21;;False;UP;7,00000;15.55%;UP;-2,79000;6.2%;UP;18,76000;41.68%
2026-07-02 10:00:00;4073,46000;4076,05000;4075,65659;4068,70584;4077,48574;4056,75890;4032,34328;4021,17409;4011,12357;3986,59916;3964,83694;3967,43205;3992,93752;27,05973;24,11289;36,95672;8,77990;0,32446;UPTREND;;False;;0;8,21;HMA8:UP|HMA13:UP|HMA21:UP;3;0;True;False;8,13,21,89,377;8,13,21,89,377;;8,13,21,34,55,89,116,233,377;8,13,21;8,13,21;8,21;;;;False;UP;16,48000;36.63%;UP;-3,21000;7.13%;UP;19,69000;43.76%
2026-07-02 12:00:00;4075,97000;4066,33000;4076,72931;4072,70373;4078,68692;4063,27024;4037,42184;4023,67346;4013,68300;3989,49105;3966,03366;3967,67188;3992,24473;26,23118;24,36775;36,94569;5,98319;0,22809;UPTREND;;False;;0;8,21;HMA8:UP|HMA13:UP|HMA21:UP;3;0;True;False;8,13,21,89,377;8,13,21,89,377;;8,13,21,34,55,89,116,233,377;8,13,21;8,13,21;;8,13;;8,13;True;UP;16,36000;36.36%;UP;-1,20000;2.66%;UP;18,03000;40.06%
2026-07-02 14:00:00;4066,42000;4117,47000;4092,89022;4084,93172;4084,30421;4071,84085;4043,67338;4026,94493;4016,67711;3992,72894;3967,56568;3968,19634;3991,69654;30,27681;26,11872;39,19261;8,58601;0,28358;UPTREND;;False;;0;8,21;HMA8:UP|HMA13:UP|HMA21:UP;3;0;True;False;8,13,21,34,89,377;8,13,21,34,89,377;;8,13,21,34,55,89,116,233,377;8,13,21;8,13,21,34;8,13,21,34;;34;;False;UP;17,61000;39.13%;UP;4,63000;10.29%;UP;13,66000;30.36%
2026-07-02 16:00:00;4117,50000;4128,52000;4116,60320;4102,80560;4094,11914;4082,09159;4051,07028;4031,04032;4020,16383;3996,31745;3969,43920;3969,00478;3991,29946;30,57632;27,81129;45,02364;22,48406;0,73534;UPTREND;;False;;0;8,21;HMA8:UP|HMA13:UP|HMA21:UP;3;0;True;False;8,13,21,34,89,377;8,13,21,34,89,377;;8,13,21,34,55,89,116,233,377;8,13,21;8,13,21,34;;;;;False;UP;22,41000;49.8%;UP;11,91000;26.46%;UP;12,13000;26.96%
2026-07-02 18:00:00;4128,63000;4118,07000;4129,60365;4119,02798;4105,15210;4092,40935;4059,01555;4035,65969;4023,98077;4000,15748;3971,56826;3970,02580;3991,02335;30,60158;28,88691;48,59306;24,45155;0,79903;UPTREND;;False;;0;8,21;HMA8:UP|HMA13:UP|HMA21:UP;3;0;True;False;8,13,21,34,89,377;8,13,21,34,89,377;;8,13,21,34,55,89,116,233,377;8,13,21;8,13,21,34;;8,13;;8,13;True;UP;23,78000;52.85%;UP;17,64000;39.2%;UP;11,82000;26.27%
2026-07-02 20:00:00;4117,98000;4122,56000;4135,03274;4130,20643;4116,03793;4102,35119;4067,36515;4040,74261;4028,08672;4004,23817;3973,96301;3971,24420;3990,86126;29,93504;29,88571;46,27634;18,99481;0,63453;UPTREND;;False;;0;8,21;HMA8:UP|HMA13:UP|HMA21:UP;3;0;True;False;8,13,21,34,89,377;8,13,21,34,89,377;;8,13,21,34,55,89,116,233,377;8,13,21;8,13,21,34;13;;;;False;UP;25,96000;57.69%;UP;20,60000;45.78%;UP;12,40000;27.55%
2026-07-02 22:00:00;4122,91000;4123,89000;4133,36798;4136,82618;4124,94582;4111,35904;4075,92553;4046,18246;4032,41851;4008,52485;3976,60967;3972,63872;3990,80112;29,00825;30,81316;45,58157;11,88036;0,40955;UPTREND;;False;;0;8,21;HMA8:DOWN|HMA13:UP|HMA21:UP;2;1;True;False;8,13,21,34,89,377;8,13,21,34,89,377;;8,13,21,34,55,89,116,233,377;8,13,21;8,13,21,34;;21;;21;True;DOWN;19,23000;42.74%;UP;21,37000;47.5%;UP;13,07000;29.05%
2026-07-03 00:00:00;4125,54000;4124,59000;4129,40081;4139,92449;4131,78673;4118,89535;4084,51352;4051,87654;4036,90651;4012,96299;3979,48498;3974,20072;3990,82948;27,32766;31,74833;44,56105;10,52368;0,38509;UPTREND;;False;;0;8,21;HMA8:DOWN|HMA13:UP|HMA21:UP;2;1;True;False;8,13,21,34,89,377;8,13,21,34,89,377;;8,13,21,34,55,89,116,233,377;8,13,21;8,13,21,34;;21;;21;True;DOWN;6,68000;14.84%;UP;22,29000;49.54%;UP;13,95000;31.01%
2026-07-03 02:00:00;4124,60000;4147,11000;4135,87522;4143,79948;4139,28662;4126,30506;4093,53347;4058,01228;4041,69282;4017,64381;3982,65150;3975,98497;3990,96804;27,50497;33,14634;41,98647;7,92426;0,28810;UPTREND;;False;;0;8,21;HMA8:UP|HMA13:UP|HMA21:UP;3;0;True;False;8,13,21,34,89,377;8,13,21,34,89,377;;8,13,21,34,55,89,116,233,377;8,13,21;8,13,21,34;8,13,21,34;;;;False;UP;3,26000;7.25%;UP;19,63000;43.63%;UP;14,29000;31.75%
2026-07-03 04:00:00;4147,12000;4183,42000;4158,85456;4155,71721;4150,54002;4135,72720;4103,58124;4064,93751;4047,02937;4022,73560;3986,22992;3978,08451;3991,26065;29,02247;35,19545;33,55897;8,31453;0,28649;UPTREND;;False;;0;8,21;HMA8:UP|HMA13:UP|HMA21:UP;3;0;True;False;8,13,21,34,89,377;8,13,21,34,89,377;;8,13,21,34,55,89,116,233,377;8,13,21;8,13,21,34;8,13,21;;;;False;UP;11,60000;25.77%;UP;16,90000;37.56%;UP;14,79000;32.87%
2026-07-03 06:00:00;4183,32000;4178,79000;4179,81915;4170,22668;4162,98768;4146,22073;4114,19340;4072,40010;4052,76141;4028,13146;3990,14448;3980,44718;3991,68480;27,75158;37,09819;35,07797;16,83147;0,60650;UPTREND;;False;;0;8,21;HMA8:UP|HMA13:UP|HMA21:UP;3;0;True;False;8,13,21,34,89,377;8,13,21,34,89,377;;8,13,21,34,55,89,116,233,377;8,13,21;8,13,21,34;;8;;8;True;UP;22,71000;50.46%;UP;17,09000;37.98%;UP;17,12000;38.05%
2026-07-03 08:00:00;4178,79000;4173,08000;4188,53502;4181,67829;4174,25743;4156,81873;4124,95506;4080,12557;4058,73903;4033,72219;3994,32007;3983,02146;3992,22286;27,28933;38,08693;37,56104;14,27758;0,52319;UPTREND;;False;;0;8,21;HMA8:UP|HMA13:UP|HMA21:UP;3;0;True;False;8,13,21,34,89,377;8,13,21,34,89,377;;8,13,21,34,55,89,116,233,377;8,13,21;8,13,21,34;;13,21;;13,21;True;UP;28,45000;63.21%;UP;17,45000;38.78%;UP;19,30000;42.89%
2026-07-03 10:00:00;4173,08000;4180,98000;4190,46178;4189,77613;4183,62176;4167,25077;4135,79931;4088,11375;4064,93600;4039,49814;3998,74698;3985,80412;3992,87751;26,57152;39,09617;37,42216;6,84001;0,25742;UPTREND;;False;;0;8,21;HMA8:UP|HMA13:UP|HMA21:UP;3;0;True;False;8,13,21,34,89,377;8,13,21,34,89,377;;8,13,21,34,55,89,116,233,377;8,13,21;8,13,21,34;21;;;;False;UP;27,18000;60.41%;UP;18,37000;40.83%;UP;20,49000;45.54%
2026-07-03 12:00:00;4181,01000;4177,08000;4186,23672;4193,69948;4190,12663;4176,54586;4146,30733;4096,20915;4071,26230;4045,37282;4003,36552;3988,75270;3993,63127;25,62141;39,98505;37,19129;7,46276;0,29127;UPTREND;;False;;0;8,21;HMA8:DOWN|HMA13:UP|HMA21:UP;2;1;True;False;8,13,21,34,89,377;8,13,21,34,89,377;;8,13,21,34,55,89,116,233,377;8,13,21;8,13,21,34;;;;;False;DOWN;14,96000;33.24%;UP;19,28000;42.84%;UP;20,54000;45.65%
2026-07-03 14:00:00;4176,97000;4176,80000;4181,33217;4193,61183;4194,51336;4184,30233;4156,20397;4104,30370;4077,67661;4051,28491;4008,13580;3991,83888;3994,47042;24,80417;40,90862;36,67938;13,18120;0,53141;DOWNTREND;REVERSAL_TO_HMA34;False;;0;;HMA8:DOWN|HMA13:DOWN|HMA21:UP;1;2;False;True;;;;;34;;;34;;34;False;DOWN;0,87000;1.94%;DOWN;18,51000;41.12%;UP;19,81000;44.03%
2026-07-03 16:00:00;4177,00000;4169,76000;4175,83461;4188,88511;4196,35491;4190,23081;4165,04914;4112,20965;4084,06168;4057,15801;4012,98322;3995,01578;3995,37272;24,73815;40,66984;37,54780;20,52030;0,82950;DOWNTREND;ADVANCE_HMA8;False;;0;;HMA8:DOWN|HMA13:DOWN|HMA21:UP;1;2;False;True;8;;8;;8,34;8;;8;;8;False;DOWN;-7,31000;16.25%;DOWN;12,60000;27.99%;UP;17,99000;39.97%
2026-07-03 18:00:00;4169,84000;4174,96000;4172,88589;4183,99872;4196,67286;4194,80546;4172,87581;4119,90884;4090,42843;4063,00558;4017,90883;3998,28026;3996,33724;23,94186;40,44811;43,84706;23,78698;0,99353;DOWNTREND;;False;;0;;HMA8:DOWN|HMA13:DOWN|HMA21:UP;1;2;False;True;8;;8;8,55;8,34;8;8,55;;8,55;;True;DOWN;-10,40000;23.11%;DOWN;5,48000;12.17%;UP;16,68000;37.06%
2026-07-06 00:00:00;4181,44000;4188,13000;4177,96952;4182,96827;4197,14967;4198,84210;4180,08731;4127,47671;4096,85182;4068,88321;4022,95137;4001,65119;3997,37604;23,54030;40,66600;41,76692;19,18015;0,81478;UPTREND;REVERSAL_TO_HMA13;False;;0;13;HMA8:UP|HMA13:DOWN|HMA21:UP;2;1;True;False;;;;13;;;13;;13;;False;UP;-5,02000;11.15%;DOWN;0,52000;1.16%;UP;15,52000;34.48%
2026-07-06 02:00:00;4188,17000;4179,74000;4181,63098;4182,66539;4196,41656;4201,83987;4186,45752;4134,72600;4103,19431;4074,70342;4028,04413;4005,08611;3998,46571;24,10313;41,12990;41,47463;14,78558;0,61343;DOWNTREND;REVERSAL_TO_HMA8;False;;2;8,13;HMA8:UP|HMA13:DOWN|HMA21:DOWN;1;2;False;True;;;;;8,13,55;13;;8,13,55;;8,13,55;False;UP;0,18000;0.39%;DOWN;-2,81000;6.26%;DOWN;13,33000;29.63%
2026-07-06 04:00:00;4179,56000;4174,10000;4180,43669;4181,19400;4194,09307;4203,47302;4191,94895;4141,59999;4109,37282;4080,40343;4033,13643;4008,55660;3999,58886;24,82719;41,44143;43,65221;13,65638;0,55006;DOWNTREND;;False;;1;8,13;HMA8:DOWN|HMA13:DOWN|HMA21:DOWN;0;3;False;True;;;;;8,13,55;13;;;;;False;DOWN;2,65000;5.9%;DOWN;-4,80000;10.66%;DOWN;9,95000;22.11%
2026-07-06 06:00:00;4174,07000;4159,67000;4171,85096;4175,78150;4189,29730;4203,23112;4196,30173;4147,92136;4115,25993;4085,86874;4038,14191;4012,00527;4000,71497;24,41025;40,94612;49,51778;17,44634;0,71471;DOWNTREND;;False;;0;8,13;HMA8:DOWN|HMA13:DOWN|HMA21:DOWN;0;3;False;True;8;;8;;8,13,55;8,13;;8;;8;False;DOWN;-0,61000;1.35%;DOWN;-6,94000;15.42%;DOWN;6,15000;13.67%
2026-07-06 08:00:00;4159,72000;4150,36000;4158,26420;4167,32111;4182,14247;4201,01098;4199,41737;4153,60462;4120,78852;4091,03452;4043,00551;4015,39586;4001,82213;23,82881;39,68300;50,84938;23,87827;1,00208;DOWNTREND;ADVANCE_HMA89;False;;0;8,13;HMA8:DOWN|HMA13:DOWN|HMA21:DOWN;0;3;False;True;89;;89;;8,13,55,89;8,13;;8,89;;89;False;DOWN;-11,68000;25.96%;DOWN;-8,58000;19.06%;DOWN;1,90000;4.21%
2026-07-06 10:00:00;4150,77000;4150,36000;4148,24761;4158,25323;4174,16543;4197,30374;4201,43483;4158,70918;4125,97905;4095,92131;4047,72502;4018,72413;4002,90875;23,49103;38,70501;62,44589;25,91782;1,10331;DOWNTREND;;False;;0;8,13;HMA8:DOWN|HMA13:DOWN|HMA21:DOWN;0;3;False;True;89;;89;8;8,13,55,89;8,13;8;;8;;True;DOWN;-19,56000;43.46%;DOWN;-10,35000;23.0%;DOWN;-2,31000;5.12%
2026-07-06 12:00:00;4150,37000;4154,85000;4145,65880;4151,43621;4167,00898;4192,94816;4202,58806;4163,35682;4130,89821;4100,57752;4052,33009;4022,00048;4003,98115;23,18739;37,14173;53,51264;21,35019;0,92077;DOWNTREND;;False;;0;8,13;HMA8:DOWN|HMA13:DOWN|HMA21:DOWN;0;3;False;True;89;;89;8,13;8,13,55,89;8,13;13;;13;;True;DOWN;-20,55000;45.68%;DOWN;-12,77000;28.38%;DOWN;-5,69000;12.65%
2026-07-06 14:00:00;4155,05000;4139,50000;4142,02654;4144,39830;4159,45921;4187,45139;4202,57006;4167,38950;4135,42339;4104,91954;4056,75357;4025,17499;4005,01253;23,53329;35,39142;53,02206;17,43267;0,74077;DOWNTREND;;False;;0;8,13;HMA8:DOWN|HMA13:DOWN|HMA21:DOWN;0;3;False;True;8,13,89;;8,13,89;8,13;8,13,55,89;8,13;;8,13;;;False;DOWN;-17,58000;39.07%;DOWN;-15,16000;33.7%;DOWN;-8,47000;18.83%
2026-07-06 16:00:00;4139,56000;4138,07000;4138,06511;4138,21224;4152,00528;4181,17219;4201,56589;4170,85195;4139,57375;4108,96770;4060,99703;4028,25388;4006,00008;23,42948;33,57161;51,45373;13,94017;0,59498;DOWNTREND;ADVANCE_HMA116;False;;0;8,13;HMA8:DOWN|HMA13:DOWN|HMA21:DOWN;0;3;False;True;8,13,116;;8,13,116;8,13;8,13,55,89,116;8,13;;8,13,116;;116;False;DOWN;-12,16000;27.03%;DOWN;-17,00000;37.78%;DOWN;-10,72000;23.82%
2026-07-06 18:00:00;4138,25000;4155,06000;4142,10054;4137,48499;4146,83150;4175,37626;4200,21862;4174,03300;4143,53321;4112,85741;4065,14854;4031,30161;4006,97054;23,09166;32,17195;51,64412;9,34650;0,40476;DOWNTREND;;False;;0;8,13;HMA8:UP|HMA13:DOWN|HMA21:DOWN;1;2;False;True;8,13,116;;8,13,116;8,13,21,116;8,13,55,89,116;8,13;8,21,116;;8,21,116;;True;UP;-3,81000;8.46%;DOWN;-15,45000;34.34%;DOWN;-12,18000;27.07%
2026-07-06 20:00:00;4155,23000;4163,84000;4152,06215;4142,62657;4144,60419;4170,67469;4198,86452;4177,09816;4147,39460;4116,66331;4069,24992;4034,35072;4007,93602;22,66797;31,39876;52,14677;9,43558;0,41625;DOWNTREND;;False;;0;8,13;HMA8:UP|HMA13:UP|HMA21:DOWN;2;1;True;False;8,13,116;;8,13,116;8,13,21,116;8,13,55,89,116;8,13;;;;;False;UP;4,04000;8.98%;UP;-10,29000;22.87%;DOWN;-13,05000;29.0%
2026-07-06 22:00:00;4163,85000;4164,16000;4161,90746;4150,15046;4145,08785;4167,02574;4197,51724;4180,06968;4151,17645;4120,39714;4073,30325;4037,40613;4008,89627;21,51669;30,68079;51,15449;16,81961;0,78170;DOWNTREND;;False;;0;8,13;HMA8:UP|HMA13:UP|HMA21:UP;3;0;True;False;8,13,116;;8,13,116;8,13,21,116;8,13,55,89,116;8,13;;;;;False;UP;13,01000;28.9%;UP;-3,59000;7.98%;UP;-13,42000;29.82%
2026-07-07 00:00:00;4164,39000;4164,17000;4167,91907;4157,21888;4147,44982;4164,37867;4196,12455;4182,94956;4154,88784;4124,06837;4077,30634;4040,46903;4009,85421;20,32121;30,16125;48,55026;20,46925;1,00728;DOWNTREND;;False;;0;8,13;HMA8:UP|HMA13:UP|HMA21:UP;3;0;True;False;8,13,34,116;;8,13,34,116;8,13,21,116;8,13,34,55,89,116;8,13;;8,34;;34;False;UP;20,17000;44.82%;UP;2,72000;6.03%;UP;-12,93000;28.73%
2026-07-07 02:00:00;4164,22000;4145,96000;4162,09170;4159,21004;4148,77598;4161,50577;4194,20139;4185,46902;4158,36041;4127,58089;4081,17697;4043,48107;4010,78340;20,32755;28,39589;49,50082;13,31572;0,65506;DOWNTREND;;False;;0;8,13;HMA8:DOWN|HMA13:UP|HMA21:UP;2;1;True;False;8,13,21,34,116;;8,13,21,34,116;8,13,21,116;8,13,21,34,55,89,116;8,13;;8,13,21,34,116;;21,34,116;False;DOWN;13,81000;30.7%;UP;6,92000;15.39%;UP;-11,27000;25.05%
2026-07-07 04:00:00;4145,95000;4136,63000;4148,68317;4155,49717;4148,12191;4157,87314;4191,61420;4187,49716;4161,51047;4130,89808;4084,88451;4046,41532;4011,67304;20,43916;27,03157;48,92160;7,37525;0,36084;DOWNTREND;;False;;0;8,13;HMA8:DOWN|HMA13:DOWN|HMA21:DOWN;0;3;False;True;8,13,21,34,116;;8,13,21,34,116;8,13,21,116;8,13,21,34,55,89,116;8,13;;;;;False;DOWN;-2,37000;5.26%;DOWN;8,02000;17.83%;DOWN;-9,45000;21.0%
2026-07-07 06:00:00;4136,73000;4126,66000;4133,49396;4146,31875;4145,01223;4153,20774;4188,16797;4188,91129;4164,25685;4133,98194;4088,39760;4049,24593;4012,51266;20,18207;25,85435;46,01720;12,82479;0,63545;DOWNTREND;ADVANCE_HMA144;False;;0;8,13;HMA8:DOWN|HMA13:DOWN|HMA21:DOWN;0;3;False;True;8,13,21,34,144;;8,13,21,34,144;8,13,21,116;8,13,21,34,55,89,116,144;8,13;;8,144;;144;False;DOWN;-19,39000;43.09%;DOWN;4,17000;9.27%;DOWN;-8,22000;18.27%
2026-07-07 08:00:00;4126,71000;4130,40000;4124,23272;4136,65081;4140,95943;4148,19263;4184,07661;4189,79919;4166,66560;4136,87841;4091,74783;4051,99696;4013,31372;19,90193;25,15049;53,68265;16,72671;0,84046;DOWNTREND;;False;;0;8,13;HMA8:DOWN|HMA13:DOWN|HMA21:DOWN;0;3;False;True;8,13,21,34,144;;8,13,21,34,144;8,13,21,116;8,13,21,34,55,89,116,144;8,13;8;;8;;True;DOWN;-28,76000;63.9%;DOWN;-2,86000;6.37%;DOWN;-7,46000;16.57%
2026-07-07 10:00:00;4130,75000;4125,96000;4120,72330;4127,95684;4136,49329;4143,00402;4179,36499;4190,12069;4168,72404;4139,57209;4094,92431;4054,66348;4014,07453;19,70750;24,08494;58,77876;15,76999;0,80020;DOWNTREND;;False;;0;8,13;HMA8:DOWN|HMA13:DOWN|HMA21:DOWN;0;3;False;True;8,13,21,34,144;;8,13,21,34,144;8,13,21,116;8,13,21,34,55,89,116,144;8,13;;13;;;False;DOWN;-27,69000;61.53%;DOWN;-10,63000;23.62%;DOWN;-6,65000;14.77%
2026-07-07 12:00:00;4126,04000;4135,62000;4124,38774;4123,96900;4133,12310;4138,69306;4174,48161;4190,04118;4170,54280;4142,13997;4097,97833;4057,28660;4014,81548;19,65982;23,20794;59,20566;9,15410;0,46562;DOWNTREND;;False;;0;8,13;HMA8:UP|HMA13:DOWN|HMA21:DOWN;1;2;False;True;8,13,21,34,144;;8,13,21,34,144;8,13,21,116;8,13,21,34,55,89,116,144;8,13;13,21;;13,21;;True;UP;-17,17000;38.15%;DOWN;-15,74000;34.98%;DOWN;-5,49000;12.19%
2026-07-07 14:00:00;4135,80000;4172,29000;4144,71333;4131,78091;4134,64922;4137,39086;4170,56696;4190,12117;4172,46466;4144,82402;4101,08103;4059,98868;4015,59938;21,33841;22,69425;58,21494;12,93242;0,60606;UPTREND;REVERSAL_TO_HMA55;False;;0;8;HMA8:UP|HMA13:UP|HMA21:UP;3;0;True;False;;;;8,34,55,116,144;;8,116,144;8,34,55,116,144;;8,34,55,116,144;;False;UP;7,49000;16.64%;UP;-12,09000;26.87%;UP;-3,27000;7.26%
2026-07-07 16:00:00;4172,74000;4154,22000;4159,01359;4141,90528;4137,45839;4137,50914;4167,14492;4190,12419;4174,30912;4147,48772;4104,14401;4062,70514;4016,39986;22,44138;22,44698;57,25427;21,55520;0,96051;UPTREND;;False;;0;8;HMA8:UP|HMA13:UP|HMA21:UP;3;0;True;False;;;;8,34,55,116,144;8,55,116;8,116,144;;8,55,116;;8,55,116;True;UP;21,18000;47.07%;UP;-5,76000;12.81%;UP;-1,82000;4.05%
2026-07-07 18:00:00;4154,23000;4145,07000;4159,98228;4149,00424;4139,98317;4138,07536;4163,98001;4189,96209;4176,00348;4150,06217;4107,12223;4065,40445;4017,20531;22,24557;21,73719;56,14548;19,99911;0,89902;UPTREND;;False;;0;8;HMA8:UP|HMA13:UP|HMA21:UP;3;0;True;False;;;;8,34,55,116,144;8,13,55,116,144;8,116,144;;13,144;;13,144;True;UP;23,81000;52.9%;UP;1,15000;2.56%;UP;-1,31000;2.92%
2026-07-07 20:00:00;4145,03000;4126,95000;4147,96457;4147,89380;4139,94612;4137,80259;4160,59068;4189,42719;4177,40281;4152,43489;4109,93402;4068,02963;4017,99000;22,30588;20,45498;56,28166;8,01845;0,35948;DOWNTREND;REVERSAL_TO_HMA34;False;;0;21;HMA8:DOWN|HMA13:DOWN|HMA21:DOWN;0;3;False;True;;;;;21,34;21,34;;21,34;;21,34;False;DOWN;14,80000;32.89%;DOWN;4,80000;10.67%;DOWN;-1,93000;4.28%
2026-07-07 22:00:00;4126,66000;4106,47000;4124,26300;4138,35142;4135,79319;4135,52850;4156,48810;4188,28815;4178,35537;4154,49422;4112,49982;4070,51741;4018,72469;23,24546;20,22646;46,20160;14,08842;0,60607;DOWNTREND;ADVANCE_HMA188;False;;0;21;HMA8:DOWN|HMA13:DOWN|HMA21:DOWN;0;3;False;True;8,188;;8,188;;8,21,34,188;8,21,34;;8,188;;8,188;False;DOWN;-12,40000;27.56%;DOWN;4,26000;9.47%;DOWN;-3,20000;7.1%
2026-07-08 00:00:00;4097,11000;4098,34000;4102,37606;4123,18694;4128,76213;4131,23749;4151,61704;4186,50111;4178,83021;4156,21881;4114,80662;4072,84766;4019,40080;22,48436;20,01426;45,61659;26,38608;1,17353;DOWNTREND;;False;;0;21;HMA8:DOWN|HMA13:DOWN|HMA21:DOWN;0;3;False;True;8,188;;8,188;;8,21,34,188;8,21,34;;;;;False;DOWN;-32,20000;71.56%;DOWN;-0,33000;0.74%;DOWN;-4,92000;10.94%
2026-07-08 02:00:00;4098,31000;4111,47000;4095,03883;4110,03719;4121,95646;4126,54644;4146,50001;4184,30210;4178,99077;4157,72669;4116,93980;4075,07421;4020,04430;23,07690;18,74135;48,62011;26,91763;1,16643;DOWNTREND;;False;;0;21;HMA8:DOWN|HMA13:DOWN|HMA21:DOWN;0;3;False;True;8,188;;8,188;8,13;8,21,34,188;8,21,34;8,13;;8,13;;True;DOWN;-35,13000;78.06%;DOWN;-8,92000;19.83%;DOWN;-5,71000;12.68%
2026-07-08 04:00:00;4111,46000;4114,54000;4099,05302;4102,59361;4116,39077;4122,08140;4141,33738;4181,77108;4178,87851;4159,05444;4118,93188;4077,21844;4020,66422;23,46641;17,55936;51,34975;17,33775;0,73883;DOWNTREND;;False;;0;21;HMA8:UP|HMA13:DOWN|HMA21:DOWN;1;2;False;True;8,188;;8,188;8,13;8,21,34,188;8,21,34;;;;;False;UP;-27,52000;61.16%;DOWN;-15,60000;34.67%;DOWN;-5,98000;13.28%
2026-07-08 06:00:00;4114,54000;4125,11000;4111,10000;4102,71730;4113,34737;4118,77712;4136,65228;4179,07635;4178,60097;4160,27542;4120,84268;4079,32475;4021,27988;22,97667;16,46179;50,92601;10,63008;0,46265;UPTREND;REVERSAL_TO_HMA188;False;;0;21;HMA8:UP|HMA13:UP|HMA21:DOWN;2;1;True;False;;;;21,34,188;;188;21,34,188;;21,34,188;;False;UP;-8,15000;18.11%;UP;-18,56000;41.24%;DOWN;-5,75000;12.78%
2026-07-08 08:00:00;4125,07000;4123,46000;4121,82024;4107,11734;4111,79119;4116,56092;4132,52349;4176,21667;4178,13765;4161,37198;4122,67055;4081,39518;4021,89002;22,22262;15,58623;49,84890;14,70290;0,66162;UPTREND;;False;;0;21;HMA8:UP|HMA13:UP|HMA21:DOWN;2;1;True;False;;;;21,34,188;;188;;;;;False;UP;12,34000;27.42%;UP;-17,00000;37.79%;DOWN;-5,48000;12.18%
2026-07-08 10:00:00;4123,54000;4056,67000;4100,89770;4099,03689;4103,71658;4111,57250;4127,23615;4172,37730;4176,87995;4161,92231;4124,11723;4083,21708;4022,39174;25,98958;16,80035;41,83932;4,67969;0,18006;DOWNTREND;REVERSAL_TO_HMA233;False;;2;8,13,21;HMA8:DOWN|HMA13:DOWN|HMA21:DOWN;0;3;False;True;;;;;8,13,21,34,188,233;8,13,21,34;;8,13,21,34,188,233;;8,13,21,34,188,233;False;DOWN;3,23000;7.17%;DOWN;-14,15000;31.45%;DOWN;-6,79000;15.08%
2026-07-08 12:00:00;4056,76000;4053,03000;4069,41998;4082,87827;4091,65373;4104,33156;4121,00716;4167,69948;4174,90947;4161,94805;4125,19824;4084,79565;4022,78930;25,58603;18,21692;38,94257;22,23375;0,86898;DOWNTREND;;False;;1;8,13,21;HMA8:DOWN|HMA13:DOWN|HMA21:DOWN;0;3;False;True;;;;;8,13,21,34,188,233;8,13,21,34;;;;;False;DOWN;-16,15000;35.88%;DOWN;-14,71000;32.69%;DOWN;-10,15000;22.55%
2026-07-08 14:00:00;4053,16000;4072,08000;4054,24626;4068,62840;4080,19870;4096,68075;4114,57737;4162,61990;4172,50837;4161,61946;4126,03084;4086,20756;4023,12326;26,96560;18,32123;41,54031;25,95244;0,96243;DOWNTREND;;False;;0;8,13,21;HMA8:DOWN|HMA13:DOWN|HMA21:DOWN;0;3;False;True;;;;8,13;8,13,21,34,188,233;8,13,21,34;8,13;;8,13;;False;DOWN;-27,79000;61.76%;DOWN;-14,36000;31.9%;DOWN;-12,50000;27.78%
2026-07-08 16:00:00;4072,06000;4040,81000;4040,54672;4053,49255;4067,55277;4087,35720;4107,19938;4156,83044;4169,46967;4160,79794;4126,50227;4087,36363;4023,35208;28,55092;18,64007;42,39022;27,00605;0,94589;DOWNTREND;;False;;0;8,13,21;HMA8:DOWN|HMA13:DOWN|HMA21:DOWN;0;3;False;True;8,13,21;;8,13,21;8,13;8,13,21,34,188,233;8,13,21,34;;8,13,21;;;False;DOWN;-35,44000;78.75%;DOWN;-15,99000;35.54%;DOWN;-14,23000;31.62%
2026-07-08 18:00:00;4041,28000;4063,56000;4042,75931;4044,51716;4058,51925;4078,59334;4099,78654;4150,76705;4166,11522;4159,69294;4126,76790;4088,35548;4023,52154;29,56371;19,27723;39,33519;15,75994;0,53308;DOWNTREND;;False;;0;8,13,21;HMA8:UP|HMA13:DOWN|HMA21:DOWN;1;2;False;True;8,13,21;;8,13,21;8,13,21;8,13,21,34,188,233;8,13,21,34;8,13,21;;8,13,21;;True;UP;-26,18000;58.18%;DOWN;-18,16000;40.37%;DOWN;-14,65000;32.55%
2026-07-08 20:00:00;4063,82000;4084,32000;4060,52126;4045,80748;4054,43036;4072,13792;4093,09426;4144,78102;4162,69620;4158,48475;4126,95666;4089,26460;4023,67128;29,71844;18,69649;45,36275;14,71377;0,49511;UPTREND;REVERSAL_TO_HMA34;False;;0;;HMA8:UP|HMA13:UP|HMA21:DOWN;2;1;True;False;;;;34;;;34;;34;;False;UP;-4,28000;9.51%;UP;-18,97000;42.17%;DOWN;-14,04000;31.21%
2026-07-08 22:00:00;4084,26000;4077,34000;4073,95826;4054,27422;4052,84666;4067,12836;4087,04745;4138,83052;4159,17353;4157,15418;4127,06183;4090,08629;4023,79404;29,00070;18,15724;47,50989;21,11160;0,72797;UPTREND;;False;;0;;HMA8:UP|HMA13:UP|HMA21:DOWN;2;1;True;False;;;;34;;;;;;;False;UP;9,64000;21.43%;UP;-14,43000;32.06%;DOWN;-13,40000;29.79%
2026-07-09 00:00:00;4074,58000;4076,50000;4081,77563;4063,62075;4053,30452;4063,20508;4081,76485;4132,97889;4155,57681;4155,71426;4127,09896;4090,83307;4023,89326;27,45779;17,65651;50,66121;28,47111;1,03690;UPTREND;;False;;0;;HMA8:UP|HMA13:UP|HMA21:UP;3;0;True;False;8;8;;8,34;;8;8;;8;;False;UP;20,58000;45.72%;UP;-6,67000;14.82%;UP;-12,94000;28.75%
2026-07-09 02:00:00;4076,51000;4073,93000;4082,02002;4070,18780;4054,52160;4060,32610;4077,09041;4127,29381;4151,92432;4154,16052;4127,06881;4091,51068;4023,96935;26,89009;16,74503;49,21964;27,49842;1,02262;UPTREND;;False;;0;;HMA8:UP|HMA13:UP|HMA21:UP;3;0;True;False;8;8;;8,34;;8;;;;;False;UP;20,05000;44.56%;UP;0,55000;1.23%;UP;-12,34000;27.42%
2026-07-09 04:00:00;4073,81000;4065,00000;4074,45256;4072,91811;4055,53571;4057,69470;4072,71230;4121,75123;4148,18792;4152,45754;4126,94125;4092,10067;4024,01357;26,41151;16,20691;49,91338;18,91684;0,71623;UPTREND;;False;;0;;HMA8:DOWN|HMA13:UP|HMA21:UP;2;1;True;False;8;8;;8,34;13,55;8;;13,55;;13,55;True;DOWN;7,51000;16.69%;UP;6,99000;15.53%;UP;-12,02000;26.72%
2026-07-09 06:00:00;4064,66000;4064,22000;4067,13094;4072,03918;4057,13244;4055,31055;4068,65713;4116,34468;4144,42102;4150,62824;4126,72980;4092,60910;4024,03397;25,48141;16,02439;48,30687;14,90674;0,58500;UPTREND;;False;;0;;HMA8:DOWN|HMA13:DOWN|HMA21:UP;1;2;False;True;8;8;;8,34;13,55;8;;;;;False;DOWN;-3,83000;8.52%;DOWN;10,20000;22.68%;UP;-10,36000;23.02%
2026-07-09 08:00:00;4064,22000;4107,95000;4079,50587;4078,46153;4063,64377;4055,76915;4066,02610;4111,65794;4141,02465;4148,98041;4126,64989;4093,18306;4024,10782;26,83416;15,57211;49,77746;15,86210;0,59112;UPTREND;ADVANCE_HMA233;False;;0;;HMA8:UP|HMA13:UP|HMA21:UP;3;0;True;False;8,13,55,233;8,13,55,233;;8,13,34,55,233;13,55;8,13,233;8,13,55,233;;13,55,233;;False;UP;-1,21000;2.69%;UP;11,46000;25.48%;UP;-5,96000;13.24%
2026-07-09 10:00:00;4107,90000;4108,19000;4098,24720;4089,23287;4072,92181;4058,43665;4064,59415;4107,63969;4137,94729;4147,51666;4126,70581;4093,82347;4024,23841;26,07744;15,47518;49,74386;25,32540;0,97116;UPTREND;;False;;0;;HMA8:UP|HMA13:UP|HMA21:UP;3;0;True;False;8,13,55,89,233;8,13,55,89,233;;8,13,34,55,89,233;13,55;8,13,233;89;;89;;False;UP;8,84000;19.65%;UP;12,59000;27.99%;UP;-1,60000;3.55%
2026-07-09 12:00:00;4108,19000;4099,03000;4108,28994;4098,73060;4082,36605;4062,16821;4063,95929;4104,06471;4135,06813;4146,14466;4126,85798;4094,50182;4024,41264;25,53905;15,04648;52,63931;25,92389;1,01507;UPTREND;;False;;0;;HMA8:UP|HMA13:UP|HMA21:UP;3;0;True;False;8,13,55,89,233;8,13,55,89,233;;8,13,34,55,89,233;8,13,55,89;8,13,233;;8,89;;8,89;True;UP;18,33000;40.73%;UP;12,91000;28.68%;UP;3,32000;7.38%
2026-07-09 14:00:00;4099,34000;4107,72000;4113,78011;4106,51714;4091,32081;4067,05115;4064,21139;4100,99346;4132,40932;4144,88893;4127,12807;4095,25165;4024,64486;25,48412;15,01206;49,53748;22,45930;0,88131;UPTREND;;False;;0;;HMA8:UP|HMA13:UP|HMA21:UP;3;0;True;False;8,13,55,89,233;8,13,55,89,233;;8,13,34,55,89,233;8,13,55,89;8,13,233;13,89;;89;;False;UP;24,59000;54.64%;UP;13,37000;29.7%;UP;7,33000;16.3%
2026-07-09 16:00:00;4107,57000;4127,69000;4121,26619;4116,78382;4100,77145;4073,62435;4065,70731;4098,65422;4130,12078;4143,85052;4127,58277;4096,14022;4024,96594;25,74668;15,42217;45,72501;20,49474;0,79601;UPTREND;;False;;0;;HMA8:UP|HMA13:UP|HMA21:UP;3;0;True;False;8,13,55,89,188,233;8,13,55,89,188,233;;8,13,34,55,89,188,233;8,13,55,89;8,13,188,233;8,13,188;;188;;False;UP;22,07000;49.05%;UP;15,85000;35.23%;UP;10,20000;22.67%
2026-07-09 18:00:00;4127,78000;4127,99000;4128,41115;4126,75627;4110,39758;4081,14082;4068,17279;4096,97076;4128,17064;4142,98105;4128,19893;4097,15196;4025,37490;24,86192;15,87466;41,73839;18,01357;0,72454;UPTREND;;False;;0;;HMA8:UP|HMA13:UP|HMA21:UP;3;0;True;False;8,13,55,89,188,233;8,13,55,89,188,233;;8,13,34,55,89,188,233;8,13,55,89,188;8,13,188,233;;8,188;;8,188;True;UP;16,87000;37.5%;UP;20,14000;44.76%;UP;13,03000;28.96%
2026-07-09 20:00:00;4128,07000;4124,50000;4131,78869;4132,66985;4119,29339;4089,16581;4071,22629;4095,80967;4126,48258;4142,22338;4128,92583;4098,25861;4025,86415;24,26749;16,12022;38,03426;13,37646;0,55121;UPTREND;;False;;0;;HMA8:UP|HMA13:UP|HMA21:UP;3;0;True;False;8,13,55,89,188,233;8,13,55,89,188,233;;8,13,34,55,89,188,233;8,13,55,89,116,188;8,13,188,233;;13,116;;13,116;True;UP;13,61000;30.24%;UP;20,42000;45.38%;UP;15,21000;33.8%
2026-07-09 22:00:00;4124,50000;4123,83000;4131,12241;4134,91112;4126,73596;4097,18446;4074,63803;4095,07517;4125,00971;4141,56005;4129,73583;4099,44587;4026,43147;23,10553;16,20887;46,05054;8,17516;0,35382;UPTREND;;False;;0;;HMA8:DOWN|HMA13:UP|HMA21:UP;2;1;True;False;8,13,55,89,188,233;8,13,55,89,188,233;;8,13,34,55,89,188,233;8,13,21,55,89,116,188;8,13,188,233;;21;;21;True;DOWN;10,63000;23.62%;UP;18,24000;40.53%;UP;17,36000;38.57%
2026-07-10 00:00:00;4125,30000;4121,68000;4127,30776;4134,66427;4131,99932;4104,55538;4078,28982;4094,63674;4123,69026;4140,95830;4130,60237;4100,68716;4027,07241;21,85299;16,29857;42,37414;7,35651;0,33664;DOWNTREND;REVERSAL_TO_HMA116;False;;0;;HMA8:DOWN|HMA13:DOWN|HMA21:UP;1;2;False;True;;;;;116;116;;116;;116;False;DOWN;3,95000;8.79%;DOWN;15,33000;34.06%;UP;19,28000;42.86%
2026-07-10 02:00:00;4121,68000;4126,38000;4125,42294;4133,73176;4135,59594;4111,30046;4082,24983;4094,45637;4122,51875;4140,42844;4131,52658;4101,98427;4027,78848;21,26992;15,96060;41,48118;10,17299;0,47828;DOWNTREND;;False;;0;;HMA8:DOWN|HMA13:DOWN|HMA21:UP;1;2;False;True;;;;8,116;116;116;8,116;;8,116;;True;DOWN;-2,01000;4.47%;DOWN;12,04000;26.75%;UP;20,25000;45.0%
2026-07-10 04:00:00;4126,23000;4127,80000;4126,06959;4132,27436;4137,55082;4117,32619;4086,41863;4094,51314;4121,45749;4139,95201;4132,49167;4103,33248;4028,57541;21,33993;15,31007;43,66106;11,48123;0,53802;DOWNTREND;;False;;0;;HMA8:UP|HMA13:DOWN|HMA21:UP;2;1;True;False;;;;8,116;116;116;;;;;False;UP;-3,83000;8.52%;DOWN;6,90000;15.33%;UP;19,10000;42.45%
2026-07-10 06:00:00;4127,80000;4115,14000;4122,48181;4128,24544;4137,00603;4121,91188;4090,32324;4094,59847;4120,38490;4139,41802;4133,41809;4104,68015;4029,40816;21,44779;14,89991;44,13454;14,52422;0,67719;DOWNTREND;ADVANCE_HMA34;False;;0;;HMA8:DOWN|HMA13:DOWN|HMA21:DOWN;0;3;False;True;8,34;;8,34;8,116;8,34,116;8,116;;8,34,116;;8,34;False;DOWN;-5,75000;12.78%;DOWN;0,66000;1.47%;DOWN;16,64000;36.97%
2026-07-10 08:00:00;4115,14000;4111,72000;4116,48094;4122,65292;4134,48312;4125,13550;4093,87678;4094,63294;4119,27527;4138,78270;4134,27343;4106,00916;4030,27485;20,76366;14,28150;42,94392;18,00218;0,86700;DOWNTREND;;False;;0;;HMA8:DOWN|HMA13:DOWN|HMA21:DOWN;0;3;False;True;8,34;;8,34;8,116;8,34,116;8,116;;;;;False;DOWN;-7,43000;16.5%;DOWN;-4,60000;10.22%;DOWN;14,09000;31.31%
2026-07-10 10:00:00;4111,61000;4097,88000;4106,17074;4114,25990;4129,10011;4126,47361;4096,75326;4094,41865;4117,99894;4137,96209;4134,97917;4107,26838;4031,14885;20,74697;13,59853;48,49993;22,92937;1,10519;DOWNTREND;ADVANCE_HMA233;False;;0;;HMA8:DOWN|HMA13:DOWN|HMA21:DOWN;0;3;False;True;8,233;;8,233;8,116;8,34,116,233;8,116;;8,233;;233;False;DOWN;-13,06000;29.02%;DOWN;-9,42000;20.93%;DOWN;10,32000;22.93%
2026-07-10 12:00:00;4097,79000;4104,62000;4099,54974;4107,14563;4122,90502;4126,66064;4099,24191;4094,09712;4116,63842;4137,01014;4135,57162;4108,47477;4032,03917;20,57147;12,98919;64,21774;23,35528;1,13532;DOWNTREND;;False;;0;;HMA8:DOWN|HMA13:DOWN|HMA21:DOWN;0;3;False;True;8,233;;8,233;8,55,116;8,34,116,233;8,116;8,55;;8,55;;True;DOWN;-17,86000;39.7%;DOWN;-12,57000;27.93%;DOWN;6,14000;13.65%
2026-07-10 14:00:00;4104,49000;4100,62000;4097,02980;4101,01805;4116,50861;4125,77300;4101,32823;4093,65851;4115,18582;4135,90469;4136,03489;4109,60912;4032,93650;20,61851;12,12639;64,99220;19,47881;0,94472;DOWNTREND;;False;;0;;HMA8:DOWN|HMA13:DOWN|HMA21:DOWN;0;3;False;True;8,13,55,233;;8,13,55,233;8,55,116;8,13,34,55,116,233;8,13,116;;13,55;;13,55;False;DOWN;-17,15000;38.11%;DOWN;-14,81000;32.92%;DOWN;1,70000;3.77%
2026-07-10 16:00:00;4100,62000;4092,80000;4093,59478;4095,28213;4109,74533;4123,67566;4102,90495;4093,04431;4113,60186;4134,60623;4136,33608;4110,64950;4033,82589;21,72076;12,57424;52,97431;16,15056;0,74355;DOWNTREND;ADVANCE_HMA89;False;;0;;HMA8:DOWN|HMA13:DOWN|HMA21:DOWN;0;3;False;True;8,13,55,89;;8,13,55,89;8,55,116;8,13,34,55,89,116,233;8,13,89,116;;8,13,89;;89;False;DOWN;-14,76000;32.79%;DOWN;-15,85000;35.21%;DOWN;-2,52000;5.59%
2026-07-10 18:00:00;4093,21000;4104,49000;4095,89744;4093,32090;4104,65458;4121,27007;4104,35817;4092,46975;4112,02884;4133,21246;4136,53584;4111,63885;4034,72354;21,88356;12,56347;52,86370;11,33369;0,51791;DOWNTREND;;False;;0;;HMA8:UP|HMA13:DOWN|HMA21:DOWN;1;2;False;True;8,13,55,89;;8,13,55,89;8,13,55,116;8,13,34,55,89,116,233;8,13,89,116;8,13,55;;8,13,55;;True;UP;-6,69000;14.88%;DOWN;-14,90000;33.1%;DOWN;-5,76000;12.8%
2026-07-10 20:00:00;4104,40000;4101,19000;4098,88763;4093,61188;4100,63516;4118,62485;4105,62361;4091,91752;4110,45758;4131,72389;4136,62955;4112,56624;4035,62021;20,94617;12,55348;49,80899;7,02328;0,33530;DOWNTREND;ADVANCE_HMA21;False;;0;;HMA8:UP|HMA13:UP|HMA21:DOWN;2;1;True;False;8,13,21,55;;8,13,21,55;8,13,55,116;8,13,21,34,55,89,116,233;8,13,89,116;;21,55;;21,55;False;UP;-0,45000;1.01%;UP;-13,01000;28.91%;DOWN;-8,52000;18.92%
2026-07-10 22:00:00;4101,10000;4119,78000;4107,72406;4099,38553;4099,74118;4116,87984;4107,22492;4091,67081;4109,08387;4130,27941;4136,71108;4113,49346;4036,54161;21,10644;11,67738;51,37562;8,33853;0,39507;UPTREND;REVERSAL_TO_HMA34;False;;0;8;HMA8:UP|HMA13:UP|HMA21:DOWN;2;1;True;False;;;;8,34,55,116,233;;8,55,233;8,34,55,116,233;;8,34,55,116,233;;False;UP;7,22000;16.04%;UP;-6,70000;14.89%;DOWN;-9,64000;21.42%
2026-07-13 00:00:00;4085,72000;4076,67000;4101,04898;4097,63520;4096,54076;4113,49809;4107,88971;4091,15378;4107,51515;4128,61515;4136,58805;4114,28410;4037,41748;23,16741;12,21319;56,20821;4,50823;0,19459;UPTREND;;False;;0;8;HMA8:DOWN|HMA13:DOWN|HMA21:DOWN;0;3;False;True;;;;8,34,55,116,233;;8,55,233;;;;;False;DOWN;4,60000;10.22%;DOWN;-3,91000;8.7%;DOWN;-10,04000;22.31%
2026-07-13 02:00:00;4076,65000;4073,99000;4085,30617;4090,95723;4091,60826;4108,78249;4107,63469;4090,39197;4105,77911;4126,74775;4136,26733;4114,94143;4038,24569;23,65116;13,06402;54,23754;6,30209;0,26646;UPTREND;;False;;0;8;HMA8:DOWN|HMA13:DOWN|HMA21:DOWN;0;3;False;True;;;;8,34,55,116,233;;8,55,233;;;;;False;DOWN;-6,39000;14.2%;DOWN;-4,06000;9.01%;DOWN;-10,87000;24.15%
2026-07-13 04:00:00;4074,14000;4068,62000;4071,35381;4081,03076;4085,32165;4102,86375;4106,47612;4089,37056;4103,86589;4124,68018;4135,74285;4115,46017;4039,01919;23,74537;13,85408;56,55080;13,96783;0,58823;DOWNTREND;REVERSAL_TO_HMA8;False;;0;8;HMA8:DOWN|HMA13:DOWN|HMA21:DOWN;0;3;False;True;;;;;8;8;;8;;8;False;DOWN;-16,17000;35.92%;DOWN;-5,71000;12.69%;DOWN;-11,70000;25.99%
2026-07-13 06:00:00;4068,58000;4058,86000;4058,09596;4069,91634;4077,60258;4095,77160;4104,31952;4088,00710;4101,72606;4122,39050;4134,99150;4115,82137;4039,72464;23,41141;15,15795;51,98306;19,50661;0,83321;DOWNTREND;;False;;0;8;HMA8:DOWN|HMA13:DOWN|HMA21:DOWN;0;3;False;True;8;;8;;8;8;;8;;;False;DOWN;-27,92000;62.05%;DOWN;-9,46000;21.02%;DOWN;-12,41000;27.57%
2026-07-13 08:00:00;4058,86000;4055,48000;4050,84381;4058,98524;4069,72822;4087,97440;4101,26150;4086,34322;4099,36697;4119,89784;4134,02255;4116,02783;4040,36172;23,82917;16,60521;49,95032;18,88440;0,79249;DOWNTREND;;False;;0;8;HMA8:DOWN|HMA13:DOWN|HMA21:DOWN;0;3;False;True;8;;8;;8;8;;8;;;False;DOWN;-27,78000;61.73%;DOWN;-13,61000;30.25%;DOWN;-12,58000;27.96%
2026-07-13 10:00:00;4055,54000;4074,54000;4056,09122;4054,28136;4064,38971;4081,37801;4098,04478;4084,71210;4097,01339;4117,36576;4132,94243;4116,15618;4040,96630;24,39566;17,38768;57,17370;10,10835;0,41435;DOWNTREND;;False;;0;8;HMA8:UP|HMA13:DOWN|HMA21:DOWN;1;2;False;True;8;;8;8,13,21;8;8;8,13,21;;8,13,21;;True;UP;-16,67000;37.04%;DOWN;-17,13000;38.06%;DOWN;-12,06000;26.8%
2026-07-13 12:00:00;4074,54000;4060,54000;4060,05600;4052,83950;4059,77697;4075,21552;4094,39317;4082,95528;4094,55717;4114,72797;4131,70016;4116,17200;4041,51958;24,78168;18,20225;59,07271;7,21650;0,29120;DOWNTREND;;False;;0;8;HMA8:UP|HMA13:DOWN|HMA21:DOWN;1;2;False;True;8,21;;8,21;8,13,21;8,21;8,21;;21;;21;False;UP;-6,50000;14.45%;DOWN;-16,77000;37.26%;DOWN;-11,40000;25.33%
2026-07-13 14:00:00;4060,55000;4067,28000;4063,93120;4054,68258;4056,70609;4070,05845;4090,72286;4081,22860;4092,08960;4112,05901;4130,34020;4116,10799;4042,03726;24,06585;18,95864;58,47192;9,24863;0,38431;UPTREND;REVERSAL_TO_HMA8;False;;0;8;HMA8:UP|HMA13:UP|HMA21:DOWN;2;1;True;False;;;;8;;8;8;;8;;False;UP;3,47000;7.71%;UP;-14,10000;31.34%;DOWN;-11,27000;25.04%
2026-07-13 16:00:00;4067,43000;4015,26000;4047,13454;4046,48101;4049,27414;4063,06104;4085,72147;4078,87760;4089,16741;4109,05598;4128,64382;4115,80584;4042,44067;27,14757;21,34508;46,36115;2,79313;0,10289;DOWNTREND;REVERSAL_TO_HMA377;False;;2;8,13,21;HMA8:DOWN|HMA13:DOWN|HMA21:DOWN;0;3;False;True;;;;;8,13,21,34,377;8,13,21,34;;8,13,21,34,377;;8,13,21,34,377;False;DOWN;-1,96000;4.35%;DOWN;-11,98000;26.61%;DOWN;-10,71000;23.81%
2026-07-13 18:00:00;4015,23000;3993,26000;4015,02313;4028,95099;4036,81339;4053,61767;4079,12354;4075,76790;4085,68000;4105,63162;4126,55118;4115,21342;4042,70420;27,61060;23,84925;43,38249;21,79026;0,78920;DOWNTREND;;False;;1;8,13,21;HMA8:DOWN|HMA13:DOWN|HMA21:DOWN;0;3;False;True;8;;8;;8,13,21,34,377;8,13,21,34;;8;;;False;DOWN;-20,40000;45.33%;DOWN;-13,89000;30.87%;DOWN;-12,84000;28.53%
2026-07-13 20:00:00;3993,62000;4001,40000;3993,26515;4010,30298;4023,51053;4043,03682;4071,53505;4072,14616;4081,83503;4101,90704;4124,14218;4114,38195;4042,85224;26,95056;26,17455;41,76216;30,24538;1,12225;DOWNTREND;;False;;0;8,13,21;HMA8:DOWN|HMA13:DOWN|HMA21:DOWN;0;3;False;True;8;;8;8;8,13,21,34,377;8,13,21,34;8;;8;;False;DOWN;-31,78000;70.62%;DOWN;-16,75000;37.23%;DOWN;-15,16000;33.69%
2026-07-13 22:00:00;4001,40000;4001,97000;3984,60611;3995,78592;4011,05046;4032,20589;4063,27771;4068,13827;4077,72020;4097,94612;4121,46180;4113,33453;4042,89589;25,92766;28,25250;40,68229;26,44435;1,01993;DOWNTREND;;False;;0;8,13,21;HMA8:DOWN|HMA13:DOWN|HMA21:DOWN;0;3;False;True;8;;8;8,13;8,13,21,34,377;8,13,21,34;13;;13;;True;DOWN;-37,41000;83.14%;DOWN;-20,61000;45.79%;DOWN;-17,26000;38.36%
2026-07-14 00:00:00;4005,22000;4000,95000;3986,63870;3986,82187;4000,93268;4021,75876;4054,62500;4063,84156;4073,40084;4093,81146;4118,54398;4112,08642;4042,84326;24,48712;30,14169;40,39215;14,29398;0,58373;DOWNTREND;;False;;0;8,13,21;HMA8:UP|HMA13:DOWN|HMA21:DOWN;1;2;False;True;8,21;;8,21;8,13;8,13,21,34,377;8,13,21,34;;21;;;False;UP;-31,70000;70.45%;DOWN;-24,20000;53.77%;DOWN;-19,02000;42.26%
2026-07-14 02:00:00;4000,88000;4004,17000;3994,44057;3983,23749;3993,58832;4012,61769;4046,02350;4059,39464;4068,97368;4089,57053;4115,44898;4110,67019;4042,70802;24,41946;32,29215;44,83356;11,20308;0,45878;DOWNTREND;;False;;0;8,13,21;HMA8:UP|HMA13:DOWN|HMA21:DOWN;1;2;False;True;8,21;;8,21;8,13,21;8,13,21,34,377;8,13,21,34;21;;21;;True;UP;-11,90000;26.44%;DOWN;-25,99000;57.77%;DOWN;-18,99000;42.19%
2026-07-14 04:00:00;4004,31000;4012,24000;4003,66231;3986,80308;3989,18130;4005,29147;4037,94890;4054,96317;4064,56313;4085,31572;4112,24229;4109,13398;4042,51199;24,58736;33,33205;46,62828;16,85923;0,68569;UPTREND;REVERSAL_TO_HMA34;False;;0;;HMA8:UP|HMA13:UP|HMA21:DOWN;2;1;True;False;;;;34;;;34;;34;;False;UP;6,03000;13.41%;UP;-22,02000;48.94%;DOWN;-18,14000;40.31%
2026-07-14 06:00:00;4012,25000;4020,18000;4013,77796;3995,72364;3987,98685;3999,95542;4030,83073;4050,72283;4060,28103;4081,12906;4108,98448;4107,52682;4042,27565;23,71398;33,96229;45,24666;25,79111;1,08759;UPTREND;;False;;0;;HMA8:UP|HMA13:UP|HMA21:DOWN;2;1;True;False;8;8;;8,34;;8;8;;8;;False;UP;17,09000;37.99%;UP;-13,14000;29.21%;DOWN;-17,86000;39.68%
2026-07-14 08:00:00;4020,18000;4023,84000;4022,36246;4006,32979;3989,87554;3996,53102;4024,73337;4046,76603;4056,20681;4077,05326;4105,71142;4105,87331;4042,01134;23,04941;33,76048;47,45111;32,48693;1,40945;UPTREND;;False;;0;;HMA8:UP|HMA13:UP|HMA21:UP;3;0;True;False;8;8;;8,34;;8;8;;;;False;UP;21,18000;47.07%;UP;-1,65000;3.66%;UP;-16,87000;37.49%
2026-07-14 10:00:00;4023,86000;4015,91000;4024,05411;4013,96847;3993,12863;3994,35515;4019,31448;4043,02324;4052,29799;4073,05202;4102,40226;4104,15877;4041,71347;22,49516;33,76210;47,02664;30,92548;1,37476;UPTREND;;False;;0;;HMA8:UP|HMA13:UP|HMA21:UP;3;0;True;False;8;8;;8,34;8,55;8;;8,55;;8,55;True;UP;18,22000;40.48%;UP;7,67000;17.05%;UP;-15,78000;35.07%
2026-07-14 12:00:00;4015,93000;4021,66000;4023,84087;4019,72995;3998,13347;3993,43711;4014,67376;4039,55540;4048,65960;4069,19010;4099,09932;4102,41410;4041,39871;21,64622;33,79277;44,85978;25,70740;1,18762;UPTREND;ADVANCE_HMA13;False;;0;;HMA8:DOWN|HMA13:UP|HMA21:UP;2;1;True;False;8,13,55;8,13,55;;8,13,34,55;8,55;8,13;13,55;;13,55;;False;DOWN;13,12000;29.15%;UP;14,22000;31.6%;UP;-13,29000;29.54%
2026-07-14 14:00:00;4021,68000;4076,16000;4044,27387;4035,14045;4009,80707;3996,43322;4012,17542;4037,04063;4045,78694;4065,82918;4096,06753;4100,82247;4041,16200;26,37221;32,84714;43,11046;34,46680;1,30694;UPTREND;ADVANCE_HMA144;False;;0;;HMA8:UP|HMA13:UP|HMA21:UP;3;0;True;False;8,13,89,116,144,377;8,13,89,116,144,377;;8,13,34,55,89,116,144,377;8,55;8,13;8,13,89,116,144,377;;89,116,144,377;;False;UP;16,12000;35.83%;UP;18,16000;40.36%;UP;-5,85000;12.99%
2026-07-14 16:00:00;4076,42000;4085,09000;4072,11235;4056,17378;4025,99200;4002,78753;4011,68922;4035,46131;4043,67295;4063,01057;4093,34242;4099,40694;4041,01727;25,89062;31,96905;42,06282;46,12036;1,78135;UPTREND;;False;;0;;HMA8:UP|HMA13:UP|HMA21:UP;3;0;True;False;8,13,89,116,144,377;8,13,89,116,144,377;;8,13,34,55,89,116,144,377;8,55;8,13;;;;;False;UP;25,66000;57.02%;UP;24,06000;53.48%;UP;0,55000;1.22%
2026-07-14 18:00:00;4085,14000;4061,48000;4082,92289;4071,29144;4041,28247;4010,15024;4012,17558;4034,35391;4042,00686;4060,53767;4090,81192;4098,08741;4040,92574;27,10486;30,53347;44,89265;41,64041;1,53627;UPTREND;;False;;0;;HMA8:UP|HMA13:UP|HMA21:UP;3;0;True;False;8,13,89,116,144,377;8,13,89,116,144,377;;8,13,34,55,89,116,144,377;8,13,55,144;8,13;;8,13,144;;8,13,144;True;UP;28,50000;63.33%;UP;24,92000;55.38%;UP;6,36000;14.14%
2026-07-14 20:00:00;4061,51000;4054,11000;4078,02854;4077,02056;4053,27703;4017,52855;4013,20483;4033,51628;4040,65223;4058,32234;4088,42750;4096,83891;4040,87616;26,75880;28,54281;40,26394;24,75150;0,92499;UPTREND;;False;;0;;HMA8:DOWN|HMA13:UP|HMA21:UP;2;1;True;False;8,13,89,116,144,377;8,13,89,116,144,377;;8,13,34,55,89,116,144,377;8,13,55,144;8,13;;144;;144;True;DOWN;26,85000;59.67%;UP;23,76000;52.81%;UP;11,07000;24.6%
2026-07-14 22:00:00;4054,18000;4052,56000;4065,05909;4076,30562;4061,02766;4024,44342;4014,57377;4032,84398;4039,53380;4056,32385;4086,16256;4095,65845;4040,86641;25,53674;26,69435;37,54199;15,27795;0,59827;DOWNTREND;REVERSAL_TO_HMA21;False;;0;21;HMA8:DOWN|HMA13:DOWN|HMA21:UP;1;2;False;True;;;;;21;;;21;;21;False;DOWN;11,50000;25.56%;DOWN;22,14000;49.2%;UP;14,79000;32.87%
2026-07-15 00:00:00;4052,86000;4048,98000;4052,38281;4071,30258;4065,11231;4030,35913;4016,04543;4032,22249;4038,56742;4054,49083;4083,98526;4094,52520;4040,89048;24,07198;24,97792;35,93862;18,91976;0,78597;DOWNTREND;;False;;0;21;HMA8:DOWN|HMA13:DOWN|HMA21:UP;1;2;False;True;8;;8;;8,21;8;;8;;8;False;DOWN;-11,58000;25.73%;DOWN;19,65000;43.67%;UP;17,51000;38.9%
2026-07-15 02:00:00;4048,93000;4059,02000;4050,03769;4065,44104;4067,98672;4036,20579;4017,77207;4031,75590;4037,80814;4052,85982;4081,92693;4093,45761;4040,96561;23,34255;23,70617;36,08933;17,94903;0,76894;DOWNTREND;;False;;0;21;HMA8:DOWN|HMA13:DOWN|HMA21:UP;1;2;False;True;8;;8;8,144;8,21;8;8,144;;8,144;;True;DOWN;-19,40000;43.12%;DOWN;12,21000;27.13%;UP;18,92000;42.04%
2026-07-15 04:00:00;4059,02000;4035,22000;4044,22522;4055,61019;4067,30848;4040,76201;4018,97595;4031,08419;4036,99848;4051,24818;4079,86326;4092,36511;4041,05317;24,02022;22,34319;39,26289;23,08325;0,96099;DOWNTREND;ADVANCE_HMA116;False;;0;21;HMA8:DOWN|HMA13:DOWN|HMA21:DOWN;0;3;False;True;8,13,34,116,144,377;;8,13,34,116,144,377;8,144;8,13,21,34,116,144,377;8,13,116,144;;8,13,34,116,144,377;;13,34,116,144,377;False;DOWN;-19,38000;43.07%;DOWN;-0,22000;0.5%;DOWN;17,87000;39.71%
2026-07-15 06:00:00;4035,15000;4033,14000;4036,36081;4045,60542;4063,79466;4044,01727;4019,81742;4030,16389;4036,11133;4049,62919;4077,78055;4091,23266;4041,15175;23,18307;21,13105;40,80613;27,43384;1,18336;DOWNTREND;;False;;0;21;HMA8:DOWN|HMA13:DOWN|HMA21:DOWN;0;3;False;True;8,13,34,116,144,377;;8,13,34,116,144,377;8,144;8,13,21,34,116,144,377;8,13,116,144;;;;;False;DOWN;-17,20000;38.21%;DOWN;-10,46000;23.25%;DOWN;16,95000;37.67%
2026-07-15 08:00:00;4033,14000;4032,03000;4030,84581;4036,90533;4058,07464;4046,04023;4020,46650;4028,98011;4035,10957;4047,98720;4075,67212;4090,04873;4041,25747;22,62213;20,32337;46,46585;27,22883;1,20364;DOWNTREND;;False;;0;21;HMA8:DOWN|HMA13:DOWN|HMA21:DOWN;0;3;False;True;8,13,34,116,144,377;;8,13,34,116,144,377;8,144;8,13,21,34,116,144,377;8,13,116,144;8;;8;;True;DOWN;-13,39000;29.75%;DOWN;-16,46000;36.59%;DOWN;14,84000;32.98%
2026-07-15 10:00:00;4031,91000;4031,12000;4026,94026;4030,64433;4050,71005;4046,95376;4021,00029;4027,61089;4033,96569;4046,31164;4073,53451;4088,80437;4041,36509;22,21055;19,75218;48,13505;23,76980;1,07020;DOWNTREND;;False;;0;21;HMA8:DOWN|HMA13:DOWN|HMA21:DOWN;0;3;False;True;8,13,34,116,144,377;;8,13,34,116,144,377;8,13,144;8,13,21,34,116,144,377;8,13,116,144;13;;13;;True;DOWN;-14,57000;32.39%;DOWN;-18,91000;42.03%;DOWN;10,43000;23.19%
2026-07-15 12:00:00;4031,32000;4028,08000;4025,48496;4025,81606;4043,13835;4046,76845;4021,40440;4026,11650;4032,68944;4044,57456;4071,35613;4087,48668;4041,46692;21,37337;19,11544;47,66618;17,65339;0,82595;DOWNTREND;;False;;0;21;HMA8:DOWN|HMA13:DOWN|HMA21:DOWN;0;3;False;True;8,13,34,116,144,377;;8,13,34,116,144,377;8,13,144;8,13,21,34,116,144,377;8,13,116,144;;13;;;False;DOWN;-12,36000;27.47%;DOWN;-19,53000;43.4%;DOWN;4,59000;10.19%
2026-07-15 14:00:00;4028,00000;4067,76000;4040,77719;4031,13294;4040,78776;4048,06068;4022,80747;4025,09223;4031,68815;4043,02415;4069,31542;4086,22512;4041,62352;22,97670;18,76793;50,95311;9,65483;0,42020;UPTREND;REVERSAL_TO_HMA34;False;;2;8,13,21;HMA8:UP|HMA13:UP|HMA21:DOWN;2;1;True;False;;;;8,13,21,34,116,144,377;;8,13,34,377;8,13,21,34,116,144,377;;8,13,21,34,116,144,377;;False;UP;2,75000;6.11%;UP;-13,97000;31.06%;DOWN;-0,12000;0.27%
2026-07-15 16:00:00;4068,37000;4060,39000;4056,77313;4041,22079;4041,66812;4049,98086;4024,86326;4024,41869;4030,87613;4041,62027;4067,36457;4084,98850;4041,81684;22,82265;18,55481;52,78151;15,55234;0,68144;UPTREND;;False;;1;8,13,21;HMA8:UP|HMA13:UP|HMA21:UP;3;0;True;False;;;;8,13,21,34,116,144,377;188;8,13,34,377;;188;;188;False;UP;15,86000;35.23%;UP;-6,00000;13.33%;UP;-2,91000;6.47%
2026-07-15 18:00:00;4061,02000;4033,72000;4055,33948;4046,33529;4041,76038;4050,74738;4026,82220;4023,72808;4029,99699;4040,20773;4065,38997;4083,68346;4041,99913;23,75960;17,43255;48,78629;13,57910;0,57152;UPTREND;;False;;0;8,13,21;HMA8:DOWN|HMA13:UP|HMA21:UP;2;1;True;False;;;;8,13,21,34,116,144,377;8,13,21,34,144,188,377;8,13,34,377;;8,13,21,34,144,377;;8,13,21,34,144,377;False;DOWN;16,64000;36.97%;UP;0,29000;0.65%;UP;-4,64000;10.3%
2026-07-15 20:00:00;4033,90000;4059,14000;4055,96059;4051,33952;4043,69612;4051,83776;4029,36057;4023,39084;4029,30252;4038,96305;4063,52638;4082,39006;4042,20849;25,50535;16,77273;52,21457;12,26447;0,48086;UPTREND;;False;;0;8,13,21;HMA8:UP|HMA13:UP|HMA21:UP;3;0;True;False;8,13,21,34,144,377;8,13,21,34,144,377;;8,13,21,34,116,144,377;8,13,21,34,144,188,377;8,13,21,34,377;8,13,21,34,144,377;;21,144;;False;UP;16,63000;36.96%;UP;5,39000;11.97%;UP;-4,80000;10.67%
2026-07-15 22:00:00;4059,02000;4059,94000;4057,67959;4056,30281;4046,34952;4052,96199;4032,38031;4023,41632;4028,78604;4037,88531;4061,77969;4081,11534;4042,44224;24,76639;16,16003;59,00885;11,33007;0,45748;UPTREND;;False;;0;8,13,21;HMA8:UP|HMA13:UP|HMA21:UP;3;0;True;False;8,13,21,34,144,377;8,13,21,34,144,377;;8,13,21,34,116,144,377;8,13,21,34,144,188,377;8,13,21,34,377;;;;;False;UP;9,68000;21.52%;UP;9,80000;21.77%;UP;-4,99000;11.1%
2026-07-16 00:00:00;4064,40000;4059,54000;4059,08837;4060,79754;4049,88153;4053,75087;4035,67369;4023,75476;4028,43858;4036,96281;4060,14684;4079,86433;4042,69562;23,56736;15,72567;57,17679;10,91601;0,46318;UPTREND;;False;;0;8,13,21;HMA8:UP|HMA13:UP|HMA21:UP;3;0;True;False;8,13,21,34,144,377;8,13,21,34,144,377;;8,13,21,34,116,144,377;8,13,21,34,144,188,377;8,13,21,34,377;;13,188;;13,188;True;UP;1,41000;3.13%;UP;13,90000;30.88%;UP;-4,23000;9.4%
2026-07-16 02:00:00;4059,43000;4044,61000;4056,06156;4059,30507;4052,31171;4053,72556;4038,62991;4024,15986;4028,09505;4036,09010;4058,55825;4078,59065;4042,94032;23,18684;14,61740;58,28943;6,99336;0,30161;DOWNTREND;REVERSAL_TO_HMA21;False;;2;8,13,21;HMA8:DOWN|HMA13:DOWN|HMA21:UP;1;2;False;True;;;;;8,13,21,34,188;8,13,34,188;;8,13,21,34,188;;8,13,21,34,188;False;DOWN;0,45000;0.99%;DOWN;11,45000;25.44%;UP;-2,84000;6.3%
2026-07-16 04:00:00;4044,62000;4031,43000;4044,19180;4052,48532;4051,75893;4052,62187;4040,77962;4024,42956;4027,62272;4035,18965;4056,95561;4077,25579;4043,15302;23,40135;14,44759;60,89845;8,29352;0,35440;DOWNTREND;ADVANCE_HMA144;False;;1;8,13,21;HMA8:DOWN|HMA13:DOWN|HMA21:DOWN;0;3;False;True;8,55,144,377;;8,55,144,377;;8,13,21,34,55,144,188,377;8,13,34,144,188;;8,55,144,377;;55,144,377;False;DOWN;-7,17000;15.92%;DOWN;4,59000;10.19%;DOWN;-1,55000;3.44%
2026-07-16 06:00:00;4031,41000;4033,16000;4033,60565;4044,54678;4049,30320;4050,72332;4042,28386;4024,58698;4027,04916;4034,27467;4055,35582;4075,87229;4043,33982;22,45268;14,28991;60,45019;15,69755;0,69914;DOWNTREND;;False;;0;8,13,21;HMA8:DOWN|HMA13:DOWN|HMA21:DOWN;0;3;False;True;8,55,144,377;;8,55,144,377;;8,13,21,34,55,144,188,377;8,13,34,144,188;;;;;False;DOWN;-15,01000;33.35%;DOWN;-0,76000;1.69%;DOWN;-0,36000;0.8%
2026-07-16 08:00:00;4033,00000;4030,61000;4027,17874;4036,56063;4045,46484;4048,24756;4043,15244;4024,58928;4026,35871;4033,33084;4053,74755;4074,43771;4043,50041;21,80892;14,35091;58,03713;18,28610;0,83847;DOWNTREND;;False;;0;8,13,21;HMA8:DOWN|HMA13:DOWN|HMA21:DOWN;0;3;False;True;8,55,144,377;;8,55,144,377;;8,13,21,34,55,144,188,377;8,13,34,144,188;;8;;;False;DOWN;-20,09000;44.65%;DOWN;-6,44000;14.32%;DOWN;0,61000;1.36%
2026-07-16 10:00:00;4030,66000;4035,21000;4026,80339;4031,08353;4041,51667;4045,80003;4043,51216;4024,55045;4025,59937;4032,38934;4052,15296;4072,97456;4043,64345;21,21757;14,40145;58,19486;14,71328;0,69345;DOWNTREND;;False;;0;8,13,21;HMA8:DOWN|HMA13:DOWN|HMA21:DOWN;0;3;False;True;8,55,144,377;;8,55,144,377;13,144;8,13,21,34,55,144,188,377;8,13,34,144,188;13,144;;13,144;;True;DOWN;-19,02000;42.27%;DOWN;-11,21000;24.9%;DOWN;0,20000;0.44%
2026-07-16 12:00:00;4035,24000;4029,48000;4028,04070;4026,95024;4037,53221;4043,27520;4043,31032;4024,43199;4024,75463;4031,40431;4050,54432;4071,46782;4043,76047;20,35346;14,37082;57,39176;10,58197;0,51991;DOWNTREND;;False;;0;8,13,21;HMA8:UP|HMA13:DOWN|HMA21:DOWN;1;2;False;True;8,13,55,144,377;;8,13,55,144,377;13,144;8,13,21,34,55,144,188,377;8,13,34,144,188;;13,144;;;False;UP;-11,22000;24.94%;DOWN;-15,49000;34.43%;DOWN;-1,16000;2.59%
2026-07-16 14:00:00;4029,46000;3992,27000;4014,19293;4017,02074;4029,82524;4038,83375;4041,70109;4023,74603;4023,51984;4030,13378;4048,75416;4069,80250;4043,79352;22,67964;15,85420;48,45696;15,63231;0,68927;DOWNTREND;;False;;0;8,13,21;HMA8:DOWN|HMA13:DOWN|HMA21:DOWN;0;3;False;True;8,13,55,89,116,144,377;;8,13,55,89,116,144,377;13,144;8,13,21,34,55,89,116,144,188,377;8,13,34,89,116,144,188;;8,13,89,116;;89,116;False;DOWN;-12,08000;26.84%;DOWN;-17,26000;38.36%;DOWN;-3,01000;6.69%
2026-07-16 16:00:00;3992,09000;3997,77000;3999,35152;4006,18708;4020,44282;4033,30724;4039,16624;4022,68906;4021,99974;4028,65222;4046,82269;4068,00868;4043,75542;23,53538;17,71323;44,75543;21,09130;0,89615;DOWNTREND;;False;;0;8,13,21;HMA8:DOWN|HMA13:DOWN|HMA21:DOWN;0;3;False;True;8,13,55,89,116,144,377;;8,13,55,89,116,144,377;13,144;8,13,21,34,55,89,116,144,188,377;8,13,34,89,116,144,188;;;;;False;DOWN;-16,47000;36.59%;DOWN;-18,15000;40.34%;DOWN;-5,64000;12.54%
2026-07-16 18:00:00;3997,93000;3991,98000;3988,67335;3995,46341;4010,15637;4026,81619;4035,77273;4021,27887;4020,20984;4026,95251;4044,75107;4066,07846;4043,64168;24,31142;18,89409;43,72202;21,48302;0,88366;DOWNTREND;;False;;0;8,13,21;HMA8:DOWN|HMA13:DOWN|HMA21:DOWN;0;3;False;True;8,13,55,89,116,144,377;;8,13,55,89,116,144,377;13,144;8,13,21,34,55,89,116,144,188,377;8,13,34,89,116,144,188;;8,13;;;False;DOWN;-21,41000;47.58%;DOWN;-18,60000;41.33%;DOWN;-8,47000;18.82%
2026-07-16 20:00:00;3992,03000;3980,29000;3978,78402;3984,96293;3999,24070;4019,19212;4031,40542;4019,46245;4018,11631;4024,98271;4042,51341;4063,98557;4043,43696;23,74846;20,17164;43,23063;20,45668;0,86139;DOWNTREND;;False;;0;8,13,21;HMA8:DOWN|HMA13:DOWN|HMA21:DOWN;0;3;False;True;8,13,55,89,116,144,377;;8,13,55,89,116,144,377;13,144;8,13,21,34,55,89,116,144,188,377;8,13,34,89,116,144,188;;8,13;;;False;DOWN;-27,41000;60.91%;DOWN;-19,91000;44.24%;DOWN;-12,04000;26.75%
2026-07-16 22:00:00;3980,29000;3976,41000;3973,15507;3975,11289;3988,98609;4010,89859;4026,28764;4017,28732;4015,76727;4022,76391;4040,11417;4061,74001;4043,13922;23,25429;21,58098;39,46649;15,83102;0,68078;DOWNTREND;;False;;0;8,13,21;HMA8:DOWN|HMA13:DOWN|HMA21:DOWN;0;3;False;True;8,13,55,89,116,144,377;;8,13,55,89,116,144,377;13,144;8,13,21,34,55,89,116,144,188,377;8,13,34,89,116,144,188;;8,13;;;False;DOWN;-23,81000;52.9%;DOWN;-21,86000;48.57%;DOWN;-15,23000;33.85%
2026-07-17 00:00:00;3977,58000;3978,32000;3971,38413;3968,55839;3980,12366;4002,66351;4020,79647;4014,86006;4013,25266;4020,35547;4037,59289;4059,37045;4042,75587;22,10255;22,88966;39,65592;11,56527;0,52325;DOWNTREND;;False;;0;8,13,21;HMA8:DOWN|HMA13:DOWN|HMA21:DOWN;0;3;False;True;8,13,55,89,116,144,377;;8,13,55,89,116,144,377;13,144;8,13,21,34,55,89,116,144,188,377;8,13,34,89,116,144,188;;;;;False;DOWN;-17,55000;39.01%;DOWN;-23,76000;52.81%;DOWN;-17,96000;39.91%
2026-07-17 02:00:00;3978,29000;3991,79000;3977,32635;3969,13826;3974,43235;3995,56690;4015,57313;4012,43707;4010,75169;4017,88806;4035,03978;4056,93726;4042,31261;21,69737;23,27735;39,82979;8,18809;0,37738;UPTREND;REVERSAL_TO_HMA21;False;;0;21;HMA8:UP|HMA13:UP|HMA21:DOWN;2;1;True;False;;;;21;;;21;;21;;False;UP;-7,45000;16.55%;UP;-20,19000;44.88%;DOWN;-19,04000;42.31%
2026-07-17 04:00:00;3991,86000;3979,18000;3981,03937;3970,83427;3970,20530;3989,04146;4010,44091;4009,90698;4008,18614;4015,31068;4032,42135;4054,41851;4041,79210;21,95542;23,81700;43,76694;10,83407;0,49346;UPTREND;;False;;0;21;HMA8:UP|HMA13:UP|HMA21:DOWN;2;1;True;False;;;;21;8,34;;;8,34;;8,34;True;UP;1,47000;3.27%;UP;-15,02000;33.38%;DOWN;-18,92000;42.05%
2026-07-17 06:00:00;3978,91000;3981,73000;3982,13317;3973,19281;3967,63004;3983,33257;4005,53521;4007,38459;4005,62795;4012,66780;4029,77235;4051,84350;4041,20574;22,50931;23,47395;50,27917;14,50313;0,64432;UPTREND;ADVANCE_HMA8;False;;0;21;HMA8:UP|HMA13:UP|HMA21:DOWN;2;1;True;False;8;8;;8,21;8,34;8;8;;8;;False;UP;5,69000;12.65%;UP;-9,36000;20.81%;DOWN;-18,17000;40.38%
2026-07-17 08:00:00;3981,54000;3999,32000;3989,19722;3979,23324;3968,48852;3979,45328;4001,39105;4005,17535;4003,28503;4010,09827;4027,18918;4049,28865;4040,58792;23,16579;23,30276;54,42539;20,70870;0,89393;UPTREND;ADVANCE_HMA34;False;;0;21;HMA8:UP|HMA13:UP|HMA21:UP;3;0;True;False;34;34;;8,21,34;8,34;8;8,34;;34;;False;UP;10,88000;24.18%;UP;-2,36000;5.25%;UP;-16,60000;36.88%
2026-07-17 10:00:00;3999,12000;3994,07000;3994,40320;3986,07014;3971,31413;3976,83537;3997,82348;4003,17228;4001,13091;4007,59008;4024,65919;4046,74916;4039,93324;22,55466;23,14380;54,96727;23,08907;1,02369;UPTREND;;False;;0;21;HMA8:UP|HMA13:UP|HMA21:UP;3;0;True;False;34;34;;8,21,34;8,34,55;8;;8,55;;8,55;True;UP;10,72000;23.82%;UP;4,63000;10.29%;UP;-14,54000;32.32%
2026-07-17 12:00:00;3994,06000;3990,87000;3995,71454;3991,02962;3975,00257;3975,08150;3994,64658;4001,30986;3999,12872;4005,14980;4022,18242;4044,22480;4039,24225;21,79647;22,99619;54,78710;20,71197;0,95024;UPTREND;;False;;0;21;HMA8:UP|HMA13:UP|HMA21:UP;3;0;True;False;34;34;;8,21,34;8,13,34,55;8;;13;;13;True;UP;9,55000;21.23%;UP;9,75000;21.67%;UP;-11,78000;26.17%
2026-07-17 14:00:00;3990,86000;3966,10000;3985,37315;3987,94933;3976,17526;3972,75921;3991,10172;3999,23835;3997,05068;4002,64502;4019,66314;4041,64674;4038,48182;22,71601;23,99123;54,73415;11,77407;0,51832;DOWNTREND;REVERSAL_TO_HMA34;False;;2;8,13,21;HMA8:DOWN|HMA13:DOWN|HMA21:UP;1;2;False;True;;;;;8,13,21,34;8,13,34;;8,13,21,34;;8,13,21,34;False;DOWN;2,04000;4.54%;DOWN;7,86000;17.46%;UP;-8,51000;18.91%
2026-07-17 16:00:00;3966,24000;4001,09000;3984,95057;3988,56678;3979,06517;3971,92845;3988,17973;3997,43611;3995,24503;4000,31644;4017,28183;4039,14287;4037,71599;24,29415;24,47709;56,50357;9,50161;0,39111;DOWNTREND;;False;;1;8,13,21;HMA8:DOWN|HMA13:UP|HMA21:UP;2;1;True;False;;;;8,13,21,34,55,89,116,144;8,13,21,34;8,13,21,34;8,13,21,34,55,89,116,144;;8,13,21,34,55,89,116,144;;False;DOWN;-2,50000;5.56%;UP;6,94000;15.41%;UP;-4,75000;10.55%
2026-07-17 18:00:00;4001,09000;4014,90000;3997,71843;3994,68091;3984,62095;3973,00177;3986,18345;3996,03060;3993,81423;3998,25340;4015,09524;4036,76569;4036,97055;24,40529;23,62749;63,78449;13,09747;0,53667;DOWNTREND;;False;;0;8,13,21;HMA8:UP|HMA13:UP|HMA21:UP;3;0;True;False;;;;8,13,21,34,55,89,116,144;8,13,21,34;8,13,21,34;;;;;False;UP;1,95000;4.32%;UP;8,35000;18.55%;UP;-1,02000;2.28%
2026-07-17 20:00:00;4015,17000;4011,23000;4009,47581;4002,62380;3991,31299;3975,45042;3984,83242;3994,89855;3992,68588;3996,42212;4013,07665;4034,50654;4036,24113;23,56348;22,83858;61,27909;18,16282;0,77080;DOWNTREND;;False;;0;8,13,21;HMA8:UP|HMA13:UP|HMA21:UP;3;0;True;False;188;;188;8,13,21,34,55,89,116,144;8,13,21,34,188;8,13,21,34;;188;;188;False;UP;8,31000;18.46%;UP;9,39000;20.88%;UP;2,72000;6.04%
2026-07-17 22:00:00;4011,20000;4017,53000;4019,65722;4010,59556;3998,93683;3979,35368;3984,20517;3994,08642;3991,87729;3994,84597;4011,24362;4032,38119;4035,53960;23,03537;22,32319;59,07380;20,72039;0,89950;UPTREND;REVERSAL_TO_HMA188;False;;0;;HMA8:UP|HMA13:UP|HMA21:UP;3;0;True;False;;;;8,188;;8;8,188;;8,188;;False;UP;20,41000;45.35%;UP;10,06000;22.36%;UP;6,07000;13.49%
2026-07-20 00:00:00;4002,79000;3994,73000;4015,01480;4012,60422;4003,54478;3983,06171;3983,62798;3993,22879;3991,14440;3993,35895;4009,47754;4030,31116;4034,83050;23,11356;22,27738;60,02097;11,47002;0,49625;UPTREND;;False;;0;;HMA8:DOWN|HMA13:UP|HMA21:UP;2;1;True;False;;;;8,188;21,144;8;;21,144;;21,144;True;DOWN;18,01000;40.03%;UP;8,84000;19.65%;UP;8,21000;18.24%
2026-07-20 02:00:00;3994,83000;4008,46000;4008,93567;4013,90259;4007,00952;3986,88140;3983,46253;3992,49632;3990,59396;3992,04066;4007,83263;4028,33898;4034,13910;23,42545;22,71609;61,29319;6,89308;0,29426;UPTREND;;False;;0;;HMA8:DOWN|HMA13:UP|HMA21:UP;2;1;True;False;21,188;21,188;;8,21,188;21,144;8,21;21,188;;21,188;;False;DOWN;6,83000;15.17%;UP;10,46000;23.25%;UP;9,54000;21.21%
2026-07-20 04:00:00;4008,55000;4021,82000;4012,15356;4016,18553;4011,00320;3991,35913;3984,01550;3992,05607;3990,31551;3990,96760;4006,35733;4026,50012;4033,48855;24,10863;21,85900;61,33715;5,18233;0,21496;UPTREND;;False;;0;;HMA8:UP|HMA13:UP|HMA21:UP;3;0;True;False;8,13,21,188;8,13,21,188;;8,13,21,188;21,144;8,13,21;8,13,21;;13;;False;UP;1,59000;3.53%;UP;10,81000;24.02%;UP;10,00000;22.22%
2026-07-20 06:00:00;4021,82000;4018,84000;4016,52035;4018,63496;4014,97517;3996,10590;3984,99110;3991,82612;3990,24979;3990,09777;4005,02587;4024,77372;4032,87164;23,06159;21,06313;60,57034;3,65980;0,15870;UPTREND;;False;;0;;HMA8:UP|HMA13:UP|HMA21:UP;3;0;True;False;8,13,21,188;8,13,21,188;;8,13,21,188;21,144;8,13,21;;;;;False;UP;-1,95000;4.33%;UP;9,82000;21.83%;UP;10,72000;23.82%
2026-07-20 08:00:00;4018,85000;4003,75000;4014,88335;4017,24441;4017,23200;4000,05623;3985,92957;3991,58438;3990,23024;3989,31423;4003,75052;4023,10080;4032,26289;22,71433;21,07706;59,77295;2,36106;0,10395;DOWNTREND;REVERSAL_TO_HMA8;False;;2;8,13,21;HMA8:DOWN|HMA13:DOWN|HMA21:UP;1;2;False;True;;;;;8,13,21,188;8,13,188;;8,13,21,188;;8,13,21,188;False;DOWN;-0,08000;0.18%;DOWN;6,12000;13.61%;UP;10,53000;23.4%
2026-07-20 10:00:00;4003,82000;4018,93000;4015,43483;4016,96148;4019,37849;4004,13943;3987,29007;3991,50496;3990,38107;3988,70909;4002,58713;4021,52615;4031,68587;23,12831;20,46630;58,60799;3,94366;0,17051;DOWNTREND;;False;;1;8,13,21;HMA8:UP|HMA13:DOWN|HMA21:UP;2;1;True;False;;;;8,13,21,34;8,13,21,188;8,13,21,34,188;8,13,21,34;;8,13,21,34;;False;UP;4,02000;8.93%;DOWN;2,63000;5.84%;UP;10,58000;23.51%
2026-07-20 12:00:00;4018,94000;4024,21000;4019,04557;4019,26998;4021,30425;4008,28283;3989,15139;3991,64194;3990,69740;3988,29816;4001,54847;4020,05716;4031,14624;22,24200;19,89917;56,14313;2,25868;0,10155;DOWNTREND;;False;;0;8,13,21;HMA8:UP|HMA13:UP|HMA21:UP;3;0;True;False;;;;8,13,21,34,233;8,13,21,188;8,13,21,34,188;8,13,21,233;;13,233;;False;UP;4,43000;9.84%;UP;2,86000;6.35%;UP;10,75000;23.9%
2026-07-20 14:00:00;4024,30000;4008,11000;4016,73274;4018,91530;4021,31436;4011,40727;3991,02641;3991,77000;3990,99409;3987,95840;4000,54551;4018,63240;4030,61492;23,10257;18,53135;53,36931;4,58162;0,19832;DOWNTREND;;False;;0;8,13,21;HMA8:DOWN|HMA13:DOWN|HMA21:UP;1;2;False;True;8,13,21,34,233;;8,13,21,34,233;8,13,21,34,233;8,13,21,34,188,233;8,13,21,34,188,233;;8,13,21,34,233;;21,34,233;False;DOWN;0,13000;0.29%;DOWN;2,07000;4.6%;UP;9,02000;20.06%
2026-07-20 16:00:00;4008,25000;4006,17000;4011,78898;4015,52166;4020,02637;4013,57830;3992,80212;3991,87440;3991,24461;3987,65302;3999,56078;4017,24371;4030,08675;22,81882;17,61945;54,18158;8,23739;0,36099;DOWNTREND;;False;;0;8,13,21;HMA8:DOWN|HMA13:DOWN|HMA21:DOWN;0;3;False;True;8,13,21,34,233;;8,13,21,34,233;8,13,21,34,233;8,13,21,34,188,233;8,13,21,34,188,233;;;;;False;DOWN;-1,94000;4.31%;DOWN;-0,28000;0.62%;DOWN;7,17000;15.94%
2026-07-20 18:00:00;4006,17000;4009,76000;4008,37170;4012,09709;4018,14926;4015,15951;3994,58256;3992,02371;3991,47642;3987,39952;3998,59559;4015,90024;4029,56686;22,47676;16,64204;52,27453;9,77756;0,43501;DOWNTREND;;False;;0;8,13,21;HMA8:DOWN|HMA13:DOWN|HMA21:DOWN;0;3;False;True;8,13,21,34,233;;8,13,21,34,233;8,13,21,34,233;8,13,21,34,188,233;8,13,21,34,188,233;8;;;;False;DOWN;-4,49000;9.98%;DOWN;-2,78000;6.17%;DOWN;4,89000;10.86%
2026-07-20 20:00:00;4009,76000;4007,23000;4005,86265;4009,66542;4016,00962;4016,02698;3996,33496;3992,16477;3991,66450;3987,18287;3997,63463;4014,58951;4029,04899;21,55127;15,73444;60,50531;10,14697;0,47083;DOWNTREND;;False;;0;8,13,21;HMA8:DOWN|HMA13:DOWN|HMA21:DOWN;0;3;False;True;8,13,21,34,233;;8,13,21,34,233;8,13,21,34,233;8,13,21,34,188,233;8,13,21,34,188,233;;8,13;;;False;DOWN;-8,69000;19.32%;DOWN;-3,35000;7.45%;DOWN;3,31000;7.36%
2026-07-20 22:00:00;4007,27000;4008,53000;4005,98426;4007,84128;4014,01752;4016,43754;3998,08234;3992,31001;3991,80227;3987,01161;3996,68586;4013,30639;4028,53345;20,99261;14,67258;58,87087;8,03326;0,38267;DOWNTREND;;False;;0;8,13,21;HMA8:UP|HMA13:DOWN|HMA21:DOWN;1;2;False;True;8,13,21,34,233;;8,13,21,34,233;8,13,21,34,233;8,13,21,34,188,233;8,13,21,34,188,233;13;;;;False;UP;-7,29000;16.21%;DOWN;-4,14000;9.2%;DOWN;1,91000;4.25%
2026-07-21 00:00:00;4008,93000;4000,48000;4004,00548;4004,79897;4011,26202;4016,14332;3999,55065;3992,36371;3991,81078;3986,84036;3995,71332;4012,02278;4028,00698;20,27743;13,87047;58,64420;7,25654;0,35786;DOWNTREND;;False;;0;8,13,21;HMA8:DOWN|HMA13:DOWN|HMA21:DOWN;0;3;False;True;8,13,21,34,233;;8,13,21,34,233;8,13,21,34,233;8,13,21,34,188,233;8,13,21,34,188,233;;8,13;;;False;DOWN;-5,48000;12.18%;DOWN;-6,78000;15.07%;DOWN;0,07000;0.16%
2026-07-21 02:00:00;4000,48000;4024,79000;4010,41483;4007,19611;4010,84634;4016,50563;4001,43480;3992,67023;3991,93335;3986,81587;3994,83191;4010,81942;4027,50777;20,74761;13,68646;60,09793;3,65023;0,17594;UPTREND;REVERSAL_TO_HMA233;False;;2;8,13,21;HMA8:UP|HMA13:UP|HMA21:DOWN;2;1;True;False;;;;8,13,21,34,55,233;;8,13,34,55;8,13,21,34,55,233;;55,233;;False;UP;1,41000;3.13%;UP;-5,38000;11.95%;DOWN;-1,14000;2.53%
2026-07-21 04:00:00;4025,25000;4038,00000;4025,04798;4015,54371;4013,65795;4018,05064;4004,01972;3993,35899;3992,28354;3987,00701;3994,08891;4009,73467;4027,05397;21,16492;14,43162;57,72146;11,39004;0,53816;UPTREND;;False;;1;8,13,21;HMA8:UP|HMA13:UP|HMA21:UP;3;0;True;False;377;377;;8,13,21,34,55,233,377;;8,13,34,55;377;;377;;False;UP;12,77000;28.37%;UP;0,01000;0.02%;UP;-0,97000;2.15%
2026-07-21 06:00:00;4037,96000;4049,56000;4041,88298;4028,56464;4019,64786;4021,11365;4007,41521;3994,53793;3992,93293;3987,47113;3993,52694;4008,80010;4026,65761;20,71457;15,41359;60,19256;22,23512;1,07340;UPTREND;;False;;0;8,13,21;HMA8:UP|HMA13:UP|HMA21:UP;3;0;True;False;8,377;8,377;;8,13,21,34,55,233,377;;8,13,34,55;8;;;;False;UP;23,42000;52.06%;UP;7,55000;16.77%;UP;0,07000;0.17%
2026-07-21 08:00:00;4049,56000;4078,40000;4065,42637;4047,50578;4030,51733;4026,76789;4012,14687;3996,55074;3994,11232;3988,36507;3993,26673;4008,09634;4026,36000;21,93210;17,46640;44,60557;34,90904;1,59169;UPTREND;;False;;0;8,13,21;HMA8:UP|HMA13:UP|HMA21:UP;3;0;True;False;8,377;8,377;;8,13,21,34,55,233,377;;8,13,34,55;8;;;;False;UP;35,00000;77.77%;UP;16,04000;35.65%;UP;2,41000;5.35%
2026-07-21 10:00:00;4078,50000;4062,77000;4077,10041;4063,36853;4041,95882;4033,27207;4017,46053;3999,06909;3995,61888;3989,53911;3993,21567;4007,55681;4026,13045;21,86338;19,37257;46,14072;35,14159;1,60733;UPTREND;;False;;0;8,13,21;HMA8:UP|HMA13:UP|HMA21:UP;3;0;True;False;8,377;8,377;;8,13,21,34,55,233,377;8,13;8,13,34,55;;8,13;;8,13;True;UP;37,33000;82.95%;UP;22,94000;50.98%;UP;5,39000;11.99%
2026-07-21 12:00:00;4062,90000;4062,85000;4077,18683;4074,19486;4052,60753;4039,84178;4023,09523;4001,99205;3997,40977;3990,96409;3993,35372;4007,17177;4025,96424;20,95671;21,14259;44,94270;24,57930;1,17286;UPTREND;;False;;0;8,13,21;HMA8:UP|HMA13:UP|HMA21:UP;3;0;True;False;8,377;8,377;;8,13,21,34,55,233,377;8,13;8,13,34,55;;;;;False;UP;31,88000;70.85%;UP;28,89000;64.21%;UP;8,84000;19.64%
2026-07-21 14:00:00;4062,85000;4053,88000;4069,50906;4076,73905;4060,57780;4045,53570;4028,56830;4005,11640;3999,35841;3992,55564;3993,62654;4006,90130;4025,84281;20,50695;21,98197;43,02829;16,16126;0,78809;UPTREND;;False;;0;8,13,21;HMA8:DOWN|HMA13:UP|HMA21:UP;2;1;True;False;8,377;8,377;;8,13,21,34,55,233,377;8,13,21;8,13,34,55;;21;;21;True;DOWN;18,61000;41.36%;UP;29,48000;65.5%;UP;11,69000;25.98%
2026-07-21 16:00:00;4054,05000;4068,34000;4064,79565;4077,31191;4067,35318;4051,05988;4034,07511;4008,56652;4001,56218;3994,37595;3994,09073;4006,77889;4025,78358;21,13145;23,06681;45,56832;12,51626;0,59230;UPTREND;ADVANCE_HMA21;False;;0;8,13,21;HMA8:DOWN|HMA13:UP|HMA21:UP;2;1;True;False;8,21,377;8,21,377;;8,13,21,34,55,233,377;8,13,21;8,13,21,34,55;8,21;;21;;False;DOWN;-0,43000;0.95%;UP;25,97000;57.72%;UP;13,66000;30.35%
2026-07-21 18:00:00;4068,31000;4071,55000;4066,83348;4077,15943;4073,40518;4056,40980;4039,53026;4012,29347;4003,99450;3996,40092;3994,74026;4006,80171;4025,78599;20,89135;24,41422;43,31220;10,32594;0,49427;UPTREND;;False;;0;8,13,21;HMA8:UP|HMA13:DOWN|HMA21:UP;2;1;True;False;8,21,377;8,21,377;;8,13,21,34,55,233,377;8,13,21;8,13,21,34,55;21;;;;False;UP;-7,00000;15.57%;DOWN;21,19000;47.09%;UP;15,87000;35.26%
2026-07-21 20:00:00;4071,49000;4082,20000;4074,58602;4078,94264;4079,57212;4062,19808;4045,08731;4016,32508;4006,69423;3998,65213;3995,60051;4006,99178;4025,86208;20,81839;25,78124;42,96432;4,98610;0,23950;UPTREND;;False;;0;8,13,21;HMA8:UP|HMA13:UP|HMA21:UP;3;0;True;False;8,13,21,377;8,13,21,377;;8,13,21,34,55,233,377;8,13,21;8,13,21,34,55;8,13,21;;;;False;UP;-1,79000;3.98%;UP;14,13000;31.39%;UP;18,17000;40.37%
2026-07-21 22:00:00;4082,70000;4077,72000;4080,75019;4080,90376;4084,50005;4067,94108;4050,45511;4020,50153;4009,54080;4001,05043;3996,62584;4007,31677;4025,99840;20,01922;27,05062;41,76681;3,74986;0,18731;UPTREND;;False;;0;8,13,21;HMA8:UP|HMA13:UP|HMA21:UP;3;0;True;False;8,13,21,377;8,13,21,377;;8,13,21,34,55,233,377;8,13,21;8,13,21,34,55;;8,13,21;;8,13,21;True;UP;7,99000;17.76%;UP;8,31000;18.46%;UP;20,20000;44.89%
2026-07-22 00:00:00;4078,60000;4080,44000;4083,56131;4083,15926;4087,96575;4073,62612;4055,72106;4024,78924;4012,50993;4003,56725;3997,80448;4007,76880;4026,19184;19,15928;28,22933;41,54310;4,80649;0,25087;UPTREND;;False;;0;8,13,21;HMA8:UP|HMA13:UP|HMA21:UP;3;0;True;False;8,13,21,377;8,13,21,377;;8,13,21,34,55,233,377;8,13,21;8,13,21,34,55;;;;;False;UP;13,76000;30.58%;UP;4,46000;9.91%;UP;21,20000;47.11%
2026-07-22 02:00:00;4080,50000;4097,37000;4090,51333;4088,52464;4091,80514;4079,81725;4061,29566;4029,35660;4015,71264;4006,25920;3999,18790;4008,38591;4026,46325;19,62647;29,94076;36,91370;3,28050;0,16715;UPTREND;;False;;0;8,13,21;HMA8:UP|HMA13:UP|HMA21:UP;3;0;True;False;8,13,21,377;8,13,21,377;;8,13,21,34,55,233,377;8,13,21;8,13,21,34,55;8,13,21;;;;False;UP;16,78000;37.3%;UP;5,72000;12.7%;UP;20,19000;44.86%
2026-07-22 04:00:00;4097,39000;4130,48000;4109,88972;4101,65608;4099,14983;4087,89821;4067,92996;4034,60440;4019,40290;4009,28911;4000,88968;4009,25131;4026,85860;20,65101;32,25110;30,88697;10,73990;0,52007;UPTREND;;False;;0;8,13,21;HMA8:UP|HMA13:UP|HMA21:UP;3;0;True;False;8,13,21,377;8,13,21,377;;8,13,21,34,55,233,377;8,13,21;8,13,21,34,55;8,13,21;;;;False;UP;23,14000;51.42%;UP;11,12000;24.7%;UP;18,38000;40.85%
2026-07-22 06:00:00;4130,49000;4126,96000;4127,70111;4116,42096;4108,42920;4096,82136;4075,19591;4040,35989;4023,48694;4012,57729;4002,85359;4010,32307;4027,36114;20,38165;34,61174;31,80905;19,27191;0,94555;UPTREND;;False;;0;8,13,21;HMA8:UP|HMA13:UP|HMA21:UP;3;0;True;False;8,13,21,377;8,13,21,377;;8,13,21,34,55,233,377;8,13,21;8,13,21,34,55;;8;;8;True;UP;29,94000;66.53%;UP;17,80000;39.55%;UP;18,06000;40.14%
2026-07-22 08:00:00;4126,96000;4116,43000;4132,97411;4126,54335;4116,96624;4105,35663;4082,53128;4046,35131;4027,79567;4016,01066;4004,99701;4011,53708;4027,94339;20,48511;35,82438;37,25703;16,00787;0,78144;UPTREND;;False;;0;8,13,21;HMA8:UP|HMA13:UP|HMA21:UP;3;0;True;False;8,13,21,377;8,13,21,377;;8,13,21,34,55,233,377;8,13,21;8,13,21,34,55;;13,21;;13,21;True;UP;31,09000;69.09%;UP;21,17000;47.05%;UP;17,44000;38.76%
2026-07-22 10:00:00;4116,43000;4118,22000;4130,39448;4131,80505;4123,97390;4113,11188;4089,80075;4052,48391;4032,28745;4019,57726;4007,30206;4012,87582;4028,59856;20,00545;36,60722;39,99152;7,83115;0,39145;UPTREND;;False;;0;8,13,21;HMA8:DOWN|HMA13:UP|HMA21:UP;2;1;True;False;8,13,21,377;8,13,21,377;;8,13,21,34,55,233,377;8,13,21;8,13,21,34,55;21;;;;False;DOWN;26,49000;58.87%;UP;22,98000;51.07%;UP;17,58000;39.07%
2026-07-22 12:00:00;4118,47000;4117,54000;4124,02787;4133,15652;4128,67885;4119,58422;4096,85231;4058,65315;4036,89740;4023,23985;4009,74881;4014,31737;4029,31593;19,22149;37,33414;35,87698;9,12865;0,47492;UPTREND;;False;;0;8,13,21;HMA8:DOWN|HMA13:UP|HMA21:UP;2;1;True;False;8,13,21,377;8,13,21,377;;8,13,21,34,55,233,377;8,13,21,34;8,13,21,34,55;;34;;34;True;DOWN;10,42000;23.15%;UP;23,44000;52.08%;UP;17,70000;39.32%
2026-07-22 14:00:00;4117,54000;4112,89000;4117,16109;4130,51582;4131,06113;4124,36889;4103,40582;4064,70776;4041,53696;4026,93826;4012,29407;4015,83080;4030,07861;19,82782;38,37440;36,88313;13,90004;0,70104;DOWNTREND;REVERSAL_TO_HMA8;False;;0;8;HMA8:DOWN|HMA13:DOWN|HMA21:UP;1;2;False;True;;;;;8;8;;8;;8;False;DOWN;-7,57000;16.82%;DOWN;19,44000;43.2%;UP;16,21000;36.03%
2026-07-22 16:00:00;4113,23000;4148,43000;4126,80543;4132,76680;4135,61782;4129,75697;4110,27527;4071,05982;4046,49145;4030,87145;4015,07858;4017,52141;4030,93336;22,01726;40,02481;34,89595;8,81239;0,40025;UPTREND;REVERSAL_TO_HMA21;False;;2;8,13,21;HMA8:UP|HMA13:UP|HMA21:UP;3;0;True;False;;;;8,13,21,34;;8,13,21,34;8,13,21,34;;8,13,21,34;;False;UP;-4,01000;8.9%;UP;13,25000;29.45%;UP;14,28000;31.74%
2026-07-22 18:00:00;4148,55000;4146,80000;4140,92270;4138,28026;4141,14751;4135,44557;4117,19719;4077,55873;4051,68046;4034,99064;4018,05856;4019,36349;4031,86649;21,98102;41,61006;34,92318;2,86726;0,13044;UPTREND;;False;;1;8,13,21;HMA8:UP|HMA13:UP|HMA21:UP;3;0;True;False;;;;8,13,21,34;;8,13,21,34;;;;;False;UP;6,83000;15.17%;UP;9,41000;20.91%;UP;14,45000;32.11%
2026-07-22 20:00:00;4147,15000;4135,95000;4146,14770;4142,88256;4145,53826;4140,63618;4123,81252;4083,94858;4056,93745;4039,18853;4021,15608;4021,30237;4032,85109;21,54524;42,05220;40,43595;3,26515;0,15155;UPTREND;;False;;0;8,13,21;HMA8:UP|HMA13:UP|HMA21:UP;3;0;True;False;;;;8,13,21,34;8,13,21,34;8,13,21,34;;8,13,21,34;;8,13,21,34;False;UP;14,40000;31.99%;UP;7,20000;16.01%;UP;14,96000;33.25%
2026-07-22 22:00:00;4135,93000;4129,87000;4143,14013;4143,48570;4147,61472;4144,88291;4129,90960;4090,08010;4062,15561;4043,39930;4024,31774;4023,29945;4033,86984;20,68343;42,17603;39,82678;4,47459;0,21634;UPTREND;;False;;0;8,13,21;HMA8:DOWN|HMA13:UP|HMA21:UP;2;1;True;False;;;;8,13,21,34;8,13,21,34,55;8,13,21,34;;55;;55;True;DOWN;17,43000;38.74%;UP;5,38000;11.95%;UP;15,10000;33.56%
2026-07-23 00:00:00;4115,30000;4121,71000;4132,43169;4139,84886;4146,33644;4147,66295;4135,20730;4095,84218;4067,22855;4047,54519;4027,48738;4025,31423;4034,90498;20,80819;41,09129;44,12216;13,90475;0,66823;UPTREND;;False;;0;8,13,21;HMA8:DOWN|HMA13:DOWN|HMA21:DOWN;0;3;False;True;;;;8,13,21,34;8,13,21,34,55;8,13,21,34;;;;;False;DOWN;3,87000;8.59%;DOWN;3,07000;6.82%;DOWN;12,78000;28.39%
2026-07-23 02:00:00;4121,86000;4132,10000;4126,70915;4136,49446;4144,41837;4149,47433;4139,97545;4101,38942;4072,25682;4051,67156;4030,69438;4027,37014;4035,96749;20,61689;40,09795;45,29452;17,70923;0,85897;UPTREND;;False;;0;8,13,21;HMA8:DOWN|HMA13:DOWN|HMA21:DOWN;0;3;False;True;8;8;;8,13,21,34;8,13,21,34,55;8,13,21,34;8;;;;False;DOWN;-9,78000;21.73%;DOWN;2,77000;6.15%;DOWN;9,90000;22.0%
2026-07-23 04:00:00;4131,85000;4128,04000;4125,47106;4132,47171;4142,19362;4150,31556;4144,04235;4106,64889;4077,19338;4055,73626;4033,89966;4029,44404;4037,04452;21,20354;39,43015;47,88413;16,72257;0,78867;UPTREND;;False;;0;8,13,21;HMA8:DOWN|HMA13:DOWN|HMA21:DOWN;0;3;False;True;8;8;;8,13,21,34;8,13,21,34,55;8,13,21,34;;;;;False;DOWN;-13,70000;30.45%;DOWN;-0,13000;0.3%;DOWN;6,78000;15.08%
2026-07-23 06:00:00;4128,01000;4121,16000;4123,15859;4127,87005;4139,23598;4150,06668;4147,17483;4111,52014;4081,95984;4059,69641;4037,05932;4031,50351;4038,11831;20,62186;38,81005;55,99938;16,07738;0,77963;DOWNTREND;REVERSAL_TO_HMA8;False;;2;8,13;HMA8:DOWN|HMA13:DOWN|HMA21:DOWN;0;3;False;True;;;;;8,13;8,13;;8,13;;8,13;False;DOWN;-13,62000;30.26%;DOWN;-4,81000;10.69%;DOWN;4,23000;9.41%
2026-07-23 08:00:00;4121,08000;4118,54000;4120,45094;4123,15320;4135,58007;4148,85264;4149,41266;4115,96072;4086,52740;4063,53807;4040,16448;4033,53249;4039,17985;20,11744;37,98167;59,13771;15,12913;0,75204;DOWNTREND;;False;;1;8,13;HMA8:DOWN|HMA13:DOWN|HMA21:DOWN;0;3;False;True;8;;8;;8,13;8,13;;8;;;False;DOWN;-8,47000;18.82%;DOWN;-9,28000;20.63%;DOWN;1,96000;4.37%
2026-07-23 10:00:00;4118,68000;4093,37000;4108,06998;4114,11949;4128,59569;4145,48150;4150,22941;4119,63990;4090,66078;4067,10074;4043,10357;4035,44771;4040,18522;20,99262;35,33442;50,34046;20,52570;0,97776;DOWNTREND;ADVANCE_HMA89;False;;0;8,13;HMA8:DOWN|HMA13:DOWN|HMA21:DOWN;0;3;False;True;13,89;;13,89;;8,13,89;8,13;;8,13,89;;89;False;DOWN;-12,52000;27.81%;DOWN;-13,12000;29.16%;DOWN;-0,67000;1.5%
2026-07-23 12:00:00;4093,22000;4093,14000;4094,86200;4103,77681;4119,61178;4140,41751;4149,86433;4122,66272;4094,37108;4070,39790;4045,88418;4037,25905;4041,13369;20,43529;32,92436;48,81533;24,74978;1,21113;DOWNTREND;ADVANCE_HMA116;False;;0;8,13;HMA8:DOWN|HMA13:DOWN|HMA21:DOWN;0;3;False;True;13,116;;13,116;;8,13,89,116;8,13;;116;;116;False;DOWN;-20,53000;45.62%;DOWN;-16,39000;36.43%;DOWN;-4,48000;9.95%
2026-07-23 14:00:00;4093,17000;4061,81000;4075,48970;4087,44770;4106,89718;4132,56001;4147,70351;4124,71180;4097,41762;4073,24574;4048,37075;4038,87560;4041,97556;21,31849;31,92454;40,85924;31,40748;1,47325;DOWNTREND;ADVANCE_HMA144;False;;0;8,13;HMA8:DOWN|HMA13:DOWN|HMA21:DOWN;0;3;False;True;8,13,144;;8,13,144;;8,13,89,116,144;8,13;;8,13,144;;144;False;DOWN;-29,21000;64.9%;DOWN;-20,98000;46.62%;DOWN;-9,13000;20.28%
2026-07-23 16:00:00;4061,58000;4057,84000;4057,13754;4070,16891;4092,50724;4122,81889;4144,01321;4125,87486;4099,84434;4075,65405;4050,56241;4040,29945;4042,70743;21,74574;31,78745;36,13888;35,36970;1,62651;DOWNTREND;;False;;0;8,13;HMA8:DOWN|HMA13:DOWN|HMA21:DOWN;0;3;False;True;8,13,144;;8,13,144;;8,13,89,116,144;8,13;;8;;;False;DOWN;-36,05000;80.11%;DOWN;-25,52000;56.72%;DOWN;-13,71000;30.46%
2026-07-23 18:00:00;4057,86000;4051,38000;4045,76952;4054,17607;4077,87759;4111,83517;4139,00548;4126,19009;4101,66420;4077,63722;4052,44795;4041,52578;4043,32356;21,41604;31,66015;34,89156;32,10807;1,49925;DOWNTREND;;False;;0;8,13;HMA8:DOWN|HMA13:DOWN|HMA21:DOWN;0;3;False;True;8,13,144,188;;8,13,144,188;;8,13,89,116,144,188;8,13;;8,13,188;;188;False;DOWN;-36,03000;80.06%;DOWN;-29,83000;66.3%;DOWN;-18,04000;40.08%
2026-07-23 20:00:00;4051,38000;4046,02000;4038,65189;4041,65842;4063,79217;4100,24217;4132,91695;4125,71187;4102,90129;4079,21625;4054,03659;4042,55455;4043,82299;20,87204;31,59691;30,21861;25,14028;1,20450;DOWNTREND;;False;;0;8,13;HMA8:DOWN|HMA13:DOWN|HMA21:DOWN;0;3;False;True;8,13,144,188;;8,13,144,188;;8,13,89,116,144,188;8,13;;13;;;False;DOWN;-33,95000;75.45%;DOWN;-33,05000;73.45%;DOWN;-21,58000;47.95%
2026-07-23 22:00:00;4046,14000;4049,12000;4038,51174;4034,35071;4051,82738;4088,86691;4126,17575;4124,63496;4103,65661;4080,46587;4055,37717;4043,41289;4044,21855;19,96761;31,53818;34,25629;17,47667;0,87525;DOWNTREND;;False;;0;8,13;HMA8:DOWN|HMA13:DOWN|HMA21:DOWN;0;3;False;True;8,13,144,188;;8,13,144,188;;8,13,89,116,144,188;8,13;;;;;False;DOWN;-24,84000;55.21%;DOWN;-33,66000;74.79%;DOWN;-24,88000;55.28%
2026-07-24 00:00:00;4049,87000;4049,55000;4041,87407;4031,68813;4042,34081;4078,25474;4119,10633;4123,10072;4104,01569;4081,43835;4056,50179;4044,12547;4044,51768;18,68278;31,48365;34,74217;10,65268;0,57019;DOWNTREND;;False;;0;8,13;HMA8:UP|HMA13:DOWN|HMA21:DOWN;1;2;False;True;8,13,144,188;;8,13,144,188;21;8,13,89,116,144,188;8,13;21;;21;;True;UP;-11,54000;25.65%;DOWN;-32,74000;72.77%;DOWN;-28,12000;62.5%
2026-07-24 02:00:00;4049,55000;4049,84000;4045,43763;4033,05819;4035,53003;4068,51554;4111,91648;4121,22461;4104,05530;4082,17976;4057,44015;4044,71553;4044,72763;18,02829;31,74822;34,74817;12,37944;0,68667;DOWNTREND;;False;;0;8,13;HMA8:UP|HMA13:UP|HMA21:DOWN;2;1;True;False;8,13,144,188;;8,13,144,188;21;8,13,89,116,144,188;8,13;;;;;False;UP;-0,26000;0.59%;UP;-26,69000;59.32%;DOWN;-29,91000;66.46%
2026-07-24 04:00:00;4049,74000;4024,47000;4038,59798;4030,87201;4028,54719;4058,45683;4104,12565;4118,77715;4103,60960;4082,57685;4058,10391;4045,12087;4044,81489;18,68484;32,66933;29,56764;10,05079;0,53791;DOWNTREND;ADVANCE_HMA21;False;;0;8,13;HMA8:DOWN|HMA13:DOWN|HMA21:DOWN;0;3;False;True;8,13,21,188,233,377;;8,13,21,188,233,377;21;8,13,21,89,116,144,188,233,377;8,13,21;;8,13,21,233,377;;21,233,377;False;DOWN;-0,04000;0.09%;DOWN;-19,32000;42.93%;DOWN;-29,81000;66.23%
2026-07-24 06:00:00;4024,75000;4027,02000;4029,15576;4027,28791;4022,46220;4048,68359;4095,99288;4115,91070;4102,79914;4082,70410;4058,54439;4045,37363;4044,79232;18,10093;33,52465;28,42760;6,69356;0,36979;DOWNTREND;;False;;0;8,13;HMA8:DOWN|HMA13:DOWN|HMA21:DOWN;0;3;False;True;8,13,21,188,233,377;;8,13,21,188,233,377;21;8,13,21,89,116,144,188,233,377;8,13,21;21;;21;;True;DOWN;-7,36000;16.36%;DOWN;-13,91000;30.9%;DOWN;-30,38000;67.52%
2026-07-24 08:00:00;4027,16000;4035,63000;4026,62433;4025,42938;4018,57496;4039,95993;4087,90318;4112,84442;4101,77215;4082,66816;4058,83700;4045,52252;4044,68509;18,02229;33,83215;28,81212;8,04937;0,44663;DOWNTREND;;False;;0;8,13;HMA8:DOWN|HMA13:DOWN|HMA21:DOWN;0;3;False;True;8,13,21,188,233,377;;8,13,21,188,233,377;8,13,21;8,13,21,89,116,144,188,233,377;8,13,21;8,13;;8,13;;True;DOWN;-11,94000;26.54%;DOWN;-8,54000;18.97%;DOWN;-29,28000;65.06%
2026-07-24 10:00:00;4035,71000;4057,51000;4036,77489;4030,43224;4019,36876;4033,63740;4080,54128;4109,90935;4100,78760;4082,65154;4059,11135;4045,65855;4044,53833;18,41784;32,55906;31,33720;17,40613;0,94507;UPTREND;REVERSAL_TO_HMA233;False;;0;8;HMA8:UP|HMA13:UP|HMA21:UP;3;0;True;False;;;;8,34,233,377;;8,233;8,34,233,377;;8,34,233,377;;False;UP;-6,71000;14.9%;UP;-2,03000;4.51%;UP;-25,42000;56.49%
2026-07-24 12:00:00;4057,65000;4060,05000;4051,93094;4039,20344;4023,90682;4029,63693;4073,98034;4107,13390;4099,86651;4082,68857;4059,40324;4045,80464;4044,36397;17,96371;31,01851;35,20353;28,02413;1,56004;UPTREND;ADVANCE_HMA188;False;;0;8;HMA8:UP|HMA13:UP|HMA21:UP;3;0;True;False;188;188;;8,34,188,233,377;;8,188,233;188;;188;;False;UP;10,51000;23.36%;UP;3,99000;8.86%;UP;-20,90000;46.45%
2026-07-24 14:00:00;4060,17000;4056,06000;4061,10054;4047,88064;4029,94561;4027,52303;4068,10023;4104,44316;4098,97115;4082,76966;4059,70955;4045,96055;4044,16288;17,53987;29,60897;40,67008;31,15492;1,77623;UPTREND;;False;;0;8;HMA8:UP|HMA13:UP|HMA21:UP;3;0;True;False;188;188;;8,34,188,233,377;8,188;8,188,233;;8,188;;8,188;True;UP;24,48000;54.4%;UP;8,02000;17.82%;UP;-15,28000;33.97%
2026-07-24 16:00:00;4056,17000;4063,26000;4066,28944;4056,51187;4036,96374;4027,26042;4063,08303;4101,91310;4098,16738;4082,93680;4060,07752;4046,16289;4043,95317;18,09202;28,68344;45,44002;29,32571;1,62092;UPTREND;ADVANCE_HMA55;False;;0;8;HMA8:UP|HMA13:UP|HMA21:UP;3;0;True;False;8,13,55;8,13,55;;8,13,34,55,188,233,377;8,188;8,13,188,233;8,13,55,188;;13,55;;False;UP;28,73000;63.84%;UP;13,29000;29.53%;UP;-8,43000;18.74%
2026-07-24 18:00:00;4063,27000;4066,97000;4068,99220;4064,28151;4044,19150;4028,54689;4058,97529;4099,56249;4097,47562;4083,20501;4060,52398;4046,42825;4043,74756;18,24188;26,95132;50,19027;24,80071;1,35955;UPTREND;;False;;0;8;HMA8:UP|HMA13:UP|HMA21:UP;3;0;True;False;8,13,55;8,13,55;;8,13,34,55,188,233,377;8,188;8,13,188,233;8,13;;;;False;UP;23,82000;52.94%;UP;18,67000;41.5%;UP;-2,40000;5.33%
2026-07-24 20:00:00;4067,00000;4054,33000;4064,88157;4067,14190;4049,85000;4030,25407;4055,26281;4097,19723;4096,76520;4083,47997;4060,98895;4046,71990;4043,53196;18,27460;25,96489;48,71874;17,29190;0,94623;UPTREND;;False;;0;8;HMA8:DOWN|HMA13:UP|HMA21:UP;2;1;True;False;8,13,55;8,13,55;;8,13,34,55,188,233,377;8,13,55,188;8,13,188,233;;8,13,55,188;;8,13,55,188;True;DOWN;10,05000;22.33%;UP;20,83000;46.28%;UP;2,35000;5.23%
2026-07-24 22:00:00;4054,39000;4052,79000;4058,58696;4065,40943;4054,00039;4032,21641;4051,79662;4094,79976;4096,01715;4083,74126;4061,46484;4047,03292;4043,31038;17,59070;25,15673;47,21862;11,40905;0,64858;DOWNTREND;REVERSAL_TO_HMA21;False;;0;21;HMA8:DOWN|HMA13:DOWN|HMA21:UP;1;2;False;True;;;;;21,55;55;;21,55;;21,55;False;DOWN;-2,05000;4.55%;DOWN;18,34000;40.74%;UP;5,99000;13.32%
