datetime;open;close;hma8;hma13;hma21;hma34;hma55;hma89;hma116;hma144;hma188;hma233;hma377;atr;adx;choppiness;fast_hma_spread;fast_hma_spread_atr;trend;event;lateral_filter;lateral_filter_reasons;reversal_cooldown_bars_remaining;last_reversal_fast_hmas_crossed;fast_hma_alignment;fast_hma_up_count;fast_hma_down_count;fast_hma_aligned_up;fast_hma_aligned_down;crossed_hmas;up_touched_hmas;down_touched_hmas;crossed_all_up;crossed_all_down;crossed_history;crossed_up;crossed_down;crossed_free_up;crossed_free_down;possivel_reversa;hma8_dir;hma8_angle_degrees;hma8_angle_percent;hma13_dir;hma13_angle_degrees;hma13_angle_percent;hma21_dir;hma21_angle_degrees;hma21_angle_percent
2026-04-20 01:00:00;4775,44000;4779,22000;;;;;;;;;;;;;;;;;NEUTRAL;;False;;0;;HMA8:FLAT|HMA13:FLAT|HMA21:FLAT;0;0;False;False;;;;;;;;;;;False;FLAT;0,00000;0.0%;FLAT;0,00000;0.0%;FLAT;0,00000;0.0%
2026-04-20 02:00:00;4779,25000;4755,15000;;;;;;;;;;;;;;;;;NEUTRAL;;False;;0;;HMA8:FLAT|HMA13:FLAT|HMA21:FLAT;0;0;False;False;;;;;;;;;;;False;FLAT;0,00000;0.0%;FLAT;0,00000;0.0%;FLAT;0,00000;0.0%
2026-04-20 03:00:00;4755,23000;4772,25000;;;;;;;;;;;;;;;;;NEUTRAL;;False;;0;;HMA8:FLAT|HMA13:FLAT|HMA21:FLAT;0;0;False;False;;;;;;;;;;;False;FLAT;0,00000;0.0%;FLAT;0,00000;0.0%;FLAT;0,00000;0.0%
2026-04-20 04:00:00;4772,23000;4807,87000;;;;;;;;;;;;;;;;;NEUTRAL;;False;;0;;HMA8:FLAT|HMA13:FLAT|HMA21:FLAT;0;0;False;False;;;;;;;;;;;False;FLAT;0,00000;0.0%;FLAT;0,00000;0.0%;FLAT;0,00000;0.0%
2026-04-20 05:00:00;4807,83000;4797,16000;;;;;;;;;;;;;;;;;NEUTRAL;;False;;0;;HMA8:FLAT|HMA13:FLAT|HMA21:FLAT;0;0;False;False;;;;;;;;;;;False;FLAT;0,00000;0.0%;FLAT;0,00000;0.0%;FLAT;0,00000;0.0%
2026-04-20 06:00:00;4797,08000;4790,87000;;;;;;;;;;;;;;;;;NEUTRAL;;False;;0;;HMA8:FLAT|HMA13:FLAT|HMA21:FLAT;0;0;False;False;;;;;;;;;;;False;FLAT;0,00000;0.0%;FLAT;0,00000;0.0%;FLAT;0,00000;0.0%
2026-04-20 07:00:00;4791,11000;4788,85000;;;;;;;;;;;;;;;;;NEUTRAL;;False;;0;;HMA8:FLAT|HMA13:FLAT|HMA21:FLAT;0;0;False;False;;;;;;;;;;;False;FLAT;0,00000;0.0%;FLAT;0,00000;0.0%;FLAT;0,00000;0.0%
2026-04-20 08:00:00;4788,89000;4790,86000;;;;;;;;;;;;;;;;;NEUTRAL;;False;;0;;HMA8:FLAT|HMA13:FLAT|HMA21:FLAT;0;0;False;False;;;;;;;;;;;False;FLAT;0,00000;0.0%;FLAT;0,00000;0.0%;FLAT;0,00000;0.0%
2026-04-20 09:00:00;4790,84000;4795,38000;4792,74107;;;;;;;;;;;;;;0,00000;;UPTREND;REVERSAL_TO_HMA8;False;;0;8;HMA8:FLAT|HMA13:FLAT|HMA21:FLAT;0;0;False;False;;;;8;;;8;;8;;False;FLAT;0,00000;0.0%;FLAT;0,00000;0.0%;FLAT;0,00000;0.0%
2026-04-20 10:00:00;4796,40000;4789,71000;4791,60494;;;;;;;;;;;;;;0,00000;;DOWNTREND;REVERSAL_TO_HMA8;False;;0;8;HMA8:DOWN|HMA13:FLAT|HMA21:FLAT;0;1;False;False;;;;;8;;;8;;8;False;DOWN;0,00000;0.0%;FLAT;0,00000;0.0%;FLAT;0,00000;0.0%
2026-04-20 11:00:00;4789,44000;4796,24000;4792,95504;;;;;;;;;;;;;;0,00000;;UPTREND;REVERSAL_TO_HMA8;False;;0;8;HMA8:UP|HMA13:FLAT|HMA21:FLAT;1;0;False;False;;;;8;;;8;;8;;False;UP;0,00000;0.0%;FLAT;0,00000;0.0%;FLAT;0,00000;0.0%
2026-04-20 12:00:00;4796,21000;4791,52000;4793,60094;;;;;;;;;;;;;;0,00000;;DOWNTREND;REVERSAL_TO_HMA8;False;;0;8;HMA8:UP|HMA13:FLAT|HMA21:FLAT;1;0;False;False;;;;;8;;;8;;8;False;UP;0,00000;0.0%;FLAT;0,00000;0.0%;FLAT;0,00000;0.0%
2026-04-20 13:00:00;4791,52000;4795,76000;4794,30969;;;;;;;;;;;;;;0,00000;;UPTREND;REVERSAL_TO_HMA8;False;;0;8;HMA8:UP|HMA13:FLAT|HMA21:FLAT;1;0;False;False;;;;8;;;8;;8;;False;UP;0,00000;0.0%;FLAT;0,00000;0.0%;FLAT;0,00000;0.0%
2026-04-20 14:00:00;4795,75000;4810,47000;4801,22911;;;;;;;;;;;24,84954;;50,21176;0,00000;0,00000;NEUTRAL;TREND_EXHAUSTED;False;;0;8;HMA8:UP|HMA13:FLAT|HMA21:FLAT;1;0;False;False;;;;8;;;8;;8;;False;UP;5,53000;12.29%;FLAT;0,00000;0.0%;FLAT;0,00000;0.0%
2026-04-20 15:00:00;4810,54000;4803,41000;4805,81883;4802,05361;;;;;;;;;;24,71600;;44,80516;3,76523;0,15234;NEUTRAL;;False;;0;8;HMA8:UP|HMA13:FLAT|HMA21:FLAT;1;0;False;False;;;;8;8;;;8;;8;False;UP;7,41000;16.47%;FLAT;0,00000;0.0%;FLAT;0,00000;0.0%
2026-04-20 16:00:00;4804,03000;4817,86000;4812,72589;4807,94924;;;;;;;;;;24,84128;;44,37725;4,77665;0,19229;UPTREND;REVERSAL_TO_HMA8;False;;2;8,13;HMA8:UP|HMA13:UP|HMA21:FLAT;2;0;True;False;;;;8,13;;8,13;8,13;;8,13;;False;UP;10,89000;24.21%;UP;0,00000;0.0%;FLAT;0,00000;0.0%
2026-04-20 17:00:00;4818,10000;4805,34000;4814,23820;4811,29996;;;;;;;;;;25,58548;;59,32464;2,93825;0,11484;UPTREND;;False;;1;8,13;HMA8:UP|HMA13:UP|HMA21:FLAT;2;0;True;False;;;;8,13;8,13;8,13;;8,13;;8,13;False;UP;11,02000;24.49%;UP;0,00000;0.0%;FLAT;0,00000;0.0%
2026-04-20 18:00:00;4805,73000;4799,72000;4808,57563;4811,47708;;;;;;;;;;24,94009;;61,29235;2,90145;0,11634;UPTREND;;False;;0;8,13;HMA8:DOWN|HMA13:UP|HMA21:FLAT;1;1;False;False;;;;8,13;8,13;8,13;;;;;False;DOWN;4,21000;9.36%;UP;0,00000;0.0%;FLAT;0,00000;0.0%
2026-04-20 19:00:00;4799,81000;4805,53000;4805,14087;4810,16419;;;;;;;;;;24,12794;;60,91730;5,02332;0,20820;UPTREND;;False;;0;8,13;HMA8:DOWN|HMA13:DOWN|HMA21:FLAT;0;2;False;True;8;8;;8,13;8,13;8,13;8;;;;False;DOWN;-0,40000;0.89%;DOWN;0,00000;0.0%;FLAT;0,00000;0.0%
2026-04-20 20:00:00;4805,80000;4806,79000;4804,00913;4808,76518;;;;;;;;;;22,99308;;60,72996;4,75605;0,20685;UPTREND;;False;;0;8,13;HMA8:DOWN|HMA13:DOWN|HMA21:FLAT;0;2;False;True;8;8;;8,13;8,13;8,13;;;;;False;DOWN;-5,41000;12.03%;DOWN;0,00000;0.0%;FLAT;0,00000;0.0%
2026-04-20 21:00:00;4806,91000;4814,08000;4807,63152;4809,41518;;;;;;;;;;22,04429;;60,90938;1,78366;0,08091;NEUTRAL;TREND_EXHAUSTED;False;;0;8,13;HMA8:UP|HMA13:UP|HMA21:FLAT;2;0;True;False;;;;8,13;;8,13;8,13;;;;False;UP;-4,28000;9.52%;UP;3,19000;7.08%;FLAT;0,00000;0.0%
2026-04-20 22:00:00;4814,06000;4814,17000;4812,74589;4810,88970;;;;;;;;;;21,24613;;63,18517;1,85619;0,08737;NEUTRAL;;False;;0;8,13;HMA8:UP|HMA13:UP|HMA21:FLAT;2;0;True;False;;;;8,13;;8,13;;;;;False;UP;2,81000;6.24%;UP;1,32000;2.94%;FLAT;0,00000;0.0%
2026-04-20 23:00:00;4814,22000;4820,54000;4818,06004;4814,37934;;;;;;;;;;20,41855;;62,87582;3,68070;0,18026;NEUTRAL;;False;;0;8,13;HMA8:UP|HMA13:UP|HMA21:FLAT;2;0;True;False;;;;8,13;;8,13;8,13;;;;False;UP;8,99000;19.97%;UP;1,44000;3.2%;FLAT;0,00000;0.0%
2026-04-21 01:00:00;4822,85000;4827,67000;4824,73419;4819,81799;4817,68119;;;;;;;;;19,84508;;57,44709;7,05299;0,35540;NEUTRAL;;False;;0;8,13;HMA8:UP|HMA13:UP|HMA21:FLAT;2;0;True;False;;;;8,13;;8,13;8;;;;False;UP;14,63000;32.52%;UP;4,01000;8.9%;FLAT;0,00000;0.0%
2026-04-21 02:00:00;4827,56000;4821,81000;4827,07994;4824,03960;4820,43150;;;;;;;;;19,27615;;57,73849;6,64844;0,34491;NEUTRAL;;False;;0;8,13;HMA8:UP|HMA13:UP|HMA21:UP;3;0;True;False;;;;8,13;8,13;8,13;;8,13;;8,13;False;UP;14,16000;31.46%;UP;6,84000;15.2%;UP;0,00000;0.0%
2026-04-21 03:00:00;4822,03000;4824,03000;4827,12539;4826,84329;4822,95718;;;;;;;;;18,88571;;60,11539;4,16821;0,22071;UPTREND;REVERSAL_TO_HMA21;False;;0;21;HMA8:UP|HMA13:UP|HMA21:UP;3;0;True;False;;;;21;;21;21;;21;;False;UP;10,78000;23.95%;UP;9,06000;20.14%;UP;0,00000;0.0%
2026-04-21 04:00:00;4824,31000;4810,24000;4821,05937;4825,13297;4823,67019;;;;;;;;;18,88530;37,89529;61,42748;4,07360;0,21570;DOWNTREND;REVERSAL_TO_HMA8;False;;2;8,21;HMA8:DOWN|HMA13:DOWN|HMA21:UP;1;2;False;True;;;;;8,21;8;;8,21;;8,21;False;DOWN;2,27000;5.05%;DOWN;7,90000;17.55%;UP;0,00000;0.0%
2026-04-21 05:00:00;4810,24000;4806,86000;4812,06389;4820,42184;4822,61704;;;;;;;;;18,11278;36,29363;63,69906;10,55315;0,58264;DOWNTREND;;False;;1;8,21;HMA8:DOWN|HMA13:DOWN|HMA21:DOWN;0;3;False;True;;;;;8,21;8;;;;;False;DOWN;-9,92000;22.04%;DOWN;5,01000;11.14%;DOWN;0,00000;0.0%
2026-04-21 06:00:00;4807,21000;4797,13000;4802,17583;4812,42409;4819,35079;;;;;;;;;17,89329;33,76034;62,29541;17,17496;0,95985;DOWNTREND;;False;;0;8,21;HMA8:DOWN|HMA13:DOWN|HMA21:DOWN;0;3;False;True;8;;8;;8,21;8;;8;;;False;DOWN;-19,19000;42.63%;DOWN;-1,04000;2.32%;DOWN;0,00000;0.0%
2026-04-21 07:00:00;4797,13000;4789,00000;4791,64706;4802,35886;4813,88996;;;;;;;;;17,26234;31,80011;55,87573;22,24290;1,28852;DOWNTREND;;False;;0;8,21;HMA8:DOWN|HMA13:DOWN|HMA21:DOWN;0;3;False;True;8;;8;;8,21;8;;8;;;False;DOWN;-27,19000;60.43%;DOWN;-9,57000;21.26%;DOWN;0,00000;0.0%
2026-04-21 08:00:00;4789,24000;4784,06000;4783,34263;4791,91988;4806,90385;;;;;;;;;17,00932;30,51238;46,91393;23,56122;1,38520;DOWNTREND;;False;;0;8,21;HMA8:DOWN|HMA13:DOWN|HMA21:DOWN;0;3;False;True;8;;8;;8,21;8;;8;;;False;DOWN;-29,00000;64.45%;DOWN;-17,47000;38.82%;DOWN;0,00000;0.0%
2026-04-21 09:00:00;4784,06000;4778,51000;4776,86641;4782,21814;4798,86031;;;;;;;;;16,94294;30,04272;40,73755;21,99390;1,29812;DOWNTREND;;False;;0;8,21;HMA8:DOWN|HMA13:DOWN|HMA21:DOWN;0;3;False;True;8,13;;8,13;;8,13,21;8,13;;8,13;;13;False;DOWN;-27,45000;60.99%;DOWN;-23,70000;52.67%;DOWN;0,00000;0.0%
2026-04-21 10:00:00;4778,07000;4785,83000;4776,41804;4776,68335;4791,63529;;;;;;;;;17,14987;29,60661;40,90061;15,21725;0,88731;DOWNTREND;;False;;0;8,21;HMA8:DOWN|HMA13:DOWN|HMA21:DOWN;0;3;False;True;8,13;;8,13;13;8,13,21;8,13;13;;13;;True;DOWN;-20,58000;45.73%;DOWN;-25,21000;56.03%;DOWN;0,00000;0.0%
2026-04-21 11:00:00;4785,86000;4785,97000;4779,70856;4774,79168;4785,72338;;;;;;;;;17,21560;29,16399;42,94586;10,93170;0,63499;DOWNTREND;;False;;0;8,21;HMA8:UP|HMA13:DOWN|HMA21:DOWN;1;2;False;True;8,13;;8,13;13,21;8,13,21;8,13;21;;21;;True;UP;-9,84000;21.86%;DOWN;-23,83000;52.96%;DOWN;-10,52000;23.37%
2026-04-21 12:00:00;4786,25000;4783,65000;4782,25178;4775,15725;4781,12931;;;;;;;;;16,57948;28,75298;42,66123;7,09453;0,42791;NEUTRAL;TREND_EXHAUSTED;False;;0;8,21;HMA8:UP|HMA13:UP|HMA21:DOWN;2;1;True;False;;;;;21;;;21;;21;False;UP;-0,94000;2.09%;UP;-20,54000;45.64%;DOWN;-13,34000;29.64%
2026-04-21 13:00:00;4783,85000;4789,75000;4786,10967;4777,89201;4778,53847;;;;;;;;;16,08523;28,22870;42,41349;8,21765;0,51088;UPTREND;REVERSAL_TO_HMA8;False;;0;8;HMA8:UP|HMA13:UP|HMA21:DOWN;2;1;True;False;;;;8;;8;8;;8;;False;UP;8,18000;18.17%;UP;-14,23000;31.61%;DOWN;-15,44000;34.31%
2026-04-21 14:00:00;4789,80000;4794,61000;4790,97998;4782,76528;4778,12915;;;;;;;;;16,54986;26,64732;44,98051;12,85083;0,77649;UPTREND;;False;;0;8;HMA8:UP|HMA13:UP|HMA21:DOWN;2;1;True;False;8;8;;8;;8;8;;;;False;UP;12,41000;27.57%;UP;-5,27000;11.71%;DOWN;-15,39000;34.19%
2026-04-21 15:00:00;4794,88000;4778,73000;4788,54446;4784,70314;4777,59957;4788,97888;;;;;;;;17,51344;26,07843;45,34919;10,94490;0,62494;DOWNTREND;REVERSAL_TO_HMA13;False;;2;8,13;HMA8:DOWN|HMA13:UP|HMA21:DOWN;1;2;False;True;;;;;8,13,34;8;;8,13,34;;8,13,34;False;DOWN;7,19000;15.98%;UP;1,35000;3.01%;DOWN;-14,42000;32.03%
2026-04-21 16:00:00;4779,33000;4779,06000;4783,34417;4784,01879;4777,10620;4785,96928;;;;;;;;18,58034;25,99487;46,67913;6,91258;0,37204;DOWNTREND;;False;;1;8,13;HMA8:DOWN|HMA13:DOWN|HMA21:DOWN;0;3;False;True;;;;;8,13,34;8;;;;;False;DOWN;0,84000;1.87%;DOWN;3,76000;8.37%;DOWN;-12,81000;28.46%
2026-04-21 17:00:00;4779,01000;4739,08000;4763,71470;4773,36264;4772,25641;4780,76618;;;;;;;;21,47246;28,02957;38,67408;9,64794;0,44932;DOWNTREND;ADVANCE_HMA21;False;;0;8,13;HMA8:DOWN|HMA13:DOWN|HMA21:DOWN;0;3;False;True;8,21;;8,21;;8,13,21,34;8,13,21;;8,13,21;;13,21;False;DOWN;-14,61000;32.48%;DOWN;-0,64000;1.41%;DOWN;-10,97000;24.38%
2026-04-21 18:00:00;4739,05000;4741,60000;4743,64157;4759,36832;4765,00500;4774,22333;;;;;;;;22,07300;29,91892;45,82265;21,36342;0,96785;DOWNTREND;;False;;0;8,13;HMA8:DOWN|HMA13:DOWN|HMA21:DOWN;0;3;False;True;8,21;;8,21;;8,13,21,34;8,13,21;;;;;False;DOWN;-28,20000;62.66%;DOWN;-6,80000;15.11%;DOWN;-10,75000;23.88%
2026-04-21 19:00:00;4741,54000;4711,01000;4721,53280;4739,22009;4753,61825;4765,38390;;;;;;;;23,23278;32,28328;44,56798;32,08545;1,38104;DOWNTREND;;False;;0;8,13;HMA8:DOWN|HMA13:DOWN|HMA21:DOWN;0;3;False;True;8,13,21;;8,13,21;;8,13,21,34;8,13,21;;8,13;;;False;DOWN;-35,79000;79.54%;DOWN;-15,51000;34.46%;DOWN;-11,02000;24.49%
2026-04-21 20:00:00;4711,10000;4711,15000;4704,35219;4719,89803;4740,33521;4755,40955;;;;;;;;23,36115;34,75547;45,15001;35,98303;1,54029;DOWNTREND;;False;;0;8,13;HMA8:DOWN|HMA13:DOWN|HMA21:DOWN;0;3;False;True;8,13,21;;8,13,21;8;8,13,21,34;8,13,21;8;;8;;True;DOWN;-40,21000;89.35%;DOWN;-24,16000;53.68%;DOWN;-12,39000;27.52%
2026-04-21 21:00:00;4711,14000;4709,46000;4698,08024;4704,32753;4727,19494;4745,11708;;;;;;;;23,28464;37,15375;44,96575;29,11470;1,25038;DOWNTREND;;False;;0;8,13;HMA8:DOWN|HMA13:DOWN|HMA21:DOWN;0;3;False;True;8,13,21;;8,13,21;8;8,13,21,34;8,13,21;;13;;;False;DOWN;-35,17000;78.16%;DOWN;-29,91000;66.47%;DOWN;-14,11000;31.35%
2026-04-21 22:00:00;4709,86000;4679,42000;4686,23037;4688,43361;4711,94195;4733,67362;;;;;;;;24,94360;39,82817;40,66235;25,71158;1,03079;DOWNTREND;;False;;0;8,13;HMA8:DOWN|HMA13:DOWN|HMA21:DOWN;0;3;False;True;8,13,21;;8,13,21;8;8,13,21,34;8,13,21;;8,13;;;False;DOWN;-29,92000;66.48%;DOWN;-32,57000;72.37%;DOWN;-15,50000;34.45%
2026-04-21 23:00:00;4679,28000;4718,48000;4691,02911;4683,80583;4701,00839;4723,98465;;;;;;;;26,72048;41,90700;43,90100;17,20256;0,64380;DOWNTREND;;False;;0;8,13;HMA8:UP|HMA13:DOWN|HMA21:DOWN;1;2;False;True;8,13,21;;8,13,21;8,13,21;8,13,21,34;8,13,21;8,13,21;;8,13,21;;True;UP;-15,93000;35.4%;DOWN;-29,19000;64.86%;DOWN;-16,18000;35.96%
2026-04-22 01:00:00;4722,13000;4719,60000;4704,74894;4687,22633;4694,19767;4716,24496;;;;;;;;25,80545;42,74713;43,35147;17,52261;0,67903;NEUTRAL;TREND_EXHAUSTED;False;;0;8,13;HMA8:UP|HMA13:UP|HMA21:DOWN;2;1;True;False;;;;;34;;;34;;34;False;UP;0,22000;0.49%;UP;-24,98000;55.52%;DOWN;-18,02000;40.04%
2026-04-22 02:00:00;4719,44000;4738,00000;4722,48824;4700,03001;4693,21046;4711,21852;;;;;;;;25,56649;42,52665;43,75905;29,27778;1,14516;UPTREND;REVERSAL_TO_HMA8;False;;0;8;HMA8:UP|HMA13:UP|HMA21:DOWN;2;1;True;False;;;;8;;8;8;;8;;False;UP;13,42000;29.83%;UP;-14,33000;31.85%;DOWN;-18,27000;40.59%
2026-04-22 03:00:00;4738,16000;4739,82000;4739,53306;4715,05512;4696,94734;4708,49207;;;;;;;;24,40460;41,75687;43,85036;42,58571;1,74499;UPTREND;;False;;0;8;HMA8:UP|HMA13:UP|HMA21:UP;3;0;True;False;8;8;;8;;8;8;;;;False;UP;28,64000;63.64%;UP;-1,89000;4.21%;UP;-18,18000;40.41%
2026-04-22 04:00:00;4739,78000;4752,19000;4751,69417;4731,86927;4704,69150;4708,22398;;;;;;;;23,99141;40,46111;44,66693;47,00267;1,95915;UPTREND;;False;;0;8;HMA8:UP|HMA13:UP|HMA21:UP;3;0;True;False;8;8;;8;;8;8;;;;False;UP;32,30000;71.78%;UP;10,83000;24.07%;UP;-15,73000;34.95%
2026-04-22 05:00:00;4752,19000;4755,71000;4759,81828;4747,46193;4714,96656;4709,64799;;;;;;;;22,88274;38,94031;43,68096;44,85172;1,96007;UPTREND;;False;;0;8;HMA8:UP|HMA13:UP|HMA21:UP;3;0;True;False;8;8;;8;;8;8;;;;False;UP;31,03000;68.96%;UP;23,26000;51.7%;UP;-12,33000;27.41%
2026-04-22 06:00:00;4755,61000;4758,11000;4763,68924;4759,13755;4726,39571;4712,39763;;;;;;;;22,10040;37,04774;42,68948;37,29353;1,68746;UPTREND;;False;;0;8;HMA8:UP|HMA13:UP|HMA21:UP;3;0;True;False;8,13;8,13;;8,13;;8,13;13;;13;;False;UP;24,99000;55.53%;UP;29,60000;65.78%;UP;-7,02000;15.6%
2026-04-22 07:00:00;4758,25000;4754,56000;4762,87987;4765,38231;4737,21555;4715,78838;;;;;;;;21,05823;35,34478;43,91515;28,16676;1,33757;UPTREND;;False;;0;8;HMA8:DOWN|HMA13:UP|HMA21:UP;2;1;True;False;8,13;8,13;;8,13;;8,13;;;;;False;DOWN;15,49000;34.43%;UP;31,74000;70.53%;UP;-0,85000;1.89%
2026-04-22 08:00:00;4754,59000;4767,61000;4764,94941;4769,92013;4747,97650;4720,36190;;;;;;;;20,96978;32,85297;43,27656;21,94362;1,04644;UPTREND;;False;;0;8;HMA8:UP|HMA13:UP|HMA21:UP;3;0;True;False;8,13;8,13;;8,13;;8,13;8,13;;;;False;UP;8,98000;19.96%;UP;29,05000;64.56%;UP;5,66000;12.58%
2026-04-22 09:00:00;4767,55000;4767,66000;4768,11843;4773,09173;4757,86969;4725,79888;;;;;;;;20,10694;30,53915;40,73749;15,22205;0,75705;UPTREND;;False;;0;8;HMA8:UP|HMA13:UP|HMA21:UP;3;0;True;False;8,13;8,13;;8,13;8;8,13;;8;;8;True;UP;5,89000;13.09%;UP;25,69000;57.09%;UP;12,87000;28.59%
2026-04-22 10:00:00;4767,40000;4760,56000;4767,28583;4773,29545;4765,11524;4731,45616;;;;;;;;19,57502;28,64957;37,26718;8,18021;0,41789;UPTREND;;False;;0;8;HMA8:DOWN|HMA13:UP|HMA21:UP;2;1;True;False;8,13;8,13;;8,13;8,21;8,13;;8,21;;8,21;True;DOWN;2,63000;5.84%;UP;19,43000;43.17%;UP;18,13000;40.3%
2026-04-22 11:00:00;4760,58000;4757,05000;4763,47328;4770,51056;4769,51025;4737,05086;;;;;;;;18,91823;26,88975;35,20986;7,03728;0,37198;UPTREND;;False;;0;8;HMA8:DOWN|HMA13:DOWN|HMA21:UP;1;2;False;True;8,13;8,13;;8,13;8,21;8,13;;;;;False;DOWN;0,45000;1.0%;DOWN;11,48000;25.51%;UP;21,71000;48.24%
2026-04-22 12:00:00;4757,04000;4755,15000;4758,28550;4766,08476;4771,05757;4742,29996;;;;;;;;18,27836;25,24118;33,38735;12,77207;0,69875;UPTREND;;False;;0;8;HMA8:DOWN|HMA13:DOWN|HMA21:UP;1;2;False;True;8,13;8,13;;8,13;8,21;8,13;;;;;False;DOWN;-5,21000;11.57%;DOWN;3,62000;8.05%;UP;23,07000;51.26%
2026-04-22 13:00:00;4755,27000;4759,19000;4755,99763;4762,64899;4771,08145;4747,28373;;;;;;;;17,99205;24,20237;28,32586;15,08382;0,83836;UPTREND;;False;;0;8;HMA8:DOWN|HMA13:DOWN|HMA21:UP;1;2;False;True;8,13;8,13;;8,13;8,21;8,13;8;;;;False;DOWN;-9,56000;21.24%;DOWN;-1,45000;3.22%;UP;22,39000;49.76%
2026-04-22 14:00:00;4759,39000;4750,38000;4753,14620;4758,20726;4769,25780;4751,37405;;;;;;;;17,62404;23,17934;44,03347;16,11160;0,91418;DOWNTREND;REVERSAL_TO_HMA34;False;;2;8,13;HMA8:DOWN|HMA13:DOWN|HMA21:DOWN;0;3;False;True;;;;;8,13,34;8,13;;8,13,34;;8,13,34;False;DOWN;-11,34000;25.2%;DOWN;-6,32000;14.05%;DOWN;20,12000;44.71%
2026-04-22 15:00:00;4750,68000;4744,20000;4748,02867;4752,64867;4765,63846;4754,28596;4731,24517;;;;;;;17,56590;22,60898;46,32557;17,60979;1,00250;DOWNTREND;;False;;1;8,13;HMA8:DOWN|HMA13:DOWN|HMA21:DOWN;0;3;False;True;8;;8;;8,13,34;8,13;;8;;;False;DOWN;-12,40000;27.55%;DOWN;-10,98000;24.39%;DOWN;16,09000;35.76%
2026-04-22 16:00:00;4744,24000;4752,90000;4747,20059;4749,25422;4762,01375;4756,61392;4732,28865;;;;;;;18,05690;22,53337;61,88254;14,81316;0,82036;DOWNTREND;;False;;0;8,13;HMA8:DOWN|HMA13:DOWN|HMA21:DOWN;0;3;False;True;8;;8;8,13;8,13,34;8,13;8,13;;8,13;;False;DOWN;-8,73000;19.39%;DOWN;-12,51000;27.8%;DOWN;11,16000;24.8%
2026-04-22 17:00:00;4752,57000;4735,90000;4742,28826;4744,55232;4756,80595;4757,28956;4732,98953;;;;;;;18,71784;22,88046;59,65430;14,51769;0,77561;DOWNTREND;;False;;0;8,13;HMA8:DOWN|HMA13:DOWN|HMA21:DOWN;0;3;False;True;8,13;;8,13;8,13;8,13,34;8,13;;8,13;;;False;DOWN;-10,38000;23.06%;DOWN;-13,01000;28.92%;DOWN;5,97000;13.28%
2026-04-22 18:00:00;4735,99000;4727,59000;4733,43194;4737,85502;4750,07503;4756,17640;4733,24434;;;;;;;18,46371;23,51269;54,70256;16,64309;0,90139;DOWNTREND;;False;;0;8,13;HMA8:DOWN|HMA13:DOWN|HMA21:DOWN;0;3;False;True;8,13,55;;8,13,55;8,13;8,13,34,55;8,13;;8,55;;55;False;DOWN;-14,95000;33.21%;DOWN;-14,30000;31.77%;DOWN;0,65000;1.45%
2026-04-22 19:00:00;4727,64000;4728,62000;4727,05863;4730,89218;4743,02478;4753,83089;4733,23109;;;;;;;17,92201;24,15956;54,37868;15,96615;0,89087;DOWNTREND;;False;;0;8,13;HMA8:DOWN|HMA13:DOWN|HMA21:DOWN;0;3;False;True;8,13,55;;8,13,55;8,13;8,13,34,55;8,13;8;;8;;True;DOWN;-16,31000;36.23%;DOWN;-16,45000;36.56%;DOWN;-4,74000;10.52%
2026-04-22 20:00:00;4728,67000;4737,15000;4726,93422;4727,68225;4737,31249;4751,15779;4733,29116;;;;;;;17,42830;24,19845;54,20644;10,37827;0,59548;DOWNTREND;;False;;0;8,13;HMA8:DOWN|HMA13:DOWN|HMA21:DOWN;0;3;False;True;8,13,55;;8,13,55;8,13,55;8,13,34,55;8,13;13,55;;13,55;;True;DOWN;-16,21000;36.02%;DOWN;-16,27000;36.16%;DOWN;-9,06000;20.14%
2026-04-22 21:00:00;4737,20000;4741,73000;4732,75887;4728,52864;4733,90247;4748,61683;4733,62942;;;;;;;17,57628;23,18349;56,39200;5,37383;0,30574;UPTREND;REVERSAL_TO_HMA21;False;;0;21;HMA8:UP|HMA13:UP|HMA21:DOWN;2;1;True;False;;;;21;;;21;;21;;False;UP;-7,72000;17.15%;UP;-12,88000;28.63%;DOWN;-11,45000;25.45%
2026-04-22 22:00:00;4741,75000;4740,18000;4738,65122;4731,06933;4732,23805;4746,37285;4734,17389;;;;;;;16,92726;22,24103;54,33008;7,58189;0,44791;UPTREND;;False;;0;21;HMA8:UP|HMA13:UP|HMA21:DOWN;2;1;True;False;;;;21;;;;;;;False;UP;4,41000;9.8%;UP;-10,15000;22.56%;DOWN;-12,92000;28.7%
2026-04-22 23:00:00;4740,24000;4739,24000;4741,46509;4734,13077;4731,64793;4744,40107;4734,86289;;;;;;;16,14745;21,58193;53,78757;9,81716;0,60797;UPTREND;;False;;0;21;HMA8:UP|HMA13:UP|HMA21:DOWN;2;1;True;False;;;;21;8;;;8;;8;True;UP;12,57000;27.94%;UP;-6,14000;13.64%;DOWN;-13,72000;30.5%
2026-04-23 01:00:00;4745,30000;4725,91000;4736,52178;4734,10954;4730,29111;4741,89875;4735,30584;;;;;;;16,44121;21,66663;63,83509;6,23067;0,37897;DOWNTREND;REVERSAL_TO_HMA21;False;;2;8,13,21;HMA8:DOWN|HMA13:DOWN|HMA21:DOWN;0;3;False;True;;;;;8,13,21,34,55;8,13,21,34;;8,13,21,34,55;;8,13,21,34,55;False;DOWN;8,29000;18.43%;DOWN;-2,17000;4.83%;DOWN;-13,33000;29.63%
2026-04-23 02:00:00;4726,02000;4727,82000;4729,99183;4732,40252;4728,70203;4739,06618;4735,53509;;;;;;;15,71469;21,90531;62,67455;3,70049;0,23548;DOWNTREND;;False;;1;8,13,21;HMA8:DOWN|HMA13:DOWN|HMA21:DOWN;0;3;False;True;;;;;8,13,21,34,55;8,13,21,34;;;;;False;DOWN;-2,52000;5.6%;DOWN;0,92000;2.04%;DOWN;-13,23000;29.39%
2026-04-23 03:00:00;4727,77000;4748,05000;4733,82650;4734,08635;4729,37784;4737,21563;4736,04129;;;;;;;18,85007;23,72881;50,50784;4,70851;0,24979;DOWNTREND;;False;;0;8,13,21;HMA8:UP|HMA13:UP|HMA21:UP;3;0;True;False;;;;8,13,21,34,55;8,13,21,34,55;8,13,21,34,55;8,13,21,34,55;;8,13,21,34,55;;False;UP;-3,66000;8.14%;UP;3,24000;7.2%;UP;-9,82000;21.83%
2026-04-23 04:00:00;4747,83000;4723,23000;4732,17909;4732,79270;4729,18517;4734,91099;4735,99039;;;;;;;19,46007;25,42207;52,42463;3,60753;0,18538;NEUTRAL;TREND_EXHAUSTED;False;;0;8,13,21;HMA8:DOWN|HMA13:DOWN|HMA21:DOWN;0;3;False;True;;;;;8,13,21,34,55;8,13,21,34,55;;8,13,21,34,55;;55;False;DOWN;-6,80000;15.12%;DOWN;2,09000;4.65%;DOWN;-8,08000;17.95%
2026-04-23 05:00:00;4723,19000;4698,80000;4718,04109;4724,47092;4725,80006;4731,04736;4734,79013;;;;;;;19,97220;27,83312;54,33996;7,75896;0,38849;NEUTRAL;;False;;0;8,13,21;HMA8:DOWN|HMA13:DOWN|HMA21:DOWN;0;3;False;True;;;;;8,13,21,34,55;8,13,21,34,55;;8;;;False;DOWN;-13,03000;28.94%;DOWN;-3,15000;7.0%;DOWN;-6,93000;15.4%
2026-04-23 06:00:00;4698,79000;4703,84000;4705,06130;4713,98173;4720,65664;4726,48198;4732,78676;;;;;;;19,29419;30,07196;53,47277;15,59535;0,80829;NEUTRAL;;False;;0;8,13,21;HMA8:DOWN|HMA13:DOWN|HMA21:DOWN;0;3;False;True;;;;;8,13,21,34,55;8,13,21,34,55;;;;;False;DOWN;-17,90000;39.78%;DOWN;-9,87000;21.94%;DOWN;-6,61000;14.7%
2026-04-23 07:00:00;4703,60000;4704,34000;4697,19267;4705,38212;4714,53862;4721,55647;4730,19485;;;;;;;18,50103;32,15087;53,21827;17,34595;0,93757;NEUTRAL;;False;;0;8,13,21;HMA8:DOWN|HMA13:DOWN|HMA21:DOWN;0;3;False;True;;;;8;8,13,21,34,55;8,13,21,34,55;8;;8;;False;DOWN;-26,34000;58.53%;DOWN;-14,51000;32.24%;DOWN;-7,02000;15.59%
2026-04-23 08:00:00;4704,38000;4713,52000;4699,36846;4701,55260;4709,81877;4717,11579;4727,45154;;;;;;;18,83167;33,11023;53,40406;10,45031;0,55493;NEUTRAL;;False;;0;8,13,21;HMA8:UP|HMA13:DOWN|HMA21:DOWN;1;2;False;True;;;;8,13,21;8,13,21,34,55;8,13,21,34,55;13,21;;13,21;;False;UP;-23,54000;52.3%;DOWN;-15,27000;33.94%;DOWN;-7,29000;16.2%
2026-04-23 09:00:00;4713,34000;4712,83000;4706,44700;4700,56722;4706,74959;4713,49021;4724,63799;;;;;;;18,38441;33,34570;53,01417;6,18238;0,33628;NEUTRAL;;False;;0;8,13,21;HMA8:UP|HMA13:DOWN|HMA21:DOWN;1;2;False;True;;;;8,13,21;8,13,21,34,55;8,13,21,34,55;;;;;False;UP;-8,96000;19.91%;DOWN;-16,90000;37.56%;DOWN;-7,89000;17.54%
2026-04-23 10:00:00;4712,89000;4719,11000;4714,10791;4703,76208;4705,63762;4711,08589;4722,02690;;;;;;;18,32124;33,83163;54,00286;10,34583;0,56469;UPTREND;REVERSAL_TO_HMA8;False;;0;8;HMA8:UP|HMA13:UP|HMA21:DOWN;2;1;True;False;;;;8,34;;8;8,34;;8,34;;False;UP;7,04000;15.64%;UP;-14,79000;32.87%;DOWN;-8,08000;17.96%
2026-04-23 11:00:00;4718,89000;4703,25000;4713,61552;4705,76477;4704,24967;4708,78215;4719,33484;;;;;;;18,64115;33,81475;55,70224;9,36585;0,50243;DOWNTREND;REVERSAL_TO_HMA21;False;;2;8,13,21;HMA8:DOWN|HMA13:UP|HMA21:DOWN;1;2;False;True;;;;;8,13,21,34;8,21,34;;8,13,21,34;;8,13,21,34;False;DOWN;12,42000;27.6%;UP;-9,49000;21.1%;DOWN;-7,95000;17.67%
2026-04-23 12:00:00;4703,17000;4697,55000;4706,09011;4704,90040;4701,91436;4706,22406;4716,51178;;;;;;;17,95035;34,17763;54,18816;4,17575;0,23263;DOWNTREND;;False;;1;8,13,21;HMA8:DOWN|HMA13:DOWN|HMA21:DOWN;0;3;False;True;21;;21;;8,13,21,34;8,21,34;;21;;;False;DOWN;5,35000;11.88%;DOWN;-4,82000;10.71%;DOWN;-8,49000;18.86%
2026-04-23 13:00:00;4697,56000;4696,60000;4698,41263;4701,70074;4699,03410;4703,38479;4713,57713;;;;;;;17,91247;34,98998;51,00003;3,28812;0,18357;DOWNTREND;;False;;0;8,13,21;HMA8:DOWN|HMA13:DOWN|HMA21:DOWN;0;3;False;True;21;;21;;8,13,21,34;8,21,34;;;;;False;DOWN;-6,40000;14.22%;DOWN;-1,96000;4.36%;DOWN;-9,61000;21.37%
2026-04-23 14:00:00;4696,61000;4720,63000;4702,75833;4703,14422;4699,05563;4701,74472;4711,23690;;;;;;;18,43872;33,89596;53,63843;4,08859;0,22174;UPTREND;REVERSAL_TO_HMA55;False;;2;8,13,21;HMA8:UP|HMA13:UP|HMA21:UP;3;0;True;False;;;;8,13,21,34,55;;8,13,21;8,13,21,34,55;;8,13,21,34,55;;False;UP;-8,75000;19.44%;UP;0,82000;1.83%;UP;-9,28000;20.62%
2026-04-23 15:00:00;4720,11000;4740,15000;4720,42074;4711,87926;4703,67942;4702,21804;4709,94280;;;;;;;18,80524;31,62872;54,07370;16,74133;0,89025;UPTREND;;False;;1;8,13,21;HMA8:UP|HMA13:UP|HMA21:UP;3;0;True;False;8;8;;8,13,21,34,55;;8,13,21;8;;;;False;UP;5,17000;11.49%;UP;5,73000;12.72%;UP;-6,71000;14.91%
2026-04-23 16:00:00;4740,68000;4724,43000;4731,58472;4720,31722;4709,28273;4703,58845;4709,13593;;;;;;;18,69058;29,52342;55,47649;22,30199;1,19322;UPTREND;;False;;0;8,13,21;HMA8:UP|HMA13:UP|HMA21:UP;3;0;True;False;8;8;;8,13,21,34,55;8;8,13,21;;8;;8;False;UP;18,83000;41.84%;UP;8,40000;18.66%;UP;-3,48000;7.74%
2026-04-23 17:00:00;4724,36000;4733,54000;4737,71980;4728,52813;4715,72070;4706,08926;4709,00017;;;;;;;18,75483;27,71634;52,29230;21,99910;1,17298;UPTREND;;False;;0;8,13,21;HMA8:UP|HMA13:UP|HMA21:UP;3;0;True;False;8,13;8,13;;8,13,21,34,55;8;8,13,21;8,13;;;;False;UP;27,65000;61.45%;UP;11,44000;25.41%;UP;0,36000;0.8%
2026-04-23 18:00:00;4733,58000;4720,48000;4734,34607;4732,06682;4720,20771;4708,54735;4709,11157;;;;;;;19,16448;25,73677;55,89999;14,13836;0,73774;UPTREND;;False;;0;8,13,21;HMA8:DOWN|HMA13:UP|HMA21:UP;2;1;True;False;8,13;8,13;;8,13,21,34,55;8,13;8,13,21;;13;;13;True;DOWN;22,39000;49.77%;UP;13,29000;29.54%;UP;3,10000;6.9%
2026-04-23 19:00:00;4720,49000;4732,98000;4731,04637;4735,04477;4724,31474;4711,34434;4709,72572;;;;;;;19,33273;23,96078;55,14142;10,73004;0,55502;UPTREND;;False;;0;8,13,21;HMA8:DOWN|HMA13:UP|HMA21:UP;2;1;True;False;8,13,21;8,13,21;;8,13,21,34,55;8,13;8,13,21;8,13,21;;;;False;DOWN;7,82000;17.39%;UP;16,04000;35.64%;UP;5,19000;11.54%
2026-04-23 20:00:00;4733,24000;4709,32000;4722,56983;4731,12288;4725,70933;4712,97487;4710,03875;;;;;;;22,97182;24,79824;52,11388;8,55305;0,37233;DOWNTREND;REVERSAL_TO_HMA55;False;;2;8,13,21;HMA8:DOWN|HMA13:DOWN|HMA21:UP;1;2;False;True;;;;;8,13,21,34,55;8,13;;8,13,21,34,55;;8,13,21,34,55;False;DOWN;-5,60000;12.45%;DOWN;11,47000;25.5%;UP;4,99000;11.1%
2026-04-23 21:00:00;4710,00000;4701,02000;4709,32543;4722,12877;4724,27696;4713,45259;4709,79348;;;;;;;22,95312;25,57589;53,83478;14,95153;0,65139;DOWNTREND;;False;;1;8,13,21;HMA8:DOWN|HMA13:DOWN|HMA21:DOWN;0;3;False;True;8,55;;8,55;;8,13,21,34,55;8,13,55;;8,55;;55;False;DOWN;-17,18000;38.19%;DOWN;4,26000;9.46%;DOWN;4,99000;11.08%
2026-04-23 22:00:00;4700,99000;4696,02000;4698,09074;4710,83536;4720,51674;4712,79125;4708,93668;;;;;;;22,39004;26,63796;52,88918;22,42600;1,00161;DOWNTREND;;False;;0;8,13,21;HMA8:DOWN|HMA13:DOWN|HMA21:DOWN;0;3;False;True;8,55;;8,55;;8,13,21,34,55;8,13,55;;8;;;False;DOWN;-22,04000;48.98%;DOWN;-4,04000;8.97%;DOWN;4,75000;10.55%
2026-04-23 23:00:00;4695,91000;4692,62000;4689,59798;4700,15181;4714,79113;4711,15994;4707,54650;;;;;;;21,62504;27,71856;52,78330;25,19314;1,16500;DOWNTREND;;False;;0;8,13,21;HMA8:DOWN|HMA13:DOWN|HMA21:DOWN;0;3;False;True;8,55;;8,55;;8,13,21,34,55;8,13,55;;8;;;False;DOWN;-25,60000;56.89%;DOWN;-12,34000;27.41%;DOWN;4,17000;9.26%
2026-04-24 01:00:00;4702,16000;4693,24000;4686,59317;4691,99984;4708,33606;4708,88522;4705,76423;;;;;;;20,96897;28,36648;52,17567;21,74289;1,03691;DOWNTREND;;False;;0;8,13,21;HMA8:DOWN|HMA13:DOWN|HMA21:DOWN;0;3;False;True;8,13,55;;8,13,55;;8,13,21,34,55;8,13,55;;13;;;False;DOWN;-23,22000;51.59%;DOWN;-17,66000;39.25%;DOWN;2,53000;5.63%
2026-04-24 02:00:00;4693,15000;4695,35000;4688,33748;4687,01004;4702,11808;4706,50209;4703,81656;;;;;;;20,45547;29,08901;51,06772;15,10805;0,73858;DOWNTREND;;False;;0;8,13,21;HMA8:UP|HMA13:DOWN|HMA21:DOWN;1;2;False;True;8,13,55;;8,13,55;;8,13,21,34,55;8,13,55;;;;;False;UP;-14,39000;31.97%;DOWN;-21,37000;47.5%;DOWN;-0,44000;0.97%
2026-04-24 03:00:00;4695,62000;4704,49000;4694,84074;4687,53344;4697,83300;4704,67504;4702,06137;;;;;;;20,20579;29,15846;52,05078;10,29956;0,50973;UPTREND;REVERSAL_TO_HMA55;False;;0;21;HMA8:UP|HMA13:UP|HMA21:DOWN;2;1;True;False;;;;21,55;;;21,55;;21,55;;False;UP;-2,30000;5.12%;UP;-19,78000;43.95%;DOWN;-3,24000;7.21%
2026-04-24 04:00:00;4704,45000;4699,47000;4699,76961;4690,31151;4694,78349;4703,08076;4700,48139;;;;;;;20,23538;28,96210;52,43745;9,45810;0,46740;UPTREND;;False;;0;21;HMA8:UP|HMA13:UP|HMA21:DOWN;2;1;True;False;;;;21,55;8,34,55;;;8,34,55;;8,34,55;True;UP;7,16000;15.92%;UP;-14,68000;32.63%;DOWN;-5,91000;13.13%
2026-04-24 05:00:00;4699,39000;4676,71000;4692,71824;4688,88120;4690,48690;4700,47138;4698,51202;4700,33627;;;;;;20,74499;29,52319;52,68788;3,83704;0,18496;DOWNTREND;REVERSAL_TO_HMA13;False;;2;8,13,21;HMA8:DOWN|HMA13:DOWN|HMA21:DOWN;0;3;False;True;;;;;8,13,21,55;8,13,21,55;;8,13,21,55;;8,13,21,55;False;DOWN;4,22000;9.38%;DOWN;-10,00000;22.23%;DOWN;-8,15000;18.12%
2026-04-24 06:00:00;4676,77000;4672,08000;4680,33322;4683,48251;4685,05408;4696,82103;4696,14324;4698,31619;;;;;;19,95178;30,21864;51,96331;4,72086;0,23661;DOWNTREND;;False;;1;8,13,21;HMA8:DOWN|HMA13:DOWN|HMA21:DOWN;0;3;False;True;;;;;8,13,21,55;8,13,21,55;;;;;False;DOWN;-5,73000;12.73%;DOWN;-7,93000;17.62%;DOWN;-11,13000;24.74%
2026-04-24 07:00:00;4671,73000;4674,40000;4671,31693;4677,35076;4679,69181;4692,52775;4693,55383;4696,16056;;;;;;19,88880;31,26205;49,22002;8,37489;0,42109;DOWNTREND;;False;;0;8,13,21;HMA8:DOWN|HMA13:DOWN|HMA21:DOWN;0;3;False;True;;;;8;8,13,21,55;8,13,21,55;8;;8;;False;DOWN;-16,47000;36.61%;DOWN;-7,00000;15.55%;DOWN;-13,03000;28.95%
2026-04-24 08:00:00;4674,71000;4686,37000;4672,25311;4675,00755;4676,42024;4688,49102;4691,17770;4694,08381;;;;;;19,72174;31,34264;48,96591;4,16713;0,21130;DOWNTREND;;False;;0;8,13,21;HMA8:UP|HMA13:DOWN|HMA21:DOWN;1;2;False;True;;;;8,13,21;8,13,21,55;8,13,21,55;13,21;;13,21;;True;UP;-19,23000;42.73%;DOWN;-5,79000;12.87%;DOWN;-13,64000;30.31%
2026-04-24 09:00:00;4686,38000;4671,90000;4673,35774;4672,29116;4673,59142;4684,17517;4688,64658;4691,91203;;;;;;19,83090;31,54155;50,35731;1,30026;0,06557;DOWNTREND;;False;;0;8,13,21;HMA8:UP|HMA13:DOWN|HMA21:DOWN;1;2;False;True;8,13,21,34;;8,13,21,34;8,13,21;8,13,21,34,55;8,13,21,34,55;;8,13,21,34;;34;False;UP;-13,72000;30.48%;DOWN;-7,30000;16.22%;DOWN;-13,31000;29.58%
2026-04-24 10:00:00;4671,79000;4694,45000;4681,42309;4674,76194;4673,59294;4681,30169;4686,62456;4689,98331;;;;;;20,15012;31,11965;51,97324;7,83016;0,38859;UPTREND;REVERSAL_TO_HMA89;False;;2;8,13,21;HMA8:UP|HMA13:UP|HMA21:UP;3;0;True;False;;;;8,13,21,34,55,89;;8,13,21;8,13,21,34,55,89;;8,13,21,34,55,89;;False;UP;0,77000;1.72%;UP;-7,33000;16.29%;UP;-11,56000;25.68%
2026-04-24 11:00:00;4693,86000;4690,71000;4689,51456;4679,66742;4674,94760;4679,45298;4685,00340;4688,24216;;;;;;19,59154;30,55075;50,56462;14,56695;0,74353;UPTREND;;False;;1;8,13,21;HMA8:UP|HMA13:UP|HMA21:UP;3;0;True;False;;;;8,13,21,34,55,89;;8,13,21;;;;;False;UP;13,07000;29.05%;UP;-4,48000;9.96%;UP;-9,67000;21.49%
2026-04-24 12:00:00;4690,75000;4682,03000;4689,61280;4683,57634;4676,07471;4677,97977;4683,54436;4686,57739;;;;;;19,43072;30,31630;56,92893;13,53809;0,69674;UPTREND;;False;;0;8,13,21;HMA8:UP|HMA13:UP|HMA21:UP;3;0;True;False;;;;8,13,21,34,55,89;8,13,55,89;8,13,21;;8,13,55,89;;8,13,55,89;False;UP;12,59000;27.98%;UP;0,05000;0.1%;UP;-7,63000;16.96%
2026-04-24 13:00:00;4681,94000;4677,83000;4685,46233;4684,09769;4676,64945;4676,56793;4682,10184;4684,96343;;;;;;18,86781;30,33307;56,36765;8,81288;0,46709;UPTREND;;False;;0;8,13,21;HMA8:DOWN|HMA13:UP|HMA21:UP;2;1;True;False;;;;8,13,21,34,55,89;8,13,34,55,89;8,13,21;;34;;34;True;DOWN;9,11000;20.25%;UP;3,41000;7.58%;UP;-6,41000;14.24%
2026-04-24 14:00:00;4677,78000;4706,88000;4691,05054;4688,77121;4679,85455;4676,96498;4681,42504;4683,81449;;;;;;20,34511;28,25771;56,36535;11,19599;0,55030;UPTREND;;False;;0;8,13,21;HMA8:UP|HMA13:UP|HMA21:UP;3;0;True;False;8,13,21,55,89;8,13,21,55,89;;8,13,21,34,55,89;8,13,34,55,89;8,13,21;8,13,21,55,89;;55,89;;False;UP;6,75000;14.99%;UP;6,43000;14.3%;UP;-4,20000;9.33%
2026-04-24 15:00:00;4707,15000;4700,71000;4698,45911;4694,72424;4684,43938;4678,25841;4681,19625;4682,99221;;;;;;20,42403;26,33058;57,63818;14,01973;0,68643;UPTREND;;False;;0;8,13,21;HMA8:UP|HMA13:UP|HMA21:UP;3;0;True;False;8,13,21,55,89;8,13,21,55,89;;8,13,21,34,55,89;8,13,34,55,89;8,13,21;;;;;False;UP;6,25000;13.88%;UP;10,37000;23.05%;UP;-1,70000;3.77%
2026-04-24 16:00:00;4700,69000;4711,88000;4707,62935;4702,23929;4690,87004;4680,86126;4681,62936;4682,58868;;;;;;20,93660;24,88089;59,46018;16,75931;0,80048;UPTREND;;False;;0;8,13,21;HMA8:UP|HMA13:UP|HMA21:UP;3;0;True;False;8,13,21,55,89;8,13,21,55,89;;8,13,21,34,55,89;8,13,34,55,89;8,13,21;8,13;;;;False;UP;12,14000;26.98%;UP;12,34000;27.42%;UP;1,59000;3.54%
2026-04-24 17:00:00;4711,36000;4726,34000;4720,58998;4712,02296;4699,35042;4685,17624;4682,91633;4682,72169;;;;;;21,82256;24,71661;49,23993;21,23957;0,97328;UPTREND;;False;;0;8,13,21;HMA8:UP|HMA13:UP|HMA21:UP;3;0;True;False;8,13,21,55,89;8,13,21,55,89;;8,13,21,34,55,89;8,13,34,55,89;8,13,21;8,13;;;;False;UP;21,92000;48.71%;UP;13,88000;30.85%;UP;5,15000;11.44%
2026-04-24 18:00:00;4726,40000;4727,27000;4729,48007;4722,34672;4708,10648;4690,57861;4684,90519;4683,32354;;;;;;21,58094;24,56405;48,96629;21,37359;0,99039;UPTREND;;False;;0;8,13,21;HMA8:UP|HMA13:UP|HMA21:UP;3;0;True;False;8,13,21,55,89;8,13,21,55,89;;8,13,21,34,55,89;8,13,34,55,89;8,13,21;;8;;8;True;UP;24,00000;53.33%;UP;16,67000;37.04%;UP;8,35000;18.56%
2026-04-24 19:00:00;4727,23000;4726,80000;4733,52743;4730,56317;4716,44328;4696,36447;4687,42710;4684,29087;;;;;;20,79588;24,42240;46,79108;17,08415;0,82152;UPTREND;;False;;0;8,13,21;HMA8:UP|HMA13:UP|HMA21:UP;3;0;True;False;8,13,21,55,89;8,13,21,55,89;;8,13,21,34,55,89;8,13,34,55,89;8,13,21;;13;;13;True;UP;22,86000;50.8%;UP;20,42000;45.39%;UP;11,64000;25.87%
2026-04-24 20:00:00;4726,86000;4723,43000;4732,32041;4734,25819;4723,11035;4702,07060;4690,23529;4685,52097;;;;;;20,08617;24,30514;46,95351;11,14783;0,55500;UPTREND;;False;;0;8,13,21;HMA8:DOWN|HMA13:UP|HMA21:UP;2;1;True;False;8,13,21,55,89;8,13,21,55,89;;8,13,21,34,55,89;8,13,34,55,89;8,13,21;;;;;False;DOWN;17,08000;37.96%;UP;20,68000;45.95%;UP;13,85000;30.77%
2026-04-24 21:00:00;4723,45000;4722,68000;4727,99696;4734,77913;4728,00646;4707,42359;4693,13655;4686,94773;;;;;;19,21787;24,00110;49,80958;6,78217;0,35291;UPTREND;;False;;0;8,13,21;HMA8:DOWN|HMA13:UP|HMA21:UP;2;1;True;False;8,13,21,55,89;8,13,21,55,89;;8,13,21,34,55,89;8,13,21,34,55,89;8,13,21;;21;;21;True;DOWN;5,50000;12.23%;UP;19,16000;42.57%;UP;15,43000;34.3%
2026-04-24 22:00:00;4722,72000;4716,37000;4722,03044;4731,73051;4730,74478;4711,96577;4695,92148;4688,42090;;;;;;18,72803;23,42689;49,08517;9,70007;0,51794;DOWNTREND;REVERSAL_TO_HMA8;False;;0;8;HMA8:DOWN|HMA13:DOWN|HMA21:UP;1;2;False;True;;;;;8;8;;8;;8;False;DOWN;-5,68000;12.62%;DOWN;14,71000;32.68%;UP;16,27000;36.16%
2026-04-24 23:00:00;4716,25000;4707,81000;4713,83983;4725,18578;4730,75551;4715,28540;4698,31025;4689,76272;;;;;;18,26745;22,16745;50,04177;16,91568;0,92600;DOWNTREND;ADVANCE_HMA34;False;;0;8;HMA8:DOWN|HMA13:DOWN|HMA21:UP;1;2;False;True;34;;34;;8,34;8;;8,34;;34;False;DOWN;-15,08000;33.51%;DOWN;6,85000;15.22%;UP;16,50000;36.66%
2026-04-27 01:00:00;4699,44000;4684,50000;4698,49998;4712,66639;4726,09927;4716,28528;4699,73065;4690,66055;;;;;;18,94406;21,81320;52,62210;27,59929;1,45688;DOWNTREND;ADVANCE_HMA89;False;;0;8;HMA8:DOWN|HMA13:DOWN|HMA21:DOWN;0;3;False;True;8,55,89;;8,55,89;;8,34,55,89;8;;8,55,89;;55,89;False;DOWN;-24,05000;53.45%;DOWN;-4,87000;10.82%;DOWN;13,72000;30.49%
2026-04-27 02:00:00;4683,98000;4679,95000;4682,93357;4697,88049;4718,04755;4715,25390;4700,24682;4691,09562;;;;;;18,28663;21,74708;52,24761;35,11398;1,92020;DOWNTREND;;False;;0;8;HMA8:DOWN|HMA13:DOWN|HMA21:DOWN;0;3;False;True;8,55,89;;8,55,89;;8,34,55,89;8;;8;;;False;DOWN;-31,64000;70.3%;DOWN;-16,59000;36.86%;DOWN;10,41000;23.14%
2026-04-27 03:00:00;4679,94000;4697,83000;4680,55806;4688,48416;4710,23344;4713,76724;4700,52768;4691,36219;;;;;;18,84258;20,69983;52,10209;29,67539;1,57491;DOWNTREND;;False;;0;8;HMA8:DOWN|HMA13:DOWN|HMA21:DOWN;0;3;False;True;8,55,89;;8,55,89;8,13,89;8,34,55,89;8;8,13,89;;8,13,89;;True;DOWN;-28,82000;64.05%;DOWN;-22,04000;48.98%;DOWN;5,87000;13.04%
2026-04-27 04:00:00;4698,13000;4702,55000;4687,79011;4685,80469;4703,99713;4712,31381;4700,79035;4691,55719;;;;;;18,84740;19,43844;53,12304;18,19244;0,96525;DOWNTREND;;False;;0;8;HMA8:UP|HMA13:DOWN|HMA21:DOWN;1;2;False;True;8,55,89;;8,55,89;8,13,55,89;8,34,55,89;8;55;;55;;True;UP;-19,06000;42.36%;DOWN;-23,42000;52.04%;DOWN;1,41000;3.14%
2026-04-27 05:00:00;4702,59000;4718,14000;4703,15191;4690,97794;4701,48521;4711,95557;4701,50646;4691,91780;;;;;;19,44544;19,02386;51,39677;12,17397;0,62606;UPTREND;REVERSAL_TO_HMA34;False;;2;8,21;HMA8:UP|HMA13:UP|HMA21:DOWN;2;1;True;False;;;;8,21,34;;8;8,21,34;;8,21,34;;False;UP;3,42000;7.61%;UP;-19,25000;42.79%;DOWN;-1,95000;4.33%
2026-04-27 06:00:00;4718,08000;4724,16000;4719,37787;4701,08312;4702,34581;4712,85790;4702,81326;4692,52513;;;;;;19,12005;18,93984;50,44524;18,29475;0,95684;UPTREND;;False;;1;8,21;HMA8:UP|HMA13:UP|HMA21:UP;3;0;True;False;8;8;;8,21,34;;8;8;;;;False;UP;25,48000;56.62%;UP;-11,87000;26.37%;UP;-4,22000;9.37%
2026-04-27 07:00:00;4724,06000;4725,00000;4728,92789;4712,95002;4705,28956;4714,52064;4704,66268;4693,38035;;;;;;18,27648;18,89564;47,34118;23,63833;1,29337;UPTREND;;False;;0;8,21;HMA8:UP|HMA13:UP|HMA21:UP;3;0;True;False;8;8;;8,21,34;;8;8;;;;False;UP;33,49000;74.42%;UP;0,15000;0.33%;UP;-5,57000;12.38%
2026-04-27 08:00:00;4725,10000;4710,01000;4726,46928;4719,74861;4707,77126;4715,51089;4706,56261;4694,27122;;;;;;18,16530;17,87361;48,67700;18,69802;1,02933;UPTREND;;False;;0;8,21;HMA8:DOWN|HMA13:UP|HMA21:UP;2;1;True;False;8;8;;8,21,34;13,34;8;;13,34;;13,34;True;DOWN;28,03000;62.28%;UP;11,35000;25.21%;UP;-6,36000;14.12%
2026-04-27 09:00:00;4709,99000;4712,76000;4719,49761;4722,00114;4709,90363;4715,97347;4708,48328;4695,24382;;;;;;17,32421;16,92457;48,69342;12,09751;0,69830;UPTREND;;False;;0;8,21;HMA8:DOWN|HMA13:UP|HMA21:UP;2;1;True;False;8;8;;8,21,34;13,34;8;;;;;False;DOWN;13,27000;29.49%;UP;17,87000;39.72%;UP;-6,86000;15.24%
2026-04-27 10:00:00;4712,47000;4713,34000;4714,04269;4721,24918;4711,83918;4715,89809;4710,28176;4696,29110;4689,23467;;;;;16,68248;16,21564;48,28330;9,41000;0,56406;UPTREND;;False;;0;8,21;HMA8:DOWN|HMA13:DOWN|HMA21:UP;1;2;False;True;8;8;;8,21,34;13,34;8;;;;;False;DOWN;-4,57000;10.16%;DOWN;19,50000;43.33%;UP;-6,47000;14.38%
2026-04-27 11:00:00;4713,31000;4706,79000;4708,85783;4717,76954;4713,01352;4715,09626;4711,69537;4697,27383;4689,93657;;;;;16,15516;15,21801;47,99632;8,91170;0,55163;DOWNTREND;REVERSAL_TO_HMA8;False;;2;8,21;HMA8:DOWN|HMA13:DOWN|HMA21:UP;1;2;False;True;;;;;8,21,55;8;;8,21,55;;8,21,55;False;DOWN;-17,25000;38.34%;DOWN;15,45000;34.33%;UP;-4,63000;10.29%
2026-04-27 12:00:00;4706,83000;4703,58000;4704,79948;4712,51872;4713,21282;4713,76510;4712,61128;4698,10523;4690,60708;;;;;15,63479;14,40001;48,16950;8,41333;0,53812;DOWNTREND;;False;;1;8,21;HMA8:DOWN|HMA13:DOWN|HMA21:UP;1;2;False;True;8;;8;;8,21,55;8;;8;;;False;DOWN;-19,11000;42.47%;DOWN;6,95000;15.45%;UP;-1,77000;3.94%
2026-04-27 13:00:00;4703,60000;4708,80000;4704,30694;4708,48213;4712,83206;4712,57115;4713,23481;4698,85603;4691,27276;;;;;15,32588;13,44389;47,97600;8,52512;0,55626;DOWNTREND;;False;;0;8,21;HMA8:DOWN|HMA13:DOWN|HMA21:DOWN;0;3;False;True;8;;8;8,13;8,21,55;8;8,13;;8,13;;False;DOWN;-13,92000;30.93%;DOWN;-2,78000;6.18%;DOWN;0,97000;2.16%
2026-04-27 14:00:00;4708,89000;4704,81000;4704,07609;4705,64138;4711,53819;4711,36487;4713,50581;4699,47854;4691,88416;;;;;14,87617;12,55605;47,37072;7,46210;0,50161;DOWNTREND;;False;;0;8,21;HMA8:DOWN|HMA13:DOWN|HMA21:DOWN;0;3;False;True;8,13;;8,13;8,13;8,13,21,55;8,13;;13;;13;False;DOWN;-9,51000;21.13%;DOWN;-8,98000;19.96%;DOWN;2,90000;6.45%
2026-04-27 15:00:00;4704,92000;4699,22000;4701,88013;4702,58600;4709,10771;4709,95837;4713,37975;4699,92840;4692,38698;;;;;14,92502;11,87573;45,01222;7,22758;0,48426;DOWNTREND;ADVANCE_HMA89;False;;0;8,21;HMA8:DOWN|HMA13:DOWN|HMA21:DOWN;0;3;False;True;13,89;;13,89;8,13;8,13,21,55,89;8,13;;8,13,89;;89;False;DOWN;-6,67000;14.81%;DOWN;-12,23000;27.18%;DOWN;2,92000;6.5%
2026-04-27 16:00:00;4699,66000;4696,17000;4698,35419;4699,04254;4705,84614;4708,36673;4712,84244;4700,21616;4692,77525;;;;;14,86966;11,45780;45,88321;7,49196;0,50384;DOWNTREND;;False;;0;8,21;HMA8:DOWN|HMA13:DOWN|HMA21:DOWN;0;3;False;True;8,13,89;;8,13,89;8,13;8,13,21,55,89;8,13;;8,13;;;False;DOWN;-6,18000;13.74%;DOWN;-13,98000;31.06%;DOWN;1,35000;3.0%
2026-04-27 17:00:00;4696,15000;4678,09000;4688,27435;4692,21846;4700,41444;4705,71659;4711,49029;4700,15296;4692,90805;;;;;15,24611;11,95988;47,69938;12,14009;0,79627;DOWNTREND;ADVANCE_HMA116;False;;0;8,21;HMA8:DOWN|HMA13:DOWN|HMA21:DOWN;0;3;False;True;8,13,116;;8,13,116;8,13;8,13,21,55,89,116;8,13;;8,13,116;;116;False;DOWN;-14,73000;32.73%;DOWN;-15,61000;34.68%;DOWN;-1,83000;4.07%
2026-04-27 18:00:00;4678,12000;4669,98000;4675,40707;4682,87730;4693,26570;4701,87959;4709,26755;4699,69704;4692,75134;;;;;15,24996;12,98871;40,78823;17,85863;1,17106;DOWNTREND;;False;;0;8,21;HMA8:DOWN|HMA13:DOWN|HMA21:DOWN;0;3;False;True;8,13,116;;8,13,116;8,13;8,13,21,55,89,116;8,13;;8;;;False;DOWN;-25,17000;55.94%;DOWN;-17,95000;39.89%;DOWN;-5,43000;12.07%
2026-04-27 19:00:00;4669,97000;4676,65000;4669,11441;4674,94181;4686,28357;4697,61057;4706,56103;4699,01087;4692,40372;;;;;15,03211;13,94405;37,57117;17,16916;1,14217;DOWNTREND;;False;;0;8,21;HMA8:DOWN|HMA13:DOWN|HMA21:DOWN;0;3;False;True;8,13,116;;8,13,116;8,13;8,13,21,55,89,116;8,13;8,13;;8,13;;True;DOWN;-28,59000;63.53%;DOWN;-20,40000;45.33%;DOWN;-8,93000;19.84%
2026-04-27 20:00:00;4676,81000;4682,18000;4670,60811;4671,13582;4680,71510;4693,43745;4703,65974;4698,22613;4691,94854;;;;;15,23624;14,17293;38,23593;10,10699;0,66335;DOWNTREND;;False;;0;8,21;HMA8:UP|HMA13:DOWN|HMA21:DOWN;1;2;False;True;8,13,116;;8,13,116;8,13,21;8,13,21,55,89,116;8,13;21;;21;;True;UP;-24,48000;54.4%;DOWN;-20,68000;45.95%;DOWN;-11,55000;25.66%
2026-04-27 21:00:00;4682,16000;4680,65000;4675,27215;4670,40248;4676,69734;4689,45682;4700,66544;4697,35432;4691,40028;;;;;14,61580;14,38547;40,91431;6,29486;0,43069;DOWNTREND;;False;;0;8,21;HMA8:UP|HMA13:DOWN|HMA21:DOWN;1;2;False;True;8,13,21,116;;8,13,21,116;8,13,21;8,13,21,55,89,116;8,13,21;;21;;21;False;UP;-12,54000;27.86%;DOWN;-20,15000;44.78%;DOWN;-13,95000;31.01%
2026-04-27 22:00:00;4680,63000;4680,74000;4679,54807;4671,57269;4674,02167;4685,85703;4697,72330;4696,42382;4690,78391;;;;;13,99538;14,74771;43,40988;7,97538;0,56986;DOWNTREND;;False;;0;8,21;HMA8:UP|HMA13:UP|HMA21:DOWN;2;1;True;False;8,13,21,116;;8,13,21,116;8,13,21;8,13,21,55,89,116;8,13,21;;;;;False;UP;4,23000;9.4%;UP;-18,11000;40.25%;DOWN;-15,64000;34.76%
2026-04-27 23:00:00;4680,64000;4679,85000;4681,18680;4673,77734;4672,20762;4682,64447;4694,92169;4695,45683;4690,11357;;;;;13,26714;15,08406;42,79520;8,97917;0,67680;DOWNTREND;;False;;0;8,21;HMA8:UP|HMA13:UP|HMA21:DOWN;2;1;True;False;8,13,21,116;;8,13,21,116;8,13,21;8,13,21,55,89,116;8,13,21;;8;;;False;UP;12,82000;28.48%;UP;-13,04000;28.99%;DOWN;-17,02000;37.83%
2026-04-28 01:00:00;4686,59000;4687,89000;4684,02543;4677,92986;4672,09134;4680,26704;4692,56631;4694,59192;4689,48820;;;;;13,12020;14,35598;46,26280;11,93409;0,90960;DOWNTREND;;False;;0;8,21;HMA8:UP|HMA13:UP|HMA21:DOWN;2;1;True;False;8,13,21,116;;8,13,21,116;8,13,21;8,13,21,55,89,116;8,13,21;;;;;False;UP;14,34000;31.87%;UP;-3,60000;7.99%;DOWN;-16,73000;37.19%
2026-04-28 02:00:00;4687,89000;4691,95000;4688,66900;4683,08840;4673,82042;4678,88781;4690,72855;4693,89493;4688,95610;;;;;12,73662;13,36079;47,59964;14,84858;1,16582;UPTREND;REVERSAL_TO_HMA55;False;;0;8;HMA8:UP|HMA13:UP|HMA21:UP;3;0;True;False;;;;8,55,116;;8;8,55,116;;8,55,116;;False;UP;14,73000;32.74%;UP;6,08000;13.52%;UP;-15,49000;34.41%
2026-04-28 03:00:00;4692,15000;4690,54000;4691,84406;4687,57954;4676,69309;4678,25636;4689,27719;4693,34550;4688,50549;;;;;12,60257;13,00959;48,06892;15,15096;1,20221;UPTREND;;False;;0;8;HMA8:UP|HMA13:UP|HMA21:UP;3;0;True;False;;;;8,55,116;8,55;8;;8,55;;8,55;True;UP;13,71000;30.46%;UP;12,27000;27.26%;UP;-13,02000;28.94%
2026-04-28 04:00:00;4690,55000;4670,63000;4685,52759;4686,54717;4678,03844;4677,12449;4687,60913;4692,64415;4687,95906;;;;;13,27882;13,22073;50,51033;8,50873;0,64077;DOWNTREND;REVERSAL_TO_HMA34;False;;2;8,13,21;HMA8:DOWN|HMA13:DOWN|HMA21:UP;1;2;False;True;;;;;8,13,21,34,55,116;8,13,34,55,116;;8,13,21,34,55,116;;8,13,21,34,55,116;False;DOWN;4,67000;10.38%;DOWN;11,46000;25.46%;UP;-9,56000;21.26%
2026-04-28 05:00:00;4670,62000;4669,09000;4675,43831;4681,93271;4677,76293;4675,54610;4685,72423;4691,76242;4687,31832;;;;;13,27033;13,60231;50,93511;6,49440;0,48939;DOWNTREND;;False;;1;8,13,21;HMA8:DOWN|HMA13:DOWN|HMA21:DOWN;0;3;False;True;;;;;8,13,21,34,55,116;8,13,34,55,116;;;;;False;DOWN;-9,19000;20.42%;DOWN;7,41000;16.47%;DOWN;-6,66000;14.81%
2026-04-28 06:00:00;4669,08000;4670,85000;4668,55356;4676,46921;4676,39584;4673,73192;4683,67899;4690,73081;4686,60548;;;;;12,84531;13,95664;57,60226;7,91566;0,61623;DOWNTREND;;False;;0;8,13,21;HMA8:DOWN|HMA13:DOWN|HMA21:DOWN;0;3;False;True;;;;8;8,13,21,34,55,116;8,13,34,55,116;8;;8;;False;DOWN;-21,38000;47.51%;DOWN;2,00000;4.45%;DOWN;-4,40000;9.78%
2026-04-28 07:00:00;4670,86000;4667,63000;4664,53144;4671,10252;4674,16457;4671,67852;4681,39270;4689,52457;4685,80259;;;;;12,24993;14,40971;57,52803;9,63313;0,78638;DOWNTREND;;False;;0;8,13,21;HMA8:DOWN|HMA13:DOWN|HMA21:DOWN;0;3;False;True;8;;8;8;8,13,21,34,55,116;8,13,34,55,116;;8;;;False;DOWN;-29,14000;64.75%;DOWN;-5,31000;11.79%;DOWN;-3,06000;6.8%
2026-04-28 08:00:00;4667,71000;4632,06000;4650,31596;4659,00938;4667,95141;4667,72895;4677,96339;4687,68607;4684,59894;;;;;14,52208;16,92607;32,51079;17,63545;1,21439;DOWNTREND;;False;;0;8,13,21;HMA8:DOWN|HMA13:DOWN|HMA21:DOWN;0;3;False;True;8,13;;8,13;8;8,13,21,34,55,116;8,13,34,55,116;;8,13;;;False;DOWN;-31,22000;69.38%;DOWN;-15,45000;34.33%;DOWN;-3,45000;7.66%
2026-04-28 09:00:00;4632,00000;4628,98000;4633,72720;4644,28972;4659,01779;4662,49444;4673,57754;4685,26622;4683,02375;;;;;14,87478;19,27760;33,14474;25,29058;1,70023;DOWNTREND;;False;;0;8,13,21;HMA8:DOWN|HMA13:DOWN|HMA21:DOWN;0;3;False;True;8,13;;8,13;8;8,13,21,34,55,116;8,13,34,55,116;;;;;False;DOWN;-35,03000;77.85%;DOWN;-25,88000;57.5%;DOWN;-5,76000;12.8%
2026-04-28 10:00:00;4628,89000;4633,14000;4624,53354;4632,21507;4649,37151;4656,75216;4668,66132;4682,41350;4681,17021;;;;;15,15587;21,55828;33,11950;24,83797;1,63884;DOWNTREND;;False;;0;8,13,21;HMA8:DOWN|HMA13:DOWN|HMA21:DOWN;0;3;False;True;8,13;;8,13;8,13;8,13,21,34,55,116;8,13,34,55,116;8,13;;8,13;;True;DOWN;-35,98000;79.96%;DOWN;-30,86000;68.57%;DOWN;-8,57000;19.04%
2026-04-28 11:00:00;4633,47000;4629,66000;4620,86807;4623,94564;4639,88530;4650,75253;4663,40764;4679,17342;4679,05319;;;;;15,53974;23,87706;30,96363;19,01723;1,22378;DOWNTREND;;False;;0;8,13,21;HMA8:DOWN|HMA13:DOWN|HMA21:DOWN;0;3;False;True;8,13;;8,13;8,13;8,13,21,34,55,116;8,13,34,55,116;;13;;;False;DOWN;-35,09000;77.97%;DOWN;-31,88000;70.84%;DOWN;-11,71000;26.02%
2026-04-28 12:00:00;4629,60000;4604,76000;4612,84600;4613,63831;4629,11951;4643,54500;4657,36568;4675,31589;4676,49920;;;;;16,24833;26,34830;30,24497;16,27351;1,00155;DOWNTREND;;False;;0;8,13,21;HMA8:DOWN|HMA13:DOWN|HMA21:DOWN;0;3;False;True;8,13,21;;8,13,21;8,13;8,13,21,34,55,116;8,13,21,34,55,116;;8,13,21;;21;False;DOWN;-29,96000;66.59%;DOWN;-32,80000;72.89%;DOWN;-15,38000;34.18%
2026-04-28 13:00:00;4604,49000;4603,22000;4603,82300;4603,49516;4618,13277;4635,76407;4650,79668;4670,97646;4673,57953;;;;;16,02845;28,68323;30,97915;14,63760;0,91323;DOWNTREND;;False;;0;8,13,21;HMA8:DOWN|HMA13:DOWN|HMA21:DOWN;0;3;False;True;8,13,21;;8,13,21;8,13;8,13,21,34,55,116;8,13,21,34,55,116;;8,13;;;False;DOWN;-25,01000;55.57%;DOWN;-35,11000;78.02%;DOWN;-20,07000;44.6%
2026-04-28 14:00:00;4602,91000;4562,59000;4582,27828;4587,64538;4603,55401;4625,53756;4642,91756;4665,73508;4670,00410;;;;;18,69070;31,85321;23,56158;21,27573;1,13831;DOWNTREND;;False;;0;8,13,21;HMA8:DOWN|HMA13:DOWN|HMA21:DOWN;0;3;False;True;8,13,21;;8,13,21;8,13;8,13,21,34,55,116;8,13,21,34,55,116;;8,13;;;False;DOWN;-29,47000;65.5%;DOWN;-32,47000;72.16%;DOWN;-21,73000;48.28%
2026-04-28 15:00:00;4562,68000;4593,71000;4573,40476;4577,84348;4591,17585;4615,52079;4635,04422;4660,20208;4666,17003;;;;;20,57565;34,80460;27,87623;17,77109;0,86370;DOWNTREND;;False;;0;8,13,21;HMA8:DOWN|HMA13:DOWN|HMA21:DOWN;0;3;False;True;8,13,21;;8,13,21;8,13,21;8,13,21,34,55,116;8,13,21,34,55,116;8,13,21;;8,13,21;;True;DOWN;-29,97000;66.6%;DOWN;-28,29000;62.87%;DOWN;-22,82000;50.72%
2026-04-28 16:00:00;4593,66000;4580,37000;4572,51172;4570,49477;4580,41157;4605,46008;4626,98156;4654,34066;4662,02938;;;;;20,77810;37,54517;29,77022;9,91679;0,47727;DOWNTREND;;False;;0;8,13,21;HMA8:DOWN|HMA13:DOWN|HMA21:DOWN;0;3;False;True;8,13,21;;8,13,21;8,13,21;8,13,21,34,55,116;8,13,21,34,55,116;;21;;;False;DOWN;-25,89000;57.53%;DOWN;-26,34000;58.53%;DOWN;-24,79000;55.1%
2026-04-28 17:00:00;4580,25000;4574,47000;4570,78391;4565,73949;4571,32126;4595,64402;4618,77615;4648,22824;4657,61750;4659,82481;;;;20,96395;40,29741;33,87766;5,58177;0,26626;DOWNTREND;;False;;0;8,13,21;HMA8:DOWN|HMA13:DOWN|HMA21:DOWN;0;3;False;True;8,13,21;;8,13,21;8,13,21;8,13,21,34,55,116;8,13,21,34,55,116;;21;;;False;DOWN;-21,50000;47.79%;DOWN;-24,83000;55.18%;DOWN;-26,13000;58.07%
2026-04-28 18:00:00;4574,43000;4586,43000;4576,49789;4565,50270;4566,03306;4587,11142;4610,99754;4642,13177;4653,13211;4656,32116;;;;20,85867;42,26218;36,97642;10,99519;0,52713;DOWNTREND;;False;;0;8,13,21;HMA8:UP|HMA13:DOWN|HMA21:DOWN;1;2;False;True;8,13,21;;8,13,21;8,13,21;8,13,21,34,55,116;8,13,21,34,55,116;8;;8;;True;UP;-3,96000;8.81%;DOWN;-21,04000;46.75%;DOWN;-26,04000;57.87%
2026-04-28 19:00:00;4586,41000;4592,29000;4584,14074;4570,26311;4563,87656;4580,37885;4603,96901;4636,20496;4648,66787;4652,78927;;;;20,58305;43,26115;38,62887;20,26418;0,98451;UPTREND;REVERSAL_TO_HMA34;False;;0;;HMA8:UP|HMA13:UP|HMA21:DOWN;2;1;True;False;;;;34;;;34;;34;;False;UP;7,43000;16.51%;UP;-15,06000;33.47%;DOWN;-24,81000;55.13%
2026-04-28 20:00:00;4592,34000;4594,79000;4591,35061;4578,31853;4564,59708;4575,25269;4597,78438;4630,54865;4644,27991;4649,28757;;;;20,12641;43,57471;40,83592;26,75353;1,32927;UPTREND;;False;;0;;HMA8:UP|HMA13:UP|HMA21:UP;3;0;True;False;;;;34;;;;;;;False;UP;13,17000;29.27%;UP;-4,42000;9.81%;UP;-22,84000;50.76%
2026-04-28 21:00:00;4594,78000;4594,29000;4596,49072;4585,30775;4567,35140;4571,68745;4592,43509;4625,20791;4640,00003;4645,83550;;;;19,28523;43,86588;42,35606;29,13932;1,51097;UPTREND;;False;;0;;HMA8:UP|HMA13:UP|HMA21:UP;3;0;True;False;55;55;;34,55;8;;55;8;55;8;True;UP;18,43000;40.96%;UP;3,69000;8.2%;UP;-20,61000;45.8%
2026-04-28 22:00:00;4594,33000;4595,63000;4598,18900;4591,19668;4571,49504;4569,50575;4587,78789;4620,21043;4635,87073;4642,46081;;;;18,38915;44,13626;47,51989;26,69396;1,45162;UPTREND;;False;;0;;HMA8:UP|HMA13:UP|HMA21:UP;3;0;True;False;55;55;;34,55;8;;;;;;False;UP;16,43000;36.51%;UP;10,63000;23.61%;UP;-17,40000;38.66%
2026-04-28 23:00:00;4595,60000;4596,17000;4598,33452;4595,64585;4576,39557;4568,41721;4583,80250;4615,55840;4631,90714;4639,18837;;;;17,61135;44,46795;47,54111;21,93894;1,24573;UPTREND;;False;;0;;HMA8:UP|HMA13:UP|HMA21:UP;3;0;True;False;13,55;13,55;;13,34,55;8;13;13;;13;;False;UP;11,39000;25.32%;UP;15,80000;35.12%;UP;-13,33000;29.63%
2026-04-29 01:00:00;4599,16000;4594,11000;4597,01137;4597,90500;4581,37690;4568,14499;4580,32677;4611,15561;4628,09805;4636,02130;;;;16,95268;44,53698;48,10204;16,52810;0,97496;UPTREND;;False;;0;;HMA8:DOWN|HMA13:UP|HMA21:UP;2;1;True;False;13,55;13,55;;13,34,55;8,13;13;;8,13;;8,13;True;DOWN;4,77000;10.6%;UP;17,67000;39.27%;UP;-7,45000;16.56%
2026-04-29 02:00:00;4594,12000;4595,64000;4595,99004;4598,54763;4585,82775;4568,70767;4577,30920;4607,01489;4624,42687;4632,97246;;;;16,32820;44,79133;48,98856;12,71988;0,77901;UPTREND;;False;;0;;HMA8:DOWN|HMA13:UP|HMA21:UP;2;1;True;False;13,55;13,55;;13,34,55;8,13;13;;;;;False;DOWN;-0,44000;0.98%;UP;16,10000;35.79%;UP;-1,88000;4.17%
2026-04-29 03:00:00;4595,65000;4600,25000;4597,42367;4599,25373;4590,14366;4570,16785;4574,82368;4603,17196;4620,93221;4630,07173;;;;16,23619;43,54109;55,10413;9,11007;0,56110;UPTREND;ADVANCE_HMA8;False;;0;;HMA8:UP|HMA13:UP|HMA21:UP;3;0;True;False;8,13,55;8,13,55;;8,13,34,55;8,13;8,13;8,13;;8;;False;UP;-0,68000;1.5%;UP;12,13000;26.95%;UP;3,43000;7.62%
2026-04-29 04:00:00;4600,24000;4584,81000;4593,54383;4596,81603;4592,32429;4571,45155;4572,41130;4599,38560;4617,45647;4627,19803;;;;16,82789;43,27663;60,86134;4,49174;0,26692;DOWNTREND;REVERSAL_TO_HMA21;False;;2;8,13,21;HMA8:DOWN|HMA13:DOWN|HMA21:UP;1;2;False;True;;;;;8,13,21,89;8,13,89;;8,13,21,89;;8,13,21,89;False;DOWN;-4,07000;9.05%;DOWN;6,50000;14.45%;UP;7,11000;15.81%
2026-04-29 05:00:00;4584,84000;4593,57000;4591,26070;4594,69846;4593,64947;4573,11881;4570,35213;4595,78694;4614,07558;4624,40937;;;;17,00590;42,67991;55,85590;3,43776;0,20215;DOWNTREND;;False;;1;8,13,21;HMA8:DOWN|HMA13:DOWN|HMA21:UP;1;2;False;True;;;;8,21;8,13,21,89;8,13,89;8,21;;8,21;;False;DOWN;-4,83000;10.74%;DOWN;1,97000;4.37%;UP;9,22000;20.5%
2026-04-29 06:00:00;4593,63000;4595,40000;4592,10706;4593,50918;4594,47427;4575,24148;4568,70803;4592,40689;4610,80453;4621,70781;;;;16,58119;42,12581;51,76731;2,36721;0,14276;DOWNTREND;;False;;0;8,13,21;HMA8:UP|HMA13:DOWN|HMA21:UP;2;1;True;False;;;;8,13,21,89;8,13,21,89;8,13,21,89;13,21,89;;13,21,89;;False;UP;-3,35000;7.45%;DOWN;-1,23000;2.73%;UP;10,46000;23.23%
2026-04-29 07:00:00;4595,53000;4604,79000;4597,00000;4595,59448;4595,99531;4578,18476;4567,74431;4589,37128;4607,73365;4619,13994;;;;16,12896;41,37356;49,27335;1,40552;0,08714;UPTREND;REVERSAL_TO_HMA8;False;;2;8,13,21;HMA8:UP|HMA13:UP|HMA21:UP;3;0;True;False;;;;8,13,21;;8,13,21;8,13,21;;8,13;;False;UP;-0,38000;0.84%;UP;-1,37000;3.04%;UP;11,02000;24.48%
2026-04-29 08:00:00;4604,83000;4590,90000;4597,94174;4595,94546;4596,64830;4580,95167;4567,05310;4586,47852;4604,72971;4616,60560;;;;16,18475;40,91851;55,64813;1,99628;0,12334;UPTREND;;False;;1;8,13,21;HMA8:UP|HMA13:UP|HMA21:UP;3;0;True;False;;;;8,13,21;8,13,21,116;8,13,21;;8,13,21,116;;8,13,21,116;False;UP;3,89000;8.64%;UP;-1,53000;3.41%;UP;10,26000;22.8%
2026-04-29 09:00:00;4590,89000;4584,52000;4592,62344;4593,67777;4595,75420;4583,06359;4566,46293;4583,65581;4601,74308;4614,06180;;;;16,29798;40,97722;64,10708;3,13076;0,19209;UPTREND;;False;;0;8,13,21;HMA8:DOWN|HMA13:DOWN|HMA21:DOWN;0;3;False;True;;;;8,13,21;8,13,21,89,116;8,13,21,89;;89;;89;False;DOWN;1,20000;2.66%;DOWN;-3,26000;7.25%;DOWN;8,47000;18.81%
2026-04-29 10:00:00;4584,52000;4567,77000;4580,19883;4586,67643;4591,95400;4583,58111;4565,56359;4580,70065;4598,63464;4611,40536;;;;16,67098;41,58474;56,51184;11,75516;0,70513;DOWNTREND;REVERSAL_TO_HMA8;False;;0;8;HMA8:DOWN|HMA13:DOWN|HMA21:DOWN;0;3;False;True;;;;;8,34,89;8,89;;8,34,89;;8,34;False;DOWN;-10,12000;22.5%;DOWN;-5,79000;12.86%;DOWN;5,33000;11.85%
2026-04-29 11:00:00;4569,18000;4573,17000;4570,31072;4579,20096;4586,99847;4583,10222;4564,64571;4577,73032;4595,48768;4608,68412;;;;16,86877;42,49356;49,57440;16,68775;0,98927;DOWNTREND;;False;;0;8;HMA8:DOWN|HMA13:DOWN|HMA21:DOWN;0;3;False;True;;;;8;8,34,89;8,89;8;;8;;True;DOWN;-21,58000;47.96%;DOWN;-8,71000;19.35%;DOWN;1,91000;4.24%
2026-04-29 12:00:00;4573,26000;4555,65000;4560,01263;4569,07902;4580,03595;4580,90236;4563,29198;4574,54836;4592,16423;4605,80030;;;;17,75172;43,52034;49,49231;20,02332;1,12797;DOWNTREND;ADVANCE_HMA55;False;;0;8;HMA8:DOWN|HMA13:DOWN|HMA21:DOWN;0;3;False;True;13,55;;13,55;8;8,13,34,55,89;8,13,55,89;;8,13,55;;13,55;False;DOWN;-28,11000;62.47%;DOWN;-12,92000;28.71%;DOWN;-1,87000;4.15%
2026-04-29 13:00:00;4555,39000;4569,80000;4557,80794;4562,33651;4573,97577;4578,42057;4562,00362;4571,41592;4588,83632;4602,86589;;;;18,02802;44,47378;52,01782;16,16783;0,89682;DOWNTREND;;False;;0;8;HMA8:DOWN|HMA13:DOWN|HMA21:DOWN;0;3;False;True;13,55;;13,55;8,13,55;8,13,34,55,89;8,13,55,89;8,13,55;;8,13,55;;True;DOWN;-25,77000;57.27%;DOWN;-17,09000;37.98%;DOWN;-5,12000;11.39%
2026-04-29 14:00:00;4569,82000;4561,68000;4558,80322;4557,54589;4568,42142;4575,50996;4560,62049;4568,24595;4585,45309;4599,84522;;;;17,65031;45,35912;52,86856;10,87553;0,61617;DOWNTREND;;False;;0;8;HMA8:UP|HMA13:DOWN|HMA21:DOWN;1;2;False;True;13,21,55,89;;13,21,55,89;8,13,55;8,13,21,34,55,89;8,13,21,55,89;;13,21,55,89;;21;False;UP;-16,86000;37.47%;DOWN;-19,93000;44.29%;DOWN;-7,71000;17.14%
2026-04-29 15:00:00;4561,59000;4544,90000;4552,72004;4551,79544;4561,61933;4571,56797;4558,83708;4564,86276;4581,87751;4596,65334;;;;18,31100;46,71069;50,07583;9,82389;0,53650;DOWNTREND;;False;;0;8;HMA8:DOWN|HMA13:DOWN|HMA21:DOWN;0;3;False;True;8,13,21,55,89;;8,13,21,55,89;8,13,55;8,13,21,34,55,89;8,13,21,55,89;;8,13,55;;;False;DOWN;-13,50000;30.01%;DOWN;-20,87000;46.37%;DOWN;-9,92000;22.05%
2026-04-29 16:00:00;4544,91000;4521,77000;4537,24985;4541,03522;4552,09201;4565,69845;4556,20633;4561,03302;4577,94473;4593,17704;;;;20,07450;48,62009;40,33886;14,84215;0,73935;DOWNTREND;;False;;0;8;HMA8:DOWN|HMA13:DOWN|HMA21:DOWN;0;3;False;True;8,13,21,55,89;;8,13,21,55,89;8,13,55;8,13,21,34,55,89;8,13,21,55,89;;8,13;;;False;DOWN;-15,83000;35.17%;DOWN;-20,75000;46.12%;DOWN;-11,92000;26.49%
2026-04-29 17:00:00;4521,75000;4539,34000;4528,65998;4532,77274;4543,15620;4559,62272;4553,42953;4557,11799;4573,89300;4589,56524;;;;20,42632;50,39311;42,53615;14,49622;0,70968;DOWNTREND;;False;;0;8;HMA8:DOWN|HMA13:DOWN|HMA21:DOWN;0;3;False;True;8,13,21,55,89;;8,13,21,55,89;8,13,55;8,13,21,34,55,89;8,13,21,55,89;8,13;;8,13;;True;DOWN;-19,63000;43.63%;DOWN;-20,75000;46.11%;DOWN;-14,50000;32.23%
2026-04-29 18:00:00;4539,24000;4547,62000;4531,48654;4530,21233;4536,82589;4554,04071;4550,80993;4553,30487;4569,86630;4585,90479;;;;20,58515;50,43154;42,29864;6,61356;0,32128;DOWNTREND;;False;;0;8;HMA8:UP|HMA13:DOWN|HMA21:DOWN;1;2;False;True;8,13,21,55,89;;8,13,21,55,89;8,13,21,55;8,13,21,34,55,89;8,13,21,55,89;21;;21;;True;UP;-18,35000;40.79%;DOWN;-17,47000;38.82%;DOWN;-16,20000;36.01%
2026-04-29 19:00:00;4547,65000;4545,44000;4538,18191;4531,24637;4533,09953;4549,07994;4548,30448;4549,61904;4565,89089;4582,21104;;;;20,65407;49,92402;42,58170;6,93554;0,33580;DOWNTREND;;False;;0;8;HMA8:UP|HMA13:UP|HMA21:DOWN;2;1;True;False;8,13,21,55,89;;8,13,21,55,89;8,13,21,55;8,13,21,34,55,89;8,13,21,55,89;;;;;False;UP;-9,98000;22.18%;UP;-14,08000;31.3%;DOWN;-16,88000;37.5%
2026-04-29 20:00:00;4545,44000;4547,60000;4545,45467;4534,44907;4531,92591;4545,05514;4545,98763;4546,12223;4562,02919;4578,53383;;;;20,09521;49,51720;42,80488;13,52876;0,67323;UPTREND;REVERSAL_TO_HMA89;False;;0;8;HMA8:UP|HMA13:UP|HMA21:DOWN;2;1;True;False;;;;8,34,55,89;;8;8,34,55,89;;8,34,55,89;;False;UP;5,83000;12.95%;UP;-10,84000;24.1%;DOWN;-16,63000;36.96%
2026-04-29 21:00:00;4547,48000;4538,07000;4545,58678;4536,75237;4531,05839;4541,42329;4543,65342;4542,72469;4558,21395;4574,84153;;;;21,13627;49,86131;45,75685;14,52839;0,68737;UPTREND;;False;;0;8;HMA8:UP|HMA13:UP|HMA21:DOWN;2;1;True;False;;;;8,34,55,89;8,34,55,89;8;;8,34,55,89;;8,34,55,89;True;UP;11,32000;25.16%;UP;-6,76000;15.03%;DOWN;-14,82000;32.94%
2026-04-29 22:00:00;4538,16000;4546,83000;4545,04291;4540,29329;4531,37162;4538,45690;4541,60057;4539,57179;4554,56220;4571,21999;;;;20,86796;50,18084;49,48958;13,67128;0,65513;UPTREND;;False;;0;8;HMA8:DOWN|HMA13:UP|HMA21:UP;2;1;True;False;8,13,34,55,89;8,13,34,55,89;;8,13,34,55,89;8,34,55,89;8,13;8,13,34,55,89;;13,34,55,89;;False;DOWN;9,22000;20.5%;UP;-0,34000;0.75%;UP;-13,13000;29.17%
2026-04-29 23:00:00;4546,99000;4543,30000;4544,44765;4542,39013;4532,13553;4535,87384;4539,71252;4536,65324;4551,05117;4567,66216;;;;20,24739;50,20480;53,28770;12,31212;0,60808;UPTREND;;False;;0;8;HMA8:DOWN|HMA13:UP|HMA21:UP;2;1;True;False;8,13,34,55,89;8,13,34,55,89;;8,13,34,55,89;8,34,55,89;8,13;;8;;8;True;DOWN;4,42000;9.83%;UP;4,53000;10.06%;UP;-11,68000;25.95%
2026-04-30 01:00:00;4545,24000;4552,09000;4546,72919;4545,24700;4534,37460;4534,23848;4538,14834;4534,11805;4547,78697;4564,24323;;;;19,75758;50,29098;56,41493;12,35459;0,62531;UPTREND;ADVANCE_HMA116;False;;0;8;HMA8:UP|HMA13:UP|HMA21:UP;3;0;True;False;8,13,34,55,116;8,13,34,55,116;;8,13,34,55,89,116;8,34,55,89;8,13;8,13,116;;116;;False;UP;0,92000;2.05%;UP;7,23000;16.06%;UP;-9,78000;21.73%
2026-04-30 02:00:00;4552,09000;4561,70000;4554,49591;4550,15588;4538,83048;4534,03660;4537,12213;4532,08421;4544,86435;4561,02803;;;;19,22347;49,46147;55,53687;15,66543;0,81491;UPTREND;ADVANCE_HMA144;False;;0;8;HMA8:UP|HMA13:UP|HMA21:UP;3;0;True;False;8,13,34,55,144;8,13,34,55,144;;8,13,34,55,89,116,144;8,34,55,89;8,13;8,144;;144;;False;UP;6,61000;14.69%;UP;9,31000;20.69%;UP;-6,76000;15.02%
2026-04-30 03:00:00;4561,62000;4569,96000;4564,53989;4557,76764;4545,27362;4535,51725;4536,79888;4530,59247;4542,34027;4558,07336;;;;19,10679;47,63351;56,37950;19,26627;1,00835;UPTREND;;False;;0;8;HMA8:UP|HMA13:UP|HMA21:UP;3;0;True;False;8,13,34,55,144;8,13,34,55,144;;8,13,34,55,89,116,144;8,34,55,89;8,13;8;;;;False;UP;14,31000;31.8%;UP;11,50000;25.55%;UP;-2,04000;4.54%
2026-04-30 04:00:00;4569,94000;4579,10000;4575,65669;4567,53692;4553,30022;4538,71697;4537,31828;4529,70702;4540,24843;4555,43075;;;;19,00988;45,28568;52,67002;22,35647;1,17604;UPTREND;;False;;0;8;HMA8:UP|HMA13:UP|HMA21:UP;3;0;True;False;8,13,34,55,144;8,13,34,55,144;;8,13,34,55,89,116,144;8,34,55,89;8,13;8;;;;False;UP;22,31000;49.59%;UP;15,10000;33.56%;UP;3,05000;6.79%
2026-04-30 05:00:00;4578,97000;4564,85000;4577,55974;4573,33399;4559,94164;4542,30086;4538,16112;4529,17763;4538,41204;4552,98675;;;;19,21846;43,37049;53,85254;17,61811;0,91673;UPTREND;;False;;0;8;HMA8:UP|HMA13:UP|HMA21:UP;3;0;True;False;8,13,34,55,144;8,13,34,55,144;;8,13,34,55,89,116,144;8,13,34,55,89;8,13;;8,13;;8,13;True;UP;21,85000;48.56%;UP;15,99000;35.53%;UP;6,86000;15.24%
2026-04-30 06:00:00;4564,82000;4556,09000;4569,88724;4573,52921;4563,96862;4545,47653;4538,98738;4528,84986;4536,72951;4550,65941;;;;18,79071;41,81683;52,07989;9,56059;0,50879;UPTREND;;False;;0;8;HMA8:DOWN|HMA13:UP|HMA21:UP;2;1;True;False;8,13,34,55,144;8,13,34,55,144;;8,13,34,55,89,116,144;8,13,21,34,55,89;8,13;;21;;21;True;DOWN;11,57000;25.72%;UP;15,44000;34.31%;UP;9,33000;20.73%
2026-04-30 07:00:00;4555,92000;4542,02000;4555,49883;4566,90132;4564,27222;4547,33508;4539,39327;4528,50543;4535,05565;4548,34974;;;;18,59352;41,10569;52,57391;11,40249;0,61325;DOWNTREND;REVERSAL_TO_HMA34;False;;0;8;HMA8:DOWN|HMA13:DOWN|HMA21:UP;1;2;False;True;;;;;8,34,144;8,144;;8,34,144;;8,34,144;False;DOWN;-6,93000;15.4%;DOWN;10,98000;24.41%;UP;9,87000;21.93%
2026-04-30 08:00:00;4542,14000;4562,54000;4550,48176;4561,99930;4564,33138;4549,28738;4539,96370;4528,39898;4533,58102;4546,19085;;;;19,23755;39,43242;53,15479;13,84962;0,71993;DOWNTREND;;False;;0;8;HMA8:DOWN|HMA13:DOWN|HMA21:UP;1;2;False;True;;;;8,13,34,144;8,34,144;8,144;8,13,34,144;;8,13,34,144;;True;DOWN;-18,12000;40.26%;DOWN;5,86000;13.02%;UP;9,81000;21.81%
2026-04-30 09:00:00;4562,56000;4589,52000;4564,19141;4565,03646;4567,45952;4552,85691;4541,36520;4528,85093;4532,52625;4544,34395;;;;20,10344;36,74573;49,38061;3,26811;0,16256;UPTREND;REVERSAL_TO_HMA21;False;;2;8,13,21;HMA8:UP|HMA13:UP|HMA21:UP;3;0;True;False;;;;8,13,21;;8,13,21;8,13,21;;8,13,21;;False;UP;-9,44000;20.98%;UP;3,45000;7.66%;UP;10,18000;22.62%
2026-04-30 10:00:00;4589,52000;4598,48000;4585,23443;4574,81712;4573,59172;4558,21835;4543,69876;4529,88873;4531,92616;4542,84147;;;;20,12748;34,96498;42,64380;11,64270;0,57845;UPTREND;;False;;1;8,13,21;HMA8:UP|HMA13:UP|HMA21:UP;3;0;True;False;;;;8,13,21;;8,13,21;;;;;False;UP;10,79000;23.98%;UP;3,45000;7.67%;UP;11,64000;25.86%
2026-04-30 11:00:00;4598,61000;4616,35000;4608,61735;4590,54542;4583,08422;4565,67508;4547,29646;4531,64987;4531,88557;4541,76166;;;;21,00837;34,32777;35,96965;25,53313;1,21538;UPTREND;;False;;0;8,13,21;HMA8:UP|HMA13:UP|HMA21:UP;3;0;True;False;8;8;;8,13,21;;8,13,21;8;;;;False;UP;32,30000;71.77%;UP;7,78000;17.28%;UP;13,05000;29.01%
2026-04-30 12:00:00;4616,45000;4625,17000;4627,30220;4608,67569;4594,43755;4574,82052;4552,21055;4534,13607;4532,41555;4541,11773;;;;20,75349;33,80371;38,41692;32,86466;1,58357;UPTREND;;False;;0;8,13,21;HMA8:UP|HMA13:UP|HMA21:UP;3;0;True;False;8;8;;8,13,21;;8,13,21;8;;;;False;UP;42,78000;95.07%;UP;15,76000;35.03%;UP;15,00000;33.33%
2026-04-30 13:00:00;4625,18000;4639,75000;4641,27841;4628,04498;4607,35594;4585,37794;4558,53601;4537,41115;4533,58121;4540,95288;;;;20,91896;33,85357;35,86145;33,92247;1,62161;UPTREND;;False;;0;8,13,21;HMA8:UP|HMA13:UP|HMA21:UP;3;0;True;False;8,13;8,13;;8,13,21;;8,13,21;8,13;;;;False;UP;42,65000;94.78%;UP;25,97000;57.72%;UP;16,53000;36.73%
2026-04-30 14:00:00;4640,53000;4630,18000;4645,31733;4641,37241;4619,32170;4595,82406;4565,62041;4541,22283;4535,22011;4541,15435;;;;20,74332;33,89987;36,71166;25,99563;1,25321;UPTREND;;False;;0;8,13,21;HMA8:UP|HMA13:UP|HMA21:UP;3;0;True;False;8,13;8,13;;8,13,21;13;8,13,21;;13;;13;True;UP;35,91000;79.8%;UP;32,53000;72.28%;UP;17,66000;39.23%
2026-04-30 15:00:00;4630,22000;4639,57000;4645,62026;4649,89210;4630,75108;4606,19719;4573,30686;4545,56802;4537,36607;4541,73996;;;;20,36308;33,78793;37,51532;19,14102;0,93999;UPTREND;;False;;0;8,13,21;HMA8:UP|HMA13:UP|HMA21:UP;3;0;True;False;8,13,21;8,13,21;;8,13,21;13;8,13,21;21;;;;False;UP;24,43000;54.29%;UP;34,78000;77.29%;UP;19,17000;42.61%
2026-04-30 16:00:00;4639,61000;4611,03000;4634,02161;4647,76258;4637,75243;4614,40443;4580,48152;4549,91199;4539,67972;4542,48708;4554,86258;;;21,41214;32,69656;40,42717;13,74097;0,64174;DOWNTREND;REVERSAL_TO_HMA34;False;;2;8,21;HMA8:DOWN|HMA13:DOWN|HMA21:UP;1;2;False;True;;;;;8,21,34;8;;8,21,34;;8,21,34;False;DOWN;4,49000;9.97%;DOWN;29,59000;65.75%;UP;19,01000;42.25%
2026-04-30 17:00:00;4611,01000;4619,81000;4622,44683;4641,50183;4641,76306;4621,07461;4587,26787;4554,26016;4542,18605;4543,43262;4554,83703;;;21,04485;31,60814;40,26434;19,31622;0,91786;DOWNTREND;;False;;1;8,21;HMA8:DOWN|HMA13:DOWN|HMA21:UP;1;2;False;True;;;;34;8,21,34;8;34;;34;;False;DOWN;-12,61000;28.02%;DOWN;21,98000;48.84%;UP;20,21000;44.92%
2026-04-30 18:00:00;4619,85000;4615,30000;4615,43707;4632,64947;4642,58425;4626,04512;4593,45881;4558,46238;4544,76618;4544,51636;4554,90527;;;20,54450;30,59747;39,80290;27,14717;1,32138;DOWNTREND;;False;;0;8,21;HMA8:DOWN|HMA13:DOWN|HMA21:UP;1;2;False;True;8;;8;34;8,21,34;8;;8;;;False;DOWN;-19,98000;44.4%;DOWN;11,01000;24.46%;UP;20,85000;46.34%
2026-04-30 19:00:00;4615,30000;4607,59000;4608,49422;4622,79033;4639,92069;4629,23737;4598,84926;4562,37940;4547,29731;4545,65582;4555,01560;;;19,95632;29,22450;38,57956;31,42647;1,57476;DOWNTREND;;False;;0;8,21;HMA8:DOWN|HMA13:DOWN|HMA21:DOWN;0;3;False;True;8;;8;34;8,21,34;8;;8;;;False;DOWN;-24,94000;55.43%;DOWN;-2,51000;5.58%;DOWN;19,96000;44.35%
2026-04-30 20:00:00;4607,62000;4616,81000;4608,86741;4615,81549;4636,32180;4631,53946;4603,74347;4566,12806;4549,84698;4546,87285;4555,19384;;;19,52516;28,16911;38,66863;27,45439;1,40610;DOWNTREND;;False;;0;8,21;HMA8:UP|HMA13:DOWN|HMA21:DOWN;1;2;False;True;8;;8;8,13,34;8,21,34;8;8,13;;8,13;;True;UP;-17,85000;39.67%;DOWN;-12,31000;27.35%;DOWN;17,81000;39.58%
2026-04-30 21:00:00;4617,07000;4622,46000;4614,31800;4613,32407;4632,72204;4633,61900;4608,33427;4569,78914;4552,44062;4548,17049;4555,44117;;;18,73193;27,40292;38,11347;19,39797;1,03556;DOWNTREND;;False;;0;8,21;HMA8:UP|HMA13:DOWN|HMA21:DOWN;1;2;False;True;8;;8;8,13,34;8,21,34;8;;;;;False;UP;-6,19000;13.76%;DOWN;-18,02000;40.05%;DOWN;14,84000;32.98%
2026-04-30 22:00:00;4622,46000;4617,04000;4617,63278;4613,58411;4628,99126;4635,14083;4612,48758;4573,30028;4555,01323;4549,49258;4555,71396;;;18,30965;26,50222;43,29096;15,40714;0,84148;DOWNTREND;;False;;0;8,21;HMA8:UP|HMA13:UP|HMA21:DOWN;2;1;True;False;8;;8;8,13,34;8,21,34;8;;8;;;False;UP;1,72000;3.82%;UP;-17,28000;38.4%;DOWN;10,69000;23.75%
2026-04-30 23:00:00;4617,12000;4620,39000;4620,38198;4615,16819;4625,90065;4636,34179;4616,38098;4576,74528;4557,59711;4550,84786;4556,01939;;;17,45753;25,66586;52,42859;10,73246;0,61478;DOWNTREND;;False;;0;8,21;HMA8:UP|HMA13:UP|HMA21:DOWN;2;1;True;False;8;;8;8,13,34;8,21,34;8;8;;8;;False;UP;9,66000;21.47%;UP;-14,11000;31.36%;DOWN;6,06000;13.47%
2026-05-01 01:00:00;4635,66000;4630,33000;4625,30559;4619,35780;4624,57096;4637,67038;4620,24591;4580,27412;4560,29524;4552,29548;4556,39588;;;17,30128;25,72761;60,09002;5,94780;0,34378;DOWNTREND;;False;;0;8,21;HMA8:UP|HMA13:UP|HMA21:DOWN;2;1;True;False;8;;8;8,13,34;8,21,34;8;;;;;False;UP;13,36000;29.69%;UP;-7,30000;16.21%;DOWN;1,74000;3.86%
2026-05-01 02:00:00;4630,36000;4626,50000;4628,19213;4623,76393;4624,18883;4638,51104;4623,92782;4583,84925;4563,05953;4553,80631;4556,82154;;;16,60976;25,78496;62,72051;4,42820;0,26660;DOWNTREND;;False;;0;8,21;HMA8:UP|HMA13:UP|HMA21:DOWN;2;1;True;False;8;;8;8,13,34;8,21,34;8;;8;;;False;UP;11,80000;26.21%;UP;0,56000;1.24%;DOWN;-2,26000;5.03%
2026-05-01 03:00:00;4626,68000;4619,71000;4626,58822;4625,58973;4623,98439;4638,36951;4627,18935;4587,34972;4565,82897;4555,34297;4557,26496;;;16,32049;25,07476;61,85658;2,60383;0,15954;DOWNTREND;ADVANCE_HMA21;False;;0;8,21;HMA8:DOWN|HMA13:UP|HMA21:DOWN;1;2;False;True;8,13,21,55;;8,13,21,55;8,13,34;8,13,21,34,55;8,21;;8,13,21,55;;13,21,55;False;DOWN;7,81000;17.36%;UP;5,70000;12.67%;DOWN;-4,82000;10.72%
2026-05-01 04:00:00;4619,28000;4620,89000;4623,64941;4625,36821;4623,73519;4637,49102;4630,02870;4590,79020;4568,59010;4556,91751;4557,73691;;;15,75046;24,00336;60,05005;1,71880;0,10913;DOWNTREND;;False;;0;8,21;HMA8:DOWN|HMA13:DOWN|HMA21:DOWN;0;3;False;True;8,13,21,55;;8,13,21,55;8,13,34;8,13,21,34,55;8,21;;;;;False;DOWN;2,97000;6.6%;DOWN;7,26000;16.14%;DOWN;-6,53000;14.51%
2026-05-01 05:00:00;4620,68000;4619,07000;4620,27928;4624,00078;4623,14390;4635,91685;4632,38680;4594,13714;4571,31731;4558,52828;4558,23044;;;16,01185;23,89510;60,23245;3,72150;0,23242;DOWNTREND;;False;;0;8,21;HMA8:DOWN|HMA13:DOWN|HMA21:DOWN;0;3;False;True;8,13,21,55;;8,13,21,55;8,13,34;8,13,21,34,55;8,21;;8;;;False;DOWN;-4,49000;9.97%;DOWN;6,19000;13.75%;DOWN;-6,92000;15.38%
2026-05-01 06:00:00;4618,95000;4626,65000;4621,11133;4623,80569;4623,31318;4634,30523;4634,49333;4597,47899;4574,06835;4560,21949;4558,78602;;;15,88672;23,79456;60,00961;2,69436;0,16960;UPTREND;REVERSAL_TO_HMA13;False;;2;8,13,21;HMA8:UP|HMA13:DOWN|HMA21:UP;2;1;True;False;;;;8,13,21;;8,21;8,13,21;;13,21;;False;UP;-6,36000;14.13%;DOWN;5,18000;11.51%;UP;-5,97000;13.26%
2026-05-01 07:00:00;4626,65000;4609,20000;4617,51094;4620,48027;4622,06505;4631,91271;4635,85803;4600,56441;4576,65598;4561,87742;4559,31863;;;16,14338;22,90451;67,48602;4,55411;0,28210;UPTREND;;False;;1;8,13,21;HMA8:DOWN|HMA13:DOWN|HMA21:DOWN;0;3;False;True;;;;8,13,21;8,13,21;8,13,21;;8,13,21;;8,13,21;False;DOWN;-8,00000;17.78%;DOWN;0,66000;1.48%;DOWN;-5,05000;11.22%
2026-05-01 08:00:00;4609,18000;4604,90000;4610,17846;4615,01861;4619,36744;4628,92261;4636,45245;4603,35583;4579,04692;4563,47789;4559,81361;;;15,93243;21,54862;63,90923;9,18898;0,57675;UPTREND;;False;;0;8,13,21;HMA8:DOWN|HMA13:DOWN|HMA21:DOWN;0;3;False;True;;;;8,13,21;8,13,21;8,13,21;;;;;False;DOWN;-11,94000;26.52%;DOWN;-5,23000;11.62%;DOWN;-4,79000;10.65%
2026-05-01 09:00:00;4604,89000;4594,70000;4600,56217;4607,04313;4614,77184;4625,05735;4636,15572;4605,73057;4581,16529;4564,95816;4560,23030;;;16,00725;20,63792;52,64735;14,20968;0,88770;DOWNTREND;REVERSAL_TO_HMA89;False;;0;8;HMA8:DOWN|HMA13:DOWN|HMA21:DOWN;0;3;False;True;;;;;8,89;8;;8,89;;89;False;DOWN;-17,12000;38.03%;DOWN;-10,93000;24.29%;DOWN;-5,08000;11.28%
2026-05-01 10:00:00;4594,54000;4578,25000;4586,15722;4595,86206;4607,35489;4619,85929;4634,68670;4607,50953;4582,88449;4566,22741;4560,50130;;;16,45245;20,70208;43,82322;21,19766;1,28842;DOWNTREND;;False;;0;8;HMA8:DOWN|HMA13:DOWN|HMA21:DOWN;0;3;False;True;8,116;;8,116;;8,89,116;8;;8,116;;116;False;DOWN;-27,97000;62.17%;DOWN;-16,64000;36.98%;DOWN;-6,43000;14.29%
2026-05-01 11:00:00;4578,20000;4568,88000;4571,82952;4582,48374;4597,81295;4613,30071;4631,98872;4608,64559;4584,16512;4567,25265;4560,59997;;;16,51942;21,30635;38,29244;25,98343;1,57290;DOWNTREND;;False;;0;8;HMA8:DOWN|HMA13:DOWN|HMA21:DOWN;0;3;False;True;8,116;;8,116;;8,89,116;8;;8;;;False;DOWN;-34,66000;77.02%;DOWN;-22,73000;50.51%;DOWN;-9,20000;20.45%
2026-05-01 12:00:00;4569,13000;4562,67000;4560,51983;4568,94252;4587,03171;4605,76460;4628,11399;4609,15122;4585,01605;4568,01970;4560,51977;;;16,24375;22,09663;36,59778;26,51187;1,63213;DOWNTREND;;False;;0;8;HMA8:DOWN|HMA13:DOWN|HMA21:DOWN;0;3;False;True;8,13,116,144;;8,13,116,144;;8,13,89,116,144;8,13;;8,13,144;;13,144;False;DOWN;-37,39000;83.09%;DOWN;-29,38000;65.28%;DOWN;-12,88000;28.63%
2026-05-01 13:00:00;4562,67000;4566,83000;4556,38639;4559,48750;4576,96404;4598,04020;4623,43470;4609,17380;4585,54436;4568,58493;4560,30141;;;16,12633;22,55265;36,93589;20,57765;1,27603;DOWNTREND;;False;;0;8;HMA8:DOWN|HMA13:DOWN|HMA21:DOWN;0;3;False;True;8,13,116,144;;8,13,116,144;13;8,13,89,116,144;8,13;13;;13;;True;DOWN;-34,40000;76.46%;DOWN;-32,23000;71.61%;DOWN;-16,26000;36.12%
2026-05-01 14:00:00;4567,51000;4578,64000;4562,62802;4556,96774;4569,70116;4591,17653;4618,56327;4608,94928;4585,91553;4569,05610;4560,01895;;;16,19588;22,64415;38,91070;12,73342;0,78621;DOWNTREND;;False;;0;8;HMA8:UP|HMA13:DOWN|HMA21:DOWN;1;2;False;True;8,13,116,144;;8,13,116,144;13,21,144;8,13,89,116,144;8,13;21,144;;21,144;;True;UP;-19,96000;44.36%;DOWN;-30,85000;68.56%;DOWN;-18,45000;41.0%
2026-05-01 15:00:00;4578,46000;4591,13000;4576,38835;4562,14001;4566,46404;4586,00088;4613,99970;4608,68980;4586,28810;4569,53513;4559,74776;;;17,38261;21,40447;41,93514;14,24834;0,81969;UPTREND;REVERSAL_TO_HMA116;False;;0;;HMA8:UP|HMA13:UP|HMA21:DOWN;2;1;True;False;;;;34,116;;116;34,116;;34,116;;False;UP;3,75000;8.34%;UP;-23,29000;51.76%;DOWN;-18,06000;40.13%
2026-05-01 16:00:00;4591,13000;4625,67000;4602,08663;4578,53599;4570,07455;4584,21863;4610,76874;4608,89929;4587,00763;4570,24882;4559,65635;;;19,16028;21,33000;47,28203;32,01208;1,67075;UPTREND;ADVANCE_HMA55;False;;0;;HMA8:UP|HMA13:UP|HMA21:UP;3;0;True;False;8,55,89;8,55,89;;8,34,55,89,116;;8,89,116;8,55,89;;8,55,89;;False;UP;28,47000;63.27%;UP;-8,57000;19.05%;UP;-15,53000;34.51%
2026-05-01 17:00:00;4627,01000;4632,10000;4627,24778;4600,21683;4578,95566;4585,36182;4608,93171;4609,62132;4588,12527;4571,22574;4559,76995;;;20,29597;22,41686;39,85850;48,29211;2,37939;UPTREND;;False;;0;;HMA8:UP|HMA13:UP|HMA21:UP;3;0;True;False;8,55,89;8,55,89;;8,34,55,89,116;;8,89,116;8;;;;False;UP;41,12000;91.37%;UP;8,29000;18.41%;UP;-11,99000;26.65%
2026-05-01 18:00:00;4632,02000;4643,18000;4645,89739;4623,21711;4591,84773;4589,12226;4608,59498;4610,94423;4589,71319;4572,51513;4560,13206;;;20,91412;23,03387;42,49710;54,04966;2,58436;UPTREND;;False;;0;;HMA8:UP|HMA13:UP|HMA21:UP;3;0;True;False;8,55,89;8,55,89;;8,34,55,89,116;;8,89,116;8;;;;False;UP;44,87000;99.7%;UP;23,39000;51.98%;UP;-7,50000;16.66%
2026-05-01 19:00:00;4643,14000;4638,80000;4653,58585;4640,91192;4605,83741;4594,32278;4609,34109;4612,71764;4591,68521;4574,07080;4560,71118;;;20,56239;23,67550;42,07177;47,74844;2,32212;UPTREND;;False;;0;;HMA8:UP|HMA13:UP|HMA21:UP;3;0;True;False;8,55,89;8,55,89;;8,34,55,89,116;13;8,89,116;;13;;13;True;UP;43,19000;95.97%;UP;33,42000;74.28%;UP;-2,49000;5.53%
2026-05-01 20:00:00;4638,91000;4629,52000;4648,09359;4649,97297;4618,10231;4599,71916;4610,62997;4614,70861;4593,90816;4575,80870;4561,45719;;;20,22651;23,78007;42,27135;31,87066;1,57569;UPTREND;;False;;0;;HMA8:DOWN|HMA13:UP|HMA21:UP;2;1;True;False;8,55,89;8,55,89;;8,34,55,89,116;13;8,89,116;;;;;False;DOWN;29,62000;65.83%;UP;37,47000;83.26%;UP;3,04000;6.76%
2026-05-01 21:00:00;4629,52000;4624,24000;4636,97433;4650,47878;4627,58297;4604,55380;4612,04958;4616,74727;4596,27866;4577,67364;4562,33529;;;19,99604;23,04674;41,96156;22,89581;1,14502;UPTREND;;False;;0;;HMA8:DOWN|HMA13:UP|HMA21:UP;2;1;True;False;8,55,89;8,55,89;;8,34,55,89,116;13,21;8,89,116;;21;;21;True;DOWN;6,93000;15.41%;UP;36,36000;80.81%;UP;8,47000;18.82%
2026-05-01 22:00:00;4625,01000;4610,72000;4622,10394;4642,53896;4632,75505;4608,10683;4613,05917;4618,55583;4598,61447;4579,55862;4563,27526;;;19,91490;22,07193;42,66615;20,43502;1,02612;DOWNTREND;REVERSAL_TO_HMA55;False;;0;8;HMA8:DOWN|HMA13:DOWN|HMA21:UP;1;2;False;True;;;;;8,55,89;8;;8,55,89;;8,55,89;False;DOWN;-16,63000;36.96%;DOWN;28,18000;62.61%;UP;12,93000;28.73%
2026-05-01 23:00:00;4610,44000;4613,08000;4611,51639;4631,84554;4634,69017;4610,78445;4613,65299;4620,10574;4600,88678;4581,45868;4564,28089;;;19,22383;21,05192;41,82711;23,17378;1,20547;DOWNTREND;;False;;0;8;HMA8:DOWN|HMA13:DOWN|HMA21:UP;1;2;False;True;;;;8,34,55;8,55,89;8;8,34,55;;8,34,55;;True;DOWN;-28,68000;63.74%;DOWN;15,33000;34.08%;UP;16,71000;37.14%
2026-05-04 01:00:00;4629,89000;4618,80000;4609,88346;4622,88951;4634,73498;4613,28452;4614,02965;4621,43177;4603,10190;4583,38479;4565,36487;;;19,22784;20,82606;41,45267;24,85152;1,29248;DOWNTREND;;False;;0;8;HMA8:DOWN|HMA13:DOWN|HMA21:UP;1;2;False;True;13,89;;13,89;8,34,55;8,13,55,89;8,13;;13,89;;13,89;False;DOWN;-26,42000;58.71%;DOWN;-0,16000;0.36%;UP;18,69000;41.53%
2026-05-04 02:00:00;4618,81000;4613,90000;4610,68478;4616,30245;4632,79948;4615,49311;4614,11450;4622,43902;4605,17068;4585,27498;4566,48674;;;18,53157;20,53355;40,43353;22,11470;1,19335;DOWNTREND;ADVANCE_HMA55;False;;0;8;HMA8:UP|HMA13:DOWN|HMA21:DOWN;1;2;False;True;13,34,89;;13,34,89;8,34,55;8,13,34,55,89;8,13;;13,34,55;;34,55;False;UP;-19,53000;43.39%;DOWN;-12,48000;27.73%;DOWN;19,70000;43.77%
2026-05-04 03:00:00;4613,84000;4613,02000;4611,89611;4612,02512;4629,42964;4617,48306;4614,01974;4623,14988;4607,06328;4587,09875;4567,62425;;;18,24146;19,64515;41,07753;17,53353;0,96119;DOWNTREND;;False;;0;8;HMA8:UP|HMA13:DOWN|HMA21:DOWN;1;2;False;True;13,34,89;;13,34,89;8,13,34,55;8,13,34,55,89;8,13;13;;13;;True;UP;-7,96000;17.7%;DOWN;-19,12000;42.49%;DOWN;18,02000;40.05%
2026-05-04 04:00:00;4613,01000;4613,02000;4612,59359;4609,76813;4625,32572;4619,28645;4613,85387;4623,60183;4608,79019;4588,83910;4568,76201;;;18,46350;18,24596;42,35641;15,55760;0,84261;DOWNTREND;;False;;0;8;HMA8:UP|HMA13:DOWN|HMA21:DOWN;1;2;False;True;13,34,89;;13,34,89;8,13,34,55;8,13,34,55,89;8,13;;;;;False;UP;0,84000;1.86%;DOWN;-20,18000;44.84%;DOWN;14,10000;31.33%
2026-05-04 05:00:00;4612,92000;4605,76000;4609,59263;4607,79781;4620,31415;4620,35028;4613,49783;4623,74690;4610,29705;4590,44029;4569,85618;;;19,09825;17,20972;48,81006;12,51634;0,65537;DOWNTREND;ADVANCE_HMA116;False;;0;8;HMA8:DOWN|HMA13:DOWN|HMA21:DOWN;0;3;False;True;8,13,89,116;;8,13,89,116;8,13,34,55;8,13,34,55,89,116;8,13;;8,13,116;;116;False;DOWN;-0,22000;0.48%;DOWN;-16,87000;37.48%;DOWN;8,48000;18.84%
2026-05-04 06:00:00;4605,79000;4615,02000;4609,82422;4607,91985;4616,42448;4621,15503;4613,29948;4623,75869;4611,69568;4591,97406;4570,94467;;;19,05980;16,24749;52,56592;8,50463;0,44621;UPTREND;REVERSAL_TO_HMA55;False;;2;8,13;HMA8:UP|HMA13:UP|HMA21:DOWN;2;1;True;False;;;;8,13,55,116;;8,13,116;8,13,55,116;;8,13,55,116;;False;UP;-0,65000;1.44%;UP;-11,82000;26.26%;DOWN;3,18000;7.07%
2026-05-04 07:00:00;4614,97000;4605,85000;4608,63633;4607,18238;4612,83359;4621,11254;4613,00437;4623,54100;4612,91778;4593,39388;4571,98928;;;18,42839;15,35399;50,63768;5,65121;0,30666;UPTREND;;False;;1;8,13;HMA8:DOWN|HMA13:DOWN|HMA21:DOWN;0;3;False;True;;;;8,13,55,116;8,13,21,55,116;8,13,21,55,116;;8,13,21,55,116;;8,13,21,55,116;False;DOWN;-2,53000;5.63%;DOWN;-8,09000;17.97%;DOWN;-1,64000;3.64%
2026-05-04 08:00:00;4605,85000;4599,00000;4603,74963;4604,80585;4609,02105;4619,90153;4612,46564;4623,04672;4613,92061;4594,67715;4572,96818;;;18,59422;14,85410;54,54136;5,27142;0,28350;UPTREND;;False;;0;8,13;HMA8:DOWN|HMA13:DOWN|HMA21:DOWN;0;3;False;True;;;;8,13,55,116;8,13,21,55,116;8,13,21,55,116;;8,13;;;False;DOWN;-6,78000;15.07%;DOWN;-5,88000;13.07%;DOWN;-5,70000;12.67%
2026-05-04 09:00:00;4598,83000;4588,47000;4595,52917;4599,27075;4604,24375;4617,16076;4611,48999;4622,17291;4614,63017;4595,78077;4573,84957;;;18,48820;14,90169;48,16451;8,71458;0,47136;DOWNTREND;REVERSAL_TO_HMA144;False;;0;8;HMA8:DOWN|HMA13:DOWN|HMA21:DOWN;0;3;False;True;;;;;8,144;8;;8,144;;144;False;DOWN;-10,77000;23.93%;DOWN;-6,56000;14.58%;DOWN;-8,77000;19.48%
2026-05-04 10:00:00;4588,64000;4578,92000;4584,15015;4591,05683;4597,87185;4612,79084;4609,93828;4620,85810;4614,98196;4596,66919;4574,60846;;;18,25761;15,25639;49,04262;13,72170;0,75156;DOWNTREND;;False;;0;8;HMA8:DOWN|HMA13:DOWN|HMA21:DOWN;0;3;False;True;8;;8;;8,144;8;;8;;;False;DOWN;-19,37000;43.04%;DOWN;-9,69000;21.54%;DOWN;-11,40000;25.34%
2026-05-04 11:00:00;4579,05000;4576,98000;4575,22200;4582,40714;4590,83138;4607,29754;4607,92501;4619,16802;4614,99224;4597,35866;4575,25229;;;17,49207;15,82121;51,75006;15,60938;0,89237;DOWNTREND;;False;;0;8;HMA8:DOWN|HMA13:DOWN|HMA21:DOWN;0;3;False;True;8;;8;;8,144;8;;8;;;False;DOWN;-25,53000;56.73%;DOWN;-13,60000;30.22%;DOWN;-14,09000;31.31%
2026-05-04 12:00:00;4576,92000;4575,31000;4570,54167;4574,74582;4583,94108;4601,28807;4605,54976;4617,17180;4614,68914;4597,85938;4575,78843;;;17,10549;16,06955;50,03122;13,39942;0,78334;DOWNTREND;;False;;0;8;HMA8:DOWN|HMA13:DOWN|HMA21:DOWN;0;3;False;True;8,13,188;;8,13,188;;8,13,144,188;8,13;;13,188;;13,188;False;DOWN;-25,89000;57.53%;DOWN;-17,91000;39.81%;DOWN;-15,94000;35.42%
2026-05-04 13:00:00;4575,27000;4562,63000;4564,70685;4566,87573;4576,54144;4594,64149;4602,58719;4614,78336;4613,99547;4598,11333;4576,17089;;;19,43367;18,21117;33,09795;11,83459;0,60897;DOWNTREND;;False;;0;8;HMA8:DOWN|HMA13:DOWN|HMA21:DOWN;0;3;False;True;8,13,188;;8,13,188;;8,13,144,188;8,13;;8,13;;;False;DOWN;-21,63000;48.06%;DOWN;-19,07000;42.38%;DOWN;-15,22000;33.83%
2026-05-04 14:00:00;4562,63000;4560,08000;4559,32454;4559,81060;4569,22660;4587,80247;4599,16731;4612,07457;4612,94254;4598,13511;4576,40509;;;19,41984;20,19982;34,42047;9,90206;0,50989;DOWNTREND;;False;;0;8;HMA8:DOWN|HMA13:DOWN|HMA21:DOWN;0;3;False;True;8,13,188;;8,13,188;;8,13,144,188;8,13;;8,13;;;False;DOWN;-17,72000;39.39%;DOWN;-21,11000;46.92%;DOWN;-16,11000;35.81%
2026-05-04 15:00:00;4560,58000;4568,30000;4559,43524;4556,52032;4563,46606;4581,61457;4595,66485;4609,23737;4611,66496;4598,00642;4576,54648;;;19,45985;21,35415;38,69370;6,94575;0,35693;DOWNTREND;;False;;0;8;HMA8:UP|HMA13:DOWN|HMA21:DOWN;1;2;False;True;8,13,188;;8,13,188;21;8,13,144,188;8,13;21;;21;;True;UP;-11,46000;25.48%;DOWN;-20,11000;44.69%;DOWN;-16,28000;36.19%
2026-05-04 16:00:00;4568,01000;4564,01000;4560,68587;4555,62692;4558,83259;4575,92722;4592,04216;4606,29327;4610,16682;4597,72231;4576,58926;;;19,48415;22,56066;41,08271;5,05895;0,25964;DOWNTREND;;False;;0;8;HMA8:UP|HMA13:DOWN|HMA21:DOWN;1;2;False;True;8,13,188;;8,13,188;21;8,13,144,188;8,13;;;;;False;UP;-7,21000;16.02%;DOWN;-16,86000;37.47%;DOWN;-16,47000;36.59%
2026-05-04 17:00:00;4564,01000;4561,41000;4561,19848;4555,57489;4555,37310;4570,66071;4588,28696;4603,27384;4608,48142;4597,29249;4576,53428;4563,58447;;20,21028;23,05628;43,13021;5,82539;0,28824;DOWNTREND;;False;;0;8;HMA8:UP|HMA13:DOWN|HMA21:DOWN;1;2;False;True;8,13,188,233;;8,13,188,233;21;8,13,144,188,233;8,13;;233;;233;False;UP;-2,48000;5.52%;DOWN;-12,48000;27.73%;DOWN;-15,87000;35.27%
2026-05-04 18:00:00;4561,56000;4521,59000;4545,96319;4547,30046;4548,69441;4563,72201;4583,37519;4599,70273;4606,28859;4596,48859;4576,21825;4563,09424;;22,47455;24,81150;42,38202;2,73123;0,12153;DOWNTREND;;False;;0;8;HMA8:DOWN|HMA13:DOWN|HMA21:DOWN;0;3;False;True;8,13,21,188,233;;8,13,21,188,233;21;8,13,21,144,188,233;8,13,21;;8,13,21;;21;False;DOWN;-8,45000;18.79%;DOWN;-11,50000;25.56%;DOWN;-15,03000;33.39%
2026-05-04 19:00:00;4521,48000;4510,54000;4522,70367;4533,33165;4539,02786;4555,10106;4577,26443;4595,54637;4603,56853;4595,29172;4575,62043;4562,41384;;22,73994;26,76591;38,08456;16,32420;0,71786;DOWNTREND;;False;;0;8;HMA8:DOWN|HMA13:DOWN|HMA21:DOWN;0;3;False;True;8,13,21,188,233;;8,13,21,188,233;21;8,13,21,144,188,233;8,13,21;;;;;False;DOWN;-21,99000;48.87%;DOWN;-13,81000;30.69%;DOWN;-16,00000;35.56%
2026-05-04 20:00:00;4510,53000;4522,23000;4510,32494;4520,90109;4529,53794;4546,13999;4570,58242;4591,08002;4600,50902;4593,82564;4574,83003;4561,60340;;22,61494;28,23993;38,93386;19,21300;0,84957;DOWNTREND;;False;;0;8;HMA8:DOWN|HMA13:DOWN|HMA21:DOWN;0;3;False;True;8,13,21,188,233;;8,13,21,188,233;8,13,21;8,13,21,144,188,233;8,13,21;8,13;;8,13;;True;DOWN;-29,11000;64.68%;DOWN;-16,00000;35.56%;DOWN;-16,81000;37.36%
2026-05-04 21:00:00;4522,23000;4516,24000;4505,71356;4511,38009;4520,63377;4537,10170;4563,41180;4586,31404;4597,11589;4592,09306;4573,84948;4560,66209;;22,09459;29,62619;40,29771;14,92021;0,67529;DOWNTREND;;False;;0;8;HMA8:DOWN|HMA13:DOWN|HMA21:DOWN;0;3;False;True;8,13,21,188,233;;8,13,21,188,233;8,13,21;8,13,21,144,188,233;8,13,21;;13,21;;;False;DOWN;-32,12000;71.38%;DOWN;-18,80000;41.79%;DOWN;-17,63000;39.17%
2026-05-04 22:00:00;4516,20000;4517,69000;4507,96450;4505,70417;4513,65636;4528,68100;4556,05001;4581,36704;4593,47229;4590,14277;4572,71530;4559,61654;;21,64354;30,75913;44,10665;7,95219;0,36742;DOWNTREND;;False;;0;8;HMA8:UP|HMA13:DOWN|HMA21:DOWN;1;2;False;True;8,13,21,188,233;;8,13,21,188,233;8,13,21;8,13,21,144,188,233;8,13,21;21;;21;;True;UP;-23,70000;52.66%;DOWN;-21,03000;46.73%;DOWN;-17,99000;39.98%
2026-05-04 23:00:00;4517,44000;4523,08000;4514,88765;4504,57654;4509,14740;4521,67019;4548,92049;4576,39075;4589,69436;4588,04192;4571,47779;4558,50348;;20,90758;31,81115;46,34113;10,31111;0,49318;DOWNTREND;;False;;0;8;HMA8:UP|HMA13:DOWN|HMA21:DOWN;1;2;False;True;8,13,21,188,233;;8,13,21,188,233;8,13,21,34;8,13,21,144,188,233;8,13,21;34;;34;;True;UP;-5,34000;11.87%;DOWN;-22,12000;49.16%;DOWN;-17,87000;39.7%
2026-05-05 01:00:00;4524,07000;4517,42000;4518,02681;4506,51403;4505,81873;4515,74604;4542,08268;4571,37287;4585,78023;4585,78369;4570,13200;4557,32135;;20,05489;32,65206;49,39368;12,20808;0,60873;DOWNTREND;;False;;0;8;HMA8:UP|HMA13:UP|HMA21:DOWN;2;1;True;False;8,13,21,34,188,233;;8,13,21,34,188,233;8,13,21,34;8,13,21,34,144,188,233;8,13,21;;8,34;;34;False;UP;5,48000;12.19%;UP;-18,72000;41.61%;DOWN;-17,55000;38.99%
2026-05-05 02:00:00;4517,34000;4518,88000;4519,16213;4509,83001;4503,79873;4510,89623;4535,77206;4566,41460;4581,79730;4583,40772;4568,70660;4556,09043;;19,00812;33,43290;49,12991;15,36340;0,80825;DOWNTREND;;False;;0;8;HMA8:UP|HMA13:UP|HMA21:DOWN;2;1;True;False;8,13,21,34,188,233;;8,13,21,34,188,233;8,13,21,34;8,13,21,34,144,188,233;8,13,21;8;;8;;False;UP;10,03000;22.29%;UP;-11,64000;25.88%;DOWN;-17,43000;38.73%
2026-05-05 03:00:00;4519,32000;4530,03000;4523,62313;4515,05272;4504,22462;4507,72018;4530,30435;4561,73535;4577,90894;4581,00824;4567,27261;4554,85988;;18,84754;33,31875;50,26941;19,39851;1,02923;DOWNTREND;;False;;0;8;HMA8:UP|HMA13:UP|HMA21:UP;3;0;True;False;8,13,21,34,188,233;;8,13,21,34,188,233;8,13,21,34;8,13,21,34,144,188,233;8,13,21;8;;;;False;UP;11,73000;26.07%;UP;-2,96000;6.58%;UP;-16,16000;35.91%
2026-05-05 04:00:00;4529,70000;4540,92000;4532,36737;4523,24124;4507,78804;4506,52702;4525,86250;4557,52390;4574,25520;4578,66905;4565,89083;4553,67494;;18,70771;32,20885;46,04542;24,57933;1,31386;UPTREND;REVERSAL_TO_HMA55;False;;0;8;HMA8:UP|HMA13:UP|HMA21:UP;3;0;True;False;;;;8,55;;8;8,55;;55;;False;UP;13,15000;29.22%;UP;6,03000;13.4%;UP;-14,27000;31.71%
2026-05-05 05:00:00;4540,90000;4539,02000;4539,91650;4531,49148;4513,51690;4506,74922;4522,28119;4553,72035;4570,84410;4576,39188;4564,55929;4552,53670;;18,22288;30,83945;45,03516;26,39960;1,44871;UPTREND;;False;;0;8;HMA8:UP|HMA13:UP|HMA21:UP;3;0;True;False;;;;8,55;8;8;;8;;8;True;UP;16,72000;37.15%;UP;13,27000;29.49%;UP;-10,93000;24.28%
2026-05-05 06:00:00;4538,85000;4534,61000;4541,92393;4537,08936;4519,58586;4507,80390;4519,32869;4550,21250;4567,61837;4574,16261;4563,26871;4551,43522;;17,64981;29,70501;43,64192;22,33806;1,26563;UPTREND;;False;;0;8;HMA8:UP|HMA13:UP|HMA21:UP;3;0;True;False;;;;8,55;8,13;8;;13;;13;True;UP;17,87000;39.71%;UP;17,07000;37.93%;UP;-6,29000;13.97%
2026-05-05 07:00:00;4534,52000;4533,62000;4539,65900;4539,78756;4524,81647;4509,33892;4516,89034;4546,95939;4564,54803;4571,99113;4562,02433;4550,37203;;17,00625;28,92273;41,98688;14,97109;0,88033;UPTREND;;False;;0;8;HMA8:DOWN|HMA13:UP|HMA21:UP;2;1;True;False;;;;8,55;8,13;8;;;;;False;DOWN;13,26000;29.48%;UP;18,06000;40.13%;UP;-1,59000;3.53%
2026-05-05 08:00:00;4533,70000;4545,61000;4540,75954;4542,80858;4530,23267;4511,74253;4515,23042;4544,08379;4561,73241;4569,94999;4560,88953;4549,39247;;17,24009;27,00981;49,34746;12,57591;0,72946;UPTREND;;False;;0;8;HMA8:UP|HMA13:UP|HMA21:UP;3;0;True;False;8,13,89;8,13,89;;8,13,55,89;8,13;8,13;8,13,89;;13,89;;False;UP;6,94000;15.42%;UP;17,68000;39.3%;UP;3,19000;7.08%
2026-05-05 09:00:00;4545,63000;4548,06000;4544,81302;4546,00292;4535,71938;4514,86696;4514,28355;4541,55616;4559,16160;4568,03640;4559,86626;4548,50732;;17,31294;25,20884;52,78527;10,28354;0,59398;UPTREND;;False;;0;8;HMA8:UP|HMA13:UP|HMA21:UP;3;0;True;False;8,13,89;8,13,89;;8,13,55,89;8,13;8,13;13;;;;False;UP;4,04000;8.99%;UP;16,59000;36.87%;UP;7,26000;16.14%
2026-05-05 10:00:00;4548,02000;4545,50000;4547,61030;4548,13408;4540,65306;4518,45200;4513,84065;4539,28407;4556,78119;4566,21918;4558,92993;4547,70892;;17,13202;23,72255;53,05677;7,48101;0,43667;UPTREND;;False;;0;8;HMA8:UP|HMA13:UP|HMA21:UP;3;0;True;False;8,13,89;8,13,89;;8,13,55,89;8,13,233;8,13;;8,13,233;;8,13,233;True;UP;4,74000;10.54%;UP;13,61000;30.25%;UP;10,42000;23.16%
2026-05-05 11:00:00;4545,56000;4558,40000;4553,60543;4551,93333;4546,19100;4523,10854;4514,18136;4537,37762;4554,68841;4564,56143;4558,12970;4547,03136;;16,91616;22,45306;50,52327;7,41442;0,43830;UPTREND;;False;;0;8;HMA8:UP|HMA13:UP|HMA21:UP;3;0;True;False;8,13,21,89,116,188,233;8,13,21,89,116,188,233;;8,13,21,55,89,116,188,233;8,13,233;8,13,21;8,13,21,116,188,233;;21,116,188,233;;False;UP;11,65000;25.88%;UP;11,39000;25.3%;UP;13,42000;29.83%
2026-05-05 12:00:00;4558,75000;4556,24000;4557,99485;4555,96088;4551,22212;4528,38046;4515,14974;4535,73029;4552,82102;4563,02643;4557,43928;4546,45525;;16,37358;21,33388;49,82595;6,77273;0,41364;UPTREND;;False;;0;8;HMA8:UP|HMA13:UP|HMA21:UP;3;0;True;False;8,13,21,89,116,188,233;8,13,21,89,116,188,233;;8,13,21,55,89,116,188,233;8,13,188,233;8,13,21;;8,188;;8,188;True;UP;14,74000;32.76%;UP;10,87000;24.16%;UP;16,15000;35.9%
2026-05-05 13:00:00;4556,28000;4543,76000;4554,63822;4556,61793;4554,03443;4533,11491;4516,31351;4534,12783;4551,02701;4561,51977;4556,78632;4545,93122;;16,38832;20,21907;50,29411;2,58350;0,15764;UPTREND;;False;;0;8;HMA8:DOWN|HMA13:UP|HMA21:UP;2;1;True;False;8,13,21,89,116,188,233;8,13,21,89,116,188,233;;8,13,21,55,89,116,188,233;8,13,21,116,188,233;8,13,21;;8,13,21,116,233;;8,13,21,116,233;True;DOWN;8,52000;18.94%;UP;9,71000;21.58%;UP;16,91000;37.57%
2026-05-05 14:00:00;4543,76000;4562,73000;4556,27930;4558,25775;4557,07823;4538,21166;4518,12090;4532,82315;4549,47214;4560,15124;4556,24765;4545,51174;;17,00201;19,01040;51,03147;1,97845;0,11637;UPTREND;;False;;0;8;HMA8:UP|HMA13:UP|HMA21:UP;3;0;True;False;8,13,21,89,116,144,188,233;8,13,21,89,116,144,188,233;;8,13,21,55,89,116,144,188,233;8,13,21,116,188,233;8,13,21;8,13,21,116,144,188,233;;116,144,188,233;;False;UP;7,26000;16.14%;UP;8,61000;19.14%;UP;16,17000;35.93%
2026-05-05 15:00:00;4562,70000;4564,59000;4560,84426;4561,02954;4560,21040;4543,46655;4520,45755;4531,81771;4548,15269;4558,91346;4555,81244;4545,19027;;17,24830;18,59146;46,49798;0,81914;0,04749;UPTREND;;False;;0;8;HMA8:UP|HMA13:UP|HMA21:UP;3;0;True;False;8,13,21,89,116,144,188,233;8,13,21,89,116,144,188,233;;8,13,21,55,89,116,144,188,233;8,13,21,116,188,233;8,13,21;;;;;False;UP;5,99000;13.31%;UP;8,26000;18.36%;UP;15,15000;33.66%
2026-05-05 16:00:00;4564,31000;4579,36000;4570,31652;4567,55046;4564,93576;4549,35404;4523,59887;4531,27725;4547,18025;4557,88587;4555,52920;4545,00113;;17,47271;18,82173;43,39317;5,38076;0,30795;UPTREND;;False;;0;8;HMA8:UP|HMA13:UP|HMA21:UP;3;0;True;False;8,13,21,89,116,144,188,233;8,13,21,89,116,144,188,233;;8,13,21,55,89,116,144,188,233;8,13,21,116,188,233;8,13,21;8,13,21;;;;False;UP;10,00000;22.22%;UP;10,49000;23.32%;UP;14,55000;32.33%
2026-05-05 17:00:00;4582,62000;4582,30000;4581,18224;4575,05682;4570,76315;4555,68774;4527,44993;4531,18553;4546,53634;4557,07090;4555,39090;4544,93739;;17,69537;19,14165;49,77777;10,41909;0,58880;UPTREND;;False;;0;8;HMA8:UP|HMA13:UP|HMA21:UP;3;0;True;False;8,13,21,89,116,144,188,233;8,13,21,89,116,144,188,233;;8,13,21,55,89,116,144,188,233;8,13,21,116,188,233;8,13,21;;;;;False;UP;20,56000;45.68%;UP;12,29000;27.3%;UP;14,56000;32.35%
2026-05-05 18:00:00;4582,35000;4568,52000;4581,57291;4579,10170;4574,92414;4561,36543;4531,43812;4531,31338;4546,04475;4556,36112;4555,31707;4544,93791;;17,53070;19,43873;51,17391;6,64877;0,37926;UPTREND;;False;;0;8;HMA8:UP|HMA13:UP|HMA21:UP;3;0;True;False;8,13,21,89,116,144,188,233;8,13,21,89,116,144,188,233;;8,13,21,55,89,116,144,188,233;8,13,21,116,188,233;8,13,21;;8,13,21;;8,13,21;True;UP;19,83000;44.08%;UP;12,41000;27.57%;UP;14,30000;31.78%
2026-05-05 19:00:00;4568,48000;4561,20000;4573,89209;4578,34249;4576,66433;4565,70553;4535,29560;4531,54198;4545,61750;4555,69701;4555,25997;4544,96830;;17,36351;18,37443;51,71851;4,45040;0,25631;DOWNTREND;REVERSAL_TO_HMA34;False;;0;;HMA8:DOWN|HMA13:DOWN|HMA21:UP;1;2;False;True;;;;;34;;;34;;34;False;DOWN;10,64000;23.64%;DOWN;11,78000;26.18%;UP;13,27000;29.49%
2026-05-05 20:00:00;4561,21000;4559,91000;4564,63561;4574,00712;4576,26071;4568,69749;4538,96745;4531,83797;4545,22829;4555,05735;4555,20188;4545,01843;;16,80183;17,34795;51,60258;11,62510;0,69189;DOWNTREND;;False;;0;;HMA8:DOWN|HMA13:DOWN|HMA21:DOWN;0;3;False;True;;;;;34;;;;;;False;DOWN;-4,83000;10.74%;DOWN;8,88000;19.73%;DOWN;11,97000;26.59%
2026-05-05 21:00:00;4559,91000;4560,96000;4558,44835;4568,87120;4574,59706;4570,55377;4542,42159;4532,21313;4544,87069;4554,44385;4555,13684;4545,08624;;16,17955;16,62801;53,81331;16,14871;0,99809;DOWNTREND;;False;;0;;HMA8:DOWN|HMA13:DOWN|HMA21:DOWN;0;3;False;True;;;;8;34;;8;;8;;True;DOWN;-19,36000;43.01%;DOWN;4,62000;10.26%;DOWN;9,96000;22.13%
2026-05-05 22:00:00;4561,14000;4554,61000;4554,51189;4562,64731;4571,86268;4571,26110;4545,49876;4532,57392;4544,47907;4553,81132;4555,02936;4545,14506;;15,72244;15,45898;53,68546;17,35079;1,10357;DOWNTREND;;False;;0;;HMA8:DOWN|HMA13:DOWN|HMA21:DOWN;0;3;False;True;8,188;;8,188;8;8,34,188;8,188;;8,188;;8,188;False;DOWN;-23,28000;51.74%;DOWN;-2,98000;6.61%;DOWN;7,48000;16.62%
2026-05-05 23:00:00;4554,98000;4556,00000;4553,17409;4557,36808;4568,79529;4571,31407;4548,23416;4532,92370;4544,06115;4553,16472;4554,88280;4545,19471;;15,03013;14,37345;56,12666;15,62119;1,03933;DOWNTREND;;False;;0;;HMA8:DOWN|HMA13:DOWN|HMA21:DOWN;0;3;False;True;8,188;;8,188;8,188;8,34,188;8,188;188;;188;;True;DOWN;-19,01000;42.25%;DOWN;-11,10000;24.66%;DOWN;5,61000;12.46%
2026-05-06 01:00:00;4558,93000;4573,38000;4560,18493;4557,76365;4567,35227;4571,85744;4551,13177;4533,50157;4543,75775;4552,61656;4554,77069;4545,28873;;16,15155;14,66028;58,96340;9,58862;0,59367;UPTREND;REVERSAL_TO_HMA34;False;;2;8,21;HMA8:UP|HMA13:UP|HMA21:DOWN;2;1;True;False;;;;8,21,34;;8,34;8,21,34;;8,21,34;;False;UP;-3,94000;8.76%;UP;-12,42000;27.59%;DOWN;3,64000;8.09%
2026-05-06 02:00:00;4573,38000;4593,97000;4576,83437;4566,28262;4569,36605;4573,84966;4554,72723;4534,55993;4543,73768;4552,28772;4554,77957;4545,48740;;16,86715;15,97642;54,18224;10,55175;0,62558;UPTREND;;False;;1;8,21;HMA8:UP|HMA13:UP|HMA21:UP;3;0;True;False;8,34;8,34;;8,21,34;;8,34;8,34;;;;False;UP;15,24000;33.87%;UP;-6,80000;15.1%;UP;3,11000;6.9%
2026-05-06 03:00:00;4594,49000;4618,73000;4601,84789;4583,27427;4576,32125;4578,20567;4559,50475;4536,39296;4544,18961;4552,30493;4555,00580;4545,85892;;17,90664;18,15157;44,08309;25,52664;1,42554;UPTREND;;False;;0;8,21;HMA8:UP|HMA13:UP|HMA21:UP;3;0;True;False;8,34;8,34;;8,21,34;;8,34;8;;;;False;UP;33,46000;74.35%;UP;4,93000;10.96%;UP;3,64000;8.08%
2026-05-06 04:00:00;4618,70000;4625,99000;4624,71431;4603,48864;4586,93676;4584,53768;4565,34243;4539,01991;4545,13125;4552,67945;4555,45354;4546,41213;;17,98474;20,45325;40,44492;37,77756;2,10053;UPTREND;;False;;0;8,21;HMA8:UP|HMA13:UP|HMA21:UP;3;0;True;False;8,34;8,34;;8,21,34;;8,34;8;;;;False;UP;44,84000;99.65%;UP;17,79000;39.53%;UP;5,14000;11.42%
2026-05-06 05:00:00;4625,74000;4640,74000;4642,71850;4624,87661;4600,67651;4592,72039;4572,30351;4542,53362;4546,64823;4553,46779;4556,16540;4547,17796;;17,87940;22,96635;36,36560;42,04199;2,35142;UPTREND;;False;;0;8,21;HMA8:UP|HMA13:UP|HMA21:UP;3;0;True;False;8,34;8,34;;8,21,34;;8,34;8;;;;False;UP;49,09000;100%;UP;30,12000;66.93%;UP;8,20000;18.21%
2026-05-06 06:00:00;4640,69000;4643,84000;4653,20693;4643,24250;4615,50843;4601,88919;4580,08328;4546,83184;4548,69894;4554,65147;4557,12696;4548,14327;;17,54801;25,55302;31,44955;37,69850;2,14831;UPTREND;;False;;0;8,21;HMA8:UP|HMA13:UP|HMA21:UP;3;0;True;False;8,13,34;8,13,34;;8,13,21,34;;8,13,34;8,13;;13;;False;UP;47,41000;100%;UP;39,20000;87.11%;UP;12,48000;27.74%
2026-05-06 07:00:00;4643,68000;4648,97000;4657,41163;4657,00382;4630,12819;4611,49152;4588,41839;4551,83173;4551,25283;4556,22422;4558,33771;4549,30529;;17,02530;27,99880;29,18727;27,28344;1,60252;UPTREND;;False;;0;8,21;HMA8:UP|HMA13:UP|HMA21:UP;3;0;True;False;8,13,34;8,13,34;;8,13,21,34;;8,13,34;13;;;;False;UP;39,21000;87.14%;UP;44,17000;98.16%;UP;17,56000;39.02%
2026-05-06 08:00:00;4649,00000;4662,98000;4663,15893;4667,70830;4644,82097;4621,59511;4597,29544;4557,56037;4554,35770;4558,22595;4559,83529;4550,68903;;17,17778;30,51129;25,53213;22,88733;1,33238;UPTREND;;False;;0;8,21;HMA8:UP|HMA13:UP|HMA21:UP;3;0;True;False;8,13,34;8,13,34;;8,13,21,34;;8,13,34;8,13;;;;False;UP;29,23000;64.95%;UP;44,54000;98.98%;UP;22,24000;49.41%
2026-05-06 09:00:00;4662,97000;4669,21000;4669,91096;4675,91681;4658,85080;4632,01866;4606,51866;4563,90606;4557,97477;4560,63543;4561,61158;4552,29469;;16,82008;32,96935;23,23734;17,06601;1,01462;UPTREND;;False;;0;8,21;HMA8:UP|HMA13:UP|HMA21:UP;3;0;True;False;8,13,34;8,13,34;;8,13,21,34;;8,13,34;8,13;;;;False;UP;22,01000;48.9%;UP;42,55000;94.56%;UP;27,35000;60.77%
2026-05-06 10:00:00;4669,32000;4681,51000;4679,10381;4683,91887;4672,38253;4642,92965;4616,11149;4570,83378;4562,10783;4563,46680;4563,68023;4554,14064;;17,35364;35,50677;21,09586;11,53634;0,66478;UPTREND;;False;;0;8,21;HMA8:UP|HMA13:UP|HMA21:UP;3;0;True;False;8,13,21,34;8,13,21,34;;8,13,21,34;;8,13,21,34;8,13,21;;21;;False;UP;20,46000;45.47%;UP;37,68000;83.74%;UP;30,83000;68.52%
2026-05-06 11:00:00;4681,18000;4700,22000;4693,46013;4694,02739;4686,04825;4654,90293;4626,30357;4578,40217;4566,80750;4566,76655;4566,08014;4556,25978;;18,31338;38,21124;18,98216;7,97914;0,43570;UPTREND;;False;;0;8,21;HMA8:UP|HMA13:UP|HMA21:UP;3;0;True;False;8,13,21,34;8,13,21,34;;8,13,21,34;;8,13,21,34;8,13,21;;;;False;UP;26,20000;58.23%;UP;32,18000;71.52%;UP;32,95000;73.22%
2026-05-06 12:00:00;4700,48000;4701,85000;4705,02267;4704,04885;4698,42525;4667,34825;4636,80789;4586,43993;4571,96095;4570,45893;4568,76827;4558,62361;;18,38243;40,81185;19,13849;6,59741;0,35890;UPTREND;;False;;0;8,21;HMA8:UP|HMA13:UP|HMA21:UP;3;0;True;False;8,13,21,34;8,13,21,34;;8,13,21,34;;8,13,21,34;8,13;;;;False;UP;29,65000;65.9%;UP;28,87000;64.15%;UP;35,07000;77.94%
2026-05-06 13:00:00;4701,84000;4718,00000;4716,67989;4715,11023;4710,37156;4680,47008;4647,80034;4595,00837;4577,60798;4574,55949;4571,76491;4561,25003;;19,01940;43,42046;18,29541;6,30833;0,33168;UPTREND;;False;;0;8,21;HMA8:UP|HMA13:UP|HMA21:UP;3;0;True;False;8,13,21,34;8,13,21,34;;8,13,21,34;;8,13,21,34;8,13,21;;;;False;UP;31,58000;70.18%;UP;26,98000;59.97%;UP;35,18000;78.17%
2026-05-06 14:00:00;4718,00000;4692,05000;4714,48841;4718,64611;4718,04385;4692,05802;4658,26789;4603,59908;4583,40790;4578,81679;4574,89638;4564,01802;;19,83801;45,37191;21,40043;4,15770;0,20958;UPTREND;;False;;0;8,21;HMA8:DOWN|HMA13:UP|HMA21:UP;2;1;True;False;8,13,21,34;8,13,21,34;;8,13,21,34;8,13,21,34;8,13,21,34;;8,13,21,34;;8,13,21,34;True;DOWN;24,03000;53.41%;UP;23,17000;51.49%;UP;33,46000;74.36%
2026-05-06 15:00:00;4692,41000;4683,22000;4700,84811;4714,75488;4720,84795;4701,32731;4667,80932;4612,00536;4589,21271;4583,11559;4578,08320;4566,86744;;20,76530;44,73129;26,99130;19,99984;0,96314;UPTREND;;False;;0;8,21;HMA8:DOWN|HMA13:DOWN|HMA21:UP;1;2;False;True;8,13,21,34;8,13,21,34;;8,13,21,34;8,13,21,34;8,13,21,34;;34;;34;False;DOWN;5,08000;11.3%;DOWN;17,31000;38.47%;UP;30,06000;66.8%
2026-05-06 16:00:00;4682,64000;4702,09000;4695,42031;4710,32829;4722,07451;4709,30490;4676,88235;4620,41402;4595,15386;4587,53450;4581,38242;4569,82946;;22,05992;44,56181;33,42530;26,65419;1,20826;UPTREND;;False;;0;8,21;HMA8:DOWN|HMA13:DOWN|HMA21:UP;1;2;False;True;8,13,21,34;8,13,21,34;;8,13,21,34;8,13,21,34;8,13,21,34;8,34;;;;False;DOWN;-6,21000;13.8%;DOWN;11,28000;25.08%;UP;25,78000;57.3%
2026-05-06 17:00:00;4702,11000;4703,00000;4696,11998;4707,27780;4722,12910;4715,94941;4685,39217;4628,73304;4601,18063;4592,03229;4584,77054;4572,87650;;21,90350;44,66406;38,57249;26,00912;1,18744;UPTREND;;False;;0;8,21;HMA8:UP|HMA13:DOWN|HMA21:UP;2;1;True;False;8,13,21,34;8,13,21,34;;8,13,21,34;8,13,21,34;8,13,21,34;;;;;False;UP;-13,21000;29.35%;DOWN;5,76000;12.79%;UP;22,78000;50.63%
2026-05-06 18:00:00;4702,97000;4687,91000;4694,15433;4702,35543;4719,98508;4720,37937;4692,84456;4636,67637;4607,09895;4596,47664;4588,15475;4575,93348;;21,61610;44,10293;44,09943;25,83075;1,19498;DOWNTREND;REVERSAL_TO_HMA55;False;;2;8,13;HMA8:DOWN|HMA13:DOWN|HMA21:DOWN;0;3;False;True;;;;;8,13,55;8,13;;8,13,55;;8,13,55;False;DOWN;-13,23000;29.41%;DOWN;-0,75000;1.66%;DOWN;19,17000;42.61%
2026-05-06 19:00:00;4687,77000;4683,14000;4689,42852;4695,26304;4715,68532;4722,77227;4699,19673;4644,14158;4612,84262;4600,81417;4591,49779;4578,96851;;20,96638;43,03498;49,17932;26,25680;1,25233;DOWNTREND;;False;;1;8,13;HMA8:DOWN|HMA13:DOWN|HMA21:DOWN;0;3;False;True;;;;;8,13,55;8,13;;;;;False;DOWN;-7,75000;17.23%;DOWN;-8,97000;19.92%;DOWN;15,17000;33.7%
2026-05-06 20:00:00;4682,95000;4684,05000;4684,16419;4689,19454;4709,77534;4723,45436;4704,58395;4651,12998;4618,40745;4605,03767;4594,79160;4581,97119;;20,12235;42,00244;50,89382;25,61115;1,27277;DOWNTREND;;False;;0;8,13;HMA8:DOWN|HMA13:DOWN|HMA21:DOWN;0;3;False;True;;;;;8,13,55;8,13;;;;;False;DOWN;-7,96000;17.69%;DOWN;-13,71000;30.46%;DOWN;10,53000;23.39%
2026-05-06 21:00:00;4684,58000;4686,04000;4681,76452;4685,47373;4703,47350;4722,77249;4709,24005;4657,68635;4623,80878;4609,15503;4598,03395;4584,93776;;19,29647;41,13501;51,26630;21,70899;1,12502;DOWNTREND;;False;;0;8,13;HMA8:DOWN|HMA13:DOWN|HMA21:DOWN;0;3;False;True;;;;13;8,13,55;8,13;13;;13;;True;DOWN;-10,54000;23.41%;DOWN;-14,19000;31.54%;DOWN;5,16000;11.47%
2026-05-06 22:00:00;4686,08000;4692,44000;4684,92063;4684,47383;4698,49327;4721,47853;4713,39956;4663,91600;4629,11584;4613,20470;4601,24586;4587,87910;;18,92458;40,69672;57,25831;14,01944;0,74081;DOWNTREND;;False;;0;8,13;HMA8:UP|HMA13:DOWN|HMA21:DOWN;1;2;False;True;;;;13;8,13,55;8,13;;;;;False;UP;-6,95000;15.45%;DOWN;-12,83000;28.51%;DOWN;0,02000;0.05%
2026-05-06 23:00:00;4692,55000;4690,56000;4688,82315;4684,90085;4694,72740;4719,76739;4716,98467;4669,82496;4634,31432;4617,17490;4604,41106;4590,77888;;18,61782;40,20361;57,71402;9,82655;0,52780;DOWNTREND;;False;;0;8,13;HMA8:UP|HMA13:UP|HMA21:DOWN;2;1;True;False;;;;13;8,13,55;8,13;;;;;False;UP;-0,47000;1.03%;UP;-11,33000;25.17%;DOWN;-4,80000;10.67%
2026-05-07 01:00:00;4693,45000;4694,84000;4692,86039;4687,46460;4692,76415;4717,97023;4720,15329;4675,46867;4639,46348;4621,10244;4607,54620;4593,64452;;18,03012;39,75349;57,62278;5,39579;0,29927;UPTREND;REVERSAL_TO_HMA21;False;;0;21;HMA8:UP|HMA13:UP|HMA21:DOWN;2;1;True;False;;;;21;;;21;;21;;False;UP;6,88000;15.28%;UP;-7,84000;17.42%;DOWN;-7,98000;17.74%
2026-05-07 02:00:00;4694,81000;4698,95000;4697,30541;4691,65043;4692,46682;4716,26549;4723,03398;4680,88576;4644,59243;4625,01995;4610,67135;4596,48318;;17,40369;39,33552;54,66417;5,65497;0,32493;UPTREND;ADVANCE_HMA8;False;;0;21;HMA8:UP|HMA13:UP|HMA21:DOWN;2;1;True;False;8;8;;8,21;;8;8;;8;;False;UP;12,58000;27.97%;UP;-1,98000;4.4%;DOWN;-9,26000;20.58%
2026-05-07 03:00:00;4698,95000;4688,55000;4695,95326;4693,70609;4691,88830;4713,99351;4725,28535;4685,94823;4649,58173;4628,87236;4613,74026;4599,25766;;17,27914;38,51314;54,14322;4,06496;0,23525;DOWNTREND;REVERSAL_TO_HMA21;False;;2;8,13,21;HMA8:DOWN|HMA13:UP|HMA21:DOWN;1;2;False;True;;;;;8,13,21;8,21;;8,13,21;;8,13,21;False;DOWN;9,07000;20.15%;UP;2,49000;5.54%;DOWN;-9,91000;22.02%
2026-05-07 04:00:00;4688,63000;4714,69000;4702,29924;4699,16256;4694,04150;4712,68164;4727,57201;4691,03362;4654,67821;4632,82762;4616,88158;4602,05489;;18,61848;38,63454;56,41134;8,25774;0,44352;DOWNTREND;;False;;1;8,13,21;HMA8:UP|HMA13:UP|HMA21:UP;3;0;True;False;;;;8,13,21,34,89;8,13,21;8,13,21,89;8,13,21,34,89;;8,13,21,34,89;;False;UP;10,26000;22.79%;UP;6,99000;15.52%;UP;-8,58000;19.06%
2026-05-07 05:00:00;4714,66000;4707,29000;4708,46141;4704,27785;4697,20500;4711,70687;4729,54396;4695,99923;4659,79384;4636,82124;4620,05309;4604,84856;;18,61002;38,74728;54,73040;11,25641;0,60486;DOWNTREND;;False;;0;8,13,21;HMA8:UP|HMA13:UP|HMA21:UP;3;0;True;False;8,34;;8,34;8,13,21,34,89;8,13,21,34;8,13,21,89;;8,34;;34;False;UP;11,84000;26.3%;UP;10,06000;22.35%;UP;-6,98000;15.51%
2026-05-07 06:00:00;4707,03000;4699,08000;4707,48985;4706,91701;4699,90741;4710,55403;4730,90702;4700,69832;4664,82742;4640,79727;4623,20867;4607,61539;;18,05788;38,75952;57,04593;7,58244;0,41990;DOWNTREND;ADVANCE_HMA89;False;;0;8,13,21;HMA8:DOWN|HMA13:UP|HMA21:UP;2;1;True;False;8,13,34,89;;8,13,34,89;8,13,21,34,89;8,13,21,34,89;8,13,21,89;;13,21,89;;13,89;False;DOWN;8,03000;17.83%;UP;11,49000;25.52%;UP;-4,99000;11.1%
2026-05-07 07:00:00;4699,08000;4696,37000;4703,50259;4706,05521;4701,69298;4709,16055;4731,60882;4705,07937;4669,73450;4644,73952;4626,33714;4610,34550;;17,38303;38,11350;59,96557;4,36224;0,25095;DOWNTREND;;False;;0;8,13,21;HMA8:DOWN|HMA13:DOWN|HMA21:UP;1;2;False;True;8,13,34,89;;8,13,34,89;8,13,21,34,89;8,13,21,34,89;8,13,21,89;;;;;False;DOWN;6,20000;13.77%;DOWN;10,11000;22.46%;UP;-2,66000;5.92%
2026-05-07 08:00:00;4696,38000;4701,00000;4699,91900;4704,62957;4702,75080;4707,98749;4731,82899;4709,19763;4674,53520;4648,67147;4629,46155;4613,05113;;16,98567;37,79719;58,45534;4,71057;0,27733;DOWNTREND;;False;;0;8,13,21;HMA8:DOWN|HMA13:DOWN|HMA21:UP;1;2;False;True;8,13,34,89;;8,13,34,89;8,13,21,34,89;8,13,21,34,89;8,13,21,89;8;;;;False;DOWN;-2,01000;4.46%;DOWN;7,26000;16.13%;UP;-0,24000;0.54%
2026-05-07 09:00:00;4701,00000;4739,12000;4713,44409;4711,60106;4707,56138;4708,99333;4732,63594;4713,55433;4679,55502;4652,82143;4632,74918;4615,85438;;19,28098;39,02097;44,28734;5,88271;0,30510;UPTREND;REVERSAL_TO_HMA55;False;;2;8,13,21;HMA8:UP|HMA13:UP|HMA21:UP;3;0;True;False;;;;8,13,21,34,55,89;;8,13,21,34,55,89;8,13,21,34,55,89;;34,55;;False;UP;3,70000;8.21%;UP;8,79000;19.54%;UP;2,69000;5.98%
2026-05-07 10:00:00;4738,48000;4743,14000;4733,44459;4723,05632;4715,25012;4711,93350;4734,01630;4718,12751;4684,77263;4657,18051;4636,19553;4618,75957;;19,25734;40,17002;45,07059;18,19447;0,94481;UPTREND;;False;;1;8,13,21;HMA8:UP|HMA13:UP|HMA21:UP;3;0;True;False;;;;8,13,21,34,55,89;;8,13,21,34,55,89;;;;;False;UP;18,62000;41.38%;UP;11,68000;25.96%;UP;6,08000;13.52%
2026-05-07 11:00:00;4742,72000;4730,97000;4742,76328;4732,76188;4722,86869;4715,63242;4735,45888;4722,67709;4690,01141;4661,63602;4639,72184;4621,71591;;19,49396;41,31242;47,23275;19,89459;1,02055;UPTREND;;False;;0;8,13,21;HMA8:UP|HMA13:UP|HMA21:UP;3;0;True;False;;;;8,13,21,34,55,89;8,13,55;8,13,21,34,55,89;;8,13,55;;8,13,55;False;UP;26,73000;59.39%;UP;13,69000;30.41%;UP;8,78000;19.51%
2026-05-07 12:00:00;4731,13000;4729,04000;4742,63876;4738,33479;4729,16508;4719,59343;4736,88517;4727,12272;4695,20901;4666,15081;4643,30072;4624,70765;;19,35796;41,53747;50,27020;13,47368;0,69603;UPTREND;;False;;0;8,13,21;HMA8:DOWN|HMA13:UP|HMA21:UP;2;1;True;False;;;;8,13,21,34,55,89;8,13,21,55;8,13,21,34,55,89;;21;;21;True;DOWN;28,89000;64.19%;UP;15,14000;33.64%;UP;10,73000;23.85%
2026-05-07 13:00:00;4728,17000;4735,72000;4739,32876;4742,03802;4734,22763;4723,73871;4738,43041;4731,49492;4700,39108;4670,74173;4646,94586;4627,74793;;18,92239;41,76364;50,14815;7,81039;0,41276;UPTREND;;False;;0;8,13,21;HMA8:DOWN|HMA13:UP|HMA21:UP;2;1;True;False;21,89;21,89;;8,13,21,34,55,89;8,13,21,55;8,13,21,34,55,89;21,89;;;;False;DOWN;18,88000;41.96%;UP;17,59000;39.08%;UP;12,61000;28.03%
2026-05-07 14:00:00;4735,92000;4742,78000;4739,26804;4745,33424;4738,86945;4727,98353;4740,16889;4735,85513;4705,56993;4675,42557;4650,66904;4630,85012;;18,73936;42,10957;50,52401;6,46479;0,34498;UPTREND;;False;;0;8,13,21;HMA8:DOWN|HMA13:UP|HMA21:UP;2;1;True;False;8,13,21,55,89;8,13,21,55,89;;8,13,21,34,55,89;8,13,21,55;8,13,21,34,55,89;8,13,21,55;;;;False;DOWN;4,44000;9.87%;UP;19,90000;44.23%;UP;13,45000;29.9%
2026-05-07 15:00:00;4742,95000;4750,06000;4744,71833;4748,45774;4744,09771;4732,59830;4742,14406;4740,24900;4710,77806;4680,21904;4654,48173;4634,02844;;18,78298;42,74400;51,81272;4,36003;0,23213;UPTREND;;False;;0;8,13,21;HMA8:UP|HMA13:UP|HMA21:UP;3;0;True;False;8,13,21,55,89;8,13,21,55,89;;8,13,21,34,55,89;8,13,21,55;8,13,21,34,55,89;8,13,21;;;;False;UP;1,49000;3.31%;UP;18,11000;40.24%;UP;14,02000;31.15%
2026-05-07 16:00:00;4750,18000;4746,40000;4749,03848;4750,40848;4748,90439;4737,20107;4744,10960;4744,55093;4715,93660;4685,06038;4658,34541;4637,25938;;19,35777;43,51204;51,69644;1,50409;0,07770;UPTREND;;False;;0;8,13,21;HMA8:UP|HMA13:UP|HMA21:UP;3;0;True;False;8,13,21,55,89;8,13,21,55,89;;8,13,21,34,55,89;8,13,21,55;8,13,21,34,55,89;;8,13,21;;8,13,21;True;UP;4,72000;10.5%;UP;13,25000;29.45%;UP;14,20000;31.56%
2026-05-07 17:00:00;4746,36000;4762,79000;4756,71746;4755,29567;4754,47892;4742,48025;4746,51715;4748,90062;4721,15171;4690,03001;4662,31096;4640,58576;;19,55578;44,39044;49,92253;2,23855;0,11447;UPTREND;;False;;0;8,13,21;HMA8:UP|HMA13:UP|HMA21:UP;3;0;True;False;8,13,21,55,89;8,13,21,55,89;;8,13,21,34,55,89;8,13,21,55;8,13,21,34,55,89;8,13,21,55,89;;;;False;UP;12,53000;27.85%;UP;10,87000;24.16%;UP;15,11000;33.57%
2026-05-07 18:00:00;4762,79000;4729,20000;4750,70670;4753,84241;4756,10571;4746,13070;4748,42258;4752,74704;4726,05005;4694,87930;4666,20793;4643,88577;;20,89608;43,73599;53,10203;5,39900;0,25837;DOWNTREND;REVERSAL_TO_HMA34;False;;2;8,13,21;HMA8:DOWN|HMA13:DOWN|HMA21:UP;1;2;False;True;;;;;8,13,21,34,55,89;8,13;;8,13,21,34,55,89;;8,13,21,34,55,89;False;DOWN;7,79000;17.32%;DOWN;7,05000;15.67%;UP;14,32000;31.83%
2026-05-07 19:00:00;4729,23000;4714,98000;4732,71644;4745,04716;4752,84533;4747,53084;4749,47672;4755,91737;4730,47813;4699,50077;4669,96664;4647,10592;;21,20922;41,44852;53,96511;20,12889;0,94906;DOWNTREND;ADVANCE_HMA116;False;;1;8,13,21;HMA8:DOWN|HMA13:DOWN|HMA21:DOWN;0;3;False;True;116;;116;;8,13,21,34,55,89,116;8,13;;116;;116;False;DOWN;-8,05000;17.89%;DOWN;1,35000;3.01%;DOWN;12,05000;26.78%
2026-05-07 20:00:00;4715,30000;4711,54000;4715,81996;4731,81723;4746,25244;4746,94153;4749,66365;4758,41557;4734,43289;4703,86237;4673,56940;4650,23624;;21,96071;38,64183;54,22949;30,43248;1,38577;DOWNTREND;;False;;0;8,13,21;HMA8:DOWN|HMA13:DOWN|HMA21:DOWN;0;3;False;True;116;;116;;8,13,21,34,55,89,116;8,13;;;;;False;DOWN;-20,71000;46.03%;DOWN;-5,86000;13.02%;DOWN;8,04000;17.86%
2026-05-07 21:00:00;4711,53000;4709,69000;4704,06291;4719,00894;4737,90514;4744,76422;4749,06983;4760,25129;4737,93561;4707,94711;4677,00685;4653,27066;;21,85780;36,03561;55,60607;33,84223;1,54829;DOWNTREND;;False;;0;8,13,21;HMA8:DOWN|HMA13:DOWN|HMA21:DOWN;0;3;False;True;8,116;;8,116;;8,13,21,34,55,89,116;8,13;;8;;;False;DOWN;-31,06000;69.02%;DOWN;-12,66000;28.12%;DOWN;3,94000;8.75%
2026-05-07 22:00:00;4709,97000;4702,93000;4698,10563;4707,61784;4728,92338;4741,19772;4747,67817;4761,36852;4740,95228;4711,72429;4680,24971;4656,18640;;21,37510;33,61556;55,97656;30,81775;1,44176;DOWNTREND;ADVANCE_HMA144;False;;0;8,13,21;HMA8:DOWN|HMA13:DOWN|HMA21:DOWN;0;3;False;True;8,13,144;;8,13,144;;8,13,21,34,55,89,116,144;8,13;;8,13,144;;144;False;DOWN;-31,60000;70.22%;DOWN;-18,45000;41.0%;DOWN;-0,06000;0.14%
2026-05-07 23:00:00;4702,97000;4688,23000;4691,24789;4695,68712;4718,58760;4736,19891;4745,29341;4761,63460;4743,37971;4715,11912;4683,24829;4658,93638;;22,21116;32,05849;53,29165;27,33971;1,23090;DOWNTREND;;False;;0;8,13,21;HMA8:DOWN|HMA13:DOWN|HMA21:DOWN;0;3;False;True;8,13,144;;8,13,144;;8,13,21,34,55,89,116,144;8,13;;8,13;;;False;DOWN;-25,02000;55.6%;DOWN;-24,10000;53.55%;DOWN;-4,03000;8.95%
2026-05-08 01:00:00;4679,43000;4685,87000;4684,45402;4685,82075;4707,63451;4730,16124;4742,09545;4761,12548;4745,25282;4718,13910;4686,01508;4661,51742;;22,19322;31,06664;49,71844;23,18049;1,04449;DOWNTREND;;False;;0;8,13,21;HMA8:DOWN|HMA13:DOWN|HMA21:DOWN;0;3;False;True;8,13,144;;8,13,144;8,13,188;8,13,21,34,55,89,116,144;8,13;8,13,188;;8,13,188;;True;DOWN;-19,46000;43.24%;DOWN;-27,06000;60.13%;DOWN;-8,01000;17.8%
2026-05-08 02:00:00;4685,61000;4704,18000;4687,77094;4683,09590;4699,10945;4724,44425;4738,88781;4760,21493;4746,80393;4720,92209;4688,65116;4664,00129;;22,10371;29,70536;49,52738;16,01355;0,72447;DOWNTREND;;False;;0;8,13,21;HMA8:UP|HMA13:DOWN|HMA21:DOWN;1;2;False;True;8,13,144;;8,13,144;8,13,21,188;8,13,21,34,55,89,116,144;8,13;8,13,21,188;;8,13,21,188;;True;UP;-10,44000;23.2%;DOWN;-25,04000;55.64%;DOWN;-11,50000;25.57%
2026-05-08 03:00:00;4704,67000;4701,37000;4694,33204;4684,88703;4692,94735;4718,95744;4735,68279;4758,95504;4748,05222;4723,46520;4691,15429;4666,38854;;21,63130;28,16212;49,27979;9,44501;0,43664;DOWNTREND;;False;;0;8,13,21;HMA8:UP|HMA13:UP|HMA21:DOWN;2;1;True;False;8,13,144;;8,13,144;8,13,21,188;8,13,21,34,55,89,116,144;8,13;;;;;False;UP;-2,50000;5.55%;UP;-19,88000;44.18%;DOWN;-14,50000;32.23%
2026-05-08 04:00:00;4701,24000;4722,79000;4708,11989;4693,32710;4691,53765;4715,12201;4733,10701;4757,75150;4749,24301;4725,92474;4693,63489;4668,75515;;21,84549;26,59326;50,60137;16,58224;0,75907;UPTREND;REVERSAL_TO_HMA34;False;;0;8;HMA8:UP|HMA13:UP|HMA21:DOWN;2;1;True;False;;;;8,34;;8;8,34;;8,34;;False;UP;10,93000;24.29%;UP;-11,09000;24.64%;DOWN;-16,07000;35.72%
2026-05-08 05:00:00;4722,83000;4713,33000;4717,77217;4702,18860;4692,83136;4712,24802;4730,83656;4756,50479;4750,32753;4728,25217;4696,05738;4671,07207;;22,12081;25,54932;51,65353;24,94081;1,12748;UPTREND;;False;;0;8;HMA8:UP|HMA13:UP|HMA21:UP;3;0;True;False;;;;8,34;8,34;8;;8,34;;8,34;True;UP;20,63000;45.85%;UP;-2,34000;5.21%;UP;-15,96000;35.47%
2026-05-08 06:00:00;4713,27000;4719,57000;4722,14620;4711,47819;4696,33553;4710,41820;4729,01931;4755,31936;4751,38315;4730,50234;4698,46278;4673,36433;;21,96790;24,57995;51,72346;25,81067;1,17493;UPTREND;;False;;0;8;HMA8:UP|HMA13:UP|HMA21:UP;3;0;True;False;8;8;;8,34;8,34;8;8;;;;False;UP;21,37000;47.48%;UP;6,83000;15.18%;UP;-14,43000;32.06%
2026-05-08 07:00:00;4719,62000;4711,04000;4720,75326;4716,80658;4700,12106;4708,77563;4727,35841;4754,08826;4752,33045;4732,64310;4700,82137;4675,60943;;21,41662;23,53060;50,30205;20,63220;0,96337;UPTREND;;False;;0;8;HMA8:DOWN|HMA13:UP|HMA21:UP;2;1;True;False;8;8;;8,34;8,13,34;8;;13;;13;True;DOWN;17,14000;38.09%;UP;13,56000;30.13%;UP;-12,16000;27.01%
2026-05-08 08:00:00;4711,04000;4727,47000;4721,97243;4722,07437;4705,30192;4708,19018;4726,19900;4753,04855;4753,32233;4734,78848;4703,22417;4677,86883;;21,43043;23,04465;50,24213;16,77246;0,78265;UPTREND;;False;;0;8;HMA8:UP|HMA13:UP|HMA21:UP;3;0;True;False;8,13,55;8,13,55;;8,13,34,55;8,13,34;8,13;8,13,55;;13,55;;False;UP;9,18000;20.4%;UP;16,86000;37.48%;UP;-8,65000;19.22%
2026-05-08 09:00:00;4727,49000;4725,66000;4725,19180;4726,03840;4711,06548;4708,25810;4725,34500;4752,15376;4754,32211;4736,91941;4705,66231;4680,14010;;21,45612;22,78296;64,42241;14,97292;0,69784;UPTREND;;False;;0;8;HMA8:UP|HMA13:UP|HMA21:UP;3;0;True;False;8,13,55;8,13,55;;8,13,34,55;8,13,34,55;8,13;;13,55;;13,55;True;UP;4,94000;10.98%;UP;17,73000;39.39%;UP;-4,76000;10.57%
2026-05-08 10:00:00;4725,30000;4707,96000;4720,38898;4724,78658;4714,83014;4708,01111;4724,24466;4751,13063;4755,14226;4738,91559;4708,05057;4682,37371;;22,01854;21,31840;64,91102;9,95644;0,45218;DOWNTREND;REVERSAL_TO_HMA34;False;;2;8,13,21;HMA8:DOWN|HMA13:DOWN|HMA21:UP;1;2;False;True;;;;;8,13,21,34,55,188;8,13,34,55;;8,13,21,34,55,188;;8,13,21,34,55,188;False;DOWN;-1,14000;2.54%;DOWN;13,39000;29.77%;UP;-0,98000;2.17%
2026-05-08 11:00:00;4708,03000;4715,74000;4716,33844;4722,12573;4717,61315;4708,01574;4723,09157;4750,07242;4755,83677;4740,82778;4710,42413;4684,59851;;21,64221;19,95845;63,07141;5,78728;0,26741;DOWNTREND;;False;;1;8,13,21;HMA8:DOWN|HMA13:DOWN|HMA21:UP;1;2;False;True;;;;21,188;8,13,21,34,55,188;8,13,34,55;21,188;;21,188;;False;DOWN;-2,92000;6.49%;DOWN;8,73000;19.4%;UP;2,64000;5.87%
2026-05-08 12:00:00;4716,10000;4711,89000;4712,75176;4718,49718;4718,64486;4708,20583;4721,80366;4748,93368;4756,34095;4742,62642;4712,76155;4686,80045;;21,18991;18,69563;62,41008;5,89310;0,27811;DOWNTREND;;False;;0;8,13,21;HMA8:DOWN|HMA13:DOWN|HMA21:UP;1;2;False;True;8,188;;8,188;21,188;8,13,21,34,55,188;8,13,34,55;;8,188;;188;False;DOWN;-6,21000;13.8%;DOWN;3,16000;7.02%;UP;5,27000;11.71%
2026-05-08 13:00:00;4711,86000;4719,76000;4713,15020;4717,15021;4719,39761;4708,94245;4720,59624;4747,81329;4756,72033;4744,35082;4715,09335;4689,00307;;20,84706;17,89209;62,57491;6,24741;0,29968;UPTREND;REVERSAL_TO_HMA21;False;;2;8,13,21;HMA8:UP|HMA13:DOWN|HMA21:UP;2;1;True;False;;;;8,13,21,188;;8,21,188;8,13,21,188;;8,13,21,188;;False;UP;-8,22000;18.26%;DOWN;0,16000;0.35%;UP;7,23000;16.07%
2026-05-08 14:00:00;4719,81000;4717,71000;4716,11820;4716,22071;4719,81323;4710,04851;4719,45269;4746,68967;4756,94128;4745,97141;4717,39725;4691,19554;;20,33870;17,14595;60,02394;3,69503;0,18167;UPTREND;;False;;1;8,13,21;HMA8:UP|HMA13:DOWN|HMA21:UP;2;1;True;False;;;;8,13,21,188;21,55;8,21,188;;21,55;;21,55;False;UP;-3,01000;6.68%;DOWN;-2,75000;6.1%;UP;7,91000;17.59%
2026-05-08 15:00:00;4717,73000;4724,36000;4720,37130;4717,60218;4720,69501;4711,84695;4718,56392;4745,65262;4757,07656;4747,52562;4719,69036;4693,39425;;20,96951;16,30275;66,04306;3,09283;0,14749;UPTREND;ADVANCE_HMA55;False;;0;8,13,21;HMA8:UP|HMA13:UP|HMA21:UP;3;0;True;False;8,55,188;8,55,188;;8,13,21,55,188;21,55;8,21,188;8,21,55,188;;55;;False;UP;2,75000;6.12%;UP;-3,84000;8.52%;UP;7,57000;16.82%
2026-05-08 16:00:00;4724,37000;4747,97000;4733,42946;4725,36510;4724,38913;4715,30585;4718,58087;4745,01502;4757,34331;4749,15130;4722,06934;4695,66584;;21,71526;15,96468;64,31901;9,04034;0,41631;UPTREND;ADVANCE_HMA144;False;;0;8,13,21;HMA8:UP|HMA13:UP|HMA21:UP;3;0;True;False;8,13,21,89,144,188;8,13,21,89,144,188;;8,13,21,55,89,144,188;21,55;8,13,21,144,188;8,13,21,89,144;;13,89,144;;False;UP;13,39000;29.76%;UP;0,25000;0.57%;UP;7,36000;16.36%
2026-05-08 17:00:00;4747,84000;4715,91000;4733,80333;4728,78510;4726,20562;4718,08772;4718,53373;4744,28403;4757,42552;4750,62988;4724,37002;4697,89284;;22,73702;15,37064;68,18878;7,59771;0,33416;UPTREND;;False;;0;8,13,21;HMA8:UP|HMA13:UP|HMA21:UP;3;0;True;False;8,13,21,89,144,188;8,13,21,89,144,188;;8,13,21,55,89,144,188;8,13,21,34,55,89,188;8,13,21,144,188;;8,13,21,34,55,89,188;;8,13,21,34,55,89,188;True;UP;12,79000;28.43%;UP;2,79000;6.21%;UP;6,54000;14.54%
2026-05-08 18:00:00;4715,92000;4707,02000;4722,69565;4726,31877;4725,43628;4719,58129;4718,17379;4743,35661;4757,25015;4751,90613;4726,55387;4700,04518;;22,46009;14,58953;67,49065;3,62312;0,16131;UPTREND;;False;;0;8,13,21;HMA8:DOWN|HMA13:DOWN|HMA21:DOWN;0;3;False;True;8,13,21,89,144,188;8,13,21,89,144,188;;8,13,21,55,89,144,188;8,13,21,34,55,89,188;8,13,21,144,188;;;;;False;DOWN;4,19000;9.31%;DOWN;3,32000;7.38%;DOWN;5,12000;11.38%
2026-05-08 19:00:00;4707,02000;4712,39000;4713,51857;4721,06006;4723,41125;4720,20864;4717,71319;4742,33336;4756,89966;4753,02337;4728,64706;4702,14038;;21,91080;13,86422;66,13186;9,89268;0,45150;UPTREND;;False;;0;8,13,21;HMA8:DOWN|HMA13:DOWN|HMA21:DOWN;0;3;False;True;8,13,21,89,144,188;8,13,21,89,144,188;;8,13,21,55,89,144,188;8,13,21,34,55,89,188;8,13,21,144,188;;;;;False;DOWN;-4,47000;9.94%;DOWN;1,70000;3.79%;DOWN;3,22000;7.17%
2026-05-08 20:00:00;4712,37000;4720,83000;4710,86461;4718,16976;4721,67219;4720,55134;4717,40397;4741,32010;4756,47592;4754,03761;4730,68933;4704,20943;;21,09146;12,98495;64,90469;10,80758;0,51242;UPTREND;;False;;0;8,13,21;HMA8:DOWN|HMA13:DOWN|HMA21:DOWN;0;3;False;True;8,13,21,34,55,89,144,188;8,13,21,34,55,89,144,188;;8,13,21,34,55,89,144,188;8,13,21,34,55,89,188;8,13,21,144,188;8,13,34,55;;34,55;;False;DOWN;-14,97000;33.28%;DOWN;0,88000;1.96%;DOWN;1,86000;4.13%
2026-05-08 21:00:00;4720,85000;4721,88000;4714,79178;4717,27237;4720,90825;4720,70271;4717,27264;4740,32312;4755,98804;4754,96183;4732,67849;4706,25521;;20,22850;12,45621;64,21334;6,11647;0,30237;UPTREND;;False;;0;8,13,21;HMA8:UP|HMA13:DOWN|HMA21:DOWN;1;2;False;True;8,13,21,34,55,89,144,188;8,13,21,34,55,89,144,188;;8,13,21,34,55,89,144,188;8,13,21,34,55,89,188;8,13,21,144,188;21;;;;False;UP;-13,22000;29.38%;DOWN;-0,16000;0.35%;DOWN;0,93000;2.07%
2026-05-08 22:00:00;4721,87000;4723,85000;4720,81535;4717,67801;4721,07500;4721,14940;4717,37918;4739,35402;4755,45942;4755,81101;4734,62152;4708,28428;;19,19289;11,96523;62,03769;3,39699;0,17699;UPTREND;;False;;0;8,13,21;HMA8:UP|HMA13:UP|HMA21:UP;3;0;True;False;8,13,21,34,55,89,144,188;8,13,21,34,55,89,144,188;;8,13,21,34,55,89,144,188;8,13,21,34,55,89,188;8,13,21,144,188;;;;;False;UP;-1,40000;3.12%;UP;-3,82000;8.49%;UP;0,73000;1.61%
2026-05-08 23:00:00;4724,01000;4715,10000;4721,33930;4717,73037;4720,57569;4721,33866;4717,46343;4738,29133;4754,80944;4756,52131;4736,47676;4710,26632;;18,52840;11,31526;60,32131;3,60893;0,19478;UPTREND;;False;;0;8,13,21;HMA8:UP|HMA13:UP|HMA21:DOWN;2;1;True;False;8,13,21,34,55,89,144,188;8,13,21,34,55,89,144,188;;8,13,21,34,55,89,144,188;8,13,21,34,55,89,188;8,13,21,144,188;;8,13,21,34,55;;8,13,21,34,55;True;UP;6,02000;13.39%;UP;-5,68000;12.62%;DOWN;0,36000;0.81%
2026-05-11 01:00:00;4686,02000;4691,74000;4709,58217;4712,53374;4716,89917;4719,96150;4716,99523;4736,83228;4753,84180;4756,94590;4738,13408;4712,12941;;19,79494;12,88931;50,01478;7,31700;0,36964;UPTREND;;False;;0;8,13,21;HMA8:DOWN|HMA13:DOWN|HMA21:DOWN;0;3;False;True;8,13,21,34,55,89,144,188;8,13,21,34,55,89,144,188;;8,13,21,34,55,89,144,188;8,13,21,34,55,89,188;8,13,21,144,188;;;;;False;DOWN;-0,93000;2.06%;DOWN;-6,62000;14.71%;DOWN;-0,84000;1.87%
2026-05-11 02:00:00;4691,61000;4691,55000;4695,82385;4704,36141;4711,23133;4717,32828;4716,05393;4735,03093;4752,59542;4757,09687;4739,60024;4713,88131;;19,07244;14,35093;48,98514;15,40748;0,80784;UPTREND;;False;;0;8,13,21;HMA8:DOWN|HMA13:DOWN|HMA21:DOWN;0;3;False;True;8,13,21,34,55,89,144,188;8,13,21,34,55,89,144,188;;8,13,21,34,55,89,144,188;8,13,21,34,55,89,188;8,13,21,144,188;;;;;False;DOWN;-13,96000;31.03%;DOWN;-8,30000;18.45%;DOWN;-2,84000;6.31%
2026-05-11 03:00:00;4691,52000;4683,35000;4683,88200;4694,03995;4703,85082;4713,45418;4714,46681;4732,87995;4751,04233;4756,93920;4740,84523;4715,50055;;19,35227;16,46998;45,74336;19,96882;1,03186;DOWNTREND;REVERSAL_TO_HMA8;False;;0;8;HMA8:DOWN|HMA13:DOWN|HMA21:DOWN;0;3;False;True;;;;;8;8;;8;;8;False;DOWN;-25,51000;56.68%;DOWN;-11,74000;26.09%;DOWN;-6,06000;13.46%
2026-05-11 04:00:00;4684,69000;4685,67000;4678,01263;4685,40101;4696,81262;4709,00964;4712,39972;4730,47381;4749,27440;4756,50807;4741,89223;4717,00283;;20,17068;17,39091;47,75594;18,79999;0,93205;DOWNTREND;;False;;0;8;HMA8:DOWN|HMA13:DOWN|HMA21:DOWN;0;3;False;True;;;;13;8;8;13;;13;;True;DOWN;-28,24000;62.75%;DOWN;-14,75000;32.79%;DOWN;-8,29000;18.42%
2026-05-11 05:00:00;4685,64000;4681,65000;4676,95165;4678,54460;4690,42224;4704,19752;4709,85702;4727,79948;4747,28853;4755,80245;4742,73442;4718,38206;;20,41992;18,24605;49,08220;13,47059;0,65968;DOWNTREND;;False;;0;8;HMA8:DOWN|HMA13:DOWN|HMA21:DOWN;0;3;False;True;13;;13;13;8,13;8,13;;13;;13;False;DOWN;-21,78000;48.39%;DOWN;-17,71000;39.36%;DOWN;-9,73000;21.62%
2026-05-11 06:00:00;4681,39000;4678,58000;4676,26830;4673,95702;4684,42473;4699,23830;4706,89511;4724,86878;4745,08915;4754,84427;4743,37404;4719,63773;;20,04135;19,10182;47,19174;10,46771;0,52231;DOWNTREND;;False;;0;8;HMA8:DOWN|HMA13:DOWN|HMA21:DOWN;0;3;False;True;13;;13;13;8,13;8,13;;;;;False;DOWN;-13,71000;30.46%;DOWN;-20,00000;44.45%;DOWN;-11,01000;24.46%
2026-05-11 07:00:00;4679,15000;4671,99000;4673,69269;4670,28868;4678,35943;4693,93088;4703,53044;4721,66499;4742,65521;4753,62018;4743,80753;4720,75778;;19,41697;20,22059;43,45728;8,07075;0,41565;DOWNTREND;;False;;0;8;HMA8:DOWN|HMA13:DOWN|HMA21:DOWN;0;3;False;True;8,13,21;;8,13,21;13;8,13,21;8,13,21;;8,13,21;;21;False;DOWN;-7,47000;16.61%;DOWN;-19,93000;44.29%;DOWN;-12,57000;27.94%
2026-05-11 08:00:00;4671,99000;4652,21000;4663,24696;4663,41702;4670,49720;4687,47460;4699,41795;4718,02280;4739,85384;4752,03289;4743,96309;4721,69110;;20,34647;22,07149;42,93311;7,25024;0,35634;DOWNTREND;;False;;0;8;HMA8:DOWN|HMA13:DOWN|HMA21:DOWN;0;3;False;True;8,13,21;;8,13,21;13;8,13,21;8,13,21;;8,13,21;;;False;DOWN;-10,28000;22.85%;DOWN;-18,54000;41.2%;DOWN;-13,92000;30.92%
2026-05-11 09:00:00;4652,17000;4678,44000;4662,66902;4661,36053;4665,09791;4681,78488;4695,47684;4714,42656;4736,99689;4750,29150;4743,98082;4722,54331;;21,11672;23,79018;44,74195;3,73739;0,17699;DOWNTREND;;False;;0;8;HMA8:DOWN|HMA13:DOWN|HMA21:DOWN;0;3;False;True;8,13,21;;8,13,21;8,13,21;8,13,21;8,13,21;8,13,21;;8,13,21;;True;DOWN;-9,60000;21.33%;DOWN;-14,46000;32.14%;DOWN;-14,85000;32.99%
2026-05-11 10:00:00;4678,86000;4667,73000;4664,84750;4660,67176;4661,11179;4676,39069;4691,48461;4710,79744;4734,02719;4748,35940;4743,82554;4723,28785;;20,74624;25,38611;44,90857;4,17574;0,20128;DOWNTREND;;False;;0;8;HMA8:UP|HMA13:DOWN|HMA21:DOWN;1;2;False;True;8,13,21,34;;8,13,21,34;8,13,21;8,13,21,34;8,13,21,34;;34;;34;False;UP;-7,84000;17.41%;DOWN;-11,24000;24.97%;DOWN;-15,99000;35.54%
2026-05-11 11:00:00;4667,75000;4667,50000;4665,97113;4661,39538;4658,78785;4671,59475;4687,52594;4707,17846;4730,98770;4746,27296;4743,51725;4723,93208;;20,30080;26,87297;45,48746;7,18328;0,35384;DOWNTREND;;False;;0;8;HMA8:UP|HMA13:UP|HMA21:DOWN;2;1;True;False;8,13,21,34;;8,13,21,34;8,13,21;8,13,21,34;8,13,21,34;;;;;False;UP;-5,43000;12.07%;UP;-8,01000;17.81%;DOWN;-15,97000;35.5%
2026-05-11 12:00:00;4667,41000;4656,70000;4663,69839;4659,77265;4656,64676;4666,91092;4683,39456;4703,47088;4727,80365;4744,00345;4743,02855;4724,45041;;20,24074;28,77503;47,97546;7,05163;0,34839;DOWNTREND;;False;;0;8;HMA8:DOWN|HMA13:DOWN|HMA21:DOWN;0;3;False;True;8,13,21,34;;8,13,21,34;8,13,21;8,13,21,34;8,13,21,34;;8,13,21,34;;;False;DOWN;0,32000;0.71%;DOWN;-6,66000;14.8%;DOWN;-15,09000;33.54%
2026-05-11 13:00:00;4656,64000;4663,82000;4661,10559;4659,22682;4655,14722;4662,87259;4679,41900;4699,82356;4724,57656;4741,63653;4742,41731;4724,87915;;19,58926;30,54123;49,93507;5,95837;0,30417;DOWNTREND;;False;;0;8;HMA8:DOWN|HMA13:DOWN|HMA21:DOWN;0;3;False;True;8,13,21,34;;8,13,21,34;8,13,21,34;8,13,21,34;8,13,21,34;8,13,21,34;;8,13,21,34;;True;DOWN;-1,14000;2.54%;DOWN;-5,38000;11.95%;DOWN;-13,96000;31.03%
2026-05-11 14:00:00;4663,99000;4674,48000;4665,04170;4661,89192;4655,56214;4659,89419;4675,95688;4696,42267;4721,42591;4739,26358;4741,75194;4725,26437;;19,15217;31,06492;61,12644;9,47957;0,49496;UPTREND;REVERSAL_TO_HMA8;False;;0;8;HMA8:UP|HMA13:UP|HMA21:UP;3;0;True;False;;;;8;;8;8;;8;;False;UP;0,15000;0.32%;UP;-0,76000;1.69%;UP;-12,15000;27.01%
2026-05-11 15:00:00;4674,87000;4699,95000;4680,67517;4671,18683;4660,15770;4659,38700;4673,65611;4693,62179;4718,59874;4737,06341;4741,15470;4725,69695;;20,17987;29,49583;60,76670;20,51747;1,01673;UPTREND;ADVANCE_HMA89;False;;0;8;HMA8:UP|HMA13:UP|HMA21:UP;3;0;True;False;55,89;55,89;;8,55,89;;8;8,55,89;;55,89;;False;UP;10,32000;22.94%;UP;4,64000;10.31%;UP;-8,53000;18.95%
2026-05-11 16:00:00;4700,01000;4735,91000;4710,76837;4690,87488;4671,45846;4662,83630;4673,25417;4691,86805;4716,40404;4735,25950;4740,78367;4726,29325;;22,29345;29,16390;44,51981;39,30991;1,76329;UPTREND;;False;;0;8;HMA8:UP|HMA13:UP|HMA21:UP;3;0;True;False;8,55,89,116,144,233;8,55,89,116,144,233;;8,55,89,116,144,233;;8,233;8,116,144,233;;116,144,233;;False;UP;27,83000;61.84%;UP;12,72000;28.28%;UP;-3,33000;7.4%
2026-05-11 17:00:00;4735,97000;4725,54000;4732,87706;4711,30216;4685,30846;4668,70652;4674,17333;4690,90006;4714,68689;4733,76252;4740,57225;4727,00765;;22,34963;28,85568;44,53029;47,56859;2,12838;UPTREND;;False;;0;8;HMA8:UP|HMA13:UP|HMA21:UP;3;0;True;False;8,55,89,116,144,233;8,55,89,116,144,233;;8,55,89,116,144,233;8,144,233;8,233;;8,144,233;;8,144,233;True;UP;38,76000;86.13%;UP;20,41000;45.36%;UP;1,78000;3.96%
2026-05-11 18:00:00;4725,54000;4732,18000;4743,68341;4729,39672;4700,20840;4676,43895;4676,32182;4690,67032;4713,45383;4732,59093;4740,53541;4727,85162;;21,84752;28,56948;42,68175;43,47501;1,98993;UPTREND;;False;;0;8;HMA8:UP|HMA13:UP|HMA21:UP;3;0;True;False;8,13,55,89,116,144,233;8,13,55,89,116,144,233;;8,13,55,89,116,144,233;8,144,233;8,13,233;13,233;;13;;False;UP;41,98000;93.3%;UP;27,97000;62.17%;UP;7,74000;17.21%
2026-05-11 19:00:00;4732,21000;4716,50000;4739,55050;4738,34004;4712,18012;4684,17876;4678,97683;4690,86312;4712,47881;4731,61499;4740,58447;4728,76184;;22,10698;27,33482;42,90368;27,37038;1,23809;UPTREND;;False;;0;8;HMA8:DOWN|HMA13:UP|HMA21:UP;2;1;True;False;8,13,55,89,116,144,233;8,13,55,89,116,144,233;;8,13,55,89,116,144,233;8,13,144,233;8,13,233;;13,144,233;;13,144,233;True;DOWN;33,66000;74.79%;UP;30,81000;68.47%;UP;12,02000;26.72%
2026-05-11 20:00:00;4716,44000;4723,67000;4730,61035;4741,69451;4721,73586;4691,73854;4682,08297;4691,48291;4711,78951;4730,85741;4740,73920;4729,75135;;21,15434;26,18836;42,12366;19,95865;0,94348;UPTREND;;False;;0;8;HMA8:DOWN|HMA13:UP|HMA21:UP;2;1;True;False;8,13,21,55,89,116,144,233;8,13,21,55,89,116,144,233;;8,13,21,55,89,116,144,233;8,13,144,233;8,13,21,233;21;;21;;False;DOWN;13,20000;29.33%;UP;32,16000;71.46%;UP;15,99000;35.54%
2026-05-11 21:00:00;4723,68000;4724,84000;4725,72431;4740,50653;4729,33472;4698,80051;4685,46062;4692,44070;4711,34201;4730,28765;4740,98637;4730,81134;;20,24046;25,36423;41,75701;14,78221;0,73033;UPTREND;;False;;0;8;HMA8:DOWN|HMA13:DOWN|HMA21:UP;1;2;False;True;8,13,21,55,89,116,144,233;8,13,21,55,89,116,144,233;;8,13,21,55,89,116,144,233;8,13,144,233;8,13,21,233;21;;;;False;DOWN;-5,05000;11.22%;DOWN;29,72000;66.04%;UP;19,22000;42.7%
2026-05-11 22:00:00;4724,89000;4733,54000;4727,07415;4738,93692;4735,94684;4705,91164;4689,13080;4693,72657;4711,16857;4729,93370;4741,33880;4731,95696;;19,77471;24,94038;39,78058;11,86277;0,59990;UPTREND;;False;;0;8;HMA8:UP|HMA13:DOWN|HMA21:UP;2;1;True;False;8,13,21,55,89,116,144,233;8,13,21,55,89,116,144,233;;8,13,21,55,89,116,144,233;8,13,144,233;8,13,21,233;8,21,144,233;;144;;False;UP;-11,86000;26.35%;DOWN;22,05000;49.0%;UP;21,85000;48.56%
2026-05-11 23:00:00;4733,92000;4735,05000;4732,20520;4738,22266;4741,48899;4712,98273;4692,97053;4695,23252;4711,21654;4729,76595;4741,78250;4733,17683;;18,96866;24,66660;37,12043;9,28378;0,48943;UPTREND;;False;;0;8;HMA8:UP|HMA13:DOWN|HMA21:UP;2;1;True;False;8,13,21,55,89,116,144,233;8,13,21,55,89,116,144,233;;8,13,21,55,89,116,144,233;8,13,144,233;8,13,21,233;;;;;False;UP;-5,53000;12.29%;DOWN;13,31000;29.57%;UP;24,47000;54.39%
2026-05-12 01:00:00;4738,16000;4750,89000;4742,36126;4741,67187;4747,03233;4720,78740;4697,38475;4697,06650;4711,56776;4729,84440;4742,36386;4734,50131;;19,04447;25,17043;35,25945;5,36046;0,28147;UPTREND;;False;;0;8;HMA8:UP|HMA13:UP|HMA21:UP;3;0;True;False;8,13,21,55,89,116,144,188,233;8,13,21,55,89,116,144,188,233;;8,13,21,55,89,116,144,188,233;8,13,144,233;8,13,21,188,233;8,13,21,188;;188;;False;UP;8,77000;19.49%;UP;6,13000;13.63%;UP;25,65000;57.01%
2026-05-12 02:00:00;4751,48000;4767,41000;4757,66765;4750,68225;4753,55153;4729,71028;4702,68876;4699,35717;4712,30249;4730,21814;4743,12564;4735,96520;;19,34558;26,18093;31,62580;6,98540;0,36108;UPTREND;;False;;0;8;HMA8:UP|HMA13:UP|HMA21:UP;3;0;True;False;8,13,21,55,89,116,144,188,233;8,13,21,55,89,116,144,188,233;;8,13,21,55,89,116,144,188,233;8,13,144,233;8,13,21,188,233;8,21;;;;False;UP;22,43000;49.85%;UP;6,07000;13.49%;UP;25,77000;57.27%
2026-05-12 03:00:00;4767,35000;4749,25000;4762,58411;4757,16048;4758,01921;4738,01932;4708,21908;4701,80675;4713,18871;4730,71235;4743,94451;4737,48596;;19,72947;27,25929;32,92808;5,42363;0,27490;UPTREND;;False;;0;8;HMA8:UP|HMA13:UP|HMA21:UP;3;0;True;False;8,13,21,55,89,116,144,188,233;8,13,21,55,89,116,144,188,233;;8,13,21,55,89,116,144,188,233;8,13,21,144,233;8,13,21,188,233;;8,13,21;;8,13,21;True;UP;24,23000;53.84%;UP;7,44000;16.54%;UP;23,69000;52.64%
2026-05-12 04:00:00;4748,28000;4727,19000;4751,27704;4755,39367;4758,48345;4744,21959;4713,24352;4704,08139;4714,01330;4731,14534;4744,69074;4738,97337;;20,82665;26,26376;38,61424;7,20641;0,34602;DOWNTREND;REVERSAL_TO_HMA144;False;;0;;HMA8:DOWN|HMA13:DOWN|HMA21:UP;1;2;False;True;;;;;34,144,188,233;;;34,144,188,233;;34,144,188,233;False;DOWN;12,89000;28.66%;DOWN;6,79000;15.1%;UP;19,36000;43.02%
2026-05-12 05:00:00;4727,09000;4730,00000;4737,16043;4748,85368;4756,24330;4748,57370;4717,83331;4706,23295;4714,80804;4731,52091;4745,36084;4740,42073;;20,16689;25,33935;39,58553;19,08287;0,94625;DOWNTREND;;False;;0;;HMA8:DOWN|HMA13:DOWN|HMA21:DOWN;0;3;False;True;;;;;34,144,188,233;;;;;;False;DOWN;-3,69000;8.2%;DOWN;4,69000;10.41%;DOWN;15,53000;34.51%
2026-05-12 06:00:00;4730,02000;4720,14000;4723,31261;4739,22913;4751,38775;4750,65003;4721,68897;4708,11172;4715,48892;4731,78106;4745,90346;4741,78222;;19,79925;24,21673;50,46664;28,07514;1,41799;DOWNTREND;;False;;0;;HMA8:DOWN|HMA13:DOWN|HMA21:DOWN;0;3;False;True;8,55;;8,55;;8,34,55,144,188,233;8;;8,55;;8,55;False;DOWN;-23,45000;52.11%;DOWN;0,49000;1.08%;DOWN;11,20000;24.89%
2026-05-12 07:00:00;4720,14000;4714,11000;4712,91007;4728,00962;4744,79394;4750,51214;4724,70147;4709,65519;4716,00609;4731,89163;4746,30105;4743,02914;;19,75002;22,74226;51,11922;31,88386;1,61437;DOWNTREND;ADVANCE_HMA116;False;;0;;HMA8:DOWN|HMA13:DOWN|HMA21:DOWN;0;3;False;True;8,55,116;;8,55,116;;8,34,55,116,144,188,233;8;;8,116;;116;False;DOWN;-32,16000;71.47%;DOWN;-6,58000;14.62%;DOWN;6,66000;14.8%
2026-05-12 08:00:00;4713,91000;4714,25000;4708,83346;4717,46982;4737,59131;4748,85075;4726,95247;4710,89397;4716,37158;4731,86767;4746,56321;4744,15958;;19,30573;21,21742;49,65554;28,75784;1,48960;DOWNTREND;;False;;0;;HMA8:DOWN|HMA13:DOWN|HMA21:DOWN;0;3;False;True;8,55,116;;8,55,116;;8,34,55,116,144,188,233;8;;;;;False;DOWN;-28,79000;63.99%;DOWN;-16,00000;35.55%;DOWN;2,45000;5.44%
2026-05-12 09:00:00;4714,20000;4696,99000;4701,63843;4706,58719;4728,36999;4745,18770;4728,12292;4711,62970;4716,43421;4731,60496;4746,62310;4745,12355;;19,33675;20,42828;43,23878;26,73156;1,38242;DOWNTREND;;False;;0;;HMA8:DOWN|HMA13:DOWN|HMA21:DOWN;0;3;False;True;8,13,55,89,116;;8,13,55,89,116;;8,13,34,55,89,116,144,188,233;8,13;;8,13,89;;13,89;False;DOWN;-24,67000;54.82%;DOWN;-23,55000;52.34%;DOWN;-2,24000;4.99%
2026-05-12 10:00:00;4697,36000;4699,82000;4696,28257;4698,42145;4718,76363;4740,24991;4728,57770;4711,96770;4716,25445;4731,13965;4746,50595;4745,93795;;19,13127;20,06871;38,54515;22,48105;1,17509;DOWNTREND;;False;;0;;HMA8:DOWN|HMA13:DOWN|HMA21:DOWN;0;3;False;True;8,13,55,89,116;;8,13,55,89,116;8,13;8,13,34,55,89,116,144,188,233;8,13;8,13;;8,13;;True;DOWN;-19,45000;43.23%;DOWN;-26,40000;58.66%;DOWN;-6,77000;15.05%
2026-05-12 11:00:00;4699,64000;4703,29000;4695,96761;4693,74156;4710,02135;4734,89020;4728,60614;4712,03621;4715,89653;4730,51031;4746,24175;4746,62253;;18,43761;19,53446;38,64854;16,27978;0,88297;DOWNTREND;;False;;0;;HMA8:DOWN|HMA13:DOWN|HMA21:DOWN;0;3;False;True;8,13,55,89,116;;8,13,55,89,116;8,13;8,13,34,55,89,116,144,188,233;8,13;;;;;False;DOWN;-12,94000;28.75%;DOWN;-26,48000;58.85%;DOWN;-11,35000;25.22%
2026-05-12 12:00:00;4703,21000;4699,47000;4696,16993;4691,66977;4702,38092;4729,27843;4728,18749;4711,88684;4715,36676;4729,71228;4745,82668;4747,16950;;17,90278;19,20747;39,05775;10,71114;0,59830;DOWNTREND;;False;;0;;HMA8:UP|HMA13:DOWN|HMA21:DOWN;1;2;False;True;8,13,21,55,89,116;;8,13,21,55,89,116;8,13;8,13,21,34,55,89,116,144,188,233;8,13,21;;21;;21;False;UP;-10,03000;22.29%;DOWN;-23,88000;53.07%;DOWN;-15,95000;35.45%
2026-05-12 13:00:00;4699,48000;4694,35000;4695,41750;4690,15984;4696,17711;4723,47326;4727,27386;4711,53151;4714,67518;4728,73979;4745,25557;4747,56976;;18,28687;19,39411;39,56123;6,01727;0,32905;DOWNTREND;;False;;0;;HMA8:DOWN|HMA13:DOWN|HMA21:DOWN;0;3;False;True;8,13,21,55,89,116;;8,13,21,55,89,116;8,13;8,13,21,34,55,89,116,144,188,233;8,13,21;;8,21;;;False;DOWN;-4,86000;10.8%;DOWN;-19,03000;42.29%;DOWN;-18,68000;41.52%
2026-05-12 14:00:00;4694,34000;4706,58000;4698,81030;4691,89954;4692,86444;4718,42414;4726,30320;4711,18999;4713,98011;4727,70778;4744,60424;4747,87101;;18,54638;19,50710;41,53869;6,91075;0,37262;UPTREND;REVERSAL_TO_HMA8;False;;2;8,21;HMA8:UP|HMA13:UP|HMA21:DOWN;2;1;True;False;;;;8,21;;8;8,21;;8,21;;False;UP;1,95000;4.34%;UP;-12,94000;28.76%;DOWN;-19,48000;43.3%
2026-05-12 15:00:00;4706,66000;4705,66000;4702,89759;4695,68922;4691,61514;4713,96681;4725,26302;4710,89671;4713,28928;4726,64682;4743,88905;4748,07711;;18,77592;19,40755;41,78608;11,28246;0,60090;UPTREND;;False;;1;8,21;HMA8:UP|HMA13:UP|HMA21:DOWN;2;1;True;False;;;;8,21;;8;;;;;False;UP;5,27000;11.72%;UP;-5,53000;12.28%;DOWN;-18,99000;42.21%
2026-05-12 16:00:00;4705,52000;4679,05000;4695,50922;4694,08706;4689,07377;4708,55418;4723,45827;4710,31611;4712,37673;4725,41548;4743,01676;4748,11074;;19,71193;20,02368;39,62844;6,43546;0,32648;UPTREND;;False;;0;8,21;HMA8:DOWN|HMA13:DOWN|HMA21:DOWN;0;3;False;True;;;;8,21;8,13,21;8,13,21;;8,13,21;;8,13,21;False;DOWN;-0,48000;1.07%;DOWN;-2,10000;4.66%;DOWN;-17,54000;38.98%
2026-05-12 17:00:00;4679,35000;4672,83000;4682,43469;4687,42739;4685,02712;4702,24324;4720,79623;4709,42108;4711,22992;4724,00618;4741,98763;4747,96978;;20,11107;20,94309;44,20835;4,99270;0,24826;UPTREND;;False;;0;8,21;HMA8:DOWN|HMA13:DOWN|HMA21:DOWN;0;3;False;True;;;;8,21;8,13,21;8,13,21;;;;;False;DOWN;-9,17000;20.37%;DOWN;-3,00000;6.66%;DOWN;-16,55000;36.78%
2026-05-12 18:00:00;4672,75000;4666,06000;4669,01185;4677,83102;4679,38260;4695,08988;4717,22033;4708,19040;4709,83032;4722,41322;4740,79279;4747,65585;;21,37385;22,96288;40,44969;10,37075;0,48521;UPTREND;;False;;0;8,21;HMA8:DOWN|HMA13:DOWN|HMA21:DOWN;0;3;False;True;;;;8,21;8,13,21;8,13,21;;8;;;False;DOWN;-19,22000;42.7%;DOWN;-6,16000;13.69%;DOWN;-15,23000;33.85%
2026-05-12 19:00:00;4666,07000;4671,17000;4662,24191;4670,12683;4674,00417;4687,89612;4713,05289;4706,74951;4708,27748;4720,70486;4739,48122;4747,20599;;20,62786;24,83841;40,65027;11,76226;0,57021;UPTREND;;False;;0;8,21;HMA8:DOWN|HMA13:DOWN|HMA21:DOWN;0;3;False;True;8,13;8,13;;8,13,21;8,13,21;8,13,21;8,13;;13;;False;DOWN;-26,23000;58.29%;DOWN;-9,19000;20.43%;DOWN;-14,76000;32.81%
2026-05-12 20:00:00;4671,24000;4678,80000;4665,78767;4666,34917;4670,45963;4681,69097;4708,67408;4705,25083;4706,67029;4718,95751;4738,10713;4746,65856;;19,95516;25,92673;41,27016;4,67196;0,23412;UPTREND;;False;;0;8,21;HMA8:UP|HMA13:DOWN|HMA21:DOWN;1;2;False;True;8,13,21;8,13,21;;8,13,21;8,13,21;8,13,21;21;;21;;False;UP;-20,42000;45.38%;DOWN;-12,05000;26.77%;DOWN;-13,61000;30.24%
2026-05-12 21:00:00;4678,79000;4695,95000;4679,06131;4669,80006;4670,35909;4677,74193;4704,69415;4703,96400;4705,19286;4717,30411;4736,76118;4746,08066;;20,09051;25,69201;45,13301;9,26125;0,46098;UPTREND;;False;;0;8,21;HMA8:UP|HMA13:UP|HMA21:DOWN;2;1;True;False;8,13,21,34;8,13,21,34;;8,13,21,34;8,13,21;8,13,21;8,34;;34;;False;UP;-2,40000;5.34%;UP;-12,12000;26.94%;DOWN;-11,17000;24.82%
2026-05-12 22:00:00;4696,11000;4715,65000;4699,99831;4681,86002;4674,85526;4676,77751;4701,72627;4703,15066;4704,03593;4715,86892;4735,53791;4745,54092;;20,06261;24,32902;49,07116;25,14306;1,25323;UPTREND;ADVANCE_HMA116;False;;0;8,21;HMA8:UP|HMA13:UP|HMA21:UP;3;0;True;False;13,21,34,55,89,116;13,21,34,55,89,116;;8,13,21,34,55,89,116;8,13,21;8,13,21;8,55,89,116;;55,89,116;;False;UP;21,11000;46.92%;UP;-5,80000;12.89%;UP;-7,81000;17.36%
2026-05-12 23:00:00;4715,30000;4714,84000;4716,44683;4696,76288;4681,92748;4678,06674;4699,72720;4702,74559;4703,17144;4714,63395;4734,42543;4745,03600;;19,14028;22,85418;45,64944;34,51935;1,80349;UPTREND;;False;;0;8,21;HMA8:UP|HMA13:UP|HMA21:UP;3;0;True;False;13,21,34,55,89,116,144;13,21,34,55,89,116,144;;8,13,21,34,55,89,116,144;8,13,21;8,13,21;144;8;144;;False;UP;35,30000;78.44%;UP;4,65000;10.33%;UP;-4,26000;9.46%
2026-05-13 01:00:00;4715,63000;4717,00000;4724,69667;4710,52912;4690,17227;4680,97832;4698,60456;4702,74554;4702,59659;4713,60180;4733,42669;4744,57197;;18,47455;21,28949;43,21960;34,52439;1,86875;UPTREND;;False;;0;8,21;HMA8:UP|HMA13:UP|HMA21:UP;3;0;True;False;8,13,21,34,55,89,116,144;8,13,21,34,55,89,116,144;;8,13,21,34,55,89,116,144;8,13,21;8,13,21;8;;;;False;UP;38,56000;85.69%;UP;16,44000;36.52%;UP;-0,83000;1.86%
2026-05-13 02:00:00;4717,00000;4716,93000;4726,11865;4720,35529;4698,44162;4684,81438;4698,17481;4703,11033;4702,29582;4712,75798;4732,53522;4744,14352;;17,76922;19,78994;42,46642;27,67703;1,55758;UPTREND;;False;;0;8,21;HMA8:UP|HMA13:UP|HMA21:UP;3;0;True;False;8,13,21,34,55,89,116,144;8,13,21,34,55,89,116,144;;8,13,21,34,55,89,116,144;8,13,21;8,13,21;;13;;;False;UP;33,51000;74.46%;UP;25,23000;56.06%;UP;2,20000;4.89%
2026-05-13 03:00:00;4716,10000;4714,46000;4722,39980;4725,50710;4705,92564;4688,90718;4698,15824;4703,73186;4702,23192;4712,06988;4731,73230;4743,73889;;17,39571;18,58357;41,44407;19,58146;1,12565;UPTREND;;False;;0;8,21;HMA8:DOWN|HMA13:UP|HMA21:UP;2;1;True;False;8,13,21,34,55,89,116,144;8,13,21,34,55,89,116,144;;8,13,21,34,55,89,116,144;8,13,21;8,13,21;;;;;False;DOWN;17,85000;39.66%;UP;29,54000;65.65%;UP;5,53000;12.3%
2026-05-13 04:00:00;4714,68000;4702,52000;4713,67076;4723,98268;4711,08090;4692,26273;4698,06952;4704,37246;4702,25745;4711,45172;4730,95613;4743,31802;4704,80904;17,29459;17,88492;40,38043;12,90178;0,74600;DOWNTREND;REVERSAL_TO_HMA89;False;;2;8,21;HMA8:DOWN|HMA13:DOWN|HMA21:UP;1;2;False;True;;;;;8,21,89,144,377;8,144;;8,21,89,144,377;;89,144,377;False;DOWN;-2,30000;5.11%;DOWN;27,57000;61.27%;UP;8,57000;19.04%
2026-05-13 05:00:00;4702,49000;4692,01000;4701,34457;4716,23604;4712,96454;4694,39543;4697,55477;4704,82739;4702,24725;4710,83396;4730,16079;4742,84839;4705,63247;17,48212;17,96339;40,08373;14,89146;0,85181;DOWNTREND;ADVANCE_HMA34;False;;1;8,21;HMA8:DOWN|HMA13:DOWN|HMA21:UP;1;2;False;True;8,34,55,116;;8,34,55,116;;8,21,34,55,89,116,144,377;8,55,116,144;;8,34,55,116;;34,55,116;False;DOWN;-18,47000;41.04%;DOWN;18,15000;40.32%;UP;10,87000;24.16%
2026-05-13 06:00:00;4691,92000;4696,00000;4693,21937;4707,28818;4712,62601;4695,80916;4696,79056;4705,11263;4702,22045;4710,23356;4729,36882;4742,34552;4706,44347;17,44268;18,03625;39,35749;19,40664;1,11259;DOWNTREND;;False;;0;8,21;HMA8:DOWN|HMA13:DOWN|HMA21:DOWN;0;3;False;True;8,34,55,116;;8,34,55,116;8,34;8,21,34,55,89,116,144,377;8,55,116,144;8,34;;8,34;;False;DOWN;-25,25000;56.1%;DOWN;5,74000;12.76%;DOWN;12,49000;27.74%
2026-05-13 07:00:00;4695,97000;4699,55000;4691,80993;4700,49935;4711,03106;4696,93297;4696,01218;4705,23546;4702,18522;4709,65886;4728,59176;4741,82552;4707,24820;16,76034;18,10390;35,52840;19,22113;1,14682;DOWNTREND;;False;;0;8,21;HMA8:DOWN|HMA13:DOWN|HMA21:DOWN;0;3;False;True;8,34,55,116;;8,34,55,116;8,34,55;8,21,34,55,89,116,144,377;8,55,116,144;34,55;;34,55;;True;DOWN;-24,53000;54.5%;DOWN;-5,70000;12.66%;DOWN;13,61000;30.24%
2026-05-13 08:00:00;4699,55000;4703,95000;4695,86465;4697,43371;4709,22215;4698,18033;4695,42281;4705,24795;4702,15925;4709,12090;4727,84093;4741,30605;4708,05397;16,53246;17,83274;33,50523;13,35750;0,80796;DOWNTREND;;False;;0;8,21;HMA8:UP|HMA13:DOWN|HMA21:DOWN;1;2;False;True;8,34,55,116;;8,34,55,116;8,13,34,55,116;8,21,34,55,89,116,144,377;8,55,116,144;13,116;;13,116;;True;UP;-15,07000;33.49%;DOWN;-13,01000;28.91%;DOWN;13,23000;29.4%
2026-05-13 09:00:00;4703,96000;4701,63000;4700,32574;4696,56129;4707,19004;4699,56073;4694,99384;4705,13202;4702,11125;4708,58763;4727,09273;4740,77640;4708,85670;16,52157;16,92447;42,60210;10,62876;0,64333;DOWNTREND;;False;;0;8,21;HMA8:UP|HMA13:DOWN|HMA21:DOWN;1;2;False;True;8,34,55,116;;8,34,55,116;8,13,34,55,116;8,21,34,55,89,116,144,377;8,55,116,144;;116;;;False;UP;-0,88000;1.96%;DOWN;-16,28000;36.17%;DOWN;11,07000;24.61%
2026-05-13 10:00:00;4701,71000;4702,85000;4703,04648;4697,58824;4705,31029;4701,16307;4694,80506;4704,92064;4702,06540;4708,05588;4726,34220;4740,23681;4709,65764;16,20146;16,24636;47,36649;7,72204;0,47663;UPTREND;REVERSAL_TO_HMA116;False;;0;;HMA8:UP|HMA13:UP|HMA21:DOWN;2;1;True;False;;;;8,116;;8;8,116;;8,116;;False;UP;8,62000;19.16%;UP;-15,19000;33.76%;DOWN;8,21000;18.25%
2026-05-13 11:00:00;4702,79000;4700,65000;4703,19706;4699,06307;4703,48589;4702,62648;4694,81561;4704,59823;4702,01201;4707,50859;4725,57155;4739,67483;4710,45358;15,74421;15,77677;50,64707;4,42282;0,28092;UPTREND;;False;;0;;HMA8:UP|HMA13:UP|HMA21:DOWN;2;1;True;False;;;;8,116;34,116;8;;34,116;;34,116;True;UP;10,25000;22.78%;UP;-10,30000;22.9%;DOWN;4,83000;10.74%
2026-05-13 12:00:00;4700,69000;4700,88000;4702,02307;4700,31150;4701,96700;4703,80259;4695,00709;4704,18882;4701,96832;4706,95792;4724,78336;4739,08786;4711,24510;15,74248;15,92511;57,57692;1,71158;0,10872;UPTREND;;False;;0;;HMA8:DOWN|HMA13:UP|HMA21:DOWN;1;2;False;True;;;;8,116;34,116;8;;;;;False;DOWN;5,59000;12.41%;UP;-4,22000;9.39%;DOWN;1,28000;2.85%
2026-05-13 13:00:00;4700,89000;4694,15000;4698,47885;4699,46170;4700,19654;4704,18442;4695,13812;4703,62406;4701,88446;4706,37113;4723,95563;4738,45304;4712,01943;15,81659;15,28747;56,97746;1,71769;0,10860;DOWNTREND;REVERSAL_TO_HMA55;False;;2;8,13,21;HMA8:DOWN|HMA13:DOWN|HMA21:DOWN;0;3;False;True;;;;;8,13,21,55;8,13,21;;8,13,21,55;;8,13,21,55;False;DOWN;-1,67000;3.72%;DOWN;-0,63000;1.39%;DOWN;-2,07000;4.61%
2026-05-13 14:00:00;4694,14000;4697,39000;4696,11293;4698,16709;4698,79405;4704,00417;4695,26772;4702,97373;4701,80280;4705,78138;4723,11264;4737,78465;4712,77968;15,67541;14,85578;58,33711;2,68112;0,17104;DOWNTREND;;False;;1;8,13,21;HMA8:DOWN|HMA13:DOWN|HMA21:DOWN;0;3;False;True;;;;8,55;8,13,21,55;8,13,21;8,55;;8,55;;False;DOWN;-6,31000;14.02%;DOWN;0,45000;0.99%;DOWN;-4,48000;9.96%
2026-05-13 15:00:00;4697,16000;4683,80000;4690,40856;4694,13824;4696,30024;4702,56618;4695,01810;4702,07437;4701,59595;4705,11417;4722,20202;4737,04665;4713,50122;16,36288;15,44656;53,19465;5,89169;0,36006;DOWNTREND;;False;;0;8,13,21;HMA8:DOWN|HMA13:DOWN|HMA21:DOWN;0;3;False;True;8,13,21,55;;8,13,21,55;8,55;8,13,21,55;8,13,21,55;;8,13,21,55;;55;False;DOWN;-11,06000;24.57%;DOWN;-1,41000;3.14%;DOWN;-5,82000;12.92%
2026-05-13 16:00:00;4683,56000;4679,30000;4682,68539;4688,28637;4692,60864;4699,99958;4694,35272;4700,90979;4701,22550;4704,35883;4721,21797;4736,23399;4714,17552;16,98481;16,36710;51,36555;9,92325;0,58424;DOWNTREND;;False;;0;8,13,21;HMA8:DOWN|HMA13:DOWN|HMA21:DOWN;0;3;False;True;8,13,21,55;;8,13,21,55;8,55;8,13,21,55;8,13,21,55;;8;;;False;DOWN;-15,89000;35.31%;DOWN;-5,22000;11.59%;DOWN;-6,72000;14.94%
2026-05-13 17:00:00;4679,36000;4679,76000;4677,67109;4682,36062;4688,43783;4696,80320;4693,37758;4699,54298;4700,70956;4703,53305;4720,17811;4735,35829;4714,80294;17,06376;17,22190;59,30769;10,76674;0,63097;DOWNTREND;;False;;0;8,13,21;HMA8:DOWN|HMA13:DOWN|HMA21:DOWN;0;3;False;True;8,13,21,55;;8,13,21,55;8,55;8,13,21,55;8,13,21,55;8;;8;;True;DOWN;-16,95000;37.68%;DOWN;-9,27000;20.59%;DOWN;-7,54000;16.76%
2026-05-13 18:00:00;4680,00000;4695,48000;4681,52459;4681,25861;4686,00139;4694,25920;4692,60734;4698,23657;4700,20876;4702,74402;4719,16444;4734,48027;4715,40957;17,33277;17,15140;61,43025;4,74278;0,27363;DOWNTREND;;False;;0;8,13,21;HMA8:UP|HMA13:DOWN|HMA21:DOWN;1;2;False;True;8,13,21,55;;8,13,21,55;8,13,21,34,55;8,13,21,55;8,13,21,55;8,13,21,34,55;;8,13,21,34,55;;True;UP;-11,88000;26.41%;DOWN;-10,38000;23.07%;DOWN;-7,63000;16.96%
2026-05-13 19:00:00;4695,42000;4695,68000;4689,35770;4683,64345;4685,32196;4692,43974;4692,06614;4697,01370;4699,72697;4701,99388;4718,17842;4733,60622;4715,99718;17,15115;16,23987;60,58356;5,71425;0,33317;DOWNTREND;;False;;0;8,13,21;HMA8:UP|HMA13:UP|HMA21:DOWN;2;1;True;False;8,13,21,55;;8,13,21,55;8,13,21,34,55;8,13,21,55;8,13,21,55;;;;;False;UP;-0,88000;1.95%;UP;-8,74000;19.42%;DOWN;-7,27000;16.15%
2026-05-13 20:00:00;4695,71000;4685,55000;4691,71046;4685,40843;4684,84176;4690,83599;4691,50213;4695,75913;4699,17014;4701,22413;4717,17694;4732,70597;4716,55120;17,11464;16,09492;60,53513;6,86870;0,40133;DOWNTREND;;False;;0;8,13,21;HMA8:UP|HMA13:UP|HMA21:DOWN;2;1;True;False;8,13,21,34,55;;8,13,21,34,55;8,13,21,34,55;8,13,21,34,55;8,13,21,55;;8,34,55;;34;False;UP;7,51000;16.69%;UP;-7,08000;15.74%;DOWN;-6,82000;15.16%
2026-05-13 21:00:00;4685,54000;4684,93000;4689,91820;4686,13691;4684,32055;4689,42327;4690,90817;4694,50052;4698,54120;4700,44063;4716,16230;4731,77957;4717,07369;17,06145;16,38230;61,92643;5,59766;0,32809;DOWNTREND;;False;;0;8,13,21;HMA8:DOWN|HMA13:UP|HMA21:DOWN;1;2;False;True;8,13,21,34,55;;8,13,21,34,55;8,13,21,34,55;8,13,21,34,55;8,13,21,55;;13;;;False;DOWN;10,17000;22.61%;UP;-4,47000;9.93%;DOWN;-6,41000;14.24%
2026-05-13 22:00:00;4684,77000;4688,27000;4687,87437;4686,91037;4683,97343;4688,28264;4690,39376;4693,31649;4697,88496;4699,67221;4715,15533;4730,84062;4717,57308;16,35563;16,64916;60,88281;3,90094;0,23851;DOWNTREND;;False;;0;8,13,21;HMA8:DOWN|HMA13:UP|HMA21:DOWN;1;2;False;True;8,13,21,34,55;;8,13,21,34,55;8,13,21,34,55;8,13,21,34,55;8,13,21,55;8,13;;8,13;;True;DOWN;5,54000;12.32%;UP;-0,80000;1.79%;DOWN;-6,28000;13.95%
2026-05-13 23:00:00;4688,17000;4688,43000;4686,89783;4687,70717;4683,99455;4687,24041;4689,90692;4692,22893;4697,21179;4698,92660;4714,15988;4729,89241;4718,05233;15,71737;16,62064;63,63880;3,71262;0,23621;UPTREND;REVERSAL_TO_HMA34;False;;0;;HMA8:DOWN|HMA13:UP|HMA21:UP;2;1;True;False;;;;34;;;34;;34;;False;DOWN;-2,24000;4.98%;UP;3,24000;7.21%;UP;-5,89000;13.08%
2026-05-14 01:00:00;4692,10000;4700,10000;4691,89585;4690,38755;4685,73954;4686,97087;4689,69838;4691,42179;4696,63229;4698,28376;4713,23183;4728,97608;4718,53157;15,46042;15,94172;63,65258;6,15632;0,39820;UPTREND;;False;;0;;HMA8:UP|HMA13:UP|HMA21:UP;3;0;True;False;89,116,144;89,116,144;;34,89,116,144;;;89,116,144;;89,116,144;;False;UP;0,17000;0.38%;UP;5,62000;12.49%;UP;-4,83000;10.73%
2026-05-14 02:00:00;4699,88000;4696,58000;4696,75696;4693,27429;4688,22731;4687,17157;4689,56847;4690,82441;4696,10525;4697,72094;4712,35272;4728,08057;4719,00475;14,99324;15,16698;63,50068;8,52965;0,56890;UPTREND;;False;;0;;HMA8:UP|HMA13:UP|HMA21:UP;3;0;True;False;89,116,144;89,116,144;;34,89,116,144;8,116,144;;;8,116,144;;8,116,144;True;UP;6,51000;14.46%;UP;6,11000;13.58%;UP;-3,08000;6.85%
2026-05-14 03:00:00;4696,62000;4704,99000;4702,16030;4697,91469;4691,79140;4688,16573;4689,73904;4690,51608;4695,69290;4697,28972;4711,55862;4727,23417;4719,48537;15,15587;14,12401;63,76783;10,36890;0,68415;UPTREND;ADVANCE_HMA8;False;;0;;HMA8:UP|HMA13:UP|HMA21:UP;3;0;True;False;8,13,89,116,144;8,13,89,116,144;;8,13,34,89,116,144;8,116,144;8,13;8,13,144;;8,13,144;;False;UP;13,26000;29.47%;UP;7,83000;17.4%;UP;-0,31000;0.69%
2026-05-14 04:00:00;4704,98000;4688,73000;4700,24607;4699,03600;4693,87402;4688,79677;4689,76122;4690,23412;4695,21941;4696,88142;4710,76898;4726,38368;4719,94717;15,74116;13,57274;65,57935;6,37205;0,40480;UPTREND;;False;;0;;HMA8:DOWN|HMA13:UP|HMA21:UP;2;1;True;False;8,13,89,116,144;8,13,89,116,144;;8,13,34,89,116,144;8,13,21,34,55,89,116,144;8,13;;8,13,21,34,55,89,116,144;;8,13,21,34,55,89,116,144;True;DOWN;11,97000;26.6%;UP;7,78000;17.28%;UP;1,98000;4.4%
2026-05-14 05:00:00;4688,73000;4686,30000;4693,06898;4697,08631;4694,20330;4688,98346;4689,59775;4689,95028;4694,66132;4696,47496;4709,97464;4725,52378;4720,38777;16,01680;13,34997;66,52807;4,01732;0,25082;UPTREND;;False;;0;;HMA8:DOWN|HMA13:DOWN|HMA21:UP;1;2;False;True;8,13,89,116,144;8,13,89,116,144;;8,13,34,89,116,144;8,13,21,34,55,89,116,144;8,13;;;;;False;DOWN;1,05000;2.33%;DOWN;6,04000;13.43%;UP;2,93000;6.51%
2026-05-14 06:00:00;4686,40000;4675,00000;4682,84083;4690,87309;4692,22214;4688,17630;4688,98422;4689,51943;4693,93729;4695,99281;4709,12267;4724,62079;4720,79084;16,25702;13,62390;65,55266;9,38131;0,57706;DOWNTREND;REVERSAL_TO_HMA8;False;;0;8;HMA8:DOWN|HMA13:DOWN|HMA21:DOWN;0;3;False;True;;;;;8;8;;8;;8;False;DOWN;-12,08000;26.84%;DOWN;1,86000;4.13%;DOWN;2,43000;5.4%
2026-05-14 07:00:00;4674,99000;4702,46000;4684,63396;4689,36772;4691,91034;4688,25046;4688,75554;4689,31936;4693,33260;4695,60866;4708,33927;4723,76839;4721,20264;18,22795;13,11810;65,31818;7,27638;0,39919;DOWNTREND;;False;;0;8;HMA8:UP|HMA13:DOWN|HMA21:DOWN;1;2;False;True;;;;8,13,21,34,55,89,116,144;8;8;8,13,21,34,55,89,116,144;;8,13,21,34,55,89,116,144;;True;UP;-13,52000;30.04%;DOWN;-0,53000;1.19%;DOWN;2,22000;4.93%
2026-05-14 08:00:00;4702,62000;4689,60000;4688,70904;4688,68114;4691,72273;4688,36165;4688,51645;4689,13352;4692,72125;4695,23315;4707,55769;4722,92097;4721,60269;18,00524;12,64842;64,85600;3,04159;0,16893;DOWNTREND;;False;;0;8;HMA8:UP|HMA13:DOWN|HMA21:DOWN;1;2;False;True;21,116,144;;21,116,144;8,13,21,34,55,89,116,144;8,21,116,144;8,21,116,144;;21,116,144;;21,116,144;False;UP;-9,10000;20.22%;DOWN;-2,43000;5.41%;DOWN;2,35000;5.23%
2026-05-14 09:00:00;4689,61000;4700,20000;4694,59606;4690,90387;4692,70765;4689,25830;4688,58695;4689,08999;4692,20260;4694,93281;4706,82817;4722,11035;4722,00898;17,88201;11,95059;64,13926;3,69218;0,20647;UPTREND;REVERSAL_TO_HMA144;False;;2;8,13,21;HMA8:UP|HMA13:UP|HMA21:UP;3;0;True;False;;;;8,13,21,116,144;;8,13,21;8,13,21,116,144;;8,13,21,116,144;;False;UP;1,22000;2.72%;UP;-3,74000;8.31%;UP;2,80000;6.21%
2026-05-14 10:00:00;4699,43000;4693,03000;4697,86413;4692,64299;4693,52306;4690,29534;4688,72515;4689,06469;4691,70422;4694,64999;4706,11635;4721,30905;4722,40959;18,58758;12,49010;61,21982;5,22114;0,28089;UPTREND;;False;;1;8,13,21;HMA8:UP|HMA13:UP|HMA21:UP;3;0;True;False;;;;8,13,21,116,144;8,21,144;8,13,21;;8,21,144;;8,21,144;False;UP;11,42000;25.39%;UP;-3,28000;7.29%;UP;2,93000;6.52%
2026-05-14 11:00:00;4692,30000;4693,29000;4696,45598;4694,27565;4693,68986;4691,31248;4688,96013;4689,06453;4691,22858;4694,37781;4705,42199;4720,52007;4722,80542;18,29347;12,99107;60,89113;2,76613;0,15121;UPTREND;;False;;0;8,13,21;HMA8:DOWN|HMA13:UP|HMA21:UP;2;1;True;False;13;13;;8,13,21,116,144;8,21,144;8,13,21;13;;;;False;DOWN;9,18000;20.39%;UP;-1,47000;3.26%;UP;2,49000;5.53%
2026-05-14 12:00:00;4693,34000;4699,55000;4697,28030;4696,46303;4694,38615;4692,38238;4689,42252;4689,17069;4690,84465;4694,14673;4704,77153;4719,76555;4723,20559;17,99036;13,08715;60,53654;2,89415;0,16087;UPTREND;;False;;0;8,13,21;HMA8:UP|HMA13:UP|HMA21:UP;3;0;True;False;8,13,21,144;8,13,21,144;;8,13,21,116,144;8,21,144;8,13,21;8,13,21,144;;144;;False;UP;6,79000;15.09%;UP;2,96000;6.59%;UP;1,96000;4.36%
2026-05-14 13:00:00;4699,60000;4697,00000;4697,70472;4697,66393;4695,08497;4693,40750;4689,97967;4689,35384;4690,52904;4693,93157;4704,14926;4719,03502;4723,60415;17,71819;13,39143;61,59649;2,61976;0,14786;UPTREND;;False;;0;8,13,21;HMA8:UP|HMA13:UP|HMA21:UP;3;0;True;False;8,13,21,144;8,13,21,144;;8,13,21,116,144;8,13,21,144;8,13,21;;8,13;;8,13;True;UP;2,51000;5.58%;UP;4,46000;9.92%;UP;1,06000;2.37%
2026-05-14 14:00:00;4697,09000;4694,36000;4696,68281;4697,85537;4695,77383;4694,18424;4690,47194;4689,56336;4690,27017;4693,71353;4703,54076;4718,31801;4723,99516;17,55547;13,47181;62,77553;2,08154;0,11857;UPTREND;;False;;0;8,13,21;HMA8:DOWN|HMA13:UP|HMA21:UP;2;1;True;False;8,13,21,144;8,13,21,144;;8,13,21,116,144;8,13,21,144;8,13,21;;8,21;;8,21;True;DOWN;-0,96000;2.14%;UP;4,98000;11.06%;UP;0,62000;1.38%
2026-05-14 15:00:00;4693,59000;4704,93000;4699,71746;4699,33002;4697,48457;4695,36025;4691,21953;4689,91801;4690,16780;4693,55736;4702,99605;4717,64784;4724,39506;17,56436;13,95606;63,57190;2,23289;0,12713;UPTREND;ADVANCE_HMA188;False;;0;8,13,21;HMA8:UP|HMA13:UP|HMA21:UP;3;0;True;False;8,13,21,34,188;8,13,21,34,188;;8,13,21,34,116,144,188;8,13,21,144;8,13,21,34;8,13,21,34,144,188;;34,144,188;;False;UP;2,66000;5.91%;UP;4,57000;10.16%;UP;1,07000;2.38%
2026-05-14 16:00:00;4705,06000;4679,51000;4693,58074;4696,42982;4696,86392;4695,36752;4691,47639;4690,02034;4689,97074;4693,29782;4702,39797;4716,94008;4724,76220;19,24833;13,75481;66,27934;3,28318;0,17057;DOWNTREND;REVERSAL_TO_HMA116;False;;2;8,13,21;HMA8:DOWN|HMA13:DOWN|HMA21:DOWN;0;3;False;True;;;;;8,13,21,34,55,89,116,144,188;8,13,21,116,144,188;;8,13,21,34,55,89,116,144,188;;8,13,21,34,55,89,116,144,188;False;DOWN;-2,75000;6.11%;DOWN;1,88000;4.17%;DOWN;1,38000;3.07%
2026-05-14 17:00:00;4678,34000;4679,46000;4684,26107;4690,94065;4694,40559;4694,43629;4691,34718;4689,89841;4689,67462;4692,93850;4701,75651;4716,20045;4725,09670;19,53060;13,56794;67,02212;10,14452;0,51942;DOWNTREND;;False;;1;8,13,21;HMA8:DOWN|HMA13:DOWN|HMA21:DOWN;0;3;False;True;;;;;8,13,21,34,55,89,116,144,188;8,13,21,116,144,188;;;;;False;DOWN;-9,76000;21.7%;DOWN;-1,63000;3.62%;DOWN;0,73000;1.63%
2026-05-14 18:00:00;4679,57000;4685,76000;4680,55561;4685,86235;4691,64105;4693,19390;4691,06500;4689,64816;4689,35989;4692,52312;4701,10489;4715,45407;4725,40858;19,02270;13,43893;65,64154;11,08543;0,58275;DOWNTREND;;False;;0;8,13,21;HMA8:DOWN|HMA13:DOWN|HMA21:DOWN;0;3;False;True;;;;8;8,13,21,34,55,89,116,144,188;8,13,21,116,144,188;8;;8;;False;DOWN;-11,97000;26.59%;DOWN;-5,31000;11.79%;DOWN;-0,02000;0.05%
2026-05-14 19:00:00;4685,76000;4678,49000;4677,25252;4681,34935;4688,08545;4691,43704;4690,47333;4689,19265;4688,96026;4692,00314;4700,41320;4714,68322;4725,68603;18,85322;13,80932;65,26013;10,83293;0,57459;DOWNTREND;;False;;0;8,13,21;HMA8:DOWN|HMA13:DOWN|HMA21:DOWN;0;3;False;True;8,13;;8,13;8;8,13,21,34,55,89,116,144,188;8,13,21,116,144,188;;8,13;;;False;DOWN;-16,59000;36.86%;DOWN;-8,21000;18.24%;DOWN;-1,40000;3.12%
2026-05-14 20:00:00;4678,66000;4678,17000;4676,18330;4677,71815;4684,71910;4689,39124;4689,64115;4688,55778;4688,49096;4691,39695;4699,67943;4713,88950;4725,92909;17,97942;14,15326;63,56471;8,53581;0,47475;DOWNTREND;;False;;0;8,13,21;HMA8:DOWN|HMA13:DOWN|HMA21:DOWN;0;3;False;True;8,13;;8,13;8,13;8,13,21,34,55,89,116,144,188;8,13,21,116,144,188;13;;13;;True;DOWN;-13,60000;30.22%;DOWN;-10,57000;23.5%;DOWN;-2,80000;6.23%
2026-05-14 21:00:00;4678,28000;4671,61000;4673,93400;4673,57203;4680,91807;4687,07486;4688,45477;4687,69520;4687,90375;4690,67565;4698,88263;4713,05339;4726,12891;17,49732;15,11755;58,85060;7,34604;0,41984;DOWNTREND;;False;;0;8,13,21;HMA8:DOWN|HMA13:DOWN|HMA21:DOWN;0;3;False;True;8,13;;8,13;8,13;8,13,21,34,55,89,116,144,188;8,13,21,116,144,188;;8,13;;;False;DOWN;-8,39000;18.65%;DOWN;-13,79000;30.63%;DOWN;-4,17000;9.28%
2026-05-14 22:00:00;4671,61000;4654,15000;4664,16381;4666,93750;4675,06143;4683,61436;4686,53292;4686,43186;4687,05372;4689,75179;4697,95119;4712,11954;4726,25965;17,58179;16,80388;50,67102;10,89762;0,61982;DOWNTREND;;False;;0;8,13,21;HMA8:DOWN|HMA13:DOWN|HMA21:DOWN;0;3;False;True;8,13;;8,13;8,13;8,13,21,34,55,89,116,144,188;8,13,21,116,144,188;;8,13;;;False;DOWN;-13,12000;29.16%;DOWN;-15,62000;34.71%;DOWN;-6,27000;13.94%
2026-05-14 23:00:00;4654,23000;4651,04000;4653,59131;4658,83266;4668,04138;4679,16920;4684,02773;4684,81349;4685,95430;4688,63285;4696,88960;4711,08872;4726,32016;17,21738;18,77927;45,32978;14,45007;0,83927;DOWNTREND;;False;;0;8,13,21;HMA8:DOWN|HMA13:DOWN|HMA21:DOWN;0;3;False;True;8,13;;8,13;8,13;8,13,21,34,55,89,116,144,188;8,13,21,116,144,188;;8;;;False;DOWN;-18,96000;42.14%;DOWN;-17,27000;38.37%;DOWN;-8,93000;19.84%
2026-05-15 01:00:00;4652,26000;4662,37000;4651,18106;4653,71921;4662,08963;4674,74259;4681,38662;4683,07806;4684,75389;4687,41961;4695,76603;4710,00557;4726,33105;17,16042;19,95608;48,25570;10,90857;0,63568;DOWNTREND;;False;;0;8,13,21;HMA8:DOWN|HMA13:DOWN|HMA21:DOWN;0;3;False;True;8,13;;8,13;8,13,21;8,13,21,34,55,89,116,144,188;8,13,21,116,144,188;8,13,21;;8,13,21;;True;DOWN;-20,01000;44.48%;DOWN;-17,34000;38.53%;DOWN;-11,11000;24.68%
2026-05-15 02:00:00;4662,13000;4652,07000;4650,10574;4649,80557;4656,49112;4670,01885;4678,40376;4681,16529;4683,38616;4686,07199;4694,54657;4708,84424;4726,27750;17,24968;20,76982;48,88663;6,68555;0,38758;DOWNTREND;;False;;0;8,13,21;HMA8:DOWN|HMA13:DOWN|HMA21:DOWN;0;3;False;True;8,13,21;;8,13,21;8,13,21;8,13,21,34,55,89,116,144,188;8,13,21,116,144,188;;13,21;;;False;DOWN;-19,05000;42.34%;DOWN;-16,95000;37.67%;DOWN;-13,37000;29.71%
2026-05-15 03:00:00;4651,62000;4630,05000;4641,55769;4642,51192;4649,61993;4664,11005;4674,63694;4678,83161;4681,69764;4684,48146;4693,15014;4707,54223;4726,12611;19,19542;22,93004;38,94206;8,06224;0,42001;DOWNTREND;;False;;0;8,13,21;HMA8:DOWN|HMA13:DOWN|HMA21:DOWN;0;3;False;True;8,13,21;;8,13,21;8,13,21;8,13,21,34,55,89,116,144,188;8,13,21,116,144,188;;8,13,21;;;False;DOWN;-16,41000;36.46%;DOWN;-17,00000;37.77%;DOWN;-13,83000;30.73%
2026-05-15 04:00:00;4629,93000;4613,94000;4625,79413;4630,78772;4640,43106;4656,75410;4669,88606;4675,94559;4679,59238;4682,58841;4691,52850;4706,06217;4725,85727;19,57003;25,13859;37,84394;14,63693;0,74793;DOWNTREND;;False;;0;8,13,21;HMA8:DOWN|HMA13:DOWN|HMA21:DOWN;0;3;False;True;8,13,21;;8,13,21;8,13,21;8,13,21,34,55,89,116,144,188;8,13,21,116,144,188;;8;;;False;DOWN;-19,55000;43.44%;DOWN;-20,02000;44.49%;DOWN;-15,42000;34.26%
2026-05-15 05:00:00;4613,86000;4618,08000;4613,36470;4619,99548;4630,65810;4648,77713;4664,56434;4672,68355;4677,17821;4680,47727;4689,72985;4704,43673;4725,48404;19,17503;27,18938;37,65352;17,29340;0,90187;DOWNTREND;;False;;0;8,13,21;HMA8:DOWN|HMA13:DOWN|HMA21:DOWN;0;3;False;True;8,13,21;;8,13,21;8,13,21;8,13,21,34,55,89,116,144,188;8,13,21,116,144,188;8;;8;;True;DOWN;-26,25000;58.32%;DOWN;-22,20000;49.32%;DOWN;-17,64000;39.21%
2026-05-15 06:00:00;4617,99000;4615,47000;4607,39548;4611,50250;4621,42102;4640,50039;4658,85982;4669,11199;4674,49492;4678,17409;4687,77326;4702,67609;4725,00924;18,86753;29,15677;38,11010;14,02554;0,74337;DOWNTREND;;False;;0;8,13,21;HMA8:DOWN|HMA13:DOWN|HMA21:DOWN;0;3;False;True;8,13,21;;8,13,21;8,13,21;8,13,21,34,55,89,116,144,188;8,13,21,116,144,188;;13;;;False;DOWN;-29,51000;65.57%;DOWN;-22,69000;50.42%;DOWN;-19,46000;43.24%
2026-05-15 07:00:00;4615,43000;4605,76000;4603,42009;4603,78866;4612,69375;4631,99293;4652,69730;4665,20458;4671,51145;4675,65815;4685,63797;4700,76727;4724,42405;18,74627;31,08678;36,23975;9,27366;0,49469;DOWNTREND;;False;;0;8,13,21;HMA8:DOWN|HMA13:DOWN|HMA21:DOWN;0;3;False;True;8,13,21;;8,13,21;8,13,21;8,13,21,34,55,89,116,144,188;8,13,21,116,144,188;;8,13,21;;;False;DOWN;-26,96000;59.91%;DOWN;-23,94000;53.19%;DOWN;-21,02000;46.71%
2026-05-15 08:00:00;4606,05000;4558,81000;4583,75293;4588,03941;4600,13267;4621,26081;4645,04197;4660,44401;4667,86196;4672,67927;4683,13890;4698,58271;4723,66163;20,81654;33,93651;28,27049;16,37974;0,78686;DOWNTREND;;False;;0;8,13,21;HMA8:DOWN|HMA13:DOWN|HMA21:DOWN;0;3;False;True;8,13,21;;8,13,21;8,13,21;8,13,21,34,55,89,116,144,188;8,13,21,116,144,188;;8,13,21;;;False;DOWN;-26,79000;59.53%;DOWN;-26,31000;58.47%;DOWN;-21,21000;47.13%
2026-05-15 09:00:00;4558,81000;4569,98000;4566,16004;4573,00093;4587,02726;4609,91323;4636,65905;4655,14662;4663,76338;4669,37888;4680,37337;4696,18678;4722,75240;21,04607;36,62069;29,87146;20,86722;0,99150;DOWNTREND;;False;;0;8,13,21;HMA8:DOWN|HMA13:DOWN|HMA21:DOWN;0;3;False;True;8,13,21;;8,13,21;8,13,21;8,13,21,34,55,89,116,144,188;8,13,21,116,144,188;8;;8;;True;DOWN;-29,28000;65.07%;DOWN;-28,83000;64.07%;DOWN;-22,70000;50.44%
2026-05-15 10:00:00;4570,06000;4570,85000;4558,57728;4561,91449;4574,81387;4598,64759;4627,92217;4649,46267;4659,30883;4665,82427;4677,38468;4693,60847;4721,70915;21,16850;38,31060;31,81786;16,23659;0,76702;DOWNTREND;;False;;0;8,13,21;HMA8:DOWN|HMA13:DOWN|HMA21:DOWN;0;3;False;True;8,13,21;;8,13,21;8,13,21;8,13,21,34,55,89,116,144,188;8,13,21,116,144,188;13;;13;;True;DOWN;-29,97000;66.59%;DOWN;-28,47000;63.27%;DOWN;-23,77000;52.82%
2026-05-15 11:00:00;4570,74000;4554,35000;4551,60298;4552,43404;4562,82868;4587,08237;4618,62274;4643,32316;4654,43011;4661,96719;4674,13595;4690,82206;4720,51669;21,20289;40,21292;33,28576;11,22570;0,52944;DOWNTREND;;False;;0;8,13,21;HMA8:DOWN|HMA13:DOWN|HMA21:DOWN;0;3;False;True;8,13,21;;8,13,21;8,13,21;8,13,21,34,55,89,116,144,188;8,13,21,116,144,188;;8,13,21;;;False;DOWN;-31,42000;69.83%;DOWN;-27,97000;62.16%;DOWN;-25,09000;55.75%
2026-05-15 12:00:00;4554,56000;4545,71000;4545,79835;4542,92722;4551,79234;4575,46089;4608,81338;4636,77256;4649,16358;4657,80964;4670,63153;4687,82872;4719,17471;21,96911;42,30506;32,36565;8,86513;0,40353;DOWNTREND;;False;;0;8,13,21;HMA8:DOWN|HMA13:DOWN|HMA21:DOWN;0;3;False;True;8,13,21;;8,13,21;8,13,21;8,13,21,34,55,89,116,144,188;8,13,21,116,144,188;;8,13,21;;;False;DOWN;-23,36000;51.91%;DOWN;-27,49000;61.08%;DOWN;-25,48000;56.62%
2026-05-15 13:00:00;4545,73000;4566,07000;4549,38165;4540,17753;4544,40117;4565,63447;4599,35450;4630,22175;4643,81034;4653,53762;4667,00266;4684,72476;4717,72764;22,42775;43,49178;35,26218;9,20411;0,41039;DOWNTREND;;False;;0;8,13,21;HMA8:UP|HMA13:DOWN|HMA21:DOWN;1;2;False;True;8,13,21;;8,13,21;8,13,21,34;8,13,21,34,55,89,116,144,188;8,13,21,116,144,188;8,21,34;;8,21,34;;True;UP;-10,59000;23.54%;DOWN;-25,30000;56.22%;DOWN;-25,13000;55.85%
2026-05-15 14:00:00;4565,96000;4551,94000;4551,24322;4540,72877;4538,76847;4556,67348;4590,07807;4623,54980;4638,30891;4649,11246;4663,21577;4681,48916;4716,16329;22,27648;44,59373;36,12792;12,47475;0,56000;DOWNTREND;;False;;0;8,13,21;HMA8:UP|HMA13:UP|HMA21:DOWN;2;1;True;False;8,13,21,34;;8,13,21,34;8,13,21,34;8,13,21,34,55,89,116,144,188;8,13,21,116,144,188;;34;;34;False;UP;-4,71000;10.46%;UP;-19,49000;43.32%;DOWN;-24,53000;54.51%
2026-05-15 15:00:00;4551,19000;4545,88000;4549,17319;4540,99498;4534,36791;4548,43893;4581,04944;4616,77315;4632,67141;4644,54965;4659,28250;4678,12661;4714,48407;21,75102;45,75905;35,96359;14,80527;0,68067;DOWNTREND;;False;;0;8,13,21;HMA8:DOWN|HMA13:UP|HMA21:DOWN;1;2;False;True;8,13,21,34;;8,13,21,34;8,13,21,34;8,13,21,34,55,89,116,144,188;8,13,21,34,116,144,188;;8,34;;34;False;DOWN;-1,60000;3.55%;UP;-13,78000;30.62%;DOWN;-23,88000;53.06%
2026-05-15 16:00:00;4546,75000;4533,42000;4541,82950;4537,56831;4529,89387;4540,53129;4572,00606;4609,82874;4626,85967;4639,81495;4655,18475;4674,62181;4712,68225;23,46737;47,43296;35,35998;11,93563;0,50861;DOWNTREND;;False;;0;8,13,21;HMA8:DOWN|HMA13:DOWN|HMA21:DOWN;0;3;False;True;8,13,21,34;;8,13,21,34;8,13,21,34;8,13,21,34,55,89,116,144,188;8,13,21,34,116,144,188;;8,13,21,34;;;False;DOWN;-2,42000;5.38%;DOWN;-9,81000;21.8%;DOWN;-21,31000;47.35%
2026-05-15 17:00:00;4533,39000;4562,78000;4544,57385;4539,75456;4528,94420;4534,76838;4563,91464;4603,22538;4621,22760;4635,13636;4651,09067;4671,09891;4710,81754;24,72256;48,25066;42,61818;15,62965;0,63220;UPTREND;REVERSAL_TO_HMA8;False;;2;8,13;HMA8:UP|HMA13:UP|HMA21:DOWN;2;1;True;False;;;;8,13,34;;8,13;8,13,34;;8,13,34;;False;UP;-2,78000;6.19%;UP;-4,89000;10.86%;DOWN;-18,71000;41.59%
2026-05-15 18:00:00;4562,85000;4539,64000;4544,94911;4540,62635;4528,72915;4529,54813;4556,17957;4596,64585;4615,59868;4630,39596;4646,91600;4667,50485;4708,86281;25,08595;49,00996;45,87143;16,21996;0,64658;UPTREND;;False;;1;8,13;HMA8:UP|HMA13:UP|HMA21:DOWN;2;1;True;False;;;;8,13,34;8,13,55;8,13;;8,13,55;;8,13,55;False;UP;-3,59000;7.98%;UP;-0,88000;1.95%;DOWN;-15,89000;35.31%
2026-05-15 19:00:00;4539,90000;4544,35000;4543,89670;4541,11904;4529,42338;4525,44196;4548,99458;4590,19992;4610,03591;4625,66478;4642,71454;4663,87517;4706,83597;24,62481;49,81380;46,70507;14,47332;0,58775;UPTREND;;False;;0;8,13;HMA8:DOWN|HMA13:UP|HMA21:UP;2;1;True;False;8,13;8,13;;8,13,34;8,13,55;8,13;8,13;;;;False;DOWN;-3,07000;6.81%;UP;0,37000;0.81%;UP;-13,17000;29.26%
2026-05-15 20:00:00;4544,53000;4559,53000;4550,14835;4544,20597;4532,32400;4523,32914;4542,78980;4584,12879;4604,70403;4621,06843;4638,58322;4660,27368;4704,77079;24,38232;49,21970;47,60060;17,82435;0,73104;UPTREND;ADVANCE_HMA55;False;;0;8,13;HMA8:UP|HMA13:UP|HMA21:UP;3;0;True;False;13,55;13,55;;8,13,34,55;8,13,55;8,13;8,55;;55;;False;UP;4,88000;10.83%;UP;1,36000;3.03%;UP;-9,89000;21.97%
2026-05-15 21:00:00;4559,52000;4559,21000;4555,98430;4549,49559;4536,29834;4522,85801;4537,54574;4578,41603;4599,60866;4616,59972;4634,53951;4656,71166;4702,67609;23,40430;48,66804;52,54391;19,68596;0,84113;UPTREND;;False;;0;8,13;HMA8:UP|HMA13:UP|HMA21:UP;3;0;True;False;13,55;13,55;;8,13,34,55;8,13,55;8,13;;;;;False;UP;6,95000;15.44%;UP;3,46000;7.7%;UP;-6,47000;14.37%
2026-05-15 22:00:00;4559,41000;4545,77000;4555,31798;4552,11542;4539,59363;4522,80427;4532,84167;4572,85810;4594,61851;4612,17445;4630,52420;4653,15802;4700,53895;22,81471;48,39626;56,99298;15,72435;0,68922;UPTREND;;False;;0;8,13;HMA8:DOWN|HMA13:UP|HMA21:UP;2;1;True;False;13,55;13,55;;8,13,34,55;8,13,55;8,13;;8,13;;8,13;True;DOWN;6,48000;14.4%;UP;6,07000;13.48%;UP;-3,06000;6.8%
2026-05-15 23:00:00;4545,84000;4539,44000;4548,86789;4550,08800;4541,15875;4522,93018;4528,50455;4567,40625;4589,67541;4607,76337;4626,51982;4649,60561;4698,35693;22,12723;48,50093;55,78797;8,92925;0,40354;DOWNTREND;REVERSAL_TO_HMA21;False;;0;21;HMA8:DOWN|HMA13:DOWN|HMA21:UP;1;2;False;True;;;;;21;;;21;;21;False;DOWN;3,21000;7.14%;DOWN;4,45000;9.89%;UP;-0,84000;1.87%
2026-05-18 01:00:00;4531,00000;4546,12000;4543,84133;4547,87496;4542,11845;4523,55593;4524,68495;4562,17398;4584,86663;4603,41548;4622,57010;4646,08051;4696,14726;22,44671;47,87393;65,18771;5,75652;0,25645;DOWNTREND;;False;;0;21;HMA8:DOWN|HMA13:DOWN|HMA21:UP;1;2;False;True;;;;8,21;21;;8,21;;8,21;;True;DOWN;-4,02000;8.93%;DOWN;3,08000;6.85%;UP;0,86000;1.9%
2026-05-18 02:00:00;4546,05000;4537,12000;4538,92552;4544,26723;4541,85580;4524,09133;4521,19917;4557,04785;4580,11467;4599,07491;4618,63988;4642,55889;4693,90194;21,98195;47,29170;64,54465;5,34172;0,24300;DOWNTREND;;False;;0;21;HMA8:DOWN|HMA13:DOWN|HMA21:DOWN;0;3;False;True;8,13,21;;8,13,21;8,21;8,13,21;8,13,21;;8,13,21;;8,13,21;False;DOWN;-10,98000;24.4%;DOWN;1,37000;3.04%;DOWN;1,95000;4.34%
2026-05-18 03:00:00;4537,28000;4515,98000;4527,61530;4535,69511;4538,73668;4523,41791;4517,48703;4551,74278;4575,23389;4594,62816;4614,63972;4638,97960;4691,59428;24,85109;48,10831;52,08161;11,12139;0,44752;DOWNTREND;ADVANCE_HMA55;False;;0;21;HMA8:DOWN|HMA13:DOWN|HMA21:DOWN;0;3;False;True;8,13,34,55;;8,13,34,55;8,21;8,13,21,34,55;8,13,21,34,55;;8,13,34,55;;34,55;False;DOWN;-15,57000;34.61%;DOWN;-3,27000;7.26%;DOWN;2,04000;4.53%
2026-05-18 04:00:00;4515,16000;4525,37000;4520,61948;4527,35099;4534,69398;4522,49372;4513,90979;4546,46304;4570,33293;4590,15972;4610,63395;4635,38102;4689,24705;26,36530;48,86659;54,84077;14,07450;0,53383;DOWNTREND;;False;;0;21;HMA8:DOWN|HMA13:DOWN|HMA21:DOWN;0;3;False;True;8,13,34,55;;8,13,34,55;8,21,34,55;8,13,21,34,55;8,13,21,34,55;8,34,55;;8,34,55;;True;DOWN;-15,00000;33.32%;DOWN;-7,97000;17.71%;DOWN;1,25000;2.78%
2026-05-18 05:00:00;4525,20000;4533,63000;4521,90519;4523,37183;4531,34991;4521,95253;4510,80739;4541,34067;4565,52368;4585,73775;4606,67356;4631,79338;4686,87640;25,95921;49,02145;56,41590;9,44472;0,36383;DOWNTREND;;False;;0;21;HMA8:UP|HMA13:DOWN|HMA21:DOWN;1;2;False;True;8,13,34,55;;8,13,34,55;8,13,21,34,55;8,13,21,34,55;8,13,21,34,55;13,21;;13,21;;True;UP;-11,93000;26.51%;DOWN;-10,46000;23.24%;DOWN;0,58000;1.29%
2026-05-18 06:00:00;4533,65000;4541,05000;4529,58774;4524,92065;4529,71739;4522,14227;4508,46938;4536,49922;4560,87814;4581,41307;4602,79837;4628,24667;4684,49749;25,72569;48,77807;57,17919;4,79674;0,18646;UPTREND;REVERSAL_TO_HMA89;False;;0;;HMA8:UP|HMA13:UP|HMA21:DOWN;2;1;True;False;;;;89;;;89;;89;;False;UP;-5,19000;11.52%;UP;-9,26000;20.58%;DOWN;0,07000;0.15%
2026-05-18 07:00:00;4541,04000;4540,64000;4538,27396;4528,82589;4529,55630;4522,94908;4506,87405;4531,96109;4556,39258;4577,19755;4599,00362;4624,74083;4682,11262;25,27814;48,41901;54,52896;9,44808;0,37376;UPTREND;;False;;0;;HMA8:UP|HMA13:UP|HMA21:DOWN;2;1;True;False;;;;89;;;;;;;False;UP;6,02000;13.37%;UP;-7,16000;15.91%;DOWN;-0,63000;1.39%
2026-05-18 08:00:00;4540,78000;4530,89000;4539,31252;4531,39966;4529,24321;4523,79219;4505,70371;4527,62755;4551,99534;4573,03057;4595,25257;4621,24462;4679,70819;25,04399;47,89273;53,46931;10,06931;0,40206;UPTREND;;False;;0;;HMA8:UP|HMA13:UP|HMA21:DOWN;2;1;True;False;;;;89;8,13,89;;;8,13,89;;8,13,89;True;UP;10,57000;23.49%;UP;-4,89000;10.88%;DOWN;-1,61000;3.59%
2026-05-18 09:00:00;4530,82000;4546,78000;4542,00806;4536,28618;4530,55580;4525,34656;4505,38881;4523,73512;4547,86161;4569,02033;4591,61899;4617,80862;4677,31148;24,56085;47,41187;52,17851;11,45226;0,46628;UPTREND;;False;;0;;HMA8:UP|HMA13:UP|HMA21:UP;3;0;True;False;8,13;8,13;;8,13,89;8,13,89;8,13;8,13;;8,13;;False;UP;11,56000;25.7%;UP;0,23000;0.51%;UP;-2,11000;4.68%
2026-05-18 10:00:00;4546,79000;4546,21000;4545,35606;4541,38297;4532,90884;4527,25086;4505,82043;4520,26196;4543,98266;4565,16941;4588,09733;4614,43236;4674,92402;24,35793;45,97736;52,52878;12,44721;0,51101;UPTREND;;False;;0;;HMA8:UP|HMA13:UP|HMA21:UP;3;0;True;False;8,13,116;8,13,116;;8,13,89,116;8,13,89;8,13;116;;116;;False;UP;9,19000;20.43%;UP;5,48000;12.19%;UP;-1,94000;4.31%
2026-05-18 11:00:00;4546,07000;4549,98000;4548,65620;4546,38960;4536,33624;4529,47455;4506,93442;4517,25803;4540,38396;4561,50768;4584,70717;4611,12573;4672,55303;23,65236;44,64532;52,39657;12,31997;0,52088;UPTREND;;False;;0;;HMA8:UP|HMA13:UP|HMA21:UP;3;0;True;False;8,13,116;8,13,116;;8,13,89,116;8,13,89;8,13;8,13;;;;False;UP;6,26000;13.92%;UP;9,21000;20.47%;UP;-1,40000;3.11%
2026-05-18 12:00:00;4549,88000;4542,95000;4549,09904;4548,36357;4539,62202;4531,57328;4508,39498;4514,60740;4536,99473;4557,98764;4581,41676;4607,86380;4670,18773;22,79005;43,51204;53,85386;9,47702;0,41584;UPTREND;;False;;0;;HMA8:UP|HMA13:UP|HMA21:UP;3;0;True;False;8,13,116;8,13,116;;8,13,89,116;8,13,89;8,13;;8,13;;8,13;True;UP;6,13000;13.62%;UP;9,73000;21.62%;UP;-0,56000;1.25%
2026-05-18 13:00:00;4542,90000;4540,21000;4545,54224;4548,00137;4542,00468;4533,31915;4509,99709;4512,23197;4533,78346;4554,58926;4578,21198;4604,64052;4667,82388;22,26433;42,84642;53,94312;5,99669;0,26934;DOWNTREND;REVERSAL_TO_HMA21;False;;0;21;HMA8:DOWN|HMA13:DOWN|HMA21:UP;1;2;False;True;;;;;21;;;21;;21;False;DOWN;2,27000;5.05%;DOWN;8,17000;18.15%;UP;0,84000;1.87%
2026-05-18 14:00:00;4540,48000;4550,63000;4545,82800;4548,65609;4544,51531;4535,19093;4511,96905;4510,25421;4530,82648;4551,38076;4575,13726;4601,49232;4665,48083;23,29831;40,68229;53,43163;4,14078;0,17773;UPTREND;REVERSAL_TO_HMA13;False;;2;8,13,21;HMA8:UP|HMA13:UP|HMA21:UP;3;0;True;False;;;;8,13,21;;8,13,21;8,13,21;;8,13,21;;False;UP;0,29000;0.64%;UP;7,04000;15.64%;UP;2,41000;5.36%
2026-05-18 15:00:00;4550,44000;4571,41000;4556,21172;4554,12245;4549,12372;4538,34737;4514,78008;4508,91697;4528,29205;4548,48380;4572,28161;4598,48379;4663,19157;23,72700;38,13690;50,39925;7,08800;0,29873;UPTREND;ADVANCE_HMA144;False;;1;8,13,21;HMA8:UP|HMA13:UP|HMA21:UP;3;0;True;False;8,144;8,144;;8,13,21,144;;8,13,21;8,13,144;;144;;False;UP;4,55000;10.11%;UP;7,14000;15.87%;UP;4,28000;9.52%
2026-05-18 16:00:00;4571,83000;4575,68000;4569,74878;4562,63031;4555,39776;4542,71885;4518,30914;4508,21757;4526,18252;4545,89206;4569,64800;4595,62066;4660,96146;23,62222;35,64555;47,44191;14,35102;0,60752;UPTREND;ADVANCE_HMA188;False;;0;8,13,21;HMA8:UP|HMA13:UP|HMA21:UP;3;0;True;False;8,188;8,188;;8,13,21,144,188;;8,13,21;188;;188;;False;UP;12,33000;27.39%;UP;8,53000;18.95%;UP;6,20000;13.79%
2026-05-18 17:00:00;4575,18000;4546,58000;4568,22100;4564,96005;4559,16263;4546,30909;4521,58265;4507,70372;4524,19068;4543,39109;4567,08130;4592,80325;4658,74374;24,63492;34,17776;48,27226;9,05837;0,36770;UPTREND;;False;;0;8,13,21;HMA8:DOWN|HMA13:UP|HMA21:UP;2;1;True;False;8,188;8,188;;8,13,21,144,188;8,13,21,188;8,13,21;;8,13,21,188;;8,13,21,188;True;DOWN;12,96000;28.8%;UP;7,16000;15.91%;UP;6,85000;15.23%
2026-05-18 18:00:00;4546,56000;4543,51000;4557,28594;4562,01321;4560,24611;4548,91204;4524,51499;4507,30774;4522,28018;4540,95416;4564,55892;4590,02196;4656,53574;24,03242;33,09904;60,74301;4,72727;0,19670;DOWNTREND;REVERSAL_TO_HMA34;False;;0;;HMA8:DOWN|HMA13:DOWN|HMA21:UP;1;2;False;True;;;;;34;;;34;;34;False;DOWN;6,80000;15.1%;DOWN;5,41000;12.02%;UP;7,35000;16.34%
2026-05-18 19:00:00;4543,50000;4550,16000;4548,79393;4557,82904;4559,70555;4550,90403;4527,29939;4507,12086;4520,49701;4538,62047;4562,10515;4587,29407;4654,34901;23,78868;31,66232;62,68825;10,91162;0,45869;DOWNTREND;;False;;0;;HMA8:DOWN|HMA13:DOWN|HMA21:DOWN;0;3;False;True;;;;8,34;34;;8,34;;8,34;;True;DOWN;-4,46000;9.91%;DOWN;3,94000;8.75%;DOWN;6,99000;15.52%
2026-05-18 20:00:00;4550,17000;4546,97000;4543,64024;4553,37949;4558,02507;4552,11904;4529,80776;4507,08694;4518,81020;4536,36244;4559,70000;4584,60591;4652,17815;22,99449;30,08610;64,49925;14,38483;0,62558;DOWNTREND;;False;;0;;HMA8:DOWN|HMA13:DOWN|HMA21:DOWN;0;3;False;True;8;;8;8,34;8,34;8;;8;;8;False;DOWN;-15,85000;35.22%;DOWN;1,96000;4.36%;DOWN;6,23000;13.85%
2026-05-18 21:00:00;4547,01000;4535,72000;4538,85963;4546,47427;4554,95143;4552,13625;4531,68840;4507,04836;4517,11511;4534,09900;4557,28811;4581,91987;4650,00596;22,30631;29,19774;63,71699;16,09180;0,72140;DOWNTREND;ADVANCE_HMA144;False;;0;;HMA8:DOWN|HMA13:DOWN|HMA21:DOWN;0;3;False;True;8,13,144;;8,13,144;8,34;8,13,34,144;8,13,144;;8,13,144;;13,144;False;DOWN;-18,21000;40.48%;DOWN;-3,27000;7.27%;DOWN;4,77000;10.6%
2026-05-18 22:00:00;4535,91000;4558,52000;4544,01065;4544,34396;4553,56098;4552,67662;4533,64358;4507,31220;4515,63900;4531,98127;4554,96929;4579,31224;4647,86952;22,83086;27,29316;64,69548;9,55033;0,41831;DOWNTREND;;False;;0;;HMA8:UP|HMA13:DOWN|HMA21:DOWN;1;2;False;True;8,13,144;;8,13,144;8,13,21,34,188;8,13,34,144;8,13,144;8,13,21,34,188;;8,13,21,34,188;;True;UP;-8,27000;18.38%;DOWN;-7,60000;16.9%;DOWN;3,49000;7.76%
2026-05-18 23:00:00;4558,70000;4566,11000;4555,30354;4548,39570;4554,08838;4553,99382;4535,90312;4507,94314;4514,43525;4530,04942;4552,77214;4576,80479;4645,77761;21,82294;25,42530;63,68516;6,90784;0,31654;DOWNTREND;;False;;0;;HMA8:UP|HMA13:UP|HMA21:UP;3;0;True;False;8,13,144;;8,13,144;8,13,21,34,188;8,13,34,144;8,13,144;;;;;False;UP;4,26000;9.48%;UP;-7,21000;16.02%;UP;3,17000;7.04%
2026-05-19 01:00:00;4567,70000;4573,90000;4567,90637;4557,17203;4556,64138;4556,25079;4538,68855;4509,00884;4513,54832;4528,34159;4550,72427;4574,41614;4643,73927;21,14202;24,18847;62,43485;11,26499;0,53282;UPTREND;REVERSAL_TO_HMA8;False;;0;8;HMA8:UP|HMA13:UP|HMA21:UP;3;0;True;False;;;;8;;8;8;;8;;False;UP;16,01000;35.58%;UP;-2,19000;4.86%;UP;3,28000;7.29%
2026-05-19 02:00:00;4573,93000;4581,73000;4580,28946;4567,71229;4561,18641;4559,57226;4542,08906;4510,58774;4513,02614;4526,88791;4548,85312;4572,16651;4641,76352;20,71473;23,56338;59,42827;19,10305;0,92220;UPTREND;ADVANCE_HMA233;False;;0;8;HMA8:UP|HMA13:UP|HMA21:UP;3;0;True;False;233;233;;8,233;;8;8,233;;233;;False;UP;26,57000;59.03%;UP;4,55000;10.1%;UP;3,33000;7.41%
2026-05-19 03:00:00;4581,98000;4563,26000;4579,77063;4573,52874;4564,54342;4562,46592;4545,44843;4512,39610;4512,68428;4525,54703;4547,06204;4569,99018;4639,81746;21,24439;22,21845;61,18655;15,22721;0,71676;UPTREND;;False;;0;8;HMA8:DOWN|HMA13:UP|HMA21:UP;2;1;True;False;233;233;;8,233;8,13,21,233;8;;8,13,21,233;;8,13,21,233;True;DOWN;22,82000;50.72%;UP;8,98000;19.96%;UP;2,47000;5.48%
2026-05-19 04:00:00;4562,90000;4563,93000;4572,94456;4575,46166;4567,09373;4564,72629;4548,72739;4514,40124;4512,53869;4524,31577;4545,34729;4567,88857;4637,90032;21,01693;20,69860;61,51914;8,36793;0,39815;UPTREND;;False;;0;8;HMA8:DOWN|HMA13:UP|HMA21:UP;2;1;True;False;233;233;;8,233;8,13,21,34,233;8;;34;;34;True;DOWN;11,85000;26.34%;UP;12,95000;28.77%;UP;2,16000;4.8%
2026-05-19 05:00:00;4563,86000;4547,07000;4560,16583;4570,42510;4566,94110;4565,42824;4551,39405;4516,33319;4512,41871;4523,09246;4543,62954;4565,80437;4635,98255;20,79644;19,73472;60,14856;10,25927;0,49332;DOWNTREND;REVERSAL_TO_HMA55;False;;0;8;HMA8:DOWN|HMA13:DOWN|HMA21:DOWN;0;3;False;True;;;;;8,55;8;;8,55;;8,55;False;DOWN;-5,32000;11.81%;DOWN;11,81000;26.24%;DOWN;1,84000;4.1%
2026-05-19 06:00:00;4547,56000;4544,99000;4547,19083;4561,93043;4564,61758;4564,78378;4553,36494;4518,15933;4512,30096;4521,88098;4541,90983;4563,73022;4634,06099;20,11669;18,96672;57,64776;17,42674;0,86628;DOWNTREND;;False;;0;8;HMA8:DOWN|HMA13:DOWN|HMA21:DOWN;0;3;False;True;8;;8;;8,55;8;;8;;;False;DOWN;-22,36000;49.69%;DOWN;6,40000;14.22%;DOWN;1,40000;3.11%
2026-05-19 07:00:00;4545,02000;4542,43000;4539,68909;4552,07375;4560,96398;4563,05708;4554,63407;4519,82367;4512,16592;4520,66907;4540,18831;4561,65982;4632,13189;19,22979;18,56403;55,49920;21,27489;1,10635;DOWNTREND;;False;;0;8;HMA8:DOWN|HMA13:DOWN|HMA21:DOWN;0;3;False;True;8;;8;;8,55;8;;8;;;False;DOWN;-27,52000;61.16%;DOWN;-2,53000;5.62%;DOWN;0,88000;1.95%
2026-05-19 08:00:00;4542,82000;4540,78000;4536,07330;4543,52022;4556,40736;4560,64489;4555,23252;4521,27895;4512,00437;4519,44854;4538,45950;4559,59424;4630,19338;18,96123;18,55281;51,50342;20,33407;1,07240;DOWNTREND;;False;;0;8;HMA8:DOWN|HMA13:DOWN|HMA21:DOWN;0;3;False;True;8;;8;;8,55;8;;;;;False;DOWN;-25,93000;57.61%;DOWN;-12,00000;26.68%;DOWN;0,44000;0.98%
2026-05-19 09:00:00;4540,83000;4548,01000;4538,78189;4539,29527;4552,30863;4558,25186;4555,48340;4522,63742;4511,87901;4518,27141;4536,75759;4557,56396;4628,25748;19,06186;18,01115;52,19246;13,52674;0,70962;DOWNTREND;;False;;0;8;HMA8:UP|HMA13:DOWN|HMA21:DOWN;1;2;False;True;8;;8;13;8,55;8;13;;13;;True;UP;-15,67000;34.81%;DOWN;-16,66000;37.03%;DOWN;-0,38000;0.84%
2026-05-19 10:00:00;4548,06000;4557,19000;4547,12294;4540,44877;4549,78445;4556,66212;4555,76723;4524,03192;4511,88401;4517,19436;4535,12512;4555,59760;4626,33833;18,97744;17,13177;51,74112;9,33567;0,49194;UPTREND;REVERSAL_TO_HMA34;False;;0;21;HMA8:UP|HMA13:UP|HMA21:DOWN;2;1;True;False;;;;21,34,55,233;;55;21,34,55,233;;21,34,55,233;;False;UP;-0,05000;0.11%;UP;-17,09000;37.98%;DOWN;-1,30000;2.89%
2026-05-19 11:00:00;4558,70000;4542,75000;4549,28643;4541,83420;4547,02507;4555,03362;4555,72190;4525,27551;4511,89175;4516,11663;4533,49372;4553,64461;4624,41251;19,24905;16,62326;53,38045;7,45223;0,38715;UPTREND;;False;;0;21;HMA8:UP|HMA13:UP|HMA21:DOWN;2;1;True;False;;;;21,34,55,233;8,21,34,55,233;55;;8,21,34,55,233;;8,21,34,55,233;True;UP;7,11000;15.79%;UP;-13,90000;30.9%;DOWN;-2,86000;6.36%
2026-05-19 12:00:00;4542,64000;4541,76000;4546,82450;4542,33421;4544,30141;4553,31537;4555,42081;4526,40984;4511,91823;4515,04195;4531,85722;4551,70261;4622,48100;18,63340;16,16727;52,94472;4,49029;0,24098;DOWNTREND;REVERSAL_TO_HMA13;False;;0;13;HMA8:DOWN|HMA13:UP|HMA21:DOWN;1;2;False;True;;;;;13;;;13;;13;False;DOWN;8,21000;18.24%;UP;-9,94000;22.09%;DOWN;-5,18000;11.51%
2026-05-19 13:00:00;4541,28000;4544,65000;4544,53263;4542,63097;4542,29847;4551,63440;4554,96783;4527,49835;4512,02303;4514,00426;4530,23512;4549,78144;4620,55141;18,67030;16,37919;47,79064;2,23416;0,11966;DOWNTREND;;False;;0;13;HMA8:DOWN|HMA13:UP|HMA21:DOWN;1;2;False;True;;;;8,13,21;13;;8,13,21;;8,13,21;;True;DOWN;4,40000;9.79%;UP;-4,82000;10.71%;DOWN;-6,79000;15.1%
2026-05-19 14:00:00;4544,66000;4530,75000;4537,57585;4540,19027;4539,48401;4549,16372;4554,01926;4528,37613;4512,09337;4512,93277;4528,57216;4547,83387;4618,60239;18,61957;16,30972;49,31201;2,61442;0,14041;DOWNTREND;;False;;0;13;HMA8:DOWN|HMA13:DOWN|HMA21:DOWN;0;3;False;True;8,13,21;;8,13,21;8,13,21;8,13,21;8,13,21;;8,13,21;;8,13,21;False;DOWN;-7,30000;16.23%;DOWN;-1,71000;3.79%;DOWN;-8,43000;18.74%
2026-05-19 15:00:00;4530,58000;4537,19000;4533,88585;4537,46230;4537,33593;4546,47968;4552,83093;4529,14722;4512,21807;4511,89775;4526,91289;4545,88600;4616,64594;18,68960;16,39825;50,47376;3,57645;0,19136;DOWNTREND;;False;;0;13;HMA8:DOWN|HMA13:DOWN|HMA21:DOWN;0;3;False;True;8,13,21;;8,13,21;8,13,21;8,13,21;8,13,21;8;;8;;True;DOWN;-11,64000;25.87%;DOWN;-0,94000;2.08%;DOWN;-9,00000;20.0%
2026-05-19 16:00:00;4537,06000;4504,06000;4520,95007;4527,91852;4532,10595;4541,93599;4550,55686;4529,38669;4512,09386;4510,70592;4525,12333;4543,83764;4614,63102;22,52606;18,89079;33,25109;11,15588;0,49524;DOWNTREND;ADVANCE_HMA144;False;;0;13;HMA8:DOWN|HMA13:DOWN|HMA21:DOWN;0;3;False;True;8,21,89,116,144,188;;8,21,89,116,144,188;8,13,21;8,13,21,89,116,144,188;8,13,21,116,144,188;;8,13,21,89,116,144,188;;89,116,144,188;False;DOWN;-16,02000;35.6%;DOWN;-5,30000;11.77%;DOWN;-8,21000;18.25%
2026-05-19 17:00:00;4503,75000;4494,12000;4502,47378;4514,43712;4523,93428;4535,60600;4547,15125;4529,02596;4511,66342;4509,33091;4523,18106;4541,67276;4612,54618;23,03634;21,20529;39,06306;21,46050;0,93159;DOWNTREND;;False;;0;13;HMA8:DOWN|HMA13:DOWN|HMA21:DOWN;0;3;False;True;8,21,89,116,144,188;;8,21,89,116,144,188;8,13,21;8,13,21,89,116,144,188;8,13,21,116,144,188;;8;;;False;DOWN;-24,53000;54.52%;DOWN;-11,21000;24.91%;DOWN;-9,13000;20.29%
2026-05-19 18:00:00;4494,10000;4508,38000;4495,48856;4503,71714;4516,03937;4529,01941;4543,29511;4528,33713;4511,10336;4507,89552;4521,17580;4539,45589;4610,41843;22,77017;23,35448;42,30468;20,55081;0,90253;DOWNTREND;;False;;0;13;HMA8:DOWN|HMA13:DOWN|HMA21:DOWN;0;3;False;True;8,21,89,116,144,188;;8,21,89,116,144,188;8,13,21,144;8,13,21,89,116,144,188;8,13,21,116,144,188;8,13,144;;8,13,144;;True;DOWN;-24,80000;55.11%;DOWN;-15,78000;35.07%;DOWN;-10,05000;22.34%
2026-05-19 19:00:00;4508,46000;4507,70000;4495,93624;4497,57853;4508,94534;4522,68228;4539,14217;4527,38309;4510,43528;4506,41918;4519,11797;4537,19596;4608,25166;22,29730;25,07784;43,88897;13,00910;0,58344;DOWNTREND;;False;;0;13;HMA8:UP|HMA13:DOWN|HMA21:DOWN;1;2;False;True;8,21,89,116,144,188;;8,21,89,116,144,188;8,13,21,144;8,13,21,89,116,144,188;8,13,21,116,144,188;;144;;;False;UP;-23,05000;51.22%;DOWN;-18,61000;41.36%;DOWN;-11,01000;24.46%
2026-05-19 20:00:00;4507,70000;4500,86000;4497,94061;4494,01228;4502,83196;4516,61053;4534,69861;4526,15725;4509,63013;4504,87805;4516,98980;4534,88232;4606,04072;21,55035;26,67811;43,95956;8,81968;0,40926;DOWNTREND;;False;;0;13;HMA8:UP|HMA13:DOWN|HMA21:DOWN;1;2;False;True;8,21,89,116,144,188;;8,21,89,116,144,188;8,13,21,144;8,13,21,89,116,144,188;8,13,21,116,144,188;;21,144;;;False;UP;-14,95000;33.21%;DOWN;-19,65000;43.67%;DOWN;-12,29000;27.31%
2026-05-19 21:00:00;4500,87000;4493,56000;4497,12652;4490,54636;4497,19089;4510,83139;4529,99714;4524,63003;4508,66124;4503,24845;4514,77432;4532,50117;4603,78092;20,96604;28,44817;44,66691;6,64453;0,31692;DOWNTREND;;False;;0;13;HMA8:DOWN|HMA13:DOWN|HMA21:DOWN;0;3;False;True;8,13,21,89,116,144,188;;8,13,21,89,116,144,188;8,13,21,144;8,13,21,89,116,144,188;8,13,21,116,144,188;;8,13,21;;;False;DOWN;-3,65000;8.11%;DOWN;-20,45000;45.45%;DOWN;-13,37000;29.71%
2026-05-19 22:00:00;4493,46000;4483,34000;4489,93309;4486,49200;4490,94550;4504,90893;4524,92426;4522,74092;4507,47323;4501,49671;4512,44352;4530,03111;4601,46438;20,63775;30,36004;44,77799;4,45350;0,21579;DOWNTREND;;False;;0;13;HMA8:DOWN|HMA13:DOWN|HMA21:DOWN;0;3;False;True;8,13,21,89,116,144,188;;8,13,21,89,116,144,188;8,13,21,144;8,13,21,89,116,144,188;8,13,21,116,144,188;;8,13,21;;;False;DOWN;-3,85000;8.56%;DOWN;-18,50000;41.11%;DOWN;-14,50000;32.21%
2026-05-19 23:00:00;4483,41000;4481,80000;4482,20317;4482,36798;4484,74074;4498,83985;4519,65928;4520,56982;4506,10169;4499,65322;4510,01453;4527,48122;4599,09592;19,68648;32,14266;43,13465;2,53758;0,12890;DOWNTREND;;False;;0;13;HMA8:DOWN|HMA13:DOWN|HMA21:DOWN;0;3;False;True;8,13,21,89,116,144,188;;8,13,21,89,116,144,188;8,13,21,144;8,13,21,89,116,144,188;8,13,21,116,144,188;;8,13;;;False;DOWN;-9,89000;21.98%;DOWN;-15,19000;33.75%;DOWN;-16,30000;36.22%
2026-05-20 01:00:00;4482,46000;4484,43000;4478,84763;4479,05691;4479,67599;4493,03436;4514,37640;4518,22809;4504,62159;4497,76786;4507,52695;4524,87464;4596,68699;18,87459;33,90261;41,95224;0,82837;0,04389;DOWNTREND;;False;;0;13;HMA8:DOWN|HMA13:DOWN|HMA21:DOWN;0;3;False;True;8,13,21,89,116,144,188;;8,13,21,89,116,144,188;8,13,21,144;8,13,21,89,116,144,188;8,13,21,116,144,188;21;;21;;True;DOWN;-14,19000;31.54%;DOWN;-12,28000;27.3%;DOWN;-17,58000;39.07%
2026-05-20 02:00:00;4484,42000;4489,32000;4480,92311;4478,20485;4476,58419;4487,97622;4509,24962;4515,85223;4503,11236;4495,90133;4505,02450;4522,24250;4594,25086;18,70998;34,43696;45,93446;4,33892;0,23190;DOWNTREND;;False;;0;13;HMA8:UP|HMA13:DOWN|HMA21:DOWN;1;2;False;True;8,13,21,89,116,144,188;;8,13,21,89,116,144,188;8,13,21,34,144;8,13,21,89,116,144,188;8,13,21,116,144,188;34;;34;;True;UP;-12,22000;27.15%;DOWN;-9,79000;21.76%;DOWN;-17,99000;39.97%
2026-05-20 03:00:00;4489,32000;4500,87000;4489,77928;4481,90550;4476,76776;4484,37264;4504,64550;4513,61341;4501,72108;4494,15288;4502,57844;4519,63801;4591,81068;19,45284;33,82730;48,36756;13,01152;0,66888;UPTREND;REVERSAL_TO_HMA144;False;;0;8;HMA8:UP|HMA13:UP|HMA21:UP;3;0;True;False;;;;8,144;;8;8,144;;8,144;;False;UP;-0,11000;0.25%;UP;-5,92000;13.16%;UP;-15,88000;35.29%
2026-05-20 04:00:00;4500,89000;4481,28000;4491,07593;4483,83130;4476,94332;4480,99709;4500,06050;4511,23556;4500,26191;4492,41023;4500,11682;4517,00845;4589,33880;21,62335;34,23393;48,25313;14,13260;0,65358;UPTREND;;False;;0;8;HMA8:UP|HMA13:UP|HMA21:UP;3;0;True;False;;;;8,144;8,13,34,55,116,144,188;8;;8,13,34,55,116,144,188;;8,13,34,55,116,144,188;True;UP;5,86000;13.02%;UP;-2,96000;6.58%;UP;-12,26000;27.25%
2026-05-20 05:00:00;4482,41000;4465,23000;4480,75933;4480,69221;4474,99762;4477,05523;4495,17230;4508,54924;4498,59426;4490,60068;4497,58636;4514,31675;4586,81469;22,10525;34,61153;49,77784;5,76171;0,26065;DOWNTREND;REVERSAL_TO_HMA21;False;;2;8,13,21;HMA8:DOWN|HMA13:DOWN|HMA21:DOWN;0;3;False;True;;;;;8,13,21,34;8,13,21,34;;8,13,21,34;;8,13,21,34;False;DOWN;1,24000;2.75%;DOWN;-2,50000;5.56%;DOWN;-10,52000;23.37%
2026-05-20 06:00:00;4465,23000;4463,65000;4468,43326;4474,11769;4471,48910;4472,71542;4490,10608;4505,60671;4496,74091;4488,73409;4495,00796;4511,57609;4584,24283;21,49488;35,14579;52,22997;5,68443;0,26446;DOWNTREND;;False;;1;8,13,21;HMA8:DOWN|HMA13:DOWN|HMA21:DOWN;0;3;False;True;;;;;8,13,21,34;8,13,21,34;;;;;False;DOWN;-8,27000;18.37%;DOWN;-3,66000;8.13%;DOWN;-9,88000;21.97%
2026-05-20 07:00:00;4463,64000;4462,03000;4458,99776;4466,88179;4467,17230;4468,18337;4484,95269;4502,44716;4494,73294;4486,81342;4492,38993;4508,79630;4581,62874;20,95024;35,32887;57,24651;8,17454;0,39019;DOWNTREND;;False;;0;8,13,21;HMA8:DOWN|HMA13:DOWN|HMA21:DOWN;0;3;False;True;8;;8;;8,13,21,34;8,13,21,34;;8;;;False;DOWN;-20,17000;44.82%;DOWN;-5,53000;12.29%;DOWN;-9,66000;21.47%
2026-05-20 08:00:00;4461,95000;4472,78000;4459,60943;4463,07935;4464,43416;4464,41727;4480,10151;4499,27295;4492,70610;4484,92648;4489,79323;4506,02860;4578,99641;20,67308;34,77248;56,47762;4,82474;0,23338;DOWNTREND;;False;;0;8,13,21;HMA8:UP|HMA13:DOWN|HMA21:DOWN;1;2;False;True;8;;8;13,21,34;8,13,21,34;8,13,21,34;13,21,34;;13,21,34;;True;UP;-20,83000;46.3%;DOWN;-6,95000;15.45%;DOWN;-9,00000;20.01%
2026-05-20 09:00:00;4472,83000;4474,30000;4466,23526;4462,42230;4463,45503;4461,75250;4475,64860;4496,12662;4490,69306;4483,09662;4487,23678;4503,28487;4576,35430;20,40429;34,27283;56,12766;3,81296;0,18687;DOWNTREND;;False;;0;8,13,21;HMA8:UP|HMA13:DOWN|HMA21:DOWN;1;2;False;True;8;;8;13,21,34;8,13,21,34;8,13,21,34;;;;;False;UP;-10,09000;22.42%;DOWN;-9,04000;20.09%;DOWN;-7,67000;17.05%
2026-05-20 10:00:00;4474,15000;4478,58000;4473,88865;4465,44056;4464,07414;4460,46353;4471,74870;4493,08322;4488,74416;4481,36045;4484,75278;4500,58346;4573,71520;19,94113;33,14372;56,73234;9,81451;0,49217;UPTREND;REVERSAL_TO_HMA55;False;;0;;HMA8:UP|HMA13:UP|HMA21:UP;3;0;True;False;;;;55;;;55;;55;;False;UP;3,91000;8.69%;UP;-8,74000;19.42%;UP;-5,92000;13.15%
2026-05-20 11:00:00;4478,67000;4484,06000;4481,58913;4471,27775;4466,14652;4460,50141;4468,60320;4490,22623;4486,91474;4479,75528;4482,37358;4497,94836;4571,09227;19,46748;31,74334;58,41661;15,44261;0,79325;UPTREND;ADVANCE_HMA188;False;;0;;HMA8:UP|HMA13:UP|HMA21:UP;3;0;True;False;8,144,188;8,144,188;;8,55,144,188;;8;8,144,188;;8,144,188;;False;UP;16,18000;35.95%;UP;-4,61000;10.24%;UP;-3,98000;8.83%
2026-05-20 12:00:00;4483,82000;4484,95000;4486,34443;4477,81004;4468,93830;4461,46375;4466,18478;4487,57274;4485,21108;4478,27581;4480,10681;4495,38725;4568,49131;19,38408;30,69620;59,13409;17,40612;0,89796;UPTREND;;False;;0;;HMA8:UP|HMA13:UP|HMA21:UP;3;0;True;False;8,144,188;8,144,188;;8,55,144,188;;8;8;;;;False;UP;19,02000;42.28%;UP;1,82000;4.04%;UP;-2,26000;5.02%
2026-05-20 13:00:00;4484,82000;4494,67000;4491,83611;4485,30780;4473,16047;4463,52033;4464,64295;4485,27590;4483,72304;4476,97369;4477,99527;4492,93419;4565,92944;18,86522;29,21455;58,51638;18,67564;0,98995;UPTREND;;False;;0;;HMA8:UP|HMA13:UP|HMA21:UP;3;0;True;False;8,13,89,116,144,188,233;8,13,89,116,144,188,233;;8,13,55,89,116,144,188,233;;8,13;8,13,89,116,233;;13,89,116,233;;False;UP;18,74000;41.64%;UP;9,25000;20.55%;UP;-1,10000;2.43%
2026-05-20 14:00:00;4494,63000;4499,13000;4497,96956;4492,74325;4478,80179;4466,57027;4463,94870;4483,38032;4482,49376;4475,86393;4476,05362;4490,60229;4563,41369;18,24485;27,49257;58,93317;19,16777;1,05059;UPTREND;;False;;0;;HMA8:UP|HMA13:UP|HMA21:UP;3;0;True;False;8,13,89,116,144,188,233;8,13,89,116,144,188,233;;8,13,55,89,116,144,188,233;;8,13;8;;;;False;UP;18,26000;40.58%;UP;15,16000;33.69%;UP;0,58000;1.3%
2026-05-20 15:00:00;4499,04000;4496,15000;4500,64574;4498,37338;4484,74887;4470,07515;4463,86680;4481,80018;4481,47301;4474,91350;4474,26270;4488,37722;4560,93986;17,82807;25,53449;59,52135;15,89687;0,89168;UPTREND;;False;;0;;HMA8:UP|HMA13:UP|HMA21:UP;3;0;True;False;8,13,89,116,144,188,233;8,13,89,116,144,188,233;;8,13,55,89,116,144,188,233;8,13;8,13;;8,13;;8,13;True;UP;14,96000;33.25%;UP;18,58000;41.28%;UP;3,13000;6.96%
2026-05-20 16:00:00;4496,16000;4483,12000;4495,70741;4498,82409;4488,89602;4473,05615;4463,93525;4480,30646;4480,50230;4474,03423;4472,56078;4486,21301;4558,48812;18,27107;24,53117;60,57121;9,92807;0,54338;UPTREND;;False;;0;;HMA8:DOWN|HMA13:UP|HMA21:UP;2;1;True;False;8,13,89,116,144,188,233;8,13,89,116,144,188,233;;8,13,55,89,116,144,188,233;8,13,21,233;8,13;;8,21,233;;8,21,233;True;DOWN;7,30000;16.22%;UP;16,94000;37.64%;UP;5,44000;12.09%
2026-05-20 17:00:00;4483,97000;4531,42000;4506,80944;4506,17683;4496,41370;4478,15042;4465,41211;4479,50897;4480,00479;4473,52596;4471,17138;4484,26356;4556,13661;21,98385;24,03155;50,11184;10,39575;0,47288;UPTREND;;False;;0;;HMA8:UP|HMA13:UP|HMA21:UP;3;0;True;False;8,13,21,89,116,144,188,233;8,13,21,89,116,144,188,233;;8,13,21,55,89,116,144,188,233;8,13,21,233;8,13,21;8,13,21,233;;21,233;;False;UP;9,66000;21.47%;UP;14,82000;32.93%;UP;7,58000;16.84%
2026-05-20 18:00:00;4531,26000;4529,18000;4522,72641;4516,49565;4505,34323;4484,50994;4467,98513;4479,27455;4479,88574;4473,33020;4470,06482;4482,51005;4553,87828;22,50643;24,27405;41,23481;17,38317;0,77236;UPTREND;;False;;0;;HMA8:UP|HMA13:UP|HMA21:UP;3;0;True;False;8,13,21,89,116,144,188,233;8,13,21,89,116,144,188,233;;8,13,21,55,89,116,144,188,233;8,13,21,233;8,13,21;;;;;False;UP;15,38000;34.17%;UP;15,99000;35.52%;UP;10,30000;22.89%
2026-05-20 19:00:00;4529,18000;4534,42000;4535,23959;4527,88811;4515,16779;4491,90650;4471,56202;4479,57721;4480,13470;4473,43708;4469,23899;4480,96091;4551,71731;21,69097;24,49923;38,93631;20,07181;0,92535;UPTREND;;False;;0;;HMA8:UP|HMA13:UP|HMA21:UP;3;0;True;False;8,13,21,89,116,144,188,233;8,13,21,89,116,144,188,233;;8,13,21,55,89,116,144,188,233;8,13,21,233;8,13,21;8;;;;False;UP;21,74000;48.31%;UP;18,12000;40.26%;UP;13,41000;29.8%
2026-05-20 20:00:00;4534,56000;4531,40000;4541,89381;4535,88820;4524,33864;4499,69321;4475,82506;4480,27601;4480,66124;4473,78041;4468,65231;4479,59334;4549,64425;20,71805;24,83664;39,38669;17,55518;0,84734;UPTREND;;False;;0;;HMA8:UP|HMA13:UP|HMA21:UP;3;0;True;False;8,13,21,89,116,144,188,233;8,13,21,89,116,144,188,233;;8,13,21,55,89,116,144,188,233;8,13,21,233;8,13,21;;13;;13;True;UP;29,13000;64.74%;UP;19,14000;42.54%;UP;16,22000;36.04%
2026-05-20 21:00:00;4531,37000;4542,39000;4544,53741;4543,44302;4532,77045;4508,08664;4480,84921;4481,44213;4481,51077;4474,39455;4468,32752;4478,42693;4547,67270;20,36033;25,47030;41,53736;11,76696;0,57794;UPTREND;;False;;0;;HMA8:UP|HMA13:UP|HMA21:UP;3;0;True;False;8,13,21,89,116,144,188,233;8,13,21,89,116,144,188,233;;8,13,21,55,89,116,144,188,233;8,13,21,233;8,13,21;8,13,21;;;;False;UP;24,86000;55.24%;UP;20,25000;45.0%;UP;18,12000;40.27%
2026-05-20 22:00:00;4542,35000;4545,71000;4547,20887;4549,97244;4540,58980;4516,50332;4486,46918;4483,02892;4482,65610;4475,25759;4468,25224;4477,45354;4545,80310;19,48530;26,27537;40,27129;9,38264;0,48152;UPTREND;;False;;0;;HMA8:UP|HMA13:UP|HMA21:UP;3;0;True;False;8,13,21,89,116,144,188,233;8,13,21,89,116,144,188,233;;8,13,21,55,89,116,144,188,233;8,13,21,233;8,13,21;8,13;;;;False;UP;17,44000;38.75%;UP;23,63000;52.51%;UP;20,19000;44.87%
2026-05-20 23:00:00;4545,69000;4543,68000;4548,10693;4553,13990;4547,09765;4524,53390;4492,38703;4484,93170;4484,01878;4476,31631;4468,38951;4476,64693;4544,02801;18,69707;27,03597;41,47489;6,04226;0,32317;UPTREND;;False;;0;;HMA8:UP|HMA13:UP|HMA21:UP;3;0;True;False;8,13,21,89,116,144,188,233;8,13,21,89,116,144,188,233;;8,13,21,55,89,116,144,188,233;8,13,21,233,377;8,13,21;;21,377;;21,377;True;UP;9,76000;21.69%;UP;22,72000;50.48%;UP;21,58000;47.95%
2026-05-21 01:00:00;4545,91000;4539,85000;4546,11357;4552,87579;4551,75738;4531,69409;4498,22899;4487,03815;4485,51661;4477,51323;4468,69655;4475,97824;4542,33579;18,32442;27,08915;41,40952;6,76222;0,36903;DOWNTREND;REVERSAL_TO_HMA377;False;;0;;HMA8:DOWN|HMA13:DOWN|HMA21:UP;1;2;False;True;;;;;377;377;;377;;377;False;DOWN;3,29000;7.32%;DOWN;18,31000;40.69%;UP;21,71000;48.24%
2026-05-21 02:00:00;4539,91000;4546,54000;4545,70613;4552,13811;4555,24982;4538,21323;4504,11125;4489,37334;4487,17204;4478,86062;4469,18054;4475,45376;4540,73060;17,92410;27,08286;41,32168;9,54369;0,53245;DOWNTREND;;False;;0;;HMA8:DOWN|HMA13:DOWN|HMA21:UP;1;2;False;True;;;;8,377;377;377;8,377;;8,377;;True;DOWN;0,93000;2.08%;DOWN;12,71000;28.24%;UP;21,47000;47.71%
2026-05-21 03:00:00;4546,54000;4545,22000;4545,76730;4551,35123;4557,36403;4543,83057;4509,89380;4491,82463;4488,92323;4480,31996;4469,81048;4475,05399;4539,20315;17,77667;27,40948;40,64261;11,59674;0,65236;DOWNTREND;;False;;0;;HMA8:UP|HMA13:DOWN|HMA21:UP;2;1;True;False;8;;8;8,377;8,377;377;;8;;8;False;UP;-1,16000;2.58%;DOWN;8,25000;18.33%;UP;21,06000;46.81%
2026-05-21 04:00:00;4545,22000;4561,06000;4551,90128;4553,64123;4559,71190;4549,40717;4515,92468;4494,57669;4490,85874;4481,96396;4470,63775;4474,81596;4537,77144;18,70619;28,53681;36,35226;7,81062;0,41754;UPTREND;REVERSAL_TO_HMA21;False;;2;8,13,21;HMA8:UP|HMA13:UP|HMA21:UP;3;0;True;False;;;;8,13,21,34;;8,13,21,34;8,13,21,34;;8,13,21,34;;False;UP;2,90000;6.45%;UP;5,19000;11.54%;UP;18,69000;41.54%
2026-05-21 05:00:00;4561,35000;4533,24000;4548,72726;4551,25645;4559,15412;4553,24691;4521,30237;4497,19967;4492,69643;4483,57942;4471,51203;4474,63351;4536,38351;19,75075;28,75831;39,46439;10,42686;0,52792;UPTREND;;False;;1;8,13,21;HMA8:DOWN|HMA13:DOWN|HMA21:DOWN;0;3;False;True;;;;8,13,21,34;8,13,21,34,377;8,13,21,34,377;;8,13,21,34,377;;8,13,21,34,377;False;DOWN;1,89000;4.21%;DOWN;0,62000;1.38%;DOWN;15,24000;33.87%
2026-05-21 06:00:00;4533,16000;4528,29000;4538,29206;4545,27308;4555,93820;4555,32671;4525,93006;4499,62974;4494,39493;4485,10723;4472,39546;4474,48223;4535,02617;19,27427;28,56802;39,55076;17,64614;0,91553;UPTREND;;False;;0;8,13,21;HMA8:DOWN|HMA13:DOWN|HMA21:DOWN;0;3;False;True;;;;8,13,21,34;8,13,21,34,377;8,13,21,34,377;;;;;False;DOWN;-5,49000;12.21%;DOWN;-3,89000;8.65%;DOWN;11,94000;26.54%
2026-05-21 07:00:00;4528,28000;4538,40000;4533,42767;4540,09170;4552,24579;4556,44816;4530,15924;4502,00642;4496,05525;4486,61005;4473,31490;4474,38824;4533,71101;18,83325;28,40251;38,11654;18,81813;0,99920;UPTREND;;False;;0;8,13,21;HMA8:DOWN|HMA13:DOWN|HMA21:DOWN;0;3;False;True;8,55,377;8,55,377;;8,13,21,34,55,377;8,13,21,34,377;8,13,21,34,377;8,55,377;;55,377;;False;DOWN;-9,30000;20.67%;DOWN;-6,45000;14.34%;DOWN;8,43000;18.73%
2026-05-21 08:00:00;4538,41000;4527,91000;4528,32987;4534,78047;4547,32214;4556,21318;4533,74936;4504,19534;4497,57390;4488,01446;4474,21804;4474,30804;4532,41636;19,03516;27,42063;56,98330;18,99226;0,99775;DOWNTREND;REVERSAL_TO_HMA55;False;;2;8,13;HMA8:DOWN|HMA13:DOWN|HMA21:DOWN;0;3;False;True;;;;;8,13,55,377;8,13,377;;8,13,55,377;;55;False;DOWN;-17,20000;38.23%;DOWN;-8,64000;19.2%;DOWN;4,37000;9.71%
2026-05-21 09:00:00;4527,85000;4521,53000;4523,26924;4528,60445;4541,67228;4554,58605;4536,57810;4506,14583;4498,90752;4489,28359;4475,07475;4474,21232;4531,12820;19,16693;26,50888;55,59920;18,40304;0,96015;DOWNTREND;;False;;1;8,13;HMA8:DOWN|HMA13:DOWN|HMA21:DOWN;0;3;False;True;8;;8;;8,13,55,377;8,13,377;;8;;;False;DOWN;-18,37000;40.82%;DOWN;-11,19000;24.86%;DOWN;0,32000;0.72%
2026-05-21 10:00:00;4521,77000;4519,68000;4519,55333;4522,05114;4535,69169;4552,00130;4538,68085;4507,87040;4500,06399;4490,41244;4475,87941;4474,09775;4529,84110;18,67358;25,03748;51,36541;16,13836;0,86423;DOWNTREND;;False;;0;8,13;HMA8:DOWN|HMA13:DOWN|HMA21:DOWN;0;3;False;True;8;;8;;8,13,55,377;8,13,377;;8;;;False;DOWN;-14,08000;31.3%;DOWN;-15,75000;34.99%;DOWN;-3,50000;7.77%
2026-05-21 11:00:00;4519,77000;4532,51000;4521,68469;4520,43142;4531,19727;4549,32492;4540,48801;4509,57402;4501,18359;4491,49581;4476,68947;4474,00842;4528,57349;18,65190;24,53848;53,04327;10,76585;0,57720;DOWNTREND;;False;;0;8,13;HMA8:UP|HMA13:DOWN|HMA21:DOWN;1;2;False;True;8;;8;8,13,21,377;8,13,55,377;8,13,377;8,13,21,377;;8,13,21,377;;True;UP;-8,94000;19.88%;DOWN;-15,40000;34.22%;DOWN;-6,29000;13.98%
2026-05-21 12:00:00;4532,43000;4530,64000;4526,44196;4521,71533;4528,03518;4546,57027;4542,02957;4511,25379;4502,25826;4492,52825;4477,49616;4473,93890;4527,31895;18,39319;24,45170;52,93476;6,31985;0,34360;DOWNTREND;;False;;0;8,13;HMA8:UP|HMA13:UP|HMA21:DOWN;2;1;True;False;8,21;;8,21;8,13,21,377;8,13,21,55,377;8,13,377;;21;;21;False;UP;-1,47000;3.27%;UP;-12,05000;26.78%;DOWN;-8,42000;18.7%
2026-05-21 13:00:00;4530,55000;4511,50000;4522,81430;4519,97473;4524,00527;4542,88782;4542,79292;4512,67267;4503,13013;4493,39735;4478,21551;4473,82807;4526,04255;19,23153;22,84027;52,03309;4,03054;0,20958;DOWNTREND;;False;;0;8,13;HMA8:DOWN|HMA13:DOWN|HMA21:DOWN;0;3;False;True;8,13,21,89,377;;8,13,21,89,377;8,13,21,377;8,13,21,55,89,377;8,13,21,377;;8,13,21,89,377;;21,89;False;DOWN;-0,34000;0.75%;DOWN;-9,89000;21.98%;DOWN;-9,84000;21.87%
2026-05-21 14:00:00;4511,63000;4514,11000;4516,97681;4516,89339;4519,86187;4538,77427;4542,92851;4513,94521;4503,86243;4494,13781;4478,86764;4473,69179;4524,75008;18,79000;21,34395;52,69982;2,96848;0,15798;DOWNTREND;;False;;0;8,13;HMA8:DOWN|HMA13:DOWN|HMA21:DOWN;0;3;False;True;8,13,21,89,377;;8,13,21,89,377;8,13,21,89,377;8,13,21,55,89,377;8,13,21,377;89;;89;;True;DOWN;-1,96000;4.36%;DOWN;-9,02000;20.03%;DOWN;-11,97000;26.61%
2026-05-21 15:00:00;4514,46000;4504,11000;4508,73759;4511,86181;4515,05646;4533,85945;4542,28354;4514,95496;4504,41449;4494,70695;4479,41348;4473,50545;4523,42675;18,70500;20,39678;51,37359;6,31887;0,33782;DOWNTREND;;False;;0;8,13;HMA8:DOWN|HMA13:DOWN|HMA21:DOWN;0;3;False;True;8,13,21,89,116,377;;8,13,21,89,116,377;8,13,21,89,377;8,13,21,55,89,116,377;8,13,21,377;;8,13,89,116;;89,116;False;DOWN;-9,82000;21.82%;DOWN;-8,48000;18.86%;DOWN;-13,27000;29.48%
2026-05-21 16:00:00;4503,28000;4513,11000;4505,43081;4508,82490;4511,29389;4528,96967;4541,23192;4515,84796;4504,90124;4495,18649;4479,90755;4473,30721;4522,08934;19,66607;20,30776;47,48658;5,86307;0,29813;DOWNTREND;;False;;0;8,13;HMA8:DOWN|HMA13:DOWN|HMA21:DOWN;0;3;False;True;8,13,21,89,116,377;;8,13,21,89,116,377;8,13,21,89,116,377;8,13,21,55,89,116,377;8,13,21,377;8,13,21,116;;8,13,21,116;;True;DOWN;-14,95000;33.23%;DOWN;-6,40000;14.21%;DOWN;-12,79000;28.42%
2026-05-21 17:00:00;4513,19000;4508,81000;4505,84017;4506,14393;4508,29715;4524,16714;4539,71880;4516,59788;4505,30009;4495,57622;4480,33979;4473,08983;4520,73228;19,48421;20,22509;47,65240;2,45698;0,12610;DOWNTREND;;False;;0;8,13;HMA8:UP|HMA13:DOWN|HMA21:DOWN;1;2;False;True;8,13,21,89,116,377;;8,13,21,89,116,377;8,13,21,89,116,377;8,13,21,55,89,116,377;8,13,21,377;;13,21;;;False;UP;-12,29000;27.3%;DOWN;-6,97000;15.48%;DOWN;-12,71000;28.25%
2026-05-21 18:00:00;4508,86000;4511,92000;4507,77404;4505,28918;4506,40918;4519,92786;4537,90964;4517,26915;4505,66733;4495,91165;4480,74062;4472,87125;4519,36324;19,42033;20,24583;48,84317;2,48486;0,12795;DOWNTREND;;False;;0;8,13;HMA8:UP|HMA13:DOWN|HMA21:DOWN;1;2;False;True;8,13,21,89,116,377;;8,13,21,89,116,377;8,13,21,89,116,377;8,13,21,55,89,116,377;8,13,21,377;;;;;False;UP;-6,76000;15.01%;DOWN;-8,02000;17.83%;DOWN;-11,90000;26.44%
2026-05-21 19:00:00;4511,84000;4519,45000;4513,41717;4507,56590;4506,28701;4516,66705;4536,11818;4517,96871;4506,08580;4496,25371;4481,14889;4472,68249;4517,99702;18,65960;19,76566;58,21485;7,13015;0,38212;UPTREND;REVERSAL_TO_HMA377;False;;0;8;HMA8:UP|HMA13:UP|HMA21:DOWN;2;1;True;False;;;;8,34,89,377;;8,89;8,34,89,377;;8,34,89,377;;False;UP;3,59000;7.97%;UP;-6,32000;14.05%;DOWN;-10,74000;23.86%
2026-05-21 20:00:00;4519,70000;4551,45000;4530,62341;4518,36717;4510,70515;4516,07937;4535,25226;4519,11252;4506,84878;4496,81815;4481,71093;4472,63476;4516,68671;20,55177;19,88626;52,73201;19,91826;0,96917;UPTREND;ADVANCE_HMA55;False;;0;8;HMA8:UP|HMA13:UP|HMA21:UP;3;0;True;False;8,55;8,55;;8,34,55,89,377;;8,89;8,55;;55;;False;UP;17,04000;37.86%;UP;0,68000;1.52%;UP;-6,93000;15.4%
2026-05-21 21:00:00;4551,46000;4531,92000;4540,59972;4528,35966;4515,84313;4516,42132;4534,58530;4520,38797;4507,73723;4497,46592;4482,33010;4472,65993;4515,40070;21,12950;19,99824;54,75157;24,75659;1,17166;UPTREND;;False;;0;8;HMA8:UP|HMA13:UP|HMA21:UP;3;0;True;False;8,55;8,55;;8,34,55,89,377;8,55;8,89;;8,55;;8,55;True;UP;22,36000;49.68%;UP;7,41000;16.48%;UP;-4,16000;9.24%
2026-05-21 22:00:00;4531,93000;4543,06000;4546,03917;4537,65278;4522,24337;4518,12454;4534,38818;4521,92690;4508,85029;4498,26027;4483,05295;4472,79215;4514,15832;20,60668;20,10223;53,74485;23,79580;1,15476;UPTREND;;False;;0;8;HMA8:UP|HMA13:UP|HMA21:UP;3;0;True;False;8,13,55;8,13,55;;8,13,34,55,89,377;8,55;8,13,89;8,13,55;;13,55;;False;UP;24,90000;55.34%;UP;13,12000;29.17%;UP;-1,61000;3.58%
2026-05-21 23:00:00;4543,34000;4542,54000;4548,45631;4544,28604;4528,89340;4520,64494;4534,51500;4523,66070;4510,16784;4499,18378;4483,86816;4473,02747;4512,95931;19,49406;20,26015;51,62681;19,56291;1,00353;UPTREND;;False;;0;8;HMA8:UP|HMA13:UP|HMA21:UP;3;0;True;False;8,13,55;8,13,55;;8,13,34,55,89,377;8,13,55;8,13,89;;13;;13;True;UP;24,20000;53.77%;UP;18,06000;40.14%;UP;1,44000;3.19%
2026-05-22 01:00:00;4542,18000;4543,22000;4546,86030;4548,99984;4534,94140;4523,56174;4534,89619;4525,54819;4511,66150;4500,23337;4484,76981;4473,36307;4511,80651;18,55591;20,47598;50,80714;14,05844;0,75763;UPTREND;;False;;0;8;HMA8:DOWN|HMA13:UP|HMA21:UP;2;1;True;False;8,13,55;8,13,55;;8,13,34,55,89,377;8,13,55;8,13,89;;;;;False;DOWN;12,34000;27.42%;UP;21,44000;47.63%;UP;4,65000;10.32%
2026-05-22 02:00:00;4543,19000;4535,46000;4542,87763;4549,25614;4539,61276;4526,13701;4535,20646;4527,42535;4513,22774;4501,34967;4485,71736;4473,76760;4510,68705;18,11192;20,02747;49,95067;9,64338;0,53243;UPTREND;;False;;0;8;HMA8:DOWN|HMA13:UP|HMA21:UP;2;1;True;False;8,13,55;8,13,55;;8,13,34,55,89,377;8,13,21,55;8,13,89;;8,21;;8,21;True;DOWN;1,80000;4.0%;UP;20,99000;46.64%;UP;7,72000;17.16%
2026-05-22 03:00:00;4535,93000;4526,61000;4534,84054;4544,37216;4541,61318;4528,01928;4535,16053;4529,13400;4514,75396;4502,46415;4486,66763;4474,20830;4509,58669;17,92535;19,01204;50,01813;9,53162;0,53174;DOWNTREND;REVERSAL_TO_HMA34;False;;0;8;HMA8:DOWN|HMA13:DOWN|HMA21:UP;1;2;False;True;;;;;8,34,55,89;8,55;;8,34,55,89;;8,34,55,89;False;DOWN;-8,88000;19.73%;DOWN;13,59000;30.21%;UP;9,60000;21.33%
2026-05-22 04:00:00;4526,15000;4526,34000;4527,47113;4537,90982;4541,54420;4529,22489;4534,77658;4530,63544;4516,22293;4503,57042;4487,61357;4474,68468;4508,50654;17,71711;17,70780;47,78549;14,07307;0,79432;DOWNTREND;;False;;0;8;HMA8:DOWN|HMA13:DOWN|HMA21:DOWN;0;3;False;True;;;;;8,34,55,89;8,55;;;;;False;DOWN;-16,49000;36.66%;DOWN;5,13000;11.41%;DOWN;10,63000;23.62%
2026-05-22 05:00:00;4526,29000;4523,16000;4522,34511;4531,02687;4539,64073;4529,76824;4534,10403;4531,85916;4517,58971;4504,63951;4488,53559;4475,18585;4507,44217;17,21946;16,58514;47,43403;17,29562;1,00442;DOWNTREND;;False;;0;8;HMA8:DOWN|HMA13:DOWN|HMA21:DOWN;0;3;False;True;8;;8;;8,34,55,89;8,55;;8;;;False;DOWN;-19,59000;43.54%;DOWN;-3,67000;8.15%;DOWN;10,92000;24.27%
2026-05-22 06:00:00;4523,17000;4529,41000;4522,30863;4526,70582;4537,29015;4530,25186;4533,36463;4532,87932;4518,89650;4505,70941;4489,45305;4475,72728;4506,40405;16,75950;15,49030;46,37232;14,98152;0,89391;DOWNTREND;;False;;0;8;HMA8:DOWN|HMA13:DOWN|HMA21:DOWN;0;3;False;True;8;;8;13;8,34,55,89;8,55;13;;13;;True;DOWN;-17,06000;37.91%;DOWN;-9,92000;22.04%;DOWN;10,48000;23.29%
2026-05-22 07:00:00;4529,41000;4527,17000;4524,44861;4524,09779;4534,55993;4530,70598;4532,57033;4533,69786;4520,10591;4506,75584;4490,34851;4476,29666;4505,38860;16,09382;14,55921;46,78117;10,46214;0,65007;DOWNTREND;;False;;0;8;HMA8:UP|HMA13:DOWN|HMA21:DOWN;1;2;False;True;8;;8;13;8,34,55,89;8,55;;;;;False;UP;-9,17000;20.38%;DOWN;-14,46000;32.13%;DOWN;8,43000;18.74%
2026-05-22 08:00:00;4527,08000;4511,21000;4520,02080;4519,88864;4530,25622;4530,26743;4531,36760;4534,10927;4521,09017;4507,67098;4491,14313;4476,83613;4504,37145;16,85712;14,76979;48,44435;10,36757;0,61503;DOWNTREND;ADVANCE_HMA13;False;;0;8;HMA8:DOWN|HMA13:DOWN|HMA21:DOWN;0;3;False;True;8,13,116;;8,13,116;13;8,13,34,55,89,116;8,13,55;;8,13,116;;13,116;False;DOWN;-6,31000;14.01%;DOWN;-16,19000;35.98%;DOWN;4,89000;10.86%
2026-05-22 09:00:00;4511,43000;4526,86000;4519,80004;4518,55897;4526,84239;4529,97632;4530,34901;4534,37697;4522,01281;4508,55866;4491,90873;4477,39493;4503,37946;16,98090;14,96533;55,60786;8,28342;0,48781;DOWNTREND;;False;;0;8;HMA8:DOWN|HMA13:DOWN|HMA21:DOWN;0;3;False;True;8,13,116;;8,13,116;8,13,21,116;8,13,34,55,89,116;8,13,55;8,13,21,116;;8,13,21,116;;True;DOWN;-2,15000;4.77%;DOWN;-14,22000;31.59%;DOWN;1,55000;3.45%
2026-05-22 10:00:00;4526,55000;4521,86000;4520,58970;4518,33803;4523,81861;4529,45079;4529,39752;4534,46121;4522,83997;4509,39929;4492,62040;4477,94981;4502,40363;16,56798;15,14691;56,01499;5,48058;0,33079;DOWNTREND;;False;;0;8;HMA8:UP|HMA13:DOWN|HMA21:DOWN;1;2;False;True;8,13,21,116;;8,13,21,116;8,13,21,116;8,13,21,34,55,89,116;8,13,21,55;;21,116;;21,116;False;UP;-1,49000;3.3%;DOWN;-11,14000;24.75%;DOWN;-1,75000;3.9%
2026-05-22 11:00:00;4522,08000;4521,84000;4520,76537;4518,96995;4521,49092;4528,68002;4528,51338;4534,39908;4523,58753;4510,19732;4493,28839;4478,49615;4501,44338;16,39669;14,90813;52,87100;2,52097;0,15375;UPTREND;REVERSAL_TO_HMA21;False;;0;21;HMA8:UP|HMA13:UP|HMA21:DOWN;2;1;True;False;;;;21;;;21;;21;;False;UP;-3,21000;7.14%;UP;-6,99000;15.53%;DOWN;-4,69000;10.42%
2026-05-22 12:00:00;4521,81000;4532,20000;4525,92744;4521,51277;4521,17352;4528,29335;4527,98880;4534,35799;4524,36594;4511,02830;4493,96389;4479,06447;4500,51369;16,73264;14,20318;60,19313;4,75393;0,28411;UPTREND;ADVANCE_HMA34;False;;0;21;HMA8:UP|HMA13:UP|HMA21:DOWN;2;1;True;False;8,34,55,116;8,34,55,116;;8,21,34,55,116;;8,116;8,34,55,116;;8,34,55,116;;False;UP;5,04000;11.21%;UP;-2,96000;6.58%;DOWN;-6,29000;13.97%
2026-05-22 13:00:00;4532,31000;4514,64000;4523,94194;4521,60068;4520,17533;4527,23638;4527,28835;4534,10067;4525,01037;4511,78586;4494,57194;4479,59976;4499,58494;17,43960;13,95853;62,68176;3,76662;0,21598;DOWNTREND;REVERSAL_TO_HMA21;False;;2;8,13,21;HMA8:DOWN|HMA13:UP|HMA21:DOWN;1;2;False;True;;;;;8,13,21,34,55,116;8,21,34,55;;8,13,21,34,55,116;;8,13,21,34,55,116;False;DOWN;3,40000;7.55%;UP;-1,37000;3.04%;DOWN;-7,01000;15.57%
2026-05-22 14:00:00;4514,62000;4520,65000;4521,01596;4521,52539;4519,44784;4525,86908;4526,61778;4533,73340;4525,58636;4512,52422;4495,15102;4480,12271;4498,66600;17,15105;13,73136;64,22258;2,07755;0,12113;DOWNTREND;;False;;1;8,13,21;HMA8:DOWN|HMA13:DOWN|HMA21:DOWN;0;3;False;True;;;;21;8,13,21,34,55,116;8,21,34,55;21;;21;;False;DOWN;0,36000;0.79%;DOWN;0,91000;2.02%;DOWN;-7,34000;16.31%
2026-05-22 15:00:00;4520,27000;4528,25000;4522,90976;4522,34082;4519,72756;4524,86201;4526,18886;4533,36236;4526,16815;4513,29784;4495,74400;4480,66102;4497,76799;17,41241;13,10476;67,80962;3,18220;0,18275;DOWNTREND;;False;;0;8,13,21;HMA8:UP|HMA13:UP|HMA21:UP;3;0;True;False;;;;8,13,21,34,55,116;8,13,21,34,55,116;8,13,21,34,55,116;8,13,34,55,116;;8,13,34,55,116;;False;UP;1,76000;3.92%;UP;2,07000;4.61%;UP;-6,52000;14.5%
2026-05-22 16:00:00;4528,36000;4513,87000;4519,89319;4521,24946;4519,05664;4523,36911;4525,54594;4532,81473;4526,61961;4514,01286;4496,28874;4481,16965;4496,86709;17,87652;12,28348;73,85240;2,19282;0,12266;DOWNTREND;ADVANCE_HMA144;False;;0;8,13,21;HMA8:DOWN|HMA13:DOWN|HMA21:DOWN;0;3;False;True;8,13,34,55,116,144;;8,13,34,55,116,144;8,13,21,34,55,116;8,13,21,34,55,116,144;8,13,21,34,55,116;;8,13,21,34,55,116,144;;13,116,144;False;DOWN;-4,82000;10.72%;DOWN;1,55000;3.46%;DOWN;-5,82000;12.94%
2026-05-22 17:00:00;4513,24000;4500,58000;4511,06394;4515,84756;4516,63293;4520,87124;4524,39975;4531,95131;4526,83231;4514,59190;4496,73138;4481,61071;4495,94521;18,22391;13,02382;63,42306;5,56899;0,30559;DOWNTREND;;False;;0;8,13,21;HMA8:DOWN|HMA13:DOWN|HMA21:DOWN;0;3;False;True;8,13,34,55,116,144;;8,13,34,55,116,144;8,13,21,34,55,116;8,13,21,34,55,116,144;8,13,21,34,55,116;;8;;;False;DOWN;-10,02000;22.26%;DOWN;-1,64000;3.63%;DOWN;-5,62000;12.48%
2026-05-22 18:00:00;4500,60000;4520,08000;4509,82089;4512,74109;4515,20196;4518,92772;4523,35724;4531,07020;4527,00949;4515,16965;4497,17223;4482,05277;4495,03583;18,49292;12,88267;64,49480;5,38107;0,29098;DOWNTREND;;False;;0;8,13,21;HMA8:DOWN|HMA13:DOWN|HMA21:DOWN;0;3;False;True;8,13,34,55,116,144;;8,13,34,55,116,144;8,13,21,34,55,116,144;8,13,21,34,55,116,144;8,13,21,34,55,116;8,13,21,34,144;;21,34,144;;True;DOWN;-8,61000;19.12%;DOWN;-4,52000;10.04%;DOWN;-4,65000;10.34%
2026-05-22 19:00:00;4520,02000;4514,90000;4511,07517;4511,60531;4513,87110;4517,20328;4522,26958;4530,12422;4527,08963;4515,71711;4497,59141;4482,47989;4494,13247;18,19914;12,35463;65,04042;2,79593;0,15363;DOWNTREND;;False;;0;8,13,21;HMA8:UP|HMA13:DOWN|HMA21:DOWN;1;2;False;True;8,13,21,34,55,116,144;;8,13,21,34,55,116,144;8,13,21,34,55,116,144;8,13,21,34,55,116,144;8,13,21,34,55,116;;21,34,144;;144;False;UP;-9,23000;20.52%;DOWN;-5,23000;11.62%;DOWN;-4,08000;9.06%
2026-05-22 20:00:00;4514,95000;4519,16000;4514,64570;4512,60690;4513,52371;4515,97945;4521,29630;4529,19502;4527,11967;4516,26328;4498,01358;4482,90687;4493,24405;17,93634;11,78482;65,59446;2,03880;0,11367;UPTREND;REVERSAL_TO_HMA144;False;;0;;HMA8:UP|HMA13:UP|HMA21:DOWN;2;1;True;False;;;;34,144;;144;34,144;;34,144;;False;UP;-4,18000;9.3%;UP;-4,74000;10.53%;DOWN;-3,28000;7.3%
2026-05-22 21:00:00;4519,23000;4515,09000;4517,34791;4513,12720;4513,43326;4515,07261;4520,29746;4528,24354;4527,06313;4516,77289;4498,42323;4483,32063;4492,36562;17,22018;11,35790;65,66352;4,22070;0,24510;UPTREND;;False;;0;;HMA8:UP|HMA13:UP|HMA21:DOWN;2;1;True;False;;;;34,144;8,34,144;144;;8,34,144;;8,34,144;True;UP;5,21000;11.58%;UP;-5,10000;11.32%;DOWN;-2,68000;5.95%
2026-05-22 22:00:00;4515,14000;4508,29000;4514,24726;4512,54846;4512,43455;4514,04409;4519,09992;4527,21363;4526,86311;4517,20631;4498,78901;4483,70242;4491,48753;16,81659;11,59664;63,36228;1,81271;0,10779;DOWNTREND;REVERSAL_TO_HMA21;False;;2;8,13,21;HMA8:DOWN|HMA13:DOWN|HMA21:DOWN;0;3;False;True;;;;;8,13,21,34;8,13,21,34;;8,13,21,34;;8,13,21,34;False;DOWN;3,76000;8.37%;DOWN;-4,93000;10.95%;DOWN;-2,97000;6.61%
2026-05-22 23:00:00;4508,42000;4507,54000;4509,92804;4511,15151;4511,05219;4512,73543;4517,75965;4526,11166;4526,53651;4517,56430;4499,11476;4484,05418;4490,60958;16,08255;11,84158;61,43441;1,22348;0,07607;DOWNTREND;;False;;1;8,13,21;HMA8:DOWN|HMA13:DOWN|HMA21:DOWN;0;3;False;True;;;;;8,13,21,34;8,13,21,34;;;;;False;DOWN;-1,02000;2.27%;DOWN;-2,79000;6.19%;DOWN;-3,25000;7.21%
2026-05-25 01:00:00;4543,08000;4564,97000;4528,85493;4521,38314;4515,68685;4514,46683;4517,85030;4525,73149;4526,62236;4518,21446;4499,66398;4484,56062;4489,82408;19,07951;13,52376;49,88333;13,16808;0,69017;DOWNTREND;;False;;0;8,13,21;HMA8:UP|HMA13:UP|HMA21:UP;3;0;True;False;;;;;8,13,21,34;8,13,21,34;;;;;False;UP;10,55000;23.44%;UP;4,32000;9.59%;UP;-1,13000;2.51%
2026-05-25 02:00:00;4565,00000;4566,99000;4554,75769;4538,07886;4524,63360;4518,60496;4519,16881;4526,03016;4527,09107;4519,14356;4500,42882;4485,21802;4489,12985;18,78383;15,58951;43,33073;30,12408;1,60372;DOWNTREND;;False;;0;8,13,21;HMA8:UP|HMA13:UP|HMA21:UP;3;0;True;False;;;;;8,13,21,34;8,13,21,34;;;;;False;UP;26,47000;58.82%;UP;13,22000;29.38%;UP;1,50000;3.32%
2026-05-25 03:00:00;4567,25000;4569,49000;4573,74141;4556,00788;4536,30296;4524,53231;4521,56945;4526,95428;4527,92498;4520,33066;4501,40679;4486,02298;4488,52712;18,39641;17,50771;42,26265;37,43845;2,03510;DOWNTREND;;False;;0;8,13,21;HMA8:UP|HMA13:UP|HMA21:UP;3;0;True;False;;;;8;8,13,21,34;8,13,21,34;8;;8;;False;UP;38,96000;86.57%;UP;21,46000;47.7%;UP;5,36000;11.9%
2026-05-25 04:00:00;4569,52000;4562,90000;4580,57815;4568,77114;4547,76040;4531,17206;4524,64225;4528,29450;4529,00861;4521,70000;4502,54779;4486,94221;4488,00155;18,21167;18,78873;40,71721;32,81775;1,80202;DOWNTREND;;False;;0;8,13,21;HMA8:UP|HMA13:UP|HMA21:UP;3;0;True;False;13;;13;8;8,13,21,34;8,13,21,34;;13;;;False;UP;44,12000;98.05%;UP;26,99000;59.97%;UP;9,70000;21.55%
2026-05-25 05:00:00;4562,84000;4561,31000;4575,41831;4576,22632;4556,91048;4537,75754;4528,16289;4529,95000;4530,26821;4523,21692;4503,82959;4487,96181;4487,54604;17,72369;19,84932;40,42157;19,31585;1,08983;DOWNTREND;;False;;0;8,13,21;HMA8:DOWN|HMA13:UP|HMA21:UP;2;1;True;False;13;;13;8;8,13,21,34;8,13,21,34;;;;;False;DOWN;33,30000;73.99%;UP;30,91000;68.7%;UP;13,24000;29.43%
2026-05-25 06:00:00;4561,33000;4559,78000;4567,38526;4578,25124;4563,80766;4543,58342;4531,90384;4531,82202;4531,64772;4524,84220;4505,23232;4489,06518;4487,15516;17,02772;20,62727;38,48800;14,44358;0,84824;DOWNTREND;;False;;0;8,13,21;HMA8:DOWN|HMA13:UP|HMA21:UP;2;1;True;False;13,21;;13,21;8;8,13,21,34;8,13,21,34;;21;;;False;DOWN;10,50000;23.34%;UP;33,30000;73.99%;UP;16,34000;36.32%
2026-05-25 07:00:00;4559,71000;4564,79000;4563,41052;4576,53863;4569,27916;4549,04727;4535,78687;4533,90544;4533,15861;4526,57417;4506,76125;4490,25885;4486,83356;16,26145;21,41309;35,66239;13,12811;0,80732;DOWNTREND;;False;;0;8,13,21;HMA8:DOWN|HMA13:DOWN|HMA21:UP;1;2;False;True;13,21;;13,21;8,21;8,13,21,34;8,13,21,34;8,21;;21;;True;DOWN;-9,02000;20.05%;DOWN;29,48000;65.51%;UP;18,93000;42.06%
2026-05-25 08:00:00;4564,82000;4553,33000;4558,55387;4571,06683;4572,27661;4553,49949;4539,25618;4535,95957;4534,65757;4528,31265;4508,33998;4491,49736;4486,55929;16,08778;21,43115;38,26651;13,72274;0,85299;DOWNTREND;;False;;0;8,13,21;HMA8:DOWN|HMA13:DOWN|HMA21:UP;1;2;False;True;8,13,21,34;;8,13,21,34;8,21;8,13,21,34;8,13,21,34;;8,34;;;False;DOWN;-18,89000;41.99%;DOWN;18,87000;41.93%;UP;20,09000;44.65%
2026-05-25 09:00:00;4553,32000;4562,44000;4557,95959;4566,59685;4574,19205;4557,62368;4542,59211;4538,03178;4536,20061;4530,09083;4509,99644;4492,80103;4486,34488;15,84936;21,31738;38,42298;16,23246;1,02417;DOWNTREND;;False;;0;8,13,21;HMA8:DOWN|HMA13:DOWN|HMA21:UP;1;2;False;True;8,13,21,34;;8,13,21,34;8,21,34;8,13,21,34;8,13,21,34;8,34;;34;;True;DOWN;-15,40000;34.22%;DOWN;6,35000;14.12%;UP;21,29000;47.31%
2026-05-25 10:00:00;4562,53000;4564,80000;4560,89333;4564,38827;4575,08703;4561,56716;4545,85658;4540,06930;4537,76415;4531,89664;4511,72294;4494,16322;4486,18973;15,61798;21,33429;38,10119;14,19370;0,90881;UPTREND;REVERSAL_TO_HMA13;False;;0;13;HMA8:UP|HMA13:DOWN|HMA21:UP;2;1;True;False;;;;13;;;13;;13;;False;UP;-5,93000;13.18%;DOWN;-2,68000;5.95%;UP;22,29000;49.54%
2026-05-25 11:00:00;4564,82000;4556,10000;4560,12183;4562,13922;4573,69559;4564,74350;4548,82425;4541,95443;4539,22107;4533,64526;4513,46259;4495,54614;4486,07602;15,32598;21,35000;37,55131;13,57375;0,88567;DOWNTREND;REVERSAL_TO_HMA8;False;;2;8,13;HMA8:DOWN|HMA13:DOWN|HMA21:DOWN;0;3;False;True;;;;;8,13,34;8,13;;8,13,34;;8,13,34;False;DOWN;-3,07000;6.82%;DOWN;-8,71000;19.35%;DOWN;20,73000;46.07%
2026-05-25 12:00:00;4556,13000;4567,56000;4562,64476;4562,05086;4572,35408;4567,74338;4551,82592;4543,85070;4540,69324;4535,38288;4515,25203;4496,97786;4486,01946;15,23413;21,64207;38,67019;10,30322;0,67633;DOWNTREND;;False;;1;8,13;HMA8:UP|HMA13:DOWN|HMA21:DOWN;1;2;False;True;;;;8,13,34;8,13,34;8,13;8,13,34;;8,13,34;;False;UP;3,84000;8.53%;DOWN;-10,05000;22.33%;DOWN;17,39000;38.65%
2026-05-25 13:00:00;4567,59000;4568,63000;4566,43126;4563,53173;4571,31276;4570,58401;4554,83209;4545,76824;4542,19392;4537,08347;4517,07489;4498,45129;4486,01708;14,58740;22,22139;37,68814;7,78103;0,53341;DOWNTREND;;False;;0;8,13;HMA8:UP|HMA13:UP|HMA21:DOWN;2;1;True;False;;;;8,13,34;8,13,34;8,13,34;34;;34;;False;UP;8,26000;18.36%;UP;-8,45000;18.78%;DOWN;13,50000;29.99%
2026-05-25 14:00:00;4568,68000;4569,44000;4569,14054;4566,43834;4570,87860;4573,10816;4557,82062;4547,70033;4543,73348;4538,75017;4518,91226;4499,95725;4486,06427;14,21116;22,97038;56,88478;4,44026;0,31245;UPTREND;REVERSAL_TO_HMA8;False;;0;8;HMA8:UP|HMA13:UP|HMA21:DOWN;2;1;True;False;;;;8;;8;8;;8;;False;UP;8,26000;18.34%;UP;-3,11000;6.9%;DOWN;9,24000;20.53%
2026-05-25 15:00:00;4569,45000;4567,64000;4570,52781;4568,49572;4570,83485;4575,14160;4560,71624;4549,60685;4545,29184;4540,37168;4520,75324;4501,47660;4486,15392;14,43108;22,06949;65,85282;2,33913;0,16209;UPTREND;;False;;0;8;HMA8:UP|HMA13:UP|HMA21:DOWN;2;1;True;False;;;;8;8,13;8;;8,13;;8,13;True;UP;10,22000;22.71%;UP;1,26000;2.79%;DOWN;5,51000;12.25%
2026-05-25 16:00:00;4567,69000;4563,10000;4568,11391;4568,69279;4570,30625;4576,40700;4563,33766;4551,41091;4546,82279;4541,92162;4522,57631;4502,98226;4486,27426;14,20386;21,31683;65,51330;2,19234;0,15435;DOWNTREND;REVERSAL_TO_HMA55;False;;0;;HMA8:DOWN|HMA13:UP|HMA21:DOWN;1;2;False;True;;;;;55;;;55;;55;False;DOWN;5,50000;12.22%;UP;2,89000;6.43%;DOWN;2,62000;5.82%
2026-05-25 17:00:00;4563,09000;4566,77000;4566,27191;4568,53476;4569,79585;4577,02164;4565,79587;4553,16309;4548,36108;4543,42575;4524,39885;4504,48772;4486,42742;13,78358;20,61793;67,82469;3,52394;0,25566;DOWNTREND;;False;;0;;HMA8:DOWN|HMA13:DOWN|HMA21:DOWN;0;3;False;True;;;;8,55;55;;8,55;;8,55;;True;DOWN;-0,17000;0.37%;DOWN;4,42000;9.83%;DOWN;0,21000;0.48%
2026-05-25 18:00:00;4566,56000;4570,88000;4567,43581;4568,91983;4569,83034;4577,18843;4568,18114;4554,89961;4549,93956;4544,91001;4526,23710;4506,00740;4486,61547;13,43833;20,30856;66,14911;2,39452;0,17819;UPTREND;REVERSAL_TO_HMA21;False;;2;8,13,21;HMA8:UP|HMA13:UP|HMA21:UP;3;0;True;False;;;;8,13,21,55;;8,13,21,55;8,13,21,55;;8,13,21,55;;False;UP;-1,82000;4.04%;UP;4,87000;10.82%;UP;-1,04000;2.32%
2026-05-25 19:00:00;4570,93000;4573,59000;4570,51981;4570,32011;4570,47225;4577,24449;4570,50427;4556,65756;4551,56286;4546,38773;4528,09686;4507,54949;4486,83738;12,95059;20,02128;64,93875;0,19970;0,01542;UPTREND;;False;;1;8,13,21;HMA8:UP|HMA13:UP|HMA21:UP;3;0;True;False;;;;8,13,21,55;;8,13,21,55;;;;;False;UP;-0,01000;0.02%;UP;4,99000;11.1%;UP;-1,65000;3.66%
2026-05-25 20:00:00;4573,45000;4565,08000;4570,33867;4570,18460;4570,58370;4576,85323;4572,51932;4558,31478;4553,14025;4547,80057;4529,93159;4509,08382;4487,07386;13,05340;19,19673;65,44254;0,39910;0,03057;UPTREND;;False;;0;8,13,21;HMA8:DOWN|HMA13:DOWN|HMA21:UP;1;2;False;True;;;;8,13,21,55;8,13,21,55;8,13,21,55;;8,13,21,55;;8,13,21,55;False;DOWN;2,44000;5.42%;DOWN;2,74000;6.09%;UP;-1,98000;4.39%
2026-05-25 21:00:00;4565,15000;4570,87000;4570,20413;4570,33484;4570,87142;4576,53294;4574,38601;4559,94706;4554,72212;4549,18553;4531,76563;4510,62809;4487,33391;12,62887;18,43107;65,64213;0,66729;0,05284;UPTREND;;False;;0;8,13,21;HMA8:DOWN|HMA13:UP|HMA21:UP;2;1;True;False;8,13,21;8,13,21;;8,13,21,55;8,13,21,55;8,13,21,55;8,13,21;;;;False;DOWN;4,45000;9.89%;UP;1,39000;3.09%;UP;-1,28000;2.85%
2026-05-26 01:00:00;4570,89000;4574,92000;4572,08456;4571,60081;4571,57807;4576,49531;4576,17561;4561,61163;4556,32745;4550,56894;4533,60931;4512,19247;4487,62340;12,21824;18,23204;63,89436;0,50649;0,04145;UPTREND;;False;;0;8,13,21;HMA8:UP|HMA13:UP|HMA21:UP;3;0;True;False;8,13,21,55;8,13,21,55;;8,13,21,55;8,13,21,55;8,13,21,55;8,13,21,55;;;;False;UP;5,43000;12.07%;UP;2,27000;5.05%;UP;-0,36000;0.81%
2026-05-26 02:00:00;4574,64000;4559,69000;4568,18883;4570,13252;4570,90156;4575,82281;4577,44894;4563,10143;4557,80425;4551,85433;4535,38734;4513,72507;4487,91761;13,12265;17,41528;66,38362;2,71272;0,20672;DOWNTREND;REVERSAL_TO_HMA89;False;;2;8,13,21;HMA8:DOWN|HMA13:DOWN|HMA21:DOWN;0;3;False;True;;;;;8,13,21,89;8,13,21;;8,13,21,89;;21,89;False;DOWN;-2,54000;5.65%;DOWN;1,16000;2.58%;DOWN;-0,18000;0.4%
2026-05-26 03:00:00;4560,00000;4549,60000;4558,96093;4564,57606;4568,27805;4574,09742;4577,95700;4564,30176;4559,06849;4552,98117;4537,05432;4515,19265;4488,20085;13,64532;17,89362;53,64071;9,31713;0,68281;DOWNTREND;ADVANCE_HMA144;False;;1;8,13,21;HMA8:DOWN|HMA13:DOWN|HMA21:DOWN;0;3;False;True;8,116,144;;8,116,144;;8,13,21,89,116,144;8,13,21;;8,116,144;;116,144;False;DOWN;-11,77000;26.17%;DOWN;-3,04000;6.75%;DOWN;-1,09000;2.43%
2026-05-26 04:00:00;4549,58000;4537,04000;4545,61889;4554,81778;4563,00953;4570,97263;4577,45836;4565,07691;4560,02473;4553,88667;4538,55440;4516,55869;4488,45417;14,26923;19,04697;46,33893;17,39064;1,21875;DOWNTREND;;False;;0;8,13,21;HMA8:DOWN|HMA13:DOWN|HMA21:DOWN;0;3;False;True;8,116,144,188;;8,116,144,188;;8,13,21,89,116,144,188;8,13,21;;8,188;;188;False;DOWN;-23,30000;51.79%;DOWN;-10,26000;22.81%;DOWN;-3,14000;6.98%
2026-05-26 05:00:00;4537,05000;4532,28000;4532,89152;4543,85205;4555,85553;4566,55422;4575,98778;4565,41052;4560,65744;4554,56517;4539,87608;4517,81546;4488,67204;13,92357;20,11794;45,34485;22,96401;1,64929;DOWNTREND;;False;;0;8,13,21;HMA8:DOWN|HMA13:DOWN|HMA21:DOWN;0;3;False;True;8,116,144,188;;8,116,144,188;;8,13,21,89,116,144,188;8,13,21;;8;;;False;DOWN;-35,13000;78.08%;DOWN;-17,50000;38.88%;DOWN;-5,93000;13.17%
2026-05-26 06:00:00;4532,28000;4542,32000;4530,06524;4536,19719;4549,30175;4561,92402;4573,99753;4565,49464;4561,08919;4555,10626;4541,07716;4519,00212;4488,87328;13,87760;20,45002;46,86520;19,23650;1,38616;DOWNTREND;;False;;0;8,13,21;HMA8:DOWN|HMA13:DOWN|HMA21:DOWN;0;3;False;True;8,116,144,188;;8,116,144,188;8,13,188;8,13,21,89,116,144,188;8,13,21;8,13,188;;8,13,188;;True;DOWN;-34,48000;76.62%;DOWN;-22,29000;49.54%;DOWN;-8,40000;18.67%
2026-05-26 07:00:00;4542,32000;4525,42000;4526,88515;4528,65807;4542,01121;4556,56759;4571,13080;4565,15063;4561,18527;4555,42104;4542,09078;4520,07060;4489,03209;14,28563;21,28596;46,07417;15,12606;1,05883;DOWNTREND;;False;;0;8,13,21;HMA8:DOWN|HMA13:DOWN|HMA21:DOWN;0;3;False;True;8,13,21,116,144,188;;8,13,21,116,144,188;8,13,188;8,13,21,89,116,144,188;8,13,21;;8,13,21,188;;188;False;DOWN;-29,31000;65.13%;DOWN;-26,61000;59.14%;DOWN;-11,02000;24.49%
2026-05-26 08:00:00;4525,32000;4527,19000;4524,49004;4523,18733;4535,08506;4551,02121;4567,70899;4564,48211;4561,00762;4555,54681;4542,94115;4521,03696;4489,15473;14,12808;22,10005;44,60535;11,89773;0,84213;DOWNTREND;;False;;0;8,13,21;HMA8:DOWN|HMA13:DOWN|HMA21:DOWN;0;3;False;True;8,13,21,116,144,188;;8,13,21,116,144,188;8,13,188;8,13,21,89,116,144,188;8,13,21;8,13;;8,13;;True;DOWN;-20,50000;45.56%;DOWN;-28,98000;64.4%;DOWN;-14,06000;31.25%
2026-05-26 09:00:00;4527,16000;4531,02000;4525,66030;4520,75361;4529,41020;4545,80994;4564,09287;4563,59600;4560,63676;4555,53375;4543,65823;4521,92291;4489,25075;13,76893;22,71879;44,16382;8,65659;0,62870;DOWNTREND;;False;;0;8,13,21;HMA8:UP|HMA13:DOWN|HMA21:DOWN;1;2;False;True;8,13,21,116,144,188;;8,13,21,116,144,188;8,13,21,188;8,13,21,89,116,144,188;8,13,21;21;;21;;True;UP;-7,48000;16.62%;DOWN;-27,94000;62.1%;DOWN;-16,65000;37.0%
2026-05-26 10:00:00;4531,06000;4538,20000;4529,94107;4522,82897;4525,75874;4541,43698;4560,64620;4562,65146;4560,17251;4555,45391;4544,28583;4522,75956;4489,33401;14,01401;23,64007;45,14230;7,11211;0,50750;DOWNTREND;;False;;0;8,13,21;HMA8:UP|HMA13:UP|HMA21:DOWN;2;1;True;False;8,13,21,116,144,188;;8,13,21,116,144,188;8,13,21,188;8,13,21,89,116,144,188;8,13,21;;;;;False;UP;-0,13000;0.28%;UP;-20,83000;46.29%;DOWN;-17,84000;39.65%
2026-05-26 11:00:00;4538,61000;4523,75000;4529,86763;4523,78137;4522,59854;4537,03924;4557,05374;4561,50890;4559,51404;4555,23569;4544,76910;4523,50577;4489,38414;14,33015;24,58954;46,02591;7,26909;0,50726;DOWNTREND;;False;;0;8,13,21;HMA8:DOWN|HMA13:UP|HMA21:DOWN;1;2;False;True;8,13,21,34,116,144,188;;8,13,21,34,116,144,188;8,13,21,188;8,13,21,34,89,116,144,188;8,13,21,34;;8,13,21,34;;34;False;DOWN;2,98000;6.62%;UP;-13,14000;29.2%;DOWN;-18,87000;41.93%
2026-05-26 12:00:00;4524,28000;4522,66000;4526,41102;4523,15404;4520,02129;4532,80500;4553,37088;4560,21022;4558,70968;4554,89527;4545,12008;4524,16760;4489,40336;14,32371;25,95895;42,62062;6,38973;0,44609;DOWNTREND;;False;;0;8,13,21;HMA8:DOWN|HMA13:DOWN|HMA21:DOWN;0;3;False;True;8,13,21,34,116,144,188,233;;8,13,21,34,116,144,188,233;8,13,21,188;8,13,21,34,89,116,144,188,233;8,13,21,34;;13,233;;233;False;DOWN;1,92000;4.27%;DOWN;-8,63000;19.18%;DOWN;-19,56000;43.46%
2026-05-26 13:00:00;4522,71000;4534,43000;4527,48780;4524,57406;4519,34839;4529,42789;4549,97226;4558,95867;4557,90753;4554,53438;4545,40696;4524,79376;4489,41435;14,81773;25,49356;43,84010;8,13941;0,54930;UPTREND;REVERSAL_TO_HMA34;False;;2;8,13;HMA8:UP|HMA13:UP|HMA21:DOWN;2;1;True;False;;;;8,13,34,233;;8,13,233;8,13,34,233;;8,13,34,233;;False;UP;1,77000;3.92%;UP;-2,63000;5.84%;DOWN;-18,27000;40.61%
2026-05-26 14:00:00;4534,44000;4507,15000;4520,07754;4521,63553;4517,16745;4525,30711;4546,16366;4557,38807;4556,87478;4554,00126;4545,51918;4525,30574;4489,37684;16,08218;26,02472;43,60148;4,46808;0,27783;UPTREND;;False;;1;8,13;HMA8:DOWN|HMA13:DOWN|HMA21:DOWN;0;3;False;True;;;;8,13,34,233;8,13,21,34,233;8,13,21,34,233;;8,13,21,34,233;;8,13,21,34,233;False;DOWN;-8,72000;19.37%;DOWN;-0,92000;2.05%;DOWN;-15,91000;35.36%
2026-05-26 15:00:00;4506,75000;4520,38000;4515,79063;4518,87236;4515,66054;4521,50744;4542,38200;4555,71857;4555,77041;4553,40769;4545,54139;4525,75916;4489,31690;16,58202;26,68076;44,57795;3,21181;0,19369;UPTREND;;False;;0;8,13;HMA8:DOWN|HMA13:DOWN|HMA21:DOWN;0;3;False;True;8,13,21;8,13,21;;8,13,21,34,233;8,13,21,34,233;8,13,21,34,233;8,13,21;;21;;False;DOWN;-11,98000;26.63%;DOWN;-1,08000;2.41%;DOWN;-13,63000;30.28%
2026-05-26 16:00:00;4520,38000;4514,03000;4513,70615;4515,15877;4513,90873;4517,89564;4538,49196;4553,90289;4554,55273;4552,72773;4545,45958;4526,14471;4489,22865;16,74402;26,49347;54,75272;1,45262;0,08675;UPTREND;;False;;0;8,13;HMA8:DOWN|HMA13:DOWN|HMA21:DOWN;0;3;False;True;8,13,21;8,13,21;;8,13,21,34,233;8,13,21,34,233;8,13,21,34,233;;8,13,21,34;;;False;DOWN;-10,74000;23.87%;DOWN;-4,37000;9.7%;DOWN;-11,94000;26.52%
2026-05-26 17:00:00;4514,07000;4515,21000;4511,93819;4513,07916;4512,34250;4514,63750;4534,60905;4551,97182;4553,26309;4551,98196;4545,29266;4526,47964;4489,11903;16,76374;26,59086;61,13050;1,14098;0,06806;UPTREND;;False;;0;8,13;HMA8:DOWN|HMA13:DOWN|HMA21:DOWN;0;3;False;True;8,13,21,34;8,13,21,34;;8,13,21,34,233;8,13,21,34,233;8,13,21,34,233;13,34;;34;;False;DOWN;-13,06000;29.01%;DOWN;-6,07000;13.5%;DOWN;-10,04000;22.3%
2026-05-26 18:00:00;4515,25000;4506,40000;4509,72737;4509,84733;4510,35765;4511,34952;4530,58809;4549,81866;4551,83109;4551,12413;4545,01023;4526,74497;4488,97918;16,50561;27,00908;63,55248;0,63028;0,03819;UPTREND;;False;;0;8,13;HMA8:DOWN|HMA13:DOWN|HMA21:DOWN;0;3;False;True;8,13,21,34;8,13,21,34;;8,13,21,34,233;8,13,21,34,233;8,13,21,34,233;;8,13,21,34;;;False;DOWN;-8,91000;19.8%;DOWN;-7,65000;17.01%;DOWN;-8,52000;18.93%
2026-05-26 19:00:00;4506,50000;4504,89000;4505,88424;4506,25937;4507,79969;4508,32204;4526,48078;4547,46379;4550,26424;4550,16262;4544,61671;4526,94537;4488,81202;16,13592;27,54062;63,16359;1,91545;0,11871;UPTREND;;False;;0;8,13;HMA8:DOWN|HMA13:DOWN|HMA21:DOWN;0;3;False;True;8,13,21,34;8,13,21,34;;8,13,21,34,233;8,13,21,34,233;8,13,21,34,233;;8,13;;;False;DOWN;-8,73000;19.39%;DOWN;-10,71000;23.8%;DOWN;-7,63000;16.95%
2026-05-26 20:00:00;4504,92000;4490,97000;4497,86015;4500,56153;4503,66668;4504,79678;4522,00937;4544,77323;4548,46026;4549,01978;4544,06438;4527,04208;4488,60131;16,22764;28,55403;57,94496;5,80653;0,35782;UPTREND;;False;;0;8,13;HMA8:DOWN|HMA13:DOWN|HMA21:DOWN;0;3;False;True;8,13,21,34;8,13,21,34;;8,13,21,34,233;8,13,21,34,233;8,13,21,34,233;;8,13,21,34;;;False;DOWN;-13,72000;30.49%;DOWN;-12,21000;27.14%;DOWN;-7,75000;17.23%
2026-05-26 21:00:00;4490,76000;4499,28000;4493,70191;4496,14054;4499,84334;4501,55106;4517,59915;4541,91402;4546,54461;4547,76693;4543,40440;4527,06976;4488,36768;16,27781;29,84496;54,21628;6,14143;0,37729;UPTREND;;False;;0;8,13;HMA8:DOWN|HMA13:DOWN|HMA21:DOWN;0;3;False;True;8,13,21,34;8,13,21,34;;8,13,21,34,233;8,13,21,34,233;8,13,21,34,233;8,13;;;;False;DOWN;-15,65000;34.77%;DOWN;-13,10000;29.12%;DOWN;-7,96000;17.68%
2026-05-26 22:00:00;4499,30000;4508,87000;4497,55502;4495,60661;4497,77483;4499,18972;4513,55405;4539,05069;4544,62996;4546,48146;4542,69387;4527,06804;4488,13185;15,98868;29,87549;54,23970;2,16823;0,13561;UPTREND;;False;;0;8,13;HMA8:UP|HMA13:DOWN|HMA21:DOWN;1;2;False;True;8,13,21,34;8,13,21,34;;8,13,21,34,233;8,13,21,34,233;8,13,21,34,233;21,34;;21,34;;False;UP;-10,78000;23.95%;DOWN;-11,52000;25.6%;DOWN;-7,92000;17.6%
2026-05-26 23:00:00;4508,89000;4506,93000;4502,94689;4497,50588;4496,95775;4497,53979;4509,86182;4536,19140;4542,70762;4545,16530;4541,93515;4527,03364;4487,89418;15,30163;29,85041;53,81114;5,98914;0,39141;UPTREND;;False;;0;8,13;HMA8:UP|HMA13:UP|HMA21:DOWN;2;1;True;False;8,13,21,34;8,13,21,34;;8,13,21,34,233;8,13,21,34,233;8,13,21,34,233;;;;;False;UP;-2,75000;6.11%;UP;-9,63000;21.39%;DOWN;-8,32000;18.5%
2026-05-27 01:00:00;4536,92000;4510,99000;4508,85917;4501,27196;4497,80351;4496,76137;4506,65733;4533,38682;4540,84085;4543,85194;4541,16080;4526,98320;4487,66364;17,10223;28,00537;57,32322;11,05566;0,64645;UPTREND;;False;;0;8,13;HMA8:UP|HMA13:UP|HMA21:UP;3;0;True;False;8,13,21,34;8,13,21,34;;8,13,21,34,233;8,13,21,34,89,233;8,13,21,34,233;;89,233;;89,233;True;UP;9,13000;20.3%;UP;-4,78000;10.62%;UP;-6,46000;14.36%
2026-05-27 02:00:00;4511,00000;4519,63000;4515,89520;4507,23187;4500,28959;4497,15035;4504,18937;4530,78458;4539,10426;4542,60152;4540,41663;4526,94764;4487,45579;17,56350;26,29212;58,05290;15,60561;0,88853;UPTREND;;False;;0;8,13;HMA8:UP|HMA13:UP|HMA21:UP;3;0;True;False;8,13,21,34;8,13,21,34;;8,13,21,34,233;8,13,21,34,89,233;8,13,21,34,233;8;;;;False;UP;17,53000;38.96%;UP;0,53000;1.17%;UP;-5,00000;11.11%
2026-05-27 03:00:00;4519,64000;4515,06000;4518,84065;4512,89993;4503,21718;4498,02998;4502,27484;4528,33008;4537,45398;4541,39593;4539,68547;4526,91460;4487,26516;17,14611;24,70124;57,69551;15,62346;0,91120;UPTREND;;False;;0;8,13;HMA8:UP|HMA13:UP|HMA21:UP;3;0;True;False;8,13,21,34;8,13,21,34;;8,13,21,34,233;8,13,21,34,89,233;8,13,21,34,233;;8;;;False;UP;17,24000;38.32%;UP;6,84000;15.2%;UP;-3,57000;7.93%
2026-05-27 04:00:00;4515,02000;4507,87000;4516,15576;4515,16272;4505,52508;4498,79614;4500,66590;4525,94209;4535,82372;4540,18651;4538,94413;4526,86129;4487,08111;16,93853;23,22050;57,96010;10,63068;0,62760;UPTREND;;False;;0;8,13;HMA8:DOWN|HMA13:UP|HMA21:UP;2;1;True;False;8,13,21,34;8,13,21,34;;8,13,21,34,233;8,13,21,34,89,233;8,13,21,34,233;;13;;;False;DOWN;11,03000;24.51%;UP;10,60000;23.56%;UP;-2,30000;5.12%
2026-05-27 05:00:00;4507,98000;4505,77000;4510,87461;4514,14162;4506,97519;4499,38654;4499,24638;4523,60318;4534,19926;4538,96931;4538,18526;4526,78293;4486,90183;16,53006;22,45566;54,70731;7,16644;0,43354;UPTREND;;False;;0;8,13;HMA8:DOWN|HMA13:DOWN|HMA21:UP;1;2;False;True;8,13,21,34;8,13,21,34;;8,13,21,34,233;8,13,21,34,89,233;8,13,21,34,233;;21;;;False;DOWN;1,75000;3.88%;DOWN;10,59000;23.52%;UP;-1,17000;2.61%
2026-05-27 06:00:00;4505,77000;4497,12000;4502,79217;4509,83281;4506,77628;4499,32112;4497,77668;4521,20794;4532,50138;4537,69675;4537,37701;4526,65705;4486,71542;16,44363;21,52298;53,44925;7,04064;0,42817;DOWNTREND;REVERSAL_TO_HMA55;False;;0;8;HMA8:DOWN|HMA13:DOWN|HMA21:DOWN;0;3;False;True;;;;;8,34,55;8,34,55;;8,34,55;;55;False;DOWN;-11,27000;25.04%;DOWN;7,12000;15.83%;DOWN;-0,36000;0.79%
2026-05-27 07:00:00;4497,06000;4510,15000;4501,50913;4507,21452;4507,03513;4499,49892;4496,65365;4518,93209;4530,86016;4536,46413;4536,58651;4526,52752;4486,54585;16,79408;20,20749;53,85913;5,70539;0,33973;DOWNTREND;;False;;0;8;HMA8:DOWN|HMA13:DOWN|HMA21:UP;1;2;False;True;;;;8,13,21,34,55;8,34,55;8,34,55;8,13,21,34,55;;8,13,21,34,55;;True;DOWN;-14,47000;32.15%;DOWN;3,38000;7.5%;UP;1,15000;2.55%
2026-05-27 08:00:00;4510,07000;4497,53000;4500,03357;4503,41965;4506,18418;4499,35167;4495,50082;4516,59869;4529,13918;4535,19061;4535,76001;4526,35497;4486,37410;17,16736;19,30704;54,66583;6,15061;0,35827;DOWNTREND;;False;;0;8;HMA8:DOWN|HMA13:DOWN|HMA21:DOWN;0;3;False;True;8,13,21,34;;8,13,21,34;8,13,21,34,55;8,13,21,34,55;8,13,21,34,55;;8,13,21,34;;13,21;False;DOWN;-13,21000;29.36%;DOWN;-2,12000;4.71%;DOWN;2,12000;4.7%
2026-05-27 09:00:00;4497,52000;4485,17000;4492,91039;4497,24058;4503,17009;4498,32712;4494,01324;4514,06544;4527,22432;4533,80279;4534,84772;4526,10215;4486,18250;17,33112;19,31534;53,80122;10,25971;0,59198;DOWNTREND;ADVANCE_HMA377;False;;0;8;HMA8:DOWN|HMA13:DOWN|HMA21:DOWN;0;3;False;True;8,13,21,34,377;;8,13,21,34,377;8,13,21,34,55;8,13,21,34,55,377;8,13,21,34,55,377;;8,13,55,377;;377;False;DOWN;-14,53000;32.28%;DOWN;-8,56000;19.03%;DOWN;1,78000;3.96%
2026-05-27 10:00:00;4486,18000;4481,90000;4485,01802;4489,68180;4498,55688;4496,54093;4492,22277;4511,33220;4525,11238;4532,28474;4533,84328;4525,76442;4485,96970;17,04819;19,56895;51,68809;13,53886;0,79415;DOWNTREND;;False;;0;8;HMA8:DOWN|HMA13:DOWN|HMA21:DOWN;0;3;False;True;8,13,21,34,377;;8,13,21,34,377;8,13,21,34,55;8,13,21,34,55,377;8,13,21,34,55,377;;8,377;;;False;DOWN;-14,61000;32.46%;DOWN;-13,99000;31.08%;DOWN;0,54000;1.19%
2026-05-27 11:00:00;4482,07000;4497,79000;4485,08135;4486,57606;4494,79188;4495,16420;4490,68965;4508,66323;4522,97683;4530,74708;4532,82262;4525,39754;4485,76263;17,03760;18,92330;51,60782;9,71053;0,56995;DOWNTREND;;False;;0;8;HMA8:UP|HMA13:DOWN|HMA21:DOWN;1;2;False;True;8,13,21,34,377;;8,13,21,34,377;8,13,21,34,55,377;8,13,21,34,55,377;8,13,21,34,55,377;8,13,21,34,55,377;;8,13,21,34,55,377;;True;UP;-13,55000;30.12%;DOWN;-15,09000;33.54%;DOWN;-1,01000;2.25%
2026-05-27 12:00:00;4497,79000;4490,13000;4487,24796;4485,46667;4491,45227;4493,73373;4489,21266;4505,98777;4520,76047;4529,14778;4531,75238;4524,97809;4485,55051;16,59634;18,32377;50,65798;5,98560;0,36066;DOWNTREND;;False;;0;8;HMA8:UP|HMA13:DOWN|HMA21:DOWN;1;2;False;True;8,13,21,34,55,377;;8,13,21,34,55,377;8,13,21,34,55,377;8,13,21,34,55,377;8,13,21,34,55,377;;21,34,55;;;False;UP;-10,90000;24.23%;DOWN;-13,75000;30.55%;DOWN;-3,05000;6.77%
2026-05-27 13:00:00;4490,15000;4445,74000;4472,16319;4475,75924;4484,13319;4489,98918;4486,63673;4502,75776;4518,08282;4527,21633;4530,43947;4524,36392;4485,26445;18,82518;20,02052;39,86107;11,97001;0,63585;DOWNTREND;;False;;0;8;HMA8:DOWN|HMA13:DOWN|HMA21:DOWN;0;3;False;True;8,13,21,34,55,377;;8,13,21,34,55,377;8,13,21,34,55,377;8,13,21,34,55,377;8,13,21,34,55,377;;8,13,21,34,55,377;;;False;DOWN;-15,40000;34.23%;DOWN;-15,56000;34.58%;DOWN;-5,79000;12.86%
2026-05-27 14:00:00;4446,06000;4428,57000;4446,39033;4458,49208;4472,64107;4483,69831;4482,73678;4498,85802;4514,85728;4524,88204;4528,83012;4523,51299;4484,88294;19,51052;22,14537;36,32446;26,25074;1,34547;DOWNTREND;;False;;0;8;HMA8:DOWN|HMA13:DOWN|HMA21:DOWN;0;3;False;True;8,13,21,34,55,377;;8,13,21,34,55,377;8,13,21,34,55,377;8,13,21,34,55,377;8,13,21,34,55,377;;;;;False;DOWN;-26,33000;58.52%;DOWN;-21,00000;46.66%;DOWN;-9,57000;21.26%
2026-05-27 15:00:00;4428,72000;4438,80000;4429,16517;4442,52169;4460,12666;4476,16113;4478,16425;4494,56514;4511,26114;4522,26370;4527,00229;4522,47756;4484,42829;20,88906;23,10830;39,81966;30,96149;1,48219;DOWNTREND;;False;;0;8;HMA8:DOWN|HMA13:DOWN|HMA21:DOWN;0;3;False;True;8,13,21,34,55,377;;8,13,21,34,55,377;8,13,21,34,55,377;8,13,21,34,55,377;8,13,21,34,55,377;8;;8;;True;DOWN;-33,79000;75.09%;DOWN;-23,59000;52.41%;DOWN;-12,64000;28.09%
2026-05-27 16:00:00;4438,28000;4427,30000;4418,94524;4428,88361;4447,18284;4467,31769;4472,86107;4489,82967;4507,26896;4519,33314;4524,93530;4521,23719;4483,88738;22,08198;24,78056;34,49181;28,23760;1,27876;DOWNTREND;;False;;0;8;HMA8:DOWN|HMA13:DOWN|HMA21:DOWN;0;3;False;True;8,13,21,34,55,377;;8,13,21,34,55,377;8,13,21,34,55,377;8,13,21,34,55,377;8,13,21,34,55,377;;8,13;;;False;DOWN;-37,71000;83.81%;DOWN;-24,65000;54.78%;DOWN;-15,10000;33.56%
2026-05-27 17:00:00;4427,28000;4433,91000;4419,40537;4419,98725;4436,34137;4458,47115;4467,25692;4484,87963;4503,02499;4516,17933;4522,69258;4519,83349;4483,27580;22,58541;25,26425;38,04372;16,93600;0,74986;DOWNTREND;;False;;0;8;HMA8:UP|HMA13:DOWN|HMA21:DOWN;1;2;False;True;8,13,21,34,55,377;;8,13,21,34,55,377;8,13,21,34,55,377;8,13,21,34,55,377;8,13,21,34,55,377;13;;13;;True;UP;-30,28000;67.3%;DOWN;-26,17000;58.15%;DOWN;-17,38000;38.62%
2026-05-27 18:00:00;4433,79000;4436,49000;4426,29878;4416,40199;4428,29115;4450,45431;4461,63715;4479,85651;4498,63929;4512,86118;4520,31280;4518,29536;4482,60267;21,92431;25,71339;39,17094;11,88916;0,54228;DOWNTREND;;False;;0;8;HMA8:UP|HMA13:DOWN|HMA21:DOWN;1;2;False;True;8,13,21,34,55,377;;8,13,21,34,55,377;8,13,21,34,55,377;8,13,21,34,55,377;8,13,21,34,55,377;21;;21;;True;UP;-12,90000;28.68%;DOWN;-27,70000;61.56%;DOWN;-19,56000;43.46%
2026-05-27 19:00:00;4436,57000;4450,73000;4437,59122;4421,34546;4424,23518;4444,19525;4456,60524;4475,03236;4494,31105;4509,50229;4517,88538;4516,68713;4481,89615;21,72186;25,39042;40,07599;16,24576;0,74790;UPTREND;REVERSAL_TO_HMA34;False;;0;8;HMA8:UP|HMA13:UP|HMA21:DOWN;2;1;True;False;;;;8,34;;8;8,34;;8,34;;False;UP;5,54000;12.31%;UP;-22,66000;50.36%;DOWN;-19,97000;44.38%
2026-05-27 20:00:00;4450,77000;4450,33000;4448,06150;4430,25687;4423,34634;4439,43718;4452,28615;4470,45023;4490,07496;4506,13249;4515,42404;4515,02052;4481,15990;21,09244;25,02720;39,80113;24,71516;1,17175;UPTREND;;False;;0;8;HMA8:UP|HMA13:UP|HMA21:DOWN;2;1;True;False;;;;8,34;;8;;;;;False;UP;19,04000;42.31%;UP;-12,58000;27.95%;DOWN;-19,63000;43.61%
2026-05-27 21:00:00;4450,21000;4454,33000;4454,95670;4440,01675;4425,02198;4436,25122;4448,73944;4466,23215;4486,00063;4502,80355;4512,96764;4513,32267;4480,40482;20,34512;24,43116;39,69309;29,93472;1,47135;UPTREND;ADVANCE_HMA55;False;;0;8;HMA8:UP|HMA13:UP|HMA21:UP;3;0;True;False;8,55;8,55;;8,34,55;;8;8,55;;55;;False;UP;23,60000;52.44%;UP;-1,18000;2.61%;UP;-18,93000;42.06%
2026-05-27 22:00:00;4454,34000;4450,90000;4456,83365;4447,53352;4428,23352;4434,07282;4445,74505;4462,38190;4482,09916;4499,50916;4510,51521;4511,59383;4479,63036;19,30976;23,87769;43,00411;28,60013;1,48112;UPTREND;;False;;0;8;HMA8:UP|HMA13:UP|HMA21:UP;3;0;True;False;8,55;8,55;;8,34,55;;8;;;;;False;UP;21,57000;47.93%;UP;9,14000;20.32%;UP;-18,13000;40.28%
2026-05-27 23:00:00;4450,87000;4455,98000;4457,21713;4453,51626;4433,08137;4432,95028;4443,36540;4458,95753;4478,45263;4496,29559;4508,10148;4509,86512;4478,84930;18,55406;23,08116;41,84914;24,13576;1,30083;UPTREND;;False;;0;8;HMA8:UP|HMA13:UP|HMA21:UP;3;0;True;False;8,13,55;8,13,55;;8,13,34,55;;8,13;13;;13;;False;UP;14,81000;32.92%;UP;16,76000;37.25%;UP;-15,38000;34.19%
2026-05-28 01:00:00;4453,66000;4457,25000;4457,93241;4457,85811;4438,85615;4432,65017;4441,49277;4455,92545;4475,06209;4493,19236;4505,74103;4508,15109;4478,06766;18,15948;21,85598;41,80521;19,07625;1,05048;UPTREND;ADVANCE_HMA89;False;;0;8;HMA8:UP|HMA13:UP|HMA21:UP;3;0;True;False;8,13,89;8,13,89;;8,13,34,55,89;;8,13;8,13,89;;89;;False;UP;7,74000;17.2%;UP;20,83000;46.29%;UP;-10,54000;23.42%
2026-05-28 02:00:00;4457,27000;4447,02000;4454,39287;4458,10784;4443,45931;4432,52092;4439,72002;4453,10958;4471,80473;4490,15117;4503,40374;4506,42660;4477,27273;17,87024;21,24873;41,77545;14,64854;0,81972;UPTREND;;False;;0;8;HMA8:DOWN|HMA13:UP|HMA21:UP;2;1;True;False;8,13,89;8,13,89;;8,13,34,55,89;8,89;8,13;;8,89;;8,89;True;DOWN;-0,45000;1.0%;UP;18,93000;42.06%;UP;-5,33000;11.84%
2026-05-28 03:00:00;4445,54000;4457,09000;4453,79535;4457,87918;4447,90600;4433,14938;4438,26783;4450,60328;4468,76317;4487,23528;4501,15081;4504,73331;4476,48432;17,62736;20,65777;45,23224;9,97318;0,56578;UPTREND;;False;;0;8;HMA8:DOWN|HMA13:DOWN|HMA21:UP;1;2;False;True;8,13,21,89;8,13,21,89;;8,13,21,34,55,89;8,89;8,13;8,21,89;;21,89;;False;DOWN;-2,47000;5.48%;DOWN;14,64000;32.53%;UP;0,24000;0.52%
2026-05-28 04:00:00;4457,23000;4409,87000;4437,11367;4447,53636;4446,49224;4431,81367;4435,84289;4447,72750;4465,47314;4484,13042;4498,76638;4502,92984;4475,63164;20,07684;21,74464;57,77727;10,42269;0,51914;DOWNTREND;REVERSAL_TO_HMA34;False;;2;8,13,21;HMA8:DOWN|HMA13:DOWN|HMA21:DOWN;0;3;False;True;;;;;8,13,21,34,55,89;8,13,21,34,55,89;;8,13,21,34,55,89;;8,13,21,34,55,89;False;DOWN;-14,05000;31.23%;DOWN;3,57000;7.94%;DOWN;2,89000;6.43%
2026-05-28 05:00:00;4409,88000;4394,39000;4410,54450;4429,67126;4439,36517;4428,20891;4432,23776;4444,32361;4461,82235;4480,75707;4496,19042;4500,98606;4474,69767;20,08063;23,20880;51,86228;28,82067;1,43525;DOWNTREND;;False;;1;8,13,21;HMA8:DOWN|HMA13:DOWN|HMA21:DOWN;0;3;False;True;;;;;8,13,21,34,55,89;8,13,21,34,55,89;;;;;False;DOWN;-30,54000;67.87%;DOWN;-8,43000;18.74%;DOWN;3,16000;7.01%
2026-05-28 06:00:00;4394,42000;4374,85000;4383,50856;4405,73809;4426,78475;4422,14894;4427,22819;4440,22152;4457,68031;4477,01364;4493,35438;4498,85310;4473,65922;20,74773;25,19958;40,04722;43,27619;2,08583;DOWNTREND;;False;;0;8,13,21;HMA8:DOWN|HMA13:DOWN|HMA21:DOWN;0;3;False;True;8;;8;;8,13,21,34,55,89;8,13,21,34,55,89;;8;;;False;DOWN;-40,50000;90.0%;DOWN;-21,00000;46.66%;DOWN;0,70000;1.56%
2026-05-28 07:00:00;4374,81000;4373,03000;4363,83183;4383,39568;4411,44497;4414,64929;4421,15055;4435,52330;4453,11348;4472,93272;4490,27267;4496,53960;4472,52271;20,37646;27,09321;36,20889;47,61314;2,33667;DOWNTREND;;False;;0;8,13,21;HMA8:DOWN|HMA13:DOWN|HMA21:DOWN;0;3;False;True;8;;8;;8,13,21,34,55,89;8,13,21,34,55,89;;8;;;False;DOWN;-47,82000;100%;DOWN;-31,34000;69.65%;DOWN;-3,34000;7.43%
2026-05-28 08:00:00;4373,03000;4387,95000;4363,39293;4369,46976;4397,95017;4407,32012;4414,79686;4430,56453;4448,34157;4468,65447;4487,03721;4494,11085;4471,32273;20,96029;27,88138;36,12371;34,55724;1,64870;DOWNTREND;;False;;0;8,13,21;HMA8:DOWN|HMA13:DOWN|HMA21:DOWN;0;3;False;True;8;;8;13;8,13,21,34,55,89;8,13,21,34,55,89;13;;13;;True;DOWN;-41,32000;91.83%;DOWN;-35,18000;78.17%;DOWN;-7,36000;16.35%
2026-05-28 09:00:00;4388,11000;4383,42000;4370,62844;4362,76306;4386,59883;4400,51300;4408,34497;4425,38955;4443,39220;4464,19364;4483,64695;4491,56225;4470,06084;20,62384;28,61324;36,55062;23,83577;1,15574;DOWNTREND;;False;;0;8,13,21;HMA8:UP|HMA13:DOWN|HMA21:DOWN;1;2;False;True;8,21;;8,21;13;8,13,21,34,55,89;8,13,21,34,55,89;;21;;;False;UP;-25,82000;57.38%;DOWN;-37,55000;83.44%;DOWN;-11,41000;25.36%
2026-05-28 10:00:00;4383,58000;4387,44000;4379,46683;4363,39738;4378,15310;4394,63076;4402,16670;4420,16603;4438,37343;4459,61969;4480,14579;4488,91888;4468,74865;20,09142;28,88768;35,68004;16,06945;0,79982;UPTREND;REVERSAL_TO_HMA21;False;;0;21;HMA8:UP|HMA13:UP|HMA21:DOWN;2;1;True;False;;;;21;;;21;;21;;False;UP;-2,88000;6.4%;UP;-34,91000;77.59%;DOWN;-15,29000;33.98%
2026-05-28 11:00:00;4388,04000;4386,93000;4386,14872;4367,83657;4372,18117;4389,55747;4396,50718;4414,99391;4433,35047;4454,97180;4476,55537;4486,19103;4467,38887;19,30418;29,14251;35,10444;18,31215;0,94861;UPTREND;;False;;0;21;HMA8:UP|HMA13:UP|HMA21:DOWN;2;1;True;False;;;;21;;;;;;;False;UP;16,12000;35.82%;UP;-28,10000;62.44%;DOWN;-19,05000;42.34%
2026-05-28 12:00:00;4386,91000;4393,50000;4390,71946;4375,41059;4369,10777;4385,44462;4391,63359;4410,05598;4428,45247;4450,33091;4472,93024;4483,41432;4465,99650;18,82174;29,06152;35,39333;21,61169;1,14823;UPTREND;ADVANCE_HMA55;False;;0;21;HMA8:UP|HMA13:UP|HMA21:DOWN;2;1;True;False;8,34,55;8,34,55;;8,21,34,55;;8;8,34,55;;8,34,55;;False;UP;19,95000;44.33%;UP;-15,03000;33.4%;DOWN;-21,56000;47.9%
2026-05-28 13:00:00;4393,55000;4382,96000;4389,87624;4380,65549;4367,51784;4381,45209;4387,24327;4405,29736;4423,63424;4445,66827;4469,24259;4480,56722;4464,55782;19,54090;29,44859;38,69839;22,35840;1,14418;DOWNTREND;REVERSAL_TO_HMA55;False;;0;8;HMA8:DOWN|HMA13:UP|HMA21:DOWN;1;2;False;True;;;;;8,34,55;8,34,55;;8,34,55;;8,34,55;False;DOWN;13,83000;30.74%;UP;-1,34000;2.98%;DOWN;-22,36000;49.69%
2026-05-28 14:00:00;4382,93000;4387,91000;4388,23785;4384,24327;4368,13516;4377,99384;4383,41394;4400,82274;4419,01384;4441,05801;4465,54114;4477,68118;4463,08521;18,81226;29,80802;38,78209;20,10269;1,06859;UPTREND;REVERSAL_TO_HMA13;False;;0;13;HMA8:DOWN|HMA13:UP|HMA21:UP;2;1;True;False;;;;13,55;;13;13,55;;13,55;;False;DOWN;6,65000;14.77%;UP;7,46000;16.57%;UP;-22,61000;50.25%
2026-05-28 15:00:00;4388,00000;4432,11000;4404,68200;4395,89380;4375,16008;4377,50143;4381,24653;4397,22505;4415,01701;4436,81335;4462,04921;4474,91181;4461,65297;21,32924;27,98603;46,85094;29,52192;1,38411;UPTREND;ADVANCE_HMA116;False;;0;13;HMA8:UP|HMA13:UP|HMA21:UP;3;0;True;False;8,89,116;8,89,116;;8,13,55,89,116;;8,13;8,13,89,116;;8,89,116;;False;UP;12,26000;27.24%;UP;14,51000;32.25%;UP;-16,75000;37.23%
2026-05-28 16:00:00;4432,59000;4430,50000;4424,17826;4410,92261;4385,91512;4379,29221;4380,47875;4394,37780;4411,58159;4432,93546;4458,76219;4472,25793;4460,25986;21,28715;26,54085;47,63413;38,26314;1,79748;UPTREND;;False;;0;13;HMA8:UP|HMA13:UP|HMA21:UP;3;0;True;False;8,89,116;8,89,116;;8,13,55,89,116;;8,13;;;;;False;UP;21,45000;47.67%;UP;20,41000;45.36%;UP;-10,87000;24.15%
2026-05-28 17:00:00;4430,50000;4469,28000;4451,69159;4433,26531;4402,45223;4384,92077;4381,92219;4392,69312;4409,00047;4429,65452;4455,86217;4469,84774;4458,96891;24,01450;26,75353;44,60504;49,23937;2,05040;UPTREND;;False;;0;13;HMA8:UP|HMA13:UP|HMA21:UP;3;0;True;False;8,13,89,116,144,188,377;8,13,89,116,144,188,377;;8,13,55,89,116,144,188,377;;8,13;8,13,144,188,377;;144,188,377;;False;UP;32,76000;72.8%;UP;24,42000;54.27%;UP;-2,14000;4.77%
2026-05-28 18:00:00;4470,07000;4482,22000;4479,66594;4457,94631;4422,49568;4394,06320;4385,46898;4392,19125;4407,28422;4427,00622;4453,38169;4467,71499;4457,79882;23,45632;27,09012;39,23627;57,17026;2,43731;UPTREND;;False;;0;13;HMA8:UP|HMA13:UP|HMA21:UP;3;0;True;False;8,13,89,116,144,188,377;8,13,89,116,144,188,377;;8,13,55,89,116,144,188,377;;8,13;8;;;;False;UP;44,26000;98.35%;UP;30,39000;67.53%;UP;5,97000;13.28%
2026-05-28 19:00:00;4482,26000;4510,96000;4505,42352;4486,53341;4445,91476;4406,99472;4391,36684;4393,07192;4406,59319;4425,10758;4451,41467;4465,94279;4456,79185;24,13230;28,10587;33,11251;59,50876;2,46594;UPTREND;;False;;0;13;HMA8:UP|HMA13:UP|HMA21:UP;3;0;True;False;8,13,89,116,144,188,377;8,13,89,116,144,188,377;;8,13,55,89,116,144,188,377;;8,13;8,13;;;;False;UP;46,22000;100%;UP;36,18000;80.39%;UP;13,81000;30.69%
2026-05-28 20:00:00;4511,08000;4508,89000;4522,29265;4510,66645;4469,58998;4421,95538;4398,96293;4395,08571;4406,76606;4423,86318;4449,89899;4464,49886;4455,93903;23,35999;29,13355;30,40851;52,70267;2,25611;UPTREND;;False;;0;13;HMA8:UP|HMA13:UP|HMA21:UP;3;0;True;False;8,13,89,116,144,188,377;8,13,89,116,144,188,377;;8,13,55,89,116,144,188,377;8,13;8,13;;8,13;;8,13;True;UP;46,40000;100%;UP;42,05000;93.44%;UP;21,38000;47.5%
2026-05-28 21:00:00;4508,88000;4500,89000;4523,25824;4525,01556;4490,15977;4437,52115;4407,43299;4397,91719;4407,59664;4423,15022;4448,74561;4463,32919;4455,22246;22,97571;29,92127;30,31180;34,85579;1,51707;UPTREND;;False;;0;13;HMA8:UP|HMA13:UP|HMA21:UP;3;0;True;False;8,13,89,116,144,188,377;8,13,89,116,144,188,377;;8,13,55,89,116,144,188,377;8,13;8,13;;;;;False;UP;37,91000;84.24%;UP;43,13000;95.84%;UP;27,18000;60.4%
2026-05-28 22:00:00;4501,22000;4497,89000;4515,33919;4529,65096;4506,38169;4452,49328;4416,18598;4401,34737;4408,93710;4422,88050;4447,89606;4462,39414;4454,63230;21,80459;30,56006;29,59031;23,26928;1,06717;UPTREND;;False;;0;13;HMA8:DOWN|HMA13:UP|HMA21:UP;2;1;True;False;8,13,89,116,144,188,377;8,13,89,116,144,188,377;;8,13,55,89,116,144,188,377;8,13,21;8,13;;21;;21;True;DOWN;22,25000;49.43%;UP;42,22000;93.83%;UP;32,19000;71.54%
2026-05-28 23:00:00;4497,68000;4496,32000;4505,16956;4526,92857;4517,78882;4466,23309;4424,88232;4405,17215;4410,66629;4422,98019;4447,29975;4461,65966;4454,16215;20,66497;31,00201;28,58568;21,75902;1,05294;UPTREND;;False;;0;13;HMA8:DOWN|HMA13:DOWN|HMA21:UP;1;2;False;True;8,13,89,116,144,188,377;8,13,89,116,144,188,377;;8,13,55,89,116,144,188,377;8,13,21;8,13;;;;;False;DOWN;-0,18000;0.39%;DOWN;37,07000;82.37%;UP;36,02000;80.05%
2026-05-29 01:00:00;4493,82000;4491,20000;4495,84015;4519,37613;4524,27117;4478,06683;4433,13458;4409,15576;4412,62108;4423,35523;4446,89263;4461,08540;4453,79586;19,82533;31,12940;28,04399;28,43102;1,43408;UPTREND;;False;;0;13;HMA8:DOWN|HMA13:DOWN|HMA21:UP;1;2;False;True;8,13,89,116,144,188,377;8,13,89,116,144,188,377;;8,13,55,89,116,144,188,377;8,13,21;8,13;;;;;False;DOWN;-18,45000;40.99%;DOWN;27,31000;60.7%;UP;38,22000;84.94%
2026-05-29 02:00:00;4491,29000;4495,14000;4492,09557;4510,65008;4526,86203;4488,30856;4440,98717;4413,26041;4414,73564;4423,97669;4446,65414;4460,65982;4453,53086;18,96781;31,11500;27,88356;34,76646;1,83292;UPTREND;;False;;0;13;HMA8:DOWN|HMA13:DOWN|HMA21:UP;1;2;False;True;8,13,89,116,144,188,377;8,13,89,116,144,188,377;;8,13,55,89,116,144,188,377;8,13,21;8,13;8;;;;False;DOWN;-22,33000;49.62%;DOWN;11,96000;26.59%;UP;38,65000;85.89%
2026-05-29 03:00:00;4495,26000;4496,12000;4492,47422;4503,51004;4526,56467;4497,14669;4448,44405;4417,39881;4416,95816;4424,78800;4446,55128;4460,36244;4453,35805;18,19939;31,24439;27,32123;34,09045;1,87316;DOWNTREND;REVERSAL_TO_HMA34;False;;0;;HMA8:UP|HMA13:DOWN|HMA21:DOWN;1;2;False;True;;;;;34;;;34;;34;False;UP;-17,44000;38.75%;DOWN;-3,75000;8.33%;DOWN;37,70000;83.77%
2026-05-29 04:00:00;4496,16000;4506,45000;4498,13676;4501,15781;4525,08195;4505,19955;4455,85684;4421,66633;4419,31618;4425,79520;4446,58912;4460,20261;4453,28297;18,91872;32,07952;27,26975;26,94519;1,42426;DOWNTREND;;False;;0;;HMA8:UP|HMA13:DOWN|HMA21:DOWN;1;2;False;True;;;;8,13,34;34;;8,13,34;;8,13,34;;True;UP;-5,31000;11.8%;DOWN;-11,87000;26.38%;DOWN;32,95000;73.22%
2026-05-29 05:00:00;4506,14000;4501,68000;4502,76396;4500,97288;4522,44304;4512,10723;4463,11613;4425,95505;4421,72710;4426,92713;4446,70292;4460,14044;4453,28739;18,47881;32,85499;27,71452;21,47016;1,16188;DOWNTREND;ADVANCE_HMA8;False;;0;;HMA8:UP|HMA13:DOWN|HMA21:DOWN;1;2;False;True;8;;8;8,13,34;8,34;;;8,34;;8,34;False;UP;5,35000;11.89%;DOWN;-14,50000;32.23%;DOWN;28,41000;63.13%
2026-05-29 06:00:00;4501,47000;4501,34000;4504,09359;4501,64095;4519,09063;4517,80562;4470,22005;4430,27375;4424,16623;4428,14161;4446,86918;4460,14909;4453,36051;17,67104;33,26389;33,19694;17,44969;0,98747;DOWNTREND;;False;;0;;HMA8:UP|HMA13:UP|HMA21:DOWN;2;1;True;False;8,13;;8,13;8,13,34;8,13,34;;;13;;13;False;UP;9,63000;21.41%;UP;-13,41000;29.81%;DOWN;22,49000;49.99%
2026-05-29 07:00:00;4501,21000;4514,02000;4508,65813;4505,05043;4517,05532;4522,91020;4477,48973;4434,79635;4426,75732;4429,49850;4447,12279;4460,24440;4453,51272;17,39525;34,10198;33,11499;12,00490;0,69012;UPTREND;REVERSAL_TO_HMA8;False;;2;8,13;HMA8:UP|HMA13:UP|HMA21:DOWN;2;1;True;False;;;;8,13;;8,13;8,13;;8,13;;False;UP;13,09000;29.1%;UP;-7,82000;17.37%;DOWN;15,26000;33.92%
2026-05-29 08:00:00;4514,02000;4514,86000;4513,49117;4509,75359;4516,29587;4527,17550;4484,86947;4439,49987;4429,49723;4430,98083;4447,45390;4460,41088;4453,73452;17,07559;34,90552;49,67519;6,54228;0,38314;UPTREND;;False;;1;8,13;HMA8:UP|HMA13:UP|HMA21:DOWN;2;1;True;False;;;;8,13;;8,13;;;;;False;UP;12,67000;28.15%;UP;-0,50000;1.11%;DOWN;8,70000;19.34%
2026-05-29 09:00:00;4514,89000;4523,60000;4520,03052;4516,08512;4517,52511;4530,83208;4492,42891;4444,46065;4432,44769;4432,63616;4447,89181;4460,65795;4454,02957;16,85305;35,93197;53,89912;3,94540;0,23411;UPTREND;ADVANCE_HMA21;False;;0;8,13;HMA8:UP|HMA13:UP|HMA21:UP;3;0;True;False;13,21;13,21;;8,13,21;;8,13,21;8,13,21;;21;;False;UP;14,37000;31.93%;UP;7,09000;15.75%;UP;3,78000;8.41%
2026-05-29 10:00:00;4523,59000;4524,70000;4525,96517;4521,93505;4520,01668;4533,87637;4499,99571;4449,64336;4435,58527;4434,45898;4448,43787;4460,97715;4454,38753;16,74569;36,95350;58,43464;5,94848;0,35522;UPTREND;;False;;0;8,13;HMA8:UP|HMA13:UP|HMA21:UP;3;0;True;False;8,13,21;8,13,21;;8,13,21;;8,13,21;8;;;;False;UP;18,08000;40.18%;UP;11,68000;25.96%;UP;0,76000;1.69%
2026-05-29 11:00:00;4524,60000;4514,82000;4524,57744;4524,58778;4521,77809;4535,60387;4507,09101;4454,85605;4438,78598;4436,36800;4449,04264;4461,32724;4454,78102;16,61242;37,82087;58,77497;2,80970;0,16913;UPTREND;;False;;0;8,13;HMA8:DOWN|HMA13:UP|HMA21:UP;2;1;True;False;8,13,21;8,13,21;;8,13,21;8,13,21;8,13,21;;8,13,21;;8,13,21;True;DOWN;13,47000;29.94%;UP;13,33000;29.62%;UP;-0,86000;1.91%
2026-05-29 12:00:00;4514,88000;4531,08000;4526,50602;4527,90827;4524,48457;4537,03852;4514,04018;4460,26317;4442,17650;4438,45231;4449,77590;4461,75878;4455,22862;17,29439;39,10400;48,92498;3,42370;0,19797;UPTREND;;False;;0;8,13;HMA8:UP|HMA13:UP|HMA21:UP;3;0;True;False;8,13,21;8,13,21;;8,13,21;8,13,21;8,13,21;8,13,21;;;;False;UP;10,65000;23.68%;UP;14,21000;31.57%;UP;-0,79000;1.75%
2026-05-29 13:00:00;4530,74000;4538,53000;4532,84904;4532,58166;4528,33683;4538,62039;4520,87109;4465,87986;4445,78774;4440,73518;4450,65916;4462,29028;4455,73332;17,32194;40,40998;48,36156;4,51221;0,26049;UPTREND;ADVANCE_HMA34;False;;0;8,13;HMA8:UP|HMA13:UP|HMA21:UP;3;0;True;False;8,13,34;8,13,34;;8,13,21,34;8,13,21;8,13,21,34;8,13,34;;34;;False;UP;10,48000;23.29%;UP;14,84000;32.97%;UP;0,59000;1.3%
2026-05-29 14:00:00;4538,07000;4538,32000;4538,38444;4537,49493;4532,65042;4540,32514;4527,38135;4471,62970;4449,57486;4443,18621;4451,67650;4462,91213;4456,28847;17,12037;41,62267;50,01659;5,73403;0,33492;UPTREND;;False;;0;8,13;HMA8:UP|HMA13:UP|HMA21:UP;3;0;True;False;8,13,34;8,13,34;;8,13,21,34;8,13,21;8,13,21,34;;8;;8;True;UP;10,28000;22.84%;UP;15,11000;33.58%;UP;2,53000;5.62%
2026-05-29 15:00:00;4538,32000;4522,94000;4536,16994;4537,72164;4535,35129;4541,28872;4533,03605;4477,22673;4453,36541;4445,68071;4452,74207;4463,56550;4456,86454;17,74606;41,32849;53,06745;2,37035;0,13357;UPTREND;;False;;0;8,13;HMA8:DOWN|HMA13:UP|HMA21:UP;2;1;True;False;8,13,34;8,13,34;;8,13,21,34;8,13,21,55;8,13,21,34;;8,13,21,55;;8,13,21,55;True;DOWN;9,28000;20.61%;UP;11,49000;25.53%;UP;4,16000;9.25%
2026-05-29 16:00:00;4523,19000;4536,77000;4534,83741;4538,00004;4537,78527;4542,43032;4538,18066;4482,81025;4457,26816;4448,28890;4453,90849;4464,28904;4457,48223;18,15777;41,15049;57,98930;3,16264;0,17418;UPTREND;;False;;0;8,13;HMA8:DOWN|HMA13:UP|HMA21:UP;2;1;True;False;8,13,21,34,55;8,13,21,34,55;;8,13,21,34,55;8,13,21,55;8,13,21,34,55;8,21,55;;55;;False;DOWN;6,54000;14.54%;UP;8,39000;18.64%;UP;5,88000;13.06%
2026-05-29 17:00:00;4536,52000;4564,22000;4545,93009;4544,52303;4542,67100;4545,03347;4543,50194;4488,69915;4461,50111;4451,16590;4455,28507;4465,16006;4458,18255;20,08364;42,04956;47,33658;3,25909;0,16228;UPTREND;;False;;0;8,13;HMA8:UP|HMA13:UP|HMA21:UP;3;0;True;False;8,13,21,34,55;8,13,21,34,55;;8,13,21,34,55;8,13,21,55;8,13,21,34,55;8,13,21,34,55;;;;False;UP;9,25000;20.55%;UP;9,39000;20.87%;UP;7,27000;16.15%
2026-05-29 18:00:00;4564,12000;4571,01000;4562,07528;4555,20245;4549,74728;4549,00641;4548,99108;4494,89637;4466,07329;4454,31433;4456,88069;4466,18412;4458,97032;21,32695;43,47898;38,98261;12,32799;0,57805;UPTREND;;False;;0;8,13;HMA8:UP|HMA13:UP|HMA21:UP;3;0;True;False;8,13,21,34,55;8,13,21,34,55;;8,13,21,34,55;8,13,21,55;8,13,21,34,55;;;;;False;UP;15,52000;34.49%;UP;12,04000;26.76%;UP;8,91000;19.81%
2026-05-29 19:00:00;4571,08000;4566,89000;4573,10357;4564,93546;4557,35196;4553,62089;4554,28866;4501,26301;4470,88524;4457,66613;4458,65072;4467,33067;4459,83221;20,75217;44,80630;39,05262;15,75161;0,75903;UPTREND;;False;;0;8,13;HMA8:UP|HMA13:UP|HMA21:UP;3;0;True;False;8,13,21,34,55;8,13,21,34,55;;8,13,21,34,55;8,13,21,55;8,13,21,34,55;;8;;8;True;UP;23,99000;53.3%;UP;14,57000;32.37%;UP;10,86000;24.14%
2026-05-29 20:00:00;4567,08000;4553,38000;4571,48826;4568,98761;4562,79327;4557,73304;4558,93118;4507,55021;4475,76800;4461,10320;4460,50990;4468,54203;4460,74034;20,47773;45,27157;42,82156;8,69499;0,42461;UPTREND;;False;;0;8,13;HMA8:DOWN|HMA13:UP|HMA21:UP;2;1;True;False;8,13,21,34,55;8,13,21,34,55;;8,13,21,34,55;8,13,21,34,55;8,13,21,34,55;;13,21,34,55;;13,21,34,55;True;DOWN;24,11000;53.57%;UP;14,38000;31.95%;UP;11,80000;26.22%
2026-05-29 21:00:00;4553,39000;4553,20000;4562,95211;4569,10897;4565,84835;4560,99594;4562,90022;4513,69865;4480,68944;4464,60127;4462,44295;4469,80521;4461,68863;19,78432;45,63655;43,09018;6,15686;0,31120;UPTREND;;False;;0;8,13;HMA8:DOWN|HMA13:UP|HMA21:UP;2;1;True;False;8,13,21,34,55;8,13,21,34,55;;8,13,21,34,55;8,13,21,34,55;8,13,21,34,55;;;;;False;DOWN;12,14000;26.98%;UP;14,81000;32.91%;UP;12,56000;27.91%
2026-05-29 22:00:00;4553,13000;4545,61000;4552,29789;4564,71888;4566,07587;4562,87686;4566,02483;4519,57781;4485,53761;4468,09375;4464,40190;4471,08441;4462,65969;19,60687;45,26023;46,74521;13,77799;0,70271;DOWNTREND;REVERSAL_TO_HMA8;False;;0;8;HMA8:DOWN|HMA13:DOWN|HMA21:UP;1;2;False;True;;;;;8;8;;8;;8;False;DOWN;-7,11000;15.79%;DOWN;12,80000;28.44%;UP;11,98000;26.61%
2026-05-29 23:00:00;4545,35000;4540,55000;4542,62502;4556,86019;4564,00079;4563,38050;4568,19177;4525,11680;4490,24792;4471,53574;4466,35693;4472,35626;4463,64064;18,89566;44,60464;46,18327;21,37577;1,13125;DOWNTREND;;False;;0;8;HMA8:DOWN|HMA13:DOWN|HMA21:DOWN;0;3;False;True;8;;8;;8;8;;8;;;False;DOWN;-21,96000;48.8%;DOWN;6,21000;13.8%;DOWN;10,69000;23.75%
2026-06-01 01:00:00;4517,72000;4535,25000;4535,53509;4547,20490;4560,16587;4562,62534;4569,38491;4530,24627;4494,77012;4474,87762;4468,27980;4473,59840;4464,61948;19,17669;42,33796;47,15326;24,63078;1,28441;DOWNTREND;;False;;0;8;HMA8:DOWN|HMA13:DOWN|HMA21:DOWN;0;3;False;True;8;;8;89;8;8;89;;89;;True;DOWN;-25,11000;55.81%;DOWN;-3,98000;8.84%;DOWN;8,17000;18.15%
2026-06-01 02:00:00;4535,29000;4539,53000;4533,38126;4539,87278;4555,85707;4561,32161;4569,94833;4535,01535;4499,14670;4478,14349;4470,18345;4474,82219;4465,59974;18,57121;40,50859;47,81516;22,47581;1,21025;DOWNTREND;;False;;0;8;HMA8:DOWN|HMA13:DOWN|HMA21:DOWN;0;3;False;True;8;;8;8,89;8;8;8;;8;;True;DOWN;-21,71000;48.24%;DOWN;-12,68000;28.17%;DOWN;6,30000;14.0%
2026-06-01 03:00:00;4539,70000;4540,58000;4535,01620;4535,96261;4551,48153;4559,74962;4570,10557;4539,42321;4503,36278;4481,33974;4472,07060;4476,02755;4466,57938;18,00684;38,81869;45,74816;16,46533;0,91439;DOWNTREND;;False;;0;8;HMA8:UP|HMA13:DOWN|HMA21:DOWN;1;2;False;True;8;;8;8,13,89;8;8;13;;13;;True;UP;-13,49000;29.98%;DOWN;-17,00000;37.77%;DOWN;4,35000;9.67%
2026-06-01 04:00:00;4540,64000;4525,51000;4531,83850;4531,40422;4545,57925;4557,27209;4569,59440;4543,28716;4507,26454;4484,37030;4473,87377;4477,16039;4467,53175;17,96635;36,44089;45,71524;14,17502;0,78898;DOWNTREND;ADVANCE_HMA13;False;;0;8;HMA8:DOWN|HMA13:DOWN|HMA21:DOWN;0;3;False;True;13,89;;13,89;8,13,89;8,13,89;8,13;;8,13,89;;13,89;False;DOWN;-8,54000;18.97%;DOWN;-19,28000;42.84%;DOWN;0,93000;2.06%
2026-06-01 05:00:00;4525,51000;4521,40000;4525,46793;4525,99907;4538,71955;4553,98058;4568,44925;4546,60277;4510,84357;4487,21017;4475,57985;4478,21117;4468,44903;17,64304;34,05389;45,56945;13,25162;0,75110;DOWNTREND;;False;;0;8;HMA8:DOWN|HMA13:DOWN|HMA21:DOWN;0;3;False;True;8,13,89;;8,13,89;8,13,89;8,13,89;8,13;;8;;;False;DOWN;-8,12000;18.04%;DOWN;-20,09000;44.65%;DOWN;-3,58000;7.95%
2026-06-01 06:00:00;4522,47000;4516,35000;4518,23457;4520,03165;4531,32733;4549,82481;4566,67158;4549,35501;4514,09193;4489,83890;4477,16720;4479,16989;4469,32296;17,49997;32,12377;42,87732;13,09276;0,74816;DOWNTREND;;False;;0;8;HMA8:DOWN|HMA13:DOWN|HMA21:DOWN;0;3;False;True;8,13,89;;8,13,89;8,13,89;8,13,89;8,13;;8,13;;;False;DOWN;-12,21000;27.13%;DOWN;-19,33000;42.95%;DOWN;-8,46000;18.8%
2026-06-01 07:00:00;4516,33000;4514,45000;4512,33226;4514,86127;4524,27341;4544,99010;4564,33836;4551,56759;4517,03451;4492,27330;4478,63437;4480,03777;4470,15092;17,03925;30,41092;40,47812;11,94115;0,70080;DOWNTREND;ADVANCE_HMA116;False;;0;8;HMA8:DOWN|HMA13:DOWN|HMA21:DOWN;0;3;False;True;8,13,116;;8,13,116;8,13,89;8,13,89,116;8,13;;8,13,116;;116;False;DOWN;-18,41000;40.91%;DOWN;-17,56000;39.01%;DOWN;-12,74000;28.31%
2026-06-01 08:00:00;4514,43000;4518,22000;4511,62726;4511,65853;4518,70987;4540,04722;4561,66197;4553,34204;4519,73970;4494,56925;4480,01541;4480,83103;4470,93874;16,72216;28,41442;35,24906;7,08261;0,42355;DOWNTREND;;False;;0;8;HMA8:DOWN|HMA13:DOWN|HMA21:DOWN;0;3;False;True;8,13,116;;8,13,116;8,13,89,116;8,13,89,116;8,13;13,116;;13,116;;True;DOWN;-16,81000;37.36%;DOWN;-15,71000;34.9%;DOWN;-15,74000;34.98%
2026-06-01 09:00:00;4518,20000;4501,67000;4507,28548;4506,86167;4512,87080;4534,37895;4558,28474;4554,49461;4522,08801;4496,64934;4481,25423;4481,50268;4471,66111;16,84415;27,33259;38,32435;6,00912;0,35675;DOWNTREND;;False;;0;8;HMA8:DOWN|HMA13:DOWN|HMA21:DOWN;0;3;False;True;8,13,21,116;;8,13,21,116;8,13,89,116;8,13,21,89,116;8,13,21;;8,13,21;;21;False;DOWN;-15,10000;33.56%;DOWN;-16,06000;35.7%;DOWN;-17,53000;38.95%
2026-06-01 10:00:00;4501,59000;4503,00000;4502,55665;4502,47146;4507,42572;4528,34730;4554,41761;4555,10457;4524,13626;4498,55089;4482,37921;4482,07275;4472,32341;16,88457;26,76653;37,55014;4,95426;0,29342;DOWNTREND;;False;;0;8;HMA8:DOWN|HMA13:DOWN|HMA21:DOWN;0;3;False;True;8,13,21,116;;8,13,21,116;8,13,89,116;8,13,21,89,116;8,13,21;8,13;;8,13;;True;DOWN;-13,07000;29.04%;DOWN;-15,94000;35.42%;DOWN;-18,52000;41.17%
2026-06-01 11:00:00;4503,01000;4497,98000;4498,25826;4498,04639;4502,08813;4521,95322;4550,09242;4555,15931;4525,87731;4500,27163;4483,38506;4482,54192;4472,92061;16,65496;26,33576;39,60339;4,04174;0,24268;DOWNTREND;;False;;0;8;HMA8:DOWN|HMA13:DOWN|HMA21:DOWN;0;3;False;True;8,13,21,116,144;;8,13,21,116,144;8,13,89,116;8,13,21,89,116,144;8,13,21;;8,13,21,144;;144;False;DOWN;-11,93000;26.51%;DOWN;-15,63000;34.73%;DOWN;-19,22000;42.72%
2026-06-01 12:00:00;4497,98000;4495,96000;4494,17385;4494,40637;4497,01826;4515,47206;4545,40081;4554,70046;4527,33226;4501,82560;4484,28228;4482,92015;4473,45148;16,68175;25,76663;40,74073;2,84441;0,17051;DOWNTREND;;False;;0;8;HMA8:DOWN|HMA13:DOWN|HMA21:DOWN;0;3;False;True;8,13,21,116,144;;8,13,21,116,144;8,13,89,116;8,13,21,89,116,144;8,13,21;;8,13,21;;;False;DOWN;-14,66000;32.57%;DOWN;-14,36000;31.91%;DOWN;-19,43000;43.17%
2026-06-01 13:00:00;4496,82000;4503,96000;4495,90622;4493,33791;4493,73549;4509,73073;4540,68898;4553,90926;4528,62184;4503,28687;4485,12503;4483,24722;4473,93205;16,55948;24,83357;46,77500;2,56832;0,15510;DOWNTREND;;False;;0;8;HMA8:UP|HMA13:DOWN|HMA21:DOWN;1;2;False;True;8,13,21,116,144;;8,13,21,116,144;8,13,21,89,116,144;8,13,21,89,116,144;8,13,21;21,144;;21,144;;True;UP;-9,75000;21.66%;DOWN;-12,22000;27.16%;DOWN;-19,22000;42.72%
2026-06-01 14:00:00;4503,88000;4505,79000;4500,46631;4494,69468;4492,34023;4505,07497;4536,08932;4552,86430;4529,80134;4504,68217;4485,93374;4483,54098;4474,37011;16,30952;23,79652;49,44198;8,12608;0,49824;UPTREND;REVERSAL_TO_HMA34;False;;0;;HMA8:UP|HMA13:UP|HMA21:DOWN;2;1;True;False;;;;34,144;;144;34,144;;34,144;;False;UP;-1,84000;4.08%;UP;-9,83000;21.85%;DOWN;-18,08000;40.17%
2026-06-01 15:00:00;4505,81000;4502,14000;4503,09122;4496,96390;4492,08400;4501,24308;4531,56665;4551,55743;4530,85653;4506,00644;4486,70148;4483,79902;4474,76527;16,06098;23,00008;47,58359;11,00723;0,68534;UPTREND;;False;;0;;HMA8:UP|HMA13:UP|HMA21:DOWN;2;1;True;False;;;;34,144;8,34,144;144;;8,34,144;;8,34,144;True;UP;4,30000;9.56%;UP;-5,86000;13.03%;DOWN;-16,19000;35.98%
2026-06-01 16:00:00;4502,84000;4450,36000;4484,00187;4487,90506;4486,93593;4495,36307;4525,81109;4549,35084;4531,33103;4506,95284;4487,20835;4483,86474;4475,04074;18,85662;24,60182;34,74997;3,90319;0,20699;DOWNTREND;REVERSAL_TO_HMA377;False;;2;8,13,21;HMA8:DOWN|HMA13:DOWN|HMA21:DOWN;0;3;False;True;;;;;8,13,21,34,188,233,377;8,13,21,34;;8,13,21,34,188,233,377;;8,13,21,34,188,233,377;False;DOWN;-7,68000;17.07%;DOWN;-7,34000;16.3%;DOWN;-13,25000;29.44%
2026-06-01 17:00:00;4449,39000;4458,63000;4462,55757;4474,96292;4479,42628;4488,53414;4519,33192;4546,50060;4531,36364;4507,61283;4487,52427;4483,78542;4475,21883;18,72044;26,11919;37,20030;16,86871;0,90109;DOWNTREND;;False;;1;8,13,21;HMA8:DOWN|HMA13:DOWN|HMA21:DOWN;0;3;False;True;;;;;8,13,21,34,188,233,377;8,13,21,34;;;;;False;DOWN;-24,01000;53.35%;DOWN;-11,61000;25.81%;DOWN;-13,47000;29.94%
2026-06-01 18:00:00;4458,63000;4474,10000;4456,32346;4465,58968;4472,68928;4482,06579;4512,78660;4543,35432;4531,14464;4508,11364;4487,74378;4483,63004;4475,33253;19,10469;26,29984;41,00016;16,36582;0,85664;DOWNTREND;;False;;0;8,13,21;HMA8:DOWN|HMA13:DOWN|HMA21:DOWN;0;3;False;True;;;;8,13,21;8,13,21,34,188,233,377;8,13,21,34;8,13,21;;8,13,21;;False;DOWN;-30,01000;66.69%;DOWN;-14,11000;31.36%;DOWN;-13,54000;30.1%
2026-06-01 19:00:00;4474,19000;4480,03000;4461,66654;4462,74346;4468,29528;4476,57077;4506,46514;4540,07018;4530,75844;4508,51158;4487,91030;4483,43305;4475,39758;19,09793;26,29368;46,00174;6,62874;0,34709;DOWNTREND;;False;;0;8,13,21;HMA8:UP|HMA13:DOWN|HMA21:DOWN;1;2;False;True;;;;8,13,21,34,377;8,13,21,34,188,233,377;8,13,21,34;34,377;;34,377;;True;UP;-28,47000;63.27%;DOWN;-14,95000;33.22%;DOWN;-13,14000;29.2%
2026-06-01 20:00:00;4480,51000;4487,45000;4475,47043;4465,40217;4467,33165;4472,70138;4500,62914;4536,80693;4530,28193;4508,86665;4488,06979;4483,22849;4475,43120;19,44450;25,33877;47,32665;10,06825;0,51779;UPTREND;REVERSAL_TO_HMA233;False;;0;;HMA8:UP|HMA13:UP|HMA21:DOWN;2;1;True;False;;;;233;;;233;;233;;False;UP;-6,26000;13.91%;UP;-14,09000;31.32%;DOWN;-11,65000;25.89%
2026-06-01 21:00:00;4487,51000;4486,64000;4486,59622;4470,98286;4468,30697;4470,50132;4495,32596;4533,58551;4529,71344;4509,18535;4488,22687;4483,02125;4475,43641;18,43632;24,45206;46,51606;18,28925;0,99202;UPTREND;;False;;0;;HMA8:UP|HMA13:UP|HMA21:UP;3;0;True;False;;;;233;;;;;;;False;UP;18,05000;40.12%;UP;-13,22000;29.37%;UP;-10,38000;23.07%
2026-06-01 22:00:00;4486,60000;4481,12000;4488,83293;4477,15620;4469,56614;4469,13274;4490,51733;4530,35619;4529,00423;4509,43725;4488,36650;4482,80034;4475,40918;17,77016;23,94153;49,33168;19,26678;1,08422;UPTREND;;False;;0;;HMA8:UP|HMA13:UP|HMA21:UP;3;0;True;False;;;;233;8,233;;;8,233;;8,233;True;UP;24,58000;54.62%;UP;-5,76000;12.79%;UP;-8,78000;19.52%
2026-06-01 23:00:00;4481,13000;4483,95000;4487,67604;4482,12991;4471,12616;4468,42527;4486,40222;4527,19473;4528,18881;4509,65079;4488,50704;4482,58263;4475,35913;16,90158;23,46747;50,66391;16,54988;0,97919;UPTREND;;False;;0;;HMA8:DOWN|HMA13:UP|HMA21:UP;2;1;True;False;13,233;13,233;;13,233;8,233;13;13,233;;13,233;;False;DOWN;21,04000;46.76%;UP;4,04000;8.98%;UP;-7,62000;16.93%
2026-06-02 01:00:00;4482,19000;4485,82000;4486,22854;4485,34037;4473,15211;4468,28821;4482,92148;4524,15992;4527,29844;4509,84412;4488,66203;4482,38164;4475,29337;16,31646;22,81794;49,31202;13,07643;0,80143;UPTREND;;False;;0;;HMA8:DOWN|HMA13:UP|HMA21:UP;2;1;True;False;13,55,233;13,55,233;;13,55,233;8,233;13;13,55,233;;55,233;;False;DOWN;9,36000;20.8%;UP;11,41000;25.35%;UP;-6,71000;14.9%
2026-06-02 02:00:00;4485,53000;4484,39000;4485,03461;4486,68929;4475,59960;4468,50029;4479,92399;4521,25472;4526,33591;4510,01339;4488,82840;4482,19644;4475,21319;15,78100;22,22908;48,53691;11,08969;0,70272;UPTREND;;False;;0;;HMA8:DOWN|HMA13:UP|HMA21:UP;2;1;True;False;13,55,233;13,55,233;;13,55,233;8,13,233;13;;8,13;;8,13;True;DOWN;-1,42000;3.15%;UP;14,19000;31.54%;UP;-5,96000;13.25%
2026-06-02 03:00:00;4484,50000;4481,32000;4483,59680;4486,18504;4478,23601;4468,89827;4477,28375;4518,38855;4525,28560;4510,14950;4488,99547;4482,02157;4475,11697;16,09236;20,92460;49,03576;7,94903;0,49396;DOWNTREND;REVERSAL_TO_HMA233;False;;0;8;HMA8:DOWN|HMA13:DOWN|HMA21:UP;1;2;False;True;;;;;8,233;8,233;;8,233;;8,233;False;DOWN;-4,65000;10.33%;DOWN;12,15000;26.99%;UP;-3,09000;6.88%
2026-06-02 04:00:00;4480,89000;4474,01000;4479,24757;4483,35207;4479,56382;4469,07743;4474,78289;4515,43097;4524,05116;4510,21989;4489,13794;4481,83709;4474,99641;17,04219;20,63829;51,26664;4,10450;0,24084;DOWNTREND;ADVANCE_HMA55;False;;0;8;HMA8:DOWN|HMA13:DOWN|HMA21:UP;1;2;False;True;8,21,55,377;;8,21,55,377;;8,21,55,233,377;8,55,233,377;;8,21,55,377;;21,55,377;False;DOWN;-7,05000;15.66%;DOWN;6,90000;15.33%;UP;0,05000;0.1%
2026-06-02 05:00:00;4473,88000;4485,90000;4479,33772;4482,25147;4480,83975;4469,75161;4472,77165;4512,54440;4522,73967;4510,31622;4489,32099;4481,68545;4474,87474;16,83418;20,37242;52,91485;2,91375;0,17309;UPTREND;REVERSAL_TO_HMA13;False;;2;8,13,21;HMA8:UP|HMA13:DOWN|HMA21:UP;2;1;True;False;;;;8,13,21,55,233,377;;8,21;8,13,21,55,233,377;;8,13,21,55,233,377;;False;UP;-5,84000;12.98%;DOWN;2,89000;6.42%;UP;2,77000;6.16%
2026-06-02 06:00:00;4485,90000;4499,34000;4487,46224;4485,23083;4483,41526;4471,55092;4471,56703;4509,90507;4521,47300;4510,50402;4489,61035;4481,61235;4474,77518;16,60388;19,07035;57,20686;4,04698;0,24374;UPTREND;ADVANCE_HMA188;False;;1;8,13,21;HMA8:UP|HMA13:UP|HMA21:UP;3;0;True;False;8,188;8,188;;8,13,21,55,188,233,377;;8,21,188;8,188;;188;;False;UP;2,09000;4.65%;UP;1,78000;3.96%;UP;5,20000;11.56%
2026-06-02 07:00:00;4499,34000;4517,44000;4503,36922;4494,32535;4488,75633;4475,19213;4471,53676;4507,73818;4520,41389;4510,87569;4490,06903;4481,67531;4474,72715;16,88503;18,77348;42,92727;14,61290;0,86543;UPTREND;ADVANCE_HMA144;False;;0;8,13,21;HMA8:UP|HMA13:UP|HMA21:UP;3;0;True;False;8,89,144;8,89,144;;8,13,21,55,89,144,188,233,377;;8,21,144,188;8,89,144;;89,144;;False;UP;16,32000;36.26%;UP;5,07000;11.26%;UP;7,23000;16.07%
2026-06-02 08:00:00;4517,42000;4517,03000;4517,58172;4505,28037;4495,76206;4480,15700;4472,48790;4505,99100;4519,54194;4511,39823;4490,67237;4481,86771;4474,72849;16,60253;19,00936;41,31011;21,81967;1,31424;UPTREND;;False;;0;8,13,21;HMA8:UP|HMA13:UP|HMA21:UP;3;0;True;False;8,89,144;8,89,144;;8,13,21,55,89,144,188,233,377;8;8,21,144,188;;8;;8;True;UP;29,99000;66.66%;UP;10,57000;23.49%;UP;9,39000;20.87%
2026-06-02 09:00:00;4517,06000;4535,98000;4531,81941;4519,26901;4505,21886;4487,02116;4474,74900;4504,86096;4519,01999;4512,16301;4491,48821;4482,23358;4474,80770;16,93735;19,70795;39,37971;26,60055;1,57053;UPTREND;;False;;0;8,13,21;HMA8:UP|HMA13:UP|HMA21:UP;3;0;True;False;8,13,89,116,144;8,13,89,116,144;;8,13,21,55,89,116,144,188,233,377;8;8,13,21,144,188;8,13,116;;13,116;;False;UP;37,76000;83.92%;UP;18,03000;40.07%;UP;11,89000;26.42%
2026-06-02 10:00:00;4535,73000;4535,02000;4541,02680;4532,16123;4515,26434;4494,91482;4478,02210;4504,24564;4518,79849;4513,12526;4492,49029;4482,75054;4474,96048;16,69325;20,50485;36,77511;25,76246;1,54329;UPTREND;;False;;0;8,13,21;HMA8:UP|HMA13:UP|HMA21:UP;3;0;True;False;8,13,89,116,144;8,13,89,116,144;;8,13,21,55,89,116,144,188,233,377;8;8,13,21,144,188;;8;;8;True;UP;38,74000;86.08%;UP;25,98000;57.73%;UP;14,81000;32.91%
2026-06-02 11:00:00;4535,25000;4526,67000;4540,13904;4539,86696;4523,80740;4502,53492;4481,81458;4503,95841;4518,75996;4514,19458;4493,62139;4483,37658;4475,17121;16,44945;21,06881;34,77057;16,33163;0,99284;UPTREND;;False;;0;8,13,21;HMA8:DOWN|HMA13:UP|HMA21:UP;2;1;True;False;8,13,89,116,144;8,13,89,116,144;;8,13,21,55,89,116,144,188,233,377;8,13;8,13,21,144,188;;13;;13;True;DOWN;29,20000;64.88%;UP;30,27000;67.28%;UP;17,12000;38.04%
2026-06-02 12:00:00;4526,77000;4529,97000;4536,61352;4542,76920;4530,95997;4509,60653;4485,97131;4503,98509;4518,90289;4515,35918;4494,87956;4484,11084;4475,44291;16,26877;21,21874;36,39258;11,80923;0,72588;UPTREND;;False;;0;8,13,21;HMA8:DOWN|HMA13:UP|HMA21:UP;2;1;True;False;8,13,21,89,116,144;8,13,21,89,116,144;;8,13,21,55,89,116,144,188,233,377;8,13;8,13,21,144,188;21;;;;False;DOWN;16,30000;36.23%;UP;30,52000;67.82%;UP;18,79000;41.76%
2026-06-02 13:00:00;4529,83000;4533,16000;4534,06783;4543,01090;4536,69100;4516,11929;4490,38208;4504,29860;4519,21828;4516,60665;4496,25922;4484,95252;4475,77373;15,76600;21,35795;36,41475;8,94307;0,56724;UPTREND;;False;;0;8,13,21;HMA8:DOWN|HMA13:UP|HMA21:UP;2;1;True;False;8,13,21,89,116,144;8,13,21,89,116,144;;8,13,21,55,89,116,144,188,233,377;8,13;8,13,21,144,188;21;;;;False;DOWN;2,04000;4.54%;UP;27,23000;60.52%;UP;20,34000;45.21%
2026-06-02 14:00:00;4533,16000;4527,50000;4530,86304;4540,88572;4540,40546;4521,57954;4494,72172;4504,73150;4519,60644;4517,86929;4497,71587;4485,87166;4476,14829;15,28915;21,53143;37,05223;10,02268;0,65554;DOWNTREND;REVERSAL_TO_HMA8;False;;0;8;HMA8:DOWN|HMA13:DOWN|HMA21:UP;1;2;False;True;;;;;8;8;;8;;8;False;DOWN;-9,44000;20.97%;DOWN;21,21000;47.14%;UP;21,70000;48.22%
2026-06-02 15:00:00;4527,64000;4514,31000;4523,63731;4534,36832;4540,86295;4525,43649;4498,57612;4505,05011;4519,89697;4519,03581;4499,17384;4486,81497;4476,54098;15,67064;20,56740;39,15790;17,22564;1,09923;DOWNTREND;ADVANCE_HMA144;False;;0;8;HMA8:DOWN|HMA13:DOWN|HMA21:UP;1;2;False;True;34,116,144;;34,116,144;;8,34,116,144;8;;8,34,116,144;;34,116,144;False;DOWN;-14,75000;32.78%;DOWN;9,12000;20.27%;UP;20,96000;46.57%
2026-06-02 16:00:00;4514,72000;4502,78000;4511,78222;4523,94883;4537,45611;4527,42524;4501,64202;4505,09822;4519,96090;4520,01379;4500,56722;4487,73750;4476,93047;16,12202;19,35356;41,35592;25,67389;1,59247;DOWNTREND;;False;;0;8;HMA8:DOWN|HMA13:DOWN|HMA21:DOWN;0;3;False;True;8,34,89,116,144;;8,34,89,116,144;;8,34,89,116,144;8;;8,89;;89;False;DOWN;-21,06000;46.8%;DOWN;-4,85000;10.78%;DOWN;18,53000;41.18%
2026-06-02 17:00:00;4502,75000;4504,02000;4502,34063;4513,56661;4531,63206;4527,99102;4504,08833;4504,93801;4519,81304;4520,79467;4501,89053;4488,63921;4477,31741;16,15545;19,04558;40,77588;29,29143;1,81310;DOWNTREND;;False;;0;8;HMA8:DOWN|HMA13:DOWN|HMA21:DOWN;0;3;False;True;8,34,89,116,144;;8,34,89,116,144;8,55;8,34,89,116,144;8;8,55;;8,55;;True;DOWN;-26,15000;58.11%;DOWN;-15,18000;33.73%;DOWN;14,86000;33.03%
2026-06-02 18:00:00;4504,10000;4502,04000;4497,34939;4504,85799;4524,62176;4527,39509;4505,99804;4504,58133;4519,45223;4521,35648;4503,12178;4489,50907;4477,69725;15,59720;18,63505;41,92187;27,27238;1,74854;DOWNTREND;;False;;0;8;HMA8:DOWN|HMA13:DOWN|HMA21:DOWN;0;3;False;True;8,34,55,89,116,144,188;;8,34,55,89,116,144,188;8,55;8,34,55,89,116,144,188;8;;8,55,188;;55,188;False;DOWN;-28,24000;62.76%;DOWN;-22,05000;49.01%;DOWN;10,48000;23.3%
2026-06-02 19:00:00;4502,31000;4491,88000;4492,49400;4496,57665;4516,43575;4525,49182;4507,21167;4503,95431;4518,80285;4521,63992;4504,20690;4490,30987;4478,05219;15,66311;19,06868;50,53364;23,94175;1,52854;DOWNTREND;;False;;0;8;HMA8:DOWN|HMA13:DOWN|HMA21:DOWN;0;3;False;True;8,13,34,55,89,116,144,188;;8,13,34,55,89,116,144,188;8,55;8,13,34,55,89,116,144,188;8,13;;8,13;;13;False;DOWN;-26,43000;58.74%;DOWN;-26,29000;58.43%;DOWN;4,10000;9.1%
2026-06-02 20:00:00;4491,87000;4484,55000;4486,59683;4488,41675;4507,49592;4522,33958;4507,70206;4503,03491;4517,84696;4521,61967;4505,11433;4491,01433;4478,36988;15,32361;19,69372;47,64291;20,89909;1,36385;DOWNTREND;;False;;0;8;HMA8:DOWN|HMA13:DOWN|HMA21:DOWN;0;3;False;True;8,13,34,55,89,116,144,188,233;;8,13,34,55,89,116,144,188,233;8,55;8,13,34,55,89,116,144,188,233;8,13;;8,13,233;;233;False;DOWN;-22,34000;49.64%;DOWN;-29,71000;66.03%;DOWN;-2,90000;6.45%
2026-06-02 21:00:00;4484,73000;4487,30000;4483,10998;4482,69383;4499,05697;4518,48375;4507,69133;4501,93057;4516,66598;4521,34243;4505,86760;4491,63184;4478,65483;15,09763;20,45004;44,01704;16,36314;1,08382;DOWNTREND;;False;;0;8;HMA8:DOWN|HMA13:DOWN|HMA21:DOWN;0;3;False;True;8,13,34,55,89,116,144,188,233;;8,13,34,55,89,116,144,188,233;8,13,55;8,13,34,55,89,116,144,188,233;8,13;8,13;;8,13;;True;DOWN;-17,66000;39.25%;DOWN;-29,70000;66.01%;DOWN;-9,31000;20.69%
2026-06-02 22:00:00;4487,35000;4487,91000;4482,56257;4479,97835;4491,75223;4514,13112;4507,31900;4500,71612;4515,31179;4520,85016;4506,48055;4492,16685;4478,90767;14,50637;21,15234;42,84376;11,77388;0,81164;DOWNTREND;;False;;0;8;HMA8:DOWN|HMA13:DOWN|HMA21:DOWN;0;3;False;True;8,13,34,55,89,116,144,188,233;;8,13,34,55,89,116,144,188,233;8,13,55;8,13,34,55,89,116,144,188,233;8,13;;;;;False;DOWN;-14,30000;31.77%;DOWN;-26,80000;59.56%;DOWN;-15,12000;33.61%
2026-06-02 23:00:00;4488,02000;4488,20000;4484,08524;4479,42263;4486,06103;4509,52251;4506,68419;4499,46242;4513,83432;4520,18383;4506,97184;4492,62691;4479,12833;13,80735;21,72359;39,46594;6,63841;0,48079;DOWNTREND;;False;;0;8;HMA8:UP|HMA13:DOWN|HMA21:DOWN;1;2;False;True;8,13,34,55,89,116,144,188,233;;8,13,34,55,89,116,144,188,233;8,13,21,55;8,13,34,55,89,116,144,188,233;8,13;21;;21;;True;UP;-8,66000;19.24%;DOWN;-22,40000;49.78%;DOWN;-20,14000;44.75%
2026-06-03 01:00:00;4487,76000;4484,87000;4484,96367;4479,40467;4481,73491;4504,71712;4505,75236;4498,18214;4512,24890;4519,35506;4507,34375;4493,00811;4479,31034;13,47825;22,39772;39,91154;5,55900;0,41244;DOWNTREND;;False;;0;8;HMA8:UP|HMA13:DOWN|HMA21:DOWN;1;2;False;True;8,13,21,34,55,89,116,144,188,233;;8,13,21,34,55,89,116,144,188,233;8,13,21,55;8,13,21,34,55,89,116,144,188,233;8,13,21;;8,21;;21;False;UP;-1,74000;3.86%;DOWN;-17,47000;38.82%;DOWN;-23,52000;52.27%
2026-06-03 02:00:00;4484,92000;4474,38000;4480,78941;4477,75052;4477,59838;4499,36771;4504,33199;4496,78030;4510,50550;4518,33171;4507,56451;4493,28834;4479,43720;14,39052;24,12159;35,27748;3,19103;0,22175;NEUTRAL;TREND_EXHAUSTED;False;;0;8;HMA8:DOWN|HMA13:DOWN|HMA21:DOWN;0;3;False;True;;;;;8,13,21,377;8,13,21;;8,13,21,377;;377;False;DOWN;-2,31000;5.13%;DOWN;-12,30000;27.33%;DOWN;-23,73000;52.74%
2026-06-03 03:00:00;4474,24000;4486,02000;4480,06502;4477,93944;4475,23490;4494,38082;4502,86590;4495,45361;4508,75737;4517,22760;4507,70759;4493,51891;4479,52975;14,98334;24,86489;37,57588;4,83012;0,32237;NEUTRAL;;False;;0;8;HMA8:DOWN|HMA13:UP|HMA21:DOWN;1;2;False;True;;;;8,13,21,377;8,13,21,377;8,13,21;8,13,21,377;;8,13,21,377;;False;DOWN;-2,39000;5.3%;UP;-6,65000;14.77%;DOWN;-22,55000;50.11%
2026-06-03 04:00:00;4485,86000;4475,72000;4478,15722;4477,05370;4473,19547;4489,35990;4501,09987;4494,08664;4506,93009;4516,00603;4507,74380;4493,67641;4479,57473;15,60524;26,03016;40,28457;4,96175;0,31795;DOWNTREND;REVERSAL_TO_HMA377;False;;2;8,13;HMA8:DOWN|HMA13:DOWN|HMA21:DOWN;0;3;False;True;;;;;8,13,377;8,13;;8,13,377;;377;False;DOWN;-5,43000;12.06%;DOWN;-3,45000;7.66%;DOWN;-20,53000;45.62%
2026-06-03 05:00:00;4475,97000;4481,87000;4477,97702;4477,06936;4472,33405;4484,94253;4499,25019;4492,79821;4505,10930;4514,73156;4507,71972;4493,79323;4479,58563;15,35773;27,11221;41,12625;5,64297;0,36744;DOWNTREND;;False;;1;8,13;HMA8:DOWN|HMA13:UP|HMA21:DOWN;1;2;False;True;;;;8,13,377;8,13,377;8,13;8,13,377;;8,13,377;;False;DOWN;-6,49000;14.42%;UP;-1,81000;4.02%;DOWN;-18,80000;41.78%
2026-06-03 06:00:00;4481,86000;4484,32000;4480,95770;4477,93053;4472,77591;4481,37645;4497,41053;4491,63017;4503,34004;4513,43482;4507,65876;4493,88870;4479,57121;14,66360;27,83306;43,59217;8,18180;0,55797;DOWNTREND;;False;;0;8,13;HMA8:UP|HMA13:UP|HMA21:UP;3;0;True;False;;;;8,13,34,377;8,13,377;8,13;34;;34;;False;UP;0,16000;0.37%;UP;-0,97000;2.16%;UP;-16,58000;36.85%
2026-06-03 07:00:00;4484,38000;4469,43000;4477,46950;4476,63550;4472,32193;4477,85520;4495,19531;4490,38053;4501,50018;4512,03491;4507,49808;4493,92454;4479,51235;15,02835;29,12570;54,61010;5,14757;0,34252;DOWNTREND;;False;;0;8,13;HMA8:DOWN|HMA13:DOWN|HMA21:DOWN;0;3;False;True;8,13,21,34,377;;8,13,21,34,377;8,13,34,377;8,13,21,34,377;8,13,21,34,377;;8,13,21,34,377;;21,34,377;False;DOWN;-2,47000;5.49%;DOWN;-1,76000;3.91%;DOWN;-13,17000;29.27%
2026-06-03 08:00:00;4469,40000;4456,86000;4467,45133;4471,33195;4469,93304;4473,80086;4492,35022;4488,90357;4499,49916;4510,47384;4507,19074;4493,87042;4479,39432;15,21561;30,77149;50,44770;3,88062;0,25504;DOWNTREND;;False;;0;8,13;HMA8:DOWN|HMA13:DOWN|HMA21:DOWN;0;3;False;True;8,13,21,34,377;;8,13,21,34,377;8,13,34,377;8,13,21,34,377;8,13,21,34,377;;8;;;False;DOWN;-9,98000;22.17%;DOWN;-4,02000;8.94%;DOWN;-10,84000;24.08%
2026-06-03 09:00:00;4456,89000;4462,94000;4460,22339;4465,44926;4466,90414;4469,92640;4489,15900;4487,32745;4497,43210;4508,81248;4506,77701;4493,75671;4479,23331;15,23878;32,34523;55,14421;6,68075;0,43840;DOWNTREND;;False;;0;8,13;HMA8:DOWN|HMA13:DOWN|HMA21:DOWN;0;3;False;True;8,13,21,34,377;;8,13,21,34,377;8,13,34,377;8,13,21,34,377;8,13,21,34,377;8;;8;;True;DOWN;-16,24000;36.09%;DOWN;-7,78000;17.29%;DOWN;-9,26000;20.58%
2026-06-03 10:00:00;4462,88000;4453,24000;4453,51515;4458,97116;4462,77188;4465,79968;4485,42723;4485,55672;4495,23851;4507,00361;4506,22021;4493,56153;4479,02003;15,52886;33,89878;58,79796;9,25673;0,59610;DOWNTREND;;False;;0;8,13;HMA8:DOWN|HMA13:DOWN|HMA21:DOWN;0;3;False;True;8,13,21,34,377;;8,13,21,34,377;8,13,34,377;8,13,21,34,377;8,13,21,34,377;;8,13,21;;;False;DOWN;-23,84000;52.97%;DOWN;-10,98000;24.41%;DOWN;-8,53000;18.95%
2026-06-03 11:00:00;4453,24000;4443,93000;4446,16415;4451,26712;4457,56433;4461,18656;4481,08082;4483,51423;4492,87170;4505,01116;4505,48787;4493,26575;4478,74619;15,77823;35,76583;50,62056;11,40018;0,72253;DOWNTREND;;False;;0;8,13;HMA8:DOWN|HMA13:DOWN|HMA21:DOWN;0;3;False;True;8,13,21,34,377;;8,13,21,34,377;8,13,34,377;8,13,21,34,377;8,13,21,34,377;;8,13;;;False;DOWN;-26,38000;58.63%;DOWN;-15,25000;33.88%;DOWN;-8,71000;19.35%
2026-06-03 12:00:00;4443,79000;4443,04000;4441,17411;4443,83018;4452,06067;4456,48642;4476,29193;4481,24025;4490,36681;4502,85787;4504,59001;4492,87720;4478,41657;16,07550;37,53427;51,22520;10,88656;0,67721;DOWNTREND;;False;;0;8,13;HMA8:DOWN|HMA13:DOWN|HMA21:DOWN;0;3;False;True;8,13,21,34,377;;8,13,21,34,377;8,13,34,377;8,13,21,34,377;8,13,21,34,377;8;;8;;True;DOWN;-22,23000;49.39%;DOWN;-19,47000;43.27%;DOWN;-9,03000;20.06%
2026-06-03 13:00:00;4443,02000;4458,94000;4444,68487;4442,07248;4448,33775;4452,85520;4471,69736;4479,01606;4487,90244;4500,67351;4503,61320;4492,45669;4478,06171;16,78511;38,19686;54,36174;6,26526;0,37326;DOWNTREND;;False;;0;8,13;HMA8:UP|HMA13:DOWN|HMA21:DOWN;1;2;False;True;8,13,21,34,377;;8,13,21,34,377;8,13,21,34,377;8,13,21,34,377;8,13,21,34,377;8,13,21,34;;8,13,21,34;;True;UP;-13,03000;28.96%;DOWN;-18,94000;42.09%;DOWN;-9,10000;20.23%
2026-06-03 14:00:00;4458,97000;4462,34000;4453,29493;4445,25888;4446,82881;4450,35157;4467,54378;4476,90975;4485,53349;4498,49708;4502,58151;4492,02120;4477,69088;16,26474;38,68316;55,10423;8,03605;0,49408;DOWNTREND;;False;;0;8,13;HMA8:UP|HMA13:UP|HMA21:DOWN;2;1;True;False;8,13,21,34,377;;8,13,21,34,377;8,13,21,34,377;8,13,21,34,377;8,13,21,34,377;;;;;False;UP;-0,19000;0.43%;UP;-14,96000;33.24%;DOWN;-9,21000;20.46%
2026-06-03 15:00:00;4462,73000;4460,28000;4460,20030;4450,03942;4446,82947;4448,75240;4463,84243;4474,89693;4483,25284;4496,32384;4501,49269;4491,56784;4477,30401;16,45298;39,57525;56,56767;13,37083;0,81267;DOWNTREND;;False;;0;8,13;HMA8:UP|HMA13:UP|HMA21:UP;3;0;True;False;8,13,21,34,377;;8,13,21,34,377;8,13,21,34,377;8,13,21,34,377;8,13,21,34,377;;;;;False;UP;12,04000;26.75%;UP;-8,87000;19.72%;UP;-8,81000;19.58%
2026-06-03 16:00:00;4460,15000;4446,21000;4458,12974;4451,65915;4446,30391;4447,13839;4460,22278;4472,80573;4480,95051;4494,08219;4500,28696;4491,05516;4476,88152;18,08562;41,11077;51,00910;11,82583;0,65388;DOWNTREND;;False;;0;8,13;HMA8:DOWN|HMA13:UP|HMA21:DOWN;1;2;False;True;8,13,21,34,377;;8,13,21,34,377;8,13,21,34,377;8,13,21,34,377;8,13,21,34,377;;8,13,21,34;;;False;DOWN;13,19000;29.31%;UP;-3,85000;8.57%;DOWN;-8,33000;18.51%
2026-06-03 17:00:00;4445,95000;4457,10000;4455,74946;4453,47589;4446,56871;4446,08357;4457,07088;4470,80796;4478,76028;4491,86158;4499,02733;4490,52498;4476,44408;18,01308;42,53661;55,05720;9,18075;0,50967;UPTREND;REVERSAL_TO_HMA8;False;;2;8,13,21;HMA8:DOWN|HMA13:UP|HMA21:UP;2;1;True;False;;;;8,13,21,34,55;;13,21;8,13,21,34,55;;8,13,21,34,55;;False;DOWN;8,73000;19.4%;UP;1,17000;2.6%;UP;-8,14000;18.08%
2026-06-03 18:00:00;4457,17000;4442,20000;4449,55450;4452,01477;4445,88807;4444,58155;4453,98247;4468,69644;4476,55179;4489,58461;4497,65566;4489,93117;4475,97062;18,26357;44,02297;54,74383;6,12670;0,33546;UPTREND;;False;;1;8,13,21;HMA8:DOWN|HMA13:DOWN|HMA21:DOWN;0;3;False;True;;;;8,13,21,34,55;8,13,21,34,55;8,13,21,34,55;;8,13,21,34,55;;8,13,21,34,55;False;DOWN;-2,93000;6.51%;DOWN;4,27000;9.49%;DOWN;-7,50000;16.67%
2026-06-03 19:00:00;4442,20000;4441,78000;4442,87761;4448,48736;4444,67045;4442,81786;4450,96889;4466,49855;4474,33242;4487,27338;4496,18698;4489,28053;4475,46460;17,68117;45,48621;54,44831;5,60975;0,31727;UPTREND;;False;;0;8,13,21;HMA8:DOWN|HMA13:DOWN|HMA21:DOWN;0;3;False;True;;;;8,13,21,34,55;8,13,21,34,55;8,13,21,34,55;;;;;False;DOWN;-13,76000;30.58%;DOWN;3,46000;7.69%;DOWN;-7,17000;15.93%
2026-06-03 20:00:00;4441,84000;4438,91000;4438,68165;4443,44226;4443,09749;4440,83848;4447,95380;4464,19546;4472,09321;4484,92775;4494,62886;4488,57009;4474,92542;17,31537;46,29292;55,44637;4,76062;0,27494;UPTREND;;False;;0;8,13,21;HMA8:DOWN|HMA13:DOWN|HMA21:DOWN;0;3;False;True;;;;8,13,21,34,55;8,13,21,34,55;8,13,21,34,55;;8,34;;;False;DOWN;-15,68000;34.85%;DOWN;-1,00000;2.23%;DOWN;-6,48000;14.41%
2026-06-03 21:00:00;4438,93000;4442,03000;4437,24500;4439,90338;4441,59585;4439,07617;4445,08146;4461,83814;4469,87531;4482,58358;4493,01213;4487,81878;4474,36206;16,61142;47,05285;63,33892;4,35085;0,26192;UPTREND;;False;;0;8,13,21;HMA8:DOWN|HMA13:DOWN|HMA21:DOWN;0;3;False;True;13,21,34;13,21,34;;8,13,21,34,55;8,13,21,34,55;8,13,21,34,55;13,21,34;;34;;False;DOWN;-15,56000;34.58%;DOWN;-5,81000;12.9%;DOWN;-5,49000;12.2%
2026-06-03 22:00:00;4442,02000;4443,87000;4439,26259;4438,61355;4440,57205;4437,63970;4442,46358;4459,45628;4467,69293;4480,26968;4491,35746;4487,04126;4473,78034;16,19418;46,56587;64,03649;1,95850;0,12094;UPTREND;ADVANCE_HMA55;False;;0;8,13,21;HMA8:UP|HMA13:DOWN|HMA21:DOWN;1;2;False;True;13,21,34,55;13,21,34,55;;8,13,21,34,55;8,13,21,34,55;8,13,21,34,55;55;;55;;False;UP;-9,03000;20.06%;DOWN;-7,65000;16.99%;DOWN;-4,06000;9.02%
2026-06-03 23:00:00;4443,79000;4433,82000;4438,04683;4436,50355;4438,69107;4436,12063;4439,87431;4456,94304;4465,44880;4477,93232;4489,63257;4486,21044;4473,16784;16,09102;46,61374;63,91511;2,18751;0,13595;UPTREND;;False;;0;8,13,21;HMA8:DOWN|HMA13:DOWN|HMA21:DOWN;0;3;False;True;13,21,34,55;13,21,34,55;;8,13,21,34,55;8,13,21,34,55;8,13,21,34,55;;8,13,21,34,55;;;False;DOWN;-4,29000;9.54%;DOWN;-9,97000;22.16%;DOWN;-3,43000;7.62%
2026-06-04 01:00:00;4432,00000;4448,74000;4440,93146;4437,55524;4438,03849;4435,47667;4437,74084;4454,54788;4463,30135;4475,67445;4487,91715;4485,37898;4472,55169;17,00452;45,81861;66,61227;3,37622;0,19855;UPTREND;;False;;0;8,13,21;HMA8:UP|HMA13:UP|HMA21:DOWN;2;1;True;False;8,13,21,34,55;8,13,21,34,55;;8,13,21,34,55;8,13,21,34,55;8,13,21,34,55;8,13,21,34,55;;8,34,55;;False;UP;1,89000;4.21%;UP;-8,07000;17.93%;DOWN;-2,96000;6.58%
2026-06-04 02:00:00;4448,95000;4457,24000;4448,98550;4442,22705;4439,33593;4436,01563;4436,28149;4452,39995;4461,33607;4473,54835;4486,25176;4484,57687;4471,94818;17,16777;43,92257;66,65225;9,64957;0,56208;UPTREND;ADVANCE_HMA89;False;;0;8,13,21;HMA8:UP|HMA13:UP|HMA21:UP;3;0;True;False;8,13,21,34,89;8,13,21,34,89;;8,13,21,34,55,89;8,13,21,34,55;8,13,21,34,55;8,89;;89;;False;UP;9,70000;21.56%;UP;-3,48000;7.73%;UP;-2,50000;5.55%
2026-06-04 03:00:00;4457,12000;4448,45000;4452,63348;4446,78108;4441,14861;4436,89632;4435,17153;4450,35737;4459,47015;4471,49907;4484,59475;4483,77466;4471,34549;17,43864;42,23427;66,80289;11,48487;0,65859;UPTREND;;False;;0;8,13,21;HMA8:UP|HMA13:UP|HMA21:UP;3;0;True;False;8,13,21,34,89;8,13,21,34,89;;8,13,21,34,55,89;8,13,21,34,55,89;8,13,21,34,55;;8,89;;89;True;UP;10,85000;24.11%;UP;1,83000;4.06%;UP;-1,69000;3.76%
2026-06-04 04:00:00;4448,13000;4465,69000;4459,72154;4453,33512;4445,05251;4438,94660;4434,83405;4448,66281;4457,85893;4469,64255;4483,02989;4483,02616;4470,77272;18,34302;39,90306;62,87112;14,66903;0,79971;UPTREND;;False;;0;8,13,21;HMA8:UP|HMA13:UP|HMA21:UP;3;0;True;False;8,13,21,34,89,116;8,13,21,34,89,116;;8,13,21,34,55,89,116;8,13,21,34,55,89;8,13,21,34,55;8,13,89,116;;89,116;;False;UP;16,46000;36.57%;UP;6,96000;15.46%;UP;-0,47000;1.05%
2026-06-04 05:00:00;4465,69000;4475,04000;4469,67735;4462,05880;4450,95371;4442,30312;4435,38676;4447,40415;4456,57543;4468,03189;4481,59941;4482,35598;4470,24382;18,52424;37,50526;62,47539;18,72365;1,01076;UPTREND;ADVANCE_HMA377;False;;0;8,13,21;HMA8:UP|HMA13:UP|HMA21:UP;3;0;True;False;8,13,21,34,116,144,377;8,13,21,34,116,144,377;;8,13,21,34,55,89,116,144,377;8,13,21,34,55,89;8,13,21,34,55;8,144,377;;144,377;;False;UP;21,20000;47.12%;UP;11,91000;26.47%;UP;1,57000;3.48%
2026-06-04 06:00:00;4474,88000;4463,78000;4472,35585;4468,62410;4456,46414;4445,71700;4436,36194;4446,38445;4455,46946;4466,57724;4480,24784;4481,72216;4469,73957;18,54965;35,19342;61,78481;15,89171;0,85671;UPTREND;;False;;0;8,13,21;HMA8:UP|HMA13:UP|HMA21:UP;3;0;True;False;8,13,21,34,116,144,377;8,13,21,34,116,144,377;;8,13,21,34,55,89,116,144,377;8,13,21,34,55,89,144,377;8,13,21,34,55;;8,13,144,377;;144,377;True;UP;17,48000;38.85%;UP;16,10000;35.77%;UP;3,64000;8.08%
2026-06-04 07:00:00;4463,80000;4481,04000;4477,62604;4475,31225;4463,15619;4449,90042;4438,11261;4445,80285;4454,66998;4465,38181;4479,04800;4481,17739;4469,28629;18,77610;32,90117;54,74397;14,46985;0,77065;UPTREND;;False;;0;8,13,21;HMA8:UP|HMA13:UP|HMA21:UP;3;0;True;False;8,13,21,34,116,144,188,377;8,13,21,34,116,144,188,377;;8,13,21,34,55,89,116,144,188,377;8,13,21,34,55,89,144,377;8,13,21,34,55;8,13,144,188,377;;144,188,377;;False;UP;18,41000;40.9%;UP;18,53000;41.17%;UP;6,10000;13.55%
2026-06-04 08:00:00;4481,04000;4469,15000;4477,74891;4478,35294;4468,51839;4453,90551;4440,11013;4445,44990;4454,02074;4464,34444;4477,93696;4480,67562;4468,86230;18,53852;30,77265;54,50243;9,83454;0,53049;UPTREND;;False;;0;8,13,21;HMA8:UP|HMA13:UP|HMA21:UP;3;0;True;False;8,13,21,34,116,144,188,377;8,13,21,34,116,144,188,377;;8,13,21,34,55,89,116,144,188,377;8,13,21,34,55,89,144,188,233,377;8,13,21,34,55;;8,13,188,233,377;;188,233,377;True;UP;13,66000;30.36%;UP;17,99000;39.98%;UP;8,26000;18.36%
2026-06-04 09:00:00;4469,15000;4467,76000;4473,41087;4478,82990;4472,31650;4457,47261;4442,21927;4445,28016;4453,48115;4463,43713;4476,89847;4480,20452;4468,46361;18,23149;28,73306;53,39756;6,51341;0,35726;UPTREND;;False;;0;8,13,21;HMA8:DOWN|HMA13:UP|HMA21:UP;2;1;True;False;8,13,21,34,116,144,188,377;8,13,21,34,116,144,188,377;;8,13,21,34,55,89,116,144,188,377;8,13,21,34,55,89,144,188,233,377;8,13,21,34,55;;21,377;;377;True;DOWN;2,93000;6.51%;UP;16,33000;36.29%;UP;9,88000;21.95%
2026-06-04 10:00:00;4467,99000;4461,63000;4467,86330;4475,42043;4474,20517;4460,29395;4444,22951;4445,16739;4452,97212;4462,60120;4475,89589;4479,73993;4468,08015;17,72495;27,13716;53,55585;7,55714;0,42636;DOWNTREND;REVERSAL_TO_HMA144;False;;0;8;HMA8:DOWN|HMA13:DOWN|HMA21:UP;1;2;False;True;;;;;8,144;8,144;;8,144;;144;False;DOWN;-3,63000;8.06%;DOWN;11,73000;26.07%;UP;11,33000;25.18%
2026-06-04 11:00:00;4461,63000;4463,31000;4462,81165;4471,05659;4474,44467;4462,61720;4446,14296;4445,12344;4452,48459;4461,83331;4474,92930;4479,28116;4467,71500;17,24388;25,76713;53,31431;11,63302;0,67462;DOWNTREND;;False;;0;8;HMA8:DOWN|HMA13:DOWN|HMA21:UP;1;2;False;True;;;;8,34,144;8,144;8,144;8,34,144;;8,34,144;;True;DOWN;-12,12000;26.94%;DOWN;4,97000;11.05%;UP;11,92000;26.49%
2026-06-04 12:00:00;4463,32000;4470,37000;4463,62613;4468,63643;4474,49109;4464,87062;4448,14748;4445,24117;4452,07033;4461,16518;4474,02391;4478,84461;4467,37938;17,06003;24,01217;54,41108;10,86496;0,63687;UPTREND;REVERSAL_TO_HMA13;False;;2;8,13;HMA8:UP|HMA13:DOWN|HMA21:UP;2;1;True;False;;;;8,13,34,377;;8,34;8,13,34,377;;8,13,34,377;;False;UP;-11,69000;25.98%;DOWN;0,01000;0.02%;UP;11,64000;25.88%
2026-06-04 13:00:00;4470,37000;4473,65000;4468,30731;4468,43589;4474,80435;4467,28266;4450,31748;4445,53334;4451,74726;4460,59376;4473,18586;4478,43232;4467,07664;16,52432;22,38257;54,22922;6,49704;0,39318;UPTREND;ADVANCE_HMA188;False;;1;8,13;HMA8:UP|HMA13:DOWN|HMA21:UP;2;1;True;False;188;188;;8,13,34,188,377;;8,34;188;;188;;False;UP;-4,42000;9.81%;DOWN;-3,97000;8.82%;UP;11,51000;25.58%
2026-06-04 14:00:00;4474,13000;4511,42000;4487,31957;4477,98554;4479,26579;4471,81000;4453,60555;4446,48521;4451,84023;4460,34009;4472,57120;4478,15726;4466,86552;18,62401;23,65158;43,03682;9,33403;0,50118;UPTREND;ADVANCE_HMA21;False;;0;8,13;HMA8:UP|HMA13:UP|HMA21:UP;3;0;True;False;8,13,21,233;8,13,21,233;;8,13,21,34,188,233,377;;8,13,21,34;8,13,21,233;;13,21,233;;False;UP;14,64000;32.53%;UP;-0,19000;0.42%;UP;10,41000;23.13%
2026-06-04 15:00:00;4511,66000;4504,13000;4504,63607;4490,25903;4485,44426;4477,35661;4457,62375;4447,91948;4452,23349;4460,32208;4472,12430;4477,97896;4466,72834;18,90229;24,82995;51,38984;19,19181;1,01532;UPTREND;;False;;0;8,13;HMA8:UP|HMA13:UP|HMA21:UP;3;0;True;False;8,13,21,233;8,13,21,233;;8,13,21,34,188,233,377;8;8,13,21,34;;8;;8;True;UP;28,95000;64.33%;UP;5,75000;12.79%;UP;10,34000;22.98%
2026-06-04 16:00:00;4504,02000;4495,80000;4509,44669;4500,00762;4491,29535;4482,88068;4461,94384;4449,64420;4452,81864;4460,45184;4471,79125;4477,85375;4466,64654;18,96070;25,99617;51,14657;18,15133;0,95731;UPTREND;;False;;0;8,13;HMA8:UP|HMA13:UP|HMA21:UP;3;0;True;False;8,13,21,233;8,13,21,233;;8,13,21,34,188,233,377;8,13;8,13,21,34;;13;;13;True;UP;31,14000;69.2%;UP;12,20000;27.1%;UP;10,41000;23.13%
2026-06-04 17:00:00;4495,76000;4465,85000;4495,71202;4498,72166;4492,83891;4486,33163;4465,60280;4451,22188;4453,28389;4460,52133;4471,42108;4477,67578;4466,56782;20,64708;24,34254;53,99555;5,88275;0,28492;DOWNTREND;REVERSAL_TO_HMA377;False;;2;8,21;HMA8:DOWN|HMA13:DOWN|HMA21:UP;1;2;False;True;;;;;8,21,34,188,233,377;8,188,233,377;;8,21,34,188,233,377;;8,21,34,188,233,377;False;DOWN;18,36000;40.79%;DOWN;12,59000;27.97%;UP;8,18000;18.18%
2026-06-04 18:00:00;4465,98000;4477,32000;4480,18333;4493,49717;4492,20412;4488,44946;4468,90687;4452,80356;4453,75133;4460,60800;4471,06646;4477,48125;4466,50861;20,27300;22,80704;58,97198;13,31384;0,65673;DOWNTREND;;False;;1;8,21;HMA8:DOWN|HMA13:DOWN|HMA21:DOWN;0;3;False;True;;;;55,188,377;8,21,34,188,233,377;8,188,233,377;55,188,377;;55,188,377;;False;DOWN;-5,03000;11.18%;DOWN;11,55000;25.67%;DOWN;6,66000;14.81%
2026-06-04 19:00:00;4477,30000;4482,68000;4474,26781;4488,06641;4491,10444;4489,58142;4471,95545;4454,43475;4454,26447;4460,73758;4470,75185;4477,28368;4466,47482;19,52422;21,37753;58,69025;16,83663;0,86235;DOWNTREND;;False;;0;8,21;HMA8:DOWN|HMA13:DOWN|HMA21:DOWN;0;3;False;True;;;;8,55,188,233,377;8,21,34,188,233,377;8,188,233,377;8,233;;8,233;;False;DOWN;-21,25000;47.22%;DOWN;9,51000;21.14%;DOWN;5,50000;12.21%
2026-06-04 20:00:00;4482,68000;4478,06000;4473,24235;4482,65219;4489,60034;4489,90217;4474,58324;4456,01286;4454,77111;4460,87359;4470,45229;4477,06743;4466,45518;18,74677;19,96001;57,23933;16,35799;0,87258;DOWNTREND;;False;;0;8,21;HMA8:DOWN|HMA13:DOWN|HMA21:DOWN;0;3;False;True;13;;13;8,55,188,233,377;8,13,21,34,188,233,377;8,13,188,233,377;;13;;13;False;DOWN;-25,77000;57.27%;DOWN;2,38000;5.28%;DOWN;4,69000;10.43%
2026-06-04 21:00:00;4478,04000;4478,08000;4475,45191;4478,21372;4488,07535;4489,74708;4476,77018;4457,51143;4455,26034;4461,00739;4470,17185;4476,83593;4466,44745;18,00057;18,54913;55,24961;12,62344;0,70128;DOWNTREND;;False;;0;8,21;HMA8:UP|HMA13:DOWN|HMA21:DOWN;1;2;False;True;13;;13;8,55,188,233,377;8,13,21,34,188,233,377;8,13,188,233,377;;;;;False;UP;-15,72000;34.92%;DOWN;-6,36000;14.14%;DOWN;4,33000;9.62%
2026-06-04 22:00:00;4478,09000;4480,75000;4478,39900;4476,24922;4486,37802;4489,55909;4478,73059;4458,95276;4455,75127;4461,14853;4469,92177;4476,59833;4466,45428;17,23196;17,41469;53,97875;10,12880;0,58779;DOWNTREND;;False;;0;8,21;HMA8:UP|HMA13:DOWN|HMA21:DOWN;1;2;False;True;13;;13;8,13,55,188,233,377;8,13,21,34,188,233,377;8,13,188,233,377;8,13,55;;8,13,55;;True;UP;-1,48000;3.3%;DOWN;-12,94000;28.76%;DOWN;3,95000;8.77%
2026-06-04 23:00:00;4480,71000;4475,51000;4478,04233;4475,71651;4483,87685;4488,98705;4480,40027;4460,25421;4456,19308;4461,25303;4469,67502;4476,34092;4466,46471;16,51754;16,21494;52,85886;8,16034;0,49404;DOWNTREND;ADVANCE_HMA55;False;;0;8,21;HMA8:DOWN|HMA13:DOWN|HMA21:DOWN;0;3;False;True;8,13,55,233;;8,13,55,233;8,13,55,188,233,377;8,13,21,34,55,188,233,377;8,13,188,233,377;;8,13,55,233;;55;False;DOWN;3,27000;7.27%;DOWN;-13,07000;29.04%;DOWN;3,14000;6.99%
2026-06-05 01:00:00;4471,95000;4469,53000;4474,28643;4473,91600;4480,25965;4487,76516;4481,68703;4461,38617;4456,53470;4461,27761;4469,40104;4476,04592;4466,46856;16,23986;15,46165;53,09968;6,34366;0,39062;DOWNTREND;;False;;0;8,21;HMA8:DOWN|HMA13:DOWN|HMA21:DOWN;0;3;False;True;8,13,55,188,233;;8,13,55,188,233;8,13,55,188,233,377;8,13,21,34,55,188,233,377;8,13,188,233,377;;188;;;False;DOWN;0,92000;2.05%;DOWN;-11,36000;25.25%;DOWN;0,35000;0.78%
2026-06-05 02:00:00;4469,63000;4461,74000;4467,24207;4469,62960;4475,65729;4485,72441;4482,36090;4462,30027;4456,74999;4461,17520;4469,06345;4475,69053;4466,45416;16,04487;15,37924;53,50352;8,41521;0,52448;DOWNTREND;;False;;0;8,21;HMA8:DOWN|HMA13:DOWN|HMA21:DOWN;0;3;False;True;8,13,55,89,188,233,377;;8,13,55,89,188,233,377;8,13,55,188,233,377;8,13,21,34,55,89,188,233,377;8,13,188,233,377;;8,13,89,188,377;;89;False;DOWN;-7,29000;16.2%;DOWN;-10,84000;24.09%;DOWN;-3,49000;7.76%
2026-06-05 03:00:00;4461,72000;4459,60000;4460,30111;4464,43654;4470,78751;4482,98695;4482,43627;4463,02066;4456,86617;4460,94020;4468,65647;4475,27004;4466,41858;16,05809;15,94965;49,62124;10,48640;0,65303;DOWNTREND;ADVANCE_HMA144;False;;0;8,21;HMA8:DOWN|HMA13:DOWN|HMA21:DOWN;0;3;False;True;8,13,89,144,188,233,377;;8,13,89,144,188,233,377;8,13,55,188,233,377;8,13,21,34,55,89,144,188,233,377;8,13,144,188,233,377;;8,144;;144;False;DOWN;-15,74000;34.97%;DOWN;-10,71000;23.79%;DOWN;-7,28000;16.17%
2026-06-05 04:00:00;4459,33000;4446,77000;4451,54920;4457,20209;4465,03618;4479,08318;4481,67514;4463,39085;4456,80369;4460,52117;4468,12783;4474,74636;4466,34343;16,75251;16,86068;48,46258;13,48697;0,80507;DOWNTREND;ADVANCE_HMA116;False;;0;8,21;HMA8:DOWN|HMA13:DOWN|HMA21:DOWN;0;3;False;True;8,13,89,116,188,233,377;;8,13,89,116,188,233,377;8,13,55,188,233,377;8,13,21,34,55,89,116,144,188,233,377;8,13,116,144,188,233,377;;8,13,116;;116;False;DOWN;-21,57000;47.94%;DOWN;-11,81000;26.24%;DOWN;-9,42000;20.94%
2026-06-05 05:00:00;4446,84000;4440,49000;4442,32030;4448,62308;4458,31009;4474,08935;4480,04681;4463,38331;4456,52553;4459,91199;4467,47304;4474,10676;4466,22101;16,73733;18,02166;40,89704;15,98980;0,95534;DOWNTREND;;False;;0;8,21;HMA8:DOWN|HMA13:DOWN|HMA21:DOWN;0;3;False;True;8,13,89,116,188,233,377;;8,13,89,116,188,233,377;8,13,55,188,233,377;8,13,21,34,55,89,116,144,188,233,377;8,13,116,144,188,233,377;;8;;;False;DOWN;-25,52000;56.72%;DOWN;-15,38000;34.18%;DOWN;-11,45000;25.44%
2026-06-05 06:00:00;4440,49000;4442,35000;4437,35811;4441,22099;4451,56881;4468,55226;4477,78800;4463,09089;4456,08369;4459,15690;4466,72399;4473,36691;4466,05703;16,15967;19,27004;36,96172;14,21070;0,87939;DOWNTREND;;False;;0;8,21;HMA8:DOWN|HMA13:DOWN|HMA21:DOWN;0;3;False;True;8,13,89,116,188,233,377;;8,13,89,116,188,233,377;8,13,55,188,233,377;8,13,21,34,55,89,116,144,188,233,377;8,13,116,144,188,233,377;8,13;;8,13;;True;DOWN;-24,81000;55.14%;DOWN;-19,58000;43.52%;DOWN;-13,75000;30.55%
2026-06-05 07:00:00;4442,35000;4444,95000;4437,26743;4436,90211;4445,70921;4462,98062;4475,16307;4462,60079;4455,53965;4458,28718;4465,91119;4472,55194;4465,85748;15,64255;20,13907;43,05303;8,80710;0,56302;DOWNTREND;;False;;0;8,21;HMA8:DOWN|HMA13:DOWN|HMA21:DOWN;0;3;False;True;8,13,89,116,188,233,377;;8,13,89,116,188,233,377;8,13,55,188,233,377;8,13,21,34,55,89,116,144,188,233,377;8,13,116,144,188,233,377;;;;;False;DOWN;-20,21000;44.91%;DOWN;-21,52000;47.83%;DOWN;-15,67000;34.83%
2026-06-05 08:00:00;4444,94000;4439,93000;4437,99606;4434,44684;4440,58690;4457,34089;4472,17686;4461,89604;4454,87665;4457,28951;4465,01901;4471,65996;4465,61601;15,33736;20,53500;46,50101;6,14007;0,40033;DOWNTREND;;False;;0;8,21;HMA8:UP|HMA13:DOWN|HMA21:DOWN;1;2;False;True;8,13,21,89,116,188,233,377;;8,13,21,89,116,188,233,377;8,13,55,188,233,377;8,13,21,34,55,89,116,144,188,233,377;8,13,21,116,144,188,233,377;;21;;21;False;UP;-12,46000;27.68%;DOWN;-20,92000;46.5%;DOWN;-17,20000;38.23%
2026-06-05 09:00:00;4439,93000;4452,75000;4443,59424;4436,17263;4437,88035;4452,77918;4469,32968;4461,20668;4454,24516;4456,27059;4464,11787;4470,74582;4465,35555;16,18612;21,50313;44,50359;7,42161;0,45852;UPTREND;REVERSAL_TO_HMA8;False;;2;8,21;HMA8:UP|HMA13:UP|HMA21:DOWN;2;1;True;False;;;;8,21;;8;8,21;;8,21;;False;UP;1,13000;2.5%;UP;-16,23000;36.06%;DOWN;-16,68000;37.07%
2026-06-05 10:00:00;4452,81000;4460,84000;4452,95876;4442,17389;4438,03544;4449,76149;4466,90311;4460,66430;4453,73897;4455,29753;4463,25344;4469,83934;4465,09051;16,13926;21,23096;46,87748;14,92332;0,92466;UPTREND;;False;;1;8,21;HMA8:UP|HMA13:UP|HMA21:UP;3;0;True;False;8,89,116,144;8,89,116,144;;8,21,89,116,144;;8;8,89,116,144;;89,116,144;;False;UP;13,59000;30.19%;UP;-8,82000;19.6%;UP;-15,86000;35.24%
2026-06-05 11:00:00;4460,38000;4462,65000;4461,12383;4450,25537;4440,47006;4448,14907;4464,93959;4460,29255;4453,38113;4454,39499;4462,43848;4468,95080;4464,82786;15,66288;20,89431;47,04459;20,65377;1,31864;UPTREND;;False;;0;8,21;HMA8:UP|HMA13:UP|HMA21:UP;3;0;True;False;8,89,116,144,188;8,89,116,144,188;;8,21,89,116,144,188;;8;8,89,188;;89,188;;False;UP;20,85000;46.32%;UP;1,00000;2.21%;UP;-14,25000;31.68%
2026-06-05 12:00:00;4462,52000;4464,84000;4466,93654;4458,04670;4444,63511;4447,67855;4463,45414;4460,11304;4453,19140;4453,58985;4461,68600;4468,09225;4464,57418;15,28696;20,46881;47,46413;22,30143;1,45885;UPTREND;;False;;0;8,21;HMA8:UP|HMA13:UP|HMA21:UP;3;0;True;False;8,55,89,116,144,188,377;8,55,89,116,144,188,377;;8,21,55,89,116,144,188,377;;8;8,55,377;;55,377;;False;UP;25,33000;56.28%;UP;10,39000;23.1%;UP;-11,47000;25.49%
2026-06-05 13:00:00;4464,84000;4466,95000;4469,84530;4464,55907;4449,65959;4448,13841;4462,40013;4460,14140;4453,18036;4452,90633;4461,00899;4467,27343;4464,33503;14,63289;20,07369;48,50839;20,18571;1,37947;UPTREND;;False;;0;8,21;HMA8:UP|HMA13:UP|HMA21:UP;3;0;True;False;8,55,89,116,144,188,377;8,55,89,116,144,188,377;;8,21,55,89,116,144,188,377;;8;8;;;;False;UP;24,16000;53.68%;UP;17,48000;38.86%;UP;-8,22000;18.26%
2026-06-05 14:00:00;4466,65000;4470,09000;4471,47322;4469,95525;4455,19219;4449,31857;4461,75500;4460,38689;4453,36374;4452,36993;4460,42222;4466,50755;4464,11496;14,78340;18,93837;50,44914;16,28103;1,10130;UPTREND;;False;;0;8,21;HMA8:UP|HMA13:UP|HMA21:UP;3;0;True;False;8,13,55,89,116,144,188,233,377;8,13,55,89,116,144,188,233,377;;8,13,21,55,89,116,144,188,233,377;;8,13;8,13,233;;13,233;;False;UP;17,39000;38.63%;UP;21,82000;48.48%;UP;-3,81000;8.47%
2026-06-05 15:00:00;4470,40000;4406,29000;4447,70978;4459,73028;4453,64173;4447,45254;4459,69023;4459,94656;4453,12353;4451,57610;4459,63569;4465,59314;4463,81301;18,79244;20,81710;48,85153;12,02050;0,63965;DOWNTREND;REVERSAL_TO_HMA34;False;;2;8,13,21;HMA8:DOWN|HMA13:DOWN|HMA21:DOWN;0;3;False;True;;;;;8,13,21,34,55,89,116,144,188,233,377;8,13,21,34,55,89,116,144,188,233,377;;8,13,21,34,55,89,116,144,188,233,377;;8,13,21,34,55,89,116,144,188,233,377;False;DOWN;-10,12000;22.48%;DOWN;11,80000;26.22%;DOWN;-1,42000;3.16%
2026-06-05 16:00:00;4406,49000;4365,65000;4402,44393;4432,49416;4442,65607;4441,10868;4455,29998;4458,35163;4452,12401;4450,30529;4458,48755;4464,41749;4463,37126;21,41156;23,54636;37,91115;40,21214;1,87806;DOWNTREND;;False;;1;8,13,21;HMA8:DOWN|HMA13:DOWN|HMA21:DOWN;0;3;False;True;8;;8;;8,13,21,34,55,89,116,144,188,233,377;8,13,21,34,55,89,116,144,188,233,377;;8;;;False;DOWN;-36,98000;82.18%;DOWN;-4,31000;9.58%;DOWN;-2,38000;5.3%
2026-06-05 17:00:00;4365,65000;4369,67000;4366,14870;4400,56736;4426,37283;4431,91718;4449,13292;4455,79937;4450,48591;4448,63778;4457,03268;4463,01890;4462,80608;22,34644;26,45296;33,52495;60,22413;2,69502;DOWNTREND;;False;;0;8,13,21;HMA8:DOWN|HMA13:DOWN|HMA21:DOWN;0;3;False;True;8;;8;8;8,13,21,34,55,89,116,144,188,233,377;8,13,21,34,55,89,116,144,188,233,377;8;;8;;False;DOWN;-49,24000;100%;DOWN;-20,33000;45.19%;DOWN;-4,95000;10.99%
2026-06-05 18:00:00;4370,09000;4335,48000;4334,81526;4366,30322;4404,42418;4419,27171;4440,71756;4451,95987;4447,97584;4446,40512;4455,14724;4461,31073;4462,07291;23,49170;29,31604;32,06670;69,60892;2,96313;DOWNTREND;;False;;0;8,13,21;HMA8:DOWN|HMA13:DOWN|HMA21:DOWN;0;3;False;True;8,13;;8,13;8;8,13,21,34,55,89,116,144,188,233,377;8,13,21,34,55,89,116,144,188,233,377;;8,13;;;False;DOWN;-55,49000;100%;DOWN;-33,06000;73.47%;DOWN;-8,75000;19.45%
2026-06-05 19:00:00;4335,45000;4344,53000;4321,72559;4338,97245;4382,28291;4405,36986;4430,94938;4447,15810;4444,79115;4443,73130;4452,91041;4459,35366;4461,19889;23,34801;32,13053;29,88530;60,55732;2,59368;DOWNTREND;;False;;0;8,13,21;HMA8:DOWN|HMA13:DOWN|HMA21:DOWN;0;3;False;True;8,13;;8,13;8,13;8,13,21,34,55,89,116,144,188,233,377;8,13,21,34,55,89,116,144,188,233,377;13;;13;;True;DOWN;-53,45000;100%;DOWN;-41,88000;93.06%;DOWN;-13,39000;29.76%
2026-06-05 20:00:00;4344,59000;4341,65000;4323,13007;4320,22399;4361,79000;4391,54036;4420,33241;4441,55244;4441,01604;4440,65824;4450,34504;4457,16496;4460,19102;22,51458;34,55525;30,22632;41,56601;1,84618;DOWNTREND;;False;;0;8,13,21;HMA8:UP|HMA13:DOWN|HMA21:DOWN;1;2;False;True;8,13;;8,13;8,13;8,13,21,34,55,89,116,144,188,233,377;8,13,21,34,55,89,116,144,188,233,377;;;;;False;UP;-41,37000;91.93%;DOWN;-47,94000;100%;DOWN;-18,71000;41.57%
2026-06-05 21:00:00;4341,66000;4322,30000;4320,46889;4308,50175;4341,87268;4377,45879;4408,91513;4435,08556;4436,58942;4437,12199;4447,40278;4454,70785;4459,02985;22,82282;37,10962;30,19470;33,37093;1,46217;DOWNTREND;;False;;0;8,13,21;HMA8:DOWN|HMA13:DOWN|HMA21:DOWN;0;3;False;True;8,13;;8,13;8,13;8,13,21,34,55,89,116,144,188,233,377;8,13,21,34,55,89,116,144,188,233,377;;8;;;False;DOWN;-26,58000;59.07%;DOWN;-47,84000;100%;DOWN;-23,36000;51.92%
2026-06-05 22:00:00;4322,35000;4318,52000;4316,72169;4301,81581;4323,93483;4363,41143;4397,20531;4427,93814;4431,61703;4433,17374;4444,11159;4451,99984;4457,72174;21,98691;39,49955;29,86242;22,11903;1,00601;DOWNTREND;;False;;0;8,13,21;HMA8:DOWN|HMA13:DOWN|HMA21:DOWN;0;3;False;True;8,13;;8,13;8,13;8,13,21,34,55,89,116,144,188,233,377;8,13,21,34,55,89,116,144,188,233,377;;8;;;False;DOWN;-11,63000;25.83%;DOWN;-44,73000;99.4%;DOWN;-28,77000;63.92%
2026-06-05 23:00:00;4318,54000;4328,43000;4317,33680;4300,92305;4309,91584;4350,50496;4385,83852;4420,48516;4426,33298;4428,95530;4440,56724;4449,10346;4456,29487;21,78784;41,23043;28,49849;16,41374;0,75334;DOWNTREND;;False;;0;8,13,21;HMA8:UP|HMA13:DOWN|HMA21:DOWN;1;2;False;True;8,13;;8,13;8,13,21;8,13,21,34,55,89,116,144,188,233,377;8,13,21,34,55,89,116,144,188,233,377;21;;21;;True;UP;-2,88000;6.41%;DOWN;-37,32000;82.92%;DOWN;-32,68000;72.61%
2026-06-08 01:00:00;4330,17000;4317,35000;4316,02470;4302,16025;4299,21040;4338,16387;4374,67192;4412,80662;4420,76519;4424,46846;4436,76930;4446,00966;4454,74199;22,07371;42,41825;29,25953;16,81431;0,76173;DOWNTREND;;False;;0;8,13,21;HMA8:DOWN|HMA13:UP|HMA21:DOWN;1;2;False;True;8,13;;8,13;8,13,21;8,13,21,34,55,89,116,144,188,233,377;8,13,21,34,55,89,116,144,188,233,377;;;;;False;DOWN;-4,60000;10.22%;UP;-25,84000;57.43%;DOWN;-35,25000;78.33%
2026-06-08 02:00:00;4317,49000;4343,98000;4325,53413;4309,62030;4295,63175;4328,17792;4364,62896;4405,40202;4415,30267;4419,96038;4432,89155;4442,83525;4453,11609;22,60987;42,66590;31,32992;29,90238;1,32254;UPTREND;REVERSAL_TO_HMA34;False;;0;8;HMA8:UP|HMA13:UP|HMA21:DOWN;2;1;True;False;;;;8,34;;8;8,34;;8,34;;False;UP;3,21000;7.12%;UP;-12,21000;27.13%;DOWN;-34,95000;77.66%
2026-06-08 03:00:00;4343,41000;4342,39000;4337,36622;4319,57003;4297,29292;4320,30961;4355,60647;4398,28878;4409,98731;4415,48359;4428,97031;4439,60119;4451,42307;21,95845;42,42368;31,63825;40,07330;1,82496;UPTREND;;False;;0;8;HMA8:UP|HMA13:UP|HMA21:UP;3;0;True;False;;;;8,34;;8;;;;;False;UP;13,23000;29.39%;UP;-0,28000;0.63%;UP;-33,50000;74.45%
2026-06-08 04:00:00;4342,09000;4325,52000;4337,65611;4326,45654;4300,28239;4313,37496;4347,14361;4391,29067;4404,68448;4410,99653;4424,97405;4436,28016;4449,64508;23,65999;43,21903;33,09836;37,37372;1,57962;UPTREND;;False;;0;8;HMA8:UP|HMA13:UP|HMA21:UP;3;0;True;False;;;;8,34;8,13;8;;8,13;;8,13;True;UP;12,12000;26.93%;UP;7,21000;16.02%;UP;-28,05000;62.34%
2026-06-08 05:00:00;4325,86000;4310,59000;4327,45476;4325,98013;4302,32663;4306,55959;4338,90426;4384,22971;4399,29924;4406,44610;4420,88731;4432,85541;4447,76843;23,64214;43,95758;33,69407;25,12813;1,06285;UPTREND;;False;;0;8;HMA8:DOWN|HMA13:DOWN|HMA21:UP;1;2;False;True;;;;8,34;8,13,34;8,34;;34;;34;False;DOWN;6,89000;15.31%;DOWN;9,67000;21.48%;UP;-23,36000;51.9%
2026-06-08 06:00:00;4310,57000;4316,91000;4317,15650;4322,50029;4303,60083;4300,56438;4331,11520;4377,25770;4393,91462;4401,89996;4416,77339;4429,38154;4445,81566;22,92413;44,72548;42,34172;18,89946;0,82444;UPTREND;;False;;0;8;HMA8:DOWN|HMA13:DOWN|HMA21:UP;1;2;False;True;;;;8,34;8,13,34;8,34;;;;;False;DOWN;-5,22000;11.6%;DOWN;8,92000;19.81%;UP;-18,94000;42.1%
2026-06-08 07:00:00;4317,03000;4312,61000;4310,09172;4317,80153;4304,19639;4295,26171;4323,66025;4370,36035;4388,51977;4397,35857;4412,63030;4425,87745;4443,79258;22,29526;45,08331;53,99428;13,60513;0,61023;UPTREND;;False;;0;8;HMA8:DOWN|HMA13:DOWN|HMA21:UP;1;2;False;True;;;;8,34;8,13,34;8,34;;8;;8;False;DOWN;-17,01000;37.79%;DOWN;6,67000;14.82%;UP;-14,48000;32.19%
2026-06-08 08:00:00;4312,87000;4291,90000;4299,83759;4308,55202;4302,61434;4289,96663;4316,04192;4363,28146;4382,95126;4392,70253;4408,38605;4422,29643;4441,67937;24,09131;46,22886;45,15027;8,71443;0,36172;DOWNTREND;REVERSAL_TO_HMA21;False;;2;8,13,21;HMA8:DOWN|HMA13:DOWN|HMA21:DOWN;0;3;False;True;;;;;8,13,21,34;8,13,21,34;;8,13,21,34;;13,21;False;DOWN;-21,43000;47.62%;DOWN;-0,42000;0.94%;DOWN;-9,26000;20.57%
2026-06-08 09:00:00;4292,01000;4300,03000;4294,46322;4300,05455;4300,57372;4285,83589;4308,58009;4356,17808;4377,31621;4388,01312;4404,09570;4418,68039;4439,50397;23,75408;47,29259;50,72408;6,11049;0,25724;DOWNTREND;;False;;1;8,13,21;HMA8:DOWN|HMA13:DOWN|HMA21:DOWN;0;3;False;True;;;;8;8,13,21,34;8,13,21,34;8;;8;;False;DOWN;-19,15000;42.55%;DOWN;-7,80000;17.33%;DOWN;-5,62000;12.48%
2026-06-08 10:00:00;4300,03000;4294,43000;4291,48794;4293,27629;4297,57709;4282,63036;4301,28288;4349,02308;4371,58176;4383,27853;4399,75315;4415,02614;4437,27185;23,66021;47,86199;50,83657;6,08914;0,25736;DOWNTREND;;False;;0;8,13,21;HMA8:DOWN|HMA13:DOWN|HMA21:DOWN;0;3;False;True;8,13,21;;8,13,21;8;8,13,21,34;8,13,21,34;;8,13,21;;;False;DOWN;-15,17000;33.72%;DOWN;-13,16000;29.23%;DOWN;-2,99000;6.63%
2026-06-08 11:00:00;4294,46000;4288,82000;4287,89663;4288,22623;4293,69865;4279,87653;4294,17955;4341,78463;4365,73127;4378,47834;4395,35301;4411,32382;4434,98909;22,80877;48,58104;50,84359;5,80202;0,25438;DOWNTREND;;False;;0;8,13,21;HMA8:DOWN|HMA13:DOWN|HMA21:DOWN;0;3;False;True;8,13,21,55;;8,13,21,55;8;8,13,21,34,55;8,13,21,34,55;;8,13,21,55;;55;False;DOWN;-13,67000;30.38%;DOWN;-15,42000;34.27%;DOWN;-1,38000;3.08%
2026-06-08 12:00:00;4289,21000;4294,19000;4288,51315;4285,38307;4290,15051;4277,95208;4287,55806;4334,62712;4359,84494;4373,66167;4390,93561;4407,60222;4432,67449;23,24386;49,49036;51,08499;4,76744;0,20511;DOWNTREND;;False;;0;8,13,21;HMA8:UP|HMA13:DOWN|HMA21:DOWN;1;2;False;True;8,13,21,55;;8,13,21,55;8,21,55;8,13,21,34,55;8,13,21,34,55;21,55;;21,55;;True;UP;-6,94000;15.43%;DOWN;-14,90000;33.12%;DOWN;-1,35000;3.0%
2026-06-08 13:00:00;4294,74000;4302,02000;4293,38435;4286,50790;4288,03330;4277,15902;4281,68316;4327,74911;4354,04165;4368,89589;4386,54849;4403,89594;4430,34663;22,97858;50,04107;52,05021;6,87645;0,29925;DOWNTREND;;False;;0;8,13,21;HMA8:UP|HMA13:UP|HMA21:DOWN;2;1;True;False;8,13,21,55;;8,13,21,55;8,21,55;8,13,21,34,55;8,13,21,34,55;;;;;False;UP;-0,67000;1.49%;UP;-12,79000;28.42%;DOWN;-2,31000;5.13%
2026-06-08 14:00:00;4302,02000;4331,24000;4310,15187;4296,67186;4290,70876;4278,77545;4277,39491;4321,58922;4348,63001;4364,37120;4382,33501;4400,30213;4428,05752;23,90797;48,66441;53,90664;19,44311;0,81325;UPTREND;REVERSAL_TO_HMA89;False;;0;8;HMA8:UP|HMA13:UP|HMA21:UP;3;0;True;False;;;;8,89;;8;8,89;;8,89;;False;UP;11,04000;24.54%;UP;-4,73000;10.52%;UP;-2,29000;5.1%
2026-06-08 15:00:00;4331,10000;4333,04000;4328,38563;4310,71362;4296,94351;4282,33152;4274,64575;4316,13844;4343,61900;4360,09963;4378,29941;4396,82240;4425,81001;23,55240;47,02615;53,15910;31,44212;1,33499;UPTREND;;False;;0;8;HMA8:UP|HMA13:UP|HMA21:UP;3;0;True;False;;;;8,89;;8;;;;;False;UP;23,26000;51.68%;UP;4,31000;9.59%;UP;-1,31000;2.91%
2026-06-08 16:00:00;4332,87000;4326,71000;4336,68885;4323,03294;4304,25352;4286,82259;4273,08994;4311,27352;4338,92501;4356,04002;4374,41765;4393,43423;4423,59488;23,66937;45,07368;52,67286;32,43534;1,37035;UPTREND;;False;;0;8;HMA8:UP|HMA13:UP|HMA21:UP;3;0;True;False;;;;8,89;8;8;;8;;8;True;UP;26,97000;59.93%;UP;11,83000;26.3%;UP;0,16000;0.35%
2026-06-08 17:00:00;4327,01000;4331,26000;4339,07535;4332,24123;4312,01713;4291,92500;4272,74028;4307,02723;4334,58168;4352,21721;4370,71613;4390,14919;4421,42042;23,16584;43,50435;56,12001;27,05823;1,16802;UPTREND;;False;;0;8;HMA8:UP|HMA13:UP|HMA21:UP;3;0;True;False;13;13;;8,13,89;8;8,13;13;;13;;False;UP;26,25000;58.33%;UP;17,57000;39.05%;UP;1,93000;4.3%
2026-06-08 18:00:00;4331,36000;4341,82000;4341,23969;4340,29462;4320,36559;4297,74910;4273,73201;4303,47589;4330,67234;4348,68405;4367,23986;4387,00082;4419,30193;23,16043;41,24402;53,52700;20,87409;0,90128;UPTREND;ADVANCE_HMA116;False;;0;8;HMA8:UP|HMA13:UP|HMA21:UP;3;0;True;False;8,13,116;8,13,116;;8,13,89,116;8;8,13;8,13,116;;116;;False;UP;18,55000;41.22%;UP;21,56000;47.91%;UP;4,38000;9.74%
2026-06-08 19:00:00;4341,64000;4340,65000;4342,79389;4345,96698;4328,40311;4303,67116;4275,81841;4300,53044;4327,13829;4345,41595;4363,97085;4383,98265;4417,23464;22,09897;39,11030;51,69627;17,56388;0,79478;UPTREND;;False;;0;8;HMA8:UP|HMA13:UP|HMA21:UP;3;0;True;False;8,13,116;8,13,116;;8,13,89,116;8,13;8,13;;8,13;;8,13;True;UP;9,26000;20.57%;UP;24,15000;53.67%;UP;7,18000;15.95%
2026-06-08 20:00:00;4340,70000;4339,25000;4343,26211;4348,15661;4335,60228;4309,56456;4278,69382;4298,09330;4323,93102;4342,38408;4360,89270;4381,08493;4415,21460;21,26047;37,40013;51,29317;12,55433;0,59050;UPTREND;;False;;0;8;HMA8:UP|HMA13:UP|HMA21:UP;3;0;True;False;8,13,116;8,13,116;;8,13,89,116;8,13;8,13;;;;;False;UP;4,42000;9.82%;UP;21,98000;48.84%;UP;10,14000;22.53%
2026-06-08 21:00:00;4339,14000;4334,61000;4340,80846;4346,99509;4340,93310;4315,15375;4281,96309;4296,02027;4320,96564;4339,53102;4357,97337;4378,28511;4413,23180;20,65758;35,59643;51,12972;6,18663;0,29948;DOWNTREND;REVERSAL_TO_HMA21;False;;0;21;HMA8:DOWN|HMA13:DOWN|HMA21:UP;1;2;False;True;;;;;21;;;21;;21;False;DOWN;1,20000;2.67%;DOWN;16,32000;36.26%;UP;12,88000;28.62%
2026-06-08 22:00:00;4334,47000;4326,64000;4334,12933;4342,79637;4343,32822;4319,88878;4285,30358;4294,13869;4318,12620;4336,78473;4355,15978;4375,55296;4411,27371;20,23990;34,38308;48,99800;9,19889;0,45449;DOWNTREND;ADVANCE_HMA8;False;;0;21;HMA8:DOWN|HMA13:DOWN|HMA21:UP;1;2;False;True;8;;8;;8,21;8;;8;;8;False;DOWN;-5,02000;11.15%;DOWN;9,24000;20.54%;UP;14,72000;32.71%
2026-06-08 23:00:00;4326,61000;4329,69000;4329,10730;4337,95902;4343,71751;4323,93025;4288,70638;4292,45024;4315,41116;4334,14522;4352,45421;4372,89468;4409,34600;19,17205;33,25640;46,95375;14,61022;0,76206;DOWNTREND;;False;;0;21;HMA8:DOWN|HMA13:DOWN|HMA21:UP;1;2;False;True;8;;8;8;8,21;8;8;;8;;True;DOWN;-10,12000;22.49%;DOWN;2,85000;6.32%;UP;16,20000;35.99%
2026-06-09 01:00:00;4327,67000;4327,82000;4326,32107;4333,00888;4342,34025;4327,27973;4292,02038;4290,92730;4312,77793;4331,57643;4349,83389;4370,29540;4407,44501;18,52476;31,99881;45,06826;16,01917;0,86474;DOWNTREND;;False;;0;21;HMA8:DOWN|HMA13:DOWN|HMA21:DOWN;0;3;False;True;8;;8;8;8,21;8;8;;8;;True;DOWN;-12,88000;28.62%;DOWN;-3,75000;8.33%;DOWN;15,57000;34.61%
2026-06-09 02:00:00;4327,85000;4317,79000;4321,55550;4326,96997;4338,97711;4329,47805;4294,92397;4289,44058;4310,13932;4328,99572;4347,23843;4367,71655;4405,55308;18,34085;31,33382;45,72265;17,42161;0,94988;DOWNTREND;;False;;0;21;HMA8:DOWN|HMA13:DOWN|HMA21:DOWN;0;3;False;True;8,13,34;;8,13,34;8;8,13,21,34;8,13;;8,13,34;;13,34;False;DOWN;-14,70000;32.68%;DOWN;-9,79000;21.77%;DOWN;12,91000;28.68%
2026-06-09 03:00:00;4317,74000;4319,82000;4318,40565;4321,69467;4334,89521;4330,79136;4297,50865;4288,02506;4307,53230;4326,40776;4344,66801;4365,15975;4403,67322;17,64936;30,71632;49,89804;16,48956;0,93429;DOWNTREND;;False;;0;21;HMA8:DOWN|HMA13:DOWN|HMA21:DOWN;0;3;False;True;8,13,34;;8,13,34;8;8,13,21,34;8,13;8;;8;;True;DOWN;-12,56000;27.9%;DOWN;-14,03000;31.18%;DOWN;9,85000;21.89%
2026-06-09 04:00:00;4319,82000;4336,43000;4323,54322;4321,68108;4332,37128;4332,30778;4300,26634;4286,91143;4305,12739;4323,92262;4342,19046;4362,67165;4401,83105;17,82440;29,01044;57,60935;10,69020;0,59975;DOWNTREND;;False;;0;21;HMA8:UP|HMA13:DOWN|HMA21:DOWN;1;2;False;True;8,13,34;;8,13,34;8,13,21,34,144;8,13,21,34;8,13;8,13,21,34,144;;8,13,21,34,144;;True;UP;-4,46000;9.92%;DOWN;-13,32000;29.59%;DOWN;6,51000;14.48%
2026-06-09 05:00:00;4336,43000;4336,05000;4331,00754;4325,13388;4331,15818;4333,85020;4303,17015;4286,09196;4302,92165;4321,53548;4339,80012;4360,24151;4400,02206;17,46766;27,27698;68,04350;6,02431;0,34488;DOWNTREND;;False;;0;21;HMA8:UP|HMA13:UP|HMA21:DOWN;2;1;True;False;8,13,34;;8,13,34;8,13,21,34,144;8,13,21,34;8,13;;;;;False;UP;3,84000;8.53%;UP;-9,57000;21.26%;DOWN;3,54000;7.86%
2026-06-09 06:00:00;4335,80000;4336,50000;4336,92700;4329,68593;4331,12812;4335,31031;4306,19090;4285,57190;4300,92794;4319,24480;4337,49683;4357,86292;4398,24377;16,99497;25,58251;66,50490;7,24107;0,42607;DOWNTREND;;False;;0;21;HMA8:UP|HMA13:UP|HMA21:DOWN;2;1;True;False;8,13,34;;8,13,34;8,13,21,34,144;8,13,21,34;8,13;;8;;;False;UP;12,74000;28.31%;UP;-4,64000;10.31%;DOWN;0,92000;2.04%
2026-06-09 07:00:00;4336,53000;4332,37000;4338,30435;4332,81255;4331,35594;4336,36175;4309,19040;4285,29134;4299,10790;4317,02143;4335,25708;4355,52158;4396,48588;16,85461;24,47558;64,88395;6,94841;0,41226;DOWNTREND;;False;;0;21;HMA8:UP|HMA13:UP|HMA21:UP;3;0;True;False;8,13,34,188;;8,13,34,188;8,13,21,34,144;8,13,21,34,188;8,13;;13,34,188;;34,188;False;UP;16,44000;36.54%;UP;-0,11000;0.25%;UP;-1,44000;3.21%
2026-06-09 08:00:00;4332,58000;4343,42000;4340,34554;4337,21442;4332,77666;4337,50117;4312,46736;4285,40074;4297,56872;4314,94242;4333,12956;4353,25380;4394,76226;17,11500;22,88240;60,22001;7,56888;0,44224;UPTREND;REVERSAL_TO_HMA8;False;;2;8,13,21;HMA8:UP|HMA13:UP|HMA21:UP;3;0;True;False;;;;8,13,21,34,188;;8,13,21,34;8,13,21,34,188;;8,13,21,34,188;;False;UP;13,79000;30.64%;UP;5,70000;12.66%;UP;-2,73000;6.06%
2026-06-09 09:00:00;4343,43000;4330,60000;4338,11544;4338,71049;4333,66359;4337,88763;4315,59617;4285,70468;4296,18146;4312,92759;4331,05536;4351,01606;4393,04780;17,21536;21,35758;59,29102;5,04690;0,29316;UPTREND;;False;;1;8,13,21;HMA8:DOWN|HMA13:UP|HMA21:UP;2;1;True;False;;;;8,13,21,34,188;8,13,21,34,188;8,13,21,34;;8,13,21,34,188;;8,13,21,34,188;False;DOWN;5,89000;13.1%;UP;9,35000;20.79%;UP;-3,21000;7.14%
2026-06-09 10:00:00;4330,88000;4326,52000;4332,28404;4336,84360;4333,64130;4337,53584;4318,39708;4286,15398;4294,90354;4310,95763;4329,01895;4348,79686;4391,33300;16,87426;20,28935;60,13356;4,55956;0,27021;UPTREND;;False;;0;8,13,21;HMA8:DOWN|HMA13:DOWN|HMA21:DOWN;0;3;False;True;;;;8,13,21,34,188;8,13,21,34,188;8,13,21,34,188;;188;;188;False;DOWN;-3,94000;8.74%;DOWN;8,52000;18.93%;DOWN;-3,42000;7.59%
2026-06-09 11:00:00;4326,52000;4326,46000;4327,52515;4333,08430;4333,01126;4336,66956;4320,83933;4286,75763;4293,73607;4309,04082;4327,02351;4346,60149;4389,61744;16,78253;19,13555;61,17183;5,55916;0,33125;UPTREND;;False;;0;8,13,21;HMA8:DOWN|HMA13:DOWN|HMA21:DOWN;0;3;False;True;;;;8,13,21,34,188;8,13,21,34,188;8,13,21,34,188;;;;;False;DOWN;-9,12000;20.27%;DOWN;4,51000;10.03%;DOWN;-3,18000;7.07%
2026-06-09 12:00:00;4326,51000;4332,13000;4326,59583;4330,73035;4332,55788;4335,80195;4323,10657;4287,58659;4292,73172;4307,21564;4325,09700;4344,45304;4387,90998;16,43163;18,06418;60,98533;5,96205;0,36284;UPTREND;;False;;0;8,13,21;HMA8:DOWN|HMA13:DOWN|HMA21:DOWN;0;3;False;True;8,13,188;8,13,188;;8,13,21,34,188;8,13,21,34,188;8,13,21,34,188;8,13,188;;188;;False;DOWN;-11,82000;26.26%;DOWN;0,61000;1.35%;DOWN;-2,24000;4.97%
2026-06-09 13:00:00;4331,94000;4339,13000;4331,33600;4331,32896;4333,11178;4335,40148;4325,36228;4288,72282;4291,93887;4305,52664;4323,26763;4342,37671;4386,22075;16,35366;16,88401;61,08949;1,78282;0,10902;UPTREND;;False;;0;8,13,21;HMA8:UP|HMA13:UP|HMA21:UP;3;0;True;False;8,13,21,34,188;8,13,21,34,188;;8,13,21,34,188;8,13,21,34,188;8,13,21,34,188;21,34;;;;False;UP;-5,92000;13.15%;UP;-0,87000;1.92%;UP;-0,62000;1.39%
2026-06-09 14:00:00;4339,06000;4339,70000;4337,27643;4333,48080;4334,23919;4335,54288;4327,58098;4290,14828;4291,33972;4303,97142;4321,53248;4340,37427;4384,54945;15,76768;16,03580;61,64665;3,79563;0,24072;UPTREND;;False;;0;8,13,21;HMA8:UP|HMA13:UP|HMA21:UP;3;0;True;False;8,13,21,34,188;8,13,21,34,188;;8,13,21,34,188;8,13,21,34,188;8,13,21,34,188;;;;;False;UP;4,53000;10.06%;UP;-2,26000;5.02%;UP;0,68000;1.51%
2026-06-09 15:00:00;4339,76000;4341,37000;4341,73167;4336,71374;4335,81605;4336,19546;4329,74963;4291,84261;4290,94092;4302,54887;4319,89286;4338,44930;4382,89844;15,31642;15,17376;61,51880;5,91561;0,38623;UPTREND;ADVANCE_HMA233;False;;0;8,13,21;HMA8:UP|HMA13:UP|HMA21:UP;3;0;True;False;13,21,34,188,233;13,21,34,188,233;;8,13,21,34,188,233;8,13,21,34,188;8,13,21,34,188;8,233;;233;;False;UP;13,06000;29.01%;UP;-1,24000;2.77%;UP;1,74000;3.87%
2026-06-09 16:00:00;4341,83000;4328,87000;4339,02335;4337,23570;4336,12232;4336,47218;4331,51129;4293,60018;4290,61712;4301,16950;4318,28334;4336,55987;4381,24733;16,96239;15,78611;56,95818;2,90103;0,17103;UPTREND;;False;;0;8,13,21;HMA8:DOWN|HMA13:UP|HMA21:UP;2;1;True;False;13,21,34,188,233;13,21,34,188,233;;8,13,21,34,188,233;8,13,21,34,55,188,233;8,13,21,34,188;;8,13,21,34,55,233;;8,13,21,34,55,233;True;DOWN;10,38000;23.07%;UP;0,22000;0.49%;UP;1,69000;3.75%
2026-06-09 17:00:00;4328,67000;4300,58000;4322,26530;4329,79219;4332,38985;4334,78030;4332,11172;4295,01110;4290,11025;4299,66095;4316,57351;4334,61549;4379,55183;19,84793;16,05336;43,34724;10,12455;0,51011;DOWNTREND;REVERSAL_TO_HMA8;False;;0;8;HMA8:DOWN|HMA13:DOWN|HMA21:DOWN;0;3;False;True;;;;;8,144,188;8,144,188;;8,144,188;;8,144;False;DOWN;-6,52000;14.48%;DOWN;-1,58000;3.52%;DOWN;0,30000;0.66%
2026-06-09 18:00:00;4300,49000;4272,26000;4293,81704;4312,21200;4323,04024;4330,02020;4330,93464;4295,74224;4289,18886;4297,87236;4314,65003;4332,52999;4377,76971;21,20094;16,94335;39,55226;29,22320;1,37839;DOWNTREND;;False;;0;8;HMA8:DOWN|HMA13:DOWN|HMA21:DOWN;0;3;False;True;8,89,116,144;;8,89,116,144;;8,89,116,144,188;8,116,144,188;;8,89,116,144;;89,116;False;DOWN;-27,13000;60.3%;DOWN;-8,28000;18.41%;DOWN;-2,63000;5.84%
2026-06-09 19:00:00;4272,30000;4252,02000;4262,39763;4287,39824;4308,52467;4322,01395;4327,75559;4295,60340;4287,73807;4295,72014;4312,44611;4330,25040;4375,87365;22,86373;18,64041;34,65523;46,12704;2,01748;DOWNTREND;;False;;0;8;HMA8:DOWN|HMA13:DOWN|HMA21:DOWN;0;3;False;True;8,89,116,144;;8,89,116,144;;8,89,116,144,188;8,116,144,188;;8;;;False;DOWN;-40,94000;90.98%;DOWN;-17,76000;39.46%;DOWN;-6,27000;13.94%
2026-06-09 20:00:00;4251,94000;4263,04000;4245,85330;4265,72764;4293,14691;4312,53438;4323,29840;4294,84748;4285,94189;4293,32620;4310,04428;4327,83224;4373,88856;22,42775;20,21625;35,35577;47,29361;2,10871;DOWNTREND;;False;;0;8;HMA8:DOWN|HMA13:DOWN|HMA21:DOWN;0;3;False;True;8,89,116,144;;8,89,116,144;8;8,89,116,144,188;8,116,144,188;8;;8;;True;DOWN;-46,08000;100%;DOWN;-26,72000;59.39%;DOWN;-10,23000;22.74%
2026-06-09 21:00:00;4263,10000;4269,89000;4246,83515;4252,21245;4279,66267;4302,93089;4318,11736;4293,65384;4283,92833;4290,78046;4307,50120;4325,31427;4371,83150;21,87291;21,23765;35,31229;32,82752;1,50083;DOWNTREND;;False;;0;8;HMA8:UP|HMA13:DOWN|HMA21:DOWN;1;2;False;True;8,89,116,144;;8,89,116,144;8,13;8,89,116,144,188;8,116,144,188;13;;13;;True;UP;-40,77000;90.59%;DOWN;-32,78000;72.84%;DOWN;-13,71000;30.46%
2026-06-09 22:00:00;4269,98000;4258,53000;4251,31928;4244,43616;4267,60765;4293,33792;4312,23539;4291,96214;4281,65232;4288,04772;4304,79214;4322,67482;4369,68957;21,86127;22,50767;35,45429;23,17149;1,05993;DOWNTREND;;False;;0;8;HMA8:UP|HMA13:DOWN|HMA21:DOWN;1;2;False;True;8,21,89,116,144;;8,21,89,116,144;8,13;8,21,89,116,144,188;8,21,116,144,188;;21;;21;False;UP;-25,92000;57.6%;DOWN;-35,28000;78.4%;DOWN;-16,55000;36.77%
2026-06-09 23:00:00;4258,72000;4260,27000;4256,01819;4241,94240;4257,63380;4284,41394;4306,08500;4289,91685;4279,20842;4285,18107;4301,95112;4319,93609;4367,47198;20,75904;23,68697;34,01093;15,69141;0,75588;DOWNTREND;;False;;0;8;HMA8:UP|HMA13:DOWN|HMA21:DOWN;1;2;False;True;8,21,89,116,144;;8,21,89,116,144;8,13,21;8,21,89,116,144,188;8,21,116,144,188;21;;21;;True;UP;-4,39000;9.76%;DOWN;-35,20000;78.21%;DOWN;-19,98000;44.4%
2026-06-10 01:00:00;4251,02000;4237,25000;4249,74715;4238,47739;4247,18155;4275,07588;4299,35372;4287,34207;4276,46667;4282,07495;4298,89843;4317,04282;4365,15017;21,26268;25,48226;34,63466;11,26975;0,53003;DOWNTREND;;False;;0;8;HMA8:DOWN|HMA13:DOWN|HMA21:DOWN;0;3;False;True;8,13,21,89,116,144;;8,13,21,89,116,144;8,13,21;8,13,21,89,116,144,188;8,13,21,116,144,188;;8,13,21;;13;False;DOWN;2,62000;5.83%;DOWN;-30,03000;66.73%;DOWN;-22,27000;49.48%
2026-06-10 02:00:00;4237,08000;4222,00000;4233,60963;4231,77874;4235,75520;4264,74509;4291,93273;4284,20650;4273,39378;4278,68930;4295,59858;4313,96739;4362,70991;22,38392;27,66834;31,13043;3,97645;0,17765;DOWNTREND;;False;;0;8;HMA8:DOWN|HMA13:DOWN|HMA21:DOWN;0;3;False;True;8,13,21,89,116,144;;8,13,21,89,116,144;8,13,21;8,13,21,89,116,144,188;8,13,21,116,144,188;;8,13,21;;;False;DOWN;-8,40000;18.67%;DOWN;-22,50000;49.99%;DOWN;-24,09000;53.52%
2026-06-10 03:00:00;4222,51000;4218,18000;4218,86481;4222,56623;4224,76612;4253,82790;4283,96916;4280,63070;4270,07872;4275,06869;4292,07487;4310,72141;4360,15640;22,87149;29,92843;30,24153;5,90130;0,25802;DOWNTREND;;False;;0;8;HMA8:DOWN|HMA13:DOWN|HMA21:DOWN;0;3;False;True;8,13,21,89,116,144;;8,13,21,89,116,144;8,13,21;8,13,21,89,116,144,188;8,13,21,116,144,188;;8;;;False;DOWN;-19,53000;43.4%;DOWN;-17,46000;38.8%;DOWN;-25,96000;57.69%
2026-06-10 04:00:00;4218,18000;4188,60000;4198,83411;4207,79372;4212,27295;4241,33995;4274,83959;4276,34783;4266,36416;4271,09592;4288,23924;4307,23438;4357,45384;23,73139;32,30291;28,87405;13,43884;0,56629;DOWNTREND;;False;;0;8;HMA8:DOWN|HMA13:DOWN|HMA21:DOWN;0;3;False;True;8,13,21,89,116,144;;8,13,21,89,116,144;8,13,21;8,13,21,89,116,144,188;8,13,21,116,144,188;;8,13,21;;;False;DOWN;-31,07000;69.03%;DOWN;-17,33000;38.5%;DOWN;-26,85000;59.66%
2026-06-10 05:00:00;4188,61000;4173,97000;4178,04207;4189,68426;4198,67235;4227,38831;4264,51378;4271,30282;4262,22072;4266,76567;4284,08313;4303,49248;4354,59368;23,41700;34,68209;27,79896;20,63028;0,88100;DOWNTREND;;False;;0;8;HMA8:DOWN|HMA13:DOWN|HMA21:DOWN;0;3;False;True;8,13,21,89,116,144;;8,13,21,89,116,144;8,13,21;8,13,21,89,116,144,188;8,13,21,116,144,188;;8;;;False;DOWN;-37,43000;83.19%;DOWN;-21,29000;47.31%;DOWN;-27,97000;62.16%
2026-06-10 06:00:00;4173,97000;4184,77000;4169,57107;4175,31081;4186,60771;4213,67168;4253,72203;4265,77344;4257,83380;4262,23354;4279,71778;4299,56790;4351,60794;22,71222;36,89632;28,12935;17,03663;0,75011;DOWNTREND;;False;;0;8;HMA8:DOWN|HMA13:DOWN|HMA21:DOWN;0;3;False;True;8,13,21,89,116,144;;8,13,21,89,116,144;8,13,21;8,13,21,89,116,144,188;8,13,21,116,144,188;8,13;;8,13;;True;DOWN;-35,18000;78.18%;DOWN;-26,06000;57.9%;DOWN;-28,23000;62.73%
2026-06-10 07:00:00;4185,09000;4174,78000;4166,11372;4165,18281;4175,33999;4200,29772;4242,50960;4259,74595;4253,16696;4257,50076;4275,15262;4295,46367;4348,49417;22,12991;38,89582;31,63137;10,15718;0,45898;DOWNTREND;;False;;0;8;HMA8:DOWN|HMA13:DOWN|HMA21:DOWN;0;3;False;True;8,13,21,89,116,144;;8,13,21,89,116,144;8,13,21;8,13,21,89,116,144,188;8,13,21,116,144,188;;13,21;;;False;DOWN;-30,79000;68.43%;DOWN;-28,90000;64.22%;DOWN;-28,03000;62.29%
2026-06-10 08:00:00;4174,94000;4205,15000;4178,36004;4166,09513;4169,22052;4189,57099;4232,05452;4253,77514;4248,56997;4252,81254;4270,57305;4291,31488;4345,31478;23,08849;39,03845;38,23668;12,26490;0,53121;UPTREND;REVERSAL_TO_HMA34;False;;2;8,21;HMA8:UP|HMA13:UP|HMA21:DOWN;2;1;True;False;;;;8,21,34;;8;8,21,34;;8,21,34;;False;UP;-12,50000;27.78%;UP;-25,37000;56.37%;DOWN;-25,56000;56.81%
2026-06-10 09:00:00;4205,24000;4203,93000;4194,87593;4173,26153;4167,33497;4181,53833;4222,45806;4247,91729;4244,07699;4248,18409;4265,99884;4287,14448;4342,07962;22,87289;38,32306;42,84135;27,54096;1,20409;UPTREND;;False;;1;8,21;HMA8:UP|HMA13:UP|HMA21:DOWN;2;1;True;False;;;;8,21,34;;8;;;;;False;UP;10,43000;23.17%;UP;-19,76000;43.91%;DOWN;-23,67000;52.6%
2026-06-10 10:00:00;4203,89000;4186,08000;4198,05589;4180,06255;4166,59991;4175,01682;4213,31483;4242,00809;4239,56051;4243,53269;4261,36919;4282,91575;4338,77271;23,11125;38,29232;43,18714;31,45598;1,36107;UPTREND;;False;;0;8,21;HMA8:UP|HMA13:UP|HMA21:DOWN;2;1;True;False;;;;8,21,34;8;8;;8;;8;False;UP;17,13000;38.06%;UP;-11,31000;25.13%;DOWN;-21,50000;47.78%
2026-06-10 11:00:00;4186,47000;4168,87000;4188,02333;4180,65649;4165,17064;4168,91151;4204,30923;4235,89280;4234,91746;4238,79454;4256,63613;4278,59243;4335,38059;23,31188;38,78838;40,32327;22,85269;0,98030;DOWNTREND;REVERSAL_TO_HMA13;False;;0;13;HMA8:DOWN|HMA13:UP|HMA21:DOWN;1;2;False;True;;;;;13,34;34;;13,34;;13,34;False;DOWN;13,22000;29.38%;UP;-3,69000;8.21%;DOWN;-19,38000;43.07%
2026-06-10 12:00:00;4168,97000;4168,63000;4174,03874;4177,08944;4163,09354;4163,31648;4195,53469;4229,65346;4230,20004;4234,01654;4251,83683;4274,19219;4331,91849;22,81531;39,24901;41,39329;13,99590;0,61344;DOWNTREND;;False;;0;13;HMA8:DOWN|HMA13:DOWN|HMA21:DOWN;0;3;False;True;;;;34;13,34;34;34;;34;;True;DOWN;-2,71000;6.02%;DOWN;0,74000;1.65%;DOWN;-17,67000;39.26%
2026-06-10 13:00:00;4168,69000;4174,67000;4166,77139;4173,51863;4161,79370;4158,45669;4187,20936;4223,46191;4225,50866;4229,28726;4247,03194;4269,75488;4328,41041;22,82922;39,86514;42,89385;11,72493;0,51359;DOWNTREND;;False;;0;13;HMA8:DOWN|HMA13:DOWN|HMA21:DOWN;0;3;False;True;;;;8,13,34;13,34;34;8,13;;8,13;;True;DOWN;-17,11000;38.02%;DOWN;3,48000;7.74%;DOWN;-15,42000;34.27%
2026-06-10 14:00:00;4174,54000;4147,55000;4156,38513;4164,59603;4158,80775;4152,94684;4178,65626;4216,99148;4220,62734;4224,47043;4242,13051;4265,21393;4324,82473;23,36070;40,67781;43,72897;8,21090;0,35148;DOWNTREND;;False;;0;13;HMA8:DOWN|HMA13:DOWN|HMA21:DOWN;0;3;False;True;8,13,21,34;;8,13,21,34;8,13,34;8,13,21,34;8,13,21,34;;8,13,21,34;;8,13,21;False;DOWN;-24,03000;53.41%;DOWN;-0,61000;1.36%;DOWN;-12,89000;28.65%
2026-06-10 15:00:00;4148,15000;4146,91000;4146,93446;4154,12491;4154,81225;4147,34447;4169,99729;4210,29439;4215,59456;4219,60569;4237,16377;4260,59229;4321,17192;24,73637;41,75772;43,73893;7,87779;0,31847;DOWNTREND;;False;;0;13;HMA8:DOWN|HMA13:DOWN|HMA21:DOWN;0;3;False;True;8,13,21,34;;8,13,21,34;8,13,34;8,13,21,34;8,13,21,34;;8,34;;;False;DOWN;-22,55000;50.11%;DOWN;-7,35000;16.33%;DOWN;-10,05000;22.34%
2026-06-10 16:00:00;4147,12000;4179,59000;4154,58431;4152,27570;4153,64690;4143,89799;4162,35909;4203,88390;4210,74326;4214,94086;4232,30775;4256,02023;4317,51346;26,76663;41,88953;52,20920;2,30862;0,08625;DOWNTREND;;False;;0;13;HMA8:UP|HMA13:DOWN|HMA21:DOWN;1;2;False;True;8,13,21,34;;8,13,21,34;8,13,21,34,55;8,13,21,34;8,13,21,34;8,13,21,34,55;;8,13,21,34,55;;True;UP;-10,30000;22.89%;DOWN;-9,82000;21.81%;DOWN;-7,02000;15.6%
2026-06-10 17:00:00;4180,20000;4124,81000;4146,69893;4145,69289;4148,64294;4139,34349;4154,35837;4197,03314;4205,57029;4210,13579;4227,33192;4251,33468;4313,76996;29,34115;42,38443;52,82909;2,95005;0,10054;DOWNTREND;;False;;0;13;HMA8:DOWN|HMA13:DOWN|HMA21:DOWN;0;3;False;True;8,13,21,34,55;;8,13,21,34,55;8,13,21,34,55;8,13,21,34,55;8,13,21,34,55;;8,13,21,34,55;;55;False;DOWN;-9,71000;21.57%;DOWN;-11,23000;24.96%;DOWN;-5,20000;11.55%
2026-06-10 18:00:00;4124,85000;4128,77000;4134,00413;4137,04705;4141,93131;4134,51039;4146,39908;4189,94216;4200,16346;4205,24807;4222,28109;4246,57054;4309,96096;29,38750;43,09769;48,50329;7,92718;0,26975;DOWNTREND;;False;;0;13;HMA8:DOWN|HMA13:DOWN|HMA21:DOWN;0;3;False;True;8,13,21,34,55;;8,13,21,34,55;8,13,21,34,55;8,13,21,34,55;8,13,21,34,55;;;;;False;DOWN;-10,78000;23.96%;DOWN;-12,79000;28.43%;DOWN;-5,31000;11.79%
2026-06-10 19:00:00;4128,84000;4121,92000;4123,46759;4126,43336;4133,94741;4129,52128;4138,49820;4182,65209;4194,53510;4200,26233;4217,14373;4241,72651;4306,08739;28,66339;43,75999;48,49595;10,47981;0,36562;DOWNTREND;;False;;0;13;HMA8:DOWN|HMA13:DOWN|HMA21:DOWN;0;3;False;True;8,13,21,34,55;;8,13,21,34,55;8,13,21,34,55;8,13,21,34,55;8,13,21,34,55;;8,13;;;False;DOWN;-11,57000;25.71%;DOWN;-15,31000;34.03%;DOWN;-6,64000;14.76%
2026-06-10 20:00:00;4122,16000;4111,63000;4110,83215;4116,76790;4124,83000;4124,01939;4130,60787;4175,13713;4188,67088;4195,13585;4211,89710;4236,78494;4302,14525;29,04601;44,70836;48,39944;13,99786;0,48192;DOWNTREND;;False;;0;13;HMA8:DOWN|HMA13:DOWN|HMA21:DOWN;0;3;False;True;8,13,21,34,55;;8,13,21,34,55;8,13,21,34,55;8,13,21,34,55;8,13,21,34,55;;8,13;;;False;DOWN;-20,64000;45.86%;DOWN;-15,35000;34.1%;DOWN;-8,18000;18.19%
2026-06-10 21:00:00;4111,70000;4101,54000;4101,56546;4106,33880;4115,60123;4117,81372;4122,73593;4167,36030;4182,54796;4189,85054;4206,52042;4231,72811;4298,12995;28,63986;45,66863;47,98511;14,03577;0,49008;DOWNTREND;;False;;0;13;HMA8:DOWN|HMA13:DOWN|HMA21:DOWN;0;3;False;True;8,13,21,34,55;;8,13,21,34,55;8,13,21,34,55;8,13,21,34,55;8,13,21,34,55;;8,13;;;False;DOWN;-21,50000;47.78%;DOWN;-15,54000;34.53%;DOWN;-9,82000;21.82%
2026-06-10 22:00:00;4101,62000;4082,67000;4088,83837;4092,91209;4104,75411;4110,63015;4114,55231;4159,18367;4176,05885;4184,33478;4200,96783;4226,51479;4294,02285;28,05773;46,86388;42,25991;15,91574;0,56725;DOWNTREND;;False;;0;13;HMA8:DOWN|HMA13:DOWN|HMA21:DOWN;0;3;False;True;8,13,21,34,55;;8,13,21,34,55;8,13,21,34,55;8,13,21,34,55;8,13,21,34,55;;8,13;;;False;DOWN;-21,92000;48.71%;DOWN;-19,42000;43.16%;DOWN;-11,75000;26.1%
2026-06-10 23:00:00;4082,63000;4070,51000;4073,61259;4078,92750;4092,36499;4102,17715;4105,95650;4150,59925;4169,17644;4178,56316;4195,22999;4221,12768;4289,81741;27,19004;48,22435;41,76525;18,75240;0,68968;DOWNTREND;;False;;0;13;HMA8:DOWN|HMA13:DOWN|HMA21:DOWN;0;3;False;True;8,13,21,34,55;;8,13,21,34,55;8,13,21,34,55;8,13,21,34,55;8,13,21,34,55;;8,13;;;False;DOWN;-24,63000;54.73%;DOWN;-22,26000;49.46%;DOWN;-14,32000;31.83%
2026-06-11 01:00:00;4068,51000;4046,43000;4054,68207;4061,81167;4077,59870;4091,81679;4096,68213;4141,41471;4161,78065;4172,43346;4189,24215;4215,52072;4285,48664;27,86075;49,91848;39,92336;22,91663;0,82254;DOWNTREND;;False;;0;13;HMA8:DOWN|HMA13:DOWN|HMA21:DOWN;0;3;False;True;8,13,21,34,55;;8,13,21,34,55;8,13,21,34,55;8,13,21,34,55;8,13,21,34,55;;8,13;;;False;DOWN;-26,74000;59.42%;DOWN;-24,23000;53.85%;DOWN;-16,25000;36.11%
2026-06-11 02:00:00;4046,62000;4047,09000;4040,31548;4046,39370;4062,53676;4080,50756;4087,04773;4131,80969;4153,98122;4166,01241;4183,05450;4209,73219;4281,04364;28,78712;51,63335;38,50628;22,22127;0,77192;DOWNTREND;;False;;0;13;HMA8:DOWN|HMA13:DOWN|HMA21:DOWN;0;3;False;True;8,13,21,34,55;;8,13,21,34,55;8,13,21,34,55;8,13,21,34,55;8,13,21,34,55;8,13;;8,13;;True;DOWN;-28,01000;62.24%;DOWN;-24,86000;55.25%;DOWN;-17,77000;39.5%
2026-06-11 03:00:00;4047,30000;4075,77000;4046,05756;4041,20697;4051,97144;4070,74217;4078,14666;4122,38799;4146,14526;4159,54621;4176,84215;4203,88646;4276,54669;29,72376;52,28349;40,60415;10,76447;0,36215;DOWNTREND;;False;;0;13;HMA8:UP|HMA13:DOWN|HMA21:DOWN;1;2;False;True;8,13,21,34,55;;8,13,21,34,55;8,13,21,34,55;8,13,21,34,55;8,13,21,34,55;21,34;;21,34;;True;UP;-19,79000;43.98%;DOWN;-22,96000;51.03%;DOWN;-18,88000;41.96%
2026-06-11 04:00:00;4075,80000;4101,88000;4070,22926;4049,93683;4049,12544;4064,29339;4070,81874;4113,57992;4138,61949;4153,23410;4170,75831;4198,08894;4272,04631;31,30135;50,62038;42,83832;21,10382;0,67421;UPTREND;REVERSAL_TO_HMA55;False;;0;;HMA8:UP|HMA13:UP|HMA21:DOWN;2;1;True;False;;;;55;;;55;;55;;False;UP;-1,55000;3.44%;UP;-16,72000;37.15%;DOWN;-17,64000;39.19%
2026-06-11 05:00:00;4102,16000;4067,91000;4081,76030;4058,64017;4048,38411;4058,93185;4064,13431;4104,97080;4131,11591;4146,87892;4164,66481;4192,24544;4267,49764;32,64482;49,42096;44,30419;33,37619;1,02240;UPTREND;;False;;0;;HMA8:UP|HMA13:UP|HMA21:DOWN;2;1;True;False;;;;55;8,55;;;8,55;;8,55;True;UP;11,72000;26.03%;UP;-9,92000;22.06%;DOWN;-15,99000;35.53%
2026-06-11 06:00:00;4067,78000;4072,76000;4082,66659;4065,87372;4049,41329;4054,87845;4058,31670;4096,71321;4123,74298;4140,57102;4158,61153;4186,39638;4262,92040;31,85091;48,30722;42,74403;33,25330;1,04403;UPTREND;;False;;0;;HMA8:UP|HMA13:UP|HMA21:UP;3;0;True;False;;;;55;8,55;;;;;;False;UP;18,39000;40.86%;UP;-3,91000;8.68%;UP;-14,86000;33.03%
2026-06-11 07:00:00;4072,76000;4082,63000;4082,51630;4072,88473;4052,21616;4052,31671;4053,61479;4089,00409;4116,64313;4134,40057;4152,67919;4180,59127;4258,34026;30,69941;46,88462;41,05876;30,30013;0,98699;UPTREND;;False;;0;;HMA8:DOWN|HMA13:UP|HMA21:UP;2;1;True;False;8,13;8,13;;8,13,55;8,55;13;8,13;;8,13;;False;DOWN;16,54000;36.75%;UP;3,44000;7.64%;UP;-13,31000;29.57%
2026-06-11 08:00:00;4082,64000;4094,21000;4085,83411;4081,80487;4057,40166;4051,44092;4050,23195;4082,02212;4109,95548;4128,46322;4146,93275;4174,88212;4253,78318;30,90588;44,57807;51,04575;28,43245;0,91997;UPTREND;ADVANCE_HMA8;False;;0;;HMA8:UP|HMA13:UP|HMA21:UP;3;0;True;False;8,13,89;8,13,89;;8,13,55,89;8,55;8,13;8,89;;8,89;;False;UP;7,19000;15.99%;UP;10,81000;24.02%;UP;-10,66000;23.7%
2026-06-11 09:00:00;4094,20000;4094,74000;4092,59015;4089,22909;4064,78739;4051,90093;4047,89634;4075,74687;4103,69287;4122,77282;4141,38445;4169,29022;4249,25625;30,20903;42,43628;50,82474;27,80276;0,92035;UPTREND;;False;;0;;HMA8:UP|HMA13:UP|HMA21:UP;3;0;True;False;8,13,89;8,13,89;;8,13,55,89;8,55;8,13;;;;;False;UP;5,12000;11.38%;UP;14,84000;32.98%;UP;-7,54000;16.75%
2026-06-11 10:00:00;4094,36000;4104,91000;4101,41367;4096,40846;4074,11081;4054,20430;4046,59619;4070,26783;4097,93821;4117,39904;4136,08770;4163,85531;4244,78223;29,38267;39,84407;50,87941;27,30285;0,92922;UPTREND;ADVANCE_HMA116;False;;0;;HMA8:UP|HMA13:UP|HMA21:UP;3;0;True;False;8,13,116;8,13,116;;8,13,55,89,116;8,55;8,13;8,13,116;;116;;False;UP;9,06000;20.14%;UP;14,77000;32.82%;UP;-3,55000;7.9%
2026-06-11 11:00:00;4104,08000;4084,48000;4099,76924;4099,00645;4081,57039;4056,82122;4045,59979;4065,21494;4092,46820;4112,20686;4130,95013;4158,51721;4240,33201;29,29391;37,72457;55,63731;18,19885;0,62125;UPTREND;;False;;0;;HMA8:DOWN|HMA13:UP|HMA21:UP;2;1;True;False;8,13,116;8,13,116;;8,13,55,89,116;8,13,55,116;8,13;;8,13,116;;8,13,116;True;DOWN;8,38000;18.61%;UP;12,93000;28.74%;UP;0,78000;1.73%
2026-06-11 12:00:00;4084,48000;4091,59000;4095,23548;4099,58140;4087,37052;4059,86751;4045,12202;4060,62834;4087,31207;4107,23553;4126,00910;4153,30719;4235,92199;28,55220;36,02871;56,14180;12,21088;0,42767;UPTREND;;False;;0;;HMA8:DOWN|HMA13:UP|HMA21:UP;2;1;True;False;8,13,21,116;8,13,21,116;;8,13,21,55,89,116;8,13,55,116;8,13,21;21,116;;21,116;;False;DOWN;4,71000;10.46%;UP;11,13000;24.74%;UP;4,97000;11.05%
2026-06-11 13:00:00;4091,58000;4089,91000;4091,54004;4097,85619;4091,07436;4063,05457;4045,02942;4056,46534;4082,41144;4102,45945;4121,25354;4148,22434;4231,55671;27,08705;34,45397;54,98853;6,78183;0,25037;DOWNTREND;REVERSAL_TO_HMA21;False;;2;8,21;HMA8:DOWN|HMA13:DOWN|HMA21:UP;1;2;False;True;;;;;8,21;8;;8,21;;8,21;False;DOWN;-0,56000;1.23%;DOWN;8,74000;19.41%;UP;8,21000;18.25%
2026-06-11 14:00:00;4089,87000;4080,29000;4084,94635;4093,23797;4092,05195;4065,83303;4045,00800;4052,62211;4077,66273;4097,79144;4116,63341;4143,24069;4227,22343;26,30511;33,26934;55,01016;8,29162;0,31521;DOWNTREND;ADVANCE_HMA116;False;;1;8,21;HMA8:DOWN|HMA13:DOWN|HMA21:UP;1;2;False;True;8,116;;8,116;;8,21,116;8,116;;8,116;;116;False;DOWN;-8,89000;19.77%;DOWN;4,14000;9.21%;UP;9,27000;20.6%
2026-06-11 15:00:00;4080,56000;4081,87000;4081,05633;4087,87034;4091,88139;4068,38984;4045,11212;4049,10511;4073,09848;4093,22149;4112,14487;4138,36249;4222,92841;26,54546;32,97808;54,35497;10,82506;0,40779;DOWNTREND;;False;;0;8,21;HMA8:DOWN|HMA13:DOWN|HMA21:DOWN;0;3;False;True;8,116;;8,116;8;8,21,116;8,116;8;;8;;False;DOWN;-9,99000;22.21%;DOWN;-0,49000;1.09%;DOWN;9,31000;20.68%
2026-06-11 16:00:00;4082,43000;4083,16000;4080,01248;4083,60758;4090,90121;4070,97110;4045,40772;4045,91175;4068,71489;4088,75292;4107,78276;4133,59336;4218,67673;26,46936;32,38481;58,13892;10,88873;0,41137;DOWNTREND;;False;;0;8,21;HMA8:DOWN|HMA13:DOWN|HMA21:DOWN;0;3;False;True;8,116;;8,116;8;8,21,116;8,116;;;;;False;DOWN;-8,18000;18.18%;DOWN;-4,61000;10.24%;DOWN;8,91000;19.8%
2026-06-11 17:00:00;4083,24000;4073,33000;4076,51704;4079,43078;4088,33468;4072,93576;4045,66071;4042,89316;4064,41297;4084,33324;4103,50162;4128,89543;4214,45479;26,90226;32,31473;65,69543;11,81764;0,43928;DOWNTREND;;False;;0;8,21;HMA8:DOWN|HMA13:DOWN|HMA21:DOWN;0;3;False;True;8,13,116;;8,13,116;8;8,13,21,116;8,13,116;;8,13;;13;False;DOWN;-7,95000;17.66%;DOWN;-6,91000;15.37%;DOWN;7,65000;16.99%
2026-06-11 18:00:00;4073,51000;4088,79000;4079,35724;4078,61432;4086,53913;4075,22513;4046,40771;4040,26683;4060,34715;4080,06130;4099,37874;4124,31398;4210,28933;26,76210;31,65946;66,15527;7,92482;0,29612;DOWNTREND;;False;;0;8,21;HMA8:UP|HMA13:DOWN|HMA21:DOWN;1;2;False;True;8,13,116;;8,13,116;8,13,21,34,144;8,13,21,116;8,13,116;8,13,21,34,144;;8,13,21,34,144;;True;UP;-2,99000;6.64%;DOWN;-7,44000;16.53%;DOWN;6,21000;13.81%
2026-06-11 19:00:00;4089,08000;4080,20000;4081,34143;4078,31979;4084,46357;4077,14153;4047,34911;4037,90926;4056,44462;4075,87743;4095,36261;4119,81817;4206,16590;26,96552;30,36816;64,09685;6,14378;0,22784;DOWNTREND;;False;;0;8,21;HMA8:UP|HMA13:DOWN|HMA21:DOWN;1;2;False;True;8,13,21,116;;8,13,21,116;8,13,21,34,144;8,13,21,116;8,13,21,116;;8,21;;21;False;UP;0,15000;0.34%;DOWN;-6,89000;15.3%;DOWN;4,17000;9.27%
2026-06-11 20:00:00;4080,21000;4151,75000;4108,65872;4094,02787;4090,23783;4082,46386;4050,40793;4036,80110;4053,38014;4072,23726;4091,76861;4115,64214;4202,19706;32,03084;29,64216;46,66216;18,42089;0,57510;UPTREND;REVERSAL_TO_HMA233;False;;2;8,13,21;HMA8:UP|HMA13:UP|HMA21:UP;3;0;True;False;;;;8,13,21,34,188,233;;8,13,21,34;8,13,21,34,188,233;;8,13,21,34,188,233;;False;UP;12,60000;28.01%;UP;0,24000;0.52%;UP;2,88000;6.41%
2026-06-11 21:00:00;4151,83000;4161,76000;4145,65217;4118,88393;4102,51291;4090,72336;4055,54804;4036,93677;4051,19337;4069,16981;4088,60820;4111,79781;4198,38843;32,61221;29,01720;48,36298;43,13926;1,32279;UPTREND;;False;;1;8,13,21;HMA8:UP|HMA13:UP|HMA21:UP;3;0;True;False;;;;8,13,21,34,188,233;;8,13,21,34;;;;;False;UP;27,92000;62.05%;UP;9,01000;20.01%;UP;3,67000;8.17%
2026-06-11 22:00:00;4161,76000;4208,85000;4188,23609;4155,09065;4123,12230;4103,55869;4063,58107;4038,80401;4050,23401;4066,93351;4086,06108;4108,41446;4194,80379;34,44848;29,62857;37,49034;65,11380;1,89018;UPTREND;ADVANCE_HMA377;False;;0;8,13,21;HMA8:UP|HMA13:UP|HMA21:UP;3;0;True;False;8,377;8,377;;8,13,21,34,188,233,377;;8,13,21,34;8,377;;377;;False;UP;38,31000;85.14%;UP;19,08000;42.39%;UP;5,93000;13.17%
2026-06-11 23:00:00;4209,27000;4211,33000;4221,98715;4190,61623;4147,96630;4119,25445;4073,92401;4042,20199;4050,39543;4065,48155;4084,08773;4105,46894;4191,43441;32,72573;30,19628;36,56732;74,02085;2,26185;UPTREND;;False;;0;8,13,21;HMA8:UP|HMA13:UP|HMA21:UP;3;0;True;False;8,377;8,377;;8,13,21,34,188,233,377;;8,13,21,34;8;;;;False;UP;47,05000;100%;UP;29,52000;65.6%;UP;9,86000;21.92%
2026-06-12 01:00:00;4212,46000;4243,25000;4246,61072;4225,99642;4176,16351;4137,97337;4086,79454;4047,30681;4051,84030;4064,94078;4082,78341;4103,03475;4188,32041;33,33175;31,27329;32,92550;70,44721;2,11352;UPTREND;;False;;0;8,13,21;HMA8:UP|HMA13:UP|HMA21:UP;3;0;True;False;8,13,377;8,13,377;;8,13,21,34,188,233,377;;8,13,21,34;8,13;;;;False;UP;45,98000;100%;UP;36,39000;80.86%;UP;14,16000;31.47%
2026-06-12 02:00:00;4243,25000;4219,84000;4251,58600;4248,83723;4201,69279;4156,37553;4100,74785;4053,50965;4054,18067;4065,07298;4081,97500;4101,00039;4185,40840;33,21520;32,27338;33,21676;49,89321;1,50212;UPTREND;;False;;0;8,13,21;HMA8:UP|HMA13:UP|HMA21:UP;3;0;True;False;8,13,377;8,13,377;;8,13,21,34,188,233,377;13;8,13,21,34;;13;;13;True;UP;38,57000;85.7%;UP;40,55000;90.11%;UP;18,29000;40.65%
2026-06-12 03:00:00;4219,66000;4208,43000;4238,00919;4255,90641;4221,41094;4173,07042;4114,86517;4060,40538;4057,17097;4065,72943;4081,55729;4099,30094;4182,66678;32,96411;32,53384;34,08611;34,49547;1,04646;UPTREND;;False;;0;8,13,21;HMA8:DOWN|HMA13:UP|HMA21:UP;2;1;True;False;8,13,377;8,13,377;;8,13,21,34,188,233,377;13,21;8,13,21,34;;21;;21;True;DOWN;20,68000;45.96%;UP;39,30000;87.33%;UP;21,60000;48.0%
2026-06-12 04:00:00;4208,42000;4186,78000;4213,65176;4246,86213;4233,08606;4186,41507;4127,98751;4067,46142;4060,48742;4066,70009;4081,38346;4097,83705;4180,04958;33,43953;31,49891;36,52156;33,21037;0,99315;UPTREND;;False;;0;8,13,21;HMA8:DOWN|HMA13:DOWN|HMA21:UP;1;2;False;True;8,13,377;8,13,377;;8,13,21,34,188,233,377;13,21;8,13,21,34;;;;;False;DOWN;-3,57000;7.92%;DOWN;32,53000;72.29%;UP;23,41000;52.01%
2026-06-12 05:00:00;4186,70000;4191,54000;4193,34100;4230,97683;4238,19008;4197,12176;4140,06631;4074,57325;4064,06718;4067,95633;4081,43390;4096,60116;4177,55594;32,28742;30,53790;36,60886;44,84908;1,38906;UPTREND;;False;;0;8,13,21;HMA8:DOWN|HMA13:DOWN|HMA21:UP;1;2;False;True;8,13,34,377;8,13,34,377;;8,13,21,34,188,233,377;13,21;8,13,21,34;34;;;;False;DOWN;-22,41000;49.81%;DOWN;21,39000;47.54%;UP;25,16000;55.91%
2026-06-12 06:00:00;4191,47000;4197,08000;4186,33594;4215,75229;4239,16027;4205,79639;4151,08511;4081,62959;4067,86317;4069,47149;4081,69208;4095,58638;4175,18584;31,07404;29,79109;35,52255;52,82432;1,69995;UPTREND;;False;;0;8,13,21;HMA8:DOWN|HMA13:DOWN|HMA21:UP;1;2;False;True;8,13,34,377;8,13,34,377;;8,13,21,34,188,233,377;13,21;8,13,21,34;8;;;;False;DOWN;-27,70000;61.55%;DOWN;7,68000;17.06%;UP;26,47000;58.81%
2026-06-12 07:00:00;4197,06000;4190,05000;4185,19450;4202,20639;4235,86352;4212,62108;4160,86026;4088,46774;4071,69455;4071,13209;4082,08308;4094,74223;4172,91969;29,66303;29,09762;34,42076;50,66902;1,70815;UPTREND;;False;;0;8,13,21;HMA8:DOWN|HMA13:DOWN|HMA21:DOWN;0;3;False;True;8,13,34,377;8,13,34,377;;8,13,21,34,188,233,377;13,21;8,13,21,34;;;;;False;DOWN;-23,99000;53.32%;DOWN;-7,61000;16.92%;DOWN;26,15000;58.11%
2026-06-12 08:00:00;4189,85000;4173,31000;4180,19802;4188,98473;4228,04774;4217,03856;4169,04113;4094,82710;4075,36139;4072,77884;4082,48795;4093,98954;4170,72148;29,12567;27,59427;37,17692;47,84973;1,64287;DOWNTREND;REVERSAL_TO_HMA8;False;;2;8,13;HMA8:DOWN|HMA13:DOWN|HMA21:DOWN;0;3;False;True;;;;;8,13;8,13;;8,13;;8,13;False;DOWN;-16,02000;35.6%;DOWN;-18,91000;42.01%;DOWN;23,32000;51.81%
2026-06-12 09:00:00;4173,34000;4184,11000;4178,28072;4180,41515;4218,37709;4220,07133;4176,26033;4100,91133;4078,94316;4074,43284;4082,92527;4093,34237;4168,60107;27,98741;26,19830;36,54743;40,09636;1,43266;DOWNTREND;;False;;1;8,13;HMA8:DOWN|HMA13:DOWN|HMA21:DOWN;0;3;False;True;;;;8,13,55;8,13;8,13;8,13,55;;8,13,55;;False;DOWN;-7,66000;17.03%;DOWN;-24,21000;53.79%;DOWN;18,80000;41.77%
2026-06-12 10:00:00;4184,85000;4194,20000;4182,77139;4178,92885;4209,50467;4222,29917;4182,93115;4106,89186;4082,54849;4076,14241;4083,40331;4092,80793;4166,56624;27,70117;25,23271;36,07854;30,57582;1,10377;DOWNTREND;;False;;0;8,13;HMA8:UP|HMA13:DOWN|HMA21:DOWN;1;2;False;True;;;;8,13,55;8,13;8,13;;;;;False;UP;-1,84000;4.09%;DOWN;-22,23000;49.4%;DOWN;12,52000;27.83%
2026-06-12 11:00:00;4194,47000;4219,57000;4198,83439;4187,01780;4205,06131;4225,07121;4189,79116;4113,17316;4086,41992;4078,05065;4084,01917;4092,44404;4164,64747;28,15251;25,37132;46,07716;18,04351;0,64092;UPTREND;REVERSAL_TO_HMA21;False;;2;8,21;HMA8:UP|HMA13:UP|HMA21:DOWN;2;1;True;False;;;;8,21;;8;8,21;;8,21;;False;UP;6,91000;15.35%;UP;-14,59000;32.42%;DOWN;5,86000;13.02%
2026-06-12 12:00:00;4219,63000;4221,85000;4216,88657;4199,41948;4204,93020;4228,11388;4196,76367;4119,77175;4090,58658;4080,16537;4084,76002;4092,22705;4162,83664;26,89376;25,55681;54,71187;17,46709;0,64948;UPTREND;;False;;1;8,21;HMA8:UP|HMA13:UP|HMA21:DOWN;2;1;True;False;;;;8,21;;8;;;;;False;UP;18,83000;41.85%;UP;-5,78000;12.84%;DOWN;0,69000;1.53%
2026-06-12 13:00:00;4221,78000;4210,89000;4223,46883;4209,78424;4206,43812;4230,42126;4203,44210;4126,49619;4094,93289;4082,40950;4085,56896;4092,10596;4161,10457;26,59492;24,99366;54,73954;17,03071;0,64037;UPTREND;;False;;0;8,21;HMA8:UP|HMA13:UP|HMA21:UP;3;0;True;False;;;;8,21;8;8;;8;;8;False;UP;23,01000;51.14%;UP;2,72000;6.04%;UP;-3,22000;7.16%
2026-06-12 14:00:00;4211,75000;4206,83000;4220,25281;4215,80357;4208,16341;4231,32398;4209,68127;4133,23696;4099,40522;4084,77261;4086,42524;4092,05704;4159,43349;25,96671;24,21567;55,60573;12,08940;0,46557;UPTREND;;False;;0;8,21;HMA8:DOWN|HMA13:UP|HMA21:UP;2;1;True;False;;;;8,21;8,13,21,55;8;;13,21,55;;13,21,55;True;DOWN;19,84000;44.09%;UP;9,77000;21.7%;UP;-5,48000;12.18%
2026-06-12 15:00:00;4206,93000;4191,71000;4207,32126;4214,39117;4207,68485;4230,04012;4215,04048;4139,76726;4103,83147;4087,16475;4087,27152;4092,03242;4157,78981;26,03195;23,05790;54,22082;7,06991;0,27159;UPTREND;;False;;0;8,21;HMA8:DOWN|HMA13:DOWN|HMA21:DOWN;0;3;False;True;;;;8,21;8,13,21,55;8;;;;;False;DOWN;4,66000;10.35%;DOWN;12,27000;27.27%;DOWN;-6,68000;14.85%
2026-06-12 16:00:00;4191,60000;4186,25000;4192,36828;4207,31318;4205,14538;4226,63663;4219,31541;4146,00302;4108,15175;4089,56102;4088,09251;4092,01951;4156,15590;26,11967;21,71861;62,34773;14,94490;0,57217;UPTREND;;False;;0;8,21;HMA8:DOWN|HMA13:DOWN|HMA21:DOWN;0;3;False;True;;;;8,21;8,13,21,55;8;;;;;False;DOWN;-13,21000;29.35%;DOWN;10,27000;22.81%;DOWN;-7,42000;16.49%
2026-06-12 17:00:00;4187,00000;4203,92000;4190,02896;4201,47524;4203,63770;4222,96923;4223,00547;4152,17346;4112,52839;4092,07527;4088,97723;4092,08566;4154,55746;26,49540;20,20404;64,13366;13,60873;0,51363;UPTREND;;False;;0;8,21;HMA8:DOWN|HMA13:DOWN|HMA21:DOWN;0;3;False;True;8,13,21;8,13,21;;8,13,21;8,13,21,55;8;8,13,21;;13,21;;False;DOWN;-17,51000;38.92%;DOWN;5,20000;11.55%;DOWN;-6,93000;15.41%
2026-06-12 18:00:00;4203,99000;4211,84000;4197,93276;4200,30713;4204,06865;4219,98506;4226,28618;4158,32132;4117,00786;4094,75117;4089,95608;4092,25612;4153,00390;27,11930;19,90377;58,93305;6,13589;0,22626;UPTREND;;False;;0;8,21;HMA8:UP|HMA13:DOWN|HMA21:UP;2;1;True;False;8,13,21;8,13,21;;8,13,21;8,13,21,55;8,21;21;;21;;False;UP;-11,63000;25.84%;DOWN;0,31000;0.69%;UP;-5,05000;11.23%
2026-06-12 19:00:00;4211,53000;4215,99000;4209,26717;4203,65526;4206,18200;4218,20204;4229,27476;4164,44101;4121,58199;4097,60657;4091,04080;4092,54019;4151,50176;26,95078;19,62494;59,83565;5,61191;0,20823;UPTREND;;False;;0;8,21;HMA8:UP|HMA13:UP|HMA21:UP;3;0;True;False;8,13,21;8,13,21;;8,13,21;8,13,21,55;8,21;;;;;False;UP;1,03000;2.3%;UP;-2,17000;4.82%;UP;-2,59000;5.76%
2026-06-12 20:00:00;4215,95000;4221,36000;4219,99498;4209,84565;4209,51035;4217,85327;4232,11283;4170,55072;4126,25998;4100,65917;4092,24944;4092,94431;4150,05918;25,90001;19,36603;59,46752;10,48464;0,40481;UPTREND;ADVANCE_HMA34;False;;0;8,21;HMA8:UP|HMA13:UP|HMA21:UP;3;0;True;False;8,13,34;8,13,34;;8,13,21,34;8,13,21,55;8,21;8,34;;34;;False;UP;14,93000;33.18%;UP;-2,20000;4.88%;UP;0,00000;0.0%
2026-06-12 21:00:00;4221,42000;4215,61000;4223,19998;4215,45104;4212,21733;4218,21369;4234,58059;4176,54435;4130,96023;4103,84080;4093,54620;4093,43957;4148,66867;25,56001;19,49812;60,63646;10,98265;0,42968;UPTREND;;False;;0;8,21;HMA8:UP|HMA13:UP|HMA21:UP;3;0;True;False;8,13,34;8,13,34;;8,13,21,34;8,13,21,34,55;8,21;;8,34;;8,34;True;UP;17,98000;39.95%;UP;0,40000;0.88%;UP;1,60000;3.56%
2026-06-12 22:00:00;4215,61000;4210,72000;4219,59756;4218,27213;4213,81246;4218,51164;4236,48490;4182,34055;4135,64026;4107,09563;4094,89560;4094,00262;4147,32267;24,96572;18,90608;60,05769;5,78509;0,23172;UPTREND;;False;;0;8,21;HMA8:DOWN|HMA13:UP|HMA21:UP;2;1;True;False;8,13,34;8,13,34;;8,13,21,34;8,13,21,34,55;8,21;;13,21;;13,21;True;DOWN;12,24000;27.2%;UP;4,18000;9.3%;UP;2,04000;4.53%
2026-06-12 23:00:00;4210,66000;4218,87000;4217,67835;4219,93426;4215,60459;4219,03769;4237,97521;4188,01855;4140,38282;4110,45716;4096,32659;4094,65123;4146,03381;23,87603;18,36043;59,64120;4,32967;0,18134;UPTREND;;False;;0;8,21;HMA8:DOWN|HMA13:UP|HMA21:UP;2;1;True;False;8,13,21,34;8,13,21,34;;8,13,21,34;8,13,21,34,55;8,13,21,34;8,13,21,34;;13,34;;False;DOWN;5,03000;11.18%;UP;7,34000;16.32%;UP;2,20000;4.89%
2026-06-15 01:00:00;4275,23000;4285,53000;4243,23487;4235,13808;4224,81256;4223,31242;4240,70178;4194,42134;4145,78833;4114,33889;4098,13162;4095,58537;4144,90486;28,60060;20,44924;40,20951;18,42231;0,64412;UPTREND;;False;;0;8,21;HMA8:UP|HMA13:UP|HMA21:UP;3;0;True;False;8,13,21,34;8,13,21,34;;8,13,21,34;8,13,21,34,55;8,13,21,34;;;;;False;UP;11,48000;25.52%;UP;11,47000;25.5%;UP;3,33000;7.4%
2026-06-15 02:00:00;4285,53000;4294,05000;4278,25339;4258,40206;4239,68467;4230,73300;4244,59446;4201,48909;4151,84456;4118,74830;4100,32270;4096,80540;4143,94047;27,55484;22,38884;38,15956;38,56871;1,39971;UPTREND;;False;;0;8,21;HMA8:UP|HMA13:UP|HMA21:UP;3;0;True;False;8,13,21,34;8,13,21,34;;8,13,21,34;8,13,21,34,55;8,13,21,34;;;;;False;UP;26,54000;58.98%;UP;18,32000;40.71%;UP;6,62000;14.72%
2026-06-15 03:00:00;4293,85000;4292,54000;4302,18283;4281,71074;4256,85369;4240,08842;4249,31065;4209,02091;4158,42725;4123,61824;4102,86435;4098,27970;4143,12909;26,76450;24,43289;38,78028;45,32915;1,69363;UPTREND;;False;;0;8,21;HMA8:UP|HMA13:UP|HMA21:UP;3;0;True;False;8,13,21,34;8,13,21,34;;8,13,21,34;8,13,21,34,55;8,13,21,34;;8;;8;True;UP;37,65000;83.66%;UP;24,11000;53.58%;UP;10,93000;24.3%
2026-06-15 04:00:00;4292,78000;4316,73000;4321,32941;4304,39244;4275,93747;4251,67126;4255,28840;4217,17924;4165,64163;4129,04415;4105,83364;4100,06640;4142,49959;27,28418;26,53105;36,98629;45,39194;1,66367;UPTREND;;False;;0;8,21;HMA8:UP|HMA13:UP|HMA21:UP;3;0;True;False;8,13,21,34;8,13,21,34;;8,13,21,34;8,13,21,34,55;8,13,21,34;8,13;;;;False;UP;43,52000;96.72%;UP;28,52000;63.37%;UP;14,84000;32.98%
2026-06-15 05:00:00;4316,71000;4329,57000;4334,19069;4325,89463;4295,18490;4264,83909;4262,55158;4225,95054;4173,48041;4135,02541;4109,24487;4102,18218;4142,05921;26,71531;28,74057;33,13185;39,00579;1,46005;UPTREND;;False;;0;8,21;HMA8:UP|HMA13:UP|HMA21:UP;3;0;True;False;8,13,21,34;8,13,21,34;;8,13,21,34;8,13,21,34,55;8,13,21,34;8,13;;;;False;UP;40,40000;89.78%;UP;33,88000;75.28%;UP;18,83000;41.85%
2026-06-15 06:00:00;4329,58000;4324,93000;4338,27826;4341,27473;4312,69757;4278,08133;4270,60381;4235,08010;4181,77819;4141,44038;4113,02368;4104,58209;4141,78718;25,51707;30,79228;31,40230;28,57715;1,11992;UPTREND;;False;;0;8,21;HMA8:UP|HMA13:UP|HMA21:UP;3;0;True;False;8,13,21,34;8,13,21,34;;8,13,21,34;8,13,21,34,55;8,13,21,34;;13;;13;True;UP;30,46000;67.69%;UP;38,40000;85.33%;UP;22,66000;50.35%
2026-06-15 07:00:00;4324,97000;4328,31000;4338,74719;4348,67306;4328,07463;4291,19471;4279,12436;4244,44735;4190,44346;4148,23224;4117,13347;4107,24718;4141,67668;24,35442;32,67926;29,47149;20,59843;0,84578;UPTREND;;False;;0;8,21;HMA8:UP|HMA13:UP|HMA21:UP;3;0;True;False;8,13,21,34;8,13,21,34;;8,13,21,34;8,13,21,34,55;8,13,21,34;21;;;;False;UP;20,57000;45.72%;UP;37,85000;84.1%;UP;25,96000;57.68%
2026-06-15 08:00:00;4328,30000;4310,02000;4329,18385;4346,45685;4338,43875;4302,78641;4287,20563;4253,63203;4199,18981;4155,20838;4121,44519;4110,08594;4141,68851;24,42839;33,56959;34,80101;17,27300;0,70709;DOWNTREND;REVERSAL_TO_HMA21;False;;0;21;HMA8:DOWN|HMA13:DOWN|HMA21:UP;1;2;False;True;;;;;21;;;21;;21;False;DOWN;4,60000;10.21%;DOWN;31,00000;68.88%;UP;27,33000;60.72%
2026-06-15 09:00:00;4310,05000;4308,11000;4316,64906;4338,90694;4343,97499;4312,55453;4294,69233;4262,46606;4207,89898;4162,29405;4125,91428;4113,06322;4141,81126;23,57279;33,98604;32,60832;27,32594;1,15922;DOWNTREND;;False;;0;21;HMA8:DOWN|HMA13:DOWN|HMA21:UP;1;2;False;True;34;;34;;21,34;;;34;;34;False;DOWN;-10,54000;23.42%;DOWN;22,02000;48.93%;UP;28,91000;64.24%
2026-06-15 10:00:00;4308,26000;4323,10000;4314,09113;4332,15604;4346,95853;4321,35144;4301,92820;4271,01508;4216,60792;4169,52873;4130,57454;4116,20202;4142,05980;23,31116;34,67957;32,02213;32,86740;1,40994;DOWNTREND;;False;;0;21;HMA8:DOWN|HMA13:DOWN|HMA21:UP;1;2;False;True;34;;34;8,34;21,34;;8,34;;8,34;;True;DOWN;-14,54000;32.31%;DOWN;11,23000;24.95%;UP;29,40000;65.33%
2026-06-15 11:00:00;4322,62000;4334,10000;4321,07891;4329,79243;4348,56450;4329,68363;4309,07498;4279,36718;4225,30863;4176,91513;4135,43865;4119,51129;4142,44100;23,32251;35,77829;30,70246;27,48559;1,17850;UPTREND;REVERSAL_TO_HMA13;False;;0;13;HMA8:UP|HMA13:DOWN|HMA21:UP;2;1;True;False;;;;13,34;;34;13,34;;13,34;;False;UP;-10,72000;23.83%;DOWN;1,60000;3.55%;UP;27,95000;62.11%
2026-06-15 12:00:00;4334,13000;4336,59000;4331,53293;4331,13189;4349,68416;4337,49033;4316,10023;4287,48949;4233,96341;4184,39823;4140,47430;4122,97106;4142,94588;22,30662;36,79853;29,25991;18,55227;0,83169;UPTREND;;False;;0;13;HMA8:UP|HMA13:UP|HMA21:UP;3;0;True;False;34;34;;13,34;;34;34;;;;False;UP;1,51000;3.35%;UP;-4,33000;9.63%;UP;26,25000;58.33%
2026-06-15 13:00:00;4336,60000;4338,07000;4339,86050;4334,44173;4350,42772;4344,70848;4322,95941;4295,32704;4242,53053;4191,92065;4145,64229;4126,55886;4143,56310;21,15900;37,74590;29,96191;15,98599;0,75552;UPTREND;;False;;0;13;HMA8:UP|HMA13:UP|HMA21:UP;3;0;True;False;8,34;8,34;;8,13,34;;8,34;8,34;;8;;False;UP;15,34000;34.08%;UP;-6,40000;14.21%;UP;23,86000;53.02%
2026-06-15 14:00:00;4338,18000;4335,22000;4341,95063;4337,95633;4350,13116;4350,86849;4329,49018;4302,80271;4250,92299;4199,43121;4150,88670;4130,23732;4144,27601;20,76836;38,77076;47,92779;12,17483;0,58622;UPTREND;;False;;0;13;HMA8:UP|HMA13:UP|HMA21:DOWN;2;1;True;False;8,34;8,34;;8,13,34;13;8,34;;13;;13;True;UP;18,54000;41.2%;UP;-3,90000;8.67%;DOWN;19,66000;43.69%
2026-06-15 15:00:00;4335,24000;4348,89000;4345,41328;4343,34405;4350,60341;4356,48172;4336,02744;4310,08624;4259,23433;4206,98849;4156,25118;4134,02234;4145,09512;21,04776;39,18234;47,64660;7,25935;0,34490;UPTREND;;False;;0;13;HMA8:UP|HMA13:UP|HMA21:UP;3;0;True;False;8,13,34,55;8,13,34,55;;8,13,34,55;13;8,13,34,55;8,13,55;;13,55;;False;UP;16,12000;35.83%;UP;2,01000;4.47%;UP;14,75000;32.78%
2026-06-15 16:00:00;4349,02000;4355,25000;4351,65483;4349,64874;4352,43168;4361,60695;4342,60793;4317,21533;4267,49505;4214,59657;4161,74464;4137,90617;4146,01841;21,50292;40,06614;42,21218;2,78294;0,12942;UPTREND;ADVANCE_HMA21;False;;0;13;HMA8:UP|HMA13:UP|HMA21:UP;3;0;True;False;8,21,34,55;8,21,34,55;;8,13,21,34,55;13;8,13,21,34,55;8,13,21;;21;;False;UP;13,17000;29.26%;UP;7,72000;17.16%;UP;10,47000;23.27%
2026-06-15 17:00:00;4355,25000;4356,72000;4357,24165;4355,56432;4355,28572;4366,02835;4349,09983;4324,16466;4275,68735;4222,23930;4167,35107;4141,87831;4147,03605;21,06557;40,90137;41,77344;1,95593;0,09285;UPTREND;;False;;0;13;HMA8:UP|HMA13:UP|HMA21:UP;3;0;True;False;8,13,21,34,55;8,13,21,34,55;;8,13,21,34,55;13;8,13,21,34,55;8,13,21;;;;False;UP;11,66000;25.9%;UP;11,52000;25.61%;UP;7,36000;16.36%
2026-06-15 18:00:00;4356,43000;4356,20000;4360,49959;4359,83755;4358,59122;4369,46656;4355,35404;4330,84945;4283,77063;4229,89154;4173,05346;4145,92322;4148,13471;20,34946;41,33674;45,80965;1,90837;0,09378;UPTREND;;False;;0;13;HMA8:UP|HMA13:UP|HMA21:UP;3;0;True;False;8,13,21,34,55;8,13,21,34,55;;8,13,21,34,55;13,21;8,13,21,34,55;;13,21;;13,21;True;UP;12,84000;28.53%;UP;13,23000;29.4%;UP;5,66000;12.57%
2026-06-15 19:00:00;4356,18000;4339,12000;4354,10081;4358,72693;4359,57532;4371,05335;4360,82116;4336,99340;4291,53809;4237,42240;4178,76408;4149,97238;4149,27457;20,62021;40,62474;46,59801;5,47450;0,26549;DOWNTREND;REVERSAL_TO_HMA8;False;;0;8;HMA8:DOWN|HMA13:DOWN|HMA21:UP;1;2;False;True;;;;;8,55;8;;8,55;;8,55;False;DOWN;6,01000;13.36%;DOWN;11,11000;24.68%;UP;4,33000;9.61%
2026-06-15 20:00:00;4339,12000;4324,75000;4339,18089;4351,27705;4356,90725;4370,28741;4365,09907;4342,41305;4298,82884;4244,73533;4184,41096;4153,97610;4150,42247;20,48162;39,05904;47,98699;17,72636;0,86548;DOWNTREND;ADVANCE_HMA89;False;;0;8;HMA8:DOWN|HMA13:DOWN|HMA21:DOWN;0;3;False;True;89;;89;;8,55,89;8;;89;;89;False;DOWN;-8,66000;19.24%;DOWN;6,19000;13.75%;DOWN;2,78000;6.18%
2026-06-15 21:00:00;4324,69000;4325,60000;4326,36604;4340,97161;4351,94444;4367,79111;4368,26434;4347,18654;4305,65586;4251,82292;4189,99611;4157,93971;4151,57622;19,71722;37,46368;48,07116;25,57840;1,29726;DOWNTREND;;False;;0;8;HMA8:DOWN|HMA13:DOWN|HMA21:DOWN;0;3;False;True;89;;89;;8,55,89;8;;;;;False;DOWN;-21,38000;47.51%;DOWN;-1,15000;2.55%;DOWN;0,98000;2.18%
2026-06-15 22:00:00;4325,68000;4320,68000;4317,66189;4330,23020;4345,47520;4363,94084;4370,24305;4351,31318;4311,98859;4258,64183;4195,48781;4161,84863;4152,72530;19,02599;35,88506;45,60249;27,81331;1,46186;DOWNTREND;;False;;0;8;HMA8:DOWN|HMA13:DOWN|HMA21:DOWN;0;3;False;True;8,89;;8,89;;8,55,89;8;;8;;;False;DOWN;-29,37000;65.28%;DOWN;-9,65000;21.45%;DOWN;-1,27000;2.82%
2026-06-15 23:00:00;4320,65000;4308,70000;4309,82161;4318,95086;4337,50202;4358,74062;4370,85690;4354,71614;4317,74108;4265,11562;4200,82514;4165,66731;4153,84815;18,77914;33,77662;48,68275;27,68041;1,47400;DOWNTREND;ADVANCE_HMA116;False;;0;8;HMA8:DOWN|HMA13:DOWN|HMA21:DOWN;0;3;False;True;8,13,116;;8,13,116;;8,13,55,89,116;8,13;;8,13,116;;13,116;False;DOWN;-30,52000;67.82%;DOWN;-18,00000;40.0%;DOWN;-3,94000;8.75%
2026-06-16 01:00:00;4306,78000;4311,99000;4306,48644;4310,06294;4329,53175;4353,06353;4370,42489;4357,52219;4322,97781;4271,27655;4206,02677;4169,40778;4154,95063;18,10063;31,79189;47,32174;23,04531;1,27318;DOWNTREND;;False;;0;8;HMA8:DOWN|HMA13:DOWN|HMA21:DOWN;0;3;False;True;8,13,116;;8,13,116;8,13;8,13,55,89,116;8,13;8,13;;8,13;;True;DOWN;-24,30000;54.01%;DOWN;-24,62000;54.72%;DOWN;-6,49000;14.43%
2026-06-16 02:00:00;4311,99000;4315,60000;4307,73152;4305,59007;4322,37110;4347,51759;4369,26403;4359,86577;4327,76005;4277,15813;4211,11488;4173,08194;4156,03989;17,35987;30,16713;44,51560;16,78102;0,96666;DOWNTREND;;False;;0;8;HMA8:UP|HMA13:DOWN|HMA21:DOWN;1;2;False;True;8,13,116;;8,13,116;8,13;8,13,55,89,116;8,13;;;;;False;UP;-15,02000;33.38%;DOWN;-27,03000;60.06%;DOWN;-9,24000;20.53%
2026-06-16 03:00:00;4315,58000;4319,14000;4312,05737;4305,68952;4316,80501;4342,37174;4367,65193;4361,86723;4332,15545;4282,79022;4216,11106;4176,70364;4157,12230;17,10773;28,34771;45,38092;11,11549;0,64974;UPTREND;REVERSAL_TO_HMA21;False;;0;21;HMA8:UP|HMA13:UP|HMA21:DOWN;2;1;True;False;;;;21;;;21;;21;;False;UP;-4,68000;10.4%;UP;-23,95000;53.22%;DOWN;-11,76000;26.14%
2026-06-16 04:00:00;4319,17000;4313,53000;4314,70907;4306,84455;4312,37100;4337,32889;4365,52460;4363,51556;4336,14654;4288,14057;4220,99353;4180,25841;4158,18965;16,87361;26,97666;46,72945;7,86452;0,46608;UPTREND;;False;;0;21;HMA8:UP|HMA13:UP|HMA21:DOWN;2;1;True;False;;;;21;8,21;;;8,21;;8,21;True;UP;4,14000;9.2%;UP;-18,63000;41.4%;DOWN;-14,27000;31.71%
2026-06-16 05:00:00;4313,53000;4318,69000;4316,90952;4309,45596;4309,65532;4332,78418;4363,08014;4364,94872;4339,82271;4293,25373;4225,78972;4183,76819;4159,24978;16,61764;25,37774;46,30820;7,45355;0,44853;UPTREND;;False;;0;21;HMA8:UP|HMA13:UP|HMA21:DOWN;2;1;True;False;8;8;;8,21;8,21;8;8;;8;;False;UP;8,91000;19.8%;UP;-11,77000;26.15%;DOWN;-16,41000;36.46%
2026-06-16 06:00:00;4318,50000;4330,36000;4323,03435;4315,19145;4309,78491;4329,31724;4360,75018;4366,34808;4343,32592;4298,21628;4230,55912;4187,27530;4160,32043;16,69566;24,64367;45,05760;13,24944;0,79359;UPTREND;;False;;0;21;HMA8:UP|HMA13:UP|HMA21:UP;3;0;True;False;8,34;8,34;;8,21,34;8,21;8;8,34;;34;;False;UP;12,91000;28.68%;UP;-2,15000;4.78%;UP;-16,61000;36.9%
2026-06-16 07:00:00;4330,30000;4322,52000;4326,00426;4320,21887;4311,13289;4326,30162;4358,34959;4367,58311;4346,58659;4302,98918;4235,26938;4190,75591;4161,38860;16,28026;23,96203;41,91346;14,87137;0,91346;UPTREND;;False;;0;21;HMA8:UP|HMA13:UP|HMA21:UP;3;0;True;False;8,34;8,34;;8,21,34;8,21,34;8;;8,34;;8,34;True;UP;12,09000;26.86%;UP;5,94000;13.19%;UP;-15,70000;34.9%
2026-06-16 08:00:00;4322,52000;4315,84000;4323,53469;4322,03658;4312,48391;4323,34143;4355,70143;4368,56114;4349,54458;4307,54883;4239,89679;4194,19470;4162,44474;16,29881;22,77083;47,70130;11,05078;0,67801;UPTREND;;False;;0;21;HMA8:DOWN|HMA13:UP|HMA21:UP;2;1;True;False;8,34;8,34;;8,21,34;8,13,21,34;8;;13;;13;True;DOWN;7,71000;17.13%;UP;9,55000;21.21%;UP;-13,61000;30.24%
2026-06-16 09:00:00;4315,90000;4323,86000;4322,48370;4322,97643;4314,43992;4320,95393;4353,08247;4369,39625;4352,28178;4311,95523;4244,48760;4197,62619;4163,50364;15,90104;21,61368;49,05370;8,53651;0,53685;UPTREND;;False;;0;21;HMA8:DOWN|HMA13:UP|HMA21:UP;2;1;True;False;8,13,34;8,13,34;;8,13,21,34;8,13,21,34;8,13;8,13,34;;13,34;;False;DOWN;5,01000;11.13%;UP;10,27000;22.82%;UP;-11,04000;24.54%
2026-06-16 10:00:00;4323,86000;4335,03000;4326,72243;4326,28458;4317,79489;4319,68922;4350,82983;4370,22400;4354,91072;4316,27697;4249,09292;4201,09361;4164,58456;15,68811;21,28341;64,34933;8,92754;0,56906;UPTREND;;False;;0;21;HMA8:UP|HMA13:UP|HMA21:UP;3;0;True;False;8,13,34;8,13,34;;8,13,21,34;8,13,21,34;8,13;8,13;;;;False;UP;3,36000;7.47%;UP;11,67000;25.93%;UP;-7,16000;15.91%
2026-06-16 11:00:00;4335,04000;4346,93000;4337,19850;4333,06051;4323,26259;4320,04814;4349,22953;4371,17502;4357,52882;4320,58240;4253,76024;4204,63897;4165,70652;15,64539;21,66765;54,75342;13,93591;0,89074;UPTREND;;False;;0;21;HMA8:UP|HMA13:UP|HMA21:UP;3;0;True;False;8,13,34;8,13,34;;8,13,21,34;8,13,21,34;8,13;8;;;;False;UP;10,14000;22.54%;UP;14,11000;31.37%;UP;-2,29000;5.1%
2026-06-16 12:00:00;4346,98000;4345,15000;4346,40933;4339,97755;4329,55597;4321,72762;4348,11357;4372,17821;4360,10621;4324,84556;4258,47117;4208,25369;4166,86700;15,23072;22,04626;54,39621;16,85337;1,10654;UPTREND;;False;;0;21;HMA8:UP|HMA13:UP|HMA21:UP;3;0;True;False;8,13,34;8,13,34;;8,13,21,34;8,13,21,34;8,13;;8;;8;True;UP;20,58000;45.73%;UP;15,18000;33.72%;UP;2,70000;6.0%
2026-06-16 13:00:00;4345,15000;4348,89000;4352,02548;4346,58108;4336,07431;4324,62462;4347,45603;4373,24296;4362,66786;4329,07052;4263,23044;4211,94423;4168,07276;14,62209;22,43579;53,08065;15,95117;1,09089;UPTREND;;False;;0;21;HMA8:UP|HMA13:UP|HMA21:UP;3;0;True;False;8,13,34,55;8,13,34,55;;8,13,21,34,55;8,13,21,34;8,13;8,13,55;;55;;False;UP;26,80000;59.55%;UP;16,72000;37.17%;UP;7,51000;16.68%
2026-06-16 14:00:00;4348,89000;4340,90000;4350,84500;4350,05564;4341,16942;4327,79176;4346,94649;4374,19948;4365,13436;4333,18839;4267,98375;4215,67904;4169,31163;14,58909;22,10914;52,36774;9,67558;0,66321;UPTREND;;False;;0;21;HMA8:DOWN|HMA13:UP|HMA21:UP;2;1;True;False;8,13,34,55;8,13,34,55;;8,13,21,34,55;8,13,21,34,55;8,13;;13,21,55;;13,21,55;True;DOWN;22,46000;49.91%;UP;17,75000;39.44%;UP;11,17000;24.81%
2026-06-16 15:00:00;4340,90000;4354,66000;4351,44933;4353,69013;4346,19032;4331,65307;4346,88725;4375,19246;4367,62242;4337,27257;4272,77980;4219,49757;4170,60662;14,79629;22,15897;50,25774;7,49981;0,50687;UPTREND;;False;;0;21;HMA8:UP|HMA13:UP|HMA21:UP;3;0;True;False;8,13,21,34,55;8,13,21,34,55;;8,13,21,34,55;8,13,21,34,55;8,13,21;8,13,21,55;;21,55;;False;UP;13,54000;30.08%;UP;19,08000;42.41%;UP;13,87000;30.82%
2026-06-16 16:00:00;4354,46000;4331,67000;4345,11911;4351,50651;4348,33171;4334,56239;4346,51369;4375,87619;4369,89467;4341,15870;4277,49846;4223,31558;4171,91970;15,39584;21,64851;53,36759;6,38740;0,41488;DOWNTREND;REVERSAL_TO_HMA34;False;;2;8,13,21;HMA8:DOWN|HMA13:DOWN|HMA21:UP;1;2;False;True;;;;;8,13,21,34,55,144;8,13,55;;8,13,21,34,55,144;;8,13,21,34,55,144;False;DOWN;-1,20000;2.67%;DOWN;15,27000;33.94%;UP;14,06000;31.24%
2026-06-16 17:00:00;4331,67000;4324,04000;4333,29496;4344,43579;4347,51611;4336,21400;4345,62523;4376,14304;4371,88495;4344,79074;4282,09807;4227,10457;4173,23826;16,11186;20,50421;56,09114;14,22114;0,88265;DOWNTREND;;False;;1;8,13,21;HMA8:DOWN|HMA13:DOWN|HMA21:DOWN;0;3;False;True;;;;;8,13,21,34,55,144;8,13,55;;;;;False;DOWN;-16,21000;36.01%;DOWN;6,71000;14.91%;DOWN;12,72000;28.28%
2026-06-16 18:00:00;4324,02000;4335,21000;4328,66576;4337,90945;4345,95256;4337,41266;4344,60985;4376,14110;4373,70060;4348,23740;4286,62319;4230,89851;4174,58035;16,56029;19,08957;57,62076;17,28680;1,04387;DOWNTREND;;False;;0;8,13,21;HMA8:DOWN|HMA13:DOWN|HMA21:DOWN;0;3;False;True;;;;8;8,13,21,34,55,144;8,13,55;8;;8;;False;DOWN;-18,51000;41.14%;DOWN;-1,19000;2.65%;DOWN;11,43000;25.39%
2026-06-16 19:00:00;4335,20000;4340,58000;4330,67659;4334,99009;4344,38329;4338,56201;4343,67853;4375,93421;4375,37669;4351,52970;4291,09179;4234,70986;4175,95377;16,24385;17,95135;62,23838;13,70670;0,84381;DOWNTREND;;False;;0;8,13,21;HMA8:UP|HMA13:DOWN|HMA21:DOWN;1;2;False;True;;;;8,13,34;8,13,21,34,55,144;8,13,55;13,34;;13,34;;True;UP;-17,73000;39.4%;DOWN;-6,78000;15.07%;DOWN;10,44000;23.21%
2026-06-16 20:00:00;4340,42000;4340,22000;4335,72372;4334,76911;4343,16083;4339,62605;4342,86754;4375,51510;4376,89402;4354,65500;4295,49478;4238,52928;4177,35564;16,21286;17,15531;61,90235;8,39172;0,51760;DOWNTREND;;False;;0;8,13,21;HMA8:UP|HMA13:DOWN|HMA21:DOWN;1;2;False;True;;;;8,13,34;8,13,21,34,55,144;8,13,55;;;;;False;UP;-8,24000;18.32%;DOWN;-8,93000;19.85%;DOWN;8,89000;19.76%
2026-06-16 21:00:00;4340,22000;4338,42000;4339,65676;4335,11347;4341,96161;4340,67246;4342,18656;4374,87425;4378,22707;4357,58704;4299,81470;4242,34343;4178,78095;15,52622;16,28174;61,13428;6,84815;0,44107;DOWNTREND;;False;;0;8,13,21;HMA8:UP|HMA13:UP|HMA21:DOWN;2;1;True;False;8,34;;8,34;8,13,34;8,13,21,34,55,144;8,13,55;;8,34;;34;False;UP;5,85000;13.0%;UP;-11,28000;25.06%;DOWN;6,87000;15.26%
2026-06-16 22:00:00;4338,42000;4334,26000;4338,91389;4335,41799;4340,25759;4341,37358;4341,55244;4373,97510;4379,34316;4360,29193;4304,02202;4246,13503;4180,22107;15,29149;15,87996;60,34662;4,83961;0,31649;DOWNTREND;;False;;0;8,13,21;HMA8:DOWN|HMA13:UP|HMA21:DOWN;1;2;False;True;8,13,34;;8,13,34;8,13,34;8,13,21,34,55,144;8,13,55;;13;;;False;DOWN;9,51000;21.14%;UP;-9,95000;22.1%;DOWN;4,00000;8.9%
2026-06-16 23:00:00;4333,96000;4330,92000;4335,03141;4334,85922;4337,99410;4341,45141;4340,97242;4372,83078;4380,22233;4362,74849;4308,09500;4249,88927;4181,66950;14,58424;15,58390;59,34510;3,13488;0,21495;DOWNTREND;;False;;0;8,13,21;HMA8:DOWN|HMA13:DOWN|HMA21:DOWN;0;3;False;True;8,13,34;;8,13,34;8,13,34;8,13,21,34,55,144;8,13,55;;;;;False;DOWN;4,27000;9.49%;DOWN;-6,25000;13.88%;DOWN;0,75000;1.68%
2026-06-17 01:00:00;4330,19000;4335,37000;4333,06996;4334,38454;4336,17963;4341,27852;4340,56192;4371,54904;4380,92925;4365,00135;4312,05187;4253,61551;4183,13199;14,06180;15,18067;58,25581;3,10966;0,22114;DOWNTREND;;False;;0;8,13,21;HMA8:DOWN|HMA13:DOWN|HMA21:DOWN;0;3;False;True;8,13,34;;8,13,34;8,13,34;8,13,21,34,55,144;8,13,55;8,13;;8,13;;True;DOWN;-2,70000;6.0%;DOWN;-2,39000;5.32%;DOWN;-2,03000;4.52%
2026-06-17 02:00:00;4335,41000;4330,96000;4331,40626;4333,03534;4334,41928;4340,67984;4340,13090;4370,12431;4381,43505;4367,03588;4315,87262;4257,29559;4184,60016;13,69524;14,58893;57,03138;3,01302;0,22001;DOWNTREND;;False;;0;8,13,21;HMA8:DOWN|HMA13:DOWN|HMA21:DOWN;0;3;False;True;8,13,21,34;;8,13,21,34;8,13,34;8,13,21,34,55,144;8,13,21,55;;8,13,21;;21;False;DOWN;-8,56000;19.03%;DOWN;-1,36000;3.03%;DOWN;-4,91000;10.92%
2026-06-17 03:00:00;4331,63000;4337,11000;4332,74252;4332,90783;4333,77018;4340,08834;4339,84370;4368,67243;4381,82370;4368,91360;4319,58573;4260,94807;4186,08377;13,65058;13,71128;57,67834;1,02766;0,07528;DOWNTREND;;False;;0;8,13,21;HMA8:UP|HMA13:DOWN|HMA21:DOWN;1;2;False;True;8,13,21,34;;8,13,21,34;8,13,21,34;8,13,21,34,55,144;8,13,21,55;8,13,21;;8,13,21;;True;UP;-6,45000;14.33%;DOWN;-1,30000;2.89%;DOWN;-6,09000;13.53%
2026-06-17 04:00:00;4336,85000;4340,87000;4336,92811;4334,46267;4334,27545;4339,72081;4339,78235;4367,25471;4382,12792;4370,67210;4323,20667;4264,58449;4187,58760;13,77983;13,30577;59,37740;2,65266;0,19250;UPTREND;REVERSAL_TO_HMA55;False;;0;8;HMA8:UP|HMA13:UP|HMA21:UP;3;0;True;False;;;;8,34,55;;8;8,34,55;;8,34,55;;False;UP;1,97000;4.38%;UP;-0,45000;1.0%;UP;-5,49000;12.2%
2026-06-17 05:00:00;4340,87000;4331,56000;4336,75807;4335,06441;4334,24047;4339,01141;4339,64649;4365,76064;4382,24497;4372,27395;4326,68843;4268,17333;4189,09470;13,83841;12,48852;59,46086;2,51760;0,18193;DOWNTREND;REVERSAL_TO_HMA21;False;;2;8,13,21;HMA8:DOWN|HMA13:UP|HMA21:DOWN;1;2;False;True;;;;;8,13,21,34,55;8,21,34,55;;8,13,21,34,55;;8,13,21,34,55;False;DOWN;3,81000;8.47%;UP;-0,24000;0.54%;DOWN;-4,84000;10.75%
2026-06-17 06:00:00;4331,47000;4332,29000;4334,76317;4334,71269;4333,86513;4338,09197;4339,45664;4364,23490;4382,18495;4373,73467;4330,04022;4271,71751;4190,60555;13,23352;11,63078;57,13747;0,89804;0,06786;DOWNTREND;;False;;1;8,13,21;HMA8:DOWN|HMA13:DOWN|HMA21:DOWN;0;3;False;True;;;;;8,13,21,34,55;8,21,34,55;;;;;False;DOWN;3,63000;8.06%;DOWN;-0,11000;0.23%;DOWN;-4,54000;10.1%
2026-06-17 07:00:00;4332,21000;4326,73000;4330,65019;4332,50916;4332,61321;4336,76724;4339,05637;4362,62366;4381,90808;4375,02302;4333,23677;4275,19763;4192,11139;13,46399;11,78046;60,81627;1,96302;0,14580;DOWNTREND;ADVANCE_HMA188;False;;0;8,13,21;HMA8:DOWN|HMA13:DOWN|HMA21:DOWN;0;3;False;True;8,188;;8,188;;8,13,21,34,55,188;8,21,34,55;;8,188;;188;False;DOWN;-2,22000;4.94%;DOWN;-1,33000;2.96%;DOWN;-4,48000;9.95%
2026-06-17 08:00:00;4326,80000;4326,61000;4326,51930;4329,92330;4330,96991;4335,18090;4338,46308;4360,94725;4381,43129;4376,14778;4336,27500;4278,61683;4193,61364;13,43584;11,90283;63,00003;4,45061;0,33125;DOWNTREND;;False;;0;8,13,21;HMA8:DOWN|HMA13:DOWN|HMA21:DOWN;0;3;False;True;8,188;;8,188;8;8,13,21,34,55,188;8,21,34,55;8;;8;;True;DOWN;-10,96000;24.36%;DOWN;-2,21000;4.91%;DOWN;-4,68000;10.39%
2026-06-17 09:00:00;4326,61000;4331,69000;4326,76583;4328,43515;4329,98742;4333,77389;4337,84779;4359,29230;4380,81778;4377,15310;4339,17995;4281,98997;4195,12166;13,27685;12,07045;60,40321;3,22159;0,24265;DOWNTREND;;False;;0;8,13,21;HMA8:UP|HMA13:DOWN|HMA21:DOWN;1;2;False;True;8,188;;8,188;8,13,21;8,13,21,34,55,188;8,21,34,55;8,13,21;;8,13,21;;True;UP;-10,66000;23.68%;DOWN;-3,21000;7.14%;DOWN;-4,42000;9.83%
2026-06-17 10:00:00;4331,47000;4325,12000;4326,28535;4326,71420;4328,81241;4332,34622;4337,03382;4357,57819;4380,01311;4378,00572;4341,92513;4285,29315;4196,62612;12,91208;12,09019;59,43899;2,52706;0,19571;DOWNTREND;;False;;0;8,13,21;HMA8:DOWN|HMA13:DOWN|HMA21:DOWN;0;3;False;True;8,13,21,188;;8,13,21,188;8,13,21;8,13,21,34,55,188;8,13,21,34,55;;8,13,21;;13;False;DOWN;-9,32000;20.71%;DOWN;-5,71000;12.69%;DOWN;-4,07000;9.04%
2026-06-17 11:00:00;4325,14000;4324,68000;4325,17517;4325,18308;4327,51250;4330,90519;4336,07182;4355,82404;4379,02154;4378,71186;4344,51506;4288,52648;4198,12736;12,72693;12,77466;57,93030;2,33733;0,18365;DOWNTREND;;False;;0;8,13,21;HMA8:DOWN|HMA13:DOWN|HMA21:DOWN;0;3;False;True;8,13,21,188;;8,13,21,188;8,13,21;8,13,21,34,55,188;8,13,21,34,55;;;;;False;DOWN;-6,14000;13.64%;DOWN;-7,37000;16.38%;DOWN;-3,90000;8.66%
2026-06-17 12:00:00;4324,66000;4329,51000;4326,30776;4324,92137;4326,67930;4329,74049;4335,15649;4354,11220;4377,89979;4379,30603;4346,97760;4291,70779;4199,63535;12,83501;12,45689;59,83554;1,75793;0,13696;DOWNTREND;;False;;0;8,13,21;HMA8:UP|HMA13:DOWN|HMA21:DOWN;1;2;False;True;8,13,21,188;;8,13,21,188;8,13,21;8,13,21,34,55,188;8,13,21,34,55;8,13,21;;8,13,21;;True;UP;-0,24000;0.52%;DOWN;-7,25000;16.1%;DOWN;-3,45000;7.67%
2026-06-17 13:00:00;4329,51000;4331,41000;4328,52696;4326,22209;4326,35951;4328,90198;4334,33236;4352,48378;4376,67017;4379,79973;4349,32482;4294,84377;4201,15298;12,52608;12,16182;58,91733;2,30487;0,18401;UPTREND;REVERSAL_TO_HMA34;False;;0;;HMA8:UP|HMA13:UP|HMA21:DOWN;2;1;True;False;;;;34;;;34;;34;;False;UP;2,01000;4.47%;UP;-4,78000;10.63%;DOWN;-3,39000;7.52%
2026-06-17 14:00:00;4331,43000;4323,11000;4327,65109;4326,29540;4325,65406;4327,88122;4333,37144;4350,85097;4375,27834;4380,14221;4351,51949;4297,90778;4202,66632;12,41064;12,45437;60,26841;1,99704;0,16091;DOWNTREND;REVERSAL_TO_HMA21;False;;2;8,13,21;HMA8:DOWN|HMA13:UP|HMA21:DOWN;1;2;False;True;;;;;8,13,21,34;8,21,34;;8,13,21,34;;8,13,21,34;False;DOWN;1,58000;3.5%;UP;-2,79000;6.2%;DOWN;-3,97000;8.83%
2026-06-17 15:00:00;4323,11000;4333,59000;4329,32872;4327,55238;4325,95271;4327,38125;4332,58210;4349,37939;4373,85545;4380,40651;4353,61429;4300,93497;4204,19305;12,62346;12,28806;62,17221;3,37601;0,26744;DOWNTREND;;False;;1;8,13,21;HMA8:UP|HMA13:UP|HMA21:UP;3;0;True;False;;;;8,13,21,34,55;8,13,21,34;8,13,21,34;8,13,21,34,55;;8,13,21,34,55;;False;UP;4,70000;10.45%;UP;-0,67000;1.48%;UP;-3,76000;8.35%
2026-06-17 16:00:00;4333,56000;4339,85000;4334,42402;4330,97186;4327,58213;4327,64612;4332,12249;4348,15841;4372,47136;4380,63598;4355,63692;4303,94290;4205,74368;13,23821;11,79978;64,88532;6,84189;0,51683;DOWNTREND;;False;;0;8,13,21;HMA8:UP|HMA13:UP|HMA21:UP;3;0;True;False;;;;8,13,21,34,55;8,13,21,34;8,13,21,34;8;;;;False;UP;8,71000;19.36%;UP;3,07000;6.82%;UP;-2,72000;6.04%
2026-06-17 17:00:00;4339,62000;4344,47000;4340,84054;4336,32024;4330,59374;4328,71086;4332,08963;4347,23396;4371,17735;4380,86033;4357,60660;4306,94343;4207,32555;14,66334;12,85142;54,96459;10,24680;0,69880;DOWNTREND;;False;;0;8,13,21;HMA8:UP|HMA13:UP|HMA21:UP;3;0;True;False;;;;8,13,21,34,55;8,13,21,34;8,13,21,34;8;;;;False;UP;11,86000;26.35%;UP;7,21000;16.03%;UP;-0,79000;1.75%
2026-06-17 18:00:00;4344,56000;4363,45000;4353,38624;4345,43739;4336,40781;4331,36809;4332,92382;4346,82250;4370,14641;4381,19186;4359,60657;4309,99384;4208,96826;15,11453;13,88252;55,34275;16,97843;1,12332;UPTREND;REVERSAL_TO_HMA188;False;;2;8,13;HMA8:UP|HMA13:UP|HMA21:UP;3;0;True;False;;;;8,13,89,188;;8,13,188;8,13,89,188;;89,188;;False;UP;23,06000;51.24%;UP;12,75000;28.33%;UP;2,06000;4.58%
2026-06-17 19:00:00;4363,45000;4359,42000;4362,61387;4354,44756;4343,01955;4334,92517;4334,34270;4346,80046;4369,31651;4381,58456;4361,60546;4313,07247;4210,66277;14,85206;14,96119;53,37269;19,59432;1,31930;UPTREND;;False;;1;8,13;HMA8:UP|HMA13:UP|HMA21:UP;3;0;True;False;;;;8,13,89,188;8,188;8,13,188;;8,188;;8,188;False;UP;29,26000;65.02%;UP;17,58000;39.06%;UP;5,01000;11.14%
2026-06-17 20:00:00;4359,49000;4379,84000;4373,79574;4366,16052;4351,80065;4340,01735;4336,77643;4347,36795;4368,85906;4382,14598;4363,68391;4316,23831;4212,43828;15,71906;16,90442;46,62571;21,99509;1,39926;UPTREND;ADVANCE_HMA116;False;;0;8,13;HMA8:UP|HMA13:UP|HMA21:UP;3;0;True;False;8,13,116;8,13,116;;8,13,89,116,188;8,188;8,13,188;8,13,116,188;;116;;False;UP;32,05000;71.23%;UP;22,91000;50.92%;UP;8,32000;18.49%
2026-06-17 21:00:00;4379,65000;4286,28000;4347,07213;4356,77443;4351,04086;4340,87862;4337,47375;4347,16762;4367,86037;4382,25413;4365,40063;4319,17796;4214,14111;22,44341;17,94773;39,11303;9,70230;0,43230;DOWNTREND;REVERSAL_TO_HMA233;False;;2;8,13,21;HMA8:DOWN|HMA13:DOWN|HMA21:DOWN;0;3;False;True;;;;;8,13,21,34,55,89,116,188,233;8,13,21,89,116;;8,13,21,34,55,89,116,188,233;;8,13,21,34,55,89,116,188,233;False;DOWN;3,97000;8.82%;DOWN;12,24000;27.21%;DOWN;5,98000;13.3%
2026-06-17 22:00:00;4285,48000;4235,75000;4287,58909;4324,68327;4337,75381;4335,61207;4335,26721;4345,59199;4365,90530;4381,62118;4366,54521;4321,73907;4215,69441;26,28459;20,13800;31,86700;50,16472;1,90852;DOWNTREND;;False;;1;8,13,21;HMA8:DOWN|HMA13:DOWN|HMA21:DOWN;0;3;False;True;;;;;8,13,21,34,55,89,116,188,233;8,13,21,89,116;;;;;False;DOWN;-32,04000;71.2%;DOWN;-2,28000;5.07%;DOWN;2,41000;5.36%
2026-06-17 23:00:00;4235,27000;4257,15000;4245,48767;4288,25737;4319,22264;4326,98586;4331,21886;4343,09110;4363,30271;4380,44142;4367,25786;4324,01073;4217,14037;26,87427;22,17183;34,13253;73,73498;2,74370;DOWNTREND;;False;;0;8,13,21;HMA8:DOWN|HMA13:DOWN|HMA21:DOWN;0;3;False;True;;;;8;8,13,21,34,55,89,116,188,233;8,13,21,89,116;8;;8;;False;DOWN;-47,45000;100%;DOWN;-16,60000;36.88%;DOWN;-1,52000;3.38%
2026-06-18 01:00:00;4254,15000;4266,70000;4231,11113;4260,74082;4300,08355;4316,93107;4325,98442;4339,90608;4360,22899;4378,82080;4367,61428;4326,03808;4218,50086;26,17325;23,96229;34,96138;68,97242;2,63523;DOWNTREND;;False;;0;8,13,21;HMA8:DOWN|HMA13:DOWN|HMA21:DOWN;0;3;False;True;;;;8,13;8,13,21,34,55,89,116,188,233;8,13,21,89,116;13;;13;;True;DOWN;-53,73000;100%;DOWN;-28,34000;62.98%;DOWN;-5,58000;12.4%
2026-06-18 02:00:00;4266,73000;4277,88000;4242,72115;4246,80116;4284,86343;4307,18094;4320,21795;4336,30026;4356,85550;4376,87069;4367,69586;4327,86981;4219,79863;25,69444;24,88342;35,79596;42,14228;1,64013;DOWNTREND;;False;;0;8,13,21;HMA8:UP|HMA13:DOWN|HMA21:DOWN;1;2;False;True;;;;8,13;8,13,21,34,55,89,116,188,233;8,13,21,89,116;;;;;False;UP;-45,44000;100%;DOWN;-34,92000;77.61%;DOWN;-9,09000;20.19%
2026-06-18 03:00:00;4277,97000;4308,32000;4274,96159;4249,38341;4276,98249;4300,52870;4315,09250;4332,77957;4353,52720;4374,81679;4367,66735;4329,61150;4221,08587;26,61055;24,16713;37,92537;27,59908;1,03715;UPTREND;REVERSAL_TO_HMA34;False;;0;21;HMA8:UP|HMA13:UP|HMA21:DOWN;2;1;True;False;;;;21,34;;;21,34;;21,34;;False;UP;-6,77000;15.03%;UP;-36,18000;80.4%;DOWN;-10,77000;23.92%
2026-06-18 04:00:00;4308,36000;4317,76000;4305,94720;4266,24349;4275,02388;4297,07983;4311,03305;4329,52287;4350,36460;4372,72888;4367,58859;4331,29417;4222,37812;26,25266;22,94692;39,02560;39,70372;1,51237;UPTREND;ADVANCE_HMA55;False;;0;21;HMA8:UP|HMA13:UP|HMA21:DOWN;2;1;True;False;55;55;;21,34,55;;;55;;55;;False;UP;29,93000;66.51%;UP;-29,89000;66.42%;DOWN;-11,95000;26.56%
2026-06-18 05:00:00;4318,00000;4310,93000;4321,91880;4287,02002;4276,26022;4295,35990;4308,05166;4326,50765;4347,33291;4370,58121;4367,43693;4332,89668;4223,66441;25,76318;21,75447;39,72249;45,65858;1,77224;UPTREND;;False;;0;21;HMA8:UP|HMA13:UP|HMA21:UP;3;0;True;False;55;55;;21,34,55;8,55;;;8,55;;8,55;True;UP;41,39000;91.97%;UP;-13,69000;30.43%;UP;-13,14000;29.2%
2026-06-18 06:00:00;4310,95000;4319,65000;4328,33394;4305,73319;4280,62769;4295,15526;4306,25196;4323,92109;4344,56523;4368,45401;4367,26476;4334,45097;4224,95944;24,88867;20,70312;39,57009;47,70626;1,91679;UPTREND;;False;;0;21;HMA8:UP|HMA13:UP|HMA21:UP;3;0;True;False;55;55;;21,34,55;8,55;;;;;;False;UP;40,69000;90.43%;UP;6,67000;14.83%;UP;-14,07000;31.27%
2026-06-18 07:00:00;4319,88000;4316,00000;4326,48448;4318,35573;4286,60045;4295,60755;4305,16794;4321,79447;4342,06679;4366,34511;4367,06504;4335,94429;4226,25729;24,12805;19,66155;38,99494;39,88403;1,65302;UPTREND;;False;;0;21;HMA8:DOWN|HMA13:UP|HMA21:UP;2;1;True;False;55;55;;21,34,55;8,13,55;;;13;;13;True;DOWN;28,10000;62.43%;UP;21,70000;48.23%;UP;-15,12000;33.6%
2026-06-18 08:00:00;4315,72000;4307,97000;4318,82544;4323,56199;4293,47329;4295,83595;4304,33872;4319,96921;4339,82356;4364,23900;4366,81372;4337,35337;4227,54541;24,07819;19,05528;38,17697;30,08870;1,24962;UPTREND;;False;;0;21;HMA8:DOWN|HMA13:UP|HMA21:UP;2;1;True;False;55;55;;21,34,55;8,13,55;;;;;;False;DOWN;7,62000;16.92%;UP;27,98000;62.18%;UP;-13,45000;29.88%
2026-06-18 09:00:00;4308,06000;4306,46000;4311,51576;4322,60070;4300,36136;4295,76106;4303,57065;4318,31699;4337,79806;4362,16423;4366,52565;4338,67961;4228,82262;23,33760;18,70424;37,55600;22,23935;0,95294;UPTREND;;False;;0;21;HMA8:DOWN|HMA13:DOWN|HMA21:UP;1;2;False;True;55;55;;21,34,55;8,13,55;;;;;;False;DOWN;-6,36000;14.13%;DOWN;27,60000;61.34%;UP;-9,10000;20.23%
2026-06-18 10:00:00;4306,68000;4288,61000;4299,49522;4314,82957;4303,91442;4294,58286;4302,27838;4316,53262;4335,75360;4360,05549;4366,14012;4339,87396;4230,06197;23,24349;18,73926;38,45636;15,33434;0,65973;DOWNTREND;REVERSAL_TO_HMA34;False;;2;8,21;HMA8:DOWN|HMA13:DOWN|HMA21:UP;1;2;False;True;;;;;8,21,34,55;8,34,55;;8,21,34,55;;8,21,34,55;False;DOWN;-17,23000;38.3%;DOWN;19,21000;42.68%;UP;-3,77000;8.37%
2026-06-18 11:00:00;4288,61000;4266,66000;4280,58561;4299,86966;4302,04041;4291,47916;4299,97763;4314,30357;4333,45658;4357,78249;4365,59019;4340,88277;4231,23112;23,53253;19,56039;39,11801;21,45480;0,91171;DOWNTREND;;False;;1;8,21;HMA8:DOWN|HMA13:DOWN|HMA21:DOWN;0;3;False;True;8;;8;;8,21,34,55;8,34,55;;8;;;False;DOWN;-25,99000;57.77%;DOWN;5,20000;11.56%;DOWN;0,48000;1.06%
2026-06-18 12:00:00;4267,27000;4268,66000;4266,19483;4283,45165;4296,44968;4287,35952;4296,95934;4311,69505;4330,92680;4355,35004;4364,89310;4341,73402;4232,33868;22,82949;20,51301;44,08025;30,25484;1,32525;DOWNTREND;;False;;0;8,21;HMA8:DOWN|HMA13:DOWN|HMA21:DOWN;0;3;False;True;8;;8;8;8,21,34,55;8,34,55;8;;8;;False;DOWN;-29,96000;66.57%;DOWN;-9,24000;20.53%;DOWN;2,91000;6.46%
2026-06-18 13:00:00;4268,36000;4255,47000;4254,34431;4267,16313;4287,32652;4282,25433;4293,06214;4308,60675;4328,05055;4352,67587;4363,97957;4342,41000;4233,36929;22,48881;21,55552;43,19018;32,98220;1,46661;DOWNTREND;;False;;0;8,21;HMA8:DOWN|HMA13:DOWN|HMA21:DOWN;0;3;False;True;8,13;;8,13;8;8,13,21,34,55;8,13,34,55;;8,13;;13;False;DOWN;-32,44000;72.08%;DOWN;-20,78000;46.17%;DOWN;2,63000;5.85%
2026-06-18 14:00:00;4255,70000;4241,94000;4242,67961;4251,51308;4275,63408;4276,20259;4288,21648;4304,97526;4324,75473;4349,68991;4362,79296;4342,87530;4234,30887;22,02461;22,97469;42,69331;32,95447;1,49626;DOWNTREND;;False;;0;8,21;HMA8:DOWN|HMA13:DOWN|HMA21:DOWN;0;3;False;True;8,13;;8,13;8;8,13,21,34,55;8,13,34,55;;8,13;;;False;DOWN;-32,82000;72.93%;DOWN;-28,60000;63.56%;DOWN;0,16000;0.35%
2026-06-18 15:00:00;4241,94000;4246,61000;4237,87735;4239,78207;4264,07960;4270,44142;4282,87327;4300,98082;4321,15812;4346,45081;4361,36721;4343,14531;4235,17503;22,50000;23,42651;44,24495;26,20225;1,16454;DOWNTREND;;False;;0;8,21;HMA8:DOWN|HMA13:DOWN|HMA21:DOWN;0;3;False;True;8,13;;8,13;8,13;8,13,21,34,55;8,13,34,55;8,13;;8,13;;True;DOWN;-25,39000;56.41%;DOWN;-31,53000;70.06%;DOWN;-3,10000;6.89%
2026-06-18 16:00:00;4246,56000;4256,55000;4241,58337;4235,52317;4254,68661;4265,73312;4277,55791;4296,87185;4317,41699;4343,06231;4359,76113;4343,25538;4235,99300;23,14571;23,39258;45,79210;19,16345;0,82795;DOWNTREND;;False;;0;8,21;HMA8:UP|HMA13:DOWN|HMA21:DOWN;1;2;False;True;8,13;;8,13;8,13,21;8,13,21,34,55;8,13,34,55;21;;21;;True;UP;-14,89000;33.08%;DOWN;-29,73000;66.06%;DOWN;-6,39000;14.21%
2026-06-18 17:00:00;4255,98000;4252,31000;4246,92719;4236,13969;4247,46238;4261,47161;4272,36142;4292,68527;4313,55219;4339,53608;4357,97578;4343,19506;4236,76629;22,96887;23,65258;42,37859;11,32270;0,49296;DOWNTREND;;False;;0;8,21;HMA8:UP|HMA13:UP|HMA21:DOWN;2;1;True;False;8,13,21;;8,13,21;8,13,21;8,13,21,34,55;8,13,34,55;;21;;21;False;UP;-4,62000;10.26%;UP;-24,82000;55.15%;DOWN;-9,67000;21.49%
2026-06-18 18:00:00;4252,60000;4226,60000;4241,30107;4233,39580;4239,66290;4256,13413;4266,74856;4288,16679;4309,38881;4335,74624;4355,91940;4342,88833;4237,45702;23,58538;24,37484;38,34996;7,90527;0,33518;DOWNTREND;ADVANCE_HMA377;False;;0;8,21;HMA8:DOWN|HMA13:DOWN|HMA21:DOWN;0;3;False;True;8,13,21,377;;8,13,21,377;8,13,21;8,13,21,34,55,377;8,13,21,34,55;;8,13,21,377;;21,377;False;DOWN;-0,84000;1.86%;DOWN;-19,48000;43.29%;DOWN;-12,85000;28.56%
2026-06-18 19:00:00;4226,61000;4219,40000;4228,55635;4227,30273;4231,04603;4249,57646;4260,70613;4283,35160;4304,94607;4331,70496;4353,59083;4342,33089;4238,05524;23,27286;25,33174;36,97326;3,74330;0,16084;DOWNTREND;;False;;0;8,21;HMA8:DOWN|HMA13:DOWN|HMA21:DOWN;0;3;False;True;8,13,21,377;;8,13,21,377;8,13,21;8,13,21,34,55,377;8,13,21,34,55;;;;;False;DOWN;-5,72000;12.71%;DOWN;-15,93000;35.4%;DOWN;-16,59000;36.86%
2026-06-18 20:00:00;4219,90000;4230,30000;4221,82480;4222,98141;4223,90398;4242,71524;4254,75556;4278,49963;4300,41317;4327,54042;4351,07721;4341,58063;4238,58219;22,64908;26,22029;37,10465;2,07918;0,09180;DOWNTREND;;False;;0;8,21;HMA8:DOWN|HMA13:DOWN|HMA21:DOWN;0;3;False;True;8,13,21,377;;8,13,21,377;8,13,21;8,13,21,34,55,377;8,13,21,34,55;8,13,21;;8,13,21;;True;DOWN;-12,30000;27.34%;DOWN;-11,86000;26.35%;DOWN;-19,46000;43.24%
2026-06-18 21:00:00;4230,36000;4218,37000;4216,76328;4218,52096;4217,60431;4235,30122;4248,69916;4273,50936;4295,73754;4323,22500;4348,35726;4340,61771;4239,02256;22,09415;27,05460;37,18686;1,75768;0,07955;DOWNTREND;;False;;0;8,21;HMA8:DOWN|HMA13:DOWN|HMA21:DOWN;0;3;False;True;8,13,21,377;;8,13,21,377;8,13,21;8,13,21,34,55,377;8,13,21,34,55;;8,13,21;;;False;DOWN;-18,85000;41.88%;DOWN;-9,11000;20.25%;DOWN;-20,92000;46.48%
2026-06-18 22:00:00;4218,50000;4216,82000;4214,04020;4214,09964;4212,62674;4227,95455;4242,62647;4268,43716;4290,95419;4318,80218;4345,45819;4339,46282;4239,37961;21,76956;28,37107;37,19252;1,47290;0,06766;DOWNTREND;;False;;0;8,21;HMA8:DOWN|HMA13:DOWN|HMA21:DOWN;0;3;False;True;8,13,21,377;;8,13,21,377;8,13,21;8,13,21,34,55,377;8,13,21,34,55;;13,21;;;False;DOWN;-17,38000;38.63%;DOWN;-9,31000;20.7%;DOWN;-21,06000;46.8%
2026-06-18 23:00:00;4216,70000;4208,12000;4210,42546;4208,73595;4208,07089;4220,74749;4236,47867;4263,22774;4286,03700;4314,25832;4342,37492;4338,11326;4239,64807;21,05817;29,55053;37,10751;2,35458;0,11181;DOWNTREND;;False;;0;8,21;HMA8:DOWN|HMA13:DOWN|HMA21:DOWN;0;3;False;True;8,13,21,377;;8,13,21,377;8,13,21;8,13,21,34,55,377;8,13,21,34,55;;8,13,21;;;False;DOWN;-12,15000;26.99%;DOWN;-12,24000;27.19%;DOWN;-20,62000;45.83%
2026-06-19 01:00:00;4208,83000;4207,37000;4206,05691;4204,73707;4203,90747;4213,99623;4230,47542;4257,92596;4281,03060;4309,62224;4339,13460;4336,59358;4239,83686;20,30115;30,80812;41,89766;2,14944;0,10588;DOWNTREND;;False;;0;8,21;HMA8:DOWN|HMA13:DOWN|HMA21:DOWN;0;3;False;True;8,13,21,377;;8,13,21,377;8,13,21;8,13,21,34,55,377;8,13,21,34,55;;8,13,21;;;False;DOWN;-10,99000;24.42%;DOWN;-13,24000;29.42%;DOWN;-19,46000;43.24%
2026-06-19 02:00:00;4207,40000;4188,30000;4196,74063;4198,08762;4198,33213;4206,86388;4224,34472;4252,34118;4275,79732;4304,80807;4335,67374;4334,86904;4239,92519;20,37393;32,42679;41,79775;1,59150;0,07811;DOWNTREND;;False;;0;8,21;HMA8:DOWN|HMA13:DOWN|HMA21:DOWN;0;3;False;True;8,13,21,34,377;;8,13,21,34,377;8,13,21;8,13,21,34,55,377;8,13,21,34,55;;8,13,21,34;;;False;DOWN;-13,80000;30.67%;DOWN;-13,44000;29.87%;DOWN;-17,89000;39.74%
2026-06-19 03:00:00;4188,08000;4190,38000;4188,45006;4191,09275;4192,46612;4200,00746;4218,24207;4246,61382;4270,41889;4299,86713;4332,03265;4332,97422;4239,92828;19,91293;34,00389;40,67631;4,01607;0,20168;DOWNTREND;;False;;0;8,21;HMA8:DOWN|HMA13:DOWN|HMA21:DOWN;0;3;False;True;8,13,21,34,377;;8,13,21,34,377;8,13,21;8,13,21,34,55,377;8,13,21,34,55;8;;8;;True;DOWN;-17,81000;39.58%;DOWN;-14,94000;33.21%;DOWN;-17,35000;38.56%
2026-06-19 04:00:00;4190,38000;4184,86000;4182,70043;4184,28292;4186,63518;4193,45871;4212,01667;4240,76704;4264,91150;4294,79254;4328,21588;4330,91272;4239,84858;19,24558;35,47479;39,51698;3,93476;0,20445;DOWNTREND;;False;;0;8,21;HMA8:DOWN|HMA13:DOWN|HMA21:DOWN;0;3;False;True;8,13,21,34,377;;8,13,21,34,377;8,13,21;8,13,21,34,55,377;8,13,21,34,55;;8,13,21;;;False;DOWN;-19,81000;44.01%;DOWN;-16,52000;36.7%;DOWN;-17,54000;38.98%
2026-06-19 05:00:00;4184,82000;4176,29000;4176,47565;4177,65411;4180,71804;4187,05444;4205,54519;4234,75402;4259,26720;4289,56433;4324,21173;4328,67932;4239,68353;18,89518;37,17017;34,60662;4,24239;0,22452;DOWNTREND;;False;;0;8,21;HMA8:DOWN|HMA13:DOWN|HMA21:DOWN;0;3;False;True;8,13,21,34,377;;8,13,21,34,377;8,13,21;8,13,21,34,55,377;8,13,21,34,55;;8,13,21;;;False;DOWN;-21,37000;47.5%;DOWN;-17,82000;39.6%;DOWN;-17,33000;38.5%
2026-06-19 06:00:00;4176,62000;4153,65000;4164,25443;4167,46808;4172,96902;4179,78699;4198,34407;4228,34344;4253,32815;4284,08466;4319,94954;4326,22175;4239,40882;19,78053;39,29468;26,62590;8,71459;0,44056;DOWNTREND;;False;;0;8,21;HMA8:DOWN|HMA13:DOWN|HMA21:DOWN;0;3;False;True;8,13,21,34,377;;8,13,21,34,377;8,13,21;8,13,21,34,55,377;8,13,21,34,55;;8,13,21;;;False;DOWN;-22,32000;49.6%;DOWN;-19,17000;42.61%;DOWN;-16,36000;36.36%
2026-06-19 07:00:00;4153,46000;4125,77000;4141,92733;4150,94621;4161,32699;4170,70900;4189,91886;4221,29123;4246,90423;4278,23463;4315,34856;4323,47339;4238,99223;20,52763;41,60253;25,79138;19,39966;0,94505;DOWNTREND;;False;;0;8,21;HMA8:DOWN|HMA13:DOWN|HMA21:DOWN;0;3;False;True;8,13,21,34,377;;8,13,21,34,377;8,13,21;8,13,21,34,55,377;8,13,21,34,55;;8,13;;;False;DOWN;-29,54000;65.63%;DOWN;-23,59000;52.43%;DOWN;-16,95000;37.67%
2026-06-19 08:00:00;4126,07000;4139,59000;4128,19331;4136,84304;4149,59914;4161,31937;4181,04384;4213,94195;4240,23191;4272,16128;4310,52540;4320,50896;4238,46843;20,48994;43,79461;25,60904;21,40582;1,04470;DOWNTREND;;False;;0;8,21;HMA8:DOWN|HMA13:DOWN|HMA21:DOWN;0;3;False;True;8,13,21,34,377;;8,13,21,34,377;8,13,21;8,13,21,34,55,377;8,13,21,34,55;8,13;;8,13;;True;DOWN;-33,63000;74.72%;DOWN;-26,48000;58.85%;DOWN;-18,36000;40.8%
2026-06-19 09:00:00;4139,70000;4147,60000;4128,43746;4129,08370;4139,99819;4152,54755;4172,27501;4206,52835;4233,46710;4265,96246;4305,55440;4317,38250;4237,86189;20,27709;45,05473;30,18190;11,56073;0,57014;DOWNTREND;;False;;0;8,21;HMA8:UP|HMA13:DOWN|HMA21:DOWN;1;2;False;True;8,13,21,34,377;;8,13,21,34,377;8,13,21;8,13,21,34,55,377;8,13,21,34,55;21;;21;;True;UP;-30,64000;68.08%;DOWN;-27,01000;60.02%;DOWN;-19,71000;43.79%
2026-06-19 10:00:00;4147,79000;4157,97000;4139,32059;4129,61168;4134,41996;4145,36916;4164,11018;4199,28442;4226,77580;4259,75205;4300,51398;4314,15159;4237,19883;19,93873;45,18900;29,64669;9,70891;0,48694;UPTREND;REVERSAL_TO_HMA34;False;;0;;HMA8:UP|HMA13:UP|HMA21:DOWN;2;1;True;False;;;;34;;;34;;34;;False;UP;-17,36000;38.58%;UP;-24,56000;54.58%;DOWN;-20,27000;45.05%
2026-06-19 11:00:00;4158,03000;4169,04000;4156,68648;4137,15734;4133,59574;4140,62441;4157,02155;4192,43332;4220,30893;4253,63376;4295,48322;4310,86790;4236,50443;20,15882;44,22905;30,94139;23,09074;1,14544;UPTREND;ADVANCE_HMA55;False;;0;;HMA8:UP|HMA13:UP|HMA21:DOWN;2;1;True;False;55;55;;34,55;;;55;;55;;False;UP;10,37000;23.05%;UP;-18,51000;41.14%;DOWN;-19,23000;42.73%
2026-06-19 12:00:00;4169,08000;4162,83000;4167,05902;4146,90487;4135,21738;4137,74192;4150,91707;4185,91871;4214,04319;4247,59397;4290,45392;4307,52345;4235,77568;19,42533;43,33767;35,10669;31,84164;1,63918;UPTREND;;False;;0;;HMA8:UP|HMA13:UP|HMA21:UP;3;0;True;False;55;55;;34,55;8;;;8;;8;True;UP;26,57000;59.05%;UP;-10,01000;22.23%;UP;-18,00000;40.0%
2026-06-19 13:00:00;4162,84000;4149,71000;4164,59304;4153,35457;4136,79474;4135,45179;4145,49229;4179,60222;4207,87896;4241,57538;4285,38892;4304,09244;4235,00006;19,10781;42,95903;34,71110;27,79830;1,45481;UPTREND;;False;;0;;HMA8:DOWN|HMA13:UP|HMA21:UP;2;1;True;False;55;55;;34,55;8,13,55;;;13,55;;13,55;True;DOWN;25,32000;56.26%;UP;1,20000;2.67%;UP;-16,24000;36.1%
2026-06-19 14:00:00;4149,59000;4152,52000;4158,15574;4156,16316;4138,50563;4133,71229;4140,83555;4173,57716;4201,88065;4235,62972;4280,32516;4300,60036;4234,19105;18,67725;42,80902;37,49572;19,65011;1,05209;UPTREND;;False;;0;;HMA8:DOWN|HMA13:UP|HMA21:UP;2;1;True;False;55;55;;34,55;8,13,55;;;;;;False;DOWN;14,15000;31.44%;UP;9,78000;21.74%;UP;-14,45000;32.11%
2026-06-19 15:00:00;4152,52000;4179,05000;4162,79756;4161,98540;4143,28242;4133,87982;4137,52173;4168,23639;4196,32186;4229,94714;4275,40434;4297,14697;4233,39724;19,67602;41,00397;42,80049;19,51514;0,99182;UPTREND;ADVANCE_HMA89;False;;0;;HMA8:UP|HMA13:UP|HMA21:UP;3;0;True;False;8,13,89;8,13,89;;8,13,34,55,89;8,13,55;8,13;8,13,89;;8,13,89;;False;UP;4,44000;9.87%;UP;15,57000;34.61%;UP;-10,77000;23.94%
2026-06-19 16:00:00;4179,17000;4151,35000;4161,88409;4163,21582;4147,32442;4134,01125;4134,57250;4163,16811;4190,94031;4224,35936;4270,50590;4293,64941;4232,57810;20,57845;39,16081;49,04747;15,89139;0,77223;UPTREND;;False;;0;;HMA8:DOWN|HMA13:UP|HMA21:UP;2;1;True;False;8,13,89;8,13,89;;8,13,34,55,89;8,13,55,89;8,13;;8,13,89;;8,13,89;True;DOWN;-3,60000;7.99%;UP;15,23000;33.83%;UP;-7,10000;15.79%
2026-06-19 17:00:00;4151,67000;4149,21000;4156,38596;4160,68832;4150,41931;4134,15733;4131,88270;4158,31985;4185,72034;4218,87360;4265,63539;4290,11276;4231,73715;19,95498;37,79221;50,58027;10,26901;0,51461;DOWNTREND;REVERSAL_TO_HMA21;False;;0;21;HMA8:DOWN|HMA13:DOWN|HMA21:UP;1;2;False;True;;;;;21;;;21;;21;False;DOWN;-5,87000;13.05%;DOWN;11,12000;24.71%;UP;-3,13000;6.95%
2026-06-19 18:00:00;4149,25000;4150,97000;4152,12431;4156,55313;4152,19769;4134,52747;4129,49306;4153,71429;4180,65668;4213,51727;4260,81528;4286,55078;4230,88336;18,98820;36,52136;54,63062;4,42882;0,23324;DOWNTREND;;False;;0;21;HMA8:DOWN|HMA13:DOWN|HMA21:UP;1;2;False;True;;;;21;21;;21;;21;;True;DOWN;-4,54000;10.09%;DOWN;4,84000;10.76%;UP;0,78000;1.74%
2026-06-19 19:00:00;4151,03000;4155,57000;4150,09876;4154,46040;4153,00977;4135,32739;4127,54572;4149,42761;4175,78121;4208,32370;4256,07716;4282,98730;4230,02986;18,59976;35,08436;56,47684;4,36164;0,23450;DOWNTREND;;False;;0;21;HMA8:DOWN|HMA13:DOWN|HMA21:UP;1;2;False;True;;;;8,13,21,89;21;;8,13,21,89;;8,13,21,89;;True;DOWN;-9,69000;21.52%;DOWN;0,57000;1.26%;UP;4,00000;8.89%
2026-06-22 01:00:00;4141,35000;4156,33000;4152,17161;4153,57812;4153,61146;4136,45146;4126,05151;4145,45175;4171,09172;4203,28146;4251,42527;4279,43199;4229,18248;18,67192;33,94631;54,81585;1,43985;0,07711;UPTREND;REVERSAL_TO_HMA21;False;;2;8,13,21;HMA8:UP|HMA13:DOWN|HMA21:UP;2;1;True;False;;;;8,13,21,89;;8,21;8,13,21,89;;8,13,21,89;;False;UP;-7,41000;16.46%;DOWN;-1,32000;2.94%;UP;5,87000;13.04%
2026-06-22 02:00:00;4156,14000;4140,18000;4148,82633;4149,62163;4152,29595;4137,19305;4124,53765;4141,55013;4166,43924;4198,27861;4246,77764;4275,83830;4228,31994;19,34964;32,54158;54,51227;3,46962;0,17931;UPTREND;;False;;1;8,13,21;HMA8:DOWN|HMA13:DOWN|HMA21:DOWN;0;3;False;True;;;;8,13,21,89;8,13,21,89;8,13,21,89;;8,13,21,89;;8,13,21,89;False;DOWN;-5,58000;12.4%;DOWN;-6,08000;13.51%;DOWN;5,52000;12.27%
2026-06-22 03:00:00;4140,18000;4200,78000;4166,34824;4158,15368;4156,49032;4140,99486;4124,68224;4138,54205;4162,41165;4193,70312;4242,40838;4272,40504;4227,54232;22,31895;31,24099;56,14599;9,85792;0,44168;UPTREND;ADVANCE_HMA144;False;;0;8,13,21;HMA8:UP|HMA13:UP|HMA21:UP;3;0;True;False;8,13,34,89,116,144;8,13,34,89,116,144;;8,13,21,34,89,116,144;8,13,21,89;8,13,21,34,89;8,13,21,34,89,116,144;;13,34,89,116,144;;False;UP;9,05000;20.12%;UP;-2,16000;4.81%;UP;5,44000;12.1%
2026-06-22 04:00:00;4200,82000;4190,91000;4186,50561;4171,24432;4163,27253;4146,49309;4126,04552;4136,18211;4158,87272;4189,46633;4238,25182;4269,08389;4226,83208;22,94617;30,81861;49,75482;23,23308;1,01250;UPTREND;;False;;0;8,13,21;HMA8:UP|HMA13:UP|HMA21:UP;3;0;True;False;8,13,34,89,116,144;8,13,34,89,116,144;;8,13,21,34,89,116,144;8,13,21,89,144;8,13,21,34,89;;144;;144;True;UP;21,64000;48.08%;UP;4,38000;9.74%;UP;6,58000;14.63%
2026-06-22 05:00:00;4190,94000;4188,43000;4196,44065;4184,16103;4170,95519;4152,85729;4128,33190;4134,35485;4155,75400;4185,53849;4234,28358;4265,85551;4226,18364;22,50573;30,06022;49,90460;25,48546;1,13240;UPTREND;;False;;0;8,13,21;HMA8:UP|HMA13:UP|HMA21:UP;3;0;True;False;8,13,34,89,116,144;8,13,34,89,116,144;;8,13,21,34,89,116,144;8,13,21,89,144;8,13,21,34,89;;8,144;;144;True;UP;26,19000;58.19%;UP;11,55000;25.68%;UP;8,20000;18.23%
2026-06-22 06:00:00;4188,38000;4171,54000;4193,55276;4188,83154;4176,52881;4158,50914;4130,89247;4132,81317;4152,86136;4181,79675;4230,41884;4262,65713;4225,56817;22,27675;28,62903;49,45348;17,02395;0,76420;UPTREND;;False;;0;8,13,21;HMA8:DOWN|HMA13:UP|HMA21:UP;2;1;True;False;8,13,34,89,116,144;8,13,34,89,116,144;;8,13,21,34,89,116,144;8,13,21,89,144;8,13,21,34,89;;13,21,144;;144;True;DOWN;26,65000;59.23%;UP;14,42000;32.05%;UP;8,49000;18.86%
2026-06-22 07:00:00;4171,51000;4181,79000;4185,79565;4190,67611;4180,68792;4163,76348;4133,89088;4131,66716;4150,29331;4178,29293;4226,69878;4259,52174;4224,99975;21,51341;27,29616;49,66030;9,98819;0,46428;UPTREND;ADVANCE_HMA144;False;;0;8,13,21;HMA8:DOWN|HMA13:UP|HMA21:UP;2;1;True;False;8,13,21,34,89,144;8,13,21,34,89,144;;8,13,21,34,89,116,144;8,13,21,89,144;8,13,21,34,89;21,144;;144;;False;DOWN;12,73000;28.3%;UP;16,03000;35.63%;UP;8,82000;19.59%
2026-06-22 08:00:00;4181,60000;4193,75000;4185,83826;4193,27110;4185,22133;4168,78065;4137,50832;4131,02706;4148,12548;4175,08339;4223,16399;4256,48765;4224,49173;21,34602;26,77342;50,16529;8,04977;0,37711;UPTREND;;False;;0;8,13,21;HMA8:UP|HMA13:UP|HMA21:UP;3;0;True;False;8,13,21,34,89,144;8,13,21,34,89,144;;8,13,21,34,89,116,144;8,13,21,89,144;8,13,21,34,89;8,13,21;;;;False;UP;-0,45000;1.0%;UP;18,82000;41.82%;UP;9,26000;20.58%
2026-06-22 09:00:00;4193,73000;4197,49000;4191,50461;4195,85554;4190,24805;4173,85755;4141,64491;4130,88162;4146,34596;4172,17994;4219,81461;4253,56233;4224,04451;20,96845;26,63294;50,52040;5,60749;0,26742;UPTREND;;False;;0;8,13,21;HMA8:UP|HMA13:UP|HMA21:UP;3;0;True;False;8,13,21,34,89,144;8,13,21,34,89,144;;8,13,21,34,89,116,144;8,13,21,89,144;8,13,21,34,89;13;;;;False;UP;-3,37000;7.48%;UP;16,68000;37.07%;UP;10,29000;22.86%
2026-06-22 10:00:00;4197,99000;4190,34000;4194,85559;4196,65941;4194,55133;4178,58794;4145,84452;4131,07754;4144,84170;4169,50789;4216,61010;4250,71521;4223,64131;20,39999;26,34226;48,11503;2,10808;0,10334;UPTREND;;False;;0;8,13,21;HMA8:UP|HMA13:UP|HMA21:UP;3;0;True;False;8,13,21,34,89,144;8,13,21,34,89,144;;8,13,21,34,89,116,144;8,13,21,89,144;8,13,21,34,89;;8,13,21;;;False;UP;0,91000;2.03%;UP;11,73000;26.07%;UP;11,51000;25.58%
2026-06-22 11:00:00;4189,96000;4197,37000;4197,73672;4197,85398;4198,33697;4183,40153;4150,28855;4131,66147;4143,64415;4167,08672;4213,56691;4247,96387;4223,28931;19,58642;26,06618;45,04968;0,60024;0,03065;UPTREND;;False;;0;8,13,21;HMA8:UP|HMA13:UP|HMA21:UP;3;0;True;False;8,13,21,34,89,144;8,13,21,34,89,144;;8,13,21,34,89,116,144;8,13,21,89,144;8,13,21,34,89;8,13,21;;;;False;UP;8,67000;19.26%;UP;6,65000;14.77%;UP;12,86000;28.58%
2026-06-22 12:00:00;4197,23000;4208,13000;4203,18700;4201,93365;4202,33860;4188,55610;4155,21005;4132,69001;4142,81683;4164,95647;4210,71530;4245,34140;4223,00193;19,20024;26,33405;45,36762;1,25335;0,06528;UPTREND;;False;;0;8,13,21;HMA8:UP|HMA13:UP|HMA21:UP;3;0;True;False;8,13,21,34,89,144;8,13,21,34,89,144;;8,13,21,34,89,116,144;8,13,21,89,144;8,13,21,34,89;8,13,21;;;;False;UP;12,73000;28.29%;UP;6,49000;14.42%;UP;14,61000;32.46%
2026-06-22 13:00:00;4208,13000;4204,64000;4206,69659;4205,84949;4205,39670;4193,49324;4160,40383;4134,09211;4142,26440;4163,06293;4208,01891;4242,82661;4222,76822;18,57666;26,74320;45,91399;1,29989;0,06997;UPTREND;;False;;0;8,13,21;HMA8:UP|HMA13:UP|HMA21:UP;3;0;True;False;8,13,21,34,89,144;8,13,21,34,89,144;;8,13,21,34,89,116,144;8,13,21,89,144,188;8,13,21,34,89;;8,13,21,188;;188;True;UP;11,55000;25.68%;UP;7,75000;17.23%;UP;14,75000;32.78%
2026-06-22 14:00:00;4204,65000;4207,39000;4209,14093;4208,80023;4208,21741;4198,31738;4165,77937;4135,86242;4142,01455;4161,39470;4205,47236;4240,41769;4222,58630;18,22547;26,94697;45,92872;0,92352;0,05067;UPTREND;;False;;0;8,13,21;HMA8:UP|HMA13:UP|HMA21:UP;3;0;True;False;8,13,21,34,89,144,188;8,13,21,34,89,144,188;;8,13,21,34,89,116,144,188;8,13,21,89,144,188;8,13,21,34,89;8,13,21,188;;188;;False;UP;11,09000;24.64%;UP;8,08000;17.96%;UP;13,85000;30.78%
2026-06-22 15:00:00;4207,41000;4193,31000;4204,75546;4207,48667;4209,09334;4202,07307;4170,80089;4137,76428;4141,90702;4159,82416;4202,99339;4238,05835;4222,42782;18,31722;26,42409;45,91532;4,33788;0,23682;DOWNTREND;REVERSAL_TO_HMA34;False;;0;8;HMA8:DOWN|HMA13:DOWN|HMA21:UP;1;2;False;True;;;;;8,34,188;8,188;;8,34,188;;34,188;False;DOWN;5,47000;12.16%;DOWN;6,04000;13.42%;UP;11,76000;26.14%
2026-06-22 16:00:00;4193,44000;4199,85000;4200,12735;4205,73169;4209,24552;4205,08378;4175,57662;4139,83458;4141,97519;4158,39516;4200,59361;4235,76330;4222,30070;18,62885;25,27761;46,78255;9,11817;0,48947;DOWNTREND;;False;;0;8;HMA8:DOWN|HMA13:DOWN|HMA21:UP;1;2;False;True;;;;;8,34,188;8,188;;;;;False;DOWN;-2,35000;5.23%;DOWN;4,64000;10.31%;UP;9,96000;22.14%
2026-06-22 17:00:00;4199,98000;4198,20000;4197,71754;4203,29807;4208,65346;4207,22298;4180,00392;4142,00179;4142,16073;4157,09130;4198,26680;4233,51969;4222,19737;19,03321;24,49503;59,48289;10,93592;0,57457;DOWNTREND;;False;;0;8;HMA8:DOWN|HMA13:DOWN|HMA21:DOWN;0;3;False;True;8,188;;8,188;;8,34,188;8,188;;8,188;;;False;DOWN;-6,73000;14.95%;DOWN;2,73000;6.07%;DOWN;8,36000;18.57%
2026-06-22 18:00:00;4198,42000;4182,80000;4190,53839;4197,65476;4205,72784;4207,78056;4183,61381;4144,03881;4142,29405;4155,80884;4195,94273;4231,26749;4222,08850;19,92584;22,81221;63,33254;15,18946;0,76230;DOWNTREND;ADVANCE_HMA55;False;;0;8;HMA8:DOWN|HMA13:DOWN|HMA21:DOWN;0;3;False;True;8,13,55,188;;8,13,55,188;;8,13,34,55,188;8,13,188;;8,13,55,188;;13,55;False;DOWN;-13,14000;29.19%;DOWN;-2,05000;4.56%;DOWN;5,88000;13.06%
2026-06-22 19:00:00;4182,75000;4189,76000;4186,64915;4192,20797;4202,28566;4207,45358;4186,66231;4146,05834;4142,44370;4154,58640;4193,65714;4229,03497;4221,98175;19,81614;21,24960;63,58459;15,63652;0,78908;DOWNTREND;;False;;0;8;HMA8:DOWN|HMA13:DOWN|HMA21:DOWN;0;3;False;True;8,13,55,188;;8,13,55,188;8,55;8,13,34,55,188;8,13,188;8,55;;8,55;;True;DOWN;-12,87000;28.59%;DOWN;-6,55000;14.54%;DOWN;3,48000;7.72%
2026-06-22 20:00:00;4189,87000;4182,90000;4183,35991;4186,77783;4197,93731;4206,03866;4189,05924;4147,96535;4142,55423;4153,37716;4191,37505;4226,80177;4221,86250;19,43213;19,79860;62,81859;14,57740;0,75017;DOWNTREND;;False;;0;8;HMA8:DOWN|HMA13:DOWN|HMA21:DOWN;0;3;False;True;8,13,55,188;;8,13,55,188;8,55;8,13,34,55,188;8,13,188;;8,13,55;;55;False;DOWN;-12,17000;27.05%;DOWN;-10,70000;23.77%;DOWN;1,00000;2.22%
2026-06-22 21:00:00;4183,12000;4191,23000;4183,91706;4184,75299;4194,25202;4204,37650;4191,13641;4149,88221;4142,71344;4152,24090;4189,13552;4224,59756;4221,74106;18,77912;18,40562;62,61103;10,33496;0,55034;DOWNTREND;;False;;0;8;HMA8:UP|HMA13:DOWN|HMA21:DOWN;1;2;False;True;8,13,55,188;;8,13,55,188;8,13,55,188;8,13,34,55,188;8,13,188;8,13,55,188;;8,13,55,188;;True;UP;-10,41000;23.13%;DOWN;-11,41000;25.35%;DOWN;-1,25000;2.77%
2026-06-22 22:00:00;4191,43000;4190,48000;4187,36700;4184,40373;4191,40055;4202,67010;4192,93567;4151,81104;4142,92154;4151,17550;4186,93816;4222,41699;4221,61139;18,08704;17,14746;60,96193;6,99682;0,38684;DOWNTREND;;False;;0;8;HMA8:UP|HMA13:DOWN|HMA21:DOWN;1;2;False;True;8,13,21,55,188;;8,13,21,55,188;8,13,55,188;8,13,21,34,55,188;8,13,21,188;;21,55;;21,55;False;UP;-2,51000;5.58%;DOWN;-11,12000;24.71%;DOWN;-3,46000;7.69%
2026-06-22 23:00:00;4190,66000;4192,21000;4190,34222;4185,76828;4189,50028;4201,20928;4194,51812;4153,79012;4143,21524;4150,19242;4184,79381;4220,26495;4221,47630;17,15725;16,01443;59,07819;4,57394;0,26659;UPTREND;REVERSAL_TO_HMA21;False;;0;21;HMA8:UP|HMA13:UP|HMA21:DOWN;2;1;True;False;;;;21;;;21;;21;;False;UP;3,08000;6.84%;UP;-9,66000;21.48%;DOWN;-5,29000;11.76%
2026-06-23 01:00:00;4191,51000;4189,89000;4191,74139;4187,42495;4188,29894;4199,74310;4195,88592;4155,80106;4143,58862;4149,28115;4182,69129;4218,13538;4221,33125;16,37173;15,03288;57,85486;4,31644;0,26365;UPTREND;;False;;0;21;HMA8:UP|HMA13:UP|HMA21:DOWN;2;1;True;False;;;;21;8;;;8;;8;True;UP;7,29000;16.21%;UP;-5,95000;13.21%;DOWN;-6,94000;15.41%
2026-06-23 02:00:00;4189,90000;4187,59000;4190,51785;4188,33509;4187,36533;4198,16102;4197,00477;4157,81027;4144,04107;4148,43892;4180,62323;4216,02281;4221,17222;15,80661;13,97916;57,75490;3,15252;0,19944;DOWNTREND;REVERSAL_TO_HMA13;False;;0;13;HMA8:DOWN|HMA13:UP|HMA21:DOWN;1;2;False;True;;;;;13,21;21;;13,21;;13,21;False;DOWN;5,96000;13.24%;UP;-2,34000;5.2%;DOWN;-7,83000;17.39%
2026-06-23 03:00:00;4187,70000;4193,29000;4190,77754;4189,80888;4187,25463;4196,75722;4198,00076;4159,90252;4144,63462;4147,71518;4178,62359;4213,94583;4221,00609;15,83685;13,70738;58,12614;3,52290;0,22245;UPTREND;REVERSAL_TO_HMA8;False;;2;8,13;HMA8:UP|HMA13:UP|HMA21:DOWN;2;1;True;False;;;;8,13;;8,13;8,13;;8,13;;False;UP;3,08000;6.85%;UP;1,83000;4.06%;DOWN;-7,91000;17.57%
2026-06-23 04:00:00;4193,31000;4161,23000;4179,74998;4184,37295;4184,27160;4193,77315;4197,99270;4161,64707;4145,07752;4146,91823;4176,55254;4211,80213;4220,78026;18,16422;15,20278;50,75550;4,62297;0,25451;UPTREND;;False;;1;8,13;HMA8:DOWN|HMA13:DOWN|HMA21:DOWN;0;3;False;True;;;;8,13;8,13,21,89,188;8,13,21,188;;8,13,21,89,188;;8,13,21,89,188;False;DOWN;-8,29000;18.43%;DOWN;-0,20000;0.44%;DOWN;-7,65000;16.99%
2026-06-23 05:00:00;4161,23000;4146,90000;4160,54033;4172,49380;4178,04581;4188,86201;4196,71873;4162,87916;4145,27012;4145,98258;4174,36374;4209,55622;4220,47430;18,07320;16,75295;51,18136;17,50547;0,96859;UPTREND;;False;;0;8,13;HMA8:DOWN|HMA13:DOWN|HMA21:DOWN;0;3;False;True;;;;8,13;8,13,21,89,144,188;8,13,21,144,188;;8,144;;144;False;DOWN;-23,34000;51.88%;DOWN;-6,27000;13.93%;DOWN;-8,71000;19.35%
2026-06-23 06:00:00;4147,02000;4144,03000;4144,33185;4158,08034;4169,66416;4182,55706;4194,32362;4163,62638;4145,22007;4144,91568;4172,06280;4207,21166;4220,08756;18,12512;18,84616;43,33520;25,33231;1,39764;DOWNTREND;REVERSAL_TO_HMA116;False;;0;8;HMA8:DOWN|HMA13:DOWN|HMA21:DOWN;0;3;False;True;;;;;8,116,144;8,116,144;;8,116,144;;116;False;DOWN;-32,50000;72.22%;DOWN;-14,28000;31.74%;DOWN;-10,20000;22.67%
2026-06-23 07:00:00;4144,15000;4118,09000;4125,04552;4140,26746;4157,77317;4174,12857;4190,31261;4163,60320;4144,72855;4143,57436;4169,55444;4204,69938;4219,58240;19,13189;21,32213;37,77049;32,72765;1,71063;DOWNTREND;;False;;0;8;HMA8:DOWN|HMA13:DOWN|HMA21:DOWN;0;3;False;True;8,13,144;;8,13,144;;8,13,116,144;8,13,116,144;;8,13,144;;13;False;DOWN;-40,66000;90.36%;DOWN;-22,33000;49.63%;DOWN;-11,86000;26.35%
2026-06-23 08:00:00;4118,07000;4121,13000;4113,08737;4124,10598;4145,14445;4164,71281;4185,17751;4162,96723;4143,88349;4142,00937;4166,88390;4202,04653;4218,96996;19,34676;23,62125;41,39336;32,05708;1,65697;DOWNTREND;;False;;0;8;HMA8:DOWN|HMA13:DOWN|HMA21:DOWN;0;3;False;True;8,13,144;;8,13,144;8;8,13,116,144;8,13,116,144;8;;8;;True;DOWN;-40,74000;90.54%;DOWN;-28,96000;64.35%;DOWN;-14,24000;31.65%
2026-06-23 09:00:00;4121,15000;4114,30000;4107,45731;4110,53672;4132,43486;4154,88831;4179,09559;4161,72794;4142,68741;4140,21228;4164,04488;4199,24931;4218,24623;19,14485;25,91119;38,47244;24,97754;1,30466;DOWNTREND;;False;;0;8;HMA8:DOWN|HMA13:DOWN|HMA21:DOWN;0;3;False;True;8,13,144;;8,13,144;8;8,13,116,144;8,13,116,144;;13;;;False;DOWN;-34,73000;77.18%;DOWN;-34,61000;76.91%;DOWN;-17,12000;38.04%
2026-06-23 10:00:00;4114,33000;4098,72000;4099,47270;4099,09403;4119,11161;4144,37478;4172,01311;4159,78260;4141,07125;4138,12162;4160,99714;4196,27690;4217,39343;19,78593;28,42597;34,46647;20,01758;1,01171;DOWNTREND;;False;;0;8;HMA8:DOWN|HMA13:DOWN|HMA21:DOWN;0;3;False;True;8,13,144;;8,13,144;8;8,13,116,144;8,13,116,144;;8,13;;;False;DOWN;-29,54000;65.66%;DOWN;-35,69000;79.31%;DOWN;-19,58000;43.52%
2026-06-23 11:00:00;4098,88000;4105,28000;4096,88333;4092,03081;4107,48441;4134,17093;4164,52404;4157,35526;4139,18765;4135,83314;4157,80394;4193,17005;4216,43066;19,79694;30,90712;33,19320;15,45360;0,78061;DOWNTREND;;False;;0;8;HMA8:DOWN|HMA13:DOWN|HMA21:DOWN;0;3;False;True;8,13,144;;8,13,144;8,13;8,13,116,144;8,13,116,144;8,13;;8,13;;True;DOWN;-19,58000;43.51%;DOWN;-34,11000;75.81%;DOWN;-22,21000;49.35%
2026-06-23 12:00:00;4105,25000;4122,22000;4104,35839;4092,72322;4099,84934;4125,66954;4157,34035;4154,79634;4137,26931;4133,50301;4154,57426;4190,00290;4215,39207;19,68430;32,03674;34,33880;11,63517;0,59109;UPTREND;REVERSAL_TO_HMA21;False;;0;21;HMA8:UP|HMA13:UP|HMA21:DOWN;2;1;True;False;;;;21;;;21;;21;;False;UP;-6,33000;14.06%;UP;-28,96000;64.35%;DOWN;-23,97000;53.27%
2026-06-23 13:00:00;4122,55000;4119,70000;4113,29665;4098,27220;4095,68187;4118,56842;4150,51472;4152,17777;4135,34746;4131,15353;4151,32189;4186,78111;4214,28020;19,25685;32,08986;34,98920;17,61478;0,91473;UPTREND;;False;;0;21;HMA8:UP|HMA13:UP|HMA21:DOWN;2;1;True;False;;;;21;34;;;34;;34;True;UP;4,34000;9.63%;UP;-19,97000;44.39%;DOWN;-25,43000;56.52%
2026-06-23 14:00:00;4119,90000;4123,29000;4121,47481;4105,91095;4095,17013;4113,03133;4144,25963;4149,61373;4133,52081;4128,84671;4148,08934;4183,53204;4213,10704;18,90493;32,23505;36,26285;26,30468;1,39142;UPTREND;ADVANCE_HMA8;False;;0;21;HMA8:UP|HMA13:UP|HMA21:DOWN;2;1;True;False;8;8;;8,21;34;8;8;;8;;False;UP;16,22000;36.05%;UP;-9,11000;20.25%;DOWN;-25,24000;56.08%
2026-06-23 15:00:00;4123,29000;4113,22000;4122,19365;4111,16037;4095,97094;4108,29125;4138,27912;4147,00501;4131,72572;4126,55390;4144,85495;4180,23849;4211,86137;18,66672;32,61570;37,51471;26,22270;1,40478;UPTREND;;False;;0;21;HMA8:UP|HMA13:UP|HMA21:UP;3;0;True;False;8;8;;8,21;8,34;8;;8;;8;True;UP;18,73000;41.61%;UP;0,32000;0.71%;UP;-23,73000;52.74%
2026-06-23 16:00:00;4113,20000;4135,33000;4126,51063;4119,13742;4099,81645;4105,39302;4133,21529;4144,69105;4130,19286;4124,45771;4141,74514;4176,98953;4210,58472;19,83195;31,83964;40,83533;26,69418;1,34602;UPTREND;;False;;0;21;HMA8:UP|HMA13:UP|HMA21:UP;3;0;True;False;8,13,55,116,144;8,13,55,116,144;;8,13,21,55,116,144;8,34;8,13;8,13,55,116,144;;13,55,116,144;;False;UP;15,60000;34.67%;UP;9,56000;21.25%;UP;-19,40000;43.12%
2026-06-23 17:00:00;4135,38000;4130,03000;4130,98489;4125,96186;4105,18818;4103,63922;4128,85008;4142,56778;4128,87143;4122,53699;4138,75518;4173,78083;4209,27262;19,97324;30,79578;41,49843;25,79671;1,29156;UPTREND;;False;;0;21;HMA8:UP|HMA13:UP|HMA21:UP;3;0;True;False;8,13,55,116,144;8,13,55,116,144;;8,13,21,55,116,144;8,34,55,116;8,13;;8,55,116;;8,55,116;True;UP;12,48000;27.74%;UP;15,81000;35.13%;UP;-14,75000;32.78%
2026-06-23 18:00:00;4130,38000;4138,52000;4135,88007;4132,58412;4112,01618;4103,40638;4125,29702;4140,74135;4127,82058;4120,85187;4135,93322;4170,65290;4207,94373;19,84015;29,82648;52,65366;23,86390;1,20281;UPTREND;;False;;0;21;HMA8:UP|HMA13:UP|HMA21:UP;3;0;True;False;8,13,55,116,144,188;8,13,55,116,144,188;;8,13,21,55,116,144,188;8,34,55,116;8,13;8,13,188;;188;;False;UP;10,29000;22.86%;UP;18,51000;41.14%;UP;-9,48000;21.07%
2026-06-23 19:00:00;4139,00000;4134,29000;4138,94439;4136,72474;4118,96150;4104,20126;4122,31457;4139,11049;4126,97244;4119,37309;4133,26192;4167,60455;4206,59580;19,29729;28,73699;60,05838;19,98289;1,03553;UPTREND;;False;;0;21;HMA8:UP|HMA13:UP|HMA21:UP;3;0;True;False;8,13,55,116,144,188;8,13,55,116,144,188;;8,13,21,55,116,144,188;8,13,34,55,116,188;8,13;;8,13,188;;8,13,188;True;UP;12,24000;27.21%;UP;18,37000;40.83%;UP;-3,99000;8.88%
2026-06-23 20:00:00;4134,18000;4127,97000;4135,84074;4137,76679;4124,42565;4105,51986;4119,67590;4137,52884;4126,24059;4118,04725;4130,71547;4164,62159;4205,22357;18,77677;27,97703;60,95962;13,34114;0,71051;UPTREND;;False;;0;21;HMA8:DOWN|HMA13:UP|HMA21:UP;2;1;True;False;8,13,55,116,144,188;8,13,55,116,144,188;;8,13,21,55,116,144,188;8,13,34,55,116,188;8,13;;188;;188;True;DOWN;7,08000;15.74%;UP;15,79000;35.09%;UP;1,62000;3.6%
2026-06-23 21:00:00;4128,09000;4117,71000;4127,51967;4134,46376;4127,19437;4106,65032;4117,08430;4135,82086;4125,49523;4116,80003;4128,24325;4161,67608;4203,81602;18,74057;28,13352;60,75239;7,26940;0,38790;DOWNTREND;REVERSAL_TO_HMA116;False;;2;8,21;HMA8:DOWN|HMA13:DOWN|HMA21:UP;1;2;False;True;;;;;8,21,55,116,144;8,55,116,144;;8,21,55,116,144;;8,21,55,116,144;False;DOWN;-2,65000;5.88%;DOWN;11,71000;26.02%;UP;6,00000;13.34%
2026-06-23 22:00:00;4118,11000;4111,55000;4116,99957;4127,32918;4127,00433;4107,37603;4114,41237;4133,91140;4124,66261;4115,58439;4125,81908;4158,75410;4202,36940;18,43553;28,34041;59,64355;10,32961;0,56031;DOWNTREND;;False;;1;8,21;HMA8:DOWN|HMA13:DOWN|HMA21:DOWN;0;3;False;True;8,55,144;;8,55,144;;8,21,55,116,144;8,55,116,144;;8,55,144;;;False;DOWN;-14,36000;31.91%;DOWN;4,24000;9.41%;DOWN;8,38000;18.62%
2026-06-23 23:00:00;4111,99000;4109,65000;4108,74276;4119,08062;4124,79403;4107,69363;4111,61335;4131,79488;4123,72743;4114,37687;4123,43653;4155,85097;4200,88766;17,50228;28,75111;57,97144;16,05127;0,91710;DOWNTREND;;False;;0;8,21;HMA8:DOWN|HMA13:DOWN|HMA21:DOWN;0;3;False;True;8,55,144;;8,55,144;;8,21,55,116,144;8,55,116,144;;8,55;;;False;DOWN;-23,34000;51.86%;DOWN;-3,75000;8.33%;DOWN;9,44000;20.99%
2026-06-24 01:00:00;4108,68000;4104,24000;4102,94469;4110,65918;4120,95982;4107,53794;4108,64962;4129,42376;4122,63676;4113,13851;4121,06901;4152,95234;4199,36669;17,53426;29,64092;56,37915;18,01514;1,02743;DOWNTREND;;False;;0;8,21;HMA8:DOWN|HMA13:DOWN|HMA21:DOWN;0;3;False;True;8,34,55,144;;8,34,55,144;;8,21,34,55,116,144;8,34,55,116,144;;8,34,55;;34;False;DOWN;-25,13000;55.84%;DOWN;-11,77000;26.16%;DOWN;8,37000;18.59%
2026-06-24 02:00:00;4104,24000;4099,18000;4098,35352;4102,93100;4115,92297;4106,80653;4105,48719;4126,77352;4121,35508;4111,84511;4118,69722;4150,04508;4197,80225;17,95967;31,10818;50,42185;17,56946;0,97827;DOWNTREND;;False;;0;8,21;HMA8:DOWN|HMA13:DOWN|HMA21:DOWN;0;3;False;True;8,13,34,55,144;;8,13,34,55,144;;8,13,21,34,55,116,144;8,13,34,55,116,144;;8,13;;13;False;DOWN;-22,10000;49.1%;DOWN;-17,41000;38.69%;DOWN;6,34000;14.09%
2026-06-24 03:00:00;4099,24000;4097,22000;4095,22637;4096,64680;4110,11084;4105,62354;4102,24436;4123,89555;4119,87486;4110,49113;4116,32337;4147,12396;4196,19516;17,98183;31,69375;50,42973;14,88447;0,82775;DOWNTREND;;False;;0;8,21;HMA8:DOWN|HMA13:DOWN|HMA21:DOWN;0;3;False;True;8,13,34,55,144;;8,13,34,55,144;;8,13,21,34,55,116,144;8,13,34,55,116,144;;8,13;;;False;DOWN;-16,84000;37.43%;DOWN;-20,86000;46.36%;DOWN;3,28000;7.28%
2026-06-24 04:00:00;4097,20000;4089,00000;4090,65106;4090,87294;4103,42320;4103,70502;4098,86266;4120,74844;4118,15689;4109,03453;4113,92235;4144,16552;4194,53443;19,11170;33,12422;46,70810;12,77214;0,66829;DOWNTREND;;False;;0;8,21;HMA8:DOWN|HMA13:DOWN|HMA21:DOWN;0;3;False;True;8,13,34,55,144;;8,13,34,55,144;;8,13,21,34,55,116,144;8,13,34,55,116,144;;8,13;;;False;DOWN;-13,31000;29.59%;DOWN;-20,81000;46.25%;DOWN;-0,53000;1.18%
2026-06-24 05:00:00;4088,90000;4061,12000;4076,24122;4080,39820;4093,70849;4099,69319;4094,76997;4117,04592;4115,98772;4107,31114;4111,37879;4141,08867;4192,77882;20,87158;34,88103;43,39228;17,46727;0,83689;DOWNTREND;;False;;0;8,21;HMA8:DOWN|HMA13:DOWN|HMA21:DOWN;0;3;False;True;8,13,34,55,144;;8,13,34,55,144;;8,13,21,34,55,116,144;8,13,34,55,116,144;;8,13;;;False;DOWN;-17,74000;39.42%;DOWN;-20,54000;45.65%;DOWN;-5,01000;11.14%
2026-06-24 06:00:00;4061,12000;4062,69000;4062,53533;4069,03780;4083,04379;4094,29723;4090,27101;4112,93989;4113,46292;4105,37090;4108,71392;4137,91274;4190,93661;20,82647;36,55510;43,28572;20,50846;0,98473;DOWNTREND;;False;;0;8,21;HMA8:DOWN|HMA13:DOWN|HMA21:DOWN;0;3;False;True;8,13,34,55,144;;8,13,34,55,144;8;8,13,21,34,55,116,144;8,13,34,55,116,144;8;;8;;True;DOWN;-23,27000;51.7%;DOWN;-21,82000;48.5%;DOWN;-9,79000;21.74%
2026-06-24 07:00:00;4062,69000;4064,41000;4055,89646;4059,91891;4073,02874;4088,23003;4085,63768;4108,57261;4110,66993;4103,26124;4105,95824;4134,65797;4189,01498;20,20529;38,10960;40,22817;17,13228;0,84791;DOWNTREND;;False;;0;8,21;HMA8:DOWN|HMA13:DOWN|HMA21:DOWN;0;3;False;True;8,13,34,55,144;;8,13,34,55,144;8,13;8,13,21,34,55,116,144;8,13,34,55,116,144;13;;13;;True;DOWN;-25,95000;57.66%;DOWN;-22,71000;50.47%;DOWN;-14,27000;31.72%
2026-06-24 08:00:00;4064,30000;4075,83000;4059,41259;4057,07092;4065,90779;4082,60464;4081,38482;4104,19361;4107,77811;4101,09351;4103,18373;4131,37274;4187,03732;20,57491;37,84241;40,96089;8,83687;0,42950;DOWNTREND;;False;;0;8,21;HMA8:UP|HMA13:DOWN|HMA21:DOWN;1;2;False;True;8,13,34,55,144;;8,13,34,55,144;8,13,21;8,13,21,34,55,116,144;8,13,34,55,116,144;21;;21;;True;UP;-20,79000;46.19%;DOWN;-20,38000;45.29%;DOWN;-16,59000;36.86%
2026-06-24 09:00:00;4076,13000;4087,04000;4072,32661;4060,78324;4063,00578;4078,32426;4077,89293;4100,01254;4104,93772;4098,96818;4100,46052;4128,10691;4185,02692;20,65385;36,74244;41,44879;11,54338;0,55890;UPTREND;REVERSAL_TO_HMA34;False;;0;;HMA8:UP|HMA13:UP|HMA21:DOWN;2;1;True;False;;;;34,55;;;34,55;;34,55;;False;UP;-2,71000;6.03%;UP;-16,14000;35.87%;DOWN;-17,22000;38.26%
2026-06-24 10:00:00;4086,37000;4074,79000;4079,47141;4065,53652;4061,76061;4074,67100;4074,81811;4095,90331;4102,05782;4096,82535;4097,74885;4124,83132;4182,96885;20,39643;35,82217;43,78776;17,71080;0,86833;UPTREND;;False;;0;;HMA8:UP|HMA13:UP|HMA21:DOWN;2;1;True;False;;;;34,55;8,34,55;;;8,34,55;;8,34,55;True;UP;11,73000;26.06%;UP;-11,70000;25.99%;DOWN;-17,17000;38.16%
2026-06-24 11:00:00;4074,73000;4076,24000;4080,86320;4070,44162;4061,75716;4071,63699;4072,23929;4091,93834;4099,18503;4094,69455;4095,07422;4121,56511;4180,87096;19,97026;34,99508;47,99924;19,10604;0,95672;UPTREND;;False;;0;;HMA8:UP|HMA13:UP|HMA21:DOWN;2;1;True;False;55;55;;34,55;8,34,55;;55;;55;;False;UP;17,36000;38.57%;UP;-4,75000;10.56%;DOWN;-16,51000;36.69%
2026-06-24 12:00:00;4076,25000;4064,58000;4075,04465;4071,56379;4061,19346;4068,44806;4069,81910;4088,00335;4096,23771;4092,51788;4092,39846;4118,28417;4178,71906;19,61238;34,65110;49,97341;13,85119;0,70625;DOWNTREND;REVERSAL_TO_HMA34;False;;2;8,13;HMA8:DOWN|HMA13:UP|HMA21:DOWN;1;2;False;True;;;;;8,13,34,55;8,34,55;;8,13,34,55;;8,13,34,55;False;DOWN;11,27000;25.04%;UP;1,23000;2.73%;DOWN;-15,59000;34.65%
2026-06-24 13:00:00;4064,77000;4055,63000;4063,59791;4068,35414;4059,38870;4064,71350;4067,24998;4084,03952;4093,16780;4090,26007;4089,69891;4114,97432;4176,50590;19,08507;34,74573;55,67060;8,96544;0,46976;DOWNTREND;ADVANCE_HMA21;False;;1;8,13;HMA8:DOWN|HMA13:DOWN|HMA21:DOWN;0;3;False;True;8,21;;8,21;;8,13,21,34,55;8,21,34,55;;8,21,34;;21;False;DOWN;-6,52000;14.5%;DOWN;4,21000;9.36%;DOWN;-14,88000;33.07%
2026-06-24 14:00:00;4055,44000;4046,66000;4051,58257;4060,68419;4056,35534;4060,26628;4064,28113;4079,98402;4089,93447;4087,88618;4086,95547;4111,62115;4174,22450;19,22328;35,46515;50,84208;9,10162;0,47347;DOWNTREND;;False;;0;8,13;HMA8:DOWN|HMA13:DOWN|HMA21:DOWN;0;3;False;True;8,21;;8,21;;8,13,21,34,55;8,21,34,55;;8;;;False;DOWN;-19,94000;44.3%;DOWN;1,79000;3.99%;DOWN;-13,76000;30.57%
2026-06-24 15:00:00;4046,63000;3987,76000;4020,64926;4039,50961;4046,48148;4052,39290;4059,36904;4075,08423;4086,03465;4085,04663;4083,92432;4108,05116;4171,79017;22,21733;37,32266;38,06282;25,83222;1,16271;DOWNTREND;;False;;0;8,13;HMA8:DOWN|HMA13:DOWN|HMA21:DOWN;0;3;False;True;8,13,21;;8,13,21;;8,13,21,34,55;8,13,21,34,55;;8,13,21;;13;False;DOWN;-34,12000;75.82%;DOWN;-9,07000;20.15%;DOWN;-12,00000;26.67%
2026-06-24 16:00:00;3987,68000;4038,28000;4009,93659;4024,97670;4038,08688;4045,06787;4054,26579;4070,15521;4082,02636;4082,12003;4080,87640;4104,45506;4169,29685;26,16895;39,40831;37,19350;28,15029;1,07571;DOWNTREND;;False;;0;8,13;HMA8:DOWN|HMA13:DOWN|HMA21:DOWN;0;3;False;True;8,13,21;;8,13,21;8,13,21;8,13,21,34,55;8,13,21,34,55;8,13,21;;8,13,21;;True;DOWN;-31,88000;70.85%;DOWN;-14,48000;32.19%;DOWN;-9,75000;21.66%
2026-06-24 17:00:00;4038,28000;4007,97000;4005,27898;4011,47469;4028,21630;4037,01322;4048,36649;4064,83408;4077,66369;4078,93966;4077,69649;4100,75060;4166,70460;27,01974;41,34498;41,65647;22,93732;0,84891;DOWNTREND;;False;;0;8,13;HMA8:DOWN|HMA13:DOWN|HMA21:DOWN;0;3;False;True;8,13,21,34;;8,13,21,34;8,13,21;8,13,21,34,55;8,13,21,34,55;;8,13,21,34;;;False;DOWN;-28,35000;63.0%;DOWN;-19,99000;44.42%;DOWN;-9,42000;20.93%
2026-06-24 18:00:00;4008,54000;4002,43000;3998,94602;4001,18480;4017,67496;4028,60988;4041,82596;4059,16237;4072,96225;4075,50110;4074,38901;4096,94146;4164,01482;26,48619;43,22935;41,64036;18,72894;0,70712;DOWNTREND;;False;;0;8,13;HMA8:DOWN|HMA13:DOWN|HMA21:DOWN;0;3;False;True;8,13,21,34;;8,13,21,34;8,13,21;8,13,21,34,55;8,13,21,34,55;;8,13;;;False;DOWN;-26,42000;58.71%;DOWN;-23,89000;53.08%;DOWN;-10,32000;22.94%
2026-06-24 19:00:00;4003,00000;4006,57000;4000,14330;3993,80474;4008,45435;4020,72289;4035,08999;4053,33188;4068,03806;4071,86676;4070,99443;4093,06320;4161,24427;26,48932;44,55653;39,96944;14,64961;0,55304;DOWNTREND;;False;;0;8,13;HMA8:UP|HMA13:DOWN|HMA21:DOWN;1;2;False;True;8,13,21,34;;8,13,21,34;8,13,21;8,13,21,34,55;8,13,21,34,55;;;;;False;UP;-10,95000;24.34%;DOWN;-25,13000;55.84%;DOWN;-11,64000;25.86%
2026-06-24 20:00:00;4006,62000;3972,65000;3987,55291;3984,07294;3996,70548;4011,91727;4027,49560;4047,00288;4062,66324;4067,85638;4067,37924;4089,02614;4158,34886;27,34722;46,17096;41,73895;12,63253;0,46193;DOWNTREND;;False;;0;8,13;HMA8:DOWN|HMA13:DOWN|HMA21:DOWN;0;3;False;True;8,13,21,34;;8,13,21,34;8,13,21;8,13,21,34,55;8,13,21,34,55;;8,13,21;;;False;DOWN;-11,56000;25.7%;DOWN;-25,03000;55.62%;DOWN;-13,38000;29.74%
2026-06-24 21:00:00;3972,71000;3981,36000;3976,93391;3976,90859;3985,76059;4002,93952;4019,67635;4040,46612;4057,02924;4063,58414;4063,61508;4084,87976;4155,35478;27,90885;47,86322;42,32277;8,85200;0,31718;DOWNTREND;;False;;0;8,13;HMA8:DOWN|HMA13:DOWN|HMA21:DOWN;0;3;False;True;8,13,21,34;;8,13,21,34;8,13,21;8,13,21,34,55;8,13,21,34,55;8,13;;8,13;;True;DOWN;-14,25000;31.66%;DOWN;-20,50000;45.55%;DOWN;-15,23000;33.85%
2026-06-24 22:00:00;3981,86000;3987,98000;3976,23907;3972,45929;3977,30660;3994,82226;4012,10569;4033,94757;4051,29770;4059,15132;4059,76474;4080,66519;4152,28336;27,14893;49,43460;41,58974;4,84732;0,17855;DOWNTREND;;False;;0;8,13;HMA8:DOWN|HMA13:DOWN|HMA21:DOWN;0;3;False;True;8,13,21,34;;8,13,21,34;8,13,21;8,13,21,34,55;8,13,21,34,55;21;;21;;True;DOWN;-11,81000;26.24%;DOWN;-17,87000;39.71%;DOWN;-17,17000;38.16%
2026-06-24 23:00:00;3987,99000;4001,01000;3983,76448;3975,08477;3973,01410;3988,36509;4005,16590;4027,73011;4045,66692;4054,69163;4055,92152;4076,44279;4149,16515;26,49544;49,96113;43,15371;10,75038;0,40574;UPTREND;REVERSAL_TO_HMA34;False;;0;;HMA8:UP|HMA13:UP|HMA21:DOWN;2;1;True;False;;;;34;;;34;;34;;False;UP;-8,79000;19.52%;UP;-12,89000;28.65%;DOWN;-18,06000;40.12%
2026-06-25 01:00:00;4003,14000;3996,30000;3993,39185;3980,12383;3972,07190;3983,15777;3998,88090;4021,81925;4040,14785;4050,21561;4052,08901;4072,21562;4146,00032;25,74076;50,00274;43,97913;21,31995;0,82826;UPTREND;;False;;0;;HMA8:UP|HMA13:UP|HMA21:DOWN;2;1;True;False;;;;34;55;;;55;;55;True;UP;3,25000;7.21%;UP;-7,77000;17.26%;DOWN;-18,13000;40.29%
2026-06-25 02:00:00;3996,38000;4012,37000;4004,86465;3989,28467;3975,16072;3980,09326;3993,72478;4016,42022;4034,94054;4045,86126;4048,36514;4068,05675;4142,81998;25,88642;49,32640;47,74923;29,70393;1,14747;UPTREND;ADVANCE_HMA8;False;;0;;HMA8:UP|HMA13:UP|HMA21:UP;3;0;True;False;8,55;8,55;;8,34,55;55;8;8,55;;8,55;;False;UP;15,10000;33.55%;UP;-1,67000;3.7%;UP;-15,40000;34.23%
2026-06-25 03:00:00;4013,05000;3991,37000;4005,32496;3995,21887;3977,84003;3977,48361;3989,05921;4011,27678;4029,82763;4041,51770;4044,66988;4063,91433;4139,59516;26,75168;49,04939;53,84676;27,48494;1,02741;UPTREND;;False;;0;;HMA8:UP|HMA13:UP|HMA21:UP;3;0;True;False;8,55;8,55;;8,34,55;8,13,55,89;8;;8,13,55,89;;8,13,55,89;True;UP;15,21000;33.79%;UP;3,97000;8.83%;UP;-12,69000;28.2%
2026-06-25 04:00:00;3991,66000;3976,66000;3993,39135;3994,47980;3978,57307;3974,49799;3984,52978;4006,20511;4024,72319;4037,12276;4040,95776;4059,75844;4136,30904;27,21656;48,94872;58,64608;15,90673;0,58445;DOWNTREND;REVERSAL_TO_HMA21;False;;0;21;HMA8:DOWN|HMA13:DOWN|HMA21:UP;1;2;False;True;;;;;21,34,55;34,55;;21,34,55;;21,34,55;False;DOWN;5,05000;11.23%;DOWN;6,14000;13.65%;UP;-10,34000;22.97%
2026-06-25 05:00:00;3976,73000;3983,28000;3983,53900;3990,37971;3978,73928;3971,71505;3980,29495;4001,32421;4019,72331;4032,72656;4037,28155;4055,62677;4132,98099;27,25109;49,09106;63,07766;11,64043;0,42715;DOWNTREND;;False;;0;21;HMA8:DOWN|HMA13:DOWN|HMA21:UP;1;2;False;True;;;;21,55;21,34,55;34,55;21,55;;21,55;;True;DOWN;-5,16000;11.48%;DOWN;6,25000;13.9%;UP;-8,13000;18.07%
2026-06-25 06:00:00;3982,87000;3995,46000;3982,93241;3988,46177;3979,92678;3970,05697;3976,65931;3996,81135;4014,96276;4028,43438;4033,69601;4051,57212;4129,63956;27,79744;48,47270;63,87841;8,53499;0,30704;DOWNTREND;;False;;0;21;HMA8:DOWN|HMA13:DOWN|HMA21:UP;1;2;False;True;;;;8,13,21,55;21,34,55;34,55;8,13;;8,13;;True;DOWN;-11,16000;24.8%;DOWN;4,59000;10.19%;UP;-5,86000;13.02%
2026-06-25 07:00:00;3995,46000;3996,00000;3988,36180;3988,98061;3982,54922;3969,49328;3973,57945;3992,61982;4010,45758;4024,26114;4030,21601;4047,60551;4126,29258;26,81405;47,89851;58,56192;6,43139;0,23985;UPTREND;REVERSAL_TO_HMA89;False;;0;;HMA8:UP|HMA13:UP|HMA21:UP;3;0;True;False;;;;89;;;89;;89;;False;UP;-8,99000;19.97%;UP;3,15000;7.0%;UP;-3,02000;6.72%
2026-06-25 08:00:00;3996,00000;3986,38000;3990,97878;3988,41942;3984,67649;3969,56805;3970,79120;3988,58147;4006,09402;4020,15273;4026,80015;4043,69316;4122,93171;26,30090;47,47186;66,59338;6,30229;0,23962;UPTREND;;False;;0;;HMA8:UP|HMA13:DOWN|HMA21:UP;2;1;True;False;;;;89;8,13,89;;;8,13,89;;8,13,89;True;UP;-1,31000;2.92%;DOWN;-0,31000;0.7%;UP;-0,24000;0.52%
2026-06-25 09:00:00;3986,26000;3977,29000;3986,44035;3985,69944;3984,83333;3969,73663;3968,06960;3984,56146;4001,78306;4016,06614;4023,41038;4039,81748;4119,54945;25,51513;47,28480;66,15116;1,60702;0,06298;DOWNTREND;REVERSAL_TO_HMA89;False;;2;13,21;HMA8:DOWN|HMA13:DOWN|HMA21:UP;1;2;False;True;;;;;13,21,89;13,89;;13,21,89;;13,21,89;False;DOWN;1,63000;3.62%;DOWN;-3,56000;7.91%;UP;1,69000;3.75%
2026-06-25 10:00:00;3977,46000;3987,88000;3983,89354;3984,52175;3984,46325;3970,29211;3965,79214;3980,72877;3997,63173;4012,06803;4020,10228;4036,01993;4116,17033;25,00333;47,19773;67,46376;0,62822;0,02513;DOWNTREND;;False;;1;13,21;HMA8:DOWN|HMA13:DOWN|HMA21:DOWN;0;3;False;True;;;;8,13,21,89;13,21,89;13,89;8,13,21,89;;8,13,21,89;;False;DOWN;0,55000;1.22%;DOWN;-3,80000;8.44%;DOWN;2,62000;5.83%
2026-06-25 11:00:00;3988,12000;3989,17000;3984,66363;3984,75634;3984,15107;3971,22989;3963,96118;3977,11078;3993,66347;4008,16541;4016,87335;4032,30791;4112,80240;24,48166;46,07453;65,16829;0,60527;0,02472;DOWNTREND;;False;;0;13,21;HMA8:UP|HMA13:UP|HMA21:DOWN;2;1;True;False;;;;8,13,21,89;13,21,89;13,89;;;;;False;UP;-2,16000;4.81%;UP;-2,19000;4.87%;DOWN;2,82000;6.28%
2026-06-25 12:00:00;3989,29000;3988,10000;3986,41852;3985,33425;3984,12523;3972,43393;3962,46429;3973,72582;3989,87353;4004,35415;4013,71284;4028,68205;4109,44481;23,54940;45,03156;65,25806;2,29328;0,09738;DOWNTREND;;False;;0;13,21;HMA8:UP|HMA13:UP|HMA21:DOWN;2;1;True;False;;;;8,13,21,89;13,21,89;13,89;;;;;False;UP;-2,77000;6.16%;UP;-1,27000;2.82%;DOWN;2,18000;4.84%
2026-06-25 13:00:00;3988,22000;3984,28000;3986,91341;3985,07543;3984,22252;3973,67886;3961,17091;3970,52798;3986,24843;4000,62066;4010,59911;4025,12710;4106,09689;22,44230;44,27685;64,11127;2,69089;0,11990;DOWNTREND;;False;;0;13,21;HMA8:UP|HMA13:DOWN|HMA21:UP;2;1;True;False;8,13,116;;8,13,116;8,13,21,89;8,13,21,89,116;13,89;;8,13,116;;8,116;False;UP;0,30000;0.67%;DOWN;-1,66000;3.69%;UP;1,63000;3.62%
2026-06-25 14:00:00;3984,52000;3980,01000;3984,10563;3983,90055;3983,81292;3974,72311;3960,03041;3967,44762;3982,75476;3996,94692;4007,51322;4021,62893;4102,75509;21,85285;43,90632;63,62705;0,29271;0,01339;DOWNTREND;;False;;0;13,21;HMA8:DOWN|HMA13:DOWN|HMA21:DOWN;0;3;False;True;8,13,21,116;;8,13,21,116;8,13,21,89;8,13,21,89,116;8,13,21,89,116;;8,13,21,116;;8,21,116;False;DOWN;0,14000;0.31%;DOWN;-1,97000;4.39%;DOWN;1,37000;3.05%
2026-06-25 15:00:00;3980,47000;4012,29000;3993,21574;3989,40161;3986,38404;3977,18290;3959,98057;3964,93122;3979,68706;3993,55687;4004,60249;4018,29298;4099,47368;23,17193;41,22717;66,22928;6,83170;0,29483;UPTREND;REVERSAL_TO_HMA188;False;;2;8,13,21;HMA8:UP|HMA13:UP|HMA21:UP;3;0;True;False;;;;8,13,21,116,144,188;;8,13,21;8,13,21,116,144,188;;8,13,21,116,144,188;;False;UP;5,27000;11.71%;UP;1,53000;3.39%;UP;1,89000;4.2%
2026-06-25 16:00:00;4012,62000;4002,20000;4002,25683;3995,67778;3989,74317;3980,03720;3960,62944;3962,81574;3976,92172;3990,37649;4001,81694;4015,08307;4096,23698;23,87180;38,63256;57,94508;12,51366;0,52420;UPTREND;;False;;1;8,13,21;HMA8:UP|HMA13:UP|HMA21:UP;3;0;True;False;;;;8,13,21,116,144,188;8,188;8,13,21;;8,188;;8,188;False;UP;9,42000;20.93%;UP;4,45000;9.9%;UP;2,35000;5.23%
2026-06-25 17:00:00;4002,20000;4011,96000;4010,13654;4003,24715;3994,52593;3983,63087;3962,12668;3961,22433;3974,53504;3987,45485;3999,19399;4012,02749;4093,05862;24,25524;36,11294;56,91240;15,61061;0,64360;UPTREND;;False;;0;8,13,21;HMA8:UP|HMA13:UP|HMA21:UP;3;0;True;False;8,13;8,13;;8,13,21,116,144,188;8,188;8,13,21;8,13;;;;False;UP;13,46000;29.91%;UP;7,24000;16.09%;UP;2,83000;6.28%
2026-06-25 18:00:00;4011,99000;4041,06000;4027,26269;4015,86388;4003,07049;3989,29455;3965,12131;3960,50486;3972,76912;3984,96051;3996,85034;4009,21781;4089,98271;25,20344;34,49596;53,07865;24,19219;0,95988;UPTREND;ADVANCE_HMA233;False;;0;8,13,21;HMA8:UP|HMA13:UP|HMA21:UP;3;0;True;False;8,13,233;8,13,233;;8,13,21,116,144,188,233;8,188;8,13,21;8,13,233;;233;;False;UP;23,18000;51.5%;UP;11,41000;25.36%;UP;4,17000;9.28%
2026-06-25 19:00:00;4041,21000;4028,68000;4036,54519;4027,67596;4011,90577;3995,59677;3969,00402;3960,38232;3971,44333;3982,78645;3994,70640;4006,60088;4086,98548;24,84462;33,06515;52,85733;24,63942;0,99174;UPTREND;;False;;0;8,13,21;HMA8:UP|HMA13:UP|HMA21:UP;3;0;True;False;8,13,233;8,13,233;;8,13,21,116,144,188,233;8,188;8,13,21;;8;;8;True;UP;23,56000;52.35%;UP;15,95000;35.44%;UP;6,22000;13.82%
2026-06-25 20:00:00;4028,67000;4034,61000;4040,69628;4037,37027;4020,91926;4002,36166;3973,64850;3960,86156;3970,54787;3980,95034;3992,77388;4004,18178;4084,07451;23,77072;31,73655;52,32181;19,77702;0,83199;UPTREND;;False;;0;8,13,21;HMA8:UP|HMA13:UP|HMA21:UP;3;0;True;False;8,13,233;8,13,233;;8,13,21,116,144,188,233;8,188;8,13,21;13;;;;False;UP;22,01000;48.92%;UP;20,55000;45.67%;UP;8,72000;19.38%
2026-06-25 21:00:00;4034,74000;4034,64000;4041,81413;4042,62337;4029,04730;4009,25835;3978,81313;3961,85892;3970,02442;3979,42393;3991,03641;4001,94691;4081,24709;23,34924;30,89058;52,75463;13,57607;0,58144;UPTREND;;False;;0;8,13,21;HMA8:UP|HMA13:UP|HMA21:UP;3;0;True;False;8,13,233;8,13,233;;8,13,21,116,144,188,233;8,188;8,13,21;;;;;False;UP;18,74000;41.63%;UP;20,80000;46.23%;UP;10,88000;24.19%
2026-06-25 22:00:00;4034,64000;4026,70000;4036,05796;4043,56795;4034,74306;4015,35668;3983,99977;3963,18415;3969,74276;3978,12240;3989,44054;3999,86025;4078,48911;23,24144;29,77320;53,03979;8,82489;0,37970;UPTREND;;False;;0;8,13,21;HMA8:DOWN|HMA13:UP|HMA21:UP;2;1;True;False;8,13,233;8,13,233;;8,13,21,116,144,188,233;8,21,188;8,13,21;;21;;21;True;DOWN;5,40000;12.01%;UP;18,95000;42.12%;UP;12,29000;27.3%
2026-06-25 23:00:00;4026,78000;4026,66000;4030,49080;4041,14793;4038,52114;4020,45021;3989,09915;3964,76224;3969,65244;3977,02243;3987,96707;3997,91312;4075,79792;22,34419;28,73564;52,44121;10,65713;0,47695;UPTREND;;False;;0;8,13,21;HMA8:DOWN|HMA13:DOWN|HMA21:UP;1;2;False;True;8,13,233;8,13,233;;8,13,21,116,144,188,233;8,21,188;8,13,21;;;;;False;DOWN;-3,88000;8.61%;DOWN;15,79000;35.08%;UP;13,66000;30.35%
2026-06-26 01:00:00;4023,64000;4026,30000;4026,70235;4036,72783;4040,39979;4024,72351;3993,97571;3966,50455;3969,70120;3976,09882;3986,59920;3996,09295;4073,16921;21,93675;27,41354;53,34386;13,69744;0,62441;UPTREND;;False;;0;8,13,21;HMA8:DOWN|HMA13:DOWN|HMA21:UP;1;2;False;True;8,13,34,233;8,13,34,233;;8,13,21,34,116,144,188,233;8,21,188;8,13,21;34;;34;;False;DOWN;-9,06000;20.14%;DOWN;9,01000;20.02%;UP;14,46000;32.14%
2026-06-26 02:00:00;4026,24000;4014,46000;4020,10600;4030,00015;4039,27683;4027,59571;3998,19743;3968,22129;3969,73355;3975,25512;3985,26946;3994,34861;4070,58107;21,62269;25,63868;53,32283;19,17083;0,88661;DOWNTREND;REVERSAL_TO_HMA8;False;;0;8;HMA8:DOWN|HMA13:DOWN|HMA21:DOWN;0;3;False;True;;;;;8,34;8;;8,34;;8,34;False;DOWN;-14,09000;31.31%;DOWN;1,03000;2.28%;DOWN;13,75000;30.55%
2026-06-26 03:00:00;4014,42000;4020,29000;4016,98909;4024,06887;4036,95164;4029,67208;4002,00181;3969,96409;3969,80097;3974,51190;3983,99497;3992,69143;4068,04172;21,00464;23,89758;53,52471;19,96254;0,95039;DOWNTREND;;False;;0;8;HMA8:DOWN|HMA13:DOWN|HMA21:DOWN;0;3;False;True;;;;8;8,34;8;8;;8;;True;DOWN;-12,79000;28.42%;DOWN;-6,02000;13.39%;DOWN;12,67000;28.15%
2026-06-26 04:00:00;4020,69000;4020,87000;4017,05693;4019,97905;4033,88312;4031,16094;4005,42728;3971,71069;3969,89331;3973,85109;3982,76571;3991,11466;4065,55045;20,60574;22,67137;54,47621;16,82620;0,81658;DOWNTREND;;False;;0;8;HMA8:UP|HMA13:DOWN|HMA21:DOWN;1;2;False;True;;;;8,13;8,34;8;13;;13;;True;UP;-9,26000;20.57%;DOWN;-10,38000;23.06%;DOWN;10,81000;24.03%
2026-06-26 05:00:00;4021,18000;3990,65000;4006,45856;4011,65353;4027,18929;4030,47648;4007,72227;3973,07404;3969,72375;3973,07697;3981,43036;3989,51236;4063,05651;22,00747;22,57262;60,63411;20,73073;0,94199;DOWNTREND;ADVANCE_HMA233;False;;0;8;HMA8:DOWN|HMA13:DOWN|HMA21:DOWN;0;3;False;True;13,55,233;;13,55,233;8,13;8,13,34,55,233;8,13,233;;8,13,55,233;;13,55,233;False;DOWN;-12,95000;28.78%;DOWN;-13,59000;30.19%;DOWN;6,25000;13.9%
2026-06-26 06:00:00;3990,47000;4004,25000;3999,53150;4004,44441;4020,26591;4028,90095;4009,45972;3974,29091;3969,47540;3972,28363;3980,06249;3987,92562;4060,58056;21,86051;22,48092;60,64531;20,73441;0,94849;DOWNTREND;;False;;0;8;HMA8:DOWN|HMA13:DOWN|HMA21:DOWN;0;3;False;True;13,55,233;;13,55,233;8,13;8,13,34,55,233;8,13,233;8;;8;;True;DOWN;-13,24000;29.42%;DOWN;-15,63000;34.74%;DOWN;2,19000;4.87%
2026-06-26 07:00:00;4004,44000;4011,28000;4000,69974;4000,96299;4014,42632;4027,12001;4010,95590;3975,49986;3969,24237;3971,52116;3978,69607;3986,37027;4058,13247;21,48333;21,71318;58,53717;13,72658;0,63894;DOWNTREND;;False;;0;8;HMA8:UP|HMA13:DOWN|HMA21:DOWN;1;2;False;True;13,55,233;;13,55,233;8,13,55;8,13,34,55,233;8,13,233;13,55;;13,55;;True;UP;-10,73000;23.85%;DOWN;-15,51000;34.46%;DOWN;-1,73000;3.85%
2026-06-26 08:00:00;4011,64000;4007,98000;4003,26585;4000,71317;4009,74806;4024,98179;4012,18363;3976,69437;3969,02271;3970,78141;3977,31888;3984,83382;4055,70506;21,07738;20,55277;56,71643;9,03489;0,42865;DOWNTREND;;False;;0;8;HMA8:UP|HMA13:DOWN|HMA21:DOWN;1;2;False;True;13,21,55,233;;13,21,55,233;8,13,55;8,13,21,34,55,233;8,13,21,233;;21,55;;21,55;False;UP;-9,29000;20.64%;DOWN;-13,04000;28.98%;DOWN;-5,23000;11.63%
2026-06-26 09:00:00;4008,23000;4032,11000;4016,32156;4006,62540;4009,28190;4023,95210;4013,84727;3978,22294;3969,06911;3970,22464;3976,05253;3983,39056;4053,33480;21,46114;19,47100;55,14669;9,69615;0,45180;UPTREND;REVERSAL_TO_HMA34;False;;2;8,21;HMA8:UP|HMA13:UP|HMA21:DOWN;2;1;True;False;;;;8,21,34,55;;8,55;8,21,34,55;;8,21,34,55;;False;UP;6,55000;14.56%;UP;-7,71000;17.14%;DOWN;-6,77000;15.04%
2026-06-26 10:00:00;4032,00000;4030,55000;4028,68959;4015,19247;4011,23984;4023,85468;4015,80267;3980,04813;3969,36111;3969,83774;3974,88940;3982,02874;4051,01486;20,85606;18,86227;54,09212;17,44975;0,83668;UPTREND;;False;;1;8,21;HMA8:UP|HMA13:UP|HMA21:UP;3;0;True;False;;;;8,21,34,55;;8,55;;;;;False;UP;19,27000;42.81%;UP;-2,19000;4.87%;UP;-7,45000;16.56%
2026-06-26 11:00:00;4030,51000;4030,86000;4034,95769;4024,52302;4014,65466;4024,23990;4018,00479;3982,15652;3969,89449;3969,61741;3973,83354;3980,74923;4048,74123;20,21991;18,22293;54,40908;20,30302;1,00411;UPTREND;;False;;0;8,21;HMA8:UP|HMA13:UP|HMA21:UP;3;0;True;False;;;;8,21,34,55;8;8,55;;8;;8;False;UP;22,96000;51.01%;UP;6,06000;13.46%;UP;-7,26000;16.12%
2026-06-26 12:00:00;4030,87000;4047,14000;4043,53702;4034,83596;4020,57435;4025,73392;4020,83828;3984,72748;3970,81060;3969,65747;3972,96079;3979,60084;4046,53800;20,52135;18,55333;49,68811;22,96267;1,11897;UPTREND;ADVANCE_HMA377;False;;0;8,21;HMA8:UP|HMA13:UP|HMA21:UP;3;0;True;False;8,13,377;8,13,377;;8,13,21,34,55,377;8;8,13,55;8,13,377;;13,377;;False;UP;26,13000;58.07%;UP;13,87000;30.81%;UP;-5,21000;11.57%
2026-06-26 13:00:00;4047,15000;4054,66000;4052,20604;4045,72667;4028,27979;4028,44595;4024,24559;3987,80162;3972,14152;3969,98588;3972,29769;3978,60075;4044,41293;19,96411;18,90827;47,86016;23,92625;1,19846;UPTREND;;False;;0;8,21;HMA8:UP|HMA13:UP|HMA21:UP;3;0;True;False;8,13,377;8,13,377;;8,13,21,34,55,377;8;8,13,55;8;;;;False;UP;24,20000;53.77%;UP;20,49000;45.54%;UP;-2,49000;5.53%
2026-06-26 14:00:00;4054,79000;4045,82000;4054,72959;4053,11647;4035,84810;4031,35099;4027,74519;3991,16623;3973,76461;3970,52101;3971,79439;3977,71272;4042,34801;19,44381;19,26097;47,93633;18,88149;0,97108;UPTREND;;False;;0;8,21;HMA8:UP|HMA13:UP|HMA21:UP;3;0;True;False;8,13,377;8,13,377;;8,13,21,34,55,377;8,13;8,13,55;;8,13;;8,13;True;UP;18,51000;41.14%;UP;24,19000;53.75%;UP;0,58000;1.29%
2026-06-26 15:00:00;4046,11000;4059,01000;4058,45439;4058,99440;4044,20296;4035,06776;4031,54923;3994,89902;3975,77017;3971,32128;3971,50411;3976,97229;4040,36358;19,88711;18,97743;46,16350;14,79144;0,74377;UPTREND;;False;;0;8,21;HMA8:UP|HMA13:UP|HMA21:UP;3;0;True;False;8,13,377;8,13,377;;8,13,21,34,55,377;8,13;8,13,55;8,13;;;;False;UP;16,46000;36.57%;UP;23,70000;52.66%;UP;4,89000;10.87%
2026-06-26 16:00:00;4059,65000;4073,55000;4066,81754;4066,43767;4053,51466;4040,07731;4035,83415;3999,08358;3978,21836;3972,45156;3971,47638;3976,41685;4038,47975;20,94232;19,63329;41,31372;13,30288;0,63522;UPTREND;;False;;0;8,21;HMA8:UP|HMA13:UP|HMA21:UP;3;0;True;False;8,13,377;8,13,377;;8,13,21,34,55,377;8,13;8,13,55;8,13;;;;False;UP;15,53000;34.51%;UP;22,19000;49.3%;UP;9,02000;20.05%
2026-06-26 17:00:00;4073,53000;4080,48000;4076,90852;4075,37458;4063,36364;4046,18391;4040,59564;4003,68825;3981,09552;3973,92045;3971,72279;3976,05639;4036,70367;21,24858;20,90848;37,35879;13,54488;0,63745;UPTREND;;False;;0;8,21;HMA8:UP|HMA13:UP|HMA21:UP;3;0;True;False;8,13,377;8,13,377;;8,13,21,34,55,377;8,13;8,13,55;8,13;;;;False;UP;16,21000;36.01%;UP;21,75000;48.32%;UP;12,97000;28.82%
2026-06-26 18:00:00;4080,47000;4090,48000;4088,48556;4084,93222;4073,86442;4053,44792;4045,86911;4008,71299;3984,41140;3975,73725;3972,26514;3975,90646;4035,04678;21,17511;22,21271;36,96110;14,62113;0,69049;UPTREND;;False;;0;8,21;HMA8:UP|HMA13:UP|HMA21:UP;3;0;True;False;8,13,377;8,13,377;;8,13,21,34,55,377;8,13;8,13,55;8,13;;;;False;UP;21,73000;48.29%;UP;21,52000;47.82%;UP;16,85000;37.44%
2026-06-26 19:00:00;4091,25000;4085,07000;4093,78635;4091,79696;4082,87278;4061,05238;4051,23076;4013,96136;3988,02311;3977,81520;3973,04168;3975,93178;4033,49462;20,46546;23,42378;34,33164;10,91357;0,53327;UPTREND;;False;;0;8,21;HMA8:UP|HMA13:UP|HMA21:UP;3;0;True;False;8,13,377;8,13,377;;8,13,21,34,55,377;8,13;8,13,55;;8,13;;8,13;True;UP;23,35000;51.88%;UP;20,57000;45.7%;UP;19,78000;43.95%
2026-06-26 20:00:00;4085,09000;4074,65000;4089,13839;4093,67761;4088,82942;4067,86870;4056,26918;4019,18820;3991,77306;3980,04711;3973,97521;3976,08290;4032,02548;20,03078;23,72998;38,00302;4,84819;0,24204;UPTREND;;False;;0;8,21;HMA8:DOWN|HMA13:UP|HMA21:UP;2;1;True;False;8,13,377;8,13,377;;8,13,21,34,55,377;8,13,21;8,13,55;;21;;21;True;DOWN;15,57000;34.59%;UP;18,65000;41.44%;UP;21,17000;47.05%
2026-06-26 21:00:00;4074,66000;4067,26000;4078,76448;4089,90056;4091,25346;4073,31171;4060,72216;4024,21668;3995,54564;3982,35011;3975,00815;3976,31754;4030,62337;19,43644;23,42603;40,09868;12,48898;0,64255;DOWNTREND;REVERSAL_TO_HMA34;False;;0;;HMA8:DOWN|HMA13:DOWN|HMA21:UP;1;2;False;True;;;;;34;;;34;;34;False;DOWN;1,37000;3.04%;DOWN;14,84000;32.98%;UP;21,51000;47.8%
2026-06-26 22:00:00;4067,29000;4071,57000;4070,80485;4084,16216;4091,33184;4077,73051;4064,65703;4029,07373;3999,34644;3984,73456;3976,13819;3976,63490;4029,29068;18,76598;22,92887;39,69071;20,52699;1,09384;DOWNTREND;;False;;0;;HMA8:DOWN|HMA13:DOWN|HMA21:UP;1;2;False;True;;;;8;34;;8;;8;;True;DOWN;-13,25000;29.45%;DOWN;8,95000;19.88%;UP;20,66000;45.91%
2026-06-26 23:00:00;4071,71000;4088,42000;4074,16185;4082,04710;4091,84249;4082,04511;4068,54501;4033,95774;4003,30550;3987,28623;3977,42592;3977,07509;4028,04971;19,26913;23,35172;48,68329;17,68064;0,91756;UPTREND;REVERSAL_TO_HMA13;False;;2;8,13;HMA8:UP|HMA13:DOWN|HMA21:UP;2;1;True;False;;;;8,13,34;;8,34;8,13,34;;8,13,34;;False;UP;-14,28000;31.74%;DOWN;3,30000;7.34%;UP;18,26000;40.57%
2026-06-29 01:00:00;4081,39000;4066,36000;4073,86391;4078,04479;4090,41890;4084,97884;4071,76388;4038,51071;4007,18397;3989,83469;3978,74999;3977,54896;4026,85971;20,39990;22,80093;51,84920;16,55499;0,81152;UPTREND;;False;;1;8,13;HMA8:DOWN|HMA13:DOWN|HMA21:DOWN;0;3;False;True;;;;8,13,34;8,13,55;8,13,34;;8,13,55;;8,13,55;False;DOWN;-10,60000;23.56%;DOWN;-3,22000;7.16%;DOWN;14,98000;33.28%
2026-06-29 02:00:00;4066,32000;4062,79000;4068,96343;4072,73687;4087,09308;4086,58903;4074,33503;4042,67711;4010,92838;3992,34797;3980,08173;3978,03755;4025,70855;20,27420;22,16749;54,88281;18,12965;0,89422;UPTREND;;False;;0;8,13;HMA8:DOWN|HMA13:DOWN|HMA21:DOWN;0;3;False;True;;;;8,13,34;8,13,55;8,13,34;;;;;False;DOWN;-6,89000;15.31%;DOWN;-8,91000;19.79%;DOWN;11,94000;26.54%
2026-06-29 03:00:00;4062,74000;4069,49000;4066,71063;4068,80159;4083,06499;4087,41263;4076,58893;4046,56214;4014,59527;3994,86437;3981,44615;3978,55549;4024,60183;20,68461;21,80794;58,85379;16,35436;0,79065;UPTREND;;False;;0;8,13;HMA8:DOWN|HMA13:DOWN|HMA21:DOWN;0;3;False;True;8,13;8,13;;8,13,34;8,13,55;8,13,34;8,13;;13;;False;DOWN;-2,83000;6.3%;DOWN;-11,33000;25.19%;DOWN;8,13000;18.07%
2026-06-29 04:00:00;4069,41000;4061,36000;4062,63948;4065,36602;4077,91034;4087,07912;4078,38310;4050,07455;4018,10991;3997,31931;3982,80122;3979,06780;4023,52170;20,68642;21,49555;59,90472;15,27086;0,73821;UPTREND;;False;;0;8,13;HMA8:DOWN|HMA13:DOWN|HMA21:DOWN;0;3;False;True;8,13;8,13;;8,13,34;8,13,55;8,13,34;;8,13;;;False;DOWN;-7,93000;17.62%;DOWN;-11,18000;24.85%;DOWN;4,02000;8.94%
2026-06-29 05:00:00;4061,21000;4066,42000;4062,06483;4063,29866;4073,38834;4086,10504;4079,92302;4053,33530;4021,52119;3999,74293;3984,16444;3979,58959;4022,47180;20,16239;21,20547;59,99154;11,32351;0,56162;UPTREND;;False;;0;8,13;HMA8:DOWN|HMA13:DOWN|HMA21:DOWN;0;3;False;True;8,13;8,13;;8,13,34;8,13,55;8,13,34;8,13;;13;;False;DOWN;-8,32000;18.5%;DOWN;-9,79000;21.74%;DOWN;-0,14000;0.3%
2026-06-29 06:00:00;4066,46000;4068,87000;4064,83246;4062,53768;4070,11727;4084,92869;4081,28104;4056,41074;4024,86984;4002,15330;3985,54462;3980,12748;4021,45314;19,47365;21,20765;63,00201;7,57959;0,38922;UPTREND;;False;;0;8,13;HMA8:UP|HMA13:DOWN|HMA21:DOWN;1;2;False;True;8,13;8,13;;8,13,34;8,13,55;8,13,34;;;;;False;UP;-3,04000;6.75%;DOWN;-9,48000;21.07%;DOWN;-3,75000;8.33%
2026-06-29 07:00:00;4068,87000;4052,27000;4060,81681;4060,14897;4066,20257;4082,67846;4082,00919;4059,08798;4028,00709;4004,45033;3986,86690;3980,62440;4020,43618;19,46196;19,78792;64,50091;6,05359;0,31105;DOWNTREND;REVERSAL_TO_HMA89;False;;2;8,13,21;HMA8:DOWN|HMA13:DOWN|HMA21:DOWN;0;3;False;True;;;;;8,13,21,89;8,13,21;;8,13,21,89;;21,89;False;DOWN;-4,33000;9.62%;DOWN;-8,71000;19.36%;DOWN;-6,63000;14.74%
2026-06-29 08:00:00;4052,24000;4054,35000;4055,95348;4057,22432;4062,36145;4079,73380;4082,31607;4061,41921;4030,96541;4006,66635;3988,14898;3981,08931;4019,42259;19,36539;19,04259;57,04945;6,40796;0,33090;DOWNTREND;;False;;1;8,13,21;HMA8:DOWN|HMA13:DOWN|HMA21:DOWN;0;3;False;True;;;;;8,13,21,89;8,13,21;;;;;False;DOWN;-4,93000;10.96%;DOWN;-7,60000;16.9%;DOWN;-8,49000;18.86%
2026-06-29 09:00:00;4054,32000;4062,25000;4055,80674;4055,95305;4059,49490;4076,75230;4082,46515;4063,54073;4033,82357;4008,86300;3989,43731;3981,55249;4018,42438;18,77787;17,76279;57,38067;3,68816;0,19641;DOWNTREND;;False;;0;8,13,21;HMA8:DOWN|HMA13:DOWN|HMA21:DOWN;0;3;False;True;;;;8,13,21,89;8,13,21,89;8,13,21;8,13,21,89;;8,13,21,89;;False;DOWN;-4,76000;10.58%;DOWN;-6,51000;14.46%;DOWN;-9,62000;21.38%
2026-06-29 10:00:00;4062,32000;4061,58000;4057,55517;4056,34230;4057,48951;4073,75007;4082,39581;4065,48394;4036,57055;4011,03795;3990,73316;3982,01663;4017,43991;18,32516;16,69195;59,71810;1,21287;0,06619;DOWNTREND;;False;;0;8,13,21;HMA8:UP|HMA13:UP|HMA21:DOWN;2;1;True;False;;;;8,13,21,89;8,13,21,89;8,13,21;;;;;False;UP;-5,67000;12.6%;UP;-4,69000;10.43%;DOWN;-10,62000;23.59%
2026-06-29 11:00:00;4061,82000;4046,99000;4054,74424;4054,20546;4055,08775;4070,09018;4081,72966;4067,06250;4039,08715;4013,09841;3991,97226;3982,44219;4016,44471;18,64979;16,20422;60,99719;0,88230;0,04731;DOWNTREND;;False;;0;8,13,21;HMA8:DOWN|HMA13:DOWN|HMA21:DOWN;0;3;False;True;8,13,21;;8,13,21;8,13,21,89;8,13,21,89;8,13,21;;8,13,21;;;False;DOWN;-4,65000;10.34%;DOWN;-4,65000;10.32%;DOWN;-10,73000;23.84%
2026-06-29 12:00:00;4047,04000;4031,50000;4043,91900;4047,44932;4050,71358;4065,32007;4080,11523;4068,09758;4041,24495;4014,95930;3993,08936;3982,78860;4015,41543;19,48124;16,83032;54,26505;6,79458;0,34878;DOWNTREND;ADVANCE_HMA116;False;;0;8,13,21;HMA8:DOWN|HMA13:DOWN|HMA21:DOWN;0;3;False;True;8,13,21,116;;8,13,21,116;8,13,21,89;8,13,21,89,116;8,13,21;;8,116;;116;False;DOWN;-8,78000;19.51%;DOWN;-7,36000;16.35%;DOWN;-10,58000;23.51%
2026-06-29 13:00:00;4031,41000;4036,85000;4034,80861;4040,65911;4045,72846;4060,17706;4077,85563;4068,72425;4043,12546;4016,68744;3994,12005;3983,08378;4014,36449;18,95758;17,41171;54,55398;10,91984;0,57601;DOWNTREND;;False;;0;8,13,21;HMA8:DOWN|HMA13:DOWN|HMA21:DOWN;0;3;False;True;8,13,21,116;;8,13,21,116;8,13,21,89;8,13,21,89,116;8,13,21;8;;8;;True;DOWN;-15,48000;34.4%;DOWN;-9,72000;21.61%;DOWN;-11,14000;24.76%
2026-06-29 14:00:00;4037,37000;4039,16000;4031,70430;4035,78355;4041,18746;4055,11066;4075,18690;4069,02561;4044,78181;4018,31391;3995,09062;3983,34329;4013,29942;18,65561;17,72169;55,58862;9,48316;0,50833;DOWNTREND;;False;;0;8,13,21;HMA8:DOWN|HMA13:DOWN|HMA21:DOWN;0;3;False;True;8,13,21,116;;8,13,21,116;8,13,21,89;8,13,21,89,116;8,13,21;13;;13;;True;DOWN;-19,11000;42.46%;DOWN;-10,84000;24.1%;DOWN;-11,14000;24.75%
2026-06-29 15:00:00;4039,31000;4043,60000;4034,61378;4033,96586;4038,06212;4050,64194;4072,31539;4069,11095;4046,28085;4019,88023;3996,02968;3983,58956;4012,23175;18,38092;17,14340;59,74430;4,09626;0,22285;DOWNTREND;;False;;0;8,13,21;HMA8:UP|HMA13:DOWN|HMA21:DOWN;1;2;False;True;8,13,21,116;;8,13,21,116;8,13,21,89;8,13,21,89,116;8,13,21;21;;21;;True;UP;-15,31000;34.03%;DOWN;-11,28000;25.06%;DOWN;-10,88000;24.18%
2026-06-29 16:00:00;4043,99000;4032,21000;4035,50213;4031,82230;4035,12079;4046,28249;4069,00361;4068,87624;4047,53781;4021,32765;3996,89160;3983,79683;4011,14694;18,75157;17,18808;60,49894;3,67983;0,19624;DOWNTREND;;False;;0;8,13,21;HMA8:UP|HMA13:DOWN|HMA21:DOWN;1;2;False;True;8,13,21,116;;8,13,21,116;8,13,21,89;8,13,21,89,116;8,13,21;;8,13,21;;;False;UP;-6,40000;14.23%;DOWN;-12,29000;27.32%;DOWN;-10,57000;23.49%
2026-06-29 17:00:00;4032,44000;4025,58000;4031,28413;4028,85482;4031,70362;4041,84074;4065,24655;4068,28714;4048,52453;4022,62970;3997,65961;3983,95196;4010,03818;19,90789;18,53528;46,91229;2,84880;0,14310;DOWNTREND;;False;;0;8,13,21;HMA8:DOWN|HMA13:DOWN|HMA21:DOWN;0;3;False;True;8,13,21,116;;8,13,21,116;8,13,21,89;8,13,21,89,116;8,13,21;;8,13,21;;;False;DOWN;-2,53000;5.63%;DOWN;-11,98000;26.63%;DOWN;-9,83000;21.85%
2026-06-29 18:00:00;4025,60000;4026,87000;4026,85739;4026,28269;4028,19386;4037,54691;4061,27761;4067,42207;4049,27914;4023,81620;3998,35195;3984,06810;4008,91131;19,45589;19,78625;45,85428;1,91117;0,09823;DOWNTREND;;False;;0;8,13,21;HMA8:DOWN|HMA13:DOWN|HMA21:DOWN;0;3;False;True;8,13,21,116;;8,13,21,116;8,13,21,89;8,13,21,89,116;8,13,21;8,13;;8,13;;True;DOWN;-3,56000;7.92%;DOWN;-10,28000;22.84%;DOWN;-9,96000;22.13%
2026-06-29 19:00:00;4026,88000;4023,79000;4022,90041;4023,71098;4024,59545;4033,32532;4057,12488;4066,31054;4049,80258;4024,88277;3998,97006;3984,14527;4007,76539;18,77333;20,94786;45,33153;1,69504;0,09029;DOWNTREND;;False;;0;8,13,21;HMA8:DOWN|HMA13:DOWN|HMA21:DOWN;0;3;False;True;8,13,21,116,144;;8,13,21,116,144;8,13,21,89;8,13,21,89,116,144;8,13,21;;8,13,21,144;;144;False;DOWN;-8,87000;19.7%;DOWN;-8,56000;19.01%;DOWN;-10,53000;23.4%
2026-06-29 20:00:00;4023,85000;4020,89000;4019,94285;4020,82062;4021,29077;4029,17585;4052,78246;4064,98603;4050,10845;4025,82584;3999,51808;3984,18227;4006,60144;18,33952;21,71035;49,18246;1,34792;0,07350;DOWNTREND;;False;;0;8,13,21;HMA8:DOWN|HMA13:DOWN|HMA21:DOWN;0;3;False;True;8,13,21,116,144;;8,13,21,116,144;8,13,21,89;8,13,21,89,116,144;8,13,21;;8,13,21;;;False;DOWN;-11,97000;26.61%;DOWN;-7,74000;17.21%;DOWN;-11,17000;24.81%
2026-06-29 21:00:00;4020,90000;4013,33000;4015,93348;4016,62409;4017,88828;4024,94671;4048,16257;4063,39683;4050,16651;4026,61176;3999,97499;3984,16503;4005,41152;17,97670;22,76658;48,51741;1,95479;0,10874;DOWNTREND;;False;;0;8,13,21;HMA8:DOWN|HMA13:DOWN|HMA21:DOWN;0;3;False;True;8,13,21,116,144;;8,13,21,116,144;8,13,21,89;8,13,21,89,116,144;8,13,21;;8,13,21;;;False;DOWN;-12,05000;26.78%;DOWN;-9,13000;20.3%;DOWN;-11,69000;25.98%
2026-06-29 22:00:00;4013,34000;4015,86000;4013,29683;4013,48839;4014,96001;4020,97542;4043,49337;4061,61395;4050,03184;4027,27880;4000,36865;3984,11391;4004,20416;17,70193;24,04110;47,89549;1,66318;0,09395;DOWNTREND;;False;;0;8,13,21;HMA8:DOWN|HMA13:DOWN|HMA21:DOWN;0;3;False;True;8,13,21,116,144;;8,13,21,116,144;8,13,21,89;8,13,21,89,116,144;8,13,21;8,13,21;;8,13,21;;True;DOWN;-10,84000;24.09%;DOWN;-9,79000;21.76%;DOWN;-11,42000;25.37%
2026-06-29 23:00:00;4015,82000;4016,22000;4012,92152;4011,81817;4012,56938;4017,39055;4038,94954;4059,68000;4049,72402;4027,85029;4000,71834;3984,03831;4002,98460;16,81108;25,22458;46,95274;1,10334;0,06563;DOWNTREND;;False;;0;8,13,21;HMA8:DOWN|HMA13:DOWN|HMA21:DOWN;0;3;False;True;8,13,21,116,144;;8,13,21,116,144;8,13,21,89;8,13,21,89,116,144;8,13,21;;;;;False;DOWN;-8,44000;18.76%;DOWN;-9,59000;21.3%;DOWN;-11,16000;24.8%
2026-06-30 01:00:00;4017,92000;4014,11000;4012,82335;4010,87891;4010,54011;4014,20998;4034,57161;4057,60106;4049,24468;4028,32241;4001,03089;3983,93994;4001,75354;16,50815;25,86050;48,04836;2,28324;0,13831;DOWNTREND;;False;;0;8,13,21;HMA8:DOWN|HMA13:DOWN|HMA21:DOWN;0;3;False;True;8,13,21,34,116,144;;8,13,21,34,116,144;8,13,21,89;8,13,21,34,89,116,144;8,13,21,34;;34;;34;False;DOWN;-6,15000;13.67%;DOWN;-8,84000;19.64%;DOWN;-10,52000;23.37%
2026-06-30 02:00:00;4014,61000;4014,83000;4013,41611;4010,55072;4009,09835;4011,52184;4030,43187;4055,43255;4048,62545;4028,70404;4001,32103;3983,83174;4000,51682;15,97185;26,43984;52,87114;4,31776;0,27034;DOWNTREND;;False;;0;8,13,21;HMA8:UP|HMA13:DOWN|HMA21:DOWN;1;2;False;True;8,13,21,34,116,144;;8,13,21,34,116,144;8,13,21,89;8,13,21,34,89,116,144;8,13,21,34;;;;;False;UP;-2,26000;5.01%;DOWN;-7,82000;17.38%;DOWN;-10,28000;22.84%
2026-06-30 03:00:00;4014,80000;3987,04000;4003,32857;4004,90488;4005,26257;4007,82394;4025,82708;4052,83135;4047,63769;4028,82779;4001,46914;3983,63480;3999,23520;17,33958;28,36625;43,10284;1,93399;0,11154;DOWNTREND;ADVANCE_HMA377;False;;0;8,13,21;HMA8:DOWN|HMA13:DOWN|HMA21:DOWN;0;3;False;True;8,13,21,34,144,188,377;;8,13,21,34,144,188,377;8,13,21,89;8,13,21,34,89,116,144,188,377;8,13,21,34,377;;8,13,21,34,188,377;;188,377;False;DOWN;-8,18000;18.17%;DOWN;-8,70000;19.33%;DOWN;-9,77000;21.71%
2026-06-30 04:00:00;3987,26000;3969,40000;3983,99976;3993,26440;3998,17250;4002,53793;4020,45131;4049,61843;4046,16533;4028,61156;4001,41375;3983,30639;3997,88693;19,30818;31,03375;32,36009;14,17274;0,73403;DOWNTREND;;False;;0;8,13,21;HMA8:DOWN|HMA13:DOWN|HMA21:DOWN;0;3;False;True;8,13,21,34,144,188,233,377;;8,13,21,34,144,188,233,377;8,13,21,89;8,13,21,34,89,116,144,188,233,377;8,13,21,34,233,377;;8,233;;233;False;DOWN;-20,53000;45.62%;DOWN;-11,40000;25.33%;DOWN;-9,85000;21.89%
2026-06-30 05:00:00;3969,33000;3962,97000;3965,58485;3978,45351;3988,71219;3995,96265;4014,38544;4045,80371;4044,21488;4028,05709;4001,15129;3982,84091;3996,46978;19,42688;33,51072;33,26413;23,12734;1,19048;DOWNTREND;;False;;0;8,13,21;HMA8:DOWN|HMA13:DOWN|HMA21:DOWN;0;3;False;True;8,13,21,34,144,188,233,377;;8,13,21,34,144,188,233,377;8,13,21,89;8,13,21,34,89,116,144,188,233,377;8,13,21,34,233,377;;8;;;False;DOWN;-31,30000;69.55%;DOWN;-16,73000;37.18%;DOWN;-11,49000;25.53%
2026-06-30 06:00:00;3962,93000;3969,77000;3956,91463;3966,58189;3979,35028;3989,13034;4008,03054;4041,58185;4041,92012;4027,24947;4000,74141;3982,27656;3995,00403;18,82210;35,81076;32,92651;22,43565;1,19198;DOWNTREND;;False;;0;8,13,21;HMA8:DOWN|HMA13:DOWN|HMA21:DOWN;0;3;False;True;8,13,21,34,144,188,233,377;;8,13,21,34,144,188,233,377;8,13,21,89;8,13,21,34,89,116,144,188,233,377;8,13,21,34,233,377;8,13;;8,13;;True;DOWN;-36,89000;81.97%;DOWN;-21,83000;48.51%;DOWN;-13,52000;30.04%
2026-06-30 07:00:00;3969,77000;3985,49000;3963,68352;3962,41304;3973,10059;3983,34947;4001,99197;4037,24624;4039,48774;4026,31962;4000,27729;3981,67841;3993,52236;19,60624;35,69670;39,93089;10,68754;0,54511;DOWNTREND;;False;;0;8,13,21;HMA8:UP|HMA13:DOWN|HMA21:DOWN;1;2;False;True;8,13,21,34,144,188,233,377;;8,13,21,34,144,188,233,377;8,13,21,34,89,233;8,13,21,34,89,116,144,188,233,377;8,13,21,34,233,377;21,34,233;;21,34,233;;True;UP;-26,82000;59.59%;DOWN;-22,39000;49.76%;DOWN;-13,81000;30.69%
2026-06-30 08:00:00;3985,51000;3977,90000;3972,80133;3962,42951;3968,91471;3978,43585;3996,18130;4032,74845;4036,89429;4025,24060;3999,73700;3981,03384;3992,01714;19,32865;35,59080;38,54425;10,37182;0,53660;DOWNTREND;;False;;0;8,13,21;HMA8:UP|HMA13:UP|HMA21:DOWN;2;1;True;False;8,13,21,34,144,188,233,377;;8,13,21,34,144,188,233,377;8,13,21,34,89,233;8,13,21,34,89,116,144,188,233,377;8,13,21,34,233,377;;34,233;;;False;UP;-8,24000;18.31%;UP;-22,54000;50.08%;DOWN;-14,22000;31.6%
2026-06-30 09:00:00;3977,89000;4029,56000;3998,33520;3976,42872;3971,95667;3977,28541;3992,11658;4028,84556;4034,66005;4024,36313;3999,36891;3980,51862;3990,57453;21,95875;33,11814;43,68944;26,37853;1,20128;UPTREND;REVERSAL_TO_HMA89;False;;0;8;HMA8:UP|HMA13:UP|HMA21:UP;3;0;True;False;;;;8,34,55,89,144,188,233,377;;8;8,34,55,89,144,188,233,377;;8,34,55,89,144,188,233,377;;False;UP;20,45000;45.44%;UP;-12,20000;27.1%;UP;-11,08000;24.62%
2026-06-30 10:00:00;4029,70000;4032,18000;4025,31356;3997,20803;3979,92510;3979,17516;3989,75097;4025,54535;4032,79763;4023,69530;3999,17880;3980,13740;3989,19857;21,17598;30,85294;43,55679;45,38845;2,14339;UPTREND;;False;;0;8;HMA8:UP|HMA13:UP|HMA21:UP;3;0;True;False;;;;8,34,55,89,144,188,233,377;;8;;;;;False;UP;38,92000;86.49%;UP;1,78000;3.95%;UP;-8,76000;19.47%
2026-06-30 11:00:00;4032,10000;4015,57000;4034,10226;4014,73264;3988,78438;3982,22301;3988,40961;4022,59792;4031,13903;4023,11874;3999,08476;3979,83274;3987,86287;21,37127;29,02313;43,81103;45,31788;2,12051;UPTREND;;False;;0;8;HMA8:UP|HMA13:UP|HMA21:UP;3;0;True;False;;;;8,34,55,89,144,188,233,377;8,89,116,144;8;;8,89,116,144;;8,89,116,144;True;UP;39,48000;87.73%;UP;15,80000;35.11%;UP;-5,81000;12.92%
2026-06-30 12:00:00;4015,51000;4023,88000;4035,41054;4026,74378;3998,48959;3986,26496;3988,08875;4020,11999;4029,76029;4022,68320;3999,12198;3979,63018;3986,58292;20,66403;27,38551;43,58631;36,92095;1,78673;UPTREND;;False;;0;8;HMA8:UP|HMA13:UP|HMA21:UP;3;0;True;False;13,89,144;13,89,144;;8,13,34,55,89,144,188,233,377;8,89,116,144;8,13;13,89,144;;13,89,144;;False;UP;37,14000;82.54%;UP;25,88000;57.52%;UP;-2,94000;6.53%
2026-06-30 13:00:00;4023,88000;4029,84000;4033,75202;4034,86271;4008,31584;3991,11537;3988,67131;4018,13832;4028,70602;4022,41797;3999,31195;3979,54545;3985,36885;19,88660;25,46354;43,03457;26,54687;1,33491;UPTREND;ADVANCE_HMA116;False;;0;8;HMA8:DOWN|HMA13:UP|HMA21:UP;2;1;True;False;13,116,144;13,116,144;;8,13,34,55,89,116,144,188,233,377;8,89,116,144;8,13;13,116;;116;;False;DOWN;24,00000;53.33%;UP;31,27000;69.48%;UP;0,88000;1.95%
2026-06-30 14:00:00;4029,84000;4033,90000;4033,44531;4040,74035;4018,22118;3996,33664;3990,00818;4016,61866;4027,96961;4022,33666;3999,66576;3979,58589;3984,22655;19,31113;23,92455;43,86857;22,51918;1,16612;UPTREND;;False;;0;8;HMA8:DOWN|HMA13:UP|HMA21:UP;2;1;True;False;8,13,116,144;8,13,116,144;;8,13,34,55,89,116,144,188,233,377;8,89,116,144;8,13;8;;;;False;DOWN;6,01000;13.35%;UP;34,05000;75.67%;UP;5,93000;13.17%
2026-06-30 15:00:00;4033,90000;4010,17000;4026,33885;4037,77853;4024,90810;4000,50552;3991,25950;4015,14635;4027,26469;4022,27548;4000,06645;3979,66945;3983,11766;19,77605;22,80552;45,48943;12,87044;0,65081;DOWNTREND;REVERSAL_TO_HMA89;False;;2;8,21;HMA8:DOWN|HMA13:DOWN|HMA21:UP;1;2;False;True;;;;;8,21,89,116,144;8,89,116,144;;8,21,89,116,144;;8,21,89,116,144;False;DOWN;-5,61000;12.46%;DOWN;27,34000;60.76%;UP;10,37000;23.05%
2026-06-30 16:00:00;4009,77000;4029,46000;4023,74856;4034,36371;4030,36445;4004,94108;3992,81405;4013,93672;4026,72392;4022,34229;4000,60034;3979,85824;3982,07398;20,07490;21,76643;47,23982;10,61515;0,52878;DOWNTREND;;False;;1;8,21;HMA8:DOWN|HMA13:DOWN|HMA21:UP;1;2;False;True;;;;8,21,89,116,144;8,21,89,116,144;8,89,116,144;8,21,89,116,144;;8,21,89,116,144;;False;DOWN;-8,26000;18.36%;DOWN;17,14000;38.1%;UP;14,26000;31.68%
2026-06-30 17:00:00;4029,46000;4037,36000;4028,71567;4033,81089;4035,04938;4009,87405;3994,84290;4013,04278;4026,36066;4022,55175;4001,28477;3980,17239;3981,10709;21,36312;21,13212;38,53273;6,33372;0,29648;DOWNTREND;;False;;0;8,21;HMA8:UP|HMA13:DOWN|HMA21:UP;2;1;True;False;;;;8,13,21,89,116,144;8,21,89,116,144;8,21,89,116,144;13,21;;13,21;;False;UP;-3,37000;7.5%;DOWN;8,47000;18.81%;UP;16,17000;35.94%
2026-06-30 18:00:00;4037,34000;4029,25000;4031,32759;4033,90341;4037,93175;4014,64547;3997,07275;4012,27656;4026,04023;4022,80928;4002,05239;3980,57991;3980,20180;21,07219;20,37045;38,50306;6,60416;0,31341;DOWNTREND;;False;;0;8,21;HMA8:UP|HMA13:UP|HMA21:UP;3;0;True;False;8,13,21;;8,13,21;8,13,21,89,116,144;8,13,21,89,116,144;8,21,89,116,144;;8,13,21;;13,21;False;UP;-1,44000;3.2%;UP;3,24000;7.2%;UP;18,14000;40.3%
2026-06-30 19:00:00;4029,25000;4026,08000;4031,29319;4032,50888;4038,87091;4019,07375;3999,34514;4011,60207;4025,68052;4023,06475;4002,86331;3981,06065;3979,35157;20,13632;19,66319;39,65859;7,57773;0,37632;DOWNTREND;;False;;0;8,21;HMA8:DOWN|HMA13:DOWN|HMA21:UP;1;2;False;True;8,13,21;;8,13,21;8,13,21,89,116,144;8,13,21,89,116,144;8,21,89,116,144;;;;;False;DOWN;3,52000;7.82%;DOWN;-1,12000;2.48%;UP;18,38000;40.85%
2026-06-30 20:00:00;4026,05000;4030,73000;4030,79554;4031,41799;4038,77303;4023,50800;4001,76995;4011,09152;4025,32541;4023,32684;4003,71524;3981,61707;3978,56236;19,51229;18,69398;42,75841;7,97749;0,40884;DOWNTREND;;False;;0;8,21;HMA8:DOWN|HMA13:DOWN|HMA21:DOWN;0;3;False;True;8,13,21;;8,13,21;8,13,21,89,116,144;8,13,21,89,116,144;8,21,89,116,144;;;;;False;DOWN;5,16000;11.46%;DOWN;-4,55000;10.12%;DOWN;16,78000;37.3%
2026-06-30 21:00:00;4030,76000;4028,46000;4029,31324;4031,03982;4037,96627;4027,45868;4004,25885;4010,69129;4024,95215;4023,55495;4004,57855;3982,22701;3977,82861;18,51642;17,88443;42,39598;8,65303;0,46732;DOWNTREND;;False;;0;8,21;HMA8:DOWN|HMA13:DOWN|HMA21:DOWN;0;3;False;True;8,13,21;;8,13,21;8,13,21,89,116,144;8,13,21,89,116,144;8,21,89,116,144;;8;;;False;DOWN;0,46000;1.03%;DOWN;-3,47000;7.71%;DOWN;14,88000;33.06%
2026-06-30 22:00:00;4028,36000;4015,86000;4023,68030;4027,80553;4035,48850;4030,07586;4006,46828;4010,23311;4024,43585;4023,67574;4005,37628;3982,83726;3977,12853;18,24739;16,89432;43,46887;11,80820;0,64712;DOWNTREND;ADVANCE_HMA13;False;;0;8,21;HMA8:DOWN|HMA13:DOWN|HMA21:DOWN;0;3;False;True;8,13,21,34,116,144;;8,13,21,34,116,144;8,13,21,89,116,144;8,13,21,34,89,116,144;8,13,21,89,116,144;;8,13,34,116,144;;13,34;False;DOWN;-5,98000;13.29%;DOWN;-3,43000;7.62%;DOWN;11,46000;25.47%
2026-06-30 23:00:00;4015,72000;4007,11000;4014,28213;4021,04418;4031,06483;4031,01426;4008,13758;4009,62063;4023,70888;4023,64745;4006,07017;3983,41313;3976,44521;17,99114;16,42075;52,49661;16,78270;0,93283;DOWNTREND;;False;;0;8,21;HMA8:DOWN|HMA13:DOWN|HMA21:DOWN;0;3;False;True;8,13,21,34,55,89,116,144;;8,13,21,34,55,89,116,144;8,13,21,89,116,144;8,13,21,34,55,89,116,144;8,13,21,89,116,144;;8,55,89;;55;False;DOWN;-13,30000;29.55%;DOWN;-6,74000;14.99%;DOWN;7,21000;16.01%
2026-07-01 01:00:00;4011,68000;4013,02000;4008,67352;4014,88584;4026,15637;4030,84149;4009,51946;4008,97362;4022,85396;4023,51784;4006,69332;3983,96749;3975,78447;17,47963;15,98101;52,46829;17,48285;1,00018;DOWNTREND;;False;;0;8,21;HMA8:DOWN|HMA13:DOWN|HMA21:DOWN;0;3;False;True;8,13,21,34,55,89,116,144;;8,13,21,34,55,89,116,144;8,13,21,89,116,144;8,13,21,34,55,89,116,144;8,13,21,89,116,144;8;;8;;True;DOWN;-17,56000;39.02%;DOWN;-10,28000;22.84%;DOWN;2,60000;5.78%
2026-07-01 02:00:00;4013,10000;4005,69000;4004,67294;4009,19418;4020,71581;4029,35923;4010,50534;4008,19206;4021,83194;4023,25150;4007,21176;3984,48037;3975,13021;17,15895;15,88713;49,87793;16,04287;0,93496;DOWNTREND;ADVANCE_HMA188;False;;0;8,21;HMA8:DOWN|HMA13:DOWN|HMA21:DOWN;0;3;False;True;8,13,21,55,89,116,144,188;;8,13,21,55,89,116,144,188;8,13,21,89,116,144;8,13,21,34,55,89,116,144,188;8,13,21,89,116,144;;8,13,55,89,188;;55,188;False;DOWN;-19,75000;43.88%;DOWN;-12,76000;28.36%;DOWN;-1,40000;3.11%
2026-07-01 03:00:00;4005,71000;3996,67000;3999,26426;4002,75581;4014,35333;4026,41519;4010,93467;4007,19232;4020,57493;4022,80842;4007,59104;3984,92854;3974,46496;17,10831;16,41996;43,55809;15,08907;0,88197;DOWNTREND;;False;;0;8,21;HMA8:DOWN|HMA13:DOWN|HMA21:DOWN;0;3;False;True;8,13,21,55,89,116,144,188;;8,13,21,55,89,116,144,188;8,13,21,89,116,144;8,13,21,34,55,89,116,144,188;8,13,21,89,116,144;;8,13;;;False;DOWN;-19,64000;43.63%;DOWN;-15,60000;34.67%;DOWN;-5,35000;11.88%
2026-07-01 04:00:00;3996,67000;3977,76000;3988,01463;3992,72642;4005,83626;4021,63034;4010,41903;4005,78882;4018,94907;4022,09353;4007,75803;3985,25545;3973,75742;17,71986;17,72566;37,00761;17,82163;1,00574;DOWNTREND;;False;;0;8,21;HMA8:DOWN|HMA13:DOWN|HMA21:DOWN;0;3;False;True;8,13,21,55,89,116,144,188,233;;8,13,21,55,89,116,144,188,233;8,13,21,89,116,144;8,13,21,34,55,89,116,144,188,233;8,13,21,89,116,144;;8,13,233;;233;False;DOWN;-20,33000;45.19%;DOWN;-19,82000;44.04%;DOWN;-9,36000;20.8%
2026-07-01 05:00:00;3977,81000;3979,16000;3977,65852;3983,00725;3996,66623;4015,82372;4009,22648;4004,08979;4017,03762;4021,13841;4007,74135;3985,47602;3973,00955;17,57915;19,07778;36,08296;19,00771;1,08126;DOWNTREND;;False;;0;8,21;HMA8:DOWN|HMA13:DOWN|HMA21:DOWN;0;3;False;True;8,13,21,55,89,116,144,188,233;;8,13,21,55,89,116,144,188,233;8,13,21,89,116,144;8,13,21,34,55,89,116,144,188,233;8,13,21,89,116,144;8;;8;;True;DOWN;-23,80000;52.89%;DOWN;-23,01000;51.14%;DOWN;-13,21000;29.36%
2026-07-01 06:00:00;3979,04000;3980,49000;3973,15326;3975,88337;3988,15621;4009,53394;4007,60124;4002,18738;4014,91482;4019,98144;4007,55903;3985,60546;3972,22754;17,05636;20,25776;33,55630;15,00295;0,87961;DOWNTREND;;False;;0;8,21;HMA8:DOWN|HMA13:DOWN|HMA21:DOWN;0;3;False;True;8,13,21,55,89,116,144,188,233;;8,13,21,55,89,116,144,188,233;8,13,21,89,116,144;8,13,21,34,55,89,116,144,188,233;8,13,21,89,116,144;13;;13;;True;DOWN;-24,80000;55.1%;DOWN;-23,81000;52.91%;DOWN;-16,56000;36.8%
2026-07-01 07:00:00;3980,66000;3976,57000;3971,64572;3970,96147;3980,66803;4003,02975;4005,58958;4000,10828;4012,60181;4018,63112;4007,21092;3985,64170;3971,40918;16,57233;21,52533;31,18661;9,70655;0,58571;DOWNTREND;;False;;0;8,21;HMA8:DOWN|HMA13:DOWN|HMA21:DOWN;0;3;False;True;8,13,21,55,89,116,144,188,233;;8,13,21,55,89,116,144,188,233;8,13,21,89,116,144;8,13,21,34,55,89,116,144,188,233;8,13,21,89,116,144;;;;;False;DOWN;-22,62000;50.26%;DOWN;-23,83000;52.96%;DOWN;-19,32000;42.94%
2026-07-01 08:00:00;3976,50000;3973,94000;3971,55843;3967,60415;3974,45867;3996,59665;4003,21972;3997,90154;4010,13983;4017,10151;4006,70749;3985,58277;3970,55330;16,03074;22,81025;36,63500;6,85452;0,42759;DOWNTREND;;False;;0;8,21;HMA8:DOWN|HMA13:DOWN|HMA21:DOWN;0;3;False;True;8,13,21,55,89,116,144,188,233;;8,13,21,55,89,116,144,188,233;8,13,21,89,116,144;8,13,21,34,55,89,116,144,188,233;8,13,21,89,116,144;;21;;21;False;DOWN;-14,39000;31.99%;DOWN;-23,38000;51.96%;DOWN;-21,61000;48.03%
2026-07-01 09:00:00;3973,84000;3971,74000;3970,98848;3965,59501;3969,34398;3990,43369;4000,54545;3995,60686;4007,57074;4015,40531;4006,05995;3985,43301;3969,66026;15,89854;24,27278;35,40103;5,39347;0,33924;DOWNTREND;;False;;0;8,21;HMA8:DOWN|HMA13:DOWN|HMA21:DOWN;0;3;False;True;8,13,21,55,89,116,144,188,233;;8,13,21,55,89,116,144,188,233;8,13,21,89,116,144;8,13,21,34,55,89,116,144,188,233;8,13,21,89,116,144;;21;;;False;DOWN;-5,99000;13.31%;DOWN;-21,28000;47.3%;DOWN;-22,59000;50.2%
2026-07-01 10:00:00;3971,65000;3976,03000;3971,81970;3966,16416;3965,86682;3984,79875;3997,76964;3993,33415;4004,98224;4013,60114;4005,30849;3985,22019;3968,74145;16,07293;25,75991;35,87792;5,95288;0,37037;UPTREND;REVERSAL_TO_HMA8;False;;0;8;HMA8:UP|HMA13:UP|HMA21:DOWN;2;1;True;False;;;;8;;8;8;;8;;False;UP;-1,19000;2.64%;UP;-15,40000;34.22%;DOWN;-22,08000;49.07%
2026-07-01 11:00:00;3975,72000;3974,51000;3973,04952;3967,64018;3963,69681;3979,67703;3994,90043;3991,10995;4002,39189;4011,70792;4004,46635;3984,95110;3967,79882;15,99415;26,51689;36,58285;9,35271;0,58476;UPTREND;;False;;0;8;HMA8:UP|HMA13:UP|HMA21:DOWN;2;1;True;False;;;;8;;8;;;;;False;UP;1,26000;2.79%;UP;-9,10000;20.22%;DOWN;-21,33000;47.4%
2026-07-01 12:00:00;3974,50000;3984,37000;3977,67152;3971,39410;3963,84929;3975,73573;3992,21235;3989,10715;3999,92914;4009,81033;4003,59703;3984,66819;3966,85060;15,78742;27,05508;40,34775;13,82223;0,87552;UPTREND;ADVANCE_HMA34;False;;0;8;HMA8:UP|HMA13:UP|HMA21:UP;3;0;True;False;34;34;;8,34;;8;8,34;;34;;False;UP;5,53000;12.29%;UP;-2,71000;6.03%;UP;-19,81000;44.02%
2026-07-01 13:00:00;3984,46000;3998,33000;3988,23356;3978,95893;3967,26416;3973,62691;3990,03940;3987,52100;3997,74575;4008,01076;4002,77475;3984,42577;3965,92224;15,90189;26,34293;45,70071;20,96940;1,31867;UPTREND;ADVANCE_HMA116;False;;0;8;HMA8:UP|HMA13:UP|HMA21:UP;3;0;True;False;8,55,89,116,233;8,55,89,116,233;;8,34,55,89,116,233;;8;8,55,89,116,233;;55,89,116,233;;False;UP;15,17000;33.71%;UP;4,79000;10.65%;UP;-16,50000;36.66%
2026-07-01 14:00:00;3998,30000;4030,40000;4010,01261;3994,74653;3976,26420;3974,75472;3989,21318;3986,73773;3996,13111;4006,52017;4002,14657;3984,33190;3965,06722;17,45747;25,60575;41,68245;33,74841;1,93318;UPTREND;;False;;0;8;HMA8:UP|HMA13:UP|HMA21:UP;3;0;True;False;8,55,89,116,144,188,233;8,55,89,116,144,188,233;;8,34,55,89,116,144,188,233;;8;8,144,188;;144,188;;False;UP;28,68000;63.72%;UP;14,53000;32.28%;UP;-9,61000;21.37%
2026-07-01 15:00:00;4030,59000;4022,78000;4027,11276;4011,04454;3987,51797;3977,90089;3989,32972;3986,55445;3994,95473;4005,27495;4001,66992;3984,35660;3964,27217;17,23122;24,92123;42,25596;39,59479;2,29785;UPTREND;;False;;0;8;HMA8:UP|HMA13:UP|HMA21:UP;3;0;True;False;8,55,89,116,144,188,233;8,55,89,116,144,188,233;;8,34,55,89,116,144,188,233;8;8;;8;;8;True;UP;38,11000;84.69%;UP;23,73000;52.73%;UP;-3,04000;6.75%
2026-07-01 16:00:00;4022,74000;4089,71000;4059,78300;4038,46007;4006,38074;3986,13304;3991,98787;3987,77716;3994,78556;4004,68390;4001,63849;3984,70871;3963,64228;22,78971;26,66949;28,33391;53,40226;2,34326;UPTREND;;False;;0;8;HMA8:UP|HMA13:UP|HMA21:UP;3;0;True;False;8,13,55,89,116,144,188,233;8,13,55,89,116,144,188,233;;8,13,34,55,89,116,144,188,233;8;8,13;8,13;;13;;False;UP;42,01000;93.36%;UP;27,87000;61.92%;UP;4,57000;10.16%
2026-07-01 17:00:00;4090,24000;4093,33000;4092,04626;4068,34426;4029,20158;3998,00747;3996,76148;3990,24352;3995,53665;4004,70556;4002,03049;3985,37694;3963,17661;23,49473;28,44573;28,34227;62,84468;2,67484;UPTREND;;False;;0;8;HMA8:UP|HMA13:UP|HMA21:UP;3;0;True;False;8,13,55,89,116,144,188,233;8,13,55,89,116,144,188,233;;8,13,34,55,89,116,144,188,233;8;8,13;8;;;;False;UP;47,85000;100%;UP;35,54000;78.98%;UP;11,67000;25.94%
2026-07-01 18:00:00;4093,39000;4081,00000;4103,89165;4091,81413;4051,20070;4011,31608;4002,81028;3993,57270;3996,96836;4005,19572;4002,74674;3986,29878;3962,84856;23,08582;29,71411;27,42018;52,69095;2,28239;UPTREND;;False;;0;8;HMA8:UP|HMA13:UP|HMA21:UP;3;0;True;False;8,13,55,89,116,144,188,233;8,13,55,89,116,144,188,233;;8,13,34,55,89,116,144,188,233;8,13;8,13;;8,13;;8,13;True;UP;45,47000;100%;UP;41,00000;91.12%;UP;18,39000;40.86%
2026-07-01 19:00:00;4081,00000;4071,19000;4099,57343;4102,65435;4069,58013;4024,43959;4009,42910;3997,44231;3998,87942;4006,03639;4003,70456;3987,42014;3962,63584;22,71183;30,49970;27,66749;33,07422;1,45626;UPTREND;;False;;0;8;HMA8:DOWN|HMA13:UP|HMA21:UP;2;1;True;False;8,13,55,89,116,144,188,233;8,13,55,89,116,144,188,233;;8,13,34,55,89,116,144,188,233;8,13;8,13;;;;;False;DOWN;38,58000;85.72%;UP;42,23000;93.85%;UP;23,81000;52.92%
2026-07-01 20:00:00;4071,58000;4068,11000;4085,11381;4103,21232;4082,60998;4036,67038;4016,15686;4001,64714;4001,13829;4007,15825;4004,85686;3988,70704;3962,52723;21,53242;31,02872;27,18790;20,60234;0,95681;UPTREND;;False;;0;8;HMA8:DOWN|HMA13:UP|HMA21:UP;2;1;True;False;8,13,55,89,116,144,188,233;8,13,55,89,116,144,188,233;;8,13,34,55,89,116,144,188,233;8,13,21;8,13;;21;;21;True;DOWN;16,39000;36.42%;UP;40,02000;88.92%;UP;28,47000;63.26%
2026-07-01 21:00:00;4068,13000;4062,11000;4069,84850;4096,72304;4090,45307;4047,08543;4022,55909;4005,95225;4003,59630;4008,47511;4006,14541;3990,11778;3962,50770;20,91153;30,92483;27,49101;26,87454;1,28515;UPTREND;;False;;0;8;HMA8:DOWN|HMA13:DOWN|HMA21:UP;1;2;False;True;8,13,55,89,116,144,188,233;8,13,55,89,116,144,188,233;;8,13,34,55,89,116,144,188,233;8,13,21;8,13;;;;;False;DOWN;-14,86000;33.03%;DOWN;34,33000;76.28%;UP;31,22000;69.38%
2026-07-01 22:00:00;4062,06000;4038,70000;4051,96959;4080,89956;4091,64648;4054,61409;4027,91178;4009,92125;4005,95390;4009,79469;4007,43443;3991,55579;3962,53444;21,82999;29,55118;30,30612;39,67688;1,81754;DOWNTREND;REVERSAL_TO_HMA8;False;;0;8;HMA8:DOWN|HMA13:DOWN|HMA21:UP;1;2;False;True;;;;;8,34;8;;8,34;;8,34;False;DOWN;-30,74000;68.3%;DOWN;17,95000;39.9%;UP;30,35000;67.43%
2026-07-01 23:00:00;4038,93000;4031,42000;4035,24354;4061,18366;4087,12149;4059,49508;4032,00248;4013,40038;4008,09642;4011,04232;4008,67000;3992,98179;3962,59181;21,05999;27,98879;29,96187;51,87795;2,46334;DOWNTREND;ADVANCE_HMA55;False;;0;8;HMA8:DOWN|HMA13:DOWN|HMA21:DOWN;0;3;False;True;55;;55;;8,34,55;8;;8,55;;55;False;DOWN;-37,37000;83.04%;DOWN;-3,24000;7.21%;DOWN;29,65000;65.88%
2026-07-02 01:00:00;4036,04000;4045,05000;4030,72500;4046,33061;4080,14945;4063,07890;4035,46597;4016,57851;4010,12096;4012,27764;4009,89662;3994,42529;3962,69686;20,53785;26,77006;31,81344;49,42445;2,40651;DOWNTREND;;False;;0;8;HMA8:DOWN|HMA13:DOWN|HMA21:DOWN;0;3;False;True;55;;55;;8,34,55;8;;;;;False;DOWN;-33,51000;74.46%;DOWN;-20,26000;45.02%;DOWN;26,83000;59.63%
2026-07-02 02:00:00;4044,82000;4035,04000;4029,95476;4035,95980;4071,04053;4065,08011;4038,24474;4019,28264;4011,91829;4013,40659;4011,04603;3995,83699;3962,82767;19,90800;25,63839;32,35831;41,08577;2,06378;DOWNTREND;;False;;0;8;HMA8:DOWN|HMA13:DOWN|HMA21:DOWN;0;3;False;True;13,55;;13,55;;8,13,34,55;8,13;;13,55;;13,55;False;DOWN;-26,61000;59.13%;DOWN;-29,18000;64.84%;DOWN;22,76000;50.58%
2026-07-02 03:00:00;4035,05000;4051,71000;4037,33141;4033,18834;4062,89511;4066,79324;4040,98908;4021,80989;4013,63131;4014,51780;4012,17763;3997,25655;3963,00579;20,04529;24,92012;35,64344;29,70677;1,48198;DOWNTREND;;False;;0;8;HMA8:UP|HMA13:DOWN|HMA21:DOWN;1;2;False;True;13,55;;13,55;8,13,55;8,13,34,55;8,13;8,13,55;;8,13,55;;True;UP;-10,35000;22.99%;DOWN;-30,21000;67.13%;DOWN;15,74000;34.99%
2026-07-02 04:00:00;4051,87000;4050,12000;4046,29400;4034,84990;4056,21103;4068,19417;4043,71664;4024,18561;4015,27861;4015,59309;4013,26666;3998,66165;3963,22195;20,28277;24,90385;41,27642;21,36114;1,05317;DOWNTREND;;False;;0;8;HMA8:UP|HMA13:UP|HMA21:DOWN;2;1;True;False;13,55;;13,55;8,13,55;8,13,34,55;8,13;;;;;False;UP;7,76000;17.24%;UP;-26,95000;59.89%;DOWN;7,59000;16.86%
2026-07-02 05:00:00;4050,12000;4057,04000;4053,59380;4041,01996;4051,97399;4069,49569;4046,65223;4026,53662;4016,96372;4016,66214;4014,33768;4000,05922;3963,48048;20,23257;24,64873;44,43278;12,57383;0,62146;UPTREND;REVERSAL_TO_HMA8;False;;2;8,21;HMA8:UP|HMA13:UP|HMA21:DOWN;2;1;True;False;;;;8,21;;8;8,21;;8,21;;False;UP;15,78000;35.06%;UP;-18,19000;40.41%;DOWN;0,22000;0.49%
2026-07-02 06:00:00;4057,00000;4069,87000;4063,92283;4050,94018;4051,43973;4071,05518;4050,13058;4029,04875;4018,82311;4017,82249;4015,43677;4001,47665;3963,79433;20,11882;24,92042;44,92644;12,98266;0,64530;UPTREND;ADVANCE_HMA34;False;;1;8,21;HMA8:UP|HMA13:UP|HMA21:DOWN;2;1;True;False;34;34;;8,21,34;;8,34;8,34;;34;;False;UP;22,88000;50.85%;UP;-4,85000;10.78%;DOWN;-5,15000;11.45%
2026-07-02 07:00:00;4069,89000;4060,72000;4067,79626;4059,05656;4052,38643;4072,05429;4053,73848;4031,58296;4020,76606;4019,02732;4016,52921;4002,87539;3964,14060;19,56176;25,17272;40,52351;15,40983;0,78775;UPTREND;;False;;0;8,21;HMA8:UP|HMA13:UP|HMA21:UP;3;0;True;False;34;34;;8,21,34;8;8,34;;8;;8;False;UP;21,27000;47.27%;UP;6,19000;13.75%;UP;-8,78000;19.52%
2026-07-02 08:00:00;4060,69000;4066,05000;4068,91680;4065,47734;4054,88625;4072,57134;4057,46688;4034,22396;4022,84306;4020,31915;4017,64769;4004,26449;3964,52095;19,18306;24,90322;48,14702;14,03055;0,73140;UPTREND;;False;;0;8,21;HMA8:UP|HMA13:UP|HMA21:UP;3;0;True;False;13,34;13,34;;8,13,21,34;8;8,13,34;13;;13;;False;UP;16,43000;36.5%;UP;14,38000;31.96%;UP;-10,50000;23.34%
2026-07-02 09:00:00;4066,10000;4073,21000;4071,94230;4070,71788;4058,96343;4073,02440;4061,36572;4037,03679;4025,10979;4021,74397;4018,82771;4005,67204;3964,94019;18,80356;25,15953;51,26706;12,97887;0,69023;UPTREND;;False;;0;8,21;HMA8:UP|HMA13:UP|HMA21:UP;3;0;True;False;8,13,34;8,13,34;;8,13,21,34;8;8,13,34;8,13,34;;;;False;UP;13,71000;30.47%;UP;18,40000;40.89%;UP;-9,86000;21.91%
2026-07-02 10:00:00;4073,46000;4064,53000;4070,62748;4073,14162;4062,64069;4072,76659;4065,00129;4039,84420;4027,44697;4023,24204;4020,02754;4007,07387;3965,37854;18,51402;25,03747;56,62491;10,50094;0,56719;UPTREND;;False;;0;8,21;HMA8:DOWN|HMA13:UP|HMA21:UP;2;1;True;False;8,13,34;8,13,34;;8,13,21,34;8,13,34,55;8,13,34;;8,13,34,55;;8,13,34,55;True;DOWN;5,17000;11.5%;UP;19,02000;42.27%;UP;-7,53000;16.74%
2026-07-02 11:00:00;4064,14000;4076,05000;4072,51915;4075,40476;4066,92399;4072,74258;4068,60539;4042,77915;4029,92463;4024,88167;4021,29881;4008,50963;3965,85161;18,52373;25,11480;58,53637;8,48077;0,45783;UPTREND;;False;;0;8,21;HMA8:UP|HMA13:UP|HMA21:UP;3;0;True;False;8,13,21,34,55;8,13,21,34,55;;8,13,21,34,55;8,13,34,55;8,13,21,34,55;8,13,21,34,55;;21,55;;False;UP;3,65000;8.1%;UP;17,19000;38.2%;UP;-4,08000;9.08%
2026-07-02 12:00:00;4075,97000;4065,26000;4071,50913;4074,74468;4069,98026;4072,56362;4071,75195;4045,64329;4032,40846;4026,57189;4022,58759;4009,94296;3966,33796;18,13418;25,18660;58,57261;4,76442;0,26273;DOWNTREND;REVERSAL_TO_HMA21;False;;2;8,13,21;HMA8:DOWN|HMA13:DOWN|HMA21:UP;1;2;False;True;;;;;8,13,21,34,55;8,13,34;;8,13,21,34,55;;8,13,21,34,55;False;DOWN;2,05000;4.55%;DOWN;12,34000;27.42%;UP;-0,33000;0.74%
2026-07-02 13:00:00;4065,30000;4066,33000;4068,42226;4073,17306;4071,79146;4072,40283;4074,42367;4048,44111;4034,87715;4028,30094;4023,88943;4011,37758;3966,84173;17,34816;25,05834;54,12666;4,75080;0,27385;DOWNTREND;;False;;1;8,13,21;HMA8:DOWN|HMA13:DOWN|HMA21:UP;1;2;False;True;;;;;8,13,21,34,55;8,13,34;;;;;False;DOWN;-2,90000;6.45%;DOWN;7,72000;17.16%;UP;2,94000;6.52%
2026-07-02 14:00:00;4066,42000;4065,23000;4066,39998;4070,63996;4072,63034;4072,24805;4076,59677;4051,13117;4037,30409;4030,05007;4025,18734;4012,80869;3967,36383;17,16687;24,60044;56,37078;6,23036;0,36293;DOWNTREND;;False;;0;8,13,21;HMA8:DOWN|HMA13:DOWN|HMA21:UP;1;2;False;True;8;;8;;8,13,21,34,55;8,13,34;;8;;;False;DOWN;-3,52000;7.83%;DOWN;2,87000;6.38%;UP;5,46000;12.14%
2026-07-02 15:00:00;4065,24000;4117,47000;4084,65335;4079,44195;4078,20844;4075,07079;4079,65800;4054,40213;4040,15519;4032,13071;4026,71095;4014,39756;3967,98878;21,58066;26,54201;35,95349;6,44492;0,29864;UPTREND;REVERSAL_TO_HMA8;False;;2;8,13,21;HMA8:UP|HMA13:UP|HMA21:UP;3;0;True;False;;;;8,13,21,34,55;;8,13,21,34,55;8,13,21,34,55;;8,13,21,34,55;;False;UP;8,00000;17.78%;UP;3,85000;8.57%;UP;6,93000;15.4%
2026-07-02 16:00:00;4117,50000;4136,83000;4115,86357;4098,19694;4088,94466;4081,09983;4083,87367;4058,42880;4043,53681;4034,62128;4028,51779;4016,18560;3968,74328;22,50133;28,42574;37,61518;26,91891;1,19633;UPTREND;;False;;1;8,13,21;HMA8:UP|HMA13:UP|HMA21:UP;3;0;True;False;;;;8,13,21,34,55;;8,13,21,34,55;;;;;False;UP;26,23000;58.3%;UP;10,51000;23.36%;UP;9,46000;21.03%
2026-07-02 17:00:00;4136,62000;4128,52000;4137,13370;4117,64003;4101,50723;4088,83874;4088,71833;4062,96450;4047,28810;4037,41453;4030,53835;4018,12506;3969,60819;22,59338;30,17493;41,60557;35,62648;1,57685;UPTREND;;False;;0;8,13,21;HMA8:UP|HMA13:UP|HMA21:UP;3;0;True;False;;;;8,13,21,34,55;8;8,13,21,34,55;;8;;8;False;UP;37,25000;82.77%;UP;17,30000;38.46%;UP;12,27000;27.26%
2026-07-02 18:00:00;4128,63000;4128,40000;4145,37346;4132,65031;4113,82851;4097,30424;4093,92268;4067,89743;4051,32591;4040,46498;4032,74398;4020,19424;3970,57764;22,15814;31,79917;40,74988;31,54495;1,42363;UPTREND;;False;;0;8,13,21;HMA8:UP|HMA13:UP|HMA21:UP;3;0;True;False;;;;8,13,21,34,55;8,13;8,13,21,34,55;;13;;13;True;UP;41,70000;92.67%;UP;23,54000;52.3%;UP;14,90000;33.1%
2026-07-02 19:00:00;4128,93000;4118,07000;4138,73739;4139,85146;4122,97216;4105,11391;4099,02904;4072,99573;4055,48184;4043,67102;4035,06355;4022,34290;3971,62763;22,70684;32,19472;46,71629;16,87930;0,74336;UPTREND;;False;;0;8,13,21;HMA8:DOWN|HMA13:UP|HMA21:UP;2;1;True;False;;;;8,13,21,34,55;8,13,21;8,13,21,34,55;;21;;21;True;DOWN;30,77000;68.38%;UP;26,08000;57.95%;UP;15,74000;34.98%
2026-07-02 20:00:00;4117,98000;4106,75000;4122,82974;4138,51132;4127,98227;4110,99621;4103,55180;4078,02090;4059,60129;4046,92599;4037,43070;4024,52106;3972,73281;22,09278;32,56201;46,16040;15,68158;0,70981;DOWNTREND;REVERSAL_TO_HMA34;False;;0;;HMA8:DOWN|HMA13:DOWN|HMA21:UP;1;2;False;True;;;;;34;;;34;;34;False;DOWN;4,51000;10.02%;DOWN;27,11000;60.25%;UP;16,48000;36.61%
2026-07-02 21:00:00;4106,74000;4122,56000;4115,95980;4134,14230;4131,68824;4116,05520;4107,88439;4083,13007;4063,78476;4050,30433;4039,90317;4026,76952;3973,91317;22,01472;33,15093;47,21848;18,18250;0,82592;DOWNTREND;;False;;0;;HMA8:DOWN|HMA13:DOWN|HMA21:UP;1;2;False;True;;;;8,34,55;34;;8,34,55;;8,34,55;;True;DOWN;-13,52000;30.04%;DOWN;22,50000;49.99%;UP;16,39000;36.43%
2026-07-02 22:00:00;4122,91000;4121,21000;4115,84020;4129,11962;4134,27196;4120,42063;4111,86644;4088,20623;4067,98017;4053,76779;4042,45630;4029,07322;3975,15910;21,60367;33,69779;49,19424;18,43176;0,85318;DOWNTREND;;False;;0;;HMA8:DOWN|HMA13:DOWN|HMA21:UP;1;2;False;True;;;;8,34,55;34;;;;;;False;DOWN;-18,87000;41.93%;DOWN;13,42000;29.82%;UP;16,57000;36.83%
2026-07-02 23:00:00;4121,28000;4123,89000;4119,40622;4126,08587;4136,13324;4124,38242;4115,62366;4093,19620;4072,16539;4057,29940;4045,08587;4031,42832;3976,46874;20,68770;34,23196;48,58128;16,72702;0,80855;DOWNTREND;;False;;0;;HMA8:UP|HMA13:DOWN|HMA21:UP;2;1;True;False;;;;8,34,55;34;34;34;;34;;False;UP;-13,15000;29.22%;DOWN;3,89000;8.65%;UP;17,28000;38.39%
2026-07-03 01:00:00;4125,54000;4124,59000;4124,09857;4124,72958;4137,06945;4128,10237;4119,25768;4098,01255;4076,29556;4060,87488;4047,77406;4033,82483;3977,83679;19,60143;34,84331;47,43883;12,97087;0,66173;DOWNTREND;;False;;0;;HMA8:UP|HMA13:DOWN|HMA21:UP;2;1;True;False;13,34;;13,34;8,34,55;13,34;34;;13,34;;13,34;False;UP;0,93000;2.06%;DOWN;-3,85000;8.56%;UP;18,20000;40.44%
2026-07-03 02:00:00;4124,60000;4126,15000;4126,59274;4125,14741;4136,62207;4131,59369;4122,84023;4102,65548;4080,33485;4064,46914;4050,51090;4036,25695;3979,25982;18,98204;35,57125;46,46038;11,47466;0,60450;UPTREND;REVERSAL_TO_HMA13;False;;0;13;HMA8:UP|HMA13:UP|HMA21:DOWN;2;1;True;False;;;;8,13;;8,13;8,13;;8,13;;False;UP;7,97000;17.72%;UP;-7,36000;16.35%;DOWN;17,10000;38.01%
2026-07-03 03:00:00;4126,10000;4147,11000;4135,63561;4130,76029;4137,64046;4135,77998;4126,93028;4107,40376;4084,47503;4068,18018;4053,37048;4038,77891;3980,76620;19,62976;36,89172;45,40323;6,88018;0,35050;UPTREND;;False;;0;13;HMA8:UP|HMA13:UP|HMA21:UP;3;0;True;False;8,13,21,34,55;8,13,21,34,55;;8,13,21,34,55;;8,13,21,34,55;8,13,21,34,55;;21,34,55;;False;UP;14,15000;31.44%;UP;-3,77000;8.37%;UP;13,93000;30.96%
2026-07-03 04:00:00;4147,12000;4182,20000;4158,86324;4145,63601;4143,77697;4142,27038;4132,28264;4112,67596;4089,03330;4072,18282;4056,48100;4041,48713;3982,40397;21,70977;39,08141;35,46342;15,08627;0,69491;UPTREND;;False;;0;13;HMA8:UP|HMA13:UP|HMA21:UP;3;0;True;False;8,13,21,34,55;8,13,21,34,55;;8,13,21,34,55;;8,13,21,34,55;8;;;;False;UP;24,44000;54.3%;UP;5,04000;11.21%;UP;11,02000;24.48%
2026-07-03 05:00:00;4182,19000;4183,42000;4181,17837;4164,08375;4153,34033;4150,20448;4138,52015;4118,37868;4093,96174;4076,44417;4059,80359;4044,35874;3984,16468;20,89622;41,11469;36,06603;27,83804;1,33220;UPTREND;;False;;0;13;HMA8:UP|HMA13:UP|HMA21:UP;3;0;True;False;8,13,21,34,55;8,13,21,34,55;;8,13,21,34,55;;8,13,21,34,55;;;;;False;UP;34,33000;76.29%;UP;15,58000;34.63%;UP;10,71000;23.79%
2026-07-03 06:00:00;4183,32000;4175,98000;4191,14496;4179,06035;4163,65453;4158,35760;4145,13051;4124,28807;4099,13522;4080,88666;4063,27883;4047,34329;3986,02666;20,06363;42,88546;40,60124;27,49043;1,37016;UPTREND;;False;;0;13;HMA8:UP|HMA13:UP|HMA21:UP;3;0;True;False;8,13,21,34,55;8,13,21,34,55;;8,13,21,34,55;8,13;8,13,21,34,55;;8,13;;8,13;True;UP;38,81000;86.25%;UP;23,75000;52.78%;UP;11,46000;25.47%
2026-07-03 07:00:00;4175,95000;4178,79000;4191,89420;4188,93222;4173,30572;4166,19888;4151,91318;4130,31721;4104,52415;4085,49478;4066,90288;4050,42381;3987,98444;19,31194;44,33993;37,03461;18,58848;0,96254;UPTREND;;False;;0;13;HMA8:UP|HMA13:UP|HMA21:UP;3;0;True;False;8,13,21,34,55;8,13,21,34,55;;8,13,21,34,55;8,13;8,13,21,34,55;;;;;False;UP;36,07000;80.15%;UP;28,99000;64.42%;UP;13,21000;29.35%
2026-07-03 08:00:00;4178,79000;4171,15000;4184,25674;4192,35529;4180,18633;4172,65245;4158,42413;4136,26170;4109,98674;4090,18408;4070,62119;4053,56103;3990,01683;18,82395;45,30067;35,29878;12,16897;0,64646;UPTREND;;False;;0;13;HMA8:DOWN|HMA13:UP|HMA21:UP;2;1;True;False;8,13,21,34,55;8,13,21,34,55;;8,13,21,34,55;8,13,21,34;8,13,21,34,55;;21,34;;21,34;True;DOWN;18,64000;41.41%;UP;30,76000;68.34%;UP;14,45000;32.11%
2026-07-03 09:00:00;4171,28000;4173,08000;4176,66094;4191,10164;4184,95889;4177,55409;4164,52908;4142,06302;4115,49184;4094,92994;4074,42593;4056,75267;3992,11736;18,47652;45,36368;34,89776;14,44069;0,78157;UPTREND;;False;;0;13;HMA8:DOWN|HMA13:DOWN|HMA21:UP;1;2;False;True;8,13,21,34,55;8,13,21,34,55;;8,13,21,34,55;8,13,21,34;8,13,21,34,55;34;;;;False;DOWN;-3,50000;7.77%;DOWN;28,56000;63.47%;UP;15,34000;34.09%
2026-07-03 10:00:00;4173,08000;4177,23000;4174,48626;4187,49263;4188,42843;4181,48059;4170,17136;4147,69635;4121,02732;4099,71674;4078,31412;4060,00135;3994,28285;18,04034;45,65496;34,24305;13,94217;0,77283;UPTREND;;False;;0;13;HMA8:DOWN|HMA13:DOWN|HMA21:UP;1;2;False;True;8,13,21,34,55;8,13,21,34,55;;8,13,21,34,55;8,13,21,34;8,13,21,34,55;8;;;;False;DOWN;-13,00000;28.89%;DOWN;21,14000;46.98%;UP;16,17000;35.92%
2026-07-03 11:00:00;4177,59000;4180,98000;4176,47285;4184,78289;4191,04438;4184,98004;4175,36733;4153,13181;4126,57506;4104,53516;4082,27593;4063,30827;3996,50910;17,42960;46,07882;33,55782;14,57153;0,83602;UPTREND;;False;;0;13;HMA8:UP|HMA13:DOWN|HMA21:UP;2;1;True;False;8,13,21,34,55;8,13,21,34,55;;8,13,21,34,55;8,13,21,34;8,13,21,34,55;;;;;False;UP;-12,47000;27.72%;DOWN;11,20000;24.88%;UP;17,21000;38.24%
2026-07-03 12:00:00;4181,01000;4171,93000;4176,42059;4181,50766;4191,77695;4187,66291;4179,89369;4158,17229;4131,99353;4109,29193;4086,24897;4066,63048;3998,77540;17,13249;45,67191;33,09527;15,35636;0,89633;DOWNTREND;REVERSAL_TO_HMA8;False;;0;8;HMA8:DOWN|HMA13:DOWN|HMA21:UP;1;2;False;True;;;;;8,55;8;;8,55;;8,55;False;DOWN;-6,52000;14.5%;DOWN;1,36000;3.03%;UP;17,85000;39.66%
2026-07-03 13:00:00;4171,91000;4177,08000;4176,48250;4179,28197;4191,26362;4190,02087;4183,95953;4162,87149;4137,28291;4113,99721;4090,23825;4069,97054;4001,08616;16,65660;45,29406;35,76147;14,78112;0,88740;DOWNTREND;;False;;0;8;HMA8:UP|HMA13:DOWN|HMA21:DOWN;1;2;False;True;;;;8;8,55;8;8;;8;;True;UP;-0,15000;0.34%;DOWN;-5,52000;12.26%;DOWN;17,85000;39.66%
2026-07-03 14:00:00;4176,97000;4180,92000;4178,21754;4178,80219;4190,04930;4192,21155;4187,69068;4167,30423;4142,44711;4118,65065;4094,24111;4073,32973;4003,44254;16,23184;45,15505;38,51900;11,83176;0,72892;DOWNTREND;;False;;0;8;HMA8:UP|HMA13:DOWN|HMA21:DOWN;1;2;False;True;;;;8,13;8,55;8;8,13;;8,13;;True;UP;3,29000;7.31%;DOWN;-7,92000;17.61%;DOWN;15,91000;35.36%
2026-07-03 15:00:00;4181,10000;4176,80000;4178,37928;4178,60655;4188,18325;4193,81508;4190,97139;4171,45907;4147,44406;4123,19853;4098,21712;4076,68306;4005,83264;15,86385;44,67188;39,53993;9,80397;0,61801;DOWNTREND;;False;;0;8;HMA8:UP|HMA13:DOWN|HMA21:DOWN;1;2;False;True;8,13;;8,13;8,13;8,13,55;8,13;;8,13;;13;False;UP;1,72000;3.82%;DOWN;-7,48000;16.62%;DOWN;12,39000;27.53%
2026-07-03 16:00:00;4177,00000;4164,66000;4173,39161;4175,61709;4184,97014;4194,16082;4193,47422;4175,21028;4152,16194;4127,55171;4102,09263;4079,98107;4008,23149;15,85715;43,38617;41,31029;11,57852;0,73018;DOWNTREND;ADVANCE_HMA89;False;;0;8;HMA8:DOWN|HMA13:DOWN|HMA21:DOWN;0;3;False;True;13,89;;13,89;8,13;8,13,55,89;8,13;;8,13,89;;89;False;DOWN;-2,73000;6.08%;DOWN;-7,11000;15.81%;DOWN;7,66000;17.01%
2026-07-03 17:00:00;4164,57000;4169,76000;4169,13970;4172,40244;4181,52678;4193,75141;4195,38300;4178,67808;4156,65071;4131,75659;4105,88422;4083,23317;4010,64190;15,84592;41,47735;54,08141;12,38708;0,78172;DOWNTREND;;False;;0;8;HMA8:DOWN|HMA13:DOWN|HMA21:DOWN;0;3;False;True;13,89;;13,89;8,13;8,13,55,89;8,13;8;;8;;True;DOWN;-6,61000;14.68%;DOWN;-7,42000;16.49%;DOWN;2,97000;6.6%
2026-07-03 18:00:00;4169,84000;4164,88000;4165,32941;4168,96648;4177,69891;4192,36656;4196,60290;4181,81943;4160,86642;4135,79423;4109,57407;4086,41631;4013,05169;15,41979;39,90234;62,64257;12,36950;0,80218;DOWNTREND;;False;;0;8;HMA8:DOWN|HMA13:DOWN|HMA21:DOWN;0;3;False;True;8,13,89;;8,13,89;8,13;8,13,55,89;8,13;;8,13;;;False;DOWN;-11,80000;26.23%;DOWN;-7,72000;17.15%;DOWN;-0,92000;2.05%
2026-07-03 19:00:00;4164,79000;4174,96000;4166,82915;4168,13381;4175,03468;4190,75133;4197,47589;4184,79727;4164,90259;4139,73611;4113,21337;4089,56126;4015,47291;15,28909;38,56409;63,87444;8,20553;0,53669;DOWNTREND;;False;;0;8;HMA8:UP|HMA13:DOWN|HMA21:DOWN;1;2;False;True;8,13,89;;8,13,89;8,13,116;8,13,55,89;8,13;8,13,116;;8,13,116;;True;UP;-10,70000;23.77%;DOWN;-6,93000;15.4%;DOWN;-3,71000;8.25%
2026-07-06 01:00:00;4181,44000;4188,13000;4176,43194;4171,62126;4174,87939;4189,70560;4198,40592;4187,79619;4168,87174;4143,67038;4116,86032;4092,71394;4017,92175;15,50558;38,15481;60,18507;4,81068;0,31025;UPTREND;REVERSAL_TO_HMA89;False;;0;;HMA8:UP|HMA13:UP|HMA21:DOWN;2;1;True;False;;;;89;;89;89;;89;;False;UP;2,81000;6.24%;UP;-4,41000;9.81%;DOWN;-4,99000;11.1%
2026-07-06 02:00:00;4188,17000;4183,13000;4183,88285;4176,48822;4175,82893;4188,85663;4199,28044;4190,72672;4172,70914;4147,55859;4120,48698;4095,85873;4020,38465;16,11232;38,24217;53,71625;8,05392;0,49986;UPTREND;;False;;0;;HMA8:UP|HMA13:UP|HMA21:UP;3;0;True;False;;;;89;8,89;89;;8,89;;8,89;True;UP;12,89000;28.63%;UP;-1,26000;2.79%;UP;-5,39000;11.99%
2026-07-06 03:00:00;4183,13000;4179,74000;4185,97972;4180,45667;4177,11181;4188,00824;4200,04677;4193,51215;4176,37523;4151,37459;4124,07208;4098,98423;4022,85122;16,29216;37,61860;54,91655;8,86791;0,54431;UPTREND;;False;;0;;HMA8:UP|HMA13:UP|HMA21:UP;3;0;True;False;;;;89;8,13,89;89;;13;;13;True;UP;17,58000;39.07%;UP;2,83000;6.3%;UP;-5,14000;11.43%
2026-07-06 04:00:00;4179,56000;4186,06000;4187,01957;4184,00208;4178,92312;4187,56543;4200,89946;4196,22477;4179,91754;4155,15709;4127,64011;4102,11099;4025,32867;17,28986;37,66990;57,00363;8,09645;0,46828;UPTREND;;False;;0;;HMA8:UP|HMA13:UP|HMA21:UP;3;0;True;False;8,13,116;8,13,116;;8,13,89,116;8,13,89;8,13,89,116;8,13,116;;8,13,116;;False;UP;16,27000;36.17%;UP;6,38000;14.18%;UP;-4,08000;9.07%
2026-07-06 05:00:00;4186,04000;4174,10000;4182,35969;4184,38479;4179,61006;4186,71010;4201,43756;4198,68359;4183,21332;4158,82754;4131,13187;4105,19793;4027,79754;17,42630;37,35101;58,19662;4,77473;0,27400;UPTREND;;False;;0;;HMA8:DOWN|HMA13:UP|HMA21:UP;2;1;True;False;8,13,116;8,13,116;;8,13,89,116;8,13,21,89,116;8,13,89,116;;8,13,21,116;;8,13,21,116;True;DOWN;4,86000;10.8%;UP;8,39000;18.64%;UP;-3,43000;7.62%
2026-07-06 06:00:00;4174,07000;4165,19000;4173,35561;4180,41195;4178,73328;4185,06338;4201,40207;4200,77420;4186,18743;4162,32826;4134,50844;4108,21757;4030,24441;17,27728;36,38223;59,18940;7,05634;0,40842;DOWNTREND;REVERSAL_TO_HMA8;False;;0;8;HMA8:DOWN|HMA13:DOWN|HMA21:DOWN;0;3;False;True;;;;;8;8;;8;;8;False;DOWN;-8,66000;19.25%;DOWN;6,75000;15.01%;DOWN;-3,13000;6.96%
2026-07-06 07:00:00;4165,19000;4159,67000;4163,83943;4172,99685;4176,27622;4182,63061;4200,65482;4202,42686;4188,80599;4165,63006;4137,74693;4111,15536;4032,66135;16,70319;35,16995;58,50828;12,43679;0,74458;DOWNTREND;ADVANCE_HMA144;False;;0;8;HMA8:DOWN|HMA13:DOWN|HMA21:DOWN;0;3;False;True;144;;144;;8,144;8;;8,144;;144;False;DOWN;-18,33000;40.74%;DOWN;0,79000;1.75%;DOWN;-2,98000;6.62%
2026-07-06 08:00:00;4159,72000;4148,04000;4152,51363;4163,05071;4171,48888;4179,04749;4198,94964;4203,51159;4190,98047;4168,66966;4140,80106;4113,97904;4035,03147;16,67225;33,05316;51,82353;18,97525;1,13813;DOWNTREND;;False;;0;8;HMA8:DOWN|HMA13:DOWN|HMA21:DOWN;0;3;False;True;8,144;;8,144;;8,144;8;;8;;;False;DOWN;-27,36000;60.8%;DOWN;-7,65000;17.0%;DOWN;-3,45000;7.66%
2026-07-06 09:00:00;4147,99000;4150,36000;4145,70219;4154,01874;4165,85633;4174,85546;4196,52746;4204,10290;4192,76550;4171,47757;4143,69349;4116,70212;4037,36046;16,46066;31,08758;52,31888;20,15415;1,22438;DOWNTREND;;False;;0;8;HMA8:DOWN|HMA13:DOWN|HMA21:DOWN;0;3;False;True;8,144;;8,144;8;8,144;8;8;;8;;True;DOWN;-29,11000;64.68%;DOWN;-14,99000;33.3%;DOWN;-4,12000;9.14%
2026-07-06 10:00:00;4150,77000;4164,43000;4149,50841;4150,16965;4161,57681;4171,28688;4193,91400;4204,43840;4194,33007;4174,14978;4146,49570;4119,37589;4039,67258;16,64275;29,71484;53,59791;12,06841;0,72514;DOWNTREND;;False;;0;8;HMA8:UP|HMA13:DOWN|HMA21:DOWN;1;2;False;True;8,144;;8,144;8,13,21;8,144;8;13,21;;13,21;;True;UP;-19,71000;43.8%;DOWN;-18,72000;41.59%;DOWN;-4,62000;10.27%
2026-07-06 11:00:00;4164,58000;4150,36000;4151,59283;4147,84263;4157,12757;4167,62201;4190,79802;4204,37265;4195,57545;4176,59772;4149,14157;4121,95864;4041,94641;16,80398;28,43243;54,09110;9,28495;0,55254;DOWNTREND;;False;;0;8;HMA8:UP|HMA13:DOWN|HMA21:DOWN;1;2;False;True;8,21,144;;8,21,144;8,13,21;8,21,144;8,21;;8,21;;21;False;UP;-10,33000;22.95%;DOWN;-19,92000;44.27%;DOWN;-6,03000;13.4%
2026-07-06 12:00:00;4150,37000;4143,17000;4148,77278;4145,09752;4152,33757;4163,66373;4187,17508;4203,87104;4196,48865;4178,78064;4151,60337;4124,43339;4044,17307;16,65441;26,43150;48,90210;7,24006;0,43472;DOWNTREND;ADVANCE_HMA13;False;;0;8;HMA8:DOWN|HMA13:DOWN|HMA21:DOWN;0;3;False;True;8,13,21,188;;8,13,21,188;8,13,21;8,13,21,144,188;8,13,21;;8,13,188;;13,188;False;DOWN;-3,21000;7.14%;DOWN;-19,46000;43.25%;DOWN;-8,03000;17.84%
2026-07-06 13:00:00;4143,17000;4154,85000;4149,27065;4144,77791;4148,86580;4160,31152;4183,57585;4203,15300;4197,22930;4180,78721;4153,94031;4126,84211;4046,37345;16,43624;24,85679;49,48238;4,49274;0,27334;DOWNTREND;;False;;0;8;HMA8:UP|HMA13:DOWN|HMA21:DOWN;1;2;False;True;8,13,21,188;;8,13,21,188;8,13,21,188;8,13,21,144,188;8,13,21;8,13,21,188;;8,13,21,188;;True;UP;3,11000;6.9%;DOWN;-15,97000;35.48%;DOWN;-9,75000;21.67%
2026-07-06 14:00:00;4155,05000;4155,22000;4151,13291;4146,77243;4146,61300;4157,49424;4180,11947;4202,27700;4197,83311;4182,63469;4156,16091;4129,18886;4048,54952;15,84008;23,67613;48,62126;4,51991;0,28535;DOWNTREND;;False;;0;8;HMA8:UP|HMA13:UP|HMA21:DOWN;2;1;True;False;8,13,21,188;;8,13,21,188;8,13,21,188;8,13,21,144,188;8,13,21;;188;;188;False;UP;1,47000;3.26%;UP;-9,72000;21.6%;DOWN;-11,53000;25.62%
2026-07-06 15:00:00;4155,22000;4139,50000;4147,57711;4146,15191;4144,16244;4154,22724;4176,44453;4201,06107;4198,18892;4184,23582;4158,20521;4131,42528;4050,67793;16,63008;22,85845;47,19667;3,41467;0,20533;DOWNTREND;;False;;0;8;HMA8:DOWN|HMA13:DOWN|HMA21:DOWN;0;3;False;True;8,13,21,34,188;;8,13,21,34,188;8,13,21,188;8,13,21,34,144,188;8,13,21,34;;8,13,21,34;;34;False;DOWN;-3,45000;7.68%;DOWN;-4,51000;10.02%;DOWN;-12,03000;26.74%
2026-07-06 16:00:00;4139,56000;4140,79000;4143,08681;4143,55714;4141,94705;4150,88723;4172,67226;4199,56491;4198,34135;4185,61915;4160,09781;4133,56349;4052,76347;16,42507;22,09919;45,59794;1,61009;0,09803;DOWNTREND;;False;;0;8;HMA8:DOWN|HMA13:DOWN|HMA21:DOWN;0;3;False;True;8,13,21,34,188;;8,13,21,34,188;8,13,21,188;8,13,21,34,144,188;8,13,21,34;;;;;False;DOWN;-4,95000;10.99%;DOWN;-3,84000;8.53%;DOWN;-12,62000;28.05%
2026-07-06 17:00:00;4140,80000;4138,07000;4138,51757;4140,36335;4139,59620;4147,41711;4168,79326;4197,78358;4198,28538;4186,79016;4161,84334;4135,60470;4054,80353;16,59542;21,92143;43,95357;1,84578;0,11122;DOWNTREND;;False;;0;8;HMA8:DOWN|HMA13:DOWN|HMA21:DOWN;0;3;False;True;8,13,21,34,188;;8,13,21,34,188;8,13,21,188;8,13,21,34,144,188;8,13,21,34;;8,13,21;;;False;DOWN;-9,20000;20.45%;DOWN;-4,30000;9.55%;DOWN;-12,46000;27.7%
2026-07-06 18:00:00;4138,25000;4148,29000;4139,46235;4140,08496;4138,56455;4144,48012;4165,20411;4195,89172;4198,13533;4187,83194;4163,50662;4137,59068;4056,81684;16,43861;21,33127;49,87625;1,52041;0,09249;DOWNTREND;;False;;0;8;HMA8:UP|HMA13:DOWN|HMA21:DOWN;1;2;False;True;8,13,21,34,188;;8,13,21,34,188;8,13,21,34,188;8,13,21,34,144,188;8,13,21,34;8,13,21,34;;8,13,21,34;;True;UP;-10,06000;22.37%;DOWN;-2,91000;6.47%;DOWN;-11,33000;25.17%
2026-07-06 19:00:00;4147,93000;4155,06000;4146,61311;4142,65565;4139,40006;4142,57603;4162,09490;4194,00778;4197,94858;4188,79475;4165,12903;4139,54906;4058,81514;16,40513;20,41213;57,41021;7,21305;0,43968;DOWNTREND;;False;;0;8;HMA8:UP|HMA13:UP|HMA21:UP;3;0;True;False;8,13,21,34,188;;8,13,21,34,188;8,13,21,34,188;8,13,21,34,144,188;8,13,21,34;;;;;False;UP;-0,84000;1.87%;UP;-1,24000;2.74%;UP;-9,16000;20.36%
2026-07-06 20:00:00;4155,23000;4161,34000;4155,81161;4148,05364;4142,03494;4142,02798;4159,57803;4192,24598;4197,77579;4189,71964;4166,74412;4141,50566;4060,80968;16,03548;19,11229;65,28103;13,77667;0,85914;UPTREND;REVERSAL_TO_HMA55;False;;0;8;HMA8:UP|HMA13:UP|HMA21:UP;3;0;True;False;;;;8,55;;8;8,55;;8,55;;False;UP;11,22000;24.94%;UP;0,76000;1.7%;UP;-6,95000;15.44%
2026-07-06 21:00:00;4161,17000;4163,84000;4163,78522;4154,91350;4146,11862;4142,66029;4157,67047;4190,63469;4197,63915;4190,61562;4168,36420;4143,47028;4062,80611;15,75295;18,05958;64,92854;17,66661;1,12148;UPTREND;;False;;0;8;HMA8:UP|HMA13:UP|HMA21:UP;3;0;True;False;8;8;;8,55;;8;8;;;;False;UP;21,85000;48.56%;UP;5,30000;11.77%;UP;-4,00000;8.88%
2026-07-06 22:00:00;4163,85000;4163,71000;4167,71896;4161,26892;4150,67871;4144,17604;4156,31756;4189,14549;4197,52346;4191,47873;4169,98316;4145,44144;4064,80526;15,09559;17,08207;63,19565;17,04025;1,12882;UPTREND;;False;;0;8;HMA8:UP|HMA13:UP|HMA21:UP;3;0;True;False;8;8;;8,55;8;8;;8;;8;True;UP;25,08000;55.73%;UP;11,06000;24.59%;UP;-0,63000;1.4%
2026-07-06 23:00:00;4163,78000;4164,16000;4168,26746;4166,05379;4155,07831;4146,23332;4155,42630;4187,76928;4197,41592;4192,31490;4171,59968;4147,41831;4066,80851;14,30948;16,17439;61,39883;13,18915;0,92171;UPTREND;;False;;0;8;HMA8:UP|HMA13:UP|HMA21:UP;3;0;True;False;8;8;;8,55;8,13;8;;13;;13;True;UP;20,72000;46.05%;UP;16,66000;37.02%;UP;2,49000;5.52%
2026-07-07 01:00:00;4164,39000;4164,17000;4167,20043;4168,61580;4159,05489;4148,56339;4154,89507;4186,49683;4197,30835;4193,12712;4173,21597;4149,39615;4068,81642;13,62880;15,65403;57,63833;9,56091;0,70152;UPTREND;;False;;0;8;HMA8:DOWN|HMA13:UP|HMA21:UP;2;1;True;False;8;8;;8,55;8,13;8;;;;;False;DOWN;11,80000;26.22%;UP;19,23000;42.74%;UP;5,22000;11.59%
2026-07-07 02:00:00;4164,22000;4157,38000;4163,19720;4167,90747;4161,80486;4150,60730;4154,41479;4185,20250;4197,13162;4193,87127;4174,79740;4151,34899;4070,81842;13,27960;14,56943;55,48446;6,10261;0,45955;DOWNTREND;REVERSAL_TO_HMA21;False;;2;8,21;HMA8:DOWN|HMA13:DOWN|HMA21:UP;1;2;False;True;;;;;8,21;8;;8,21;;8,21;False;DOWN;-0,63000;1.41%;DOWN;17,58000;39.08%;UP;7,57000;16.82%
2026-07-07 03:00:00;4157,25000;4145,96000;4154,73420;4162,88216;4162,16930;4151,69429;4153,64038;4183,71247;4196,76859;4194,48195;4176,28848;4153,24080;4072,79623;13,57320;14,54304;56,06460;8,14795;0,60030;DOWNTREND;ADVANCE_HMA34;False;;1;8,21;HMA8:DOWN|HMA13:DOWN|HMA21:UP;1;2;False;True;8,34,55,233;;8,34,55,233;;8,21,34,55,233;8,55;;8,34,55,233;;34,55,233;False;DOWN;-13,45000;29.89%;DOWN;10,32000;22.93%;UP;8,47000;18.83%
2026-07-07 04:00:00;4145,95000;4141,86000;4145,42552;4155,29700;4160,30515;4151,78487;4152,50214;4181,96613;4196,18124;4194,94497;4177,67538;4155,05857;4074,74375;14,16726;15,71724;55,84712;14,87963;1,05028;DOWNTREND;;False;;0;8,21;HMA8:DOWN|HMA13:DOWN|HMA21:DOWN;0;3;False;True;8,34,55,233;;8,34,55,233;;8,21,34,55,233;8,55;;8;;;False;DOWN;-21,95000;48.78%;DOWN;0,26000;0.57%;DOWN;8,32000;18.48%
2026-07-07 05:00:00;4141,87000;4136,63000;4137,20333;4146,60786;4156,34428;4150,92112;4150,95957;4179,91139;4195,32487;4195,23196;4178,94051;4156,78542;4076,65262;14,15674;16,80757;57,04470;19,14095;1,35207;DOWNTREND;;False;;0;8,21;HMA8:DOWN|HMA13:DOWN|HMA21:DOWN;0;3;False;True;8,34,55,233;;8,34,55,233;;8,21,34,55,233;8,55;;8;;;False;DOWN;-27,91000;62.03%;DOWN;-9,79000;21.76%;DOWN;7,16000;15.91%
2026-07-07 06:00:00;4136,73000;4131,06000;4130,40726;4137,83558;4150,73144;4149,13564;4149,00392;4177,52070;4194,16392;4195,31473;4180,06052;4158,40720;4078,51428;14,25769;18,19140;53,16075;20,32418;1,42549;DOWNTREND;;False;;0;8,21;HMA8:DOWN|HMA13:DOWN|HMA21:DOWN;0;3;False;True;8,34,55,233;;8,34,55,233;;8,21,34,55,233;8,55;;8;;;False;DOWN;-29,90000;66.44%;DOWN;-18,26000;40.57%;DOWN;4,54000;10.1%
2026-07-07 07:00:00;4131,06000;4126,66000;4125,35313;4129,64748;4144,12400;4146,56717;4146,66994;4174,81388;4192,68541;4195,17103;4181,01938;4159,91497;4080,32388;14,33285;19,33246;53,48695;18,77087;1,30964;DOWNTREND;;False;;0;8,21;HMA8:DOWN|HMA13:DOWN|HMA21:DOWN;0;3;False;True;8,13,34,55,233;;8,13,34,55,233;;8,13,21,34,55,233;8,13,55;;8,13;;13;False;DOWN;-27,13000;60.3%;DOWN;-24,38000;54.17%;DOWN;0,84000;1.86%
2026-07-07 08:00:00;4126,71000;4123,87000;4121,71530;4122,99833;4137,14987;4143,47677;4144,05164;4171,84055;4190,90076;4194,79567;4181,80949;4161,30274;4082,07852;14,35765;20,88246;46,47433;15,43458;1,07501;DOWNTREND;;False;;0;8,21;HMA8:DOWN|HMA13:DOWN|HMA21:DOWN;0;3;False;True;8,13,34,55,233;;8,13,34,55,233;;8,13,21,34,55,233;8,13,55;;8,13;;;False;DOWN;-22,43000;49.85%;DOWN;-27,53000;61.19%;DOWN;-3,57000;7.94%
2026-07-07 09:00:00;4123,82000;4130,40000;4122,65156;4120,15372;4131,31890;4140,53306;4141,50974;4168,77207;4188,92352;4194,24857;4182,46922;4162,59443;4083,78996;14,14710;22,13272;45,82766;11,16518;0,78922;DOWNTREND;;False;;0;8,21;HMA8:UP|HMA13:DOWN|HMA21:DOWN;1;2;False;True;8,13,34,55,233;;8,13,34,55,233;;8,13,21,34,55,233;8,13,55;;;;;False;UP;-14,42000;32.05%;DOWN;-26,72000;59.38%;DOWN;-7,79000;17.32%
2026-07-07 10:00:00;4130,75000;4124,73000;4123,69302;4118,98200;4126,27640;4137,49735;4138,99596;4165,60208;4186,74989;4193,50986;4182,98110;4163,77214;4085,45099;13,79017;23,21466;44,30998;7,29440;0,52896;DOWNTREND;;False;;0;8,21;HMA8:UP|HMA13:DOWN|HMA21:DOWN;1;2;False;True;8,13,21,34,55,233;;8,13,21,34,55,233;;8,13,21,34,55,233;8,13,21,55;;21;;21;False;UP;-6,94000;15.42%;DOWN;-23,70000;52.66%;DOWN;-11,80000;26.22%
2026-07-07 11:00:00;4124,64000;4125,96000;4124,45828;4119,23565;4122,43474;4134,55817;4136,61741;4162,41961;4184,44253;4192,60920;4183,36188;4164,84355;4087,06615;14,03230;23,52813;45,63740;5,22262;0,37219;UPTREND;REVERSAL_TO_HMA21;False;;0;21;HMA8:UP|HMA13:UP|HMA21:DOWN;2;1;True;False;;;;21;;;21;;21;;False;UP;-0,91000;2.03%;UP;-18,01000;40.02%;DOWN;-14,63000;32.5%
2026-07-07 12:00:00;4126,04000;4131,13000;4127,29448;4121,27937;4120,39125;4132,02176;4134,55241;4159,35047;4182,09657;4191,59993;4183,64675;4165,83062;4088,64452;14,02285;23,96092;46,03432;6,90324;0,49228;UPTREND;ADVANCE_HMA8;False;;0;21;HMA8:UP|HMA13:UP|HMA21:DOWN;2;1;True;False;8;8;;8,21;;8;8;;8;;False;UP;5,68000;12.62%;UP;-11,13000;24.74%;DOWN;-16,45000;36.56%
2026-07-07 13:00:00;4131,17000;4135,62000;4131,55065;4125,33415;4120,27573;4130,06905;4132,90167;4156,48309;4179,78406;4190,52838;4183,86587;4166,75395;4090,19363;13,57193;23,72795;46,28515;11,27491;0,83075;UPTREND;ADVANCE_HMA55;False;;0;21;HMA8:UP|HMA13:UP|HMA21:DOWN;2;1;True;False;34,55;34,55;;8,21,34,55;;8;8,34,55;;34,55;;False;UP;9,31000;20.69%;UP;-3,03000;6.74%;DOWN;-17,15000;38.12%
2026-07-07 14:00:00;4135,80000;4156,72000;4143,50091;4134,31601;4123,93198;4129,74049;4132,17651;4154,11097;4177,71093;4189,54431;4184,12232;4167,68660;4091,74683;14,47608;22,41963;50,77934;19,56892;1,35181;UPTREND;;False;;0;21;HMA8:UP|HMA13:UP|HMA21:UP;3;0;True;False;8,34,55,89;8,34,55,89;;8,21,34,55,89;;8;8,89;;89;;False;UP;18,88000;41.97%;UP;7,42000;16.5%;UP;-14,10000;31.34%
2026-07-07 15:00:00;4157,14000;4172,29000;4161,36470;4147,91431;4131,61474;4131,57214;4132,64320;4152,40026;4176,00579;4188,74483;4184,48568;4168,68076;4093,32776;14,89850;22,35567;49,14601;29,74996;1,99684;UPTREND;;False;;0;21;HMA8:UP|HMA13:UP|HMA21:UP;3;0;True;False;8,34,55,89,233;8,34,55,89,233;;8,21,34,55,89,233;;8,233;8,233;;233;;False;UP;31,77000;70.6%;UP;17,25000;38.34%;UP;-9,42000;20.94%
2026-07-07 16:00:00;4172,74000;4158,53000;4169,69961;4159,11799;4139,89970;4134,20270;4133,68297;4151,08948;4174,50376;4188,02698;4184,88489;4169,69091;4094,91271;15,57361;22,60451;48,48468;29,79991;1,91349;UPTREND;;False;;0;21;HMA8:UP|HMA13:UP|HMA21:UP;3;0;True;False;8,34,55,89,233;8,34,55,89,233;;8,21,34,55,89,233;8,13,233;8,233;;8,13,233;;8,13,233;True;UP;34,24000;76.1%;UP;23,24000;51.66%;UP;-3,98000;8.84%
2026-07-07 17:00:00;4158,53000;4154,22000;4168,04665;4165,19377;4147,22861;4137,03263;4135,02563;4150,06596;4173,13770;4187,35500;4185,29373;4170,70463;4096,49469;15,88978;21,75202;48,91378;20,81804;1,31015;UPTREND;;False;;0;21;HMA8:DOWN|HMA13:UP|HMA21:UP;2;1;True;False;8,34,55,89,233;8,34,55,89,233;;8,21,34,55,89,233;8,13,233;8,233;;;;;False;DOWN;29,86000;66.37%;UP;25,74000;57.19%;UP;1,12000;2.49%
2026-07-07 18:00:00;4154,23000;4139,01000;4156,16031;4163,46931;4151,25414;4138,99252;4136,12970;4149,07206;4171,73995;4186,62362;4185,63749;4171,67450;4098,04998;16,16194;20,36637;48,55406;12,21517;0,75580;DOWNTREND;REVERSAL_TO_HMA89;False;;0;21;HMA8:DOWN|HMA13:DOWN|HMA21:UP;1;2;False;True;;;;;21,89;89;;21,89;;21,89;False;DOWN;11,08000;24.62%;DOWN;23,51000;52.25%;UP;4,99000;11.08%
2026-07-07 19:00:00;4139,05000;4145,07000;4145,28520;4158,83519;4153,21954;4140,46224;4137,11293;4148,16805;4170,35262;4185,86976;4185,94237;4172,62275;4099,59011;15,73394;19,07969;47,91328;13,54999;0,86119;DOWNTREND;;False;;0;21;HMA8:DOWN|HMA13:DOWN|HMA21:UP;1;2;False;True;;;;34;21,89;89;34;;34;;True;DOWN;-14,33000;31.85%;DOWN;19,54000;43.42%;UP;7,92000;17.61%
2026-07-07 20:00:00;4145,03000;4144,45000;4140,63450;4152,80710;4153,92927;4141,56548;4137,88851;4147,30991;4168,96013;4185,08037;4186,20123;4173,54780;4101,11548;15,14509;17,95990;46,53218;13,29477;0,87783;DOWNTREND;;False;;0;21;HMA8:DOWN|HMA13:DOWN|HMA21:UP;1;2;False;True;;;;8,34;21,89;89;8;;8;;True;DOWN;-25,63000;56.96%;DOWN;11,50000;25.56%;UP;10,35000;22.99%
2026-07-07 21:00:00;4144,61000;4126,95000;4133,23926;4143,68593;4151,86029;4141,61766;4137,94418;4146,23150;4167,39504;4184,13481;4186,33175;4174,39211;4102,59977;15,50330;17,59328;47,36721;18,62103;1,20110;DOWNTREND;ADVANCE_HMA8;False;;0;21;HMA8:DOWN|HMA13:DOWN|HMA21:DOWN;0;3;False;True;8,13,34,55;;8,13,34,55;8,34;8,13,21,34,55,89;8,13,89;;8,13,34,55;;8,13,34,55;False;DOWN;-29,31000;65.12%;DOWN;-2,60000;5.78%;DOWN;10,75000;23.88%
2026-07-07 22:00:00;4126,66000;4114,10000;4122,06146;4131,77322;4146,58249;4140,26231;4137,06248;4144,77432;4165,55243;4182,95621;4186,27822;4175,11683;4104,02504;16,92878;18,88552;38,47898;24,52103;1,44848;DOWNTREND;;False;;0;21;HMA8:DOWN|HMA13:DOWN|HMA21:DOWN;0;3;False;True;8,13,34,55;;8,13,34,55;8,34;8,13,21,34,55,89;8,13,89;;8;;;False;DOWN;-26,73000;59.4%;DOWN;-15,07000;33.48%;DOWN;8,79000;19.54%
2026-07-07 23:00:00;4114,36000;4106,47000;4109,73969;4118,84394;4138,32982;4137,55211;4135,30373;4142,88578;4163,39168;4181,51173;4186,02005;4175,70237;4105,38182;16,59958;20,08547;38,62044;28,59014;1,72234;DOWNTREND;;False;;0;21;HMA8:DOWN|HMA13:DOWN|HMA21:DOWN;0;3;False;True;8,13,34,55;;8,13,34,55;8,34;8,13,21,34,55,89;8,13,89;;8;;;False;DOWN;-28,16000;62.58%;DOWN;-24,96000;55.46%;DOWN;6,21000;13.79%
2026-07-08 01:00:00;4097,11000;4098,34000;4098,01069;4106,41423;4127,72493;4133,42935;4132,70038;4140,55029;4160,87956;4179,77220;4185,53497;4176,12827;4106,66062;16,31318;21,57516;39,15047;29,71425;1,82149;DOWNTREND;;False;;0;21;HMA8:DOWN|HMA13:DOWN|HMA21:DOWN;0;3;False;True;8,13,34,55;;8,13,34,55;8,34;8,13,21,34,55,89;8,13,89;8;;8;;True;DOWN;-33,15000;73.67%;DOWN;-30,24000;67.2%;DOWN;1,33000;2.96%
2026-07-08 02:00:00;4098,31000;4098,46000;4091,75939;4096,21309;4116,78070;4128,45393;4129,52743;4137,89702;4158,08391;4177,76625;4184,84020;4176,40369;4107,86522;15,99795;22,80574;38,33386;25,02131;1,56403;DOWNTREND;;False;;0;21;HMA8:DOWN|HMA13:DOWN|HMA21:DOWN;0;3;False;True;8,13,34,55;;8,13,34,55;8,13,34;8,13,21,34,55,89;8,13,89;13;;13;;True;DOWN;-32,95000;73.23%;DOWN;-33,12000;73.6%;DOWN;-5,30000;11.77%
2026-07-08 03:00:00;4098,42000;4111,47000;4095,82522;4092,19068;4108,39595;4123,86611;4126,34061;4135,20522;4155,20373;4175,60501;4184,01142;4176,57774;4109,01947;16,97881;22,41056;40,73127;16,20526;0,95444;DOWNTREND;;False;;0;21;HMA8:UP|HMA13:DOWN|HMA21:DOWN;1;2;False;True;8,13,34,55;;8,13,34,55;8,13,21,34,377;8,13,21,34,55,89;8,13,89;21,377;;21,377;;True;UP;-21,12000;46.94%;DOWN;-30,75000;68.34%;DOWN;-10,51000;23.36%
2026-07-08 04:00:00;4111,46000;4111,07000;4103,46631;4093,34247;4102,67415;4119,80521;4123,28515;4132,53828;4152,28580;4173,31601;4183,05927;4176,65335;4110,12470;17,30033;22,07377;42,70005;10,12384;0,58518;DOWNTREND;;False;;0;21;HMA8:UP|HMA13:UP|HMA21:DOWN;2;1;True;False;8,13,34,55;;8,13,34,55;8,13,21,34,377;8,13,21,34,55,89;8,13,89;;;;;False;UP;-5,18000;11.51%;UP;-25,87000;57.5%;DOWN;-14,44000;32.09%
2026-07-08 05:00:00;4111,64000;4114,54000;4111,04433;4098,25387;4099,77585;4116,45800;4120,59938;4129,98310;4149,40820;4170,95738;4182,01845;4176,64639;4111,18796;17,41887;21,23440;41,67337;12,79046;0,73429;DOWNTREND;;False;;0;21;HMA8:UP|HMA13:UP|HMA21:DOWN;2;1;True;False;8,13,34,55;;8,13,34,55;8,13,21,34,377;8,13,21,34,55,89;8,13,89;;;;;False;UP;10,60000;23.55%;UP;-17,78000;39.52%;DOWN;-16,46000;36.59%
2026-07-08 06:00:00;4114,54000;4123,39000;4119,36417;4106,00675;4099,80977;4114,18587;4118,57228;4127,69741;4146,67704;4168,61268;4180,94975;4176,58972;4112,22510;17,36110;20,01431;41,12835;19,55440;1,12633;UPTREND;REVERSAL_TO_HMA8;False;;0;8;HMA8:UP|HMA13:UP|HMA21:UP;3;0;True;False;;;;8,34,55;;8;8,34,55;;8,34,55;;False;UP;21,68000;48.17%;UP;-7,03000;15.61%;UP;-17,10000;38.0%
2026-07-08 07:00:00;4123,30000;4125,11000;4125,30409;4114,58451;4101,95625;4112,76416;4117,19466;4125,72075;4144,12791;4166,31160;4179,87251;4176,49577;4113,23935;16,71459;18,88137;46,72771;23,34784;1,39685;UPTREND;;False;;0;8;HMA8:UP|HMA13:UP|HMA21:UP;3;0;True;False;8;8;;8,34,55;;8;8;;;;False;UP;23,79000;52.87%;UP;4,66000;10.35%;UP;-17,27000;38.38%
2026-07-08 08:00:00;4125,07000;4127,75000;4129,28243;4122,39251;4105,93259;4112,02490;4116,42791;4124,07598;4141,80234;4164,08010;4178,80855;4176,38255;4114,23522;16,40783;17,61060;50,09038;23,34984;1,42309;UPTREND;ADVANCE_HMA89;False;;0;8;HMA8:UP|HMA13:UP|HMA21:UP;3;0;True;False;89;89;;8,34,55,89;;8;8,89;;89;;False;UP;21,47000;47.72%;UP;14,89000;33.09%;UP;-15,64000;34.75%
2026-07-08 09:00:00;4127,75000;4123,46000;4129,47944;4127,03520;4110,43080;4111,62125;4116,00349;4122,67689;4139,65794;4161,90152;4177,74109;4176,24192;4115,20642;16,05585;16,43060;53,45416;19,04865;1,18640;UPTREND;;False;;0;8;HMA8:UP|HMA13:UP|HMA21:UP;3;0;True;False;89;89;;8,34,55,89;13,89;8;;13,89;;13,89;True;UP;16,02000;35.59%;UP;19,89000;44.19%;UP;-12,69000;28.2%
2026-07-08 10:00:00;4123,54000;4121,04000;4126,27898;4128,59601;4114,57434;4111,42672;4115,72447;4121,45437;4137,66045;4159,77271;4176,66637;4176,07115;4116,15034;15,80400;15,74930;53,84253;14,02167;0,88722;UPTREND;;False;;0;8;HMA8:DOWN|HMA13:UP|HMA21:UP;2;1;True;False;89;89;;8,34,55,89;13,89;8;;89;;89;True;DOWN;6,24000;13.87%;UP;20,39000;45.32%;UP;-8,55000;19.0%
2026-07-08 11:00:00;4121,05000;4056,67000;4098,18748;4114,16239;4111,06579;4107,89057;4113,79623;4119,50477;4135,20147;4157,29369;4175,30209;4175,66644;4116,96789;19,60943;17,88836;43,50031;15,97491;0,81465;DOWNTREND;REVERSAL_TO_HMA8;False;;2;8,13,21;HMA8:DOWN|HMA13:DOWN|HMA21:DOWN;0;3;False;True;;;;;8,13,21,34,55,89,377;8,13,21,34,55,89;;8,13,21,34,55,89,377;;8,13,21,34,55,89,377;False;DOWN;-19,07000;42.38%;DOWN;7,70000;17.11%;DOWN;-4,86000;10.79%
2026-07-08 12:00:00;4056,76000;4043,24000;4061,00202;4089,21975;4100,80201;4101,27577;4110,11108;4116,72989;4132,20524;4154,42274;4173,61538;4175,00451;4117,64816;19,59161;20,15074;43,65026;39,79999;2,03148;DOWNTREND;;False;;1;8,13,21;HMA8:DOWN|HMA13:DOWN|HMA21:DOWN;0;3;False;True;;;;;8,13,21,34,55,89,377;8,13,21,34,55,89;;;;;False;DOWN;-41,07000;91.26%;DOWN;-8,13000;18.06%;DOWN;-4,66000;10.36%
2026-07-08 13:00:00;4043,60000;4053,03000;4039,06815;4064,66444;4087,73926;4093,20538;4105,25857;4113,38449;4128,82655;4151,26802;4171,67929;4174,13964;4118,21716;19,46293;22,27672;40,88688;48,67111;2,50071;DOWNTREND;;False;;0;8,13,21;HMA8:DOWN|HMA13:DOWN|HMA21:DOWN;0;3;False;True;;;;8;8,13,21,34,55,89,377;8,13,21,34,55,89;8;;8;;False;DOWN;-49,27000;100%;DOWN;-23,15000;51.43%;DOWN;-6,06000;13.46%
2026-07-08 14:00:00;4053,16000;4062,17000;4035,79789;4048,72048;4075,26240;4085,11699;4099,79931;4109,68867;4125,21700;4147,92169;4169,55679;4173,11757;4118,69821;20,29272;23,19464;43,39135;39,46451;1,94476;DOWNTREND;;False;;0;8,13,21;HMA8:DOWN|HMA13:DOWN|HMA21:DOWN;0;3;False;True;;;;8,13;8,13,21,34,55,89,377;8,13,21,34,55,89;13;;13;;True;DOWN;-48,10000;100%;DOWN;-31,18000;69.28%;DOWN;-7,69000;17.1%
2026-07-08 15:00:00;4062,12000;4072,08000;4048,94654;4043,06415;4066,22994;4078,26467;4094,26393;4105,86059;4121,52231;4144,47476;4167,30802;4171,98144;4119,11385;20,82538;23,14438;45,30085;23,16579;1,11238;DOWNTREND;;False;;0;8,13,21;HMA8:UP|HMA13:DOWN|HMA21:DOWN;1;2;False;True;;;;8,13,21;8,13,21,34,55,89,377;8,13,21,34,55,89;21;;21;;True;UP;-30,59000;67.97%;DOWN;-33,90000;75.34%;DOWN;-9,15000;20.33%
2026-07-08 16:00:00;4072,06000;4070,74000;4063,80874;4044,48664;4059,98477;4073,01192;4088,83917;4101,96115;4117,77483;4140,94619;4164,93879;4170,73434;4119,46837;20,60642;23,09772;46,01392;19,32210;0,93767;DOWNTREND;;False;;0;8,13,21;HMA8:UP|HMA13:UP|HMA21:DOWN;2;1;True;False;;;;8,13,21;8,13,21,34,55,89,377;8,13,21,34,55,89;;;;;False;UP;1,95000;4.33%;UP;-34,23000;76.06%;DOWN;-10,94000;24.31%
2026-07-08 17:00:00;4070,61000;4040,81000;4060,64352;4044,69263;4052,59192;4067,39524;4082,93771;4097,67505;4113,75333;4137,17444;4162,33059;4169,28632;4119,72068;21,81597;24,14893;44,30170;15,95089;0,73116;DOWNTREND;;False;;0;8,13,21;HMA8:DOWN|HMA13:UP|HMA21:DOWN;1;2;False;True;8,13,21,34;;8,13,21,34;8,13,21;8,13,21,34,55,89,377;8,13,21,34,55,89;;8,13,21,34;;;False;DOWN;13,89000;30.86%;UP;-27,96000;62.12%;DOWN;-12,75000;28.33%
2026-07-08 18:00:00;4041,28000;4034,18000;4046,89780;4041,69053;4044,12928;4061,04095;4076,73616;4093,05652;4109,48202;4133,16472;4159,48208;4167,62990;4119,86824;21,83197;25,46314;40,02539;5,20727;0,23852;DOWNTREND;;False;;0;8,13,21;HMA8:DOWN|HMA13:DOWN|HMA21:DOWN;0;3;False;True;8,13,21,34;;8,13,21,34;8,13,21;8,13,21,34,55,89,377;8,13,21,34,55,89;;;;;False;DOWN;7,24000;16.1%;DOWN;-19,94000;44.32%;DOWN;-15,81000;35.12%
2026-07-08 19:00:00;4034,17000;4063,56000;4045,36480;4042,85899;4039,05714;4055,75259;4071,17482;4088,64607;4105,32312;4129,15759;4156,55691;4165,87797;4119,96513;22,50183;25,43633;41,43714;6,30765;0,28032;DOWNTREND;;False;;0;8,13,21;HMA8:DOWN|HMA13:UP|HMA21:DOWN;1;2;False;True;8,13,21,34;;8,13,21,34;8,13,21,34;8,13,21,34,55,89,377;8,13,21,34,55,89;8,13,21,34;;8,13,21,34;;True;DOWN;-2,28000;5.06%;UP;-9,17000;20.39%;DOWN;-17,60000;39.11%
2026-07-08 20:00:00;4063,82000;4065,49000;4052,55891;4047,45074;4037,74525;4051,51398;4066,26901;4084,55809;4101,34578;4125,19965;4153,58597;4164,04920;4120,01839;22,08527;24,78236;41,44393;14,81366;0,67075;DOWNTREND;;False;;0;8,13,21;HMA8:UP|HMA13:UP|HMA21:DOWN;2;1;True;False;8,13,21,34;;8,13,21,34;8,13,21,34;8,13,21,34,55,89,377;8,13,21,34,55,89;;;;;False;UP;-7,26000;16.13%;UP;-0,55000;1.22%;DOWN;-19,18000;42.63%
2026-07-08 21:00:00;4065,07000;4084,32000;4069,12159;4057,40930;4042,20857;4049,41104;4062,49247;4081,03096;4097,76744;4121,44388;4150,67541;4162,21632;4120,06117;22,49061;23,44676;43,58232;26,91302;1,19663;UPTREND;REVERSAL_TO_HMA89;False;;0;8;HMA8:UP|HMA13:UP|HMA21:UP;3;0;True;False;;;;8,55,89;;8;8,55,89;;8,55,89;;False;UP;5,38000;11.96%;UP;6,07000;13.48%;UP;-17,02000;37.83%
2026-07-08 22:00:00;4084,26000;4079,91000;4082,94626;4067,82872;4049,41359;4048,96607;4059,62893;4077,93973;4094,50935;4117,88225;4147,82303;4160,37719;4120,08805;21,80271;22,20657;43,74770;33,53267;1,53800;UPTREND;;False;;0;8;HMA8:UP|HMA13:UP|HMA21:UP;3;0;True;False;;;;8,55,89;8,89;8;;8,89;;8,89;True;UP;22,46000;49.91%;UP;10,12000;22.48%;UP;-13,26000;29.47%
2026-07-08 23:00:00;4079,73000;4077,34000;4086,55191;4077,02692;4056,71375;4049,56454;4057,54667;4075,20719;4091,50623;4114,51838;4145,03591;4158,53710;4120,09786;21,10180;21,34989;46,02719;29,83816;1,41401;UPTREND;;False;;0;8;HMA8:UP|HMA13:UP|HMA21:UP;3;0;True;False;;;;8,55,89;8,89;8;;89;;89;True;UP;26,01000;57.8%;UP;14,33000;31.84%;UP;-8,36000;18.59%
2026-07-09 01:00:00;4074,58000;4076,50000;4084,71470;4082,65889;4063,13155;4050,70995;4056,17454;4072,79502;4088,71919;4111,33240;4142,32790;4156,70707;4120,09253;20,12310;20,55441;47,64955;21,58316;1,07256;UPTREND;;False;;0;8;HMA8:DOWN|HMA13:UP|HMA21:UP;2;1;True;False;89;89;;8,55,89;8,89;8;89;;89;;False;DOWN;21,78000;48.39%;UP;18,74000;41.65%;UP;-3,45000;7.67%
2026-07-09 02:00:00;4076,51000;4076,15000;4080,34961;4084,46093;4068,22758;4052,28496;4055,34428;4070,68309;4086,12348;4108,30195;4139,69242;4154,89841;4120,07525;19,10002;19,83729;53,64595;16,23335;0,84991;UPTREND;;False;;0;8;HMA8:DOWN|HMA13:UP|HMA21:UP;2;1;True;False;89;89;;8,55,89;8,89;8;;;;;False;DOWN;8,36000;18.58%;UP;19,95000;44.34%;UP;0,60000;1.33%
2026-07-09 03:00:00;4076,15000;4073,93000;4076,12511;4083,32782;4072,27906;4054,08335;4054,79461;4068,82345;4083,69058;4105,39842;4137,10903;4153,11557;4120,04707;19,12930;18,47496;53,66574;11,04876;0,57758;DOWNTREND;REVERSAL_TO_HMA8;False;;0;8;HMA8:DOWN|HMA13:DOWN|HMA21:UP;1;2;False;True;;;;;8;8;;8;;8;False;DOWN;-5,09000;11.32%;DOWN;17,36000;38.57%;UP;3,68000;8.17%
2026-07-09 04:00:00;4073,81000;4072,76000;4073,42772;4080,40023;4075,54077;4056,16621;4054,41165;4067,14022;4081,40397;4102,60727;4134,56540;4151,35256;4120,01110;18,92650;17,62292;53,46729;6,97250;0,36840;DOWNTREND;ADVANCE_HMA21;False;;0;8;HMA8:DOWN|HMA13:DOWN|HMA21:UP;1;2;False;True;21;;21;;8,21;8;;8,21;;21;False;DOWN;-9,83000;21.86%;DOWN;11,45000;25.43%;UP;6,91000;15.36%
2026-07-09 05:00:00;4072,76000;4065,00000;4069,06372;4075,76178;4076,96254;4058,18461;4053,91860;4065,46075;4079,15831;4099,87997;4132,02416;4149,57880;4119,96018;18,87318;16,60140;51,71629;7,89882;0,41852;DOWNTREND;ADVANCE_HMA89;False;;0;8;HMA8:DOWN|HMA13:DOWN|HMA21:UP;1;2;False;True;8,89;;8,89;;8,21,89;8,89;;8,89;;89;False;DOWN;-11,71000;26.03%;DOWN;4,01000;8.91%;UP;9,87000;21.93%
2026-07-09 06:00:00;4064,66000;4064,12000;4064,78102;4070,72380;4076,47409;4059,96927;4053,33284;4063,76136;4076,91612;4097,21503;4129,48531;4147,78933;4119,89825;18,48152;16,19823;49,66694;11,69307;0,63269;DOWNTREND;;False;;0;8;HMA8:DOWN|HMA13:DOWN|HMA21:DOWN;0;3;False;True;8,89;;8,89;89;8,21,89;8,89;89;;89;;True;DOWN;-11,89000;26.43%;DOWN;-3,25000;7.23%;DOWN;11,45000;25.43%
2026-07-09 07:00:00;4064,31000;4064,22000;4062,35941;4066,27068;4074,63137;4061,40995;4052,69225;4062,03675;4074,67724;4094,60153;4126,95313;4145,98484;4119,83052;17,74141;15,82386;48,22626;12,27196;0,69171;DOWNTREND;;False;;0;8;HMA8:DOWN|HMA13:DOWN|HMA21:DOWN;0;3;False;True;8,89;;8,89;8,89;8,21,89;8,89;8;;8;;True;DOWN;-10,98000;24.39%;DOWN;-8,75000;19.45%;DOWN;11,75000;26.1%
2026-07-09 08:00:00;4064,22000;4081,89000;4068,38235;4066,88795;4073,87770;4063,45953;4052,51705;4060,54867;4072,60811;4092,13672;4124,50036;4144,22379;4119,78470;17,94202;15,09479;45,54565;6,98975;0,38957;UPTREND;REVERSAL_TO_HMA21;False;;2;8,13,21;HMA8:UP|HMA13:UP|HMA21:DOWN;2;1;True;False;;;;8,13,21,116;;8,13;8,13,21,116;;8,13,21,116;;False;UP;-4,02000;8.94%;UP;-9,27000;20.6%;DOWN;10,01000;22.24%
2026-07-09 09:00:00;4081,92000;4107,95000;4087,21531;4076,28305;4077,10133;4067,34146;4053,46470;4059,63049;4070,95130;4089,97403;4122,22794;4142,58736;4119,79923;18,56759;15,51890;43,57740;10,93227;0,58878;UPTREND;ADVANCE_HMA144;False;;1;8,13,21;HMA8:UP|HMA13:UP|HMA21:UP;3;0;True;False;8,144;8,144;;8,13,21,116,144;;8,13;8,144;;144;;False;UP;13,73000;30.52%;UP;-3,62000;8.04%;UP;8,48000;18.85%
2026-07-09 10:00:00;4107,90000;4107,84000;4105,31407;4089,49381;4082,99666;4072,54985;4055,37264;4059,21803;4069,67631;4088,08575;4120,12015;4141,05971;4119,86909;17,93134;16,03749;50,31744;22,31742;1,24460;UPTREND;;False;;0;8,13,21;HMA8:UP|HMA13:UP|HMA21:UP;3;0;True;False;8,144;8,144;;8,13,21,116,144;;8,13;;;;;False;UP;29,47000;65.49%;UP;4,83000;10.74%;UP;8,34000;18.53%
2026-07-09 11:00:00;4107,88000;4108,19000;4115,71185;4102,26637;4090,21621;4078,58757;4058,10259;4059,25706;4068,75547;4086,45696;4118,16610;4139,62542;4119,99074;17,54339;16,78700;45,43177;25,49564;1,45329;UPTREND;;False;;0;8,13,21;HMA8:UP|HMA13:UP|HMA21:UP;3;0;True;False;8,144;8,144;;8,13,21,116,144;8;8,13;;8;;8;True;UP;37,25000;82.77%;UP;14,13000;31.41%;UP;8,78000;19.5%
2026-07-09 12:00:00;4108,19000;4106,31000;4117,60343;4111,33549;4097,18214;4084,70955;4061,45812;4059,66627;4068,13923;4085,05510;4116,35093;4138,26862;4120,15798;16,93886;17,33942;41,91419;20,42128;1,20559;UPTREND;;False;;0;8,13,21;HMA8:UP|HMA13:UP|HMA21:UP;3;0;True;False;8,144;8,144;;8,13,21,116,144;8,13;8,13;;13;;13;True;UP;36,00000;79.99%;UP;21,78000;48.4%;UP;9,70000;21.56%
2026-07-09 13:00:00;4106,27000;4099,03000;4111,07996;4114,97410;4102,33418;4089,91011;4065,08579;4060,30267;4067,73049;4083,81425;4114,63401;4136,95663;4120,35598;16,89465;17,19570;42,59085;12,63993;0,74816;UPTREND;;False;;0;8,13,21;HMA8:DOWN|HMA13:UP|HMA21:UP;2;1;True;False;8,144;8,144;;8,13,21,116,144;8,13,21;8,13;;21;;21;True;DOWN;19,45000;43.22%;UP;25,66000;57.03%;UP;10,09000;22.42%
2026-07-09 14:00:00;4099,34000;4108,57000;4107,33126;4116,05977;4106,98253;4094,58245;4069,11166;4061,26657;4067,59346;4082,78087;4113,05262;4135,71659;4120,59481;16,59146;17,08404;42,71857;9,07725;0,54710;UPTREND;;False;;0;8,13,21;HMA8:DOWN|HMA13:UP|HMA21:UP;2;1;True;False;8,21,144;8,21,144;;8,13,21,116,144;8,13,21;8,13,21;8,21;;21;;False;DOWN;1,74000;3.87%;UP;26,29000;58.42%;UP;10,73000;23.85%
2026-07-09 15:00:00;4108,75000;4107,72000;4106,72806;4115,06493;4110,90366;4098,70138;4073,33460;4062,48427;4067,68354;4081,92854;4111,59242;4134,53940;4120,86665;16,65565;17,57415;41,81499;8,33688;0,50054;DOWNTREND;REVERSAL_TO_HMA21;False;;0;21;HMA8:DOWN|HMA13:DOWN|HMA21:UP;1;2;False;True;;;;;21;;;21;;21;False;DOWN;-7,68000;17.07%;DOWN;21,21000;47.13%;UP;11,52000;25.6%
2026-07-09 16:00:00;4107,57000;4121,89000;4112,65035;4116,60861;4115,52606;4103,16636;4077,94828;4064,08088;4068,08660;4081,32444;4110,30714;4133,46359;4121,18991;17,08953;18,33832;41,16825;3,95826;0,23162;UPTREND;REVERSAL_TO_HMA377;False;;2;8,13,21;HMA8:UP|HMA13:UP|HMA21:UP;3;0;True;False;;;;8,13,21,188,377;;8,13,21,377;8,13,21,188,377;;8,13,21,188,377;;False;UP;-4,14000;9.21%;UP;14,81000;32.92%;UP;12,87000;28.6%
2026-07-09 17:00:00;4121,85000;4127,69000;4122,63328;4120,71137;4120,77953;4108,17694;4082,94801;4066,03849;4068,79440;4080,97536;4109,20643;4132,49776;4121,56856;17,41885;19,32501;38,43334;1,92191;0,11034;UPTREND;;False;;1;8,13,21;HMA8:UP|HMA13:UP|HMA21:UP;3;0;True;False;8;8;;8,13,21,188,377;;8,13,21,377;8;;;;False;UP;9,41000;20.92%;UP;10,01000;22.24%;UP;14,84000;32.97%
2026-07-09 18:00:00;4127,78000;4126,96000;4129,32798;4125,66277;4125,48258;4113,42789;4088,15316;4068,27256;4069,73244;4080,83992;4108,26781;4131,62770;4121,99738;16,73893;20,24122;36,99571;3,84541;0,22973;UPTREND;;False;;0;8,13,21;HMA8:UP|HMA13:UP|HMA21:UP;3;0;True;False;8;8;;8,13,21,188,377;8;8,13,21,377;;8;;8;False;UP;18,19000;40.41%;UP;8,12000;18.04%;UP;17,13000;38.08%
2026-07-09 19:00:00;4126,83000;4127,99000;4132,45302;4129,94898;4129,31225;4118,61830;4093,46189;4070,76229;4070,85985;4080,88679;4107,47369;4130,84471;4122,47364;16,43401;21,33707;34,98316;3,14077;0,19111;UPTREND;;False;;0;8,13,21;HMA8:UP|HMA13:UP|HMA21:UP;3;0;True;False;8,13,21;8,13,21;;8,13,21,188,377;8;8,13,21,377;13,21;;;;False;UP;21,37000;47.49%;UP;8,64000;19.19%;UP;17,63000;39.17%
2026-07-09 20:00:00;4128,07000;4136,10000;4135,51531;4134,40242;4133,02340;4123,93653;4098,97810;4073,57230;4072,22438;4081,12977;4106,83810;4130,16233;4123,00539;16,18943;22,29226;35,93083;2,49192;0,15392;UPTREND;ADVANCE_HMA233;False;;0;8,13,21;HMA8:UP|HMA13:UP|HMA21:UP;3;0;True;False;8,13,21,233;8,13,21,233;;8,13,21,188,233,377;8;8,13,21,377;8,13,21,233;;233;;False;UP;19,45000;43.22%;UP;10,69000;23.76%;UP;17,17000;38.16%
2026-07-09 21:00:00;4136,01000;4124,50000;4133,16039;4135,78657;4135,21565;4128,35698;4104,22108;4076,48529;4073,68215;4081,46304;4106,28347;4129,52927;4123,56843;16,09019;22,82988;40,62862;2,62618;0,16322;UPTREND;;False;;0;8,13,21;HMA8:DOWN|HMA13:UP|HMA21:UP;2;1;True;False;8,13,21,233;8,13,21,233;;8,13,21,188,233,377;8,13,21,34,233;8,13,21,377;;8,13,21,34,233;;8,13,21,34,233;True;DOWN;9,29000;20.64%;UP;12,11000;26.92%;UP;15,62000;34.72%
2026-07-09 22:00:00;4124,50000;4122,37000;4127,97644;4134,11813;4136,06079;4131,73103;4109,03343;4079,42704;4075,19216;4081,86346;4105,78533;4128,92795;4124,15475;15,51232;23,07633;48,67569;8,08435;0,52116;DOWNTREND;REVERSAL_TO_HMA377;False;;0;;HMA8:DOWN|HMA13:DOWN|HMA21:UP;1;2;False;True;;;;;377;;;377;;377;False;DOWN;-1,25000;2.77%;DOWN;10,65000;23.68%;UP;14,07000;31.27%
2026-07-09 23:00:00;4122,37000;4123,83000;4124,26070;4131,00411;4135,99769;4134,21418;4113,36949;4082,36429;4076,74733;4082,33275;4105,34441;4128,35227;4124,76214;14,76501;23,30517;53,75641;11,73699;0,79492;DOWNTREND;;False;;0;;HMA8:DOWN|HMA13:DOWN|HMA21:DOWN;0;3;False;True;;;;;377;;;;;;False;DOWN;-7,90000;17.55%;DOWN;6,63000;14.73%;DOWN;12,84000;28.54%
2026-07-10 01:00:00;4125,30000;4121,68000;4121,28478;4127,60675;4134,83694;4135,73656;4117,17603;4085,23162;4078,30058;4082,84976;4104,94478;4127,78794;4125,38254;14,10822;23,61646;52,90162;13,55216;0,96059;DOWNTREND;;False;;0;;HMA8:DOWN|HMA13:DOWN|HMA21:DOWN;0;3;False;True;8,377;;8,377;;8,377;8;;8,377;;8,377;False;DOWN;-14,15000;31.45%;DOWN;1,32000;2.92%;DOWN;11,17000;24.82%
2026-07-10 02:00:00;4121,68000;4123,32000;4120,87176;4124,88341;4133,26812;4136,47420;4120,53148;4088,02511;4079,85375;4083,41743;4104,58845;4127,23836;4126,01338;13,38335;23,84926;51,05211;12,39636;0,92625;DOWNTREND;;False;;0;;HMA8:DOWN|HMA13:DOWN|HMA21:DOWN;0;3;False;True;8,377;;8,377;;8,377;8;;;;;False;DOWN;-12,93000;28.73%;DOWN;-3,61000;8.02%;DOWN;9,49000;21.08%
2026-07-10 03:00:00;4123,32000;4126,38000;4122,98906;4123,51993;4131,69186;4136,81534;4123,56624;4090,78065;4081,42132;4084,04294;4104,28337;4126,71040;4126,65410;13,40525;23,29333;52,06170;8,70280;0,64921;DOWNTREND;;False;;0;;HMA8:UP|HMA13:DOWN|HMA21:DOWN;1;2;False;True;8,377;;8,377;13,55,377;8,377;8;13,55,377;;13,55,377;;True;UP;-5,31000;11.81%;DOWN;-7,71000;17.12%;DOWN;6,88000;15.28%
2026-07-10 04:00:00;4126,23000;4116,78000;4121,49070;4121,58581;4129,16241;4136,36314;4126,05101;4093,37148;4082,91546;4084,65600;4103,97760;4126,17021;4127,28383;14,03702;22,16161;56,99507;7,67171;0,54653;DOWNTREND;ADVANCE_HMA13;False;;0;;HMA8:DOWN|HMA13:DOWN|HMA21:DOWN;0;3;False;True;8,13,55,233;;8,13,55,233;13,55,377;8,13,55,233,377;8,13,233;;8,13,55,233;;13,55,233;False;DOWN;-2,82000;6.28%;DOWN;-9,57000;21.27%;DOWN;3,42000;7.59%
2026-07-10 05:00:00;4116,76000;4127,80000;4122,84791;4121,78701;4127,44526;4135,93959;4128,38575;4095,96746;4084,45762;4085,32208;4103,71898;4125,65187;4127,91684;13,96295;21,11072;64,62190;5,65825;0,40523;UPTREND;REVERSAL_TO_HMA21;False;;2;8,13,21;HMA8:UP|HMA13:UP|HMA21:DOWN;2;1;True;False;;;;8,13,21,55,233,377;;8,13,55,377;8,13,21,55,233,377;;8,13,21,55,233,377;;False;UP;1,60000;3.56%;UP;-8,37000;18.61%;DOWN;0,81000;1.79%
2026-07-10 06:00:00;4127,80000;4120,19000;4122,79272;4121,57737;4125,63032;4135,17279;4130,36577;4098,47313;4085,98084;4085,98906;4103,46646;4125,12545;4128,53898;14,06488;20,65898;66,12484;4,05295;0,28816;UPTREND;;False;;1;8,13,21;HMA8:DOWN|HMA13:DOWN|HMA21:DOWN;0;3;False;True;;;;8,13,21,55,233,377;8,13,21,233;8,13,21,55,233,377;;8,13,21,233;;8,13,21,233;False;DOWN;1,96000;4.35%;DOWN;-6,37000;14.16%;DOWN;-1,50000;3.33%
2026-07-10 07:00:00;4120,18000;4115,14000;4119,17939;4120,18832;4123,36947;4133,88054;4131,87857;4100,85407;4087,44978;4086,62775;4103,19901;4124,57313;4129,14084;13,71239;19,42318;65,58597;4,19008;0,30557;UPTREND;;False;;0;8,13,21;HMA8:DOWN|HMA13:DOWN|HMA21:DOWN;0;3;False;True;;;;8,13,21,55,233,377;8,13,21,233;8,13,21,55,233,377;;8;;;False;DOWN;-3,97000;8.83%;DOWN;-5,15000;11.45%;DOWN;-4,03000;8.95%
2026-07-10 08:00:00;4115,14000;4116,78000;4116,75870;4118,18809;4121,32336;4132,25349;4133,01339;4103,15334;4088,89998;4087,25366;4102,92891;4123,99956;4129,72415;13,37650;18,17736;61,81789;4,56466;0,34124;UPTREND;;False;;0;8,13,21;HMA8:DOWN|HMA13:DOWN|HMA21:DOWN;0;3;False;True;8;8;;8,13,21,55,233,377;8,13,21,233;8,13,21,55,233,377;8;;;;False;DOWN;-5,05000;11.23%;DOWN;-4,77000;10.6%;DOWN;-5,93000;13.18%
2026-07-10 09:00:00;4116,82000;4111,72000;4113,25667;4115,44895;4118,85656;4130,14247;4133,66006;4105,31696;4090,29277;4087,83901;4102,63672;4123,39120;4130,27979;13,05604;17,03092;62,06192;5,59989;0,42891;UPTREND;;False;;0;8,13,21;HMA8:DOWN|HMA13:DOWN|HMA21:DOWN;0;3;False;True;8;8;;8,13,21,55,233,377;8,13,21,233;8,13,21,55,233,377;;8,13;;;False;DOWN;-10,41000;23.13%;DOWN;-5,88000;13.07%;DOWN;-7,51000;16.68%
2026-07-10 10:00:00;4111,61000;4108,91000;4109,59202;4112,36181;4116,08139;4127,46857;4133,78765;4107,30534;4091,61235;4088,37742;4102,31515;4122,74537;4130,80204;12,90918;16,34376;57,28934;6,48937;0,50269;UPTREND;;False;;0;8,13,21;HMA8:DOWN|HMA13:DOWN|HMA21:DOWN;0;3;False;True;8;8;;8,13,21,55,233,377;8,13,21,233;8,13,21,55,233,377;;8;;;False;DOWN;-14,34000;31.87%;DOWN;-6,79000;15.09%;DOWN;-8,77000;19.49%
2026-07-10 11:00:00;4108,98000;4097,88000;4103,35452;4106,86457;4112,12727;4123,92542;4133,17141;4108,96643;4092,76738;4088,80584;4101,92309;4122,03329;4131,27324;13,03852;16,52377;49,82707;8,77275;0,67283;DOWNTREND;REVERSAL_TO_HMA188;False;;2;8,13;HMA8:DOWN|HMA13:DOWN|HMA21:DOWN;0;3;False;True;;;;;8,13,89,188;8,13,188;;8,13,89,188;;89,188;False;DOWN;-16,88000;37.51%;DOWN;-10,80000;24.0%;DOWN;-9,88000;21.96%
2026-07-10 12:00:00;4097,79000;4104,28000;4099,85004;4102,59397;4108,30039;4120,25011;4132,07068;4110,40959;4093,83475;4089,17659;4101,49873;4121,28439;4131,70406;12,89792;16,72635;49,87256;8,45035;0,65517;DOWNTREND;;False;;1;8,13;HMA8:DOWN|HMA13:DOWN|HMA21:DOWN;0;3;False;True;;;;8,13,188;8,13,89,188;8,13,188;8,13,188;;8,13,188;;False;DOWN;-18,15000;40.32%;DOWN;-13,78000;30.63%;DOWN;-10,96000;24.35%
2026-07-10 13:00:00;4104,42000;4104,62000;4100,03107;4100,10833;4105,03464;4116,66250;4130,61236;4111,66216;4094,82828;4089,50160;4101,05070;4120,50873;4132,09594;12,58021;16,08326;49,98552;5,00356;0,39773;DOWNTREND;;False;;0;8,13;HMA8:UP|HMA13:DOWN|HMA21:DOWN;1;2;False;True;;;;8,13,188;8,13,89,188;8,13,188;;;;;False;UP;-14,73000;32.72%;DOWN;-14,90000;33.1%;DOWN;-11,96000;26.59%
2026-07-10 14:00:00;4104,49000;4102,26000;4100,60356;4098,88308;4102,32828;4113,22042;4128,84909;4112,70590;4095,73831;4089,77371;4100,57488;4119,70462;4132,44650;12,54662;16,18604;51,71499;3,44519;0,27459;DOWNTREND;;False;;0;8,13;HMA8:UP|HMA13:DOWN|HMA21:DOWN;1;2;False;True;21;;21;8,13,188;8,13,21,89,188;8,13,21,188;;21;;21;False;UP;-10,15000;22.56%;DOWN;-14,38000;31.96%;DOWN;-12,07000;26.83%
2026-07-10 15:00:00;4102,26000;4100,62000;4100,90315;4098,06128;4100,07438;4110,01221;4126,83514;4113,55412;4096,55648;4089,99305;4100,07001;4118,87271;4132,75471;13,06043;15,33118;54,96473;2,84187;0,21759;DOWNTREND;;False;;0;8,13;HMA8:UP|HMA13:DOWN|HMA21:DOWN;1;2;False;True;8,21;;8,21;8,13,188;8,13,21,89,188;8,13,21,188;;8,21;;;False;UP;-2,69000;5.97%;DOWN;-12,51000;27.8%;DOWN;-11,84000;26.3%
2026-07-10 16:00:00;4100,62000;4099,82000;4100,22183;4097,59066;4098,18390;4107,08280;4124,65194;4114,21188;4097,29827;4090,16843;4099,54049;4118,01706;4133,02150;13,62826;15,47906;51,08962;2,63117;0,19307;DOWNTREND;;False;;0;8,13;HMA8:DOWN|HMA13:DOWN|HMA21:DOWN;0;3;False;True;8,21,188;;8,21,188;8,13,188;8,13,21,89,188;8,13,21,188;;8,21,188;;;False;DOWN;0,39000;0.87%;DOWN;-10,24000;22.75%;DOWN;-11,39000;25.3%
2026-07-10 17:00:00;4099,88000;4092,80000;4096,64593;4096,13538;4095,98537;4104,01102;4122,18701;4114,59538;4097,91614;4090,26528;4098,96412;4117,12141;4133,23868;15,22981;16,42154;46,59740;0,66056;0,04337;DOWNTREND;ADVANCE_HMA116;False;;0;8,13;HMA8:DOWN|HMA13:DOWN|HMA21:DOWN;0;3;False;True;8,13,21,116;;8,13,21,116;8,13,188;8,13,21,89,116,188;8,13,21,188;;8,13,21,116,188;;116;False;DOWN;-3,18000;7.07%;DOWN;-6,70000;14.88%;DOWN;-10,19000;22.65%
2026-07-10 18:00:00;4093,21000;4112,93000;4100,83772;4098,36973;4095,98962;4102,05557;4120,05997;4115,01305;4098,61760;4090,43320;4098,43907;4116,25807;4133,44137;15,71411;16,84374;46,55444;4,84810;0,30852;UPTREND;REVERSAL_TO_HMA34;False;;2;8,13,21;HMA8:UP|HMA13:UP|HMA21:UP;3;0;True;False;;;;8,13,21,34,116,188;;8,13,21,116;8,13,21,34,116,188;;8,13,21,34,116,188;;False;UP;0,21000;0.47%;UP;-2,57000;5.7%;UP;-9,16000;20.35%
2026-07-10 19:00:00;4113,06000;4104,49000;4104,92004;4100,84524;4096,74108;4100,59204;4117,98728;4115,35029;4099,32801;4090,62635;4097,93074;4115,40343;4133,61732;15,37810;17,03497;46,19636;8,17896;0,53186;UPTREND;;False;;1;8,13,21;HMA8:UP|HMA13:UP|HMA21:UP;3;0;True;False;;;;8,13,21,34,116,188;8;8,13,21,116;;8;;8;False;UP;3,74000;8.3%;UP;0,46000;1.02%;UP;-8,18000;18.19%
2026-07-10 20:00:00;4104,40000;4100,59000;4104,80694;4102,34476;4097,55983;4099,35250;4115,86757;4115,57175;4100,01997;4090,82813;4097,42585;4114,54839;4133,76217;14,73752;17,48107;54,02673;7,24711;0,49175;UPTREND;;False;;0;8,13,21;HMA8:DOWN|HMA13:UP|HMA21:UP;2;1;True;False;;;;8,13,21,34,116,188;8,13,34;8,13,21,116;;13,34;;13,34;False;DOWN;4,45000;9.88%;UP;2,24000;4.98%;UP;-7,16000;15.92%
2026-07-10 21:00:00;4100,61000;4101,19000;4103,80606;4102,59451;4098,42372;4098,36879;4113,76533;4115,68911;4100,71026;4091,05304;4096,93195;4113,70119;4133,87894;14,21199;18,05495;54,52913;5,38234;0,37872;UPTREND;;False;;0;8,13,21;HMA8:DOWN|HMA13:UP|HMA21:UP;2;1;True;False;116;116;;8,13,21,34,116,188;8,13,34;8,13,21,116;116;;;;False;DOWN;7,18000;15.95%;UP;3,04000;6.76%;UP;-5,51000;12.24%
2026-07-10 22:00:00;4101,10000;4108,38000;4104,42252;4104,05234;4099,69251;4097,97819;4111,91481;4115,80822;4101,46477;4091,35181;4096,48702;4112,88885;4133,98123;13,99827;18,18435;54,94792;4,73001;0,33790;UPTREND;;False;;0;8,13,21;HMA8:UP|HMA13:UP|HMA21:UP;3;0;True;False;8,13,116;8,13,116;;8,13,21,34,116,188;8,13,34;8,13,21,116;8,13,116;;;;False;UP;3,66000;8.14%;UP;4,40000;9.78%;UP;-3,52000;7.82%
2026-07-10 23:00:00;4108,39000;4119,78000;4110,94374;4108,52172;4102,63067;4098,62449;4110,61278;4116,07771;4102,38534;4091,79653;4096,14376;4112,14905;4134,08896;13,90411;17,09604;54,89978;8,31307;0,59789;UPTREND;ADVANCE_HMA89;False;;0;8,13,21;HMA8:UP|HMA13:UP|HMA21:UP;3;0;True;False;8,13,55,89,116,233;8,13,55,89,116,233;;8,13,21,34,55,89,116,188,233;8,13,34;8,13,21,89,116;8,13,55,89,233;;55,89,233;;False;UP;6,18000;13.74%;UP;8,45000;18.77%;UP;-0,99000;2.2%
2026-07-13 01:00:00;4085,72000;4076,67000;4101,73133;4104,34877;4101,89571;4097,78599;4108,63199;4115,89544;4103,04519;4092,10223;4095,70415;4111,34192;4134,13337;16,47953;18,35939;59,19744;2,61743;0,15883;UPTREND;;False;;0;8,13,21;HMA8:DOWN|HMA13:DOWN|HMA21:DOWN;0;3;False;True;8,13,55,89,116,233;8,13,55,89,116,233;;8,13,21,34,55,89,116,188,233;8,13,34;8,13,21,89,116;;;;;False;DOWN;-2,67000;5.94%;DOWN;3,46000;7.69%;DOWN;-0,15000;0.33%
2026-07-13 02:00:00;4076,65000;4084,38000;4089,10474;4097,13512;4099,34555;4096,27596;4106,30143;4115,41338;4103,52961;4092,33292;4095,21235;4110,50031;4134,13153;16,46814;19,59333;58,39266;10,24081;0,62186;UPTREND;;False;;0;8,13,21;HMA8:DOWN|HMA13:DOWN|HMA21:DOWN;0;3;False;True;8,13,55,89,116,233;8,13,55,89,116,233;;8,13,21,34,55,89,116,188,233;8,13,34;8,13,21,89,116;;;;;False;DOWN;-12,58000;27.96%;DOWN;-2,15000;4.78%;DOWN;-0,25000;0.56%
2026-07-13 03:00:00;4085,12000;4073,99000;4077,42669;4087,23053;4094,51295;4093,74438;4103,47776;4114,52416;4103,74942;4092,43134;4094,62998;4109,59698;4134,07050;17,43041;21,04396;56,29055;17,08627;0,98026;DOWNTREND;REVERSAL_TO_HMA8;False;;0;8;HMA8:DOWN|HMA13:DOWN|HMA21:DOWN;0;3;False;True;;;;;8;8;;8;;8;False;DOWN;-21,17000;47.04%;DOWN;-8,22000;18.27%;DOWN;-1,21000;2.68%
2026-07-13 04:00:00;4074,14000;4072,13000;4067,93807;4078,19440;4088,37620;4090,44555;4100,25870;4113,23750;4103,70790;4092,39818;4093,96138;4108,63202;4133,95130;17,91681;22,39097;58,48937;20,43812;1,14072;DOWNTREND;;False;;0;8;HMA8:DOWN|HMA13:DOWN|HMA21:DOWN;0;3;False;True;8;;8;;8;8;;8;;;False;DOWN;-30,97000;68.82%;DOWN;-12,79000;28.42%;DOWN;-2,43000;5.4%
2026-07-13 05:00:00;4072,58000;4068,62000;4064,42543;4069,63154;4081,93882;4086,61320;4096,68547;4111,57326;4103,39146;4092,22321;4093,20282;4107,60192;4133,77260;17,54561;23,67466;58,57181;17,51339;0,99816;DOWNTREND;;False;;0;8;HMA8:DOWN|HMA13:DOWN|HMA21:DOWN;0;3;False;True;8,13;;8,13;;8,13;8,13;;13;;13;False;DOWN;-27,99000;62.21%;DOWN;-18,11000;40.24%;DOWN;-4,58000;10.17%
2026-07-13 06:00:00;4068,58000;4060,47000;4060,45585;4061,58377;4074,85368;4082,34230;4092,68157;4109,48179;4102,76627;4091,86893;4092,32960;4106,48948;4133,52568;17,45950;25,36420;53,31555;14,39783;0,82464;DOWNTREND;;False;;0;8;HMA8:DOWN|HMA13:DOWN|HMA21:DOWN;0;3;False;True;8,13;;8,13;;8,13;8,13;;8,13;;;False;DOWN;-22,30000;49.57%;DOWN;-24,14000;53.63%;DOWN;-7,15000;15.88%
2026-07-13 07:00:00;4060,49000;4058,86000;4056,97107;4055,93516;4067,82900;4077,74518;4088,41190;4107,01593;4101,85430;4091,34234;4091,34915;4105,29937;4133,21264;16,94167;27,04033;50,31652;11,89383;0,70205;DOWNTREND;;False;;0;8;HMA8:DOWN|HMA13:DOWN|HMA21:DOWN;0;3;False;True;8,13;;8,13;;8,13;8,13;;8,13;;;False;DOWN;-16,80000;37.33%;DOWN;-25,47000;56.59%;DOWN;-9,95000;22.12%
2026-07-13 08:00:00;4058,86000;4053,79000;4053,54059;4051,36082;4060,83810;4072,85368;4083,99437;4104,19516;4100,64363;4090,64059;4090,25124;4104,02477;4132,82915;17,22084;27,28451;48,09114;9,47728;0,55034;DOWNTREND;;False;;0;8;HMA8:DOWN|HMA13:DOWN|HMA21:DOWN;0;3;False;True;8,13;;8,13;;8,13;8,13;;8,13;;;False;DOWN;-11,81000;26.23%;DOWN;-23,89000;53.1%;DOWN;-12,31000;27.36%
2026-07-13 09:00:00;4053,59000;4055,48000;4051,55807;4048,75150;4054,69964;4068,01085;4079,56700;4101,14570;4099,19837;4089,80256;4089,06466;4102,68145;4132,38252;17,40292;27,91842;44,40118;5,94814;0,34179;DOWNTREND;;False;;0;8;HMA8:DOWN|HMA13:DOWN|HMA21:DOWN;0;3;False;True;8,13;;8,13;21;8,13;8,13;21;;21;;True;DOWN;-10,47000;23.27%;DOWN;-20,23000;44.95%;DOWN;-14,50000;32.21%
2026-07-13 10:00:00;4055,54000;4064,77000;4055,45065;4049,59933;4050,92741;4063,92792;4075,50751;4098,10505;4097,65856;4088,91308;4087,84828;4101,30717;4131,89198;17,31486;28,35037;45,17823;5,85132;0,33794;UPTREND;REVERSAL_TO_HMA34;False;;0;;HMA8:UP|HMA13:UP|HMA21:DOWN;2;1;True;False;;;;34;;;34;;34;;False;UP;-4,13000;9.19%;UP;-15,39000;34.2%;DOWN;-16,63000;36.95%
2026-07-13 11:00:00;4065,01000;4074,54000;4064,63898;4054,92759;4050,61462;4061,15896;4072,10519;4095,23114;4096,17298;4088,05463;4086,65774;4099,94330;4131,37629;17,33308;27,33740;46,80625;14,02436;0,80911;UPTREND;ADVANCE_HMA55;False;;0;;HMA8:UP|HMA13:UP|HMA21:DOWN;2;1;True;False;55;55;;34,55;;;55;;55;;False;UP;6,31000;14.02%;UP;-8,05000;17.88%;DOWN;-16,48000;36.62%
2026-07-13 12:00:00;4074,54000;4068,19000;4070,71430;4060,83258;4051,98549;4059,10007;4069,15478;4092,45453;4094,68825;4087,20584;4085,47286;4098,57586;4130,82746;16,70000;26,39680;46,96158;18,72880;1,12148;UPTREND;;False;;0;;HMA8:UP|HMA13:UP|HMA21:UP;3;0;True;False;55;55;;34,55;8,55;;;8,55;;8,55;True;UP;14,42000;32.04%;UP;-0,43000;0.95%;UP;-15,83000;35.18%
2026-07-13 13:00:00;4068,15000;4060,54000;4069,58678;4064,06621;4053,48909;4057,26138;4066,44001;4089,68631;4093,15216;4086,34653;4084,27237;4097,18687;4130,23572;17,20072;26,68789;48,69736;16,09768;0,93587;UPTREND;;False;;0;;HMA8:DOWN|HMA13:UP|HMA21:UP;2;1;True;False;55;55;;34,55;8,13,55;;;13,55;;13,55;True;DOWN;14,68000;32.63%;UP;4,50000;10.01%;UP;-13,41000;29.81%
2026-07-13 14:00:00;4060,55000;4056,34000;4063,54737;4063,91286;4054,25968;4055,36172;4063,83855;4086,89324;4091,54226;4085,45971;4083,05765;4095,77115;4129,59695;16,92710;26,95819;58,58846;9,65318;0,57028;UPTREND;;False;;0;;HMA8:DOWN|HMA13:DOWN|HMA21:UP;1;2;False;True;55;55;;34,55;8,13,34,55;34;;34;;34;False;DOWN;6,82000;15.15%;DOWN;7,05000;15.66%;UP;-11,40000;25.32%
2026-07-13 15:00:00;4056,34000;4067,28000;4061,54837;4064,25775;4055,62166;4054,01685;4061,64831;4084,25018;4089,97760;4084,62251;4081,88521;4094,37506;4128,93312;16,70445;27,27947;62,11309;8,63609;0,51699;UPTREND;;False;;0;;HMA8:DOWN|HMA13:UP|HMA21:UP;2;1;True;False;8,13,55;8,13,55;;8,13,34,55;8,13,34,55;13,34;8,13,55;;8,13,55;;False;DOWN;-2,65000;5.89%;UP;8,79000;19.54%;UP;-8,95000;19.9%
2026-07-13 16:00:00;4067,43000;4043,14000;4054,00565;4059,74619;4055,00587;4051,86136;4059,14159;4081,43230;4088,23753;4083,67727;4080,65225;4092,93225;4128,20877;17,34127;28,13111;62,07100;5,74054;0,33103;DOWNTREND;REVERSAL_TO_HMA8;False;;2;8,13,21;HMA8:DOWN|HMA13:DOWN|HMA21:DOWN;0;3;False;True;;;;;8,13,21,34,55;8,13,21,34,55;;8,13,21,34,55;;8,13,21,55;False;DOWN;-13,54000;30.1%;DOWN;5,57000;12.38%;DOWN;-6,53000;14.51%
2026-07-13 17:00:00;4043,19000;4015,26000;4034,77952;4046,93875;4050,07717;4047,81415;4055,63127;4078,10447;4086,08616;4082,45881;4079,24661;4091,36036;4127,38441;19,42690;30,23961;41,80520;15,29765;0,78745;DOWNTREND;;False;;1;8,13,21;HMA8:DOWN|HMA13:DOWN|HMA21:DOWN;0;3;False;True;8;;8;;8,13,21,34,55;8,13,21,34,55;;8;;;False;DOWN;-24,13000;53.62%;DOWN;-3,92000;8.71%;DOWN;-5,22000;11.6%
2026-07-13 18:00:00;4015,23000;4015,97000;4017,32130;4031,44173;4042,53081;4042,72709;4051,37027;4074,35552;4083,57775;4080,99921;4077,69636;4089,67723;4126,46857;18,74783;32,19751;43,76173;25,20951;1,34466;DOWNTREND;;False;;0;8,13,21;HMA8:DOWN|HMA13:DOWN|HMA21:DOWN;0;3;False;True;8;;8;;8,13,21,34,55;8,13,21,34,55;;;;;False;DOWN;-31,65000;70.33%;DOWN;-14,64000;32.54%;DOWN;-5,58000;12.39%
2026-07-13 19:00:00;4015,90000;3993,26000;3998,37748;4013,34609;4031,20876;4035,83729;4046,00555;4069,96507;4080,54359;4079,17934;4075,92132;4087,82318;4125,43315;19,65156;34,52102;40,43139;32,83128;1,67067;DOWNTREND;;False;;0;8,13,21;HMA8:DOWN|HMA13:DOWN|HMA21:DOWN;0;3;False;True;8,13;;8,13;;8,13,21,34,55;8,13,21,34,55;;8,13;;;False;DOWN;-38,79000;86.19%;DOWN;-23,28000;51.72%;DOWN;-6,82000;15.15%
2026-07-13 20:00:00;3993,62000;3993,09000;3985,59804;3997,15669;4018,58189;4027,93425;4039,86808;4065,06182;4077,04844;4077,03555;4073,94855;4085,81638;4124,28891;18,94359;36,67857;39,50662;32,98385;1,74116;DOWNTREND;;False;;0;8,13,21;HMA8:DOWN|HMA13:DOWN|HMA21:DOWN;0;3;False;True;8,13;;8,13;8;8,13,21,34,55;8,13,21,34,55;8;;8;;True;DOWN;-42,08000;93.5%;DOWN;-30,43000;67.61%;DOWN;-9,69000;21.53%
2026-07-13 21:00:00;3993,13000;4001,40000;3985,45141;3986,37425;4007,33158;4020,31970;4033,47787;4059,89810;4073,24641;4074,65147;4071,84137;4083,70158;4123,05653;18,90262;38,78756;40,64671;21,88018;1,15752;DOWNTREND;;False;;0;8,13,21;HMA8:DOWN|HMA13:DOWN|HMA21:DOWN;0;3;False;True;8,13;;8,13;8,13;8,13,21,34,55;8,13,21,34,55;13;;13;;True;DOWN;-33,12000;73.6%;DOWN;-34,48000;76.62%;DOWN;-12,90000;28.66%
2026-07-13 22:00:00;4001,40000;4001,89000;3990,48807;3982,43295;3998,13706;4013,43667;4027,07083;4054,59379;4069,22344;4072,05651;4069,62275;4081,49482;4121,74429;18,33815;40,74591;39,26615;15,70411;0,85636;DOWNTREND;;False;;0;8,13,21;HMA8:UP|HMA13:DOWN|HMA21:DOWN;1;2;False;True;8,13;;8,13;8,13,21;8,13,21,34,55;8,13,21,34,55;21;;21;;True;UP;-20,09000;44.65%;DOWN;-35,09000;77.99%;DOWN;-16,36000;36.37%
2026-07-13 23:00:00;4001,90000;4001,97000;3996,89533;3983,62524;3991,52005;4007,38021;4020,93405;4049,24644;4065,05325;4069,28611;4067,31361;4079,21032;4120,35923;17,69971;42,39119;37,75623;13,27009;0,74973;DOWNTREND;;False;;0;8,13,21;HMA8:UP|HMA13:UP|HMA21:DOWN;2;1;True;False;8,13;;8,13;8,13,21;8,13,21,34,55;8,13,21,34,55;;;;;False;UP;-1,20000;2.67%;UP;-30,80000;68.45%;DOWN;-19,30000;42.88%
2026-07-14 01:00:00;4005,22000;4000,95000;4000,98883;3986,99618;3987,02723;4002,18429;4015,20676;4043,92936;4060,79050;4066,37417;4064,93171;4076,85759;4118,90640;16,84687;43,86508;36,17744;13,99266;0,83058;DOWNTREND;;False;;0;8,13,21;HMA8:UP|HMA13:UP|HMA21:DOWN;2;1;True;False;8,13,34;;8,13,34;8,13,21;8,13,21,34,55;8,13,21,34,55;;8,34;;;False;UP;12,87000;28.59%;UP;-23,74000;52.74%;DOWN;-21,76000;48.35%
2026-07-14 02:00:00;4000,88000;4001,05000;4001,90972;3991,30792;3984,32286;3997,70477;4009,94575;4038,74764;4056,49531;4063,36112;4062,50204;4074,45026;4117,39317;16,38995;45,44020;36,73660;17,58686;1,07303;UPTREND;REVERSAL_TO_HMA34;False;;0;;HMA8:UP|HMA13:UP|HMA21:DOWN;2;1;True;False;;;;8,34;;8;8,34;;8,34;;False;UP;14,09000;31.32%;UP;-12,63000;28.07%;DOWN;-23,51000;52.24%
2026-07-14 03:00:00;4001,52000;4004,17000;4002,92052;3995,79300;3983,82657;3993,96625;4005,28842;4033,80396;4052,26243;4060,30178;4060,06024;4072,01341;4115,83096;16,90067;47,10624;40,46800;19,09395;1,12977;UPTREND;;False;;0;;HMA8:UP|HMA13:UP|HMA21:DOWN;2;1;True;False;8;8;;8,34;;8;8;;;;False;UP;10,42000;23.16%;UP;-0,77000;1.71%;DOWN;-22,84000;50.75%
2026-07-14 04:00:00;4004,31000;4010,35000;4006,28189;4000,82828;3985,83972;3991,23788;4001,35826;4029,19740;4048,18959;4057,26594;4057,65129;4069,58283;4114,23540;17,10991;48,08473;40,86740;20,44217;1,19476;UPTREND;;False;;0;;HMA8:UP|HMA13:UP|HMA21:UP;3;0;True;False;8,55;8,55;;8,34,55;;8;8,55;;55;;False;UP;7,81000;17.35%;UP;8,01000;17.81%;UP;-20,58000;45.73%
2026-07-14 05:00:00;4010,52000;4012,24000;4010,49937;4005,89055;3989,65357;3989,52325;3998,14842;4024,95585;4044,30111;4054,29732;4055,29693;4067,17716;4112,61407;16,81920;48,22103;41,15904;20,84580;1,23940;UPTREND;;False;;0;;HMA8:UP|HMA13:UP|HMA21:UP;3;0;True;False;8,55;8,55;;8,34,55;;8;;;;;False;UP;8,05000;17.88%;UP;13,09000;29.08%;UP;-17,45000;38.78%
2026-07-14 06:00:00;4012,25000;4016,58000;4015,20143;4011,06726;3994,91739;3988,99020;3995,68234;4021,10106;4040,64456;4051,44046;4053,03387;4064,82052;4110,97834;16,18640;48,34759;40,25605;20,28404;1,25315;UPTREND;;False;;0;;HMA8:UP|HMA13:UP|HMA21:UP;3;0;True;False;8,55;8,55;;8,34,55;;8;8;;;;False;UP;11,60000;25.78%;UP;15,78000;35.06%;UP;-12,64000;28.08%
2026-07-14 07:00:00;4016,89000;4020,18000;4019,76109;4016,17228;4000,88329;3989,64565;3993,95814;4017,63881;4037,23509;4048,71691;4050,88530;4062,53238;4109,33863;15,73809;47,96038;48,44546;18,87780;1,19950;UPTREND;;False;;0;;HMA8:UP|HMA13:UP|HMA21:UP;3;0;True;False;8,55,89;8,55,89;;8,34,55,89;;8;8,89;;89;;False;UP;14,98000;33.28%;UP;17,17000;38.16%;UP;-6,42000;14.26%
2026-07-14 08:00:00;4020,18000;4031,28000;4026,59891;4022,76529;4007,86796;3991,83314;3993,15399;4014,67994;4034,15183;4046,19322;4048,89769;4060,35744;4107,71742;15,64322;46,48986;51,29138;18,73095;1,19738;UPTREND;;False;;0;;HMA8:UP|HMA13:UP|HMA21:UP;3;0;True;False;8,13,55,89;8,13,55,89;;8,13,34,55,89;;8,13;8,13;;13;;False;UP;17,99000;39.97%;UP;18,53000;41.18%;UP;0,20000;0.44%
2026-07-14 09:00:00;4031,39000;4023,84000;4029,56285;4027,37846;4014,22148;3994,73878;3992,89924;4012,07193;4031,29824;4043,79929;4047,03075;4058,27288;4106,10607;15,33728;45,12438;51,57056;15,34137;1,00027;UPTREND;;False;;0;;HMA8:UP|HMA13:UP|HMA21:UP;3;0;True;False;8,13,55,89;8,13,55,89;;8,13,34,55,89;8,13,116;8,13;;8,13,116;;8,13,116;True;UP;17,26000;38.36%;UP;18,94000;42.1%;UP;5,99000;13.3%
2026-07-14 10:00:00;4023,86000;4020,66000;4027,62230;4029,07172;4019,21799;3998,02845;3992,98069;4009,73052;4028,62753;4041,49681;4045,25879;4056,26530;4104,50282;14,93533;43,95232;47,13066;9,85373;0,65976;UPTREND;;False;;0;;HMA8:DOWN|HMA13:UP|HMA21:UP;2;1;True;False;8,13,55,89;8,13,55,89;;8,13,34,55,89;8,13,116;8,13;;;;;False;DOWN;11,75000;26.1%;UP;17,49000;38.87%;UP;10,51000;23.35%
2026-07-14 11:00:00;4020,98000;4015,91000;4022,49743;4027,45772;4022,31350;4001,24847;3993,17045;4007,55859;4026,07912;4039,24390;4043,55081;4054,31762;4102,90321;14,52781;43,19837;47,01974;5,14422;0,35409;DOWNTREND;REVERSAL_TO_HMA21;False;;0;21;HMA8:DOWN|HMA13:DOWN|HMA21:UP;1;2;False;True;;;;;21;;;21;;21;False;DOWN;2,70000;5.99%;DOWN;13,90000;30.88%;UP;13,65000;30.34%
2026-07-14 12:00:00;4015,93000;4021,73000;4019,39583;4025,60758;4024,39173;4004,55251;3993,58031;4005,60995;4023,69379;4037,07072;4041,92803;4052,44281;4101,32107;14,24796;42,54367;45,29068;6,21174;0,43597;DOWNTREND;;False;;0;21;HMA8:DOWN|HMA13:DOWN|HMA21:UP;1;2;False;True;;;;8;21;;8;;8;;True;DOWN;-7,20000;16.01%;DOWN;9,65000;21.45%;UP;15,71000;34.91%
2026-07-14 13:00:00;4021,71000;4021,66000;4019,26561;4023,92184;4025,73195;4007,79725;3994,14769;4003,85319;4021,45179;4034,96976;4040,38301;4050,63370;4099,75820;13,77954;41,93573;44,52845;6,46634;0,46927;DOWNTREND;;False;;0;21;HMA8:DOWN|HMA13:DOWN|HMA21:UP;1;2;False;True;;;;8,116;21;;116;;116;;True;DOWN;-10,58000;23.52%;DOWN;5,35000;11.9%;UP;16,92000;37.59%
2026-07-14 14:00:00;4021,68000;4031,22000;4024,01143;4024,60560;4027,45734;4011,42608;3995,09453;4002,39554;4019,42424;4032,99362;4038,94778;4048,91600;4098,22940;13,96386;40,26421;46,11380;3,44591;0,24677;UPTREND;REVERSAL_TO_HMA21;False;;2;8,13,21;HMA8:UP|HMA13:UP|HMA21:UP;3;0;True;False;;;;8,13,21;;8,13,21;8,13,21;;8,13,21;;False;UP;-3,70000;8.22%;UP;1,26000;2.8%;UP;16,60000;36.88%
2026-07-14 15:00:00;4031,44000;4076,16000;4047,00431;4036,42898;4034,19402;4017,65678;3997,57291;4001,80343;4018,00374;4031,41220;4037,80899;4047,42679;4096,80486;18,68501;40,27808;27,05849;12,81029;0,68559;UPTREND;ADVANCE_HMA233;False;;1;8,13,21;HMA8:UP|HMA13:UP|HMA21:UP;3;0;True;False;8,13,144,188,233;8,13,144,188,233;;8,13,21,144,188,233;;8,13,21;8,13,21,144,188,233;;144,188,233;;False;UP;18,15000;40.34%;UP;4,62000;10.26%;UP;13,41000;29.79%
2026-07-14 16:00:00;4076,42000;4076,58000;4071,24898;4053,49184;4043,84866;4025,66157;4001,37860;4001,97206;4017,12456;4030,18774;4036,93592;4046,15034;4095,47790;18,61822;40,29097;28,17480;27,40032;1,47169;UPTREND;;False;;0;8,13,21;HMA8:UP|HMA13:UP|HMA21:UP;3;0;True;False;8,13,144,188,233;8,13,144,188,233;;8,13,21,144,188,233;;8,13,21;;;;;False;UP;34,85000;77.44%;UP;12,33000;27.4%;UP;14,73000;32.72%
2026-07-14 17:00:00;4076,56000;4085,09000;4088,87969;4072,05383;4055,54658;4035,07794;4006,49282;4002,91865;4016,79774;4029,33569;4036,33629;4045,09704;4094,25459;18,69049;40,36322;30,40983;33,33311;1,78343;UPTREND;;False;;0;8,13,21;HMA8:UP|HMA13:UP|HMA21:UP;3;0;True;False;8,13,144,188,233;8,13,144,188,233;;8,13,21,144,188,233;;8,13,21;8;;;;False;UP;42,96000;95.46%;UP;21,69000;48.19%;UP;16,30000;36.23%
2026-07-14 18:00:00;4085,14000;4066,09000;4090,27054;4082,70358;4065,26243;4044,02456;4012,10358;4004,29279;4016,77878;4028,69533;4035,89373;4044,18664;4093,09730;19,92974;40,77122;37,81893;25,00811;1,25481;UPTREND;;False;;0;8,13,21;HMA8:UP|HMA13:UP|HMA21:UP;3;0;True;False;8,13,144,188,233;8,13,144,188,233;;8,13,21,144,188,233;13;8,13,21;;13;;13;True;UP;39,73000;88.29%;UP;25,52000;56.72%;UP;16,07000;35.7%
2026-07-14 19:00:00;4066,31000;4061,48000;4078,75685;4085,76512;4071,83773;4051,74740;4017,86671;4005,95963;4016,98686;4028,21120;4035,56538;4043,39047;4091,99299;19,15190;40,57694;39,24879;13,92739;0,72721;UPTREND;;False;;0;8,13,21;HMA8:DOWN|HMA13:UP|HMA21:UP;2;1;True;False;8,13,144,188,233;8,13,144,188,233;;8,13,21,144,188,233;13,21;8,13,21;;21;;21;True;DOWN;22,51000;50.03%;UP;28,29000;62.86%;UP;16,74000;37.21%
2026-07-14 20:00:00;4061,51000;4062,75000;4067,74170;4083,26139;4076,05721;4058,01685;4023,66427;4007,86870;4017,39386;4027,87125;4035,33667;4042,70071;4090,93854;18,53962;40,12492;40,64958;15,51968;0,83711;UPTREND;;False;;0;8,13,21;HMA8:DOWN|HMA13:DOWN|HMA21:UP;1;2;False;True;8,13,144,188,233;8,13,144,188,233;;8,13,21,144,188,233;13,21;8,13,21;;;;;False;DOWN;-2,71000;6.02%;DOWN;27,80000;61.78%;UP;17,04000;37.88%
2026-07-14 21:00:00;4062,55000;4054,11000;4057,64739;4075,78568;4077,44276;4062,56024;4029,07976;4009,83298;4017,87729;4027,60647;4035,14932;4042,07819;4089,91476;18,66679;38,78901;42,23384;19,79537;1,06046;DOWNTREND;REVERSAL_TO_HMA8;False;;0;8;HMA8:DOWN|HMA13:DOWN|HMA21:UP;1;2;False;True;;;;;8,34;8;;8,34;;8,34;False;DOWN;-22,70000;50.44%;DOWN;19,36000;43.03%;UP;16,45000;36.56%
2026-07-14 22:00:00;4054,18000;4055,69000;4052,53107;4067,28557;4077,07512;4065,80700;4034,02087;4011,83257;4018,41402;4027,41360;4035,00090;4041,51959;4088,91956;18,02274;37,54853;41,56681;24,54404;1,36184;DOWNTREND;;False;;0;8;HMA8:DOWN|HMA13:DOWN|HMA21:DOWN;0;3;False;True;;;;8;8,34;8;8;;8;;True;DOWN;-27,63000;61.4%;DOWN;7,27000;16.15%;DOWN;16,29000;36.21%
2026-07-14 23:00:00;4055,80000;4052,56000;4050,71904;4059,25420;4074,94619;4067,97557;4038,44672;4013,76491;4018,94199;4027,25670;4034,86505;4041,00644;4087,94350;17,24683;36,39666;40,96834;24,22716;1,40473;DOWNTREND;;False;;0;8;HMA8:DOWN|HMA13:DOWN|HMA21:DOWN;0;3;False;True;;;;8;8,34;8;;;;;False;DOWN;-22,12000;49.15%;DOWN;-7,05000;15.67%;DOWN;15,93000;35.39%
2026-07-15 01:00:00;4052,86000;4048,98000;4048,59743;4053,01737;4071,00215;4069,08964;4042,29926;4015,54700;4019,39732;4027,09708;4034,71483;4040,52148;4086,97788;16,37420;35,26722;40,29015;22,40472;1,36829;DOWNTREND;;False;;0;8;HMA8:DOWN|HMA13:DOWN|HMA21:DOWN;0;3;False;True;8;;8;8;8,34;8;;8;;;False;DOWN;-16,29000;36.21%;DOWN;-16,81000;37.36%;DOWN;14,89000;33.09%
2026-07-15 02:00:00;4048,93000;4052,99000;4049,03196;4049,44077;4066,30816;4069,58990;4045,78406;4017,26776;4019,80148;4026,94745;4034,55718;4040,07081;4086,02675;15,87104;34,37164;40,30477;17,27620;1,08854;DOWNTREND;;False;;0;8;HMA8:UP|HMA13:DOWN|HMA21:DOWN;1;2;False;True;8;;8;8,13;8,34;8;8,13;;8,13;;True;UP;-7,73000;17.17%;DOWN;-20,88000;46.4%;DOWN;11,44000;25.42%
2026-07-15 03:00:00;4052,96000;4059,02000;4052,77880;4049,28858;4062,31483;4070,00814;4049,08561;4019,03594;4020,23250;4026,83043;4034,40890;4039,66522;4085,09721;15,42382;33,81217;40,74290;13,02625;0,84455;DOWNTREND;;False;;0;8;HMA8:UP|HMA13:DOWN|HMA21:DOWN;1;2;False;True;8;;8;8,13;8,34;8;;;;;False;UP;0,23000;0.51%;DOWN;-20,16000;44.8%;DOWN;6,83000;15.17%
2026-07-15 04:00:00;4059,02000;4037,29000;4048,51941;4046,72689;4057,02953;4069,09479;4051,60683;4020,59124;4020,50558;4026,59495;4034,15963;4039,22417;4084,15204;16,21426;31,90751;43,53913;10,30264;0,63541;DOWNTREND;ADVANCE_HMA233;False;;0;8;HMA8:DOWN|HMA13:DOWN|HMA21:DOWN;0;3;False;True;13,21,55,233;;13,21,55,233;8,13;8,13,21,34,55,233;8,13,21,233;;8,13,21,55,233;;13,21,55,233;False;DOWN;-1,94000;4.32%;DOWN;-16,63000;36.96%;DOWN;0,52000;1.16%
2026-07-15 05:00:00;4037,17000;4035,22000;4040,57822;4042,32965;4051,32247;4067,01305;4053,39890;4021,94450;4020,64816;4026,25103;4033,79982;4038,73737;4083,18801;15,98396;29,65315;46,57660;10,74425;0,67219;DOWNTREND;;False;;0;8;HMA8:DOWN|HMA13:DOWN|HMA21:DOWN;0;3;False;True;13,21,55,233;;13,21,55,233;8,13;8,13,21,34,55,233;8,13,21,233;;;;;False;DOWN;-7,15000;15.89%;DOWN;-14,59000;32.41%;DOWN;-4,98000;11.08%
2026-07-15 06:00:00;4035,15000;4031,16000;4032,79339;4036,64819;4045,27666;4063,78292;4054,44089;4023,07602;4020,65351;4025,79741;4033,32714;4038,18874;4082,19818;15,72082;27,59960;39,51405;12,48327;0,79406;DOWNTREND;ADVANCE_HMA188;False;;0;8;HMA8:DOWN|HMA13:DOWN|HMA21:DOWN;0;3;False;True;8,13,21,55,188;;8,13,21,55,188;8,13;8,13,21,34,55,188,233;8,13,21,188,233;;8,188;;188;False;DOWN;-14,48000;32.18%;DOWN;-13,48000;29.95%;DOWN;-9,59000;21.31%
2026-07-15 07:00:00;4031,19000;4033,14000;4028,13739;4032,21063;4039,65590;4059,78390;4054,90028;4024,05351;4020,56900;4025,27770;4032,76784;4037,58487;4081,18543;15,09005;25,69273;37,46102;11,51852;0,76332;DOWNTREND;;False;;0;8;HMA8:DOWN|HMA13:DOWN|HMA21:DOWN;0;3;False;True;8,13,21,55,188;;8,13,21,55,188;8,13,188;8,13,21,34,55,188,233;8,13,21,188,233;8,13,188;;8,13,188;;True;DOWN;-22,21000;49.35%;DOWN;-12,94000;28.76%;DOWN;-13,56000;30.14%
2026-07-15 08:00:00;4033,14000;4034,79000;4028,77419;4029,35128;4035,29695;4055,38468;4054,91654;4024,92589;4020,44180;4024,72045;4032,14811;4036,94083;4080,15148;15,04719;24,41937;33,44425;6,52277;0,43349;DOWNTREND;;False;;0;8;HMA8:UP|HMA13:DOWN|HMA21:DOWN;1;2;False;True;8,13,21,55,188;;8,13,21,55,188;8,13,188;8,13,21,34,55,188,233;8,13,21,188,233;;;;;False;UP;-18,16000;40.36%;DOWN;-12,54000;27.88%;DOWN;-15,65000;34.77%
2026-07-15 09:00:00;4034,91000;4032,03000;4030,18644;4027,54139;4031,74894;4050,78123;4054,49081;4025,68858;4020,26630;4024,12400;4031,46681;4036,25729;4079,09141;14,98524;23,30461;49,46050;4,20755;0,28078;DOWNTREND;;False;;0;8;HMA8:UP|HMA13:DOWN|HMA21:DOWN;1;2;False;True;8,13,21,55,188;;8,13,21,55,188;8,13,188;8,13,21,34,55,188,233;8,13,21,188,233;;21,188;;;False;UP;-9,84000;21.86%;DOWN;-13,60000;30.22%;DOWN;-16,83000;37.4%
2026-07-15 10:00:00;4031,91000;4024,41000;4028,24561;4025,56505;4028,22260;4045,86183;4053,51836;4026,27655;4019,99542;4023,45742;4030,70034;4035,52198;4077,99280;14,94987;22,39407;50,88666;2,68056;0,17930;DOWNTREND;;False;;0;8;HMA8:DOWN|HMA13:DOWN|HMA21:DOWN;0;3;False;True;8,13,21,55,89,188;;8,13,21,55,89,188;8,13,188;8,13,21,34,55,89,188,233;8,13,21,188,233;;8,13,21,89,188;;89;False;DOWN;-4,35000;9.66%;DOWN;-13,27000;29.5%;DOWN;-17,36000;38.57%
2026-07-15 11:00:00;4024,41000;4031,12000;4027,84828;4025,12404;4025,65685;4041,33778;4052,34707;4026,82215;4019,71972;4022,77967;4029,89406;4034,76621;4076,86749;15,00917;21,75259;51,64760;2,72424;0,18151;DOWNTREND;;False;;0;8;HMA8:DOWN|HMA13:DOWN|HMA21:DOWN;0;3;False;True;8,13,21,55,89,188;;8,13,21,55,89,188;8,13,21,89,188;8,13,21,34,55,89,188,233;8,13,21,188,233;8,13,21,89,188;;8,13,21,89,188;;True;DOWN;-0,28000;0.61%;DOWN;-10,82000;24.04%;DOWN;-16,81000;37.36%
2026-07-15 12:00:00;4031,32000;4030,22000;4028,33461;4025,61629;4023,90014;4037,33211;4050,99898;4027,34572;4019,44991;4022,09847;4029,05453;4033,99425;4075,71855;14,56137;21,03421;49,98929;4,43447;0,30454;DOWNTREND;;False;;0;8;HMA8:UP|HMA13:UP|HMA21:DOWN;2;1;True;False;8,13,21,55,89,188;;8,13,21,55,89,188;8,13,21,89,188;8,13,21,34,55,89,188,233;8,13,21,188,233;;;;;False;UP;-0,43000;0.96%;UP;-7,20000;15.99%;DOWN;-16,24000;36.08%
2026-07-15 13:00:00;4030,44000;4028,08000;4028,17806;4026,08568;4022,83118;4033,79571;4049,47071;4027,85995;4019,19372;4021,41203;4028,18302;4033,20447;4074,54752;14,18913;20,15790;49,92121;5,34688;0,37683;DOWNTREND;;False;;0;8;HMA8:DOWN|HMA13:UP|HMA21:DOWN;1;2;False;True;8,13,21,55,89,188;;8,13,21,55,89,188;8,13,21,89,188;8,13,21,34,55,89,188,233;8,13,21,188,233;;8,188;;;False;DOWN;-2,03000;4.5%;UP;-4,12000;9.14%;DOWN;-15,55000;34.56%
2026-07-15 14:00:00;4028,00000;4038,29000;4032,17574;4028,43889;4023,69033;4031,34862;4048,06804;4028,51727;4019,07100;4020,79569;4027,33602;4032,43313;4073,37637;14,06205;18,86750;51,09527;8,48541;0,60343;UPTREND;REVERSAL_TO_HMA233;False;;2;8,13;HMA8:UP|HMA13:UP|HMA21:UP;3;0;True;False;;;;8,13,34,89,188,233;;8,13,89;8,13,34,89,188,233;;8,13,34,89,188,233;;False;UP;4,00000;8.88%;UP;-0,62000;1.38%;UP;-13,34000;29.64%
2026-07-15 15:00:00;4038,40000;4067,76000;4047,96980;4038,22665;4028,88650;4031,46244;4047,56017;4029,69472;4019,34903;4020,44067;4026,65112;4031,77661;4072,25494;15,59404;19,84118;50,06055;19,08329;1,22376;UPTREND;ADVANCE_HMA55;False;;1;8,13;HMA8:UP|HMA13:UP|HMA21:UP;3;0;True;False;8,55;8,55;;8,13,34,55,89,188,233;;8,13,89;8,55;;55;;False;UP;17,88000;39.73%;UP;6,52000;14.48%;UP;-8,19000;18.19%
2026-07-15 16:00:00;4068,37000;4061,41000;4061,89009;4049,85792;4036,00148;4033,09326;4047,60823;4031,22148;4019,92805;4020,29764;4026,09351;4031,20905;4071,17303;15,91018;20,88930;50,19561;25,88861;1,62717;UPTREND;;False;;0;8,13;HMA8:UP|HMA13:UP|HMA21:UP;3;0;True;False;8,55;8,55;;8,13,34,55,89,188,233;8;8,13,89;;8;;8;False;UP;27,80000;61.78%;UP;14,28000;31.73%;UP;-3,34000;7.41%
2026-07-15 17:00:00;4061,56000;4060,39000;4068,40672;4059,56439;4043,59722;4035,71756;4048,04846;4033,01590;4020,76110;4020,34380;4025,65769;4030,72298;4070,12944;15,67946;21,77017;50,73723;24,80950;1,58229;UPTREND;;False;;0;8,13;HMA8:UP|HMA13:UP|HMA21:UP;3;0;True;False;8,55;8,55;;8,13,34,55,89,188,233;8;8,13,89;;;;;False;UP;32,68000;72.62%;UP;20,11000;44.68%;UP;1,44000;3.2%
2026-07-15 18:00:00;4061,02000;4046,86000;4063,89969;4062,79946;4049,08468;4038,16237;4048,36035;4034,82728;4021,68905;4020,47703;4025,27450;4030,27197;4069,10248;16,22378;21,15208;50,17428;14,81501;0,91317;UPTREND;;False;;0;8,13;HMA8:DOWN|HMA13:UP|HMA21:UP;2;1;True;False;8,55;8,55;;8,13,34,55,89,188,233;8,13,21,55;8,13,89;;13,21,55;;13,21,55;True;DOWN;26,05000;57.89%;UP;20,91000;46.46%;UP;4,86000;10.79%
2026-07-15 19:00:00;4046,86000;4033,72000;4049,10720;4059,05716;4050,95121;4039,47172;4048,14383;4036,43571;4022,57321;4020,60413;4024,88214;4029,81443;4068,07250;16,56422;19,75583;51,57056;9,94995;0,60069;DOWNTREND;REVERSAL_TO_HMA89;False;;0;;HMA8:DOWN|HMA13:DOWN|HMA21:UP;1;2;False;True;;;;;34,89;;;34,89;;34,89;False;DOWN;0,98000;2.19%;DOWN;18,35000;40.79%;UP;6,61000;14.69%
2026-07-15 20:00:00;4033,90000;4062,20000;4046,97748;4057,41172;4053,56039;4041,32526;4048,23351;4038,19689;4023,67137;4020,90391;4024,61029;4029,44055;4067,08685;17,74321;19,44430;54,97229;10,43424;0,58807;DOWNTREND;;False;;0;;HMA8:DOWN|HMA13:DOWN|HMA21:UP;1;2;False;True;;;;8,13,21,34,55,89;34,89;;8,13,21,34,55,89;;8,13,21,34,55,89;;True;DOWN;-11,87000;26.37%;DOWN;15,22000;33.83%;UP;8,13000;18.06%
2026-07-15 21:00:00;4062,20000;4059,14000;4051,93443;4056,84919;4056,29579;4043,60840;4048,45985;4040,00725;4024,91081;4021,33822;4024,43564;4029,13319;4066,13971;18,12941;19,94529;52,99659;4,91477;0,27109;DOWNTREND;;False;;0;;HMA8:UP|HMA13:DOWN|HMA21:UP;2;1;True;False;;;;8,13,21,34,55,89;34,89;;;;;;False;UP;-12,80000;28.44%;DOWN;9,71000;21.59%;UP;9,59000;21.32%
2026-07-15 22:00:00;4059,02000;4057,02000;4056,47074;4057,23636;4058,86396;4046,13376;4048,74081;4041,78410;4026,23888;4021,87802;4024,34079;4028,87818;4065,22745;17,90445;19,63640;53,06844;2,39322;0,13367;DOWNTREND;;False;;0;;HMA8:UP|HMA13:UP|HMA21:UP;3;0;True;False;13,21;;13,21;8,13,21,34,55,89;13,21,34,89;;;13,21;;13,21;False;UP;-5,92000;13.16%;UP;3,93000;8.73%;UP;11,05000;24.55%
2026-07-15 23:00:00;4056,91000;4059,94000;4061,08661;4058,11070;4061,22984;4049,02037;4049,22010;4043,51588;4027,65388;4022,52291;4024,33124;4028,67938;4064,35514;17,18985;19,35951;52,13707;3,11914;0,18145;UPTREND;REVERSAL_TO_HMA13;False;;0;13;HMA8:UP|HMA13:UP|HMA21:UP;3;0;True;False;;;;8,13,21;;8,13,21;8,13,21;;8,13,21;;False;UP;9,88000;21.96%;UP;-0,81000;1.79%;UP;12,59000;27.98%
2026-07-16 01:00:00;4064,40000;4059,54000;4061,96606;4059,79402;4062,52592;4052,00396;4049,89695;4045,16050;4029,12226;4023,25327;4024,39281;4028,52932;4063,52043;16,53200;19,27963;51,14679;2,73189;0,16525;UPTREND;;False;;0;13;HMA8:UP|HMA13:UP|HMA21:UP;3;0;True;False;;;;8,13,21;8,13,21,377;8,13,21;;8,13,21,377;;8,13,21,377;True;UP;12,77000;28.38%;UP;-1,74000;3.86%;UP;13,22000;29.38%
2026-07-16 02:00:00;4059,43000;4057,86000;4060,62098;4061,08100;4062,77373;4054,64545;4050,72650;4046,70767;4030,60795;4024,04191;4024,50798;4028,41600;4062,71863;15,80757;18,99180;54,82030;2,15274;0,13618;UPTREND;;False;;0;13;HMA8:DOWN|HMA13:UP|HMA21:UP;2;1;True;False;;;;8,13,21;8,13,21,377;8,13,21;;;;;False;DOWN;7,82000;17.38%;UP;1,22000;2.72%;UP;12,10000;26.89%
2026-07-16 03:00:00;4058,33000;4044,61000;4054,13248;4058,03625;4061,12526;4056,24506;4051,29547;4047,98862;4031,99646;4024,78968;4024,60759;4028,28938;4061,92649;15,92203;17,78970;56,96903;6,99277;0,43919;DOWNTREND;REVERSAL_TO_HMA89;False;;2;8,13;HMA8:DOWN|HMA13:DOWN|HMA21:DOWN;0;3;False;True;;;;;8,13,34,55,89;8,13;;8,13,34,55,89;;8,13,34,55,89;False;DOWN;-2,10000;4.67%;DOWN;0,37000;0.83%;DOWN;8,97000;19.93%
2026-07-16 04:00:00;4044,62000;4039,03000;4044,61770;4051,89704;4057,80982;4056,66896;4051,41565;4048,96085;4033,25209;4025,46116;4024,66156;4028,12892;4061,13430;15,96260;17,03915;58,24508;13,19211;0,82644;DOWNTREND;;False;;1;8,13;HMA8:DOWN|HMA13:DOWN|HMA21:DOWN;0;3;False;True;8;;8;;8,13,34,55,89;8,13;;8;;;False;DOWN;-14,46000;32.14%;DOWN;-2,96000;6.58%;DOWN;5,09000;11.31%
2026-07-16 05:00:00;4039,14000;4031,43000;4034,79369;4043,63379;4052,97275;4055,69776;4050,98181;4049,54562;4034,32817;4026,02222;4024,63650;4027,90889;4060,32986;15,95599;16,93243;56,94708;18,17906;1,13933;DOWNTREND;ADVANCE_HMA116;False;;0;8,13;HMA8:DOWN|HMA13:DOWN|HMA21:DOWN;0;3;False;True;8,116;;8,116;;8,13,34,55,89,116;8,13;;8,116;;116;False;DOWN;-23,06000;51.25%;DOWN;-8,09000;17.97%;DOWN;1,40000;3.1%
2026-07-16 06:00:00;4031,41000;4036,23000;4029,97620;4036,88438;4048,01170;4053,96608;4050,24534;4049,82394;4035,28283;4026,51951;4024,56815;4027,64472;4059,52126;15,46556;16,83334;52,81519;18,03549;1,16617;DOWNTREND;;False;;0;8,13;HMA8:DOWN|HMA13:DOWN|HMA21:DOWN;0;3;False;True;8,116;;8,116;8,116;8,13,34,55,89,116;8,13;8,116;;8,116;;True;DOWN;-26,35000;58.56%;DOWN;-12,88000;28.63%;DOWN;-1,09000;2.42%
2026-07-16 07:00:00;4036,23000;4033,16000;4028,94948;4031,61053;4042,90115;4051,59219;4049,22059;4049,80904;4036,07868;4026,94533;4024,45182;4027,32737;4058,70290;14,78945;16,65172;50,42471;13,95166;0,94335;DOWNTREND;;False;;0;8,13;HMA8:DOWN|HMA13:DOWN|HMA21:DOWN;0;3;False;True;8,13,116;;8,13,116;8,116;8,13,34,55,89,116;8,13;;13,116;;116;False;DOWN;-23,06000;51.24%;DOWN;-17,62000;39.16%;DOWN;-4,12000;9.16%
2026-07-16 08:00:00;4033,00000;4027,29000;4027,38515;4027,08980;4037,54426;4048,55037;4047,87751;4049,47266;4036,68337;4027,26906;4024,27165;4026,94589;4057,86552;14,34520;16,90614;49,69437;10,45445;0,72878;DOWNTREND;ADVANCE_HMA233;False;;0;8,13;HMA8:DOWN|HMA13:DOWN|HMA21:DOWN;0;3;False;True;8,13,233;;8,13,233;8,116;8,13,34,55,89,116,233;8,13,233;;8,13,233;;233;False;DOWN;-16,72000;37.15%;DOWN;-21,55000;47.89%;DOWN;-7,45000;16.55%
2026-07-16 09:00:00;4027,36000;4030,61000;4027,47222;4024,63879;4032,85762;4045,29589;4046,42585;4048,91389;4037,14844;4027,51454;4024,05015;4026,51874;4057,01493;14,28054;16,90487;47,06572;8,21883;0,57553;DOWNTREND;;False;;0;8,13;HMA8:UP|HMA13:DOWN|HMA21:DOWN;1;2;False;True;8,13,233;;8,13,233;8,116,144;8,13,34,55,89,116,233;8,13,233;8,144;;8,144;;True;UP;-7,30000;16.23%;DOWN;-21,29000;47.32%;DOWN;-10,32000;22.94%
2026-07-16 10:00:00;4030,66000;4030,67000;4028,27576;4024,17285;4028,98338;4042,10722;4044,96028;4048,18215;4037,48991;4027,69700;4023,78890;4026,05357;4056,15117;13,89336;16,90369;44,71107;4,81053;0,34625;DOWNTREND;;False;;0;8,13;HMA8:UP|HMA13:DOWN|HMA21:DOWN;1;2;False;True;8,13,233;;8,13,233;8,21,116,144;8,13,34,55,89,116,233;8,13,233;21;;21;;True;UP;-1,75000;3.89%;DOWN;-18,40000;40.88%;DOWN;-13,07000;29.04%
2026-07-16 11:00:00;4030,54000;4035,21000;4030,86420;4026,03279;4026,68452;4039,34958;4043,63735;4047,38628;4037,76985;4027,85807;4023,51977;4025,57027;4055,28214;13,70455;16,43055;40,06782;4,83141;0,35254;UPTREND;REVERSAL_TO_HMA8;False;;0;8;HMA8:UP|HMA13:UP|HMA21:DOWN;2;1;True;False;;;;8;;8;8;;8;;False;UP;2,00000;4.45%;UP;-12,08000;26.85%;DOWN;-14,66000;32.57%
2026-07-16 12:00:00;4035,24000;4031,66000;4032,63111;4027,83982;4025,45849;4036,89570;4042,35752;4046,51452;4037,97155;4027,98397;4023,23490;4025,05873;4054,40487;13,24351;15,87087;47,57530;7,17262;0,54160;UPTREND;;False;;0;8;HMA8:UP|HMA13:UP|HMA21:DOWN;2;1;True;False;;;;8;8;8;;8;;8;True;UP;5,66000;12.57%;UP;-6,49000;14.43%;DOWN;-15,74000;34.97%
2026-07-16 13:00:00;4031,68000;4029,48000;4031,93176;4028,94242;4024,90682;4034,62692;4041,05091;4045,56270;4038,09433;4028,07365;4022,93321;4024,52000;4053,51827;12,73969;15,51571;45,31013;7,02494;0,55142;UPTREND;;False;;0;8;HMA8:DOWN|HMA13:UP|HMA21:DOWN;1;2;False;True;;;;8;8;8;;;;;False;DOWN;5,00000;11.11%;UP;-2,00000;4.44%;DOWN;-15,87000;35.27%
2026-07-16 14:00:00;4029,46000;4038,38000;4033,99569;4031,34339;4025,79862;4032,92352;4039,97202;4044,68682;4038,23056;4028,19831;4022,66466;4023,99024;4052,63893;13,32471;14,40849;47,23358;8,19706;0,61518;UPTREND;ADVANCE_HMA116;False;;0;8;HMA8:UP|HMA13:UP|HMA21:UP;3;0;True;False;13,34,116;13,34,116;;8,13,34,116;8;8,13,116;8,13,34,116;;13,34,116;;False;UP;6,13000;13.61%;UP;3,05000;6.77%;UP;-13,51000;30.02%
2026-07-16 15:00:00;4038,66000;3992,27000;4019,08189;4024,36636;4022,53398;4029,16886;4037,83858;4043,27919;4037,95167;4028,07689;4022,22806;4023,32629;4051,69437;16,15295;15,54985;39,02222;5,28447;0,32715;DOWNTREND;REVERSAL_TO_HMA8;False;;2;8,13,21;HMA8:DOWN|HMA13:DOWN|HMA21:DOWN;0;3;False;True;;;;;8,13,21,34,55,116,144,188,233;8,13,21,34,55,116,144,188,233;;8,13,21,34,55,116,144,188,233;;8,13,21,34,55,116,144,188,233;False;DOWN;-10,33000;22.97%;DOWN;-0,16000;0.36%;DOWN;-10,67000;23.71%
2026-07-16 16:00:00;3992,09000;3990,12000;3998,93352;4012,01556;4016,28628;4023,85860;4034,76912;4041,41007;4037,28028;4027,72706;4021,63827;4022,53809;4050,68490;17,47488;17,35645;36,42233;17,35276;0,99301;DOWNTREND;;False;;1;8,13,21;HMA8:DOWN|HMA13:DOWN|HMA21:DOWN;0;3;False;True;;;;;8,13,21,34,55,116,144,188,233;8,13,21,34,55,116,144,188,233;;;;;False;DOWN;-25,74000;57.2%;DOWN;-6,61000;14.7%;DOWN;-10,29000;22.87%
2026-07-16 17:00:00;3989,67000;3997,77000;3988,65213;4000,09698;4009,35925;4018,07211;4031,16204;4039,26839;4036,33769;4027,22592;4020,95029;4021,66716;4049,62891;17,62024;19,03401;41,75218;20,70712;1,17519;DOWNTREND;;False;;0;8,13,21;HMA8:DOWN|HMA13:DOWN|HMA21:DOWN;0;3;False;True;;;;8;8,13,21,34,55,116,144,188,233;8,13,21,34,55,116,144,188,233;8;;8;;False;DOWN;-31,55000;70.12%;DOWN;-13,78000;30.63%;DOWN;-10,78000;23.95%
2026-07-16 18:00:00;3997,93000;4006,93000;3989,41739;3994,21286;4003,78265;4012,80130;4027,40828;4037,03517;4035,24720;4026,65146;4020,22053;4020,75795;4048,54633;18,32023;19,62512;47,18691;14,36526;0,78412;DOWNTREND;;False;;0;8,13,21;HMA8:UP|HMA13:DOWN|HMA21:DOWN;1;2;False;True;;;;8,13,21;8,13,21,34,55,116,144,188,233;8,13,21,34,55,116,144,188,233;13,21;;13,21;;True;UP;-31,31000;69.58%;DOWN;-17,01000;37.8%;DOWN;-10,44000;23.2%
2026-07-16 19:00:00;4007,14000;3991,98000;3991,75191;3989,60445;3998,62218;4007,50982;4023,23521;4034,55559;4033,89463;4025,92778;4019,39039;4019,77247;4047,41781;18,81164;20,51703;48,62058;9,01773;0,47937;DOWNTREND;;False;;0;8,13,21;HMA8:UP|HMA13:DOWN|HMA21:DOWN;1;2;False;True;13,21;;13,21;8,13,21;8,13,21,34,55,116,144,188,233;8,13,21,34,55,116,144,188,233;;13,21;;;False;UP;-19,96000;44.36%;DOWN;-19,21000;42.7%;DOWN;-10,31000;22.92%
2026-07-16 20:00:00;3992,03000;3984,47000;3989,42939;3984,66197;3993,09283;4002,33988;4018,66482;4031,79466;4032,25412;4025,03042;4018,44214;4018,69887;4046,23725;18,40438;21,46856;49,22196;8,43086;0,45809;DOWNTREND;;False;;0;8,13,21;HMA8:DOWN|HMA13:DOWN|HMA21:DOWN;0;3;False;True;8,13,21;;8,13,21;8,13,21;8,13,21,34,55,116,144,188,233;8,13,21,34,55,116,144,188,233;;8,13;;;False;DOWN;-7,36000;16.35%;DOWN;-22,92000;50.92%;DOWN;-11,03000;24.52%
2026-07-16 21:00:00;3984,70000;3980,29000;3983,54893;3980,35872;3987,02130;3997,13027;4013,81737;4028,77941;4030,33999;4023,95407;4017,37617;4017,53600;4045,00450;18,07621;22,51421;50,36372;6,66258;0,36858;DOWNTREND;;False;;0;8,13,21;HMA8:DOWN|HMA13:DOWN|HMA21:DOWN;0;3;False;True;8,13,21;;8,13,21;8,13,21;8,13,21,34,55,116,144,188,233;8,13,21,34,55,116,144,188,233;;8,13;;;False;DOWN;-4,04000;8.97%;DOWN;-22,09000;49.08%;DOWN;-12,38000;27.5%
2026-07-16 22:00:00;3980,29000;3979,92000;3978,08037;3977,20213;3981,09365;3991,95374;4008,95489;4025,58755;4028,20729;4022,72183;4016,20900;4016,29704;4043,72565;17,98719;23,83060;49,17285;3,89152;0,21635;DOWNTREND;;False;;0;8,13,21;HMA8:DOWN|HMA13:DOWN|HMA21:DOWN;0;3;False;True;8,13,21;;8,13,21;8,13,21;8,13,21,34,55,116,144,188,233;8,13,21,34,55,116,144,188,233;8,13;;8,13;;True;DOWN;-8,95000;19.9%;DOWN;-17,88000;39.73%;DOWN;-13,86000;30.79%
2026-07-16 23:00:00;3980,04000;3976,41000;3974,41717;3974,12386;3975,81497;3986,77009;4004,04659;4022,24741;4025,87749;4021,33461;4014,94383;4014,98358;4042,40078;17,29454;25,05296;48,44686;1,69112;0,09778;DOWNTREND;;False;;0;8,13,21;HMA8:DOWN|HMA13:DOWN|HMA21:DOWN;0;3;False;True;8,13,21;;8,13,21;8,13,21;8,13,21,34,55,116,144,188,233;8,13,21,34,55,116,144,188,233;;8,13,21;;;False;DOWN;-14,07000;31.26%;DOWN;-14,05000;31.23%;DOWN;-15,85000;35.22%
2026-07-17 01:00:00;3977,58000;3978,32000;3973,85533;3971,88824;3971,88228;3982,02278;3999,19232;4018,88057;4023,42162;4019,83266;4013,60952;4013,61382;4041,03854;16,56850;26,16764;48,19982;1,97306;0,11908;DOWNTREND;;False;;0;8,13,21;HMA8:DOWN|HMA13:DOWN|HMA21:DOWN;0;3;False;True;8,13,21;;8,13,21;8,13,21;8,13,21,34,55,116,144,188,233;8,13,21,34,55,116,144,188,233;;;;;False;DOWN;-13,22000;29.39%;DOWN;-12,66000;28.13%;DOWN;-18,03000;40.06%
2026-07-17 02:00:00;3978,29000;3985,89000;3978,06983;3972,89510;3970,43469;3978,25858;3994,69099;4015,61328;4020,96892;4018,28995;4012,26146;4012,22416;4039,65575;16,16289;26,47852;48,14821;7,63515;0,47239;UPTREND;REVERSAL_TO_HMA34;False;;0;;HMA8:UP|HMA13:UP|HMA21:DOWN;2;1;True;False;;;;34;;;34;;34;;False;UP;-4,84000;10.76%;UP;-9,78000;21.72%;DOWN;-17,87000;39.7%
2026-07-17 03:00:00;3986,02000;3991,79000;3985,34893;3977,36217;3971,29756;3975,71676;3990,78131;4012,52424;4018,58089;4016,76358;4010,94373;4010,84358;4038,26634;15,81697;26,14944;48,72762;14,05136;0,88837;UPTREND;ADVANCE_HMA55;False;;0;;HMA8:UP|HMA13:UP|HMA21:UP;3;0;True;False;55;55;;34,55;;;55;;55;;False;UP;6,55000;14.56%;UP;-4,40000;9.77%;UP;-15,88000;35.28%
2026-07-17 04:00:00;3991,86000;3983,19000;3988,10535;3981,18990;3972,61477;3973,72021;3987,21660;4009,49982;4016,17840;4015,22034;4009,62900;4009,45407;4036,86039;15,89647;25,40216;50,21536;15,49058;0,97447;UPTREND;;False;;0;;HMA8:UP|HMA13:UP|HMA21:UP;3;0;True;False;55;55;;34,55;8,55;;;8,55;;8,55;True;UP;12,15000;27.0%;UP;0,50000;1.11%;UP;-13,02000;28.92%
2026-07-17 05:00:00;3983,25000;3979,18000;3985,66259;3982,55226;3973,55978;3971,99234;3983,89769;4006,51612;4013,75027;4013,63695;4008,31757;4008,05376;4035,43559;15,94458;25,30674;49,61843;12,10281;0,75905;UPTREND;;False;;0;;HMA8:DOWN|HMA13:UP|HMA21:UP;2;1;True;False;55;55;;34,55;8,13,55;;;13;;13;True;DOWN;10,49000;23.31%;UP;3,20000;7.11%;UP;-10,73000;23.85%
2026-07-17 06:00:00;3978,91000;3991,36000;3986,39307;3984,82135;3975,55132;3971,19508;3981,16455;4003,75159;4011,44622;4012,09424;4007,06751;4006,69263;4034,01603;16,92783;23,66612;63,02603;10,84176;0,64047;UPTREND;;False;;0;;HMA8:UP|HMA13:UP|HMA21:UP;3;0;True;False;8,13,55;8,13,55;;8,13,34,55;8,13,55;8,13;8,13,55;;8,13,55;;False;UP;7,01000;15.57%;UP;6,01000;13.36%;UP;-7,76000;17.25%
2026-07-17 07:00:00;3991,05000;3981,73000;3985,12935;3985,60378;3977,25188;3970,62944;3978,70924;4001,06115;4009,18732;4010,53271;4005,83303;4005,34996;4032,58988;16,54655;22,14269;59,37846;8,35190;0,50475;UPTREND;;False;;0;;HMA8:DOWN|HMA13:UP|HMA21:UP;2;1;True;False;8,13,55;8,13,55;;8,13,34,55;8,13,55;8,13;;8,13;;8,13;True;DOWN;-0,19000;0.42%;UP;7,87000;17.48%;UP;-5,47000;12.15%
2026-07-17 08:00:00;3981,54000;3984,94000;3984,36009;3985,83555;3979,17018;3970,54001;3976,58700;3998,48165;4007,01153;4008,98591;4004,63275;4004,03823;4031,16686;16,50109;20,76769;58,77621;6,66537;0,40394;UPTREND;;False;;0;;HMA8:DOWN|HMA13:UP|HMA21:UP;2;1;True;False;8,13,55;8,13,55;;8,13,34,55;8,13,55;8,13;8;;;;False;DOWN;-3,25000;7.22%;UP;7,45000;16.55%;UP;-2,72000;6.05%
2026-07-17 09:00:00;3985,14000;3999,32000;3990,36007;3988,44184;3982,59728;3971,82068;3975,13530;3996,18979;4005,05070;4007,54859;4003,53706;4002,80428;4029,77377;16,90744;20,24138;65,15690;7,76280;0,45914;UPTREND;;False;;0;;HMA8:UP|HMA13:UP|HMA21:UP;3;0;True;False;8,13,55,89;8,13,55,89;;8,13,34,55,89;8,13,55;8,13;8,13,89;;89;;False;UP;3,97000;8.83%;UP;6,23000;13.85%;UP;0,51000;1.13%
2026-07-17 10:00:00;3999,12000;3992,67000;3994,23393;3991,45456;3985,89778;3973,68883;3974,08100;3994,05456;4003,22603;4006,17066;4002,51070;4001,62567;4028,40238;16,39976;19,75266;62,40027;8,33615;0,50831;UPTREND;;False;;0;;HMA8:UP|HMA13:UP|HMA21:UP;3;0;True;False;8,13,55,89;8,13,55,89;;8,13,34,55,89;8,13,55,89;8,13;;8,89;;8,89;True;UP;6,82000;15.15%;UP;5,96000;13.23%;UP;3,52000;7.82%
2026-07-17 11:00:00;3992,68000;3994,07000;3996,16896;3994,20070;3989,03195;3975,89639;3973,43616;3992,06916;4001,53478;4004,85538;4001,55466;4000,50912;4027,05860;16,08264;18,86975;62,18614;7,13701;0,44377;UPTREND;;False;;0;;HMA8:UP|HMA13:UP|HMA21:UP;3;0;True;False;8,13,55,89;8,13,55,89;;8,13,34,55,89;8,13,55,89;8,13;13,89;;89;;False;UP;9,74000;21.64%;UP;6,88000;15.3%;UP;6,09000;13.53%
2026-07-17 12:00:00;3994,06000;3997,99000;3998,25589;3996,50150;3992,01046;3978,52813;3973,23897;3990,27020;3999,99753;4003,62230;4000,67973;3999,46562;4025,74826;15,62459;18,24926;61,40510;6,24543;0,39972;UPTREND;;False;;0;;HMA8:UP|HMA13:UP|HMA21:UP;3;0;True;False;8,13,55,89;8,13,55,89;;8,13,34,55,89;8,13,55,89;8,13;8,13;;;;False;UP;12,54000;27.86%;UP;7,10000;15.78%;UP;7,86000;17.47%
2026-07-17 13:00:00;3997,99000;3990,87000;3996,08778;3997,16248;3993,72613;3980,97052;3973,19485;3988,55286;3998,53489;4002,41590;3999,84620;3998,46791;4024,45912;15,12855;17,45783;61,37291;3,43635;0,22714;UPTREND;;False;;0;;HMA8:DOWN|HMA13:UP|HMA21:UP;2;1;True;False;8,13,55,89;8,13,55,89;;8,13,34,55,89;8,13,21,55,89;8,13;;8,13,21;;8,13,21;True;DOWN;5,41000;12.02%;UP;7,26000;16.13%;UP;8,43000;18.74%
2026-07-17 14:00:00;3990,86000;3994,00000;3994,36422;3997,04585;3995,05801;3983,28548;3973,38295;3986,96260;3997,17386;4001,25034;3999,06295;3997,52285;4023,19654;14,67580;16,67358;61,47216;2,68163;0,18272;UPTREND;;False;;0;;HMA8:DOWN|HMA13:DOWN|HMA21:UP;1;2;False;True;8,13,21,55,89;8,13,21,55,89;;8,13,21,34,55,89;8,13,21,55,89;8,13;21;;21;;False;DOWN;0,13000;0.28%;DOWN;7,26000;16.12%;UP;8,69000;19.32%
2026-07-17 15:00:00;3994,00000;3966,10000;3983,03994;3990,23462;3992,98301;3983,95851;3973,00369;3985,11683;3995,64437;3999,94520;3998,19838;3996,53711;4021,91706;15,87181;17,03037;59,83846;9,94307;0,62646;DOWNTREND;REVERSAL_TO_HMA55;False;;2;8,13,21;HMA8:DOWN|HMA13:DOWN|HMA21:DOWN;0;3;False;True;;;;;8,13,21,34,55,89;8,13,21,55,89;;8,13,21,34,55,89;;8,13,21,34,55,89;False;DOWN;-11,68000;25.96%;DOWN;1,08000;2.4%;DOWN;6,98000;15.5%
2026-07-17 16:00:00;3966,24000;3997,08000;3981,65104;3987,42419;3991,94799;3985,04092;3972,99695;3983,48596;3994,24835;3998,71235;3997,39960;3995,61225;4020,67205;17,87597;16,65150;61,64994;10,29696;0,57602;DOWNTREND;;False;;1;8,13,21;HMA8:DOWN|HMA13:DOWN|HMA21:DOWN;0;3;False;True;;;;8,13,21,34,55,89,116,233;8,13,21,34,55,89;8,13,21,55,89;8,13,21,34,55,89,116,233;;8,13,21,34,55,89,116,233;;False;DOWN;-13,07000;29.05%;DOWN;-2,15000;4.78%;DOWN;5,24000;11.65%
2026-07-17 17:00:00;3997,23000;4001,09000;3989,83933;3988,59200;3992,37748;3986,64580;3973,47274;3982,10294;3993,01152;3997,56917;3996,68175;3994,75614;4019,46660;17,62411;16,22402;62,10923;3,78548;0,21479;DOWNTREND;;False;;0;8,13,21;HMA8:UP|HMA13:UP|HMA21:UP;3;0;True;False;;;;8,13,21,34,55,89,116,144,188,233;8,13,21,34,55,89;8,13,21,55,89;144,188;;144,188;;False;UP;-5,07000;11.26%;UP;-3,04000;6.75%;UP;4,91000;10.9%
2026-07-17 18:00:00;4001,09000;4019,04000;4004,55719;3996,52645;3995,71122;3989,63378;3974,86502;3981,17826;3992,07544;3996,61742;3996,11889;3994,02203;4018,32729;18,03596;15,58769;54,31029;8,84597;0,49046;UPTREND;REVERSAL_TO_HMA377;False;;0;8;HMA8:UP|HMA13:UP|HMA21:UP;3;0;True;False;;;;8,377;;8;8,377;;8,377;;False;UP;8,04000;17.87%;UP;0,01000;0.03%;UP;5,24000;11.64%
2026-07-17 19:00:00;4019,44000;4014,90000;4017,62213;4005,42350;4000,47381;3993,34225;3976,94642;3980,62707;3991,36136;3995,81988;3995,67544;3993,38902;4017,24419;17,65553;15,16298;52,25355;17,14832;0,97127;UPTREND;;False;;0;8;HMA8:UP|HMA13:UP|HMA21:UP;3;0;True;False;;;;8,377;8,377;8;;8,377;;8,377;True;UP;26,09000;57.98%;UP;4,46000;9.91%;UP;5,78000;12.85%
2026-07-17 20:00:00;4015,17000;4010,00000;4020,45624;4012,34543;4004,79981;3997,22932;3979,44781;3980,34988;3990,80250;3995,13178;3995,31668;3992,83393;4016,20638;17,15943;14,55923;49,30867;15,65643;0,91241;UPTREND;;False;;0;8;HMA8:UP|HMA13:UP|HMA21:UP;3;0;True;False;;;;8,377;8,13,377;8;;13;;13;True;UP;29,48000;65.52%;UP;8,45000;18.78%;UP;6,29000;13.97%
2026-07-17 21:00:00;4010,18000;4011,23000;4018,25970;4016,99089;4008,51329;4000,89243;3982,26611;3980,33840;3990,38935;3994,55229;3995,03470;3992,35332;4015,21316;16,61447;13,83454;48,97519;9,74642;0,58662;UPTREND;;False;;0;8;HMA8:DOWN|HMA13:UP|HMA21:UP;2;1;True;False;;;;8,377;8,13,377;8;;;;;False;DOWN;23,15000;51.45%;UP;15,02000;33.39%;UP;6,69000;14.86%
2026-07-17 22:00:00;4011,20000;4015,34000;4016,15807;4019,59548;4011,86391;4004,39513;3985,40217;3980,62655;3990,13913;3994,10291;3994,83411;3991,95525;4014,26890;16,44343;12,89936;48,69939;7,73158;0,47019;UPTREND;;False;;0;8;HMA8:DOWN|HMA13:UP|HMA21:UP;2;1;True;False;21,377;21,377;;8,21,377;8,13,377;8,21;21,377;;21,377;;False;DOWN;10,00000;22.23%;UP;18,06000;40.13%;UP;6,88000;15.3%
2026-07-17 23:00:00;4015,32000;4017,53000;4016,09259;4021,02427;4015,25126;4007,66636;3988,69959;3981,20355;3990,04955;3993,78580;3994,71480;3991,63874;4013,37488;15,96962;12,09519;46,61543;5,77301;0,36150;UPTREND;;False;;0;8;HMA8:DOWN|HMA13:UP|HMA21:UP;2;1;True;False;8,21,377;8,21,377;;8,21,377;8,13,377;8,21;8;;;;False;DOWN;-1,37000;3.05%;UP;18,70000;41.56%;UP;7,68000;17.06%
2026-07-20 01:00:00;4002,79000;3994,73000;4008,71267;4016,33830;4015,96941;4009,48847;3991,43221;3981,72633;3989,88116;3993,44483;3994,56179;3991,32329;4012,49185;16,55250;12,31678;49,01744;7,62564;0,46069;UPTREND;;False;;0;8;HMA8:DOWN|HMA13:DOWN|HMA21:UP;1;2;False;True;8,21,377;8,21,377;;8,21,377;8,13,377;8,21;;;;;False;DOWN;-10,06000;22.35%;DOWN;11,28000;25.07%;UP;7,20000;16.0%
2026-07-20 02:00:00;3994,83000;3995,42000;3999,50076;4009,16938;4014,73219;4010,17488;3993,62841;3982,16089;3989,63956;3993,08733;3994,37596;3991,01289;4011,61968;15,84161;12,79095;48,13672;15,23143;0,96148;UPTREND;;False;;0;8;HMA8:DOWN|HMA13:DOWN|HMA21:DOWN;0;3;False;True;8,21,377;8,21,377;;8,21,377;8,13,377;8,21;;;;;False;DOWN;-16,49000;36.65%;DOWN;2,26000;5.02%;DOWN;7,82000;17.37%
2026-07-20 03:00:00;3995,74000;4008,46000;3998,44380;4004,73699;4013,16707;4010,65201;3995,71633;3982,68196;3989,41896;3992,79431;3994,21531;3990,74793;4010,77860;16,67292;11,99685;50,98745;14,72327;0,88306;UPTREND;;False;;0;8;HMA8:DOWN|HMA13:DOWN|HMA21:DOWN;0;3;False;True;8,13,21,377;8,13,21,377;;8,13,21,377;8,13,377;8,21;8,13;;13;;False;DOWN;-14,88000;33.06%;DOWN;-4,35000;9.67%;DOWN;7,25000;16.12%
2026-07-20 04:00:00;4008,55000;4002,08000;3999,16367;4002,01566;4010,88386;4010,68241;3997,53047;3983,18448;3989,15176;3992,51703;3994,04302;3990,50401;4009,95589;17,27128;11,78807;53,43103;11,72019;0,67859;UPTREND;;False;;0;8;HMA8:UP|HMA13:DOWN|HMA21:DOWN;1;2;False;True;8,13,21,377;8,13,21,377;;8,13,21,377;8,13,377;8,13,21;;13;;13;False;UP;-13,77000;30.6%;DOWN;-8,22000;18.27%;DOWN;6,12000;13.59%
2026-07-20 05:00:00;4002,11000;4021,82000;4008,44165;4004,44226;4010,67621;4011,55740;3999,61773;3983,95221;3989,02858;3992,36042;3993,94403;3990,34247;4009,18109;17,99762;12,10317;53,15723;6,23395;0,34638;UPTREND;;False;;0;8;HMA8:UP|HMA13:UP|HMA21:DOWN;2;1;True;False;8,13,21,34,377;8,13,21,34,377;;8,13,21,34,377;8,13,377;8,13,21,34;8,13,21,34,377;;13,34,377;;False;UP;-0,22000;0.48%;UP;-7,99000;17.75%;DOWN;4,75000;10.56%
2026-07-20 06:00:00;4021,82000;4024,02000;4019,88700;4010,07889;4012,20466;4013,30994;4001,96772;3984,99151;3989,07103;3992,32324;3993,90729;3990,26209;4008,45515;17,37922;12,39577;50,05364;9,80811;0,56436;UPTREND;;False;;0;8;HMA8:UP|HMA13:UP|HMA21:UP;3;0;True;False;8,13,21,34,377;8,13,21,34,377;;8,13,21,34,377;8,13,377;8,13,21,34;;;;;False;UP;16,34000;36.32%;UP;-5,99000;13.32%;UP;3,86000;8.58%
2026-07-20 07:00:00;4024,02000;4018,84000;4024,48776;4016,32720;4014,18087;4015,29248;4004,38803;3986,19862;3989,22563;3992,35901;3993,89930;3990,23819;4007,76660;16,72499;12,65703;59,76961;10,30689;0,61626;UPTREND;;False;;0;8;HMA8:UP|HMA13:UP|HMA21:UP;3;0;True;False;8,13,21,34,377;8,13,21,34,377;;8,13,21,34,377;8,13,377;8,13,21,34;;8;;8;True;UP;21,27000;47.27%;UP;-0,01000;0.01%;UP;3,21000;7.13%
2026-07-20 08:00:00;4018,85000;4008,65000;4021,05843;4018,65037;4015,15200;4016,64893;4006,60079;3987,41785;3989,39076;3992,39978;3993,86777;3990,22511;4007,09679;16,65106;11,75302;59,99664;5,90642;0,35472;UPTREND;;False;;0;8;HMA8:DOWN|HMA13:UP|HMA21:UP;2;1;True;False;8,13,21,34,377;8,13,21,34,377;;8,13,21,34,377;8,13,21,34,377;8,13,21,34;;13,21,34;;21,34;True;DOWN;18,20000;40.44%;UP;5,42000;12.05%;UP;2,28000;5.07%
2026-07-20 09:00:00;4008,65000;4003,75000;4012,07913;4016,65667;4014,50119;4017,13394;4008,42309;3988,59080;3989,52301;3992,41532;3993,79519;3990,20353;4006,43671;16,08741;11,11270;57,44106;4,57754;0,28454;DOWNTREND;REVERSAL_TO_HMA377;False;;0;;HMA8:DOWN|HMA13:DOWN|HMA21:DOWN;0;3;False;True;;;;;55,377;377;;55,377;;55,377;False;DOWN;3,24000;7.19%;DOWN;7,04000;15.64%;DOWN;0,94000;2.09%
2026-07-20 10:00:00;4003,82000;4017,25000;4009,41228;4015,48275;4014,39570;4017,40160;4010,18850;3989,91930;3989,76384;3992,49183;3993,74768;3990,21515;4005,80652;16,34260;10,90969;58,67660;6,07048;0,37145;DOWNTREND;;False;;0;;HMA8:DOWN|HMA13:DOWN|HMA21:DOWN;0;3;False;True;;;;8,13,21,34,55,377;55,377;377;8,13,21,34,55,377;;8,13,21,34,55,377;;True;DOWN;-9,10000;20.23%;DOWN;7,82000;17.38%;DOWN;-0,30000;0.67%
2026-07-20 11:00:00;4017,30000;4018,93000;4012,58765;4015,44451;4015,21819;4017,63154;4011,91425;3991,38817;3990,13094;3992,63398;3993,73156;3990,26447;4005,20670;16,12813;11,32616;57,60182;2,85686;0,17714;UPTREND;REVERSAL_TO_HMA34;False;;0;;HMA8:UP|HMA13:DOWN|HMA21:UP;2;1;True;False;;;;34;;34;34;;34;;False;UP;-10,45000;23.23%;DOWN;6,49000;14.41%;UP;-0,27000;0.59%
2026-07-20 12:00:00;4018,94000;4021,17000;4017,78474;4016,86979;4016,85885;4018,04490;4013,58663;3992,98782;3990,62285;3992,85149;3993,75486;3990,35698;4004,63617;15,57183;11,49127;57,39561;0,92589;0,05946;UPTREND;;False;;0;;HMA8:UP|HMA13:UP|HMA21:UP;3;0;True;False;;;;34;;34;;;;;False;UP;-3,01000;6.69%;UP;4,16000;9.24%;UP;0,78000;1.74%
2026-07-20 13:00:00;4021,19000;4024,21000;4023,35933;4019,44668;4018,98423;4018,88382;4015,28613;3994,73731;3991,24373;3993,15897;3993,82936;3990,49963;4004,09760;14,98742;11,81279;56,18989;4,37510;0,29192;UPTREND;;False;;0;;HMA8:UP|HMA13:UP|HMA21:UP;3;0;True;False;8;8;;8,34;;8,34;8;;8;;False;UP;10,66000;23.68%;UP;1,99000;4.42%;UP;2,22000;4.94%
2026-07-20 14:00:00;4024,30000;4025,24000;4026,57450;4022,79137;4021,12226;4020,07610;4017,05149;3996,59577;3991,98775;3993,54395;3993,95695;3990,69220;4003,59045;15,41689;13,05901;50,83753;5,45224;0,35365;UPTREND;;False;;0;;HMA8:UP|HMA13:UP|HMA21:UP;3;0;True;False;8;8;;8,34;;8,34;8;;;;False;UP;15,55000;34.56%;UP;2,56000;5.7%;UP;3,80000;8.44%
2026-07-20 15:00:00;4025,12000;4008,11000;4021,00520;4022,11718;4021,07869;4020,45022;4018,39947;3998,30939;3992,67429;3993,88042;3994,04977;3990,87679;4003,08677;15,65425;13,02097;49,90804;1,11198;0,07103;DOWNTREND;REVERSAL_TO_HMA55;False;;2;8,13,21;HMA8:DOWN|HMA13:DOWN|HMA21:DOWN;0;3;False;True;;;;;8,13,21,34,55;8,13,21;;8,13,21,34,55;;8,13,21,34,55;False;DOWN;7,66000;17.01%;DOWN;3,33000;7.39%;DOWN;3,80000;8.45%
2026-07-20 16:00:00;4008,25000;4005,72000;4011,93880;4017,93147;4019,36131;4020,03738;4019,28941;3999,86203;3993,29367;3994,15341;3994,09399;3991,04741;4002,58260;15,36752;12,92042;50,77786;7,42251;0,48300;DOWNTREND;;False;;1;8,13,21;HMA8:DOWN|HMA13:DOWN|HMA21:DOWN;0;3;False;True;;;;;8,13,21,34,55;8,13,21;;;;;False;DOWN;-5,43000;12.07%;DOWN;1,52000;3.38%;DOWN;2,67000;5.93%
2026-07-20 17:00:00;4005,58000;4006,17000;4005,21315;4012,51179;4016,81683;4019,08019;4019,75292;4001,27695;3993,86567;3994,36398;3994,09468;3991,20334;4002,07816;15,34627;12,20975;58,23754;11,60368;0,75612;DOWNTREND;;False;;0;8,13,21;HMA8:DOWN|HMA13:DOWN|HMA21:DOWN;0;3;False;True;;;;8;8,13,21,34,55;8,13,21;8;;8;;False;DOWN;-16,47000;36.6%;DOWN;-1,82000;4.05%;DOWN;0,98000;2.19%
2026-07-20 18:00:00;4006,17000;4011,79000;4004,19193;4009,13009;4014,70998;4018,10432;4019,99722;4002,62514;3994,45160;3994,55748;3994,08040;3991,35973;4001,58217;15,32153;11,99396;58,56450;10,51806;0,68649;DOWNTREND;;False;;0;8,13,21;HMA8:DOWN|HMA13:DOWN|HMA21:DOWN;0;3;False;True;;;;8,13;8,13,21,34,55;8,13,21;13;;13;;True;DOWN;-20,06000;44.58%;DOWN;-4,81000;10.69%;DOWN;-0,17000;0.37%
2026-07-20 19:00:00;4011,77000;4009,76000;4006,38844;4007,13801;4013,05963;4017,06218;4020,00411;4003,85728;3995,02841;3994,73195;3994,04941;3991,50777;4001,09119;15,43428;11,53714;56,50913;6,67118;0,43223;DOWNTREND;;False;;0;8,13,21;HMA8:UP|HMA13:DOWN|HMA21:DOWN;1;2;False;True;;;;8,13;8,13,21,34,55;8,13,21;;;;;False;UP;-13,32000;29.6%;DOWN;-7,57000;16.82%;DOWN;-0,54000;1.19%
2026-07-20 20:00:00;4009,76000;4005,19000;4006,89000;4005,35888;4011,08692;4015,81669;4019,66502;4004,91492;3995,54663;3994,86702;3993,99014;3991,62980;4000,59828;14,99183;11,11294;56,48908;5,72804;0,38208;DOWNTREND;;False;;0;8,13,21;HMA8:UP|HMA13:DOWN|HMA21:DOWN;1;2;False;True;8,13;;8,13;8,13;8,13,21,34,55;8,13,21;;8,13;;;False;UP;-4,81000;10.69%;DOWN;-10,97000;24.37%;DOWN;-1,26000;2.81%
2026-07-20 21:00:00;4005,19000;4007,23000;4006,87702;4004,63582;4009,11678;4014,52255;4019,12444;4005,84083;3996,03517;3994,98110;3993,91919;3991,73403;4000,10553;14,51670;10,69256;56,51313;4,48096;0,30868;DOWNTREND;;False;;0;8,13,21;HMA8:DOWN|HMA13:DOWN|HMA21:DOWN;0;3;False;True;8,13;;8,13;8,13,89;8,13,21,34,55;8,13,21;8,13,89;;8,13,89;;True;DOWN;1,64000;3.65%;DOWN;-11,35000;25.22%;DOWN;-2,41000;5.35%
2026-07-20 22:00:00;4007,27000;4006,86000;4006,54600;4004,62233;4007,18364;4013,12330;4018,45911;4006,64579;3996,50105;3995,07167;3993,83755;3991,82102;3999,61076;14,46051;10,82760;56,11836;2,56132;0,17712;DOWNTREND;;False;;0;8,13,21;HMA8:DOWN|HMA13:DOWN|HMA21:DOWN;0;3;False;True;8,13,21;;8,13,21;8,13,89;8,13,21,34,55;8,13,21;;8,21;;;False;DOWN;2,33000;5.18%;DOWN;-8,72000;19.38%;DOWN;-3,83000;8.51%
2026-07-20 23:00:00;4007,07000;4008,53000;4006,87606;4005,33834;4005,78889;4011,78459;4017,75628;4007,37561;3996,97248;3995,15475;3993,75372;3991,89724;3999,11615;13,69190;10,95300;55,07975;1,53772;0,11231;UPTREND;REVERSAL_TO_HMA89;False;;0;21;HMA8:UP|HMA13:UP|HMA21:DOWN;2;1;True;False;;;;21,89;;89;21,89;;21,89;;False;UP;0,51000;1.13%;UP;-4,99000;11.09%;DOWN;-5,50000;12.23%
2026-07-21 01:00:00;4008,93000;4000,48000;4004,75726;4004,36777;4004,22633;4010,17884;4016,81332;4007,94754;3997,39017;3995,18818;3993,63538;3991,93552;3998,60810;13,49819;10,43186;53,22900;0,53093;0,03933;DOWNTREND;REVERSAL_TO_HMA21;False;;2;8,13,21;HMA8:DOWN|HMA13:DOWN|HMA21:DOWN;0;3;False;True;;;;;8,13,21,89;8,13,21;;8,13,21,89;;8,13,21,89;False;DOWN;-2,26000;5.03%;DOWN;-3,37000;7.48%;DOWN;-7,13000;15.85%
2026-07-21 02:00:00;4000,48000;4009,86000;4005,31798;4004,69443;4003,79646;4008,98962;4015,93478;4008,50347;3997,86462;3995,24494;3993,53244;3991,96564;3998,10317;13,27261;9,94795;52,56773;1,52152;0,11464;DOWNTREND;;False;;1;8,13,21;HMA8:UP|HMA13:UP|HMA21:DOWN;2;1;True;False;;;;8,13,21,34,89;8,13,21,89;8,13,21,89;8,13,21,34,89;;8,13,21,34,89;;False;UP;-1,68000;3.74%;UP;-1,76000;3.91%;DOWN;-7,42000;16.49%
2026-07-21 03:00:00;4009,87000;4024,79000;4013,41919;4009,15650;4005,79967;4008,94381;4015,54516;4009,23497;3998,53086;3995,42814;3993,51616;3992,03580;3997,62621;13,98385;10,89631;55,74192;7,61951;0,54488;DOWNTREND;;False;;0;8,13,21;HMA8:UP|HMA13:UP|HMA21:UP;3;0;True;False;;;;8,13,21,34,55,89;8,13,21,89;8,13,21,89;8,55;;55;;False;UP;7,01000;15.57%;UP;2,59000;5.76%;UP;-5,54000;12.31%
2026-07-21 04:00:00;4025,25000;4023,15000;4021,47300;4015,24098;4009,09224;4009,65503;4015,54263;4010,08563;3999,35450;3995,72749;3993,57784;3992,13791;3997,17388;14,22286;12,34629;57,72193;12,38076;0,87048;DOWNTREND;;False;;0;8,13,21;HMA8:UP|HMA13:UP|HMA21:UP;3;0;True;False;;;;8,13,21,34,55,89;8,13,21,89;8,13,21,89;;;;;False;UP;14,39000;31.98%;UP;7,08000;15.74%;UP;-3,11000;6.91%
2026-07-21 05:00:00;4023,16000;4038,00000;4032,15463;4023,92777;4014,56873;4011,71485;4016,25153;4011,23617;4000,44569;3996,22839;3993,78409;3992,31792;3996,76836;14,86123;14,21271;54,49172;17,58590;1,18334;DOWNTREND;;False;;0;8,13,21;HMA8:UP|HMA13:UP|HMA21:UP;3;0;True;False;;;;8,13,21,34,55,89;8,13,21,89;8,13,21,89;8,13;;;;False;UP;24,74000;54.99%;UP;12,22000;27.15%;UP;-0,05000;0.12%
2026-07-21 06:00:00;4037,96000;4046,91000;4043,88250;4034,38640;4021,87641;4015,20832;4017,74160;4012,75389;4001,84901;3996,96769;3994,16311;3992,60015;3996,42058;14,81400;16,24233;49,13081;22,00609;1,48549;DOWNTREND;;False;;0;8,13,21;HMA8:UP|HMA13:UP|HMA21:UP;3;0;True;False;;;;8,13,21,34,55,89;8,13,21,89;8,13,21,89;8;;;;False;UP;33,06000;73.46%;UP;18,10000;40.22%;UP;3,41000;7.57%
2026-07-21 07:00:00;4047,03000;4049,56000;4051,94439;4045,00955;4030,03999;4019,68240;4019,87655;4014,60188;4003,54260;3997,93567;3994,70904;3992,98720;3996,13183;14,32086;18,16013;47,91953;21,90439;1,52955;DOWNTREND;;False;;0;8,13,21;HMA8:UP|HMA13:UP|HMA21:UP;3;0;True;False;;;;8,13,21,34,55,89;8,13,21,89;8,13,21,89;8;;;;False;UP;33,92000;75.38%;UP;25,31000;56.25%;UP;7,54000;16.75%
2026-07-21 08:00:00;4049,56000;4061,47000;4060,48969;4055,59403;4039,45287;4025,30955;4022,78931;4016,87235;4005,58607;3999,18263;3995,45689;3993,50736;3995,91805;14,84008;20,66035;39,95073;21,03681;1,41757;DOWNTREND;;False;;0;8,13,21;HMA8:UP|HMA13:UP|HMA21:UP;3;0;True;False;;;;8,13,21,34,55,89;8,13,21,89;8,13,21,89;8,13;;;;False;UP;33,32000;74.04%;UP;29,75000;66.12%;UP;11,55000;25.67%
2026-07-21 09:00:00;4061,37000;4078,40000;4072,46502;4067,57951;4050,61367;4032,55266;4026,65534;4019,69949;4008,07206;4000,78151;3996,46154;3994,20193;3995,80220;15,40293;23,51422;33,35171;21,85134;1,41865;DOWNTREND;;False;;0;8,13,21;HMA8:UP|HMA13:UP|HMA21:UP;3;0;True;False;;;;8,13,21,34,55,89;8,13,21,89;8,13,21,89;8,13;;;;False;UP;33,20000;73.77%;UP;32,30000;71.78%;UP;15,75000;34.99%
2026-07-21 10:00:00;4078,50000;4071,28000;4078,95024;4076,97683;4061,23140;4040,22126;4030,99538;4022,87023;4010,85242;4002,64197;3997,66273;3995,03172;3995,76775;15,19487;26,16425;32,52099;17,71884;1,16611;DOWNTREND;;False;;0;8,13,21;HMA8:UP|HMA13:UP|HMA21:UP;3;0;True;False;8,13;;8,13;8,13,21,34,55,89;8,13,21,89;8,13,21,89;;8,13;;;False;UP;29,98000;66.63%;UP;34,10000;75.79%;UP;20,05000;44.55%
2026-07-21 11:00:00;4071,38000;4062,77000;4076,70250;4080,63525;4069,55963;4047,35605;4035,39722;4026,15802;4013,77728;4004,67093;3998,99584;3995,95595;3995,79676;15,06095;27,61283;33,29017;11,07563;0,73539;DOWNTREND;;False;;0;8,13,21;HMA8:DOWN|HMA13:UP|HMA21:UP;2;1;True;False;8,13,21;;8,13,21;8,13,21,34,55,89;8,13,21,89;8,13,21,89;;21;;;False;DOWN;22,34000;49.65%;UP;32,11000;71.35%;UP;23,45000;52.11%
2026-07-21 12:00:00;4062,90000;4065,89000;4071,90361;4080,35252;4075,49968;4053,90079;4039,79388;4029,51996;4016,80843;4006,85381;4000,45304;3996,97278;3995,88921;14,59731;28,95794;33,33307;8,44890;0,57880;DOWNTREND;;False;;0;8,13,21;HMA8:DOWN|HMA13:DOWN|HMA21:UP;1;2;False;True;8,13,21;;8,13,21;8,13,21,34,55,89;8,13,21,89;8,13,21,89;;;;;False;DOWN;11,06000;24.58%;DOWN;27,69000;61.54%;UP;26,16000;58.13%
2026-07-21 13:00:00;4065,87000;4062,85000;4066,20780;4077,45091;4078,68358;4059,50549;4043,98600;4032,84897;4019,85771;4009,13713;4001,99714;3998,05878;3996,03501;14,20893;30,23446;32,47144;12,47579;0,87802;DOWNTREND;;False;;0;8,13,21;HMA8:DOWN|HMA13:DOWN|HMA21:UP;1;2;False;True;8,13,21;;8,13,21;8,13,21,34,55,89;8,13,21,89;8,13,21,89;;;;;False;DOWN;-6,28000;13.96%;DOWN;20,83000;46.3%;UP;27,16000;60.35%
2026-07-21 14:00:00;4062,85000;4055,96000;4059,90717;4071,84929;4079,16184;4063,79610;4047,71730;4035,97997;4022,82110;4011,44157;4003,57610;3999,17968;3996,21857;13,85400;30,60264;33,51346;19,25467;1,38983;DOWNTREND;;False;;0;8,13,21;HMA8:DOWN|HMA13:DOWN|HMA21:UP;1;2;False;True;8,13,21,34;;8,13,21,34;8,13,21,34,55,89;8,13,21,34,89;8,13,21,89;;8,34;;34;False;DOWN;-18,96000;42.14%;DOWN;11,06000;24.59%;UP;26,83000;59.62%
2026-07-21 15:00:00;4056,02000;4053,88000;4054,95541;4064,75165;4077,45226;4066,93726;4050,92436;4038,86208;4025,64866;4013,72878;4005,15983;4000,31825;3996,43309;13,91158;30,54543;34,40188;22,49686;1,61713;DOWNTREND;;False;;0;8,13,21;HMA8:DOWN|HMA13:DOWN|HMA21:DOWN;0;3;False;True;8,13,21,34;;8,13,21,34;8,13,21,34,55,89;8,13,21,34,89;8,13,21,89;;8;;;False;DOWN;-21,35000;47.44%;DOWN;-1,94000;4.31%;DOWN;24,32000;54.05%
2026-07-21 16:00:00;4054,05000;4053,14000;4051,68848;4058,38232;4074,17645;4069,11740;4053,63522;4041,48178;4028,32059;4015,97810;4006,72865;4001,46283;3996,67393;14,14932;29,74999;37,31553;22,48797;1,58933;DOWNTREND;;False;;0;8,13,21;HMA8:DOWN|HMA13:DOWN|HMA21:DOWN;0;3;False;True;8,13,21,34,55;;8,13,21,34,55;8,13,21,34,55,89;8,13,21,34,55,89;8,13,21,89;;8,55;;55;False;DOWN;-19,66000;43.68%;DOWN;-12,35000;27.45%;DOWN;20,29000;45.08%
2026-07-21 17:00:00;4053,14000;4068,34000;4056,31226;4057,16416;4071,75680;4071,29073;4056,37372;4044,05088;4030,97036;4018,26910;4008,34107;4002,65294;3996,96140;14,70508;29,79412;44,72458;15,44454;1,05029;DOWNTREND;;False;;0;8,13,21;HMA8:UP|HMA13:DOWN|HMA21:DOWN;1;2;False;True;8,13,21,34,55;;8,13,21,34,55;8,13,21,34,55,89;8,13,21,34,55,89;8,13,21,89;8,13,55;;55;;True;UP;-9,55000;21.22%;DOWN;-14,90000;33.1%;DOWN;15,84000;35.2%
2026-07-21 18:00:00;4068,31000;4074,09000;4065,93283;4060,42932;4070,75323;4073,69936;4059,30707;4046,64116;4033,62967;4020,62142;4010,00855;4003,89594;3997,29951;14,92401;30,35481;46,83784;10,32392;0,69177;UPTREND;REVERSAL_TO_HMA34;False;;0;21;HMA8:UP|HMA13:UP|HMA21:DOWN;2;1;True;False;;;;21,34;;34;21,34;;21,34;;False;UP;5,76000;12.81%;UP;-12,54000;27.88%;DOWN;11,85000;26.32%
2026-07-21 19:00:00;4074,09000;4071,55000;4072,85800;4065,19372;4070,51229;4075,98652;4062,31785;4049,22602;4036,26185;4022,99855;4011,70767;4005,17455;3997,67863;14,52086;30,87545;54,63255;7,66428;0,52781;UPTREND;;False;;0;21;HMA8:UP|HMA13:UP|HMA21:DOWN;2;1;True;False;;;;21,34;8,34;34;;8,34;;8,34;True;UP;17,13000;38.07%;UP;-8,01000;17.8%;DOWN;7,80000;17.34%
2026-07-21 20:00:00;4071,49000;4068,62000;4074,78933;4068,96545;4070,54427;4077,80153;4065,28222;4051,76764;4038,84396;4025,36508;4013,41746;4006,46981;3998,08890;13,91366;30,99099;59,06986;5,82388;0,41857;UPTREND;;False;;0;21;HMA8:UP|HMA13:UP|HMA21:UP;3;0;True;False;;;;21,34;8,13,21,34;34;;13,21;;13,21;True;UP;22,54000;50.09%;UP;-1,98000;4.4%;UP;3,83000;8.51%
2026-07-21 21:00:00;4068,67000;4082,20000;4078,27704;4074,29906;4072,06509;4079,79831;4068,51919;4054,44221;4041,50275;4027,79944;4015,19246;4007,81934;3998,54642;14,27840;31,84008;59,53156;6,21194;0,43506;UPTREND;;False;;0;21;HMA8:UP|HMA13:UP|HMA21:UP;3;0;True;False;8,13,21,34;8,13,21,34;;8,13,21,34;8,13,21,34;8,13,21,34;8,13,21,34;;8,13,21;;False;UP;21,04000;46.75%;UP;6,36000;14.13%;UP;1,01000;2.23%
2026-07-21 22:00:00;4082,70000;4084,46000;4082,75428;4080,18794;4074,75808;4081,78005;4071,95130;4057,25481;4044,24071;4030,31028;4017,03403;4009,22312;3999,04893;13,65280;32,62853;56,40667;7,99620;0,58568;UPTREND;;False;;0;21;HMA8:UP|HMA13:UP|HMA21:UP;3;0;True;False;8,13,21,34;8,13,21,34;;8,13,21,34;8,13,21,34;8,13,21,34;8;;;;False;UP;17,12000;38.04%;UP;14,91000;33.12%;UP;-0,31000;0.69%
2026-07-21 23:00:00;4084,50000;4077,72000;4083,47091;4083,47811;4077,44611;4083,25969;4075,25621;4060,07231;4046,97663;4032,84323;4018,90992;4010,65188;3999,58091;13,36545;32,92156;53,65589;6,03200;0,45131;UPTREND;;False;;0;21;HMA8:UP|HMA13:UP|HMA21:UP;3;0;True;False;8,13,21,34;8,13,21,34;;8,13,21,34;8,13,21,34;8,13,21,34;;8,13,34;;8,13,34;True;UP;11,23000;24.95%;UP;18,17000;40.37%;UP;-0,53000;1.18%
2026-07-22 01:00:00;4078,60000;4080,44000;4083,12854;4084,75477;4080,13963;4084,45731;4078,39903;4062,89035;4049,72152;4035,40339;4020,83042;4012,11094;4000,14236;12,98078;33,19367;52,65991;4,61515;0,35554;UPTREND;;False;;0;21;HMA8:DOWN|HMA13:UP|HMA21:UP;2;1;True;False;8,13,21,34;8,13,21,34;;8,13,21,34;8,13,21,34;8,13,21,34;21;;;;False;DOWN;9,12000;20.28%;UP;17,34000;38.54%;UP;0,43000;0.96%
2026-07-22 02:00:00;4080,50000;4080,85000;4082,20691;4085,06092;4082,35952;4085,37007;4081,33253;4065,67208;4052,45666;4037,98116;4022,79114;4013,60106;4000,73070;12,32501;33,44633;50,46745;2,85401;0,23156;UPTREND;;False;;0;21;HMA8:DOWN|HMA13:UP|HMA21:UP;2;1;True;False;8,13,21,34;8,13,21,34;;8,13,21,34;8,13,21,34,55;8,13,21,34;;21,55;;21,55;True;DOWN;4,56000;10.13%;UP;15,04000;33.42%;UP;2,28000;5.07%
2026-07-22 03:00:00;4080,56000;4097,37000;4087,60394;4088,52530;4085,81195;4086,86848;4084,46383;4068,59209;4055,30837;4040,66760;4024,86142;4015,17290;4001,36953;13,28037;34,72286;42,26601;2,71334;0,20431;UPTREND;;False;;0;21;HMA8:UP|HMA13:UP|HMA21:UP;3;0;True;False;8,13,21,34,55;8,13,21,34,55;;8,13,21,34,55;8,13,21,34,55;8,13,21,34,55;8,13,21,34,55;;55;;False;UP;5,22000;11.59%;UP;13,79000;30.65%;UP;5,01000;11.13%
2026-07-22 04:00:00;4097,39000;4122,09000;4104,62000;4098,18786;4092,49493;4090,24232;4088,33091;4071,93606;4058,46068;4043,59162;4027,13974;4016,89765;4002,09408;14,24463;36,64742;34,07735;12,12507;0,85120;UPTREND;;False;;0;21;HMA8:UP|HMA13:UP|HMA21:UP;3;0;True;False;8,13,21,34,55;8,13,21,34,55;;8,13,21,34,55;8,13,21,34,55;8,13,21,34,55;8,13;;;;False;UP;20,36000;45.25%;UP;15,62000;34.7%;UP;8,28000;18.41%
2026-07-22 05:00:00;4122,21000;4130,48000;4124,00346;4111,91707;4101,75983;4095,47438;4092,90385;4075,73682;4061,92815;4046,76347;4029,63861;4018,78901;4002,91234;14,07715;38,63214;31,29761;22,24363;1,58012;UPTREND;;False;;0;21;HMA8:UP|HMA13:UP|HMA21:UP;3;0;True;False;8,13,21,34,55;8,13,21,34,55;;8,13,21,34,55;8,13,21,34,55;8,13,21,34,55;8;;;;False;UP;35,98000;79.95%;UP;20,59000;45.75%;UP;12,42000;27.6%
2026-07-22 06:00:00;4130,49000;4130,83000;4137,12111;4125,49777;4112,03610;4101,86745;4097,94644;4079,90013;4065,65566;4050,13897;4032,32955;4020,83140;4003,82018;13,95093;40,74135;26,36620;25,08501;1,79809;UPTREND;;False;;0;21;HMA8:UP|HMA13:UP|HMA21:UP;3;0;True;False;8,13,21,34,55;8,13,21,34,55;;8,13,21,34,55;8,13,21,34,55;8,13,21,34,55;;8;;8;True;UP;44,54000;98.98%;UP;26,66000;59.24%;UP;16,58000;36.83%
2026-07-22 07:00:00;4130,83000;4126,96000;4140,28883;4135,10387;4121,33746;4108,55186;4103,13900;4084,26805;4069,54811;4053,65673;4035,16459;4022,99410;4004,80612;13,41586;42,15383;27,17736;18,95138;1,41261;UPTREND;;False;;0;21;HMA8:UP|HMA13:UP|HMA21:UP;3;0;True;False;8,13,21,34,55;8,13,21,34,55;;8,13,21,34,55;8,13,21,34,55;8,13,21,34,55;;13;;13;True;UP;44,47000;98.83%;UP;32,03000;71.17%;UP;20,74000;46.08%
2026-07-22 08:00:00;4126,96000;4131,01000;4138,23120;4141,16518;4129,18784;4115,16609;4108,39557;4088,81606;4073,58958;4057,31074;4038,13806;4025,27228;4005,87097;13,23401;43,54641;31,11264;11,97734;0,90504;UPTREND;;False;;0;21;HMA8:DOWN|HMA13:UP|HMA21:UP;2;1;True;False;8,13,21,34,55;8,13,21,34,55;;8,13,21,34,55;8,13,21,34,55;8,13,21,34,55;21;;;;False;DOWN;32,41000;72.03%;UP;35,24000;78.32%;UP;23,35000;51.88%
2026-07-22 09:00:00;4131,01000;4116,43000;4129,55594;4140,36570;4133,85649;4120,44995;4113,12424;4093,27461;4077,59976;4060,97354;4041,16158;4027,60045;4006,98571;13,84801;43,70432;32,62888;10,80976;0,78060;DOWNTREND;REVERSAL_TO_HMA34;False;;2;8,21;HMA8:DOWN|HMA13:DOWN|HMA21:UP;1;2;False;True;;;;;8,21,34;8;;8,21,34;;8,21,34;False;DOWN;5,72000;12.72%;DOWN;31,96000;71.02%;UP;23,11000;51.36%
2026-07-22 10:00:00;4116,43000;4110,56000;4118,25022;4133,83883;4135,41245;4124,14496;4117,06612;4097,50858;4081,49627;4064,58216;4044,19110;4029,94814;4008,13642;13,84244;43,39904;33,57758;17,16223;1,23983;DOWNTREND;ADVANCE_HMA55;False;;1;8,21;HMA8:DOWN|HMA13:DOWN|HMA21:UP;1;2;False;True;55;;55;;8,21,34,55;8;;55;;55;False;DOWN;-18,82000;41.82%;DOWN;23,23000;51.63%;UP;22,72000;50.49%
2026-07-22 11:00:00;4111,21000;4118,22000;4113,28726;4126,72026;4135,46516;4126,92440;4120,43325;4101,57950;4085,32226;4068,16900;4047,24485;4032,33101;4009,33054;13,53941;43,11557;34,75006;22,17790;1,63803;DOWNTREND;;False;;0;8,21;HMA8:DOWN|HMA13:DOWN|HMA21:UP;1;2;False;True;55;;55;8,55;8,21,34,55;8;8,55;;8,55;;False;DOWN;-26,50000;58.89%;DOWN;10,33000;22.95%;UP;22,23000;49.39%
2026-07-22 12:00:00;4118,47000;4114,98000;4111,72943;4120,66343;4133,98175;4128,81087;4123,19998;4105,39145;4089,01569;4071,69482;4050,29412;4034,72728;4010,55729;13,21731;42,95931;37,54997;22,25233;1,68357;DOWNTREND;;False;;0;8,21;HMA8:DOWN|HMA13:DOWN|HMA21:DOWN;0;3;False;True;55;;55;8,55;8,21,34,55;8;;;;;False;DOWN;-26,62000;59.16%;DOWN;-3,49000;7.75%;DOWN;21,33000;47.41%
2026-07-22 13:00:00;4114,98000;4117,54000;4113,31506;4116,94289;4131,74259;4130,16897;4125,54895;4108,95948;4092,57250;4075,15743;4053,33857;4037,13437;4011,81539;12,76679;42,81422;37,84945;18,42754;1,44340;DOWNTREND;;False;;0;8,21;HMA8:UP|HMA13:DOWN|HMA21:DOWN;1;2;False;True;55;;55;8,13,55;8,21,34,55;8;13;;13;;True;UP;-17,64000;39.2%;DOWN;-13,34000;29.64%;DOWN;19,79000;43.97%
2026-07-22 14:00:00;4117,54000;4122,56000;4117,94256;4115,97526;4129,48698;4131,46909;4127,72648;4112,35687;4096,01888;4078,56929;4056,38619;4039,56000;4013,10844;12,59202;42,38720;38,08474;13,51171;1,07304;DOWNTREND;;False;;0;8,21;HMA8:UP|HMA13:DOWN|HMA21:DOWN;1;2;False;True;55;;55;8,13,55;8,21,34,55;8;8;;8;;True;UP;-0,35000;0.78%;DOWN;-18,44000;40.98%;DOWN;16,37000;36.38%
2026-07-22 15:00:00;4122,76000;4112,89000;4117,86517;4115,22169;4126,30393;4132,09410;4129,51757;4115,46317;4099,26334;4081,84749;4059,37779;4041,96443;4014,41674;13,67187;42,61845;42,08372;11,08224;0,81059;DOWNTREND;ADVANCE_HMA13;False;;0;8,21;HMA8:DOWN|HMA13:DOWN|HMA21:DOWN;0;3;False;True;8,13,89;;8,13,89;8,13,55;8,13,21,34,55,89;8,13;;8,13,89;;13,89;False;DOWN;4,79000;10.63%;DOWN;-17,04000;37.87%;DOWN;10,18000;22.62%
2026-07-22 16:00:00;4113,23000;4154,57000;4131,55346;4123,36630;4127,44814;4134,38486;4132,12553;4118,86074;4102,70801;4085,24860;4062,48974;4044,47400;4015,80267;15,76817;43,69459;41,45451;8,18716;0,51922;UPTREND;REVERSAL_TO_HMA34;False;;2;8,13,21;HMA8:UP|HMA13:UP|HMA21:UP;3;0;True;False;;;;8,13,21,34,55,89;;8,13,21,34,55,89;8,13,21,34,55,89;;8,13,21,34,55,89;;False;UP;17,45000;38.77%;UP;-6,32000;14.04%;UP;5,58000;12.41%
2026-07-22 17:00:00;4154,71000;4148,43000;4146,28667;4134,11835;4130,99687;4137,49803;4135,20381;4122,41435;4106,26565;4088,71355;4065,67275;4047,05321;4017,24872;16,01615;44,92488;46,98991;15,28980;0,95465;UPTREND;;False;;1;8,13,21;HMA8:UP|HMA13:UP|HMA21:UP;3;0;True;False;;;;8,13,21,34,55,89;;8,13,21,34,55,89;;;;;False;UP;27,23000;60.52%;UP;4,40000;9.78%;UP;3,45000;7.67%
2026-07-22 18:00:00;4148,55000;4159,38000;4158,10787;4146,95024;4137,10872;4141,56839;4138,87048;4126,23400;4110,01464;4092,29994;4068,96294;4049,72281;4018,76626;16,12357;46,14632;49,73627;20,99916;1,30239;UPTREND;;False;;0;8,13,21;HMA8:UP|HMA13:UP|HMA21:UP;3;0;True;False;8;8;;8,13,21,34,55,89;;8,13,21,34,55,89;8;;;;False;UP;31,91000;70.92%;UP;15,20000;33.78%;UP;2,81000;6.25%
2026-07-22 19:00:00;4159,37000;4146,80000;4161,42404;4154,80026;4143,13633;4145,33985;4142,58334;4130,07335;4113,80899;4095,90701;4072,28928;4052,42894;4020,32855;16,04403;46,76105;50,26701;18,28770;1,13984;UPTREND;;False;;0;8,13,21;HMA8:UP|HMA13:UP|HMA21:UP;3;0;True;False;8;8;;8,13,21,34,55,89;8,13;8,13,21,34,55,89;;8,13;;8,13;True;UP;34,17000;75.93%;UP;21,47000;47.71%;UP;3,31000;7.36%
2026-07-22 20:00:00;4147,15000;4142,31000;4154,59320;4157,63260;4147,41210;4148,26651;4146,06809;4133,81119;4117,57743;4099,49502;4075,62323;4055,15168;4021,92228;15,57731;46,58402;49,78951;10,22050;0,65611;UPTREND;;False;;0;8,13,21;HMA8:DOWN|HMA13:UP|HMA21:UP;2;1;True;False;8;8;;8,13,21,34,55,89;8,13,21,34,55;8,13,21,34,55,89;;21,34,55;;21,34,55;True;DOWN;20,29000;45.09%;UP;24,02000;53.38%;UP;4,40000;9.79%
2026-07-22 21:00:00;4142,43000;4135,95000;4144,59259;4155,18373;4149,45755;4149,73400;4149,03815;4137,32277;4121,22963;4103,01778;4078,92913;4057,86773;4023,53185;15,22894;45,69207;50,51025;10,59114;0,69546;DOWNTREND;REVERSAL_TO_HMA89;False;;0;;HMA8:DOWN|HMA13:DOWN|HMA21:UP;1;2;False;True;;;;;89;;;89;;89;False;DOWN;-1,59000;3.54%;DOWN;23,62000;52.49%;UP;5,25000;11.67%
2026-07-22 22:00:00;4135,93000;4131,79000;4134,84004;4148,53724;4149,28371;4149,92885;4151,34586;4140,52151;4124,70848;4106,44069;4082,18448;4060,56358;4025,14576;14,72758;44,53166;50,05969;14,44367;0,98072;DOWNTREND;;False;;0;;HMA8:DOWN|HMA13:DOWN|HMA21:DOWN;0;3;False;True;8;;8;;8,89;8;;8;;8;False;DOWN;-21,55000;47.89%;DOWN;15,90000;35.33%;DOWN;5,93000;13.18%
2026-07-22 23:00:00;4131,57000;4129,87000;4128,39880;4140,60056;4147,55400;4149,15297;4152,89715;4143,35997;4127,98276;4109,74227;4085,37307;4063,23279;4026,75802;14,35276;43,49385;47,89463;19,15520;1,33460;DOWNTREND;;False;;0;;HMA8:DOWN|HMA13:DOWN|HMA21:DOWN;0;3;False;True;8;;8;;8,89;8;;8;;;False;DOWN;-29,91000;66.47%;DOWN;4,30000;9.57%;DOWN;6,29000;13.97%
2026-07-23 01:00:00;4115,30000;4121,71000;4122,94124;4131,75625;4143,99656;4147,45678;4153,59733;4145,72289;4130,96904;4112,86615;4088,44941;4065,85006;4028,35493;14,92970;40,86685;49,42566;21,05532;1,41030;DOWNTREND;;False;;0;;HMA8:DOWN|HMA13:DOWN|HMA21:DOWN;0;3;False;True;8;;8;;8,89;8;;;;;False;DOWN;-27,92000;62.05%;DOWN;-9,63000;21.39%;DOWN;5,55000;12.34%
2026-07-23 02:00:00;4121,86000;4133,34000;4123,81587;4126,96386;4140,68864;4145,88237;4153,89291;4147,76602;4133,78016;4115,88461;4091,46339;4068,45238;4029,95563;15,11615;38,42750;50,77704;16,87277;1,11621;DOWNTREND;;False;;0;;HMA8:UP|HMA13:DOWN|HMA21:DOWN;1;2;False;True;8;;8;8,13,116;8,89;8;8,13,116;;8,13,116;;True;UP;-18,96000;42.14%;DOWN;-17,06000;37.92%;DOWN;5,44000;12.08%
2026-07-23 03:00:00;4133,36000;4132,10000;4127,59035;4125,26479;4137,37631;4144,50449;4153,88239;4149,51284;4136,38871;4118,78332;4094,40118;4071,03132;4031,55780;14,71714;36,21164;50,86054;12,11152;0,82295;DOWNTREND;;False;;0;;HMA8:UP|HMA13:DOWN|HMA21:DOWN;1;2;False;True;8;;8;8,13,116;8,89;8;;;;;False;UP;-7,02000;15.6%;DOWN;-20,13000;44.73%;DOWN;3,86000;8.58%
2026-07-23 04:00:00;4131,85000;4117,88000;4125,13644;4122,83722;4132,94787;4142,53100;4153,26829;4150,81093;4138,68777;4121,46969;4097,19226;4073,53869;4033,13838;15,56734;34,07338;54,01386;10,11065;0,64948;DOWNTREND;;False;;0;;HMA8:DOWN|HMA13:DOWN|HMA21:DOWN;0;3;False;True;8,13,144;;8,13,144;8,13,116;8,13,89,144;8,13;;8,13,144;;13,144;False;DOWN;-3,00000;6.66%;DOWN;-19,10000;42.45%;DOWN;0,72000;1.6%
2026-07-23 05:00:00;4117,78000;4128,04000;4124,64720;4121,92629;4129,25770;4140,65090;4152,44165;4151,87747;4140,80105;4124,00613;4099,88410;4076,00672;4034,71481;15,64539;32,27031;54,97482;7,33141;0,46860;DOWNTREND;;False;;0;;HMA8:DOWN|HMA13:DOWN|HMA21:DOWN;0;3;False;True;8,13,144;;8,13,144;8,13,116,144;8,13,89,144;8,13;8,13,144;;8,13,144;;True;DOWN;1,56000;3.47%;DOWN;-15,83000;35.17%;DOWN;-2,87000;6.38%
2026-07-23 06:00:00;4128,01000;4124,64000;4124,22837;4121,72955;4126,08795;4138,66611;4151,35033;4152,70893;4142,72542;4126,38519;4102,45661;4078,42194;4036,28040;15,17072;30,17421;55,57584;4,35839;0,28729;DOWNTREND;;False;;0;;HMA8:DOWN|HMA13:DOWN|HMA21:DOWN;0;3;False;True;8,13,21,144;;8,13,21,144;8,13,116,144;8,13,21,89,144;8,13,21;;8,21,144;;21,144;False;DOWN;0,39000;0.87%;DOWN;-11,71000;26.03%;DOWN;-6,41000;14.25%
2026-07-23 07:00:00;4124,62000;4121,16000;4122,21070;4121,56450;4123,37471;4136,32720;4149,93849;4153,30184;4144,44922;4128,59919;4104,90479;4080,77230;4037,82823;14,82281;28,58882;49,88069;1,81021;0,12212;DOWNTREND;;False;;0;;HMA8:DOWN|HMA13:DOWN|HMA21:DOWN;0;3;False;True;8,13,21,144;;8,13,21,144;8,13,116,144;8,13,21,89,144;8,13,21;;8,13,21;;;False;DOWN;-5,18000;11.52%;DOWN;-6,54000;14.53%;DOWN;-9,21000;20.47%
2026-07-23 08:00:00;4121,08000;4124,02000;4122,36154;4121,29233;4121,66402;4133,93960;4148,34877;4153,73834;4146,01985;4130,68739;4107,25137;4083,06502;4039,36232;14,55547;27,16979;48,31624;1,06921;0,07346;DOWNTREND;;False;;0;;HMA8:UP|HMA13:DOWN|HMA21:DOWN;1;2;False;True;8,13,21,144;;8,13,21,144;8,13,21,116,144;8,13,21,89,144;8,13,21;8,13,21;;8,13,21;;True;UP;-2,73000;6.06%;DOWN;-3,72000;8.26%;DOWN;-10,81000;24.02%
2026-07-23 09:00:00;4124,05000;4118,54000;4120,65628;4120,20116;4120,01076;4131,32160;4146,48094;4153,97139;4147,39797;4132,62961;4109,48494;4085,28872;4040,87293;14,31722;26,08222;51,91382;0,64552;0,04509;DOWNTREND;;False;;0;;HMA8:DOWN|HMA13:DOWN|HMA21:DOWN;0;3;False;True;8,13,21,144;;8,13,21,144;8,13,21,116,144;8,13,21,89,144;8,13,21;;8,13,21;;;False;DOWN;-3,99000;8.86%;DOWN;-3,37000;7.5%;DOWN;-11,56000;25.68%
2026-07-23 10:00:00;4118,68000;4095,40000;4109,72689;4114,18842;4116,02251;4127,18478;4143,83461;4153,71862;4148,38245;4134,29517;4111,51162;4087,37532;4042,32303;15,37813;26,90013;47,41558;6,29562;0,40939;DOWNTREND;;False;;0;;HMA8:DOWN|HMA13:DOWN|HMA21:DOWN;0;3;False;True;8,13,21,144,188;;8,13,21,144,188;8,13,21,116,144;8,13,21,89,144,188;8,13,21;;8,13,21,188;;188;False;DOWN;-13,27000;29.48%;DOWN;-5,35000;11.9%;DOWN;-11,59000;25.75%
2026-07-23 11:00:00;4095,38000;4093,37000;4097,35904;4105,26641;4110,48843;4122,03873;4140,57580;4153,00835;4148,99090;4135,69703;4113,34055;4089,33252;4043,71157;15,04255;27,82074;48,95955;13,12939;0,87282;DOWNTREND;;False;;0;;HMA8:DOWN|HMA13:DOWN|HMA21:DOWN;0;3;False;True;8,13,21,144,188;;8,13,21,144,188;8,13,21,116,144;8,13,21,89,144,188;8,13,21;;;;;False;DOWN;-22,44000;49.87%;DOWN;-10,46000;23.24%;DOWN;-12,56000;27.91%
2026-07-23 12:00:00;4093,22000;4089,84000;4087,82667;4095,76741;4103,85836;4116,22550;4136,76440;4151,86561;4149,22125;4136,83622;4114,97357;4091,16091;4045,03453;14,75023;28,47931;50,21677;16,03169;1,08688;DOWNTREND;;False;;0;;HMA8:DOWN|HMA13:DOWN|HMA21:DOWN;0;3;False;True;8,13,21,144,188,233;;8,13,21,144,188,233;8,13,21,116,144;8,13,21,89,144,188,233;8,13,21;;8,233;;233;False;DOWN;-30,34000;67.43%;DOWN;-16,35000;36.33%;DOWN;-14,02000;31.15%
2026-07-23 13:00:00;4089,79000;4093,14000;4084,41769;4088,96848;4097,69355;4110,47063;4132,68927;4150,40652;4149,14901;4137,75726;4116,44260;4092,88285;4046,30251;14,34807;29,21648;49,78666;13,27586;0,92527;DOWNTREND;;False;;0;;HMA8:DOWN|HMA13:DOWN|HMA21:DOWN;0;3;False;True;8,13,21,144,188,233;;8,13,21,144,188,233;8,13,21,116,144,233;8,13,21,89,144,188,233;8,13,21;13,233;;13,233;;True;DOWN;-32,27000;71.71%;DOWN;-20,74000;46.09%;DOWN;-15,46000;34.36%
2026-07-23 14:00:00;4093,17000;4085,59000;4083,49552;4083,32689;4091,99379;4104,77094;4128,28460;4148,57036;4148,74266;4138,43104;4117,72856;4094,48352;4047,50810;14,80606;30,55424;43,71325;8,66690;0,58536;DOWNTREND;;False;;0;;HMA8:DOWN|HMA13:DOWN|HMA21:DOWN;0;3;False;True;8,13,21,144,188,233;;8,13,21,144,188,233;8,13,21,116,144,233;8,13,21,89,144,188,233;8,13,21;;13,21,233;;233;False;DOWN;-23,89000;53.09%;DOWN;-23,14000;51.42%;DOWN;-15,46000;34.36%
2026-07-23 15:00:00;4085,57000;4061,81000;4073,91461;4074,60879;4084,29607;4098,20960;4123,05251;4146,10727;4147,81815;4138,73677;4118,73938;4095,89697;4048,61983;15,52492;32,27617;37,95098;10,38146;0,66870;DOWNTREND;;False;;0;;HMA8:DOWN|HMA13:DOWN|HMA21:DOWN;0;3;False;True;8,13,21,144,188,233;;8,13,21,144,188,233;8,13,21,116,144,233;8,13,21,89,144,188,233;8,13,21;;8,13,21;;;False;DOWN;-20,68000;45.96%;DOWN;-26,08000;57.95%;DOWN;-16,15000;35.89%
2026-07-23 16:00:00;4061,58000;4043,24000;4056,00231;4061,74857;4073,79137;4090,16330;4116,76518;4142,87893;4146,27738;4138,60063;4119,41926;4097,07972;4049,61581;16,33385;34,49492;30,88036;17,78905;1,08909;DOWNTREND;;False;;0;;HMA8:DOWN|HMA13:DOWN|HMA21:DOWN;0;3;False;True;8,13,21,144,188,233,377;;8,13,21,144,188,233,377;8,13,21,116,144,233;8,13,21,89,144,188,233,377;8,13,21;;8,377;;377;False;DOWN;-25,97000;57.71%;DOWN;-28,15000;62.56%;DOWN;-17,75000;39.45%
2026-07-23 17:00:00;4043,55000;4057,84000;4046,40915;4051,74385;4063,75817;4082,05858;4110,14157;4139,21810;4144,34475;4138,16203;4119,86868;4098,09567;4050,52805;16,71286;36,56698;32,68192;17,34903;1,03806;DOWNTREND;;False;;0;;HMA8:DOWN|HMA13:DOWN|HMA21:DOWN;0;3;False;True;8,13,21,144,188,233,377;;8,13,21,144,188,233,377;8,13,21,116,144,233,377;8,13,21,89,144,188,233,377;8,13,21;8,13,377;;8,13,377;;True;DOWN;-29,62000;65.82%;DOWN;-28,09000;62.42%;DOWN;-19,63000;43.63%
2026-07-23 18:00:00;4057,86000;4048,63000;4042,02157;4043,98670;4054,25172;4073,73063;4103,09435;4135,11399;4142,00698;4137,40540;4120,06788;4098,93118;4051,34878;16,74266;38,49103;34,21671;12,23015;0,73048;DOWNTREND;;False;;0;;HMA8:DOWN|HMA13:DOWN|HMA21:DOWN;0;3;False;True;8,13,21,144,188,233,377;;8,13,21,144,188,233,377;8,13,21,116,144,233,377;8,13,21,89,144,188,233,377;8,13,21;;13,21,377;;377;False;DOWN;-31,77000;70.6%;DOWN;-27,27000;60.6%;DOWN;-21,93000;48.74%
2026-07-23 19:00:00;4049,16000;4051,38000;4042,77267;4039,64524;4046,78601;4065,81908;4095,89632;4130,72027;4139,37375;4136,39171;4120,06002;4099,61325;4052,08967;15,96961;40,27765;32,40004;7,14077;0,44715;DOWNTREND;;False;;0;;HMA8:UP|HMA13:DOWN|HMA21:DOWN;1;2;False;True;8,13,21,144,188,233,377;;8,13,21,144,188,233,377;8,13,21,116,144,233,377;8,13,21,89,144,188,233,377;8,13,21;21,377;;21,377;;True;UP;-25,99000;57.76%;DOWN;-27,24000;60.53%;DOWN;-24,63000;54.74%
2026-07-23 20:00:00;4051,38000;4041,78000;4042,99963;4036,03906;4040,55426;4058,20182;4088,44560;4125,98896;4136,43082;4135,09956;4119,83011;4100,12582;4052,74246;15,75749;42,06753;34,14873;6,96057;0,44173;DOWNTREND;;False;;0;;HMA8:UP|HMA13:DOWN|HMA21:DOWN;1;2;False;True;8,13,21,144,188,233,377;;8,13,21,144,188,233,377;8,13,21,116,144,233,377;8,13,21,89,144,188,233,377;8,13,21;;8,21;;;False;UP;-11,66000;25.9%;DOWN;-26,57000;59.05%;DOWN;-25,59000;56.87%
2026-07-23 21:00:00;4041,75000;4046,02000;4042,62209;4035,38254;4035,80424;4051,38708;4081,12618;4121,06971;4133,28151;4133,60160;4119,42911;4100,50112;4053,32081;15,17339;43,75461;33,68305;7,23955;0,47712;DOWNTREND;;False;;0;;HMA8:DOWN|HMA13:DOWN|HMA21:DOWN;0;3;False;True;8,13,21,144,188,233,377;;8,13,21,144,188,233,377;8,13,21,116,144,233,377;8,13,21,89,144,188,233,377;8,13,21;8;;8;;True;DOWN;-3,57000;7.93%;DOWN;-23,31000;51.8%;DOWN;-26,21000;58.24%
2026-07-23 22:00:00;4046,14000;4049,70000;4044,83437;4037,38663;4033,01433;4045,51396;4074,23359;4116,08724;4130,01896;4131,96109;4118,90412;4100,76748;4053,83772;14,66886;44,90128;34,16138;11,82004;0,80579;UPTREND;REVERSAL_TO_HMA34;False;;0;;HMA8:UP|HMA13:UP|HMA21:DOWN;2;1;True;False;;;;34;;;34;;34;;False;UP;2,74000;6.1%;UP;-15,47000;34.38%;DOWN;-25,78000;57.29%
2026-07-23 23:00:00;4049,87000;4049,12000;4047,07639;4040,17471;4031,81814;4040,64536;4067,84180;4111,10611;4126,68580;4130,19929;4118,27890;4100,93774;4054,29901;13,88823;45,94992;36,81068;15,25824;1,09865;UPTREND;;False;;0;;HMA8:UP|HMA13:UP|HMA21:DOWN;2;1;True;False;;;;34;;;;;;;False;UP;4,43000;9.84%;UP;-7,90000;17.56%;DOWN;-25,38000;56.39%
2026-07-24 01:00:00;4049,87000;4049,55000;4049,03502;4043,04643;4032,20439;4036,78796;4061,95874;4106,19085;4123,33361;4128,34236;4117,57373;4101,02866;4054,71070;13,03764;46,92365;42,58016;16,83063;1,29093;UPTREND;;False;;0;;HMA8:UP|HMA13:UP|HMA21:UP;3;0;True;False;;;;34;;;;;;;False;UP;6,60000;14.67%;UP;-0,69000;1.53%;UP;-24,64000;54.75%
2026-07-24 02:00:00;4049,55000;4047,01000;4049,21211;4044,98796;4033,53503;4033,78882;4056,55602;4101,33470;4119,97763;4126,39570;4116,79457;4101,04615;4055,07497;12,39352;47,91546;41,17015;15,67708;1,26494;UPTREND;;False;;0;;HMA8:UP|HMA13:UP|HMA21:UP;3;0;True;False;;;;34;8;;;8;;8;True;UP;7,57000;16.83%;UP;4,11000;9.13%;UP;-22,27000;49.5%
2026-07-24 03:00:00;4047,17000;4049,84000;4049,19796;4047,04048;4035,71475;4031,73978;4051,71198;4096,58681;4116,66083;4124,40172;4115,97110;4101,00906;4055,40252;12,18827;49,07245;43,55611;13,48322;1,10625;UPTREND;;False;;0;;HMA8:DOWN|HMA13:UP|HMA21:UP;2;1;True;False;8;8;;8,34;8;;8;;8;;False;DOWN;5,11000;11.37%;UP;8,56000;19.01%;UP;-17,35000;38.55%
2026-07-24 04:00:00;4049,74000;4043,62000;4047,17046;4047,24825;4037,47290;4030,23271;4047,24761;4091,89338;4113,31954;4122,33949;4115,09046;4100,90644;4055,68916;12,06411;50,20473;44,70516;9,77535;0,81028;UPTREND;;False;;0;;HMA8:DOWN|HMA13:UP|HMA21:UP;2;1;True;False;8;8;;8,34;8,13,55;;;8,13,55;;8,13,55;True;DOWN;0,11000;0.25%;UP;9,31000;20.69%;UP;-12,29000;27.31%
2026-07-24 05:00:00;4043,68000;4024,47000;4037,16024;4042,12615;4036,75272;4028,15896;4042,62448;4087,02351;4109,79008;4120,09683;4114,08128;4100,68691;4055,91094;13,00953;51,83120;39,92383;5,37343;0,41304;DOWNTREND;REVERSAL_TO_HMA34;False;;2;8,13,21;HMA8:DOWN|HMA13:DOWN|HMA21:DOWN;0;3;False;True;;;;;8,13,21,34,55;8,13,21,34,55;;8,13,21,34,55;;8,13,21,34,55;False;DOWN;-12,85000;28.57%;DOWN;3,47000;7.72%;DOWN;-7,66000;17.02%
2026-07-24 06:00:00;4024,75000;4029,28000;4028,63287;4035,56625;4034,86969;4026,02789;4038,05252;4082,10099;4106,14184;4117,71620;4112,98017;4100,38099;4056,08325;12,83099;53,34150;50,02443;6,93338;0,54036;DOWNTREND;;False;;1;8,13,21;HMA8:DOWN|HMA13:DOWN|HMA21:DOWN;0;3;False;True;;;;8,34;8,13,21,34,55;8,13,21,34,55;8,34;;8,34;;False;DOWN;-21,85000;48.55%;DOWN;-3,43000;7.61%;DOWN;-5,31000;11.79%
2026-07-24 07:00:00;4029,20000;4027,02000;4023,72707;4029,33480;4032,19030;4023,88414;4033,55984;4077,13107;4102,37894;4115,20183;4111,78284;4099,99358;4056,20782;12,25378;54,74392;49,78552;8,46322;0,69066;DOWNTREND;;False;;0;8,13,21;HMA8:DOWN|HMA13:DOWN|HMA21:DOWN;0;3;False;True;8;;8;8,34;8,13,21,34,55;8,13,21,34,55;;8;;;False;DOWN;-27,46000;61.02%;DOWN;-10,56000;23.48%;DOWN;-3,90000;8.68%
2026-07-24 08:00:00;4027,16000;4023,04000;4020,50265;4024,08552;4028,91479;4021,72119;4029,13538;4072,09727;4098,48333;4112,54328;4110,48433;4099,52001;4056,28369;12,10851;56,15749;47,84302;8,41215;0,69473;DOWNTREND;;False;;0;8,13,21;HMA8:DOWN|HMA13:DOWN|HMA21:DOWN;0;3;False;True;8,13,34;;8,13,34;8,34;8,13,21,34,55;8,13,21,34,55;;8,13,34;;;False;DOWN;-28,84000;64.08%;DOWN;-16,05000;35.67%;DOWN;-3,26000;7.24%
2026-07-24 09:00:00;4023,10000;4035,63000;4024,93356;4022,69662;4027,07084;4020,51846;4025,21393;4067,21199;4094,59721;4109,84006;4109,15235;4099,00539;4056,33637;12,38719;56,15807;52,72404;4,37422;0,35312;DOWNTREND;;False;;0;8,13,21;HMA8:UP|HMA13:DOWN|HMA21:DOWN;1;2;False;True;8,13,34;;8,13,34;8,13,21,34,55;8,13,21,34,55;8,13,21,34,55;8,13,21,55;;8,13,21,55;;True;UP;-13,86000;30.8%;DOWN;-18,14000;40.3%;DOWN;-2,75000;6.1%
2026-07-24 10:00:00;4035,71000;4048,37000;4036,08120;4027,11052;4027,69691;4020,92039;4022,17726;4062,66636;4090,85259;4107,18039;4107,85055;4098,49548;4056,39076;12,83096;53,95945;56,22216;8,97068;0,69914;UPTREND;REVERSAL_TO_HMA8;False;;0;8;HMA8:UP|HMA13:UP|HMA21:UP;3;0;True;False;;;;8;;8;8;;8;;False;UP;8,26000;18.35%;UP;-14,66000;32.58%;UP;-1,84000;4.09%
2026-07-24 11:00:00;4048,46000;4057,51000;4049,81004;4036,73932;4031,07675;4022,91653;4020,25327;4058,57719;4087,33597;4104,62395;4106,61705;4098,01990;4056,46426;12,88160;51,31882;51,93858;18,73329;1,45427;UPTREND;ADVANCE_HMA377;False;;0;8;HMA8:UP|HMA13:UP|HMA21:UP;3;0;True;False;377;377;;8,377;;8,377;8,377;;377;;False;UP;26,85000;59.66%;UP;-3,99000;8.86%;UP;-0,50000;1.11%
2026-07-24 12:00:00;4057,65000;4059,77000;4060,98631;4047,62798;4036,37065;4026,16017;4019,41288;4054,94924;4084,06098;4102,18434;4105,45650;4097,58433;4056,56058;12,60149;48,61834;50,17813;24,61567;1,95339;UPTREND;ADVANCE_HMA89;False;;0;8;HMA8:UP|HMA13:UP|HMA21:UP;3;0;True;False;8,89;8,89;;8,89,377;;8,377;8,89;;89;;False;UP;38,77000;86.16%;UP;9,06000;20.14%;UP;1,29000;2.86%
2026-07-24 13:00:00;4059,88000;4060,05000;4066,14580;4057,08565;4042,35830;4030,14776;4019,49466;4051,76449;4081,01648;4099,86240;4104,36587;4097,18561;4056,67872;12,17924;45,74644;46,89153;23,78750;1,95312;UPTREND;;False;;0;8;HMA8:UP|HMA13:UP|HMA21:UP;3;0;True;False;8,89;8,89;;8,89,377;;8,377;;;;;False;UP;40,23000;89.4%;UP;20,79000;46.21%;UP;3,12000;6.94%
2026-07-24 14:00:00;4060,17000;4057,67000;4065,54622;4063,28749;4048,05352;4034,24777;4020,27767;4048,95655;4078,16953;4097,64078;4103,33002;4096,81306;4056,81460;12,16858;43,61762;49,00835;17,49271;1,43753;UPTREND;;False;;0;8;HMA8:DOWN|HMA13:UP|HMA21:UP;2;1;True;False;8,89;8,89;;8,89,377;13;8,377;;13;;13;True;DOWN;31,19000;69.31%;UP;28,23000;62.74%;UP;4,97000;11.04%
2026-07-24 15:00:00;4058,05000;4056,06000;4061,85531;4065,74584;4053,00271;4038,06058;4021,54200;4046,46352;4075,49120;4095,50569;4102,33860;4096,45965;4056,96479;11,90297;41,64085;50,58200;12,74313;1,07058;UPTREND;;False;;0;8;HMA8:DOWN|HMA13:UP|HMA21:UP;2;1;True;False;8,89;8,89;;8,89,377;13,377;8,377;;377;;377;True;DOWN;14,20000;31.55%;UP;31,08000;69.07%;UP;7,77000;17.28%
2026-07-24 16:00:00;4056,17000;4067,58000;4062,66565;4067,77574;4058,22426;4042,13333;4023,42262;4044,40591;4073,06082;4093,52853;4101,44040;4096,16074;4057,14708;12,76276;38,78153;50,93982;9,55149;0,74839;UPTREND;;False;;0;8;HMA8:UP|HMA13:UP|HMA21:UP;3;0;True;False;8,13,21,89,377;8,13,21,89,377;;8,13,21,89,377;13,377;8,13,21,377;8,13,21,377;;13,21;;False;UP;1,88000;4.19%;UP;27,97000;62.16%;UP;10,37000;23.04%
2026-07-24 17:00:00;4067,44000;4063,26000;4064,17969;4068,44313;4062,76557;4046,08381;4025,62807;4042,67341;4070,80905;4091,66934;4100,60926;4095,89715;4057,35231;12,85470;36,04467;50,82201;5,67756;0,44167;UPTREND;;False;;0;8;HMA8:UP|HMA13:UP|HMA21:UP;3;0;True;False;8,13,21,89,377;8,13,21,89,377;;8,13,21,89,377;8,13,377;8,13,21,377;;8;;8;True;UP;-2,19000;4.87%;UP;22,35000;49.66%;UP;13,38000;29.73%
2026-07-24 18:00:00;4063,27000;4077,32000;4070,25283;4071,31061;4067,89580;4050,64391;4028,44690;4041,39757;4068,83918;4089,99547;4099,90021;4095,71033;4057,60129;13,37865;34,68490;44,29316;3,41481;0,25524;UPTREND;ADVANCE_HMA116;False;;0;8;HMA8:UP|HMA13:UP|HMA21:UP;3;0;True;False;8,13,21,116,377;8,13,21,116,377;;8,13,21,89,116,377;8,13,377;8,13,21,377;8,13,21,116;;116;;False;UP;5,03000;11.17%;UP;16,44000;36.53%;UP;16,24000;36.1%
2026-07-24 19:00:00;4077,35000;4066,97000;4073,00511;4072,73188;4071,64017;4055,00367;4031,48062;4040,37526;4067,00968;4088,41365;4099,24587;4095,56076;4057,87519;13,42232;33,42225;42,00784;1,36494;0,10169;UPTREND;;False;;0;8;HMA8:UP|HMA13:UP|HMA21:UP;3;0;True;False;8,13,21,116,377;8,13,21,116,377;;8,13,21,89,116,377;8,13,21,116,377;8,13,21,377;;8,13,21,116;;8,13,21,116;True;UP;11,73000;26.07%;UP;10,99000;24.43%;UP;18,37000;40.82%
2026-07-24 20:00:00;4067,00000;4063,35000;4070,04826;4072,36186;4073,44199;4058,85114;4034,55162;4039,52892;4065,26266;4086,87839;4098,61494;4095,43241;4058,16728;12,95358;32,09239;41,23989;3,39373;0,26199;DOWNTREND;REVERSAL_TO_HMA116;False;;0;;HMA8:DOWN|HMA13:DOWN|HMA21:UP;1;2;False;True;;;;;116;116;;116;;116;False;DOWN;8,11000;18.02%;DOWN;6,66000;14.8%;UP;19,45000;43.22%
2026-07-24 21:00:00;4063,55000;4054,45000;4062,95663;4068,49401;4072,79605;4061,63671;4037,34742;4038,72867;4063,50767;4085,31275;4097,95354;4095,28898;4058,46279;12,98118;30,11003;43,02302;9,83942;0,75798;DOWNTREND;ADVANCE_HMA377;False;;0;;HMA8:DOWN|HMA13:DOWN|HMA21:DOWN;0;3;False;True;8,34,377;;8,34,377;;8,34,116,377;8,116;;8,34,116,377;;8,34,377;False;DOWN;-1,35000;3.0%;DOWN;2,02000;4.49%;DOWN;17,82000;39.59%
